equipment_class,equipment_id,terminal,original_bus,reduced_bus
capacitor,capbank2a,bus,r20185,l2823592
capacitor,capbank2b,bus,r20185,l2823592
capacitor,capbank2c,bus,r20185,l2823592
capacitor,capbank1a,bus,r42247,q16483
capacitor,capbank1b,bus,r42247,q16483
capacitor,capbank1c,bus,r42247,q16483
capacitor,capbank0a,bus,r42246,q16642
capacitor,capbank0b,bus,r42246,q16642
capacitor,capbank0c,bus,r42246,q16642
capacitor,capbank3,bus,r18242,m1069135
transformer,hvmv_sub,from,hvmv_sub_hsb,hvmv_sub_hsb
transformer,hvmv_sub,to,regxfmr_hvmv_sub_lsb,regxfmr_hvmv_sub_lsb
transformer,feeder_rega,from,regxfmr_hvmv_sub_lsb,regxfmr_hvmv_sub_lsb
transformer,feeder_rega,to,_hvmv_sub_lsb,_hvmv_sub_lsb
transformer,feeder_regb,from,regxfmr_hvmv_sub_lsb,regxfmr_hvmv_sub_lsb
transformer,feeder_regb,to,_hvmv_sub_lsb,_hvmv_sub_lsb
transformer,feeder_regc,from,regxfmr_hvmv_sub_lsb,regxfmr_hvmv_sub_lsb
transformer,feeder_regc,to,_hvmv_sub_lsb,_hvmv_sub_lsb
transformer,t21396254a,from,l2804253,l2804253
transformer,t21396254a,to,x2804253a,x2804253a
transformer,t21396254a,from,l2804253,l2804253
transformer,t21396254a,to,x2804253a,x2804253a
transformer,t5321859b,from,l3254213,l3254213
transformer,t5321859b,to,x3254213b,x3254213b
transformer,t5321859b,from,l3254213,l3254213
transformer,t5321859b,to,x3254213b,x3254213b
transformer,t5391741b,from,l3216339,l3216339
transformer,t5391741b,to,x3216339b,x3216339b
transformer,t5391741b,from,l3216339,l3216339
transformer,t5391741b,to,x3216339b,x3216339b
transformer,t5293672a,from,l2954355,l2954355
transformer,t5293672a,to,x2954355a,x2954355a
transformer,t5293672a,from,l2954355,l2954355
transformer,t5293672a,to,x2954355a,x2954355a
transformer,t21474711c,from,l2861197,l2861197
transformer,t21474711c,to,x2861197c,x2861197c
transformer,t21474711c,from,l2861197,l2861197
transformer,t21474711c,to,x2861197c,x2861197c
transformer,t5260488a,from,l2842379,l2842379
transformer,t5260488a,to,x2842379a,x2842379a
transformer,t5260488a,from,l2842379,l2842379
transformer,t5260488a,to,x2842379a,x2842379a
transformer,t5391758b,from,l2841636,l2841636
transformer,t5391758b,to,x2841636b,x2841636b
transformer,t5391758b,from,l2841636,l2841636
transformer,t5391758b,to,x2841636b,x2841636b
transformer,t228091193a,from,l3047289,l3047289
transformer,t228091193a,to,x3047289a,x3047289a
transformer,t228091193a,from,l3047289,l3047289
transformer,t228091193a,to,x3047289a,x3047289a
transformer,t228091193b,from,l3047289,l3047289
transformer,t228091193b,to,x3047289b,x3047289b
transformer,t228091193b,from,l3047289,l3047289
transformer,t228091193b,to,x3047289b,x3047289b
transformer,t228091193c,from,l3047289,l3047289
transformer,t228091193c,to,x3047289c,x3047289c
transformer,t228091193c,from,l3047289,l3047289
transformer,t228091193c,to,x3047289c,x3047289c
transformer,t5302862c,from,l3085399,l3085399
transformer,t5302862c,to,x3085399c,x3085399c
transformer,t5302862c,from,l3085399,l3085399
transformer,t5302862c,to,x3085399c,x3085399c
transformer,t21236413b,from,l3085391,l3085391
transformer,t21236413b,to,x3085391b,x3085391b
transformer,t21236413b,from,l3085391,l3085391
transformer,t21236413b,to,x3085391b,x3085391b
transformer,t5302468a,from,l2897778,l2897778
transformer,t5302468a,to,x2897778a,x2897778a
transformer,t5302468a,from,l2897778,l2897778
transformer,t5302468a,to,x2897778a,x2897778a
transformer,t5294787a,from,l3197647,l3197647
transformer,t5294787a,to,x3197647a,x3197647a
transformer,t5294787a,from,l3197647,l3197647
transformer,t5294787a,to,x3197647a,x3197647a
transformer,t5157715b,from,l2936275,l2936275
transformer,t5157715b,to,x2936275b,x2936275b
transformer,t5157715b,from,l2936275,l2936275
transformer,t5157715b,to,x2936275b,x2936275b
transformer,t5355768b,from,l2729408,l2729408
transformer,t5355768b,to,x2729408b,x2729408b
transformer,t5355768b,from,l2729408,l2729408
transformer,t5355768b,to,x2729408b,x2729408b
transformer,t5138562a,from,l2673310,l2673310
transformer,t5138562a,to,x2673310a,x2673310a
transformer,t5138562a,from,l2673310,l2673310
transformer,t5138562a,to,x2673310a,x2673310a
transformer,t5355934a,from,l3048212,l3048212
transformer,t5355934a,to,x3048212a,x3048212a
transformer,t5355934a,from,l3048212,l3048212
transformer,t5355934a,to,x3048212a,x3048212a
transformer,t5293483a,from,l3104133,l3104133
transformer,t5293483a,to,x3104133a,x3104133a
transformer,t5293483a,from,l3104133,l3104133
transformer,t5293483a,to,x3104133a,x3104133a
transformer,t21399762a,from,l2879087,l2879087
transformer,t21399762a,to,x2879087a,x2879087a
transformer,t21399762a,from,l2879087,l2879087
transformer,t21399762a,to,x2879087a,x2879087a
transformer,t5138650c,from,l2710510,l2710510
transformer,t5138650c,to,x2710510c,x2710510c
transformer,t5138650c,from,l2710510,l2710510
transformer,t5138650c,to,x2710510c,x2710510c
transformer,t5323242b,from,l3122810,l3122810
transformer,t5323242b,to,x3122810b,x3122810b
transformer,t5323242b,from,l3122810,l3122810
transformer,t5323242b,to,x3122810b,x3122810b
transformer,t28127090c,from,l2954352,l2954352
transformer,t28127090c,to,x2954352c,x2954352c
transformer,t28127090c,from,l2954352,l2954352
transformer,t28127090c,to,x2954352c,x2954352c
transformer,t5138769a,from,l2729411,l2729411
transformer,t5138769a,to,x2729411a,x2729411a
transformer,t5138769a,from,l2729411,l2729411
transformer,t5138769a,to,x2729411a,x2729411a
transformer,t5338896a,from,l3178971,l3178971
transformer,t5338896a,to,x3178971a,x3178971a
transformer,t5338896a,from,l3178971,l3178971
transformer,t5338896a,to,x3178971a,x3178971a
transformer,t5355586b,from,l3254234,l3254234
transformer,t5355586b,to,x3254234b,x3254234b
transformer,t5355586b,from,l3254234,l3254234
transformer,t5355586b,to,x3254234b,x3254234b
transformer,t5293471a,from,293471,293471
transformer,t5293471a,to,x_293471a,x_293471a
transformer,t5293471a,from,293471,293471
transformer,t5293471a,to,x_293471a,x_293471a
transformer,t5293471b,from,293471,293471
transformer,t5293471b,to,x_293471b,x_293471b
transformer,t5293471b,from,293471,293471
transformer,t5293471b,to,x_293471b,x_293471b
transformer,t5293471c,from,293471,293471
transformer,t5293471c,to,x_293471c,x_293471c
transformer,t5293471c,from,293471,293471
transformer,t5293471c,to,x_293471c,x_293471c
transformer,t5338954a,from,l2860482,l2860482
transformer,t5338954a,to,x2860482a,x2860482a
transformer,t5338954a,from,l2860482,l2860482
transformer,t5338954a,to,x2860482a,x2860482a
transformer,t21459629c,from,l2763811,l2763811
transformer,t21459629c,to,x2763811c,x2763811c
transformer,t21459629c,from,l2763811,l2763811
transformer,t21459629c,to,x2763811c,x2763811c
transformer,t5260562a,from,l3251799,l3251799
transformer,t5260562a,to,x3251799a,x3251799a
transformer,t5260562a,from,l3251799,l3251799
transformer,t5260562a,to,x3251799a,x3251799a
transformer,t21393486c,from,l2898526,l2898526
transformer,t21393486c,to,x2898526c,x2898526c
transformer,t21393486c,from,l2898526,l2898526
transformer,t21393486c,to,x2898526c,x2898526c
transformer,t5293518b,from,l2897780,l2897780
transformer,t5293518b,to,x2897780b,x2897780b
transformer,t5293518b,from,l2897780,l2897780
transformer,t5293518b,to,x2897780b,x2897780b
transformer,t226195194c,from,l3027124,l3027124
transformer,t226195194c,to,x3027124c,x3027124c
transformer,t226195194c,from,l3027124,l3027124
transformer,t226195194c,to,x3027124c,x3027124c
transformer,t21383494b,from,l2954361,l2954361
transformer,t21383494b,to,x2954361b,x2954361b
transformer,t21383494b,from,l2954361,l2954361
transformer,t21383494b,to,x2954361b,x2954361b
transformer,t5251863c,from,l2745811,l2745811
transformer,t5251863c,to,x2745811c,x2745811c
transformer,t5251863c,from,l2745811,l2745811
transformer,t5251863c,to,x2745811c,x2745811c
transformer,t5293645a,from,l2841633,l2841633
transformer,t5293645a,to,x2841633a,x2841633a
transformer,t5293645a,from,l2841633,l2841633
transformer,t5293645a,to,x2841633a,x2841633a
transformer,t21482431a,from,l2917359,l2917359
transformer,t21482431a,to,x2917359a,x2917359a
transformer,t21482431a,from,l2917359,l2917359
transformer,t21482431a,to,x2917359a,x2917359a
transformer,t5293480a,from,l2748158,l2748158
transformer,t5293480a,to,x2748158a,x2748158a
transformer,t5293480a,from,l2748158,l2748158
transformer,t5293480a,to,x2748158a,x2748158a
transformer,t21469911a,from,l2955047,l2955047
transformer,t21469911a,to,x2955047a,x2955047a
transformer,t21469911a,from,l2955047,l2955047
transformer,t21469911a,to,x2955047a,x2955047a
transformer,t5355432c,from,l3122837,l3122837
transformer,t5355432c,to,x3122837c,x3122837c
transformer,t5355432c,from,l3122837,l3122837
transformer,t5355432c,to,x3122837c,x3122837c
transformer,t5323285b,from,l2804269,l2804269
transformer,t5323285b,to,x2804269b,x2804269b
transformer,t5323285b,from,l2804269,l2804269
transformer,t5323285b,to,x2804269b,x2804269b
transformer,t226192954c,from,l3157708,l3157708
transformer,t226192954c,to,x3157708c,x3157708c
transformer,t226192954c,from,l3157708,l3157708
transformer,t226192954c,to,x3157708c,x3157708c
transformer,t5207292c,from,l3179682,l3179682
transformer,t5207292c,to,x3179682c,x3179682c
transformer,t5207292c,from,l3179682,l3179682
transformer,t5207292c,to,x3179682c,x3179682c
transformer,t5337672b,from,l2822877,l2822877
transformer,t5337672b,to,x2822877b,x2822877b
transformer,t5337672b,from,l2822877,l2822877
transformer,t5337672b,to,x2822877b,x2822877b
transformer,t5442373c,from,l3141393,l3141393
transformer,t5442373c,to,x3141393c,x3141393c
transformer,t5442373c,from,l3141393,l3141393
transformer,t5442373c,to,x3141393c,x3141393c
transformer,t21470405a,from,l2897801,l2897801
transformer,t21470405a,to,x2897801a,x2897801a
transformer,t21470405a,from,l2897801,l2897801
transformer,t21470405a,to,x2897801a,x2897801a
transformer,t5218474a,from,l3217056,l3217056
transformer,t5218474a,to,x3217056a,x3217056a
transformer,t5218474a,from,l3217056,l3217056
transformer,t5218474a,to,x3217056a,x3217056a
transformer,t5218472a,from,l2936270,l2936270
transformer,t5218472a,to,x2936270a,x2936270a
transformer,t5218472a,from,l2936270,l2936270
transformer,t5218472a,to,x2936270a,x2936270a
transformer,t5356014a,from,l3235249,l3235249
transformer,t5356014a,to,x3235249a,x3235249a
transformer,t5356014a,from,l3235249,l3235249
transformer,t5356014a,to,x3235249a,x3235249a
transformer,t5260528c,from,l3217052,l3217052
transformer,t5260528c,to,x3217052c,x3217052c
transformer,t5260528c,from,l3217052,l3217052
transformer,t5260528c,to,x3217052c,x3217052c
transformer,t5355933a,from,l2916598,l2916598
transformer,t5355933a,to,x2916598a,x2916598a
transformer,t5355933a,from,l2916598,l2916598
transformer,t5355933a,to,x2916598a,x2916598a
transformer,t5138649a,from,l3048206,l3048206
transformer,t5138649a,to,x3048206a,x3048206a
transformer,t5138649a,from,l3048206,l3048206
transformer,t5138649a,to,x3048206a,x3048206a
transformer,t5391978c,from,l3141402,l3141402
transformer,t5391978c,to,x3141402c,x3141402c
transformer,t5391978c,from,l3141402,l3141402
transformer,t5391978c,to,x3141402c,x3141402c
transformer,t5138642a,from,l3235256,l3235256
transformer,t5138642a,to,x3235256a,x3235256a
transformer,t5138642a,from,l3235256,l3235256
transformer,t5138642a,to,x3235256a,x3235256a
transformer,t21149420a,from,l3178973,l3178973
transformer,t21149420a,to,x3178973a,x3178973a
transformer,t21149420a,from,l3178973,l3178973
transformer,t21149420a,to,x3178973a,x3178973a
transformer,t21382992a,from,l3197654,l3197654
transformer,t21382992a,to,x3197654a,x3197654a
transformer,t21382992a,from,l3197654,l3197654
transformer,t21382992a,to,x3197654a,x3197654a
transformer,t5338958c,from,l3066809,l3066809
transformer,t5338958c,to,x3066809c,x3066809c
transformer,t5338958c,from,l3066809,l3066809
transformer,t5338958c,to,x3066809c,x3066809c
transformer,t5355585b,from,l2766742,l2766742
transformer,t5355585b,to,x2766742b,x2766742b
transformer,t5355585b,from,l2766742,l2766742
transformer,t5355585b,to,x2766742b,x2766742b
transformer,t5338900a,from,l2991908,l2991908
transformer,t5338900a,to,x2991908a,x2991908a
transformer,t5338900a,from,l2991908,l2991908
transformer,t5338900a,to,x2991908a,x2991908a
transformer,t5323389b,from,l3065750,l3065750
transformer,t5323389b,to,x3065750b,x3065750b
transformer,t5323389b,from,l3065750,l3065750
transformer,t5323389b,to,x3065750b,x3065750b
transformer,t28127253a,from,l3085401,l3085401
transformer,t28127253a,to,x3085401a,x3085401a
transformer,t28127253a,from,l3085401,l3085401
transformer,t28127253a,to,x3085401a,x3085401a
transformer,t21397067a,from,l2729413,l2729413
transformer,t21397067a,to,x2729413a,x2729413a
transformer,t21397067a,from,l2729413,l2729413
transformer,t21397067a,to,x2729413a,x2729413a
transformer,t5260520b,from,l3254915,l3254915
transformer,t5260520b,to,x3254915b,x3254915b
transformer,t5260520b,from,l3254915,l3254915
transformer,t5260520b,to,x3254915b,x3254915b
transformer,t5323250b,from,l2748131,l2748131
transformer,t5323250b,to,x2748131b,x2748131b
transformer,t5323250b,from,l2748131,l2748131
transformer,t5323250b,to,x2748131b,x2748131b
transformer,t5337659c,from,l3066810,l3066810
transformer,t5337659c,to,x3066810c,x3066810c
transformer,t5337659c,from,l3066810,l3066810
transformer,t5337659c,to,x3066810c,x3066810c
transformer,t28118903b,from,l2973146,l2973146
transformer,t28118903b,to,x2973146b,x2973146b
transformer,t28118903b,from,l2973146,l2973146
transformer,t28118903b,to,x2973146b,x2973146b
transformer,t21398646b,from,l2973180,l2973180
transformer,t21398646b,to,x2973180b,x2973180b
transformer,t21398646b,from,l2973180,l2973180
transformer,t21398646b,to,x2973180b,x2973180b
transformer,t5293656b,from,l2973167,l2973167
transformer,t5293656b,to,x2973167b,x2973167b
transformer,t5293656b,from,l2973167,l2973167
transformer,t5293656b,to,x2973167b,x2973167b
transformer,t5338910c,from,l2841621,l2841621
transformer,t5338910c,to,x2841621c,x2841621c
transformer,t5338910c,from,l2841621,l2841621
transformer,t5338910c,to,x2841621c,x2841621c
transformer,t28129923c,from,l3123509,l3123509
transformer,t28129923c,to,x3123509c,x3123509c
transformer,t28129923c,from,l3123509,l3123509
transformer,t28129923c,to,x3123509c,x3123509c
transformer,t5337716a,from,l2841627,l2841627
transformer,t5337716a,to,x2841627a,x2841627a
transformer,t5337716a,from,l2841627,l2841627
transformer,t5337716a,to,x2841627a,x2841627a
transformer,t5337698b,from,l3235250,l3235250
transformer,t5337698b,to,x3235250b,x3235250b
transformer,t5337698b,from,l3235250,l3235250
transformer,t5337698b,to,x3235250b,x3235250b
transformer,t2224386946a,from,l3728037,l3728037
transformer,t2224386946a,to,x3728037a,x3728037a
transformer,t2224386946a,from,l3728037,l3728037
transformer,t2224386946a,to,x3728037a,x3728037a
transformer,t5330121b,from,l3142078,l3142078
transformer,t5330121b,to,x3142078b,x3142078b
transformer,t5330121b,from,l3142078,l3142078
transformer,t5330121b,to,x3142078b,x3142078b
transformer,t5323252b,from,l2879066,l2879066
transformer,t5323252b,to,x2879066b,x2879066b
transformer,t5323252b,from,l2879066,l2879066
transformer,t5323252b,to,x2879066b,x2879066b
transformer,t5441331c,from,l3235254,l3235254
transformer,t5441331c,to,x3235254c,x3235254c
transformer,t5441331c,from,l3235254,l3235254
transformer,t5441331c,to,x3235254c,x3235254c
transformer,t5260474a,from,l2917330,l2917330
transformer,t5260474a,to,x2917330a,x2917330a
transformer,t5260474a,from,l2917330,l2917330
transformer,t5260474a,to,x2917330a,x2917330a
transformer,t5355376b,from,l2914323,l2914323
transformer,t5355376b,to,x2914323b,x2914323b
transformer,t5355376b,from,l2914323,l2914323
transformer,t5355376b,to,x2914323b,x2914323b
transformer,t5338944c,from,l3197640,l3197640
transformer,t5338944c,to,x3197640c,x3197640c
transformer,t5338944c,from,l3197640,l3197640
transformer,t5338944c,to,x3197640c,x3197640c
transformer,t5260640c,from,l3179673,l3179673
transformer,t5260640c,to,x3179673c,x3179673c
transformer,t5260640c,from,l3179673,l3179673
transformer,t5260640c,to,x3179673c,x3179673c
transformer,t5274997c,from,l3048228,l3048228
transformer,t5274997c,to,x3048228c,x3048228c
transformer,t5274997c,from,l3048228,l3048228
transformer,t5274997c,to,x3048228c,x3048228c
transformer,t5138372c,from,l3104126,l3104126
transformer,t5138372c,to,x3104126c,x3104126c
transformer,t5138372c,from,l3104126,l3104126
transformer,t5138372c,to,x3104126c,x3104126c
transformer,t226308721a,from,l2990098,l2990098
transformer,t226308721a,to,x2990098a,x2990098a
transformer,t226308721a,from,l2990098,l2990098
transformer,t226308721a,to,x2990098a,x2990098a
transformer,t21380616a,from,l2879067,l2879067
transformer,t21380616a,to,x2879067a,x2879067a
transformer,t21380616a,from,l2879067,l2879067
transformer,t21380616a,to,x2879067a,x2879067a
transformer,t226193170a,from,l3176656,l3176656
transformer,t226193170a,to,x3176656a,x3176656a
transformer,t226193170a,from,l3176656,l3176656
transformer,t226193170a,to,x3176656a,x3176656a
transformer,t5293666c,from,l2710532,l2710532
transformer,t5293666c,to,x2710532c,x2710532c
transformer,t5293666c,from,l2710532,l2710532
transformer,t5293666c,to,x2710532c,x2710532c
transformer,t5338994b,from,l3160115,l3160115
transformer,t5338994b,to,x3160115b,x3160115b
transformer,t5338994b,from,l3160115,l3160115
transformer,t5338994b,to,x3160115b,x3160115b
transformer,t228665517c,from,l3103822,l3103822
transformer,t228665517c,to,x3103822c,x3103822c
transformer,t228665517c,from,l3103822,l3103822
transformer,t228665517c,to,x3103822c,x3103822c
transformer,t5260647a,from,l2805034,l2805034
transformer,t5260647a,to,x2805034a,x2805034a
transformer,t5260647a,from,l2805034,l2805034
transformer,t5260647a,to,x2805034a,x2805034a
transformer,t226115278a,from,l3157167,l3157167
transformer,t226115278a,to,x3157167a,x3157167a
transformer,t226115278a,from,l3157167,l3157167
transformer,t226115278a,to,x3157167a,x3157167a
transformer,t5338977a,from,l2916620,l2916620
transformer,t5338977a,to,x2916620a,x2916620a
transformer,t5338977a,from,l2916620,l2916620
transformer,t5338977a,to,x2916620a,x2916620a
transformer,t5338977b,from,l2916620,l2916620
transformer,t5338977b,to,x2916620b,x2916620b
transformer,t5338977b,from,l2916620,l2916620
transformer,t5338977b,to,x2916620b,x2916620b
transformer,t5338977c,from,l2916620,l2916620
transformer,t5338977c,to,x2916620c,x2916620c
transformer,t5338977c,from,l2916620,l2916620
transformer,t5338977c,to,x2916620c,x2916620c
transformer,t5321876a,from,l3027132,l3027132
transformer,t5321876a,to,x3027132a,x3027132a
transformer,t5321876a,from,l3027132,l3027132
transformer,t5321876a,to,x3027132a,x3027132a
transformer,t5275001c,from,l2822862,l2822862
transformer,t5275001c,to,x2822862c,x2822862c
transformer,t5275001c,from,l2822862,l2822862
transformer,t5275001c,to,x2822862c,x2822862c
transformer,t227411650c,from,l2937757,l2937757
transformer,t227411650c,to,x2937757c,x2937757c
transformer,t227411650c,from,l2937757,l2937757
transformer,t227411650c,to,x2937757c,x2937757c
transformer,t21396699b,from,l2860483,l2860483
transformer,t21396699b,to,x2860483b,x2860483b
transformer,t21396699b,from,l2860483,l2860483
transformer,t21396699b,to,x2860483b,x2860483b
transformer,t5302412a,from,l3048210,l3048210
transformer,t5302412a,to,x3048210a,x3048210a
transformer,t5302412a,from,l3048210,l3048210
transformer,t5302412a,to,x3048210a,x3048210a
transformer,t2223661373a,from,l3312692,l3312692
transformer,t2223661373a,to,x3312692a,x3312692a
transformer,t2223661373a,from,l3312692,l3312692
transformer,t2223661373a,to,x3312692a,x3312692a
transformer,t226881700a,from,l3251854,l3251854
transformer,t226881700a,to,x3251854a,x3251854a
transformer,t226881700a,from,l3251854,l3251854
transformer,t226881700a,to,x3251854a,x3251854a
transformer,t5355777b,from,l3085398,l3085398
transformer,t5355777b,to,x3085398b,x3085398b
transformer,t5355777b,from,l3085398,l3085398
transformer,t5355777b,to,x3085398b,x3085398b
transformer,t5337671a,from,l3254207,l3254207
transformer,t5337671a,to,x3254207a,x3254207a
transformer,t5337671a,from,l3254207,l3254207
transformer,t5337671a,to,x3254207a,x3254207a
transformer,t5339018a,from,l2729424,l2729424
transformer,t5339018a,to,x2729424a,x2729424a
transformer,t5339018a,from,l2729424,l2729424
transformer,t5339018a,to,x2729424a,x2729424a
transformer,t21398676a,from,l3066816,l3066816
transformer,t21398676a,to,x3066816a,x3066816a
transformer,t21398676a,from,l3066816,l3066816
transformer,t21398676a,to,x3066816a,x3066816a
transformer,t5138469c,from,l2785518,l2785518
transformer,t5138469c,to,x2785518c,x2785518c
transformer,t5138469c,from,l2785518,l2785518
transformer,t5138469c,to,x2785518c,x2785518c
transformer,t5138373c,from,l3029503,l3029503
transformer,t5138373c,to,x3029503c,x3029503c
transformer,t5138373c,from,l3029503,l3029503
transformer,t5138373c,to,x3029503c,x3029503c
transformer,t5391995a,from,l2748140,l2748140
transformer,t5391995a,to,x2748140a,x2748140a
transformer,t5391995a,from,l2748140,l2748140
transformer,t5391995a,to,x2748140a,x2748140a
transformer,t225533423c,from,l2891575,l2891575
transformer,t225533423c,to,x2891575c,x2891575c
transformer,t225533423c,from,l2891575,l2891575
transformer,t225533423c,to,x2891575c,x2891575c
transformer,t5260568c,from,l2842329,l2842329
transformer,t5260568c,to,x2842329c,x2842329c
transformer,t5260568c,from,l2842329,l2842329
transformer,t5260568c,to,x2842329c,x2842329c
transformer,t5138754b,from,l3254212,l3254212
transformer,t5138754b,to,x3254212b,x3254212b
transformer,t5138754b,from,l3254212,l3254212
transformer,t5138754b,to,x3254212b,x3254212b
transformer,t5260552a,from,l3198348,l3198348
transformer,t5260552a,to,x3198348a,x3198348a
transformer,t5260552a,from,l3198348,l3198348
transformer,t5260552a,to,x3198348a,x3198348a
transformer,t5338968c,from,l3178979,l3178979
transformer,t5338968c,to,x3178979c,x3178979c
transformer,t5338968c,from,l3178979,l3178979
transformer,t5338968c,to,x3178979c,x3178979c
transformer,t5247061a,from,l2879054,l2879054
transformer,t5247061a,to,x2879054a,x2879054a
transformer,t5247061a,from,l2879054,l2879054
transformer,t5247061a,to,x2879054a,x2879054a
transformer,t5391746b,from,l3085388,l3085388
transformer,t5391746b,to,x3085388b,x3085388b
transformer,t5391746b,from,l3085388,l3085388
transformer,t5391746b,to,x3085388b,x3085388b
transformer,t5338941c,from,l2991914,l2991914
transformer,t5338941c,to,x2991914c,x2991914c
transformer,t5338941c,from,l2991914,l2991914
transformer,t5338941c,to,x2991914c,x2991914c
transformer,t5338982b,from,l2785534,l2785534
transformer,t5338982b,to,x2785534b,x2785534b
transformer,t5338982b,from,l2785534,l2785534
transformer,t5338982b,to,x2785534b,x2785534b
transformer,t5339008b,from,l3122835,l3122835
transformer,t5339008b,to,x3122835b,x3122835b
transformer,t5339008b,from,l3122835,l3122835
transformer,t5339008b,to,x3122835b,x3122835b
transformer,t21391094a,from,l3085395,l3085395
transformer,t21391094a,to,x3085395a,x3085395a
transformer,t21391094a,from,l3085395,l3085395
transformer,t21391094a,to,x3085395a,x3085395a
transformer,t5138581a,from,l2879064,l2879064
transformer,t5138581a,to,x2879064a,x2879064a
transformer,t5138581a,from,l2879064,l2879064
transformer,t5138581a,to,x2879064a,x2879064a
transformer,t5338979b,from,l3066814,l3066814
transformer,t5338979b,to,x3066814b,x3066814b
transformer,t5338979b,from,l3066814,l3066814
transformer,t5338979b,to,x3066814b,x3066814b
transformer,t226308720a,from,l2821087,l2821087
transformer,t226308720a,to,x2821087a,x2821087a
transformer,t226308720a,from,l2821087,l2821087
transformer,t226308720a,to,x2821087a,x2821087a
transformer,t5355595b,from,l2860479,l2860479
transformer,t5355595b,to,x2860479b,x2860479b
transformer,t5355595b,from,l2860479,l2860479
transformer,t5355595b,to,x2860479b,x2860479b
transformer,t2224387113a,from,l3728042,l3728042
transformer,t2224387113a,to,x3728042a,x3728042a
transformer,t2224387113a,from,l3728042,l3728042
transformer,t2224387113a,to,x3728042a,x3728042a
transformer,t21397005a,from,l2935557,l2935557
transformer,t21397005a,to,x2935557a,x2935557a
transformer,t21397005a,from,l2935557,l2935557
transformer,t21397005a,to,x2935557a,x2935557a
transformer,t5274985c,from,l2822864,l2822864
transformer,t5274985c,to,x2822864c,x2822864c
transformer,t5274985c,from,l2822864,l2822864
transformer,t5274985c,to,x2822864c,x2822864c
transformer,t5321836a,from,l3235247,l3235247
transformer,t5321836a,to,x3235247a,x3235247a
transformer,t5321836a,from,l3235247,l3235247
transformer,t5321836a,to,x3235247a,x3235247a
transformer,t225673440a,from,l3251807,l3251807
transformer,t225673440a,to,x3251807a,x3251807a
transformer,t225673440a,from,l3251807,l3251807
transformer,t225673440a,to,x3251807a,x3251807a
transformer,t5337641c,from,l2804282,l2804282
transformer,t5337641c,to,x2804282c,x2804282c
transformer,t5337641c,from,l2804282,l2804282
transformer,t5337641c,to,x2804282c,x2804282c
transformer,t5293659c,from,l2935560,l2935560
transformer,t5293659c,to,x2935560c,x2935560c
transformer,t5293659c,from,l2935560,l2935560
transformer,t5293659c,to,x2935560c,x2935560c
transformer,t5339011b,from,l3104145,l3104145
transformer,t5339011b,to,x3104145b,x3104145b
transformer,t5339011b,from,l3104145,l3104145
transformer,t5339011b,to,x3104145b,x3104145b
transformer,t5218473a,from,l3086078,l3086078
transformer,t5218473a,to,x3086078a,x3086078a
transformer,t5218473a,from,l3086078,l3086078
transformer,t5218473a,to,x3086078a,x3086078a
transformer,t28121587a,from,l2860477,l2860477
transformer,t28121587a,to,x2860477a,x2860477a
transformer,t28121587a,from,l2860477,l2860477
transformer,t28121587a,to,x2860477a,x2860477a
transformer,t2224230689c,from,l3645811,l3645811
transformer,t2224230689c,to,x3645811c,x3645811c
transformer,t2224230689c,from,l3645811,l3645811
transformer,t2224230689c,to,x3645811c,x3645811c
transformer,t227734175b,from,l3102793,l3102793
transformer,t227734175b,to,x3102793b,x3102793b
transformer,t227734175b,from,l3102793,l3102793
transformer,t227734175b,to,x3102793b,x3102793b
transformer,t5337694b,from,l2991910,l2991910
transformer,t5337694b,to,x2991910b,x2991910b
transformer,t5337694b,from,l2991910,l2991910
transformer,t5337694b,to,x2991910b,x2991910b
transformer,t21357515a,from,l2710511,l2710511
transformer,t21357515a,to,x2710511a,x2710511a
transformer,t21357515a,from,l2710511,l2710511
transformer,t21357515a,to,x2710511a,x2710511a
transformer,t28127390c,from,l2860486,l2860486
transformer,t28127390c,to,x2860486c,x2860486c
transformer,t28127390c,from,l2860486,l2860486
transformer,t28127390c,to,x2860486c,x2860486c
transformer,t21387929c,from,l2935551,l2935551
transformer,t21387929c,to,x2935551c,x2935551c
transformer,t21387929c,from,l2935551,l2935551
transformer,t21387929c,to,x2935551c,x2935551c
transformer,t5355605b,from,l2729409,l2729409
transformer,t5355605b,to,x2729409b,x2729409b
transformer,t5355605b,from,l2729409,l2729409
transformer,t5355605b,to,x2729409b,x2729409b
transformer,t5260630b,from,l2973833,l2973833
transformer,t5260630b,to,x2973833b,x2973833b
transformer,t5260630b,from,l2973833,l2973833
transformer,t5260630b,to,x2973833b,x2973833b
transformer,t5337660c,from,l2897769,l2897769
transformer,t5337660c,to,x2897769c,x2897769c
transformer,t5337660c,from,l2897769,l2897769
transformer,t5337660c,to,x2897769c,x2897769c
transformer,t5293663c,from,l3216368,l3216368
transformer,t5293663c,to,x3216368c,x3216368c
transformer,t5293663c,from,l3216368,l3216368
transformer,t5293663c,to,x3216368c,x3216368c
transformer,t5138719a,from,l2860490,l2860490
transformer,t5138719a,to,x2860490a,x2860490a
transformer,t5138719a,from,l2860490,l2860490
transformer,t5138719a,to,x2860490a,x2860490a
transformer,t5251858c,from,l2861158,l2861158
transformer,t5251858c,to,x2861158c,x2861158c
transformer,t5251858c,from,l2861158,l2861158
transformer,t5251858c,to,x2861158c,x2861158c
transformer,t5302804c,from,l3141399,l3141399
transformer,t5302804c,to,x3141399c,x3141399c
transformer,t5302804c,from,l3141399,l3141399
transformer,t5302804c,to,x3141399c,x3141399c
transformer,t5356062b,from,l3122816,l3122816
transformer,t5356062b,to,x3122816b,x3122816b
transformer,t5356062b,from,l3122816,l3122816
transformer,t5356062b,to,x3122816b,x3122816b
transformer,t5346639c,from,l2992556,l2992556
transformer,t5346639c,to,x2992556c,x2992556c
transformer,t5346639c,from,l2992556,l2992556
transformer,t5346639c,to,x2992556c,x2992556c
transformer,t5302508c,from,l2897779,l2897779
transformer,t5302508c,to,x2897779c,x2897779c
transformer,t5302508c,from,l2897779,l2897779
transformer,t5302508c,to,x2897779c,x2897779c
transformer,t5321881a,from,l2970811,l2970811
transformer,t5321881a,to,x2970811a,x2970811a
transformer,t5321881a,from,l2970811,l2970811
transformer,t5321881a,to,x2970811a,x2970811a
transformer,t5355433c,from,l2991933,l2991933
transformer,t5355433c,to,x2991933c,x2991933c
transformer,t5355433c,from,l2991933,l2991933
transformer,t5355433c,to,x2991933c,x2991933c
transformer,t21398402a,from,l2729428,l2729428
transformer,t21398402a,to,x2729428a,x2729428a
transformer,t21398402a,from,l2729428,l2729428
transformer,t21398402a,to,x2729428a,x2729428a
transformer,t21398563a,from,l3254216,l3254216
transformer,t21398563a,to,x3254216a,x3254216a
transformer,t21398563a,from,l3254216,l3254216
transformer,t21398563a,to,x3254216a,x3254216a
transformer,t21386771b,from,l2897807,l2897807
transformer,t21386771b,to,x2897807b,x2897807b
transformer,t21386771b,from,l2897807,l2897807
transformer,t21386771b,to,x2897807b,x2897807b
transformer,t5260648a,from,l2898522,l2898522
transformer,t5260648a,to,x2898522a,x2898522a
transformer,t5260648a,from,l2898522,l2898522
transformer,t5260648a,to,x2898522a,x2898522a
transformer,t5293490c,from,l3048230,l3048230
transformer,t5293490c,to,x3048230c,x3048230c
transformer,t5293490c,from,l3048230,l3048230
transformer,t5293490c,to,x3048230c,x3048230c
transformer,t225901711a,from,l3195327,l3195327
transformer,t225901711a,to,x3195327a,x3195327a
transformer,t225901711a,from,l3195327,l3195327
transformer,t225901711a,to,x3195327a,x3195327a
transformer,t227902981a,from,l3047058,l3047058
transformer,t227902981a,to,x3047058a,x3047058a
transformer,t227902981a,from,l3047058,l3047058
transformer,t227902981a,to,x3047058a,x3047058a
transformer,t5321853b,from,l2673313,l2673313
transformer,t5321853b,to,x2673313b,x2673313b
transformer,t5321853b,from,l2673313,l2673313
transformer,t5321853b,to,x2673313b,x2673313b
transformer,t2224237653a,from,l3649302,l3649302
transformer,t2224237653a,to,x3649302a,x3649302a
transformer,t2224237653a,from,l3649302,l3649302
transformer,t2224237653a,to,x3649302a,x3649302a
transformer,t2224386592a,from,l3729297,l3729297
transformer,t2224386592a,to,x3729297a,x3729297a
transformer,t2224386592a,from,l3729297,l3729297
transformer,t2224386592a,to,x3729297a,x3729297a
transformer,t5391990a,from,l2858163,l2858163
transformer,t5391990a,to,x2858163a,x2858163a
transformer,t5391990a,from,l2858163,l2858163
transformer,t5391990a,to,x2858163a,x2858163a
transformer,t226881057b,from,l3214112,l3214112
transformer,t226881057b,to,x3214112b,x3214112b
transformer,t226881057b,from,l3214112,l3214112
transformer,t226881057b,to,x3214112b,x3214112b
transformer,t225533531a,from,l2685805,l2685805
transformer,t225533531a,to,x2685805a,x2685805a
transformer,t225533531a,from,l2685805,l2685805
transformer,t225533531a,to,x2685805a,x2685805a
transformer,t5247056a,from,l2991912,l2991912
transformer,t5247056a,to,x2991912a,x2991912a
transformer,t5247056a,from,l2991912,l2991912
transformer,t5247056a,to,x2991912a,x2991912a
transformer,t227905262a,from,l3140238,l3140238
transformer,t227905262a,to,x3140238a,x3140238a
transformer,t227905262a,from,l3140238,l3140238
transformer,t227905262a,to,x3140238a,x3140238a
transformer,t21469960b,from,l3066830,l3066830
transformer,t21469960b,to,x3066830b,x3066830b
transformer,t21469960b,from,l3066830,l3066830
transformer,t21469960b,to,x3066830b,x3066830b
transformer,t5260511c,from,l3160878,l3160878
transformer,t5260511c,to,x3160878c,x3160878c
transformer,t5260511c,from,l3160878,l3160878
transformer,t5260511c,to,x3160878c,x3160878c
transformer,t5138346c,from,l2916609,l2916609
transformer,t5138346c,to,x2916609c,x2916609c
transformer,t5138346c,from,l2916609,l2916609
transformer,t5138346c,to,x2916609c,x2916609c
transformer,t225806974a,from,l2876814,l2876814
transformer,t225806974a,to,x2876814a,x2876814a
transformer,t225806974a,from,l2876814,l2876814
transformer,t225806974a,to,x2876814a,x2876814a
transformer,t5355944b,from,l3197646,l3197646
transformer,t5355944b,to,x3197646b,x3197646b
transformer,t5355944b,from,l3197646,l3197646
transformer,t5355944b,to,x3197646b,x3197646b
transformer,t5138569a,from,l2973151,l2973151
transformer,t5138569a,to,x2973151a,x2973151a
transformer,t5138569a,from,l2973151,l2973151
transformer,t5138569a,to,x2973151a,x2973151a
transformer,t5337625c,from,l3197627,l3197627
transformer,t5337625c,to,x3197627c,x3197627c
transformer,t5337625c,from,l3197627,l3197627
transformer,t5337625c,to,x3197627c,x3197627c
transformer,t5321874a,from,l2764412,l2764412
transformer,t5321874a,to,x2764412a,x2764412a
transformer,t5321874a,from,l2764412,l2764412
transformer,t5321874a,to,x2764412a,x2764412a
transformer,t5337713c,from,l2766716,l2766716
transformer,t5337713c,to,x2766716c,x2766716c
transformer,t5337713c,from,l2766716,l2766716
transformer,t5337713c,to,x2766716c,x2766716c
transformer,t5391757b,from,l2991917,l2991917
transformer,t5391757b,to,x2991917b,x2991917b
transformer,t5391757b,from,l2991917,l2991917
transformer,t5391757b,to,x2991917b,x2991917b
transformer,t5338998b,from,l3254229,l3254229
transformer,t5338998b,to,x3254229b,x3254229b
transformer,t5338998b,from,l3254229,l3254229
transformer,t5338998b,to,x3254229b,x3254229b
transformer,t5356064b,from,l2935556,l2935556
transformer,t5356064b,to,x2935556b,x2935556b
transformer,t5356064b,from,l2935556,l2935556
transformer,t5356064b,to,x2935556b,x2935556b
transformer,t5323275b,from,l3197660,l3197660
transformer,t5323275b,to,x3197660b,x3197660b
transformer,t5323275b,from,l3197660,l3197660
transformer,t5323275b,to,x3197660b,x3197660b
transformer,t21389237a,from,l2989565,l2989565
transformer,t21389237a,to,x2989565a,x2989565a
transformer,t21389237a,from,l2989565,l2989565
transformer,t21389237a,to,x2989565a,x2989565a
transformer,t2224230615c,from,l3645809,l3645809
transformer,t2224230615c,to,x3645809c,x3645809c
transformer,t2224230615c,from,l3645809,l3645809
transformer,t2224230615c,to,x3645809c,x3645809c
transformer,t5260463b,from,l3086075,l3086075
transformer,t5260463b,to,x3086075b,x3086075b
transformer,t5260463b,from,l3086075,l3086075
transformer,t5260463b,to,x3086075b,x3086075b
transformer,t5302402a,from,l3122824,l3122824
transformer,t5302402a,to,x3122824a,x3122824a
transformer,t5302402a,from,l3122824,l3122824
transformer,t5302402a,to,x3122824a,x3122824a
transformer,t5355599b,from,l3216338,l3216338
transformer,t5355599b,to,x3216338b,x3216338b
transformer,t5355599b,from,l3216338,l3216338
transformer,t5355599b,to,x3216338b,x3216338b
transformer,t21393412b,from,l2729405,l2729405
transformer,t21393412b,to,x2729405b,x2729405b
transformer,t21393412b,from,l2729405,l2729405
transformer,t21393412b,to,x2729405b,x2729405b
transformer,t5356807a,from,l2823545,l2823545
transformer,t5356807a,to,x2823545a,x2823545a
transformer,t5356807a,from,l2823545,l2823545
transformer,t5356807a,to,x2823545a,x2823545a
transformer,t5293660b,from,l2916610,l2916610
transformer,t5293660b,to,x2916610b,x2916610b
transformer,t5293660b,from,l2916610,l2916610
transformer,t5293660b,to,x2916610b,x2916610b
transformer,t227731863a,from,l3177665,l3177665
transformer,t227731863a,to,x3177665a,x3177665a
transformer,t227731863a,from,l3177665,l3177665
transformer,t227731863a,to,x3177665a,x3177665a
transformer,t227760021a,from,l2803199,l2803199
transformer,t227760021a,to,x2803199a,x2803199a
transformer,t227760021a,from,l2803199,l2803199
transformer,t227760021a,to,x2803199a,x2803199a
transformer,t227760021b,from,l2803199,l2803199
transformer,t227760021b,to,x2803199b,x2803199b
transformer,t227760021b,from,l2803199,l2803199
transformer,t227760021b,to,x2803199b,x2803199b
transformer,t227760021c,from,l2803199,l2803199
transformer,t227760021c,to,x2803199c,x2803199c
transformer,t227760021c,from,l2803199,l2803199
transformer,t227760021c,to,x2803199c,x2803199c
transformer,t5391980a,from,l2691952,l2691952
transformer,t5391980a,to,x2691952a,x2691952a
transformer,t5391980a,from,l2691952,l2691952
transformer,t5391980a,to,x2691952a,x2691952a
transformer,t5338984a,from,l2748144,l2748144
transformer,t5338984a,to,x2748144a,x2748144a
transformer,t5338984a,from,l2748144,l2748144
transformer,t5338984a,to,x2748144a,x2748144a
transformer,t5337702b,from,l3029504,l3029504
transformer,t5337702b,to,x3029504b,x3029504b
transformer,t5337702b,from,l3029504,l3029504
transformer,t5337702b,to,x3029504b,x3029504b
transformer,t5337696b,from,l3197635,l3197635
transformer,t5337696b,to,x3197635b,x3197635b
transformer,t5337696b,from,l3197635,l3197635
transformer,t5337696b,to,x3197635b,x3197635b
transformer,t225577437c,from,l2724120,l2724120
transformer,t225577437c,to,x2724120c,x2724120c
transformer,t225577437c,from,l2724120,l2724120
transformer,t225577437c,to,x2724120c,x2724120c
transformer,t5337676a,from,l3235244,l3235244
transformer,t5337676a,to,x3235244a,x3235244a
transformer,t5337676a,from,l3235244,l3235244
transformer,t5337676a,to,x3235244a,x3235244a
transformer,t5323418a,from,l2804254,l2804254
transformer,t5323418a,to,x2804254a,x2804254a
transformer,t5323418a,from,l2804254,l2804254
transformer,t5323418a,to,x2804254a,x2804254a
transformer,t226192936b,from,l2820531,l2820531
transformer,t226192936b,to,x2820531b,x2820531b
transformer,t226192936b,from,l2820531,l2820531
transformer,t226192936b,to,x2820531b,x2820531b
transformer,t5337706b,from,l3254214,l3254214
transformer,t5337706b,to,x3254214b,x3254214b
transformer,t5337706b,from,l3254214,l3254214
transformer,t5337706b,to,x3254214b,x3254214b
transformer,t5339010b,from,l2691966,l2691966
transformer,t5339010b,to,x2691966b,x2691966b
transformer,t5339010b,from,l2691966,l2691966
transformer,t5339010b,to,x2691966b,x2691966b
transformer,t5391987a,from,l3122822,l3122822
transformer,t5391987a,to,x3122822a,x3122822a
transformer,t5391987a,from,l3122822,l3122822
transformer,t5391987a,to,x3122822a,x3122822a
transformer,t5310569a,from,l3197639,l3197639
transformer,t5310569a,to,x3197639a,x3197639a
transformer,t5310569a,from,l3197639,l3197639
transformer,t5310569a,to,x3197639a,x3197639a
transformer,t225869139a,from,l3120503,l3120503
transformer,t225869139a,to,x3120503a,x3120503a
transformer,t225869139a,from,l3120503,l3120503
transformer,t225869139a,to,x3120503a,x3120503a
transformer,t5337708b,from,l3216349,l3216349
transformer,t5337708b,to,x3216349b,x3216349b
transformer,t5337708b,from,l3216349,l3216349
transformer,t5337708b,to,x3216349b,x3216349b
transformer,t226308719b,from,l3027670,l3027670
transformer,t226308719b,to,x3027670b,x3027670b
transformer,t226308719b,from,l3027670,l3027670
transformer,t226308719b,to,x3027670b,x3027670b
transformer,t5337630c,from,l3085392,l3085392
transformer,t5337630c,to,x3085392c,x3085392c
transformer,t5337630c,from,l3085392,l3085392
transformer,t5337630c,to,x3085392c,x3085392c
transformer,t5138655a,from,l3010556,l3010556
transformer,t5138655a,to,x3010556a,x3010556a
transformer,t5138655a,from,l3010556,l3010556
transformer,t5138655a,to,x3010556a,x3010556a
transformer,t226194826a,from,l3232902,l3232902
transformer,t226194826a,to,x3232902a,x3232902a
transformer,t226194826a,from,l3232902,l3232902
transformer,t226194826a,to,x3232902a,x3232902a
transformer,t5356808a,from,l3101782,l3101782
transformer,t5356808a,to,x3101782a,x3101782a
transformer,t5356808a,from,l3101782,l3101782
transformer,t5356808a,to,x3101782a,x3101782a
transformer,t5355593b,from,l2766715,l2766715
transformer,t5355593b,to,x2766715b,x2766715b
transformer,t5355593b,from,l2766715,l2766715
transformer,t5355593b,to,x2766715b,x2766715b
transformer,t5356787c,from,l2970804,l2970804
transformer,t5356787c,to,x2970804c,x2970804c
transformer,t5356787c,from,l2970804,l2970804
transformer,t5356787c,to,x2970804c,x2970804c
transformer,t5321845b,from,l3178975,l3178975
transformer,t5321845b,to,x3178975b,x3178975b
transformer,t5321845b,from,l3178975,l3178975
transformer,t5321845b,to,x3178975b,x3178975b
transformer,t5337720a,from,l2841648,l2841648
transformer,t5337720a,to,x2841648a,x2841648a
transformer,t5337720a,from,l2841648,l2841648
transformer,t5337720a,to,x2841648a,x2841648a
transformer,t5337631c,from,l3029497,l3029497
transformer,t5337631c,to,x3029497c,x3029497c
transformer,t5337631c,from,l3029497,l3029497
transformer,t5337631c,to,x3029497c,x3029497c
transformer,t21486213b,from,l3029520,l3029520
transformer,t21486213b,to,x3029520b,x3029520b
transformer,t21486213b,from,l3029520,l3029520
transformer,t21486213b,to,x3029520b,x3029520b
transformer,t28127319b,from,l2766744,l2766744
transformer,t28127319b,to,x2766744b,x2766744b
transformer,t28127319b,from,l2766744,l2766744
transformer,t28127319b,to,x2766744b,x2766744b
transformer,t5337666b,from,l3029518,l3029518
transformer,t5337666b,to,x3029518b,x3029518b
transformer,t5337666b,from,l3029518,l3029518
transformer,t5337666b,to,x3029518b,x3029518b
transformer,t5356809a,from,l2936214,l2936214
transformer,t5356809a,to,x2936214a,x2936214a
transformer,t5356809a,from,l2936214,l2936214
transformer,t5356809a,to,x2936214a,x2936214a
transformer,t5323397b,from,l2954346,l2954346
transformer,t5323397b,to,x2954346b,x2954346b
transformer,t5323397b,from,l2954346,l2954346
transformer,t5323397b,to,x2954346b,x2954346b
transformer,t5337692b,from,l2879061,l2879061
transformer,t5337692b,to,x2879061b,x2879061b
transformer,t5337692b,from,l2879061,l2879061
transformer,t5337692b,to,x2879061b,x2879061b
transformer,t5339042b,from,l3141394,l3141394
transformer,t5339042b,to,x3141394b,x3141394b
transformer,t5339042b,from,l3141394,l3141394
transformer,t5339042b,to,x3141394b,x3141394b
transformer,t5260501b,from,l3142098,l3142098
transformer,t5260501b,to,x3142098b,x3142098b
transformer,t5260501b,from,l3142098,l3142098
transformer,t5260501b,to,x3142098b,x3142098b
transformer,t2224230754c,from,l3645812,l3645812
transformer,t2224230754c,to,x3645812c,x3645812c
transformer,t2224230754c,from,l3645812,l3645812
transformer,t2224230754c,to,x3645812c,x3645812c
transformer,t5138563a,from,l2916627,l2916627
transformer,t5138563a,to,x2916627a,x2916627a
transformer,t5138563a,from,l2916627,l2916627
transformer,t5138563a,to,x2916627a,x2916627a
transformer,t5338936c,from,l3066815,l3066815
transformer,t5338936c,to,x3066815c,x3066815c
transformer,t5338936c,from,l3066815,l3066815
transformer,t5338936c,to,x3066815c,x3066815c
transformer,t5247185b,from,l3179678,l3179678
transformer,t5247185b,to,x3179678b,x3179678b
transformer,t5247185b,from,l3179678,l3179678
transformer,t5247185b,to,x3179678b,x3179678b
transformer,t21482181a,from,l3254237,l3254237
transformer,t21482181a,to,x3254237a,x3254237a
transformer,t21482181a,from,l3254237,l3254237
transformer,t21482181a,to,x3254237a,x3254237a
transformer,t5323280b,from,l2710512,l2710512
transformer,t5323280b,to,x2710512b,x2710512b
transformer,t5323280b,from,l2710512,l2710512
transformer,t5323280b,to,x2710512b,x2710512b
transformer,t5138264b,from,l3104125,l3104125
transformer,t5138264b,to,x3104125b,x3104125b
transformer,t5138264b,from,l3104125,l3104125
transformer,t5138264b,to,x3104125b,x3104125b
transformer,t5337679a,from,l3010559,l3010559
transformer,t5337679a,to,x3010559a,x3010559a
transformer,t5337679a,from,l3010559,l3010559
transformer,t5337679a,to,x3010559a,x3010559a
transformer,t21357984c,from,l2897790,l2897790
transformer,t21357984c,to,x2897790c,x2897790c
transformer,t21357984c,from,l2897790,l2897790
transformer,t21357984c,to,x2897790c,x2897790c
transformer,t5260553c,from,l2711225,l2711225
transformer,t5260553c,to,x2711225c,x2711225c
transformer,t5260553c,from,l2711225,l2711225
transformer,t5260553c,to,x2711225c,x2711225c
transformer,t5293523a,from,l2766729,l2766729
transformer,t5293523a,to,x2766729a,x2766729a
transformer,t5293523a,from,l2766729,l2766729
transformer,t5293523a,to,x2766729a,x2766729a
transformer,t5302507b,from,l3235275,l3235275
transformer,t5302507b,to,x3235275b,x3235275b
transformer,t5302507b,from,l3235275,l3235275
transformer,t5302507b,to,x3235275b,x3235275b
transformer,t2224387019a,from,l3728038,l3728038
transformer,t2224387019a,to,x3728038a,x3728038a
transformer,t2224387019a,from,l3728038,l3728038
transformer,t2224387019a,to,x3728038a,x3728038a
transformer,t5355431c,from,l3048222,l3048222
transformer,t5355431c,to,x3048222c,x3048222c
transformer,t5355431c,from,l3048222,l3048222
transformer,t5355431c,to,x3048222c,x3048222c
transformer,t5138404c,from,l2841630,l2841630
transformer,t5138404c,to,x2841630c,x2841630c
transformer,t5138404c,from,l2841630,l2841630
transformer,t5138404c,to,x2841630c,x2841630c
transformer,t5138574a,from,l2991907,l2991907
transformer,t5138574a,to,x2991907a,x2991907a
transformer,t5138574a,from,l2991907,l2991907
transformer,t5138574a,to,x2991907a,x2991907a
transformer,t5138466c,from,l2973144,l2973144
transformer,t5138466c,to,x2973144c,x2973144c
transformer,t5138466c,from,l2973144,l2973144
transformer,t5138466c,to,x2973144c,x2973144c
transformer,t21397721a,from,l3178976,l3178976
transformer,t21397721a,to,x3178976a,x3178976a
transformer,t21397721a,from,l3178976,l3178976
transformer,t21397721a,to,x3178976a,x3178976a
transformer,t5337684a,from,l3159448,l3159448
transformer,t5337684a,to,x3159448a,x3159448a
transformer,t5337684a,from,l3159448,l3159448
transformer,t5337684a,to,x3159448a,x3159448a
transformer,t5339051c,from,l3231255,l3231255
transformer,t5339051c,to,x3231255c,x3231255c
transformer,t5339051c,from,l3231255,l3231255
transformer,t5339051c,to,x3231255c,x3231255c
transformer,t5337623c,from,l3197626,l3197626
transformer,t5337623c,to,x3197626c,x3197626c
transformer,t5337623c,from,l3197626,l3197626
transformer,t5337623c,to,x3197626c,x3197626c
transformer,t226308725b,from,l2802480,l2802480
transformer,t226308725b,to,x2802480b,x2802480b
transformer,t226308725b,from,l2802480,l2802480
transformer,t226308725b,to,x2802480b,x2802480b
transformer,t5356804a,from,l2823544,l2823544
transformer,t5356804a,to,x2823544a,x2823544a
transformer,t5356804a,from,l2823544,l2823544
transformer,t5356804a,to,x2823544a,x2823544a
transformer,t5355604b,from,l2841624,l2841624
transformer,t5355604b,to,x2841624b,x2841624b
transformer,t5355604b,from,l2841624,l2841624
transformer,t5355604b,to,x2841624b,x2841624b
transformer,t21459660c,from,l3101194,l3101194
transformer,t21459660c,to,x3101194c,x3101194c
transformer,t21459660c,from,l3101194,l3101194
transformer,t21459660c,to,x3101194c,x3101194c
transformer,t5337636c,from,l2841619,l2841619
transformer,t5337636c,to,x2841619c,x2841619c
transformer,t5337636c,from,l2841619,l2841619
transformer,t5337636c,to,x2841619c,x2841619c
transformer,t5260505c,from,l2861218,l2861218
transformer,t5260505c,to,x2861218c,x2861218c
transformer,t5260505c,from,l2861218,l2861218
transformer,t5260505c,to,x2861218c,x2861218c
transformer,t5325245b,from,l2710513,l2710513
transformer,t5325245b,to,x2710513b,x2710513b
transformer,t5325245b,from,l2710513,l2710513
transformer,t5325245b,to,x2710513b,x2710513b
transformer,t21385192c,from,l2879062,l2879062
transformer,t21385192c,to,x2879062c,x2879062c
transformer,t21385192c,from,l2879062,l2879062
transformer,t21385192c,to,x2879062c,x2879062c
transformer,t5260496b,from,l2879767,l2879767
transformer,t5260496b,to,x2879767b,x2879767b
transformer,t5260496b,from,l2879767,l2879767
transformer,t5260496b,to,x2879767b,x2879767b
transformer,t21399220c,from,l2766725,l2766725
transformer,t21399220c,to,x2766725c,x2766725c
transformer,t21399220c,from,l2766725,l2766725
transformer,t21399220c,to,x2766725c,x2766725c
transformer,t5337655c,from,l3141396,l3141396
transformer,t5337655c,to,x3141396c,x3141396c
transformer,t5337655c,from,l3141396,l3141396
transformer,t5337655c,to,x3141396c,x3141396c
transformer,t5330122b,from,l2879752,l2879752
transformer,t5330122b,to,x2879752b,x2879752b
transformer,t5330122b,from,l2879752,l2879752
transformer,t5330122b,to,x2879752b,x2879752b
transformer,t28148060c,from,l2991940,l2991940
transformer,t28148060c,to,x2991940c,x2991940c
transformer,t28148060c,from,l2991940,l2991940
transformer,t28148060c,to,x2991940c,x2991940c
transformer,t5302674a,from,l2673321,l2673321
transformer,t5302674a,to,x2673321a,x2673321a
transformer,t5302674a,from,l2673321,l2673321
transformer,t5302674a,to,x2673321a,x2673321a
transformer,t5355601b,from,l2673326,l2673326
transformer,t5355601b,to,x2673326b,x2673326b
transformer,t5355601b,from,l2673326,l2673326
transformer,t5355601b,to,x2673326b,x2673326b
transformer,t225533703c,from,l2925506,l2925506
transformer,t225533703c,to,x2925506c,x2925506c
transformer,t225533703c,from,l2925506,l2925506
transformer,t225533703c,to,x2925506c,x2925506c
transformer,t5356814c,from,l2730106,l2730106
transformer,t5356814c,to,x2730106c,x2730106c
transformer,t5356814c,from,l2730106,l2730106
transformer,t5356814c,to,x2730106c,x2730106c
transformer,t226196648a,from,l2820556,l2820556
transformer,t226196648a,to,x2820556a,x2820556a
transformer,t226196648a,from,l2820556,l2820556
transformer,t226196648a,to,x2820556a,x2820556a
transformer,t5321861c,from,l3235248,l3235248
transformer,t5321861c,to,x3235248c,x3235248c
transformer,t5321861c,from,l3235248,l3235248
transformer,t5321861c,to,x3235248c,x3235248c
transformer,t5355840b,from,l2822871,l2822871
transformer,t5355840b,to,x2822871b,x2822871b
transformer,t5355840b,from,l2822871,l2822871
transformer,t5355840b,to,x2822871b,x2822871b
transformer,t21243817a,from,l2955076,l2955076
transformer,t21243817a,to,x2955076a,x2955076a
transformer,t21243817a,from,l2955076,l2955076
transformer,t21243817a,to,x2955076a,x2955076a
transformer,t5260589b,from,l2955005,l2955005
transformer,t5260589b,to,x2955005b,x2955005b
transformer,t5260589b,from,l2955005,l2955005
transformer,t5260589b,to,x2955005b,x2955005b
transformer,t5338961c,from,l3254208,l3254208
transformer,t5338961c,to,x3254208c,x3254208c
transformer,t5338961c,from,l3254208,l3254208
transformer,t5338961c,to,x3254208c,x3254208c
transformer,t5337723a,from,l3178978,l3178978
transformer,t5337723a,to,x3178978a,x3178978a
transformer,t5337723a,from,l3178978,l3178978
transformer,t5337723a,to,x3178978a,x3178978a
transformer,t5138573a,from,l3235253,l3235253
transformer,t5138573a,to,x3235253a,x3235253a
transformer,t5138573a,from,l3235253,l3235253
transformer,t5138573a,to,x3235253a,x3235253a
transformer,t5321888c,from,l3235241,l3235241
transformer,t5321888c,to,x3235241c,x3235241c
transformer,t5321888c,from,l3235241,l3235241
transformer,t5321888c,to,x3235241c,x3235241c
transformer,t28148580b,from,l3197636,l3197636
transformer,t28148580b,to,x3197636b,x3197636b
transformer,t28148580b,from,l3197636,l3197636
transformer,t28148580b,to,x3197636b,x3197636b
transformer,t28126875b,from,l3066811,l3066811
transformer,t28126875b,to,x3066811b,x3066811b
transformer,t28126875b,from,l3066811,l3066811
transformer,t28126875b,to,x3066811b,x3066811b
transformer,t2224192013a,from,l3632979,l3632979
transformer,t2224192013a,to,x3632979a,x3632979a
transformer,t2224192013a,from,l3632979,l3632979
transformer,t2224192013a,to,x3632979a,x3632979a
transformer,t5260532c,from,l3086074,l3086074
transformer,t5260532c,to,x3086074c,x3086074c
transformer,t5260532c,from,l3086074,l3086074
transformer,t5260532c,to,x3086074c,x3086074c
transformer,t21389831a,from,l2674051,l2674051
transformer,t21389831a,to,x2674051a,x2674051a
transformer,t21389831a,from,l2674051,l2674051
transformer,t21389831a,to,x2674051a,x2674051a
transformer,t21396331b,from,l3178981,l3178981
transformer,t21396331b,to,x3178981b,x3178981b
transformer,t21396331b,from,l3178981,l3178981
transformer,t21396331b,to,x3178981b,x3178981b
transformer,t227732939b,from,l3046854,l3046854
transformer,t227732939b,to,x3046854b,x3046854b
transformer,t227732939b,from,l3046854,l3046854
transformer,t227732939b,to,x3046854b,x3046854b
transformer,t5321856b,from,l2860506,l2860506
transformer,t5321856b,to,x2860506b,x2860506b
transformer,t5321856b,from,l2860506,l2860506
transformer,t5321856b,to,x2860506b,x2860506b
transformer,t5260625c,from,l3048966,l3048966
transformer,t5260625c,to,x3048966c,x3048966c
transformer,t5260625c,from,l3048966,l3048966
transformer,t5260625c,to,x3048966c,x3048966c
transformer,t5338950b,from,l2822872,l2822872
transformer,t5338950b,to,x2822872b,x2822872b
transformer,t5338950b,from,l2822872,l2822872
transformer,t5338950b,to,x2822872b,x2822872b
transformer,t226194419c,from,l3214071,l3214071
transformer,t226194419c,to,x3214071c,x3214071c
transformer,t226194419c,from,l3214071,l3214071
transformer,t226194419c,to,x3214071c,x3214071c
transformer,t5275247b,from,l2786273,l2786273
transformer,t5275247b,to,x2786273b,x2786273b
transformer,t5275247b,from,l2786273,l2786273
transformer,t5275247b,to,x2786273b,x2786273b
transformer,t5260518c,from,l3104853,l3104853
transformer,t5260518c,to,x3104853c,x3104853c
transformer,t5260518c,from,l3104853,l3104853
transformer,t5260518c,to,x3104853c,x3104853c
transformer,t5138259c,from,l2973158,l2973158
transformer,t5138259c,to,x2973158c,x2973158c
transformer,t5138259c,from,l2973158,l2973158
transformer,t5138259c,to,x2973158c,x2973158c
transformer,t5338926a,from,l3216123,l3216123
transformer,t5338926a,to,x3216123a,x3216123a
transformer,t5338926a,from,l3216123,l3216123
transformer,t5338926a,to,x3216123a,x3216123a
transformer,t5321855b,from,l2860485,l2860485
transformer,t5321855b,to,x2860485b,x2860485b
transformer,t5321855b,from,l2860485,l2860485
transformer,t5321855b,to,x2860485b,x2860485b
transformer,t5356800a,from,l3235946,l3235946
transformer,t5356800a,to,x3235946a,x3235946a
transformer,t5356800a,from,l3235946,l3235946
transformer,t5356800a,to,x3235946a,x3235946a
transformer,t5339047a,from,l2973148,l2973148
transformer,t5339047a,to,x2973148a,x2973148a
transformer,t5339047a,from,l2973148,l2973148
transformer,t5339047a,to,x2973148a,x2973148a
transformer,t5321894c,from,l3066829,l3066829
transformer,t5321894c,to,x3066829c,x3066829c
transformer,t5321894c,from,l3066829,l3066829
transformer,t5321894c,to,x3066829c,x3066829c
transformer,t5337627c,from,l3085393,l3085393
transformer,t5337627c,to,x3085393c,x3085393c
transformer,t5337627c,from,l3085393,l3085393
transformer,t5337627c,to,x3085393c,x3085393c
transformer,t5355358b,from,l2673322,l2673322
transformer,t5355358b,to,x2673322b,x2673322b
transformer,t5355358b,from,l2673322,l2673322
transformer,t5355358b,to,x2673322b,x2673322b
transformer,t22112371533c,from,l3263051,l3263051
transformer,t22112371533c,to,x3263051c,x3263051c
transformer,t22112371533c,from,l3263051,l3263051
transformer,t22112371533c,to,x3263051c,x3263051c
transformer,t5323274b,from,l2860500,l2860500
transformer,t5323274b,to,x2860500b,x2860500b
transformer,t5323274b,from,l2860500,l2860500
transformer,t5323274b,to,x2860500b,x2860500b
transformer,t21396015a,from,l3048211,l3048211
transformer,t21396015a,to,x3048211a,x3048211a
transformer,t21396015a,from,l3048211,l3048211
transformer,t21396015a,to,x3048211a,x3048211a
transformer,t2224387074a,from,l3728041,l3728041
transformer,t2224387074a,to,x3728041a,x3728041a
transformer,t2224387074a,from,l3728041,l3728041
transformer,t2224387074a,to,x3728041a,x3728041a
transformer,t5323237b,from,l3048199,l3048199
transformer,t5323237b,to,x3048199b,x3048199b
transformer,t5323237b,from,l3048199,l3048199
transformer,t5323237b,to,x3048199b,x3048199b
transformer,t5338949b,from,l3104136,l3104136
transformer,t5338949b,to,x3104136b,x3104136b
transformer,t5338949b,from,l3104136,l3104136
transformer,t5338949b,to,x3104136b,x3104136b
transformer,t5356015a,from,l2916599,l2916599
transformer,t5356015a,to,x2916599a,x2916599a
transformer,t5356015a,from,l2916599,l2916599
transformer,t5356015a,to,x2916599a,x2916599a
transformer,t5138718c,from,l3104134,l3104134
transformer,t5138718c,to,x3104134c,x3104134c
transformer,t5138718c,from,l3104134,l3104134
transformer,t5138718c,to,x3104134c,x3104134c
transformer,t5338959c,from,l2954344,l2954344
transformer,t5338959c,to,x2954344c,x2954344c
transformer,t5338959c,from,l2954344,l2954344
transformer,t5338959c,to,x2954344c,x2954344c
transformer,t5157718b,from,l3142099,l3142099
transformer,t5157718b,to,x3142099b,x3142099b
transformer,t5157718b,from,l3142099,l3142099
transformer,t5157718b,to,x3142099b,x3142099b
transformer,t5321884c,from,l2710515,l2710515
transformer,t5321884c,to,x2710515c,x2710515c
transformer,t5321884c,from,l2710515,l2710515
transformer,t5321884c,to,x2710515c,x2710515c
transformer,t5207286c,from,l3011298,l3011298
transformer,t5207286c,to,x3011298c,x3011298c
transformer,t5207286c,from,l3011298,l3011298
transformer,t5207286c,to,x3011298c,x3011298c
transformer,t5323263a,from,l3066812,l3066812
transformer,t5323263a,to,x3066812a,x3066812a
transformer,t5323263a,from,l3066812,l3066812
transformer,t5323263a,to,x3066812a,x3066812a
transformer,t21399707a,from,l3141403,l3141403
transformer,t21399707a,to,x3141403a,x3141403a
transformer,t21399707a,from,l3141403,l3141403
transformer,t21399707a,to,x3141403a,x3141403a
transformer,t226191772c,from,l3120484,l3120484
transformer,t226191772c,to,x3120484c,x3120484c
transformer,t226191772c,from,l3120484,l3120484
transformer,t226191772c,to,x3120484c,x3120484c
transformer,t5293667a,from,l2860504,l2860504
transformer,t5293667a,to,x2860504a,x2860504a
transformer,t5293667a,from,l2860504,l2860504
transformer,t5293667a,to,x2860504a,x2860504a
transformer,t5293424c,from,l2766750,l2766750
transformer,t5293424c,to,x2766750c,x2766750c
transformer,t5293424c,from,l2766750,l2766750
transformer,t5293424c,to,x2766750c,x2766750c
transformer,t5337709b,from,l2879077,l2879077
transformer,t5337709b,to,x2879077b,x2879077b
transformer,t5337709b,from,l2879077,l2879077
transformer,t5337709b,to,x2879077b,x2879077b
transformer,t5323391b,from,l3159037,l3159037
transformer,t5323391b,to,x3159037b,x3159037b
transformer,t5323391b,from,l3159037,l3159037
transformer,t5323391b,to,x3159037b,x3159037b
transformer,t28147899c,from,l3160793,l3160793
transformer,t28147899c,to,x3160793c,x3160793c
transformer,t28147899c,from,l3160793,l3160793
transformer,t28147899c,to,x3160793c,x3160793c
transformer,t226308717a,from,l3233412,l3233412
transformer,t226308717a,to,x3233412a,x3233412a
transformer,t226308717a,from,l3233412,l3233412
transformer,t226308717a,to,x3233412a,x3233412a
transformer,t28147018b,from,l2841620,l2841620
transformer,t28147018b,to,x2841620b,x2841620b
transformer,t28147018b,from,l2841620,l2841620
transformer,t28147018b,to,x2841620b,x2841620b
transformer,t21396815c,from,l3253995,l3253995
transformer,t21396815c,to,x3253995c,x3253995c
transformer,t21396815c,from,l3253995,l3253995
transformer,t21396815c,to,x3253995c,x3253995c
transformer,t5247184c,from,l2936279,l2936279
transformer,t5247184c,to,x2936279c,x2936279c
transformer,t5247184c,from,l2936279,l2936279
transformer,t5247184c,to,x2936279c,x2936279c
transformer,t5339043c,from,l2804277,l2804277
transformer,t5339043c,to,x2804277c,x2804277c
transformer,t5339043c,from,l2804277,l2804277
transformer,t5339043c,to,x2804277c,x2804277c
transformer,t5302405a,from,l2860489,l2860489
transformer,t5302405a,to,x2860489a,x2860489a
transformer,t5302405a,from,l2860489,l2860489
transformer,t5302405a,to,x2860489a,x2860489a
transformer,t227917127c,from,l2690868,l2690868
transformer,t227917127c,to,x2690868c,x2690868c
transformer,t227917127c,from,l2690868,l2690868
transformer,t227917127c,to,x2690868c,x2690868c
transformer,t5356788c,from,l3176661,l3176661
transformer,t5356788c,to,x3176661c,x3176661c
transformer,t5356788c,from,l3176661,l3176661
transformer,t5356788c,to,x3176661c,x3176661c
transformer,t5321886c,from,l2766746,l2766746
transformer,t5321886c,to,x2766746c,x2766746c
transformer,t5321886c,from,l2766746,l2766746
transformer,t5321886c,to,x2766746c,x2766746c
transformer,t5293657b,from,l3189189,l3189189
transformer,t5293657b,to,x3189189b,x3189189b
transformer,t5293657b,from,l3189189,l3189189
transformer,t5293657b,to,x3189189b,x3189189b
transformer,t5138237b,from,l3048196,l3048196
transformer,t5138237b,to,x3048196b,x3048196b
transformer,t5138237b,from,l3048196,l3048196
transformer,t5138237b,to,x3048196b,x3048196b
transformer,t5310560a,from,l2879074,l2879074
transformer,t5310560a,to,x2879074a,x2879074a
transformer,t5310560a,from,l2879074,l2879074
transformer,t5310560a,to,x2879074a,x2879074a
transformer,t5260598a,from,l3067478,l3067478
transformer,t5260598a,to,x3067478a,x3067478a
transformer,t5260598a,from,l3067478,l3067478
transformer,t5260598a,to,x3067478a,x3067478a
transformer,t5302373b,from,l2766726,l2766726
transformer,t5302373b,to,x2766726b,x2766726b
transformer,t5302373b,from,l2766726,l2766726
transformer,t5302373b,to,x2766726b,x2766726b
transformer,t5260476a,from,l2936271,l2936271
transformer,t5260476a,to,x2936271a,x2936271a
transformer,t5260476a,from,l2936271,l2936271
transformer,t5260476a,to,x2936271a,x2936271a
transformer,t21389092b,from,l2917328,l2917328
transformer,t21389092b,to,x2917328b,x2917328b
transformer,t21389092b,from,l2917328,l2917328
transformer,t21389092b,to,x2917328b,x2917328b
transformer,t5356063c,from,l3160103,l3160103
transformer,t5356063c,to,x3160103c,x3160103c
transformer,t5356063c,from,l3160103,l3160103
transformer,t5356063c,to,x3160103c,x3160103c
transformer,t2223878647b,from,l3448661,l3448661
transformer,t2223878647b,to,x3448661b,x3448661b
transformer,t2223878647b,from,l3448661,l3448661
transformer,t2223878647b,to,x3448661b,x3448661b
transformer,t5354851b,from,l2991901,l2991901
transformer,t5354851b,to,x2991901b,x2991901b
transformer,t5354851b,from,l2991901,l2991901
transformer,t5354851b,to,x2991901b,x2991901b
transformer,t5338997b,from,l2860499,l2860499
transformer,t5338997b,to,x2860499b,x2860499b
transformer,t5338997b,from,l2860499,l2860499
transformer,t5338997b,to,x2860499b,x2860499b
transformer,t226193422b,from,l2726975,l2726975
transformer,t226193422b,to,x2726975b,x2726975b
transformer,t226193422b,from,l2726975,l2726975
transformer,t226193422b,to,x2726975b,x2726975b
transformer,t5391745b,from,l2673300,l2673300
transformer,t5391745b,to,x2673300b,x2673300b
transformer,t5391745b,from,l2673300,l2673300
transformer,t5391745b,to,x2673300b,x2673300b
transformer,t5251855c,from,l2730107,l2730107
transformer,t5251855c,to,x2730107c,x2730107c
transformer,t5251855c,from,l2730107,l2730107
transformer,t5251855c,to,x2730107c,x2730107c
transformer,t5339006b,from,l2916619,l2916619
transformer,t5339006b,to,x2916619b,x2916619b
transformer,t5339006b,from,l2916619,l2916619
transformer,t5339006b,to,x2916619b,x2916619b
transformer,t5355437c,from,l2710525,l2710525
transformer,t5355437c,to,x2710525c,x2710525c
transformer,t5355437c,from,l2710525,l2710525
transformer,t5355437c,to,x2710525c,x2710525c
transformer,t5391752b,from,l2804260,l2804260
transformer,t5391752b,to,x2804260b,x2804260b
transformer,t5391752b,from,l2804260,l2804260
transformer,t5391752b,to,x2804260b,x2804260b
transformer,t5338920a,from,l3197631,l3197631
transformer,t5338920a,to,x3197631a,x3197631a
transformer,t5338920a,from,l3197631,l3197631
transformer,t5338920a,to,x3197631a,x3197631a
transformer,t5338925a,from,l2973153,l2973153
transformer,t5338925a,to,x2973153a,x2973153a
transformer,t5338925a,from,l2973153,l2973153
transformer,t5338925a,to,x2973153a,x2973153a
transformer,t5138685a,from,l3122813,l3122813
transformer,t5138685a,to,x3122813a,x3122813a
transformer,t5138685a,from,l3122813,l3122813
transformer,t5138685a,to,x3122813a,x3122813a
transformer,t5338992b,from,l2935567,l2935567
transformer,t5338992b,to,x2935567b,x2935567b
transformer,t5338992b,from,l2935567,l2935567
transformer,t5338992b,to,x2935567b,x2935567b
transformer,t5260513c,from,l2917336,l2917336
transformer,t5260513c,to,x2917336c,x2917336c
transformer,t5260513c,from,l2917336,l2917336
transformer,t5260513c,to,x2917336c,x2917336c
transformer,t5302809c,from,l2954350,l2954350
transformer,t5302809c,to,x2954350c,x2954350c
transformer,t5302809c,from,l2954350,l2954350
transformer,t5302809c,to,x2954350c,x2954350c
transformer,t5323388b,from,l3234185,l3234185
transformer,t5323388b,to,x3234185b,x3234185b
transformer,t5323388b,from,l3234185,l3234185
transformer,t5323388b,to,x3234185b,x3234185b
transformer,t5138265a,from,l3160107,l3160107
transformer,t5138265a,to,x3160107a,x3160107a
transformer,t5138265a,from,l3160107,l3160107
transformer,t5138265a,to,x3160107a,x3160107a
transformer,t5338970a,from,l3141401,l3141401
transformer,t5338970a,to,x3141401a,x3141401a
transformer,t5338970a,from,l3141401,l3141401
transformer,t5338970a,to,x3141401a,x3141401a
transformer,t228445756c,from,l2972704,l2972704
transformer,t228445756c,to,x2972704c,x2972704c
transformer,t228445756c,from,l2972704,l2972704
transformer,t228445756c,to,x2972704c,x2972704c
transformer,t5138771a,from,l3197644,l3197644
transformer,t5138771a,to,x3197644a,x3197644a
transformer,t5138771a,from,l3197644,l3197644
transformer,t5138771a,to,x3197644a,x3197644a
transformer,t21471907a,from,l2897805,l2897805
transformer,t21471907a,to,x2897805a,x2897805a
transformer,t21471907a,from,l2897805,l2897805
transformer,t21471907a,to,x2897805a,x2897805a
transformer,t22112168880c,from,l2766499,l2766499
transformer,t22112168880c,to,x2766499c,x2766499c
transformer,t22112168880c,from,l2766499,l2766499
transformer,t22112168880c,to,x2766499c,x2766499c
transformer,t5302469a,from,l3104132,l3104132
transformer,t5302469a,to,x3104132a,x3104132a
transformer,t5302469a,from,l3104132,l3104132
transformer,t5302469a,to,x3104132a,x3104132a
transformer,t5323286b,from,l2989564,l2989564
transformer,t5323286b,to,x2989564b,x2989564b
transformer,t5323286b,from,l2989564,l2989564
transformer,t5323286b,to,x2989564b,x2989564b
transformer,t5302735a,from,l2991923,l2991923
transformer,t5302735a,to,x2991923a,x2991923a
transformer,t5302735a,from,l2991923,l2991923
transformer,t5302735a,to,x2991923a,x2991923a
transformer,t5260529c,from,l3217053,l3217053
transformer,t5260529c,to,x3217053c,x3217053c
transformer,t5260529c,from,l3217053,l3217053
transformer,t5260529c,to,x3217053c,x3217053c
transformer,t5338933b,from,l3216345,l3216345
transformer,t5338933b,to,x3216345b,x3216345b
transformer,t5338933b,from,l3216345,l3216345
transformer,t5338933b,to,x3216345b,x3216345b
transformer,t5247059a,from,l2766721,l2766721
transformer,t5247059a,to,x2766721a,x2766721a
transformer,t5247059a,from,l2766721,l2766721
transformer,t5247059a,to,x2766721a,x2766721a
transformer,t226024307b,from,l3119793,l3119793
transformer,t226024307b,to,x3119793b,x3119793b
transformer,t226024307b,from,l3119793,l3119793
transformer,t226024307b,to,x3119793b,x3119793b
transformer,t5294788a,from,l2821010,l2821010
transformer,t5294788a,to,x2821010a,x2821010a
transformer,t5294788a,from,l2821010,l2821010
transformer,t5294788a,to,x2821010a,x2821010a
transformer,t5321890c,from,l3104118,l3104118
transformer,t5321890c,to,x3104118c,x3104118c
transformer,t5321890c,from,l3104118,l3104118
transformer,t5321890c,to,x3104118c,x3104118c
transformer,t5337678a,from,l3160101,l3160101
transformer,t5337678a,to,x3160101a,x3160101a
transformer,t5337678a,from,l3160101,l3160101
transformer,t5337678a,to,x3160101a,x3160101a
transformer,t5328364c,from,l2692633,l2692633
transformer,t5328364c,to,x2692633c,x2692633c
transformer,t5328364c,from,l2692633,l2692633
transformer,t5328364c,to,x2692633c,x2692633c
transformer,t5138374c,from,l2691950,l2691950
transformer,t5138374c,to,x2691950c,x2691950c
transformer,t5138374c,from,l2691950,l2691950
transformer,t5138374c,to,x2691950c,x2691950c
transformer,t5355603b,from,l3160108,l3160108
transformer,t5355603b,to,x3160108b,x3160108b
transformer,t5355603b,from,l3160108,l3160108
transformer,t5355603b,to,x3160108b,x3160108b
transformer,t5338999b,from,l2822873,l2822873
transformer,t5338999b,to,x2822873b,x2822873b
transformer,t5338999b,from,l2822873,l2822873
transformer,t5338999b,to,x2822873b,x2822873b
transformer,t5260586b,from,l3048887,l3048887
transformer,t5260586b,to,x3048887b,x3048887b
transformer,t5260586b,from,l3048887,l3048887
transformer,t5260586b,to,x3048887b,x3048887b
transformer,t5338995b,from,l3254227,l3254227
transformer,t5338995b,to,x3254227b,x3254227b
transformer,t5338995b,from,l3254227,l3254227
transformer,t5338995b,to,x3254227b,x3254227b
transformer,t5260484a,from,l2992624,l2992624
transformer,t5260484a,to,x2992624a,x2992624a
transformer,t5260484a,from,l2992624,l2992624
transformer,t5260484a,to,x2992624a,x2992624a
transformer,t227100746a,from,l3226771,l3226771
transformer,t227100746a,to,x3226771a,x3226771a
transformer,t227100746a,from,l3226771,l3226771
transformer,t227100746a,to,x3226771a,x3226771a
transformer,t5356794c,from,l3086002,l3086002
transformer,t5356794c,to,x3086002c,x3086002c
transformer,t5356794c,from,l3086002,l3086002
transformer,t5356794c,to,x3086002c,x3086002c
transformer,t5351020c,from,l3045895,l3045895
transformer,t5351020c,to,x3045895c,x3045895c
transformer,t5351020c,from,l3045895,l3045895
transformer,t5351020c,to,x3045895c,x3045895c
transformer,t5338935b,from,l2973160,l2973160
transformer,t5338935b,to,x2973160b,x2973160b
transformer,t5338935b,from,l2973160,l2973160
transformer,t5338935b,to,x2973160b,x2973160b
transformer,t226193078a,from,l2764403,l2764403
transformer,t226193078a,to,x2764403a,x2764403a
transformer,t226193078a,from,l2764403,l2764403
transformer,t226193078a,to,x2764403a,x2764403a
transformer,t21031694b,from,l3122812,l3122812
transformer,t21031694b,to,x3122812b,x3122812b
transformer,t21031694b,from,l3122812,l3122812
transformer,t21031694b,to,x3122812b,x3122812b
transformer,t226193892b,from,l3176660,l3176660
transformer,t226193892b,to,x3176660b,x3176660b
transformer,t226193892b,from,l3176660,l3176660
transformer,t226193892b,to,x3176660b,x3176660b
transformer,t21399619c,from,l2991943,l2991943
transformer,t21399619c,to,x2991943c,x2991943c
transformer,t21399619c,from,l2991943,l2991943
transformer,t21399619c,to,x2991943c,x2991943c
transformer,t5321887c,from,l2691941,l2691941
transformer,t5321887c,to,x2691941c,x2691941c
transformer,t5321887c,from,l2691941,l2691941
transformer,t5321887c,to,x2691941c,x2691941c
transformer,t225534325a,from,l2983432,l2983432
transformer,t225534325a,to,x2983432a,x2983432a
transformer,t225534325a,from,l2983432,l2983432
transformer,t225534325a,to,x2983432a,x2983432a
transformer,t228219458b,from,l3215549,l3215549
transformer,t228219458b,to,x3215549b,x3215549b
transformer,t228219458b,from,l3215549,l3215549
transformer,t228219458b,to,x3215549b,x3215549b
transformer,t5260543c,from,l2955077,l2955077
transformer,t5260543c,to,x2955077c,x2955077c
transformer,t5260543c,from,l2955077,l2955077
transformer,t5260543c,to,x2955077c,x2955077c
transformer,t5337722a,from,l2973157,l2973157
transformer,t5337722a,to,x2973157a,x2973157a
transformer,t5337722a,from,l2973157,l2973157
transformer,t5337722a,to,x2973157a,x2973157a
transformer,t5138379c,from,l2691951,l2691951
transformer,t5138379c,to,x2691951c,x2691951c
transformer,t5138379c,from,l2691951,l2691951
transformer,t5138379c,to,x2691951c,x2691951c
transformer,t5260480c,from,l3030199,l3030199
transformer,t5260480c,to,x3030199c,x3030199c
transformer,t5260480c,from,l3030199,l3030199
transformer,t5260480c,to,x3030199c,x3030199c
transformer,t21389307c,from,l2692655,l2692655
transformer,t21389307c,to,x2692655c,x2692655c
transformer,t21389307c,from,l2692655,l2692655
transformer,t21389307c,to,x2692655c,x2692655c
transformer,t21399752a,from,l2785546,l2785546
transformer,t21399752a,to,x2785546a,x2785546a
transformer,t21399752a,from,l2785546,l2785546
transformer,t21399752a,to,x2785546a,x2785546a
transformer,t21400185a,from,l2935559,l2935559
transformer,t21400185a,to,x2935559a,x2935559a
transformer,t21400185a,from,l2935559,l2935559
transformer,t21400185a,to,x2935559a,x2935559a
transformer,t5338927a,from,l2972930,l2972930
transformer,t5338927a,to,x2972930a,x2972930a
transformer,t5338927a,from,l2972930,l2972930
transformer,t5338927a,to,x2972930a,x2972930a
transformer,t5338922b,from,l2822866,l2822866
transformer,t5338922b,to,x2822866b,x2822866b
transformer,t5338922b,from,l2822866,l2822866
transformer,t5338922b,to,x2822866b,x2822866b
transformer,t21382813a,from,l2748781,l2748781
transformer,t21382813a,to,x2748781a,x2748781a
transformer,t21382813a,from,l2748781,l2748781
transformer,t21382813a,to,x2748781a,x2748781a
transformer,t2224230651c,from,l3645810,l3645810
transformer,t2224230651c,to,x3645810c,x3645810c
transformer,t2224230651c,from,l3645810,l3645810
transformer,t2224230651c,to,x3645810c,x3645810c
transformer,t5138380c,from,l2879076,l2879076
transformer,t5138380c,to,x2879076c,x2879076c
transformer,t5138380c,from,l2879076,l2879076
transformer,t5138380c,to,x2879076c,x2879076c
transformer,t21031684a,from,l2841616,l2841616
transformer,t21031684a,to,x2841616a,x2841616a
transformer,t21031684a,from,l2841616,l2841616
transformer,t21031684a,to,x2841616a,x2841616a
transformer,t5338921a,from,l2935554,l2935554
transformer,t5338921a,to,x2935554a,x2935554a
transformer,t5338921a,from,l2935554,l2935554
transformer,t5338921a,to,x2935554a,x2935554a
transformer,t5337724a,from,l2879075,l2879075
transformer,t5337724a,to,x2879075a,x2879075a
transformer,t5337724a,from,l2879075,l2879075
transformer,t5337724a,to,x2879075a,x2879075a
transformer,t28150292a,from,l2839305,l2839305
transformer,t28150292a,to,x2839305a,x2839305a
transformer,t28150292a,from,l2839305,l2839305
transformer,t28150292a,to,x2839305a,x2839305a
transformer,t21249674b,from,l2879753,l2879753
transformer,t21249674b,to,x2879753b,x2879753b
transformer,t21249674b,from,l2879753,l2879753
transformer,t21249674b,to,x2879753b,x2879753b
transformer,t5138567a,from,l2748129,l2748129
transformer,t5138567a,to,x2748129a,x2748129a
transformer,t5138567a,from,l2748129,l2748129
transformer,t5138567a,to,x2748129a,x2748129a
transformer,t5247060a,from,l2991906,l2991906
transformer,t5247060a,to,x2991906a,x2991906a
transformer,t5247060a,from,l2991906,l2991906
transformer,t5247060a,to,x2991906a,x2991906a
transformer,t5391737b,from,l2804247,l2804247
transformer,t5391737b,to,x2804247b,x2804247b
transformer,t5391737b,from,l2804247,l2804247
transformer,t5391737b,to,x2804247b,x2804247b
transformer,t226194280b,from,l3195318,l3195318
transformer,t226194280b,to,x3195318b,x3195318b
transformer,t226194280b,from,l3195318,l3195318
transformer,t226194280b,to,x3195318b,x3195318b
transformer,t5251856c,from,l3048888,l3048888
transformer,t5251856c,to,x3048888c,x3048888c
transformer,t5251856c,from,l3048888,l3048888
transformer,t5251856c,to,x3048888c,x3048888c
transformer,t5274903c,from,l2935552,l2935552
transformer,t5274903c,to,x2935552c,x2935552c
transformer,t5274903c,from,l2935552,l2935552
transformer,t5274903c,to,x2935552c,x2935552c
transformer,t226193345a,from,l2876797,l2876797
transformer,t226193345a,to,x2876797a,x2876797a
transformer,t226193345a,from,l2876797,l2876797
transformer,t226193345a,to,x2876797a,x2876797a
transformer,t5391765b,from,l3085389,l3085389
transformer,t5391765b,to,x3085389b,x3085389b
transformer,t5391765b,from,l3085389,l3085389
transformer,t5391765b,to,x3085389b,x3085389b
transformer,t5323403b,from,l2916603,l2916603
transformer,t5323403b,to,x2916603b,x2916603b
transformer,t5323403b,from,l2916603,l2916603
transformer,t5323403b,to,x2916603b,x2916603b
transformer,t21209868a,from,l2710518,l2710518
transformer,t21209868a,to,x2710518a,x2710518a
transformer,t21209868a,from,l2710518,l2710518
transformer,t21209868a,to,x2710518a,x2710518a
transformer,t5260573c,from,l3160896,l3160896
transformer,t5260573c,to,x3160896c,x3160896c
transformer,t5260573c,from,l3160896,l3160896
transformer,t5260573c,to,x3160896c,x3160896c
transformer,t5302858c,from,l2897776,l2897776
transformer,t5302858c,to,x2897776c,x2897776c
transformer,t5302858c,from,l2897776,l2897776
transformer,t5302858c,to,x2897776c,x2897776c
transformer,t225940756b,from,l2913406,l2913406
transformer,t225940756b,to,x2913406b,x2913406b
transformer,t225940756b,from,l2913406,l2913406
transformer,t225940756b,to,x2913406b,x2913406b
transformer,t5392036b,from,l2991915,l2991915
transformer,t5392036b,to,x2991915b,x2991915b
transformer,t5392036b,from,l2991915,l2991915
transformer,t5392036b,to,x2991915b,x2991915b
transformer,t5260500b,from,l2711224,l2711224
transformer,t5260500b,to,x2711224b,x2711224b
transformer,t5260500b,from,l2711224,l2711224
transformer,t5260500b,to,x2711224b,x2711224b
transformer,t28128007c,from,l2897766,l2897766
transformer,t28128007c,to,x2897766c,x2897766c
transformer,t28128007c,from,l2897766,l2897766
transformer,t28128007c,to,x2897766c,x2897766c
transformer,t5138342c,from,l2897775,l2897775
transformer,t5138342c,to,x2897775c,x2897775c
transformer,t5138342c,from,l2897775,l2897775
transformer,t5138342c,to,x2897775c,x2897775c
transformer,t5391736b,from,l3029495,l3029495
transformer,t5391736b,to,x3029495b,x3029495b
transformer,t5391736b,from,l3029495,l3029495
transformer,t5391736b,to,x3029495b,x3029495b
transformer,t225571871b,from,l2911069,l2911069
transformer,t225571871b,to,x2911069b,x2911069b
transformer,t225571871b,from,l2911069,l2911069
transformer,t225571871b,to,x2911069b,x2911069b
transformer,t5338893a,from,l3197633,l3197633
transformer,t5338893a,to,x3197633a,x3197633a
transformer,t5338893a,from,l3197633,l3197633
transformer,t5338893a,to,x3197633a,x3197633a
transformer,t21373784a,from,l3066817,l3066817
transformer,t21373784a,to,x3066817a,x3066817a
transformer,t21373784a,from,l3066817,l3066817
transformer,t21373784a,to,x3066817a,x3066817a
transformer,t21455388c,from,l2879089,l2879089
transformer,t21455388c,to,x2879089c,x2879089c
transformer,t21455388c,from,l2879089,l2879089
transformer,t21455388c,to,x2879089c,x2879089c
transformer,t226193662a,from,l3195315,l3195315
transformer,t226193662a,to,x3195315a,x3195315a
transformer,t226193662a,from,l3195315,l3195315
transformer,t226193662a,to,x3195315a,x3195315a
transformer,t5355943c,from,l2785529,l2785529
transformer,t5355943c,to,x2785529c,x2785529c
transformer,t5355943c,from,l2785529,l2785529
transformer,t5355943c,to,x2785529c,x2785529c
transformer,t5260627a,from,l2992656,l2992656
transformer,t5260627a,to,x2992656a,x2992656a
transformer,t5260627a,from,l2992656,l2992656
transformer,t5260627a,to,x2992656a,x2992656a
transformer,t5260650a,from,l2692661,l2692661
transformer,t5260650a,to,x2692661a,x2692661a
transformer,t5260650a,from,l2692661,l2692661
transformer,t5260650a,to,x2692661a,x2692661a
transformer,t5339019a,from,l3160114,l3160114
transformer,t5339019a,to,x3160114a,x3160114a
transformer,t5339019a,from,l3160114,l3160114
transformer,t5339019a,to,x3160114a,x3160114a
transformer,t5337728a,from,l3082992,l3082992
transformer,t5337728a,to,x3082992a,x3082992a
transformer,t5337728a,from,l3082992,l3082992
transformer,t5337728a,to,x3082992a,x3082992a
transformer,t5391744b,from,l2710537,l2710537
transformer,t5391744b,to,x2710537b,x2710537b
transformer,t5391744b,from,l2710537,l2710537
transformer,t5391744b,to,x2710537b,x2710537b
transformer,t5293487b,from,l3254238,l3254238
transformer,t5293487b,to,x3254238b,x3254238b
transformer,t5293487b,from,l3254238,l3254238
transformer,t5293487b,to,x3254238b,x3254238b
transformer,t227447984c,from,l2862616,l2862616
transformer,t227447984c,to,x2862616c,x2862616c
transformer,t227447984c,from,l2862616,l2862616
transformer,t227447984c,to,x2862616c,x2862616c
transformer,t5302374b,from,l2785526,l2785526
transformer,t5302374b,to,x2785526b,x2785526b
transformer,t5302374b,from,l2785526,l2785526
transformer,t5302374b,to,x2785526b,x2785526b
transformer,t227921427a,from,l2915542,l2915542
transformer,t227921427a,to,x2915542a,x2915542a
transformer,t227921427a,from,l2915542,l2915542
transformer,t227921427a,to,x2915542a,x2915542a
transformer,t227921427b,from,l2915542,l2915542
transformer,t227921427b,to,x2915542b,x2915542b
transformer,t227921427b,from,l2915542,l2915542
transformer,t227921427b,to,x2915542b,x2915542b
transformer,t227921427c,from,l2915542,l2915542
transformer,t227921427c,to,x2915542c,x2915542c
transformer,t227921427c,from,l2915542,l2915542
transformer,t227921427c,to,x2915542c,x2915542c
transformer,t5310561a,from,l3122820,l3122820
transformer,t5310561a,to,x3122820a,x3122820a
transformer,t5310561a,from,l3122820,l3122820
transformer,t5310561a,to,x3122820a,x3122820a
transformer,t5338966c,from,l3029505,l3029505
transformer,t5338966c,to,x3029505c,x3029505c
transformer,t5338966c,from,l3029505,l3029505
transformer,t5338966c,to,x3029505c,x3029505c
transformer,t28127681b,from,l2785522,l2785522
transformer,t28127681b,to,x2785522b,x2785522b
transformer,t28127681b,from,l2785522,l2785522
transformer,t28127681b,to,x2785522b,x2785522b
transformer,t21474614c,from,l2710543,l2710543
transformer,t21474614c,to,x2710543c,x2710543c
transformer,t21474614c,from,l2710543,l2710543
transformer,t21474614c,to,x2710543c,x2710543c
transformer,t5260503b,from,l2917310,l2917310
transformer,t5260503b,to,x2917310b,x2917310b
transformer,t5260503b,from,l2917310,l2917310
transformer,t5260503b,to,x2917310b,x2917310b
transformer,t226159329a,from,l3082993,l3082993
transformer,t226159329a,to,x3082993a,x3082993a
transformer,t226159329a,from,l3082993,l3082993
transformer,t226159329a,to,x3082993a,x3082993a
transformer,t2224386617a,from,l3729298,l3729298
transformer,t2224386617a,to,x3729298a,x3729298a
transformer,t2224386617a,from,l3729298,l3729298
transformer,t2224386617a,to,x3729298a,x3729298a
transformer,t5337619a,from,l2990826,l2990826
transformer,t5337619a,to,x2990826a,x2990826a
transformer,t5337619a,from,l2990826,l2990826
transformer,t5337619a,to,x2990826a,x2990826a
transformer,t5337619b,from,l2990826,l2990826
transformer,t5337619b,to,x2990826b,x2990826b
transformer,t5337619b,from,l2990826,l2990826
transformer,t5337619b,to,x2990826b,x2990826b
transformer,t5337619c,from,l2990826,l2990826
transformer,t5337619c,to,x2990826c,x2990826c
transformer,t5337619c,from,l2990826,l2990826
transformer,t5337619c,to,x2990826c,x2990826c
transformer,t5338985a,from,l2897792,l2897792
transformer,t5338985a,to,x2897792a,x2897792a
transformer,t5338985a,from,l2897792,l2897792
transformer,t5338985a,to,x2897792a,x2897792a
transformer,t5302509c,from,l2804261,l2804261
transformer,t5302509c,to,x2804261c,x2804261c
transformer,t5302509c,from,l2804261,l2804261
transformer,t5302509c,to,x2804261c,x2804261c
transformer,t227100753a,from,l3189190,l3189190
transformer,t227100753a,to,x3189190a,x3189190a
transformer,t227100753a,from,l3189190,l3189190
transformer,t227100753a,to,x3189190a,x3189190a
transformer,t5355375a,from,l2689691,l2689691
transformer,t5355375a,to,x2689691a,x2689691a
transformer,t5355375a,from,l2689691,l2689691
transformer,t5355375a,to,x2689691a,x2689691a
transformer,t5293681a,from,l3195751,l3195751
transformer,t5293681a,to,x3195751a,x3195751a
transformer,t5293681a,from,l3195751,l3195751
transformer,t5293681a,to,x3195751a,x3195751a
transformer,t5338957c,from,l2785517,l2785517
transformer,t5338957c,to,x2785517c,x2785517c
transformer,t5338957c,from,l2785517,l2785517
transformer,t5338957c,to,x2785517c,x2785517c
transformer,t5275007c,from,l2916606,l2916606
transformer,t5275007c,to,x2916606c,x2916606c
transformer,t5275007c,from,l2916606,l2916606
transformer,t5275007c,to,x2916606c,x2916606c
transformer,t21399112c,from,l3254217,l3254217
transformer,t21399112c,to,x3254217c,x3254217c
transformer,t21399112c,from,l3254217,l3254217
transformer,t21399112c,to,x3254217c,x3254217c
transformer,t21380156b,from,l2841641,l2841641
transformer,t21380156b,to,x2841641b,x2841641b
transformer,t21380156b,from,l2841641,l2841641
transformer,t21380156b,to,x2841641b,x2841641b
transformer,t5321840b,from,l2804256,l2804256
transformer,t5321840b,to,x2804256b,x2804256b
transformer,t5321840b,from,l2804256,l2804256
transformer,t5321840b,to,x2804256b,x2804256b
transformer,t28120183c,from,l3122818,l3122818
transformer,t28120183c,to,x3122818c,x3122818c
transformer,t28120183c,from,l3122818,l3122818
transformer,t28120183c,to,x3122818c,x3122818c
transformer,t5302732a,from,l2691953,l2691953
transformer,t5302732a,to,x2691953a,x2691953a
transformer,t5302732a,from,l2691953,l2691953
transformer,t5302732a,to,x2691953a,x2691953a
transformer,t5260487a,from,l2692654,l2692654
transformer,t5260487a,to,x2692654a,x2692654a
transformer,t5260487a,from,l2692654,l2692654
transformer,t5260487a,to,x2692654a,x2692654a
transformer,t5323279b,from,l3235246,l3235246
transformer,t5323279b,to,x3235246b,x3235246b
transformer,t5323279b,from,l3235246,l3235246
transformer,t5323279b,to,x3235246b,x3235246b
transformer,t5260542a,from,l2955078,l2955078
transformer,t5260542a,to,x2955078a,x2955078a
transformer,t5260542a,from,l2955078,l2955078
transformer,t5260542a,to,x2955078a,x2955078a
transformer,t226311345b,from,l3139598,l3139598
transformer,t226311345b,to,x3139598b,x3139598b
transformer,t226311345b,from,l3139598,l3139598
transformer,t226311345b,to,x3139598b,x3139598b
transformer,t21459651c,from,l2763812,l2763812
transformer,t21459651c,to,x2763812c,x2763812c
transformer,t21459651c,from,l2763812,l2763812
transformer,t21459651c,to,x2763812c,x2763812c
transformer,t5351019c,from,l2767414,l2767414
transformer,t5351019c,to,x2767414c,x2767414c
transformer,t5351019c,from,l2767414,l2767414
transformer,t5351019c,to,x2767414c,x2767414c
transformer,t5391749b,from,l2991918,l2991918
transformer,t5391749b,to,x2991918b,x2991918b
transformer,t5391749b,from,l2991918,l2991918
transformer,t5391749b,to,x2991918b,x2991918b
transformer,t5321159a,from,l3008248,l3008248
transformer,t5321159a,to,x3008248a,x3008248a
transformer,t5321159a,from,l3008248,l3008248
transformer,t5321159a,to,x3008248a,x3008248a
transformer,t5260515a,from,l3160865,l3160865
transformer,t5260515a,to,x3160865a,x3160865a
transformer,t5260515a,from,l3160865,l3160865
transformer,t5260515a,to,x3160865a,x3160865a
transformer,t5355606b,from,l3029510,l3029510
transformer,t5355606b,to,x3029510b,x3029510b
transformer,t5355606b,from,l3029510,l3029510
transformer,t5355606b,to,x3029510b,x3029510b
transformer,t5321891c,from,l2748126,l2748126
transformer,t5321891c,to,x2748126c,x2748126c
transformer,t5321891c,from,l2748126,l2748126
transformer,t5321891c,to,x2748126c,x2748126c
transformer,t21399826a,from,l3216358,l3216358
transformer,t21399826a,to,x3216358a,x3216358a
transformer,t21399826a,from,l3216358,l3216358
transformer,t21399826a,to,x3216358a,x3216358a
transformer,t5260458b,from,l2936276,l2936276
transformer,t5260458b,to,x2936276b,x2936276b
transformer,t5260458b,from,l2936276,l2936276
transformer,t5260458b,to,x2936276b,x2936276b
transformer,t22112168874c,from,l2729207,l2729207
transformer,t22112168874c,to,x2729207c,x2729207c
transformer,t22112168874c,from,l2729207,l2729207
transformer,t22112168874c,to,x2729207c,x2729207c
transformer,t5337634c,from,l2897768,l2897768
transformer,t5337634c,to,x2897768c,x2897768c
transformer,t5337634c,from,l2897768,l2897768
transformer,t5337634c,to,x2897768c,x2897768c
transformer,t21386065c,from,l2917255,l2917255
transformer,t21386065c,to,x2917255c,x2917255c
transformer,t21386065c,from,l2917255,l2917255
transformer,t21386065c,to,x2917255c,x2917255c
transformer,t226192890c,from,l2933120,l2933120
transformer,t226192890c,to,x2933120c,x2933120c
transformer,t226192890c,from,l2933120,l2933120
transformer,t226192890c,to,x2933120c,x2933120c
transformer,t225498968b,from,l2684420,l2684420
transformer,t225498968b,to,x2684420b,x2684420b
transformer,t225498968b,from,l2684420,l2684420
transformer,t225498968b,to,x2684420b,x2684420b
transformer,t5391986a,from,l2766723,l2766723
transformer,t5391986a,to,x2766723a,x2766723a
transformer,t5391986a,from,l2766723,l2766723
transformer,t5391986a,to,x2766723a,x2766723a
transformer,t5138645b,from,l3104120,l3104120
transformer,t5138645b,to,x3104120b,x3104120b
transformer,t5138645b,from,l3104120,l3104120
transformer,t5138645b,to,x3104120b,x3104120b
transformer,t5337693b,from,l3066813,l3066813
transformer,t5337693b,to,x3066813b,x3066813b
transformer,t5337693b,from,l3066813,l3066813
transformer,t5337693b,to,x3066813b,x3066813b
transformer,t5323236b,from,l2822860,l2822860
transformer,t5323236b,to,x2822860b,x2822860b
transformer,t5323236b,from,l2822860,l2822860
transformer,t5323236b,to,x2822860b,x2822860b
transformer,t226197070a,from,l2933135,l2933135
transformer,t226197070a,to,x2933135a,x2933135a
transformer,t226197070a,from,l2933135,l2933135
transformer,t226197070a,to,x2933135a,x2933135a
transformer,t2224237384a,from,l3649298,l3649298
transformer,t2224237384a,to,x3649298a,x3649298a
transformer,t2224237384a,from,l3649298,l3649298
transformer,t2224237384a,to,x3649298a,x3649298a
transformer,t5391755b,from,l3104130,l3104130
transformer,t5391755b,to,x3104130b,x3104130b
transformer,t5391755b,from,l3104130,l3104130
transformer,t5391755b,to,x3104130b,x3104130b
transformer,t5338986a,from,l2785538,l2785538
transformer,t5338986a,to,x2785538a,x2785538a
transformer,t5338986a,from,l2785538,l2785538
transformer,t5338986a,to,x2785538a,x2785538a
transformer,t5293423b,from,l3122849,l3122849
transformer,t5293423b,to,x3122849b,x3122849b
transformer,t5293423b,from,l3122849,l3122849
transformer,t5293423b,to,x3122849b,x3122849b
transformer,t5260475a,from,l2879794,l2879794
transformer,t5260475a,to,x2879794a,x2879794a
transformer,t5260475a,from,l2879794,l2879794
transformer,t5260475a,to,x2879794a,x2879794a
transformer,t5338894a,from,l2879069,l2879069
transformer,t5338894a,to,x2879069a,x2879069a
transformer,t5338894a,from,l2879069,l2879069
transformer,t5338894a,to,x2879069a,x2879069a
transformer,t5138560a,from,l3104113,l3104113
transformer,t5138560a,to,x3104113a,x3104113a
transformer,t5138560a,from,l3104113,l3104113
transformer,t5138560a,to,x3104113a,x3104113a
transformer,t5260473a,from,l2861222,l2861222
transformer,t5260473a,to,x2861222a,x2861222a
transformer,t5260473a,from,l2861222,l2861222
transformer,t5260473a,to,x2861222a,x2861222a
transformer,t21197413c,from,l3141411,l3141411
transformer,t21197413c,to,x3141411c,x3141411c
transformer,t21197413c,from,l3141411,l3141411
transformer,t21197413c,to,x3141411c,x3141411c
transformer,t5294843a,from,l3178982,l3178982
transformer,t5294843a,to,x3178982a,x3178982a
transformer,t5294843a,from,l3178982,l3178982
transformer,t5294843a,to,x3178982a,x3178982a
transformer,t5247036c,from,l3029498,l3029498
transformer,t5247036c,to,x3029498c,x3029498c
transformer,t5247036c,from,l3029498,l3029498
transformer,t5247036c,to,x3029498c,x3029498c
transformer,t5355843a,from,l2952013,l2952013
transformer,t5355843a,to,x2952013a,x2952013a
transformer,t5355843a,from,l2952013,l2952013
transformer,t5355843a,to,x2952013a,x2952013a
transformer,t5391751b,from,l2860488,l2860488
transformer,t5391751b,to,x2860488b,x2860488b
transformer,t5391751b,from,l2860488,l2860488
transformer,t5391751b,to,x2860488b,x2860488b
transformer,t5302812c,from,l2691945,l2691945
transformer,t5302812c,to,x2691945c,x2691945c
transformer,t5302812c,from,l2691945,l2691945
transformer,t5302812c,to,x2691945c,x2691945c
transformer,t226308731a,from,l3214549,l3214549
transformer,t226308731a,to,x3214549a,x3214549a
transformer,t226308731a,from,l3214549,l3214549
transformer,t226308731a,to,x3214549a,x3214549a
transformer,t21396867a,from,l2710536,l2710536
transformer,t21396867a,to,x2710536a,x2710536a
transformer,t21396867a,from,l2710536,l2710536
transformer,t21396867a,to,x2710536a,x2710536a
transformer,t5356811a,from,l2804956,l2804956
transformer,t5356811a,to,x2804956a,x2804956a
transformer,t5356811a,from,l2804956,l2804956
transformer,t5356811a,to,x2804956a,x2804956a
transformer,t5302811c,from,l3160105,l3160105
transformer,t5302811c,to,x3160105c,x3160105c
transformer,t5302811c,from,l3160105,l3160105
transformer,t5302811c,to,x3160105c,x3160105c
transformer,t5294845a,from,l3010563,l3010563
transformer,t5294845a,to,x3010563a,x3010563a
transformer,t5294845a,from,l3010563,l3010563
transformer,t5294845a,to,x3010563a,x3010563a
transformer,t2224237380a,from,l3649297,l3649297
transformer,t2224237380a,to,x3649297a,x3649297a
transformer,t2224237380a,from,l3649297,l3649297
transformer,t2224237380a,to,x3649297a,x3649297a
transformer,t21386877a,from,l2823611,l2823611
transformer,t21386877a,to,x2823611a,x2823611a
transformer,t21386877a,from,l2823611,l2823611
transformer,t21386877a,to,x2823611a,x2823611a
transformer,t5138586c,from,l2860487,l2860487
transformer,t5138586c,to,x2860487c,x2860487c
transformer,t5138586c,from,l2860487,l2860487
transformer,t5138586c,to,x2860487c,x2860487c
transformer,t5247122b,from,l3197629,l3197629
transformer,t5247122b,to,x3197629b,x3197629b
transformer,t5247122b,from,l3197629,l3197629
transformer,t5247122b,to,x3197629b,x3197629b
transformer,t5323400b,from,l2691943,l2691943
transformer,t5323400b,to,x2691943b,x2691943b
transformer,t5323400b,from,l2691943,l2691943
transformer,t5323400b,to,x2691943b,x2691943b
transformer,t21397029a,from,l2673311,l2673311
transformer,t21397029a,to,x2673311a,x2673311a
transformer,t21397029a,from,l2673311,l2673311
transformer,t21397029a,to,x2673311a,x2673311a
transformer,t5356791c,from,l2767343,l2767343
transformer,t5356791c,to,x2767343c,x2767343c
transformer,t5356791c,from,l2767343,l2767343
transformer,t5356791c,to,x2767343c,x2767343c
transformer,t5337646b,from,l2879063,l2879063
transformer,t5337646b,to,x2879063b,x2879063b
transformer,t5337646b,from,l2879063,l2879063
transformer,t5337646b,to,x2879063b,x2879063b
transformer,t5138716c,from,l3254219,l3254219
transformer,t5138716c,to,x3254219c,x3254219c
transformer,t5138716c,from,l3254219,l3254219
transformer,t5138716c,to,x3254219c,x3254219c
transformer,t5339004b,from,l3197653,l3197653
transformer,t5339004b,to,x3197653b,x3197653b
transformer,t5339004b,from,l3197653,l3197653
transformer,t5339004b,to,x3197653b,x3197653b
transformer,t5355602b,from,l3251806,l3251806
transformer,t5355602b,to,x3251806b,x3251806b
transformer,t5355602b,from,l3251806,l3251806
transformer,t5355602b,to,x3251806b,x3251806b
transformer,t5337653b,from,l2673308,l2673308
transformer,t5337653b,to,x2673308b,x2673308b
transformer,t5337653b,from,l2673308,l2673308
transformer,t5337653b,to,x2673308b,x2673308b
transformer,t5323233b,from,l3254203,l3254203
transformer,t5323233b,to,x3254203b,x3254203b
transformer,t5323233b,from,l3254203,l3254203
transformer,t5323233b,to,x3254203b,x3254203b
transformer,t28120126a,from,l2814529,l2814529
transformer,t28120126a,to,x2814529a,x2814529a
transformer,t28120126a,from,l2814529,l2814529
transformer,t28120126a,to,x2814529a,x2814529a
transformer,t28120126b,from,l2814529,l2814529
transformer,t28120126b,to,x2814529b,x2814529b
transformer,t28120126b,from,l2814529,l2814529
transformer,t28120126b,to,x2814529b,x2814529b
transformer,t28120126c,from,l2814529,l2814529
transformer,t28120126c,to,x2814529c,x2814529c
transformer,t28120126c,from,l2814529,l2814529
transformer,t28120126c,to,x2814529c,x2814529c
transformer,t5223658a,from,l2823592,l2823592
transformer,t5223658a,to,x2823592a,x2823592a
transformer,t5223658a,from,l2823592,l2823592
transformer,t5223658a,to,x2823592a,x2823592a
transformer,t5138652c,from,l2766718,l2766718
transformer,t5138652c,to,x2766718c,x2766718c
transformer,t5138652c,from,l2766718,l2766718
transformer,t5138652c,to,x2766718c,x2766718c
transformer,t227678342c,from,l2727795,l2727795
transformer,t227678342c,to,x2727795c,x2727795c
transformer,t227678342c,from,l2727795,l2727795
transformer,t227678342c,to,x2727795c,x2727795c
transformer,t21249647b,from,l2955055,l2955055
transformer,t21249647b,to,x2955055b,x2955055b
transformer,t21249647b,from,l2955055,l2955055
transformer,t21249647b,to,x2955055b,x2955055b
transformer,t5337700b,from,l2766722,l2766722
transformer,t5337700b,to,x2766722b,x2766722b
transformer,t5337700b,from,l2766722,l2766722
transformer,t5337700b,to,x2766722b,x2766722b
transformer,t5356790c,from,l2804957,l2804957
transformer,t5356790c,to,x2804957c,x2804957c
transformer,t5356790c,from,l2804957,l2804957
transformer,t5356790c,to,x2804957c,x2804957c
transformer,t5302392a,from,l3010570,l3010570
transformer,t5302392a,to,x3010570a,x3010570a
transformer,t5302392a,from,l3010570,l3010570
transformer,t5302392a,to,x3010570a,x3010570a
transformer,t2224237391a,from,l3649299,l3649299
transformer,t2224237391a,to,x3649299a,x3649299a
transformer,t2224237391a,from,l3649299,l3649299
transformer,t2224237391a,to,x3649299a,x3649299a
transformer,t5138470c,from,l2766717,l2766717
transformer,t5138470c,to,x2766717c,x2766717c
transformer,t5138470c,from,l2766717,l2766717
transformer,t5138470c,to,x2766717c,x2766717c
transformer,t5260581c,from,l3254870,l3254870
transformer,t5260581c,to,x3254870c,x3254870c
transformer,t5260581c,from,l3254870,l3254870
transformer,t5260581c,to,x3254870c,x3254870c
transformer,t226191951b,from,l2801895,l2801895
transformer,t226191951b,to,x2801895b,x2801895b
transformer,t226191951b,from,l2801895,l2801895
transformer,t226191951b,to,x2801895b,x2801895b
transformer,t5392037b,from,l2673320,l2673320
transformer,t5392037b,to,x2673320b,x2673320b
transformer,t5392037b,from,l2673320,l2673320
transformer,t5392037b,to,x2673320b,x2673320b
transformer,t5138797b,from,l3198358,l3198358
transformer,t5138797b,to,x3198358b,x3198358b
transformer,t5138797b,from,l3198358,l3198358
transformer,t5138797b,to,x3198358b,x3198358b
transformer,t5251857c,from,l3064514,l3064514
transformer,t5251857c,to,x3064514c,x3064514c
transformer,t5251857c,from,l3064514,l3064514
transformer,t5251857c,to,x3064514c,x3064514c
transformer,t5293644a,from,l2729429,l2729429
transformer,t5293644a,to,x2729429a,x2729429a
transformer,t5293644a,from,l2729429,l2729429
transformer,t5293644a,to,x2729429a,x2729429a
transformer,t21396606c,from,l2785525,l2785525
transformer,t21396606c,to,x2785525c,x2785525c
transformer,t21396606c,from,l2785525,l2785525
transformer,t21396606c,to,x2785525c,x2785525c
transformer,t21395720c,from,l2860492,l2860492
transformer,t21395720c,to,x2860492c,x2860492c
transformer,t21395720c,from,l2860492,l2860492
transformer,t21395720c,to,x2860492c,x2860492c
transformer,t5338897a,from,l2973154,l2973154
transformer,t5338897a,to,x2973154a,x2973154a
transformer,t5338897a,from,l2973154,l2973154
transformer,t5338897a,to,x2973154a,x2973154a
transformer,t5355935a,from,l2691973,l2691973
transformer,t5355935a,to,x2691973a,x2691973a
transformer,t5355935a,from,l2691973,l2691973
transformer,t5355935a,to,x2691973a,x2691973a
transformer,t5274988c,from,l3085394,l3085394
transformer,t5274988c,to,x3085394c,x3085394c
transformer,t5274988c,from,l3085394,l3085394
transformer,t5274988c,to,x3085394c,x3085394c
transformer,t5323282b,from,l2897791,l2897791
transformer,t5323282b,to,x2897791b,x2897791b
transformer,t5323282b,from,l2897791,l2897791
transformer,t5323282b,to,x2897791b,x2897791b
transformer,t226109079a,from,l2726983,l2726983
transformer,t226109079a,to,x2726983a,x2726983a
transformer,t226109079a,from,l2726983,l2726983
transformer,t226109079a,to,x2726983a,x2726983a
transformer,t5207287b,from,l2711234,l2711234
transformer,t5207287b,to,x2711234b,x2711234b
transformer,t5207287b,from,l2711234,l2711234
transformer,t5207287b,to,x2711234b,x2711234b
transformer,t5302510c,from,l3178980,l3178980
transformer,t5302510c,to,x3178980c,x3178980c
transformer,t5302510c,from,l3178980,l3178980
transformer,t5302510c,to,x3178980c,x3178980c
transformer,t2224387053a,from,l3728039,l3728039
transformer,t2224387053a,to,x3728039a,x3728039a
transformer,t2224387053a,from,l3728039,l3728039
transformer,t2224387053a,to,x3728039a,x3728039a
transformer,t5260631a,from,l2786266,l2786266
transformer,t5260631a,to,x2786266a,x2786266a
transformer,t5260631a,from,l2786266,l2786266
transformer,t5260631a,to,x2786266a,x2786266a
transformer,t5355618b,from,l2954338,l2954338
transformer,t5355618b,to,x2954338b,x2954338b
transformer,t5355618b,from,l2954338,l2954338
transformer,t5355618b,to,x2954338b,x2954338b
transformer,t5260575b,from,l3254869,l3254869
transformer,t5260575b,to,x3254869b,x3254869b
transformer,t5260575b,from,l3254869,l3254869
transformer,t5260575b,to,x3254869b,x3254869b
transformer,t5350993c,from,l3198356,l3198356
transformer,t5350993c,to,x3198356c,x3198356c
transformer,t5350993c,from,l3198356,l3198356
transformer,t5350993c,to,x3198356c,x3198356c
transformer,t5260481c,from,l2730163,l2730163
transformer,t5260481c,to,x2730163c,x2730163c
transformer,t5260481c,from,l2730163,l2730163
transformer,t5260481c,to,x2730163c,x2730163c
transformer,t5260641b,from,l3048965,l3048965
transformer,t5260641b,to,x3048965b,x3048965b
transformer,t5260641b,from,l3048965,l3048965
transformer,t5260641b,to,x3048965b,x3048965b
transformer,t5337650a,from,l3010561,l3010561
transformer,t5337650a,to,x3010561a,x3010561a
transformer,t5337650a,from,l3010561,l3010561
transformer,t5337650a,to,x3010561a,x3010561a
transformer,t5355780b,from,l3160102,l3160102
transformer,t5355780b,to,x3160102b,x3160102b
transformer,t5355780b,from,l3160102,l3160102
transformer,t5355780b,to,x3160102b,x3160102b
transformer,t5275002c,from,l3066806,l3066806
transformer,t5275002c,to,x3066806c,x3066806c
transformer,t5275002c,from,l3066806,l3066806
transformer,t5275002c,to,x3066806c,x3066806c
transformer,t21452406b,from,l3216361,l3216361
transformer,t21452406b,to,x3216361b,x3216361b
transformer,t21452406b,from,l3216361,l3216361
transformer,t21452406b,to,x3216361b,x3216361b
transformer,t21399326c,from,l2879092,l2879092
transformer,t21399326c,to,x2879092c,x2879092c
transformer,t21399326c,from,l2879092,l2879092
transformer,t21399326c,to,x2879092c,x2879092c
transformer,t5338964c,from,l3104117,l3104117
transformer,t5338964c,to,x3104117c,x3104117c
transformer,t5338964c,from,l3104117,l3104117
transformer,t5338964c,to,x3104117c,x3104117c
transformer,t28119958b,from,l2935568,l2935568
transformer,t28119958b,to,x2935568b,x2935568b
transformer,t28119958b,from,l2935568,l2935568
transformer,t28119958b,to,x2935568b,x2935568b
transformer,t21381118b,from,l2710530,l2710530
transformer,t21381118b,to,x2710530b,x2710530b
transformer,t21381118b,from,l2710530,l2710530
transformer,t21381118b,to,x2710530b,x2710530b
transformer,t5337673a,from,l2841618,l2841618
transformer,t5337673a,to,x2841618a,x2841618a
transformer,t5337673a,from,l2841618,l2841618
transformer,t5337673a,to,x2841618a,x2841618a
transformer,t2224387138a,from,l3728043,l3728043
transformer,t2224387138a,to,x3728043a,x3728043a
transformer,t2224387138a,from,l3728043,l3728043
transformer,t2224387138a,to,x3728043a,x3728043a
transformer,t5323243b,from,l2897765,l2897765
transformer,t5323243b,to,x2897765b,x2897765b
transformer,t5323243b,from,l2897765,l2897765
transformer,t5323243b,to,x2897765b,x2897765b
transformer,t5138564a,from,l2804283,l2804283
transformer,t5138564a,to,x2804283a,x2804283a
transformer,t5138564a,from,l2804283,l2804283
transformer,t5138564a,to,x2804283a,x2804283a
transformer,t223400157c,from,l3150961,l3150961
transformer,t223400157c,to,x3150961c,x3150961c
transformer,t223400157c,from,l3150961,l3150961
transformer,t223400157c,to,x3150961c,x3150961c
transformer,t227989724b,from,l2859391,l2859391
transformer,t227989724b,to,x2859391b,x2859391b
transformer,t227989724b,from,l2859391,l2859391
transformer,t227989724b,to,x2859391b,x2859391b
transformer,t5355592b,from,l3254206,l3254206
transformer,t5355592b,to,x3254206b,x3254206b
transformer,t5355592b,from,l3254206,l3254206
transformer,t5355592b,to,x3254206b,x3254206b
transformer,t5138565a,from,l3104122,l3104122
transformer,t5138565a,to,x3104122a,x3104122a
transformer,t5138565a,from,l3104122,l3104122
transformer,t5138565a,to,x3104122a,x3104122a
transformer,t5138720a,from,l3254218,l3254218
transformer,t5138720a,to,x3254218a,x3254218a
transformer,t5138720a,from,l3254218,l3254218
transformer,t5138720a,to,x3254218a,x3254218a
transformer,t5338913b,from,l2804255,l2804255
transformer,t5338913b,to,x2804255b,x2804255b
transformer,t5338913b,from,l2804255,l2804255
transformer,t5338913b,to,x2804255b,x2804255b
transformer,t21470326a,from,l2766748,l2766748
transformer,t21470326a,to,x2766748a,x2766748a
transformer,t21470326a,from,l2766748,l2766748
transformer,t21470326a,to,x2766748a,x2766748a
transformer,t5355600b,from,l2691938,l2691938
transformer,t5355600b,to,x2691938b,x2691938b
transformer,t5355600b,from,l2691938,l2691938
transformer,t5355600b,to,x2691938b,x2691938b
transformer,t226308728a,from,l3027671,l3027671
transformer,t226308728a,to,x3027671a,x3027671a
transformer,t226308728a,from,l3027671,l3027671
transformer,t226308728a,to,x3027671a,x3027671a
transformer,t5323265b,from,l2860501,l2860501
transformer,t5323265b,to,x2860501b,x2860501b
transformer,t5323265b,from,l2860501,l2860501
transformer,t5323265b,to,x2860501b,x2860501b
transformer,t5391750b,from,l2897764,l2897764
transformer,t5391750b,to,x2897764b,x2897764b
transformer,t5391750b,from,l2897764,l2897764
transformer,t5391750b,to,x2897764b,x2897764b
transformer,t5260494b,from,l3068944,l3068944
transformer,t5260494b,to,x3068944b,x3068944b
transformer,t5260494b,from,l3068944,l3068944
transformer,t5260494b,to,x3068944b,x3068944b
transformer,t5138770a,from,l2897781,l2897781
transformer,t5138770a,to,x2897781a,x2897781a
transformer,t5138770a,from,l2897781,l2897781
transformer,t5138770a,to,x2897781a,x2897781a
transformer,t5302637a,from,l2748132,l2748132
transformer,t5302637a,to,x2748132a,x2748132a
transformer,t5302637a,from,l2748132,l2748132
transformer,t5302637a,to,x2748132a,x2748132a
transformer,t5302367b,from,l2766727,l2766727
transformer,t5302367b,to,x2766727b,x2766727b
transformer,t5302367b,from,l2766727,l2766727
transformer,t5302367b,to,x2766727b,x2766727b
transformer,t5391739b,from,l2954339,l2954339
transformer,t5391739b,to,x2954339b,x2954339b
transformer,t5391739b,from,l2954339,l2954339
transformer,t5391739b,to,x2954339b,x2954339b
transformer,t28120855a,from,l2673316,l2673316
transformer,t28120855a,to,x2673316a,x2673316a
transformer,t28120855a,from,l2673316,l2673316
transformer,t28120855a,to,x2673316a,x2673316a
transformer,t2224237713a,from,l3649304,l3649304
transformer,t2224237713a,to,x3649304a,x3649304a
transformer,t2224237713a,from,l3649304,l3649304
transformer,t2224237713a,to,x3649304a,x3649304a
transformer,t5323241b,from,l2710508,l2710508
transformer,t5323241b,to,x2710508b,x2710508b
transformer,t5323241b,from,l2710508,l2710508
transformer,t5323241b,to,x2710508b,x2710508b
transformer,t5138679a,from,l2710520,l2710520
transformer,t5138679a,to,x2710520a,x2710520a
transformer,t5138679a,from,l2710520,l2710520
transformer,t5138679a,to,x2710520a,x2710520a
transformer,t5302813c,from,l3010567,l3010567
transformer,t5302813c,to,x3010567c,x3010567c
transformer,t5302813c,from,l3010567,l3010567
transformer,t5302813c,to,x3010567c,x3010567c
transformer,t226193745b,from,l2876798,l2876798
transformer,t226193745b,to,x2876798b,x2876798b
transformer,t226193745b,from,l2876798,l2876798
transformer,t226193745b,to,x2876798b,x2876798b
transformer,t228314460c,from,l3253570,l3253570
transformer,t228314460c,to,x3253570c,x3253570c
transformer,t228314460c,from,l3253570,l3253570
transformer,t228314460c,to,x3253570c,x3253570c
transformer,t5391977a,from,l3216350,l3216350
transformer,t5391977a,to,x3216350a,x3216350a
transformer,t5391977a,from,l3216350,l3216350
transformer,t5391977a,to,x3216350a,x3216350a
transformer,t5321854b,from,l2804257,l2804257
transformer,t5321854b,to,x2804257b,x2804257b
transformer,t5321854b,from,l2804257,l2804257
transformer,t5321854b,to,x2804257b,x2804257b
transformer,t5356789c,from,l3048937,l3048937
transformer,t5356789c,to,x3048937c,x3048937c
transformer,t5356789c,from,l3048937,l3048937
transformer,t5356789c,to,x3048937c,x3048937c
transformer,t5338973a,from,l2748157,l2748157
transformer,t5338973a,to,x2748157a,x2748157a
transformer,t5338973a,from,l2748157,l2748157
transformer,t5338973a,to,x2748157a,x2748157a
transformer,t226193838c,from,l3008237,l3008237
transformer,t226193838c,to,x3008237c,x3008237c
transformer,t226193838c,from,l3008237,l3008237
transformer,t226193838c,to,x3008237c,x3008237c
transformer,t5293652a,from,l3235258,l3235258
transformer,t5293652a,to,x3235258a,x3235258a
transformer,t5293652a,from,l3235258,l3235258
transformer,t5293652a,to,x3235258a,x3235258a
transformer,t5293652b,from,l3235258,l3235258
transformer,t5293652b,to,x3235258b,x3235258b
transformer,t5293652b,from,l3235258,l3235258
transformer,t5293652b,to,x3235258b,x3235258b
transformer,t5293652c,from,l3235258,l3235258
transformer,t5293652c,to,x3235258c,x3235258c
transformer,t5293652c,from,l3235258,l3235258
transformer,t5293652c,to,x3235258c,x3235258c
transformer,t5338978c,from,l2766738,l2766738
transformer,t5338978c,to,x2766738c,x2766738c
transformer,t5338978c,from,l2766738,l2766738
transformer,t5338978c,to,x2766738c,x2766738c
transformer,t5337703b,from,l2691948,l2691948
transformer,t5337703b,to,x2691948b,x2691948b
transformer,t5337703b,from,l2691948,l2691948
transformer,t5337703b,to,x2691948b,x2691948b
transformer,t21393570c,from,l2674052,l2674052
transformer,t21393570c,to,x2674052c,x2674052c
transformer,t21393570c,from,l2674052,l2674052
transformer,t21393570c,to,x2674052c,x2674052c
transformer,t0107693b,from,l3160868,l3160868
transformer,t0107693b,to,x3160868b,x3160868b
transformer,t0107693b,from,l3160868,l3160868
transformer,t0107693b,to,x3160868b,x3160868b
transformer,t28128464c,from,l3048889,l3048889
transformer,t28128464c,to,x3048889c,x3048889c
transformer,t28128464c,from,l3048889,l3048889
transformer,t28128464c,to,x3048889c,x3048889c
transformer,t5260572c,from,l3236004,l3236004
transformer,t5260572c,to,x3236004c,x3236004c
transformer,t5260572c,from,l3236004,l3236004
transformer,t5260572c,to,x3236004c,x3236004c
transformer,t5293519b,from,l3235255,l3235255
transformer,t5293519b,to,x3235255b,x3235255b
transformer,t5293519b,from,l3235255,l3235255
transformer,t5293519b,to,x3235255b,x3235255b
transformer,t21386157a,from,l3067447,l3067447
transformer,t21386157a,to,x3067447a,x3067447a
transformer,t21386157a,from,l3067447,l3067447
transformer,t21386157a,to,x3067447a,x3067447a
transformer,t226163575b,from,l2989432,l2989432
transformer,t226163575b,to,x2989432b,x2989432b
transformer,t226163575b,from,l2989432,l2989432
transformer,t226163575b,to,x2989432b,x2989432b
transformer,t5302514a,from,l2973164,l2973164
transformer,t5302514a,to,x2973164a,x2973164a
transformer,t5302514a,from,l2973164,l2973164
transformer,t5302514a,to,x2973164a,x2973164a
transformer,t5138343c,from,l3010565,l3010565
transformer,t5138343c,to,x3010565c,x3010565c
transformer,t5138343c,from,l3010565,l3010565
transformer,t5138343c,to,x3010565c,x3010565c
transformer,t226192762b,from,l2689678,l2689678
transformer,t226192762b,to,x2689678b,x2689678b
transformer,t226192762b,from,l2689678,l2689678
transformer,t226192762b,to,x2689678b,x2689678b
transformer,t5157717b,from,l2748840,l2748840
transformer,t5157717b,to,x2748840b,x2748840b
transformer,t5157717b,from,l2748840,l2748840
transformer,t5157717b,to,x2748840b,x2748840b
transformer,t5260602b,from,l2989566,l2989566
transformer,t5260602b,to,x2989566b,x2989566b
transformer,t5260602b,from,l2989566,l2989566
transformer,t5260602b,to,x2989566b,x2989566b
transformer,t5138416c,from,l3141388,l3141388
transformer,t5138416c,to,x3141388c,x3141388c
transformer,t5138416c,from,l3141388,l3141388
transformer,t5138416c,to,x3141388c,x3141388c
transformer,t21397771a,from,l2673317,l2673317
transformer,t21397771a,to,x2673317a,x2673317a
transformer,t21397771a,from,l2673317,l2673317
transformer,t21397771a,to,x2673317a,x2673317a
transformer,t21399171c,from,l2822870,l2822870
transformer,t21399171c,to,x2822870c,x2822870c
transformer,t21399171c,from,l2822870,l2822870
transformer,t21399171c,to,x2822870c,x2822870c
transformer,t226191779c,from,l2745799,l2745799
transformer,t226191779c,to,x2745799c,x2745799c
transformer,t226191779c,from,l2745799,l2745799
transformer,t226191779c,to,x2745799c,x2745799c
transformer,t5207291c,from,l2786274,l2786274
transformer,t5207291c,to,x2786274c,x2786274c
transformer,t5207291c,from,l2786274,l2786274
transformer,t5207291c,to,x2786274c,x2786274c
transformer,t5302679a,from,l2897772,l2897772
transformer,t5302679a,to,x2897772a,x2897772a
transformer,t5302679a,from,l2897772,l2897772
transformer,t5302679a,to,x2897772a,x2897772a
transformer,t5441854c,from,l2935566,l2935566
transformer,t5441854c,to,x2935566c,x2935566c
transformer,t5441854c,from,l2935566,l2935566
transformer,t5441854c,to,x2935566c,x2935566c
transformer,t228532641a,from,l3091052,l3091052
transformer,t228532641a,to,x3091052a,x3091052a
transformer,t228532641a,from,l3091052,l3091052
transformer,t228532641a,to,x3091052a,x3091052a
transformer,t5138776c,from,l3010566,l3010566
transformer,t5138776c,to,x3010566c,x3010566c
transformer,t5138776c,from,l3010566,l3010566
transformer,t5138776c,to,x3010566c,x3010566c
transformer,t5302410a,from,l3104131,l3104131
transformer,t5302410a,to,x3104131a,x3104131a
transformer,t5302410a,from,l3104131,l3104131
transformer,t5302410a,to,x3104131a,x3104131a
transformer,t5356010a,from,l3216336,l3216336
transformer,t5356010a,to,x3216336a,x3216336a
transformer,t5356010a,from,l3216336,l3216336
transformer,t5356010a,to,x3216336a,x3216336a
transformer,t226192994a,from,l2858166,l2858166
transformer,t226192994a,to,x2858166a,x2858166a
transformer,t226192994a,from,l2858166,l2858166
transformer,t226192994a,to,x2858166a,x2858166a
transformer,t5337629c,from,l2748128,l2748128
transformer,t5337629c,to,x2748128c,x2748128c
transformer,t5337629c,from,l2748128,l2748128
transformer,t5337629c,to,x2748128c,x2748128c
transformer,t5338967c,from,l2673318,l2673318
transformer,t5338967c,to,x2673318c,x2673318c
transformer,t5338967c,from,l2673318,l2673318
transformer,t5338967c,to,x2673318c,x2673318c
transformer,t21397304a,from,l2973169,l2973169
transformer,t21397304a,to,x2973169a,x2973169a
transformer,t21397304a,from,l2973169,l2973169
transformer,t21397304a,to,x2973169a,x2973169a
transformer,t5310570a,from,l3160106,l3160106
transformer,t5310570a,to,x3160106a,x3160106a
transformer,t5310570a,from,l3160106,l3160106
transformer,t5310570a,to,x3160106a,x3160106a
transformer,t5260637c,from,l2842384,l2842384
transformer,t5260637c,to,x2842384c,x2842384c
transformer,t5260637c,from,l2842384,l2842384
transformer,t5260637c,to,x2842384c,x2842384c
transformer,t5260577c,from,l2767341,l2767341
transformer,t5260577c,to,x2767341c,x2767341c
transformer,t5260577c,from,l2767341,l2767341
transformer,t5260577c,to,x2767341c,x2767341c
transformer,t5293658c,from,l3189188,l3189188
transformer,t5293658c,to,x3189188c,x3189188c
transformer,t5293658c,from,l3189188,l3189188
transformer,t5293658c,to,x3189188c,x3189188c
transformer,t21482279a,from,l2710544,l2710544
transformer,t21482279a,to,x2710544a,x2710544a
transformer,t21482279a,from,l2710544,l2710544
transformer,t21482279a,to,x2710544a,x2710544a
transformer,t21015706a,from,l3160123,l3160123
transformer,t21015706a,to,x3160123a,x3160123a
transformer,t21015706a,from,l3160123,l3160123
transformer,t21015706a,to,x3160123a,x3160123a
transformer,t5355607b,from,l2991927,l2991927
transformer,t5355607b,to,x2991927b,x2991927b
transformer,t5355607b,from,l2991927,l2991927
transformer,t5355607b,to,x2991927b,x2991927b
transformer,t21483138a,from,l3122847,l3122847
transformer,t21483138a,to,x3122847a,x3122847a
transformer,t21483138a,from,l3122847,l3122847
transformer,t21483138a,to,x3122847a,x3122847a
transformer,t226192492b,from,l3008232,l3008232
transformer,t226192492b,to,x3008232b,x3008232b
transformer,t226192492b,from,l3008232,l3008232
transformer,t226192492b,to,x3008232b,x3008232b
transformer,t5260591b,from,l3179607,l3179607
transformer,t5260591b,to,x3179607b,x3179607b
transformer,t5260591b,from,l3179607,l3179607
transformer,t5260591b,to,x3179607b,x3179607b
transformer,t5293486c,from,l2673346,l2673346
transformer,t5293486c,to,x2673346c,x2673346c
transformer,t5293486c,from,l2673346,l2673346
transformer,t5293486c,to,x2673346c,x2673346c
transformer,t5337690b,from,l3104127,l3104127
transformer,t5337690b,to,x3104127b,x3104127b
transformer,t5337690b,from,l3104127,l3104127
transformer,t5337690b,to,x3104127b,x3104127b
transformer,t5356805a,from,l3195321,l3195321
transformer,t5356805a,to,x3195321a,x3195321a
transformer,t5356805a,from,l3195321,l3195321
transformer,t5356805a,to,x3195321a,x3195321a
transformer,t5338963c,from,l2673303,l2673303
transformer,t5338963c,to,x2673303c,x2673303c
transformer,t5338963c,from,l2673303,l2673303
transformer,t5338963c,to,x2673303c,x2673303c
transformer,t5294789a,from,l2895461,l2895461
transformer,t5294789a,to,x2895461a,x2895461a
transformer,t5294789a,from,l2895461,l2895461
transformer,t5294789a,to,x2895461a,x2895461a
transformer,t226192684a,from,l3027116,l3027116
transformer,t226192684a,to,x3027116a,x3027116a
transformer,t226192684a,from,l3027116,l3027116
transformer,t226192684a,to,x3027116a,x3027116a
transformer,t21475841a,from,l2992657,l2992657
transformer,t21475841a,to,x2992657a,x2992657a
transformer,t21475841a,from,l2992657,l2992657
transformer,t21475841a,to,x2992657a,x2992657a
transformer,t5337642c,from,l3104154,l3104154
transformer,t5337642c,to,x3104154c,x3104154c
transformer,t5337642c,from,l3104154,l3104154
transformer,t5337642c,to,x3104154c,x3104154c
transformer,t21451973b,from,l3010580,l3010580
transformer,t21451973b,to,x3010580b,x3010580b
transformer,t21451973b,from,l3010580,l3010580
transformer,t21451973b,to,x3010580b,x3010580b
transformer,t2224386863a,from,l3727710,l3727710
transformer,t2224386863a,to,x3727710a,x3727710a
transformer,t2224386863a,from,l3727710,l3727710
transformer,t2224386863a,to,x3727710a,x3727710a
transformer,t5351021c,from,l2692664,l2692664
transformer,t5351021c,to,x2692664c,x2692664c
transformer,t5351021c,from,l2692664,l2692664
transformer,t5351021c,to,x2692664c,x2692664c
transformer,t21384099a,from,l3215385,l3215385
transformer,t21384099a,to,x3215385a,x3215385a
transformer,t21384099a,from,l3215385,l3215385
transformer,t21384099a,to,x3215385a,x3215385a
transformer,t21384099b,from,l3215385,l3215385
transformer,t21384099b,to,x3215385b,x3215385b
transformer,t21384099b,from,l3215385,l3215385
transformer,t21384099b,to,x3215385b,x3215385b
transformer,t21384099c,from,l3215385,l3215385
transformer,t21384099c,to,x3215385c,x3215385c
transformer,t21384099c,from,l3215385,l3215385
transformer,t21384099c,to,x3215385c,x3215385c
transformer,t21397645a,from,l2860493,l2860493
transformer,t21397645a,to,x2860493a,x2860493a
transformer,t21397645a,from,l2860493,l2860493
transformer,t21397645a,to,x2860493a,x2860493a
transformer,t227896008c,from,l3177881,l3177881
transformer,t227896008c,to,x3177881c,x3177881c
transformer,t227896008c,from,l3177881,l3177881
transformer,t227896008c,to,x3177881c,x3177881c
transformer,t2224386842a,from,l3727709,l3727709
transformer,t2224386842a,to,x3727709a,x3727709a
transformer,t2224386842a,from,l3727709,l3727709
transformer,t2224386842a,to,x3727709a,x3727709a
transformer,t5138752b,from,l2785528,l2785528
transformer,t5138752b,to,x2785528b,x2785528b
transformer,t5138752b,from,l2785528,l2785528
transformer,t5138752b,to,x2785528b,x2785528b
transformer,t5339012b,from,l2973171,l2973171
transformer,t5339012b,to,x2973171b,x2973171b
transformer,t5339012b,from,l2973171,l2973171
transformer,t5339012b,to,x2973171b,x2973171b
transformer,t5138412c,from,l2785523,l2785523
transformer,t5138412c,to,x2785523c,x2785523c
transformer,t5138412c,from,l2785523,l2785523
transformer,t5138412c,to,x2785523c,x2785523c
transformer,t2224237546a,from,l3649300,l3649300
transformer,t2224237546a,to,x3649300a,x3649300a
transformer,t2224237546a,from,l3649300,l3649300
transformer,t2224237546a,to,x3649300a,x3649300a
transformer,t5302861c,from,l2748133,l2748133
transformer,t5302861c,to,x2748133c,x2748133c
transformer,t5302861c,from,l2748133,l2748133
transformer,t5302861c,to,x2748133c,x2748133c
transformer,t21399630a,from,l3233353,l3233353
transformer,t21399630a,to,x3233353a,x3233353a
transformer,t21399630a,from,l3233353,l3233353
transformer,t21399630a,to,x3233353a,x3233353a
transformer,t5337705b,from,l2785547,l2785547
transformer,t5337705b,to,x2785547b,x2785547b
transformer,t5337705b,from,l2785547,l2785547
transformer,t5337705b,to,x2785547b,x2785547b
transformer,t5323277b,from,l2897800,l2897800
transformer,t5323277b,to,x2897800b,x2897800b
transformer,t5323277b,from,l2897800,l2897800
transformer,t5323277b,to,x2897800b,x2897800b
transformer,t5337652b,from,l2991939,l2991939
transformer,t5337652b,to,x2991939b,x2991939b
transformer,t5337652b,from,l2991939,l2991939
transformer,t5337652b,to,x2991939b,x2991939b
transformer,t225571845b,from,l2948732,l2948732
transformer,t225571845b,to,x2948732b,x2948732b
transformer,t225571845b,from,l2948732,l2948732
transformer,t225571845b,to,x2948732b,x2948732b
transformer,t5247162b,from,l0247162,l0247162
transformer,t5247162b,to,x0247162b,x0247162b
transformer,t5247162b,from,l0247162,l0247162
transformer,t5247162b,to,x0247162b,x0247162b
transformer,t5247126b,from,l2879065,l2879065
transformer,t5247126b,to,x2879065b,x2879065b
transformer,t5247126b,from,l2879065,l2879065
transformer,t5247126b,to,x2879065b,x2879065b
transformer,t5138561a,from,l3104121,l3104121
transformer,t5138561a,to,x3104121a,x3104121a
transformer,t5138561a,from,l3104121,l3104121
transformer,t5138561a,to,x3104121a,x3104121a
transformer,t5293425a,from,l2763153,l2763153
transformer,t5293425a,to,x2763153a,x2763153a
transformer,t5293425a,from,l2763153,l2763153
transformer,t5293425a,to,x2763153a,x2763153a
transformer,t5294786c,from,l2766724,l2766724
transformer,t5294786c,to,x2766724c,x2766724c
transformer,t5294786c,from,l2766724,l2766724
transformer,t5294786c,to,x2766724c,x2766724c
transformer,t5260491c,from,l2805031,l2805031
transformer,t5260491c,to,x2805031c,x2805031c
transformer,t5260491c,from,l2805031,l2805031
transformer,t5260491c,to,x2805031c,x2805031c
transformer,t5275248b,from,l2805036,l2805036
transformer,t5275248b,to,x2805036b,x2805036b
transformer,t5275248b,from,l2805036,l2805036
transformer,t5275248b,to,x2805036b,x2805036b
transformer,t5339044c,from,l3197625,l3197625
transformer,t5339044c,to,x3197625c,x3197625c
transformer,t5339044c,from,l3197625,l3197625
transformer,t5339044c,to,x3197625c,x3197625c
transformer,t5356810c,from,l3142049,l3142049
transformer,t5356810c,to,x3142049c,x3142049c
transformer,t5356810c,from,l3142049,l3142049
transformer,t5356810c,to,x3142049c,x3142049c
transformer,t2223703238c,from,l3342743,l3342743
transformer,t2223703238c,to,x3342743c,x3342743c
transformer,t2223703238c,from,l3342743,l3342743
transformer,t2223703238c,to,x3342743c,x3342743c
transformer,t28044328c,from,l2785524,l2785524
transformer,t28044328c,to,x2785524c,x2785524c
transformer,t28044328c,from,l2785524,l2785524
transformer,t28044328c,to,x2785524c,x2785524c
transformer,t5293665c,from,l2973166,l2973166
transformer,t5293665c,to,x2973166c,x2973166c
transformer,t5293665c,from,l2973166,l2973166
transformer,t5293665c,to,x2973166c,x2973166c
transformer,t225533675b,from,l3225319,l3225319
transformer,t225533675b,to,x3225319b,x3225319b
transformer,t225533675b,from,l3225319,l3225319
transformer,t225533675b,to,x3225319b,x3225319b
transformer,t226191850a,from,l3270814,l3270814
transformer,t226191850a,to,x3270814a,x3270814a
transformer,t226191850a,from,l3270814,l3270814
transformer,t226191850a,to,x3270814a,x3270814a
transformer,t5338899c,from,l3122814,l3122814
transformer,t5338899c,to,x3122814c,x3122814c
transformer,t5338899c,from,l3122814,l3122814
transformer,t5338899c,to,x3122814c,x3122814c
transformer,t5337628c,from,l2897770,l2897770
transformer,t5337628c,to,x2897770c,x2897770c
transformer,t5337628c,from,l2897770,l2897770
transformer,t5337628c,to,x2897770c,x2897770c
transformer,t5355767b,from,l3197634,l3197634
transformer,t5355767b,to,x3197634b,x3197634b
transformer,t5355767b,from,l3197634,l3197634
transformer,t5355767b,to,x3197634b,x3197634b
transformer,t0107636a,from,l3030204,l3030204
transformer,t0107636a,to,x3030204a,x3030204a
transformer,t0107636a,from,l3030204,l3030204
transformer,t0107636a,to,x3030204a,x3030204a
transformer,t226308729b,from,l3102286,l3102286
transformer,t226308729b,to,x3102286b,x3102286b
transformer,t226308729b,from,l3102286,l3102286
transformer,t226308729b,to,x3102286b,x3102286b
transformer,t226195333c,from,l2801909,l2801909
transformer,t226195333c,to,x2801909c,x2801909c
transformer,t226195333c,from,l2801909,l2801909
transformer,t226195333c,to,x2801909c,x2801909c
transformer,t5337669a,from,l3122811,l3122811
transformer,t5337669a,to,x3122811a,x3122811a
transformer,t5337669a,from,l3122811,l3122811
transformer,t5337669a,to,x3122811a,x3122811a
transformer,t5338942a,from,l2822869,l2822869
transformer,t5338942a,to,x2822869a,x2822869a
transformer,t5338942a,from,l2822869,l2822869
transformer,t5338942a,to,x2822869a,x2822869a
transformer,t21474556a,from,l3086098,l3086098
transformer,t21474556a,to,x3086098a,x3086098a
transformer,t21474556a,from,l3086098,l3086098
transformer,t21474556a,to,x3086098a,x3086098a
transformer,t225897846a,from,l3120504,l3120504
transformer,t225897846a,to,x3120504a,x3120504a
transformer,t225897846a,from,l3120504,l3120504
transformer,t225897846a,to,x3120504a,x3120504a
transformer,t2224386889a,from,l3727712,l3727712
transformer,t2224386889a,to,x3727712a,x3727712a
transformer,t2224386889a,from,l3727712,l3727712
transformer,t2224386889a,to,x3727712a,x3727712a
transformer,t5294842a,from,l3101789,l3101789
transformer,t5294842a,to,x3101789a,x3101789a
transformer,t5294842a,from,l3101789,l3101789
transformer,t5294842a,to,x3101789a,x3101789a
transformer,t5138647c,from,l3254210,l3254210
transformer,t5138647c,to,x3254210c,x3254210c
transformer,t5138647c,from,l3254210,l3254210
transformer,t5138647c,to,x3254210c,x3254210c
transformer,t5260464a,from,l2730187,l2730187
transformer,t5260464a,to,x2730187a,x2730187a
transformer,t5260464a,from,l2730187,l2730187
transformer,t5260464a,to,x2730187a,x2730187a
transformer,t5337648b,from,l3216367,l3216367
transformer,t5337648b,to,x3216367b,x3216367b
transformer,t5337648b,from,l3216367,l3216367
transformer,t5337648b,to,x3216367b,x3216367b
transformer,t5275000c,from,l2710509,l2710509
transformer,t5275000c,to,x2710509c,x2710509c
transformer,t5275000c,from,l2710509,l2710509
transformer,t5275000c,to,x2710509c,x2710509c
transformer,t5337674a,from,l3066805,l3066805
transformer,t5337674a,to,x3066805a,x3066805a
transformer,t5337674a,from,l3066805,l3066805
transformer,t5337674a,to,x3066805a,x3066805a
transformer,t5338932c,from,l3197661,l3197661
transformer,t5338932c,to,x3197661c,x3197661c
transformer,t5338932c,from,l3197661,l3197661
transformer,t5338932c,to,x3197661c,x3197661c
transformer,t5356793c,from,l3179608,l3179608
transformer,t5356793c,to,x3179608c,x3179608c
transformer,t5356793c,from,l3179608,l3179608
transformer,t5356793c,to,x3179608c,x3179608c
transformer,t228549643a,from,l2916234,l2916234
transformer,t228549643a,to,x2916234a,x2916234a
transformer,t228549643a,from,l2916234,l2916234
transformer,t228549643a,to,x2916234a,x2916234a
transformer,t5302471a,from,l3085402,l3085402
transformer,t5302471a,to,x3085402a,x3085402a
transformer,t5302471a,from,l3085402,l3085402
transformer,t5302471a,to,x3085402a,x3085402a
transformer,t225897943c,from,l2875754,l2875754
transformer,t225897943c,to,x2875754c,x2875754c
transformer,t225897943c,from,l2875754,l2875754
transformer,t225897943c,to,x2875754c,x2875754c
transformer,t5355590b,from,l2860478,l2860478
transformer,t5355590b,to,x2860478b,x2860478b
transformer,t5355590b,from,l2860478,l2860478
transformer,t5355590b,to,x2860478b,x2860478b
transformer,t5247164b,from,l2766732,l2766732
transformer,t5247164b,to,x2766732b,x2766732b
transformer,t5247164b,from,l2766732,l2766732
transformer,t5247164b,to,x2766732b,x2766732b
transformer,t5207288b,from,l3198355,l3198355
transformer,t5207288b,to,x3198355b,x3198355b
transformer,t5207288b,from,l3198355,l3198355
transformer,t5207288b,to,x3198355b,x3198355b
transformer,t227895952a,from,l3065665,l3065665
transformer,t227895952a,to,x3065665a,x3065665a
transformer,t227895952a,from,l3065665,l3065665
transformer,t227895952a,to,x3065665a,x3065665a
transformer,t21148701b,from,l2897771,l2897771
transformer,t21148701b,to,x2897771b,x2897771b
transformer,t21148701b,from,l2897771,l2897771
transformer,t21148701b,to,x2897771b,x2897771b
transformer,t5138294b,from,l2785516,l2785516
transformer,t5138294b,to,x2785516b,x2785516b
transformer,t5138294b,from,l2785516,l2785516
transformer,t5138294b,to,x2785516b,x2785516b
transformer,t22112168866c,from,l2729206,l2729206
transformer,t22112168866c,to,x2729206c,x2729206c
transformer,t22112168866c,from,l2729206,l2729206
transformer,t22112168866c,to,x2729206c,x2729206c
transformer,t226192185a,from,l3195310,l3195310
transformer,t226192185a,to,x3195310a,x3195310a
transformer,t226192185a,from,l3195310,l3195310
transformer,t226192185a,to,x3195310a,x3195310a
transformer,t21458756c,from,l3232301,l3232301
transformer,t21458756c,to,x3232301c,x3232301c
transformer,t21458756c,from,l3232301,l3232301
transformer,t21458756c,to,x3232301c,x3232301c
transformer,t5260624c,from,l3048946,l3048946
transformer,t5260624c,to,x3048946c,x3048946c
transformer,t5260624c,from,l3048946,l3048946
transformer,t5260624c,to,x3048946c,x3048946c
transformer,t5251867c,from,l2861157,l2861157
transformer,t5251867c,to,x2861157c,x2861157c
transformer,t5251867c,from,l2861157,l2861157
transformer,t5251867c,to,x2861157c,x2861157c
transformer,t228580047b,from,l3029183,l3029183
transformer,t228580047b,to,x3029183b,x3029183b
transformer,t228580047b,from,l3029183,l3029183
transformer,t228580047b,to,x3029183b,x3029183b
transformer,t5138684a,from,l3085396,l3085396
transformer,t5138684a,to,x3085396a,x3085396a
transformer,t5138684a,from,l3085396,l3085396
transformer,t5138684a,to,x3085396a,x3085396a
transformer,t5138570a,from,l2748146,l2748146
transformer,t5138570a,to,x2748146a,x2748146a
transformer,t5138570a,from,l2748146,l2748146
transformer,t5138570a,to,x2748146a,x2748146a
transformer,t21399361b,from,l2691954,l2691954
transformer,t21399361b,to,x2691954b,x2691954b
transformer,t21399361b,from,l2691954,l2691954
transformer,t21399361b,to,x2691954b,x2691954b
transformer,t226193134c,from,l2895449,l2895449
transformer,t226193134c,to,x2895449c,x2895449c
transformer,t226193134c,from,l2895449,l2895449
transformer,t226193134c,to,x2895449c,x2895449c
transformer,t5138258c,from,l2991911,l2991911
transformer,t5138258c,to,x2991911c,x2991911c
transformer,t5138258c,from,l2991911,l2991911
transformer,t5138258c,to,x2991911c,x2991911c
transformer,t5293609c,from,l2785515,l2785515
transformer,t5293609c,to,x2785515c,x2785515c
transformer,t5293609c,from,l2785515,l2785515
transformer,t5293609c,to,x2785515c,x2785515c
transformer,t5355938a,from,l2804262,l2804262
transformer,t5355938a,to,x2804262a,x2804262a
transformer,t5355938a,from,l2804262,l2804262
transformer,t5355938a,to,x2804262a,x2804262a
transformer,t5247160b,from,l0247160,l0247160
transformer,t5247160b,to,x0247160b,x0247160b
transformer,t5247160b,from,l0247160,l0247160
transformer,t5247160b,to,x0247160b,x0247160b
transformer,t5338975a,from,l2785537,l2785537
transformer,t5338975a,to,x2785537a,x2785537a
transformer,t5338975a,from,l2785537,l2785537
transformer,t5338975a,to,x2785537a,x2785537a
transformer,t5302860c,from,l3122819,l3122819
transformer,t5302860c,to,x3122819c,x3122819c
transformer,t5302860c,from,l3122819,l3122819
transformer,t5302860c,to,x3122819c,x3122819c
transformer,t5355598b,from,l2804245,l2804245
transformer,t5355598b,to,x2804245b,x2804245b
transformer,t5355598b,from,l2804245,l2804245
transformer,t5355598b,to,x2804245b,x2804245b
transformer,t5323254b,from,l2879068,l2879068
transformer,t5323254b,to,x2879068b,x2879068b
transformer,t5323254b,from,l2879068,l2879068
transformer,t5323254b,to,x2879068b,x2879068b
transformer,t21391242b,from,l2767409,l2767409
transformer,t21391242b,to,x2767409b,x2767409b
transformer,t21391242b,from,l2767409,l2767409
transformer,t21391242b,to,x2767409b,x2767409b
transformer,t225533162a,from,l2685809,l2685809
transformer,t225533162a,to,x2685809a,x2685809a
transformer,t225533162a,from,l2685809,l2685809
transformer,t225533162a,to,x2685809a,x2685809a
transformer,t5138585c,from,l3197637,l3197637
transformer,t5138585c,to,x3197637c,x3197637c
transformer,t5138585c,from,l3197637,l3197637
transformer,t5138585c,to,x3197637c,x3197637c
transformer,t5138751b,from,l3066818,l3066818
transformer,t5138751b,to,x3066818b,x3066818b
transformer,t5138751b,from,l3066818,l3066818
transformer,t5138751b,to,x3066818b,x3066818b
transformer,t225906836c,from,l2763407,l2763407
transformer,t225906836c,to,x2763407c,x2763407c
transformer,t225906836c,from,l2763407,l2763407
transformer,t225906836c,to,x2763407c,x2763407c
transformer,t5260527b,from,l2711226,l2711226
transformer,t5260527b,to,x2711226b,x2711226b
transformer,t5260527b,from,l2711226,l2711226
transformer,t5260527b,to,x2711226b,x2711226b
transformer,t5338947b,from,l3160109,l3160109
transformer,t5338947b,to,x3160109b,x3160109b
transformer,t5338947b,from,l3160109,l3160109
transformer,t5338947b,to,x3160109b,x3160109b
transformer,t5321839a,from,l2710516,l2710516
transformer,t5321839a,to,x2710516a,x2710516a
transformer,t5321839a,from,l2710516,l2710516
transformer,t5321839a,to,x2710516a,x2710516a
transformer,t5293591a,from,l3197641,l3197641
transformer,t5293591a,to,x3197641a,x3197641a
transformer,t5293591a,from,l3197641,l3197641
transformer,t5293591a,to,x3197641a,x3197641a
transformer,t5302805c,from,l2954351,l2954351
transformer,t5302805c,to,x2954351c,x2954351c
transformer,t5302805c,from,l2954351,l2954351
transformer,t5302805c,to,x2954351c,x2954351c
transformer,t5338993b,from,l2804272,l2804272
transformer,t5338993b,to,x2804272b,x2804272b
transformer,t5338993b,from,l2804272,l2804272
transformer,t5338993b,to,x2804272b,x2804272b
transformer,t5138566a,from,l2785519,l2785519
transformer,t5138566a,to,x2785519a,x2785519a
transformer,t5138566a,from,l2785519,l2785519
transformer,t5138566a,to,x2785519a,x2785519a
transformer,t5356797c,from,l2955006,l2955006
transformer,t5356797c,to,x2955006c,x2955006c
transformer,t5356797c,from,l2955006,l2955006
transformer,t5356797c,to,x2955006c,x2955006c
transformer,t5338924c,from,l3104123,l3104123
transformer,t5338924c,to,x3104123c,x3104123c
transformer,t5338924c,from,l3104123,l3104123
transformer,t5338924c,to,x3104123c,x3104123c
transformer,t5293655a,from,l2729414,l2729414
transformer,t5293655a,to,x2729414a,x2729414a
transformer,t5293655a,from,l2729414,l2729414
transformer,t5293655a,to,x2729414a,x2729414a
transformer,t5293655b,from,l2729414,l2729414
transformer,t5293655b,to,x2729414b,x2729414b
transformer,t5293655b,from,l2729414,l2729414
transformer,t5293655b,to,x2729414b,x2729414b
transformer,t5293655c,from,l2729414,l2729414
transformer,t5293655c,to,x2729414c,x2729414c
transformer,t5293655c,from,l2729414,l2729414
transformer,t5293655c,to,x2729414c,x2729414c
transformer,t5260643a,from,l2692660,l2692660
transformer,t5260643a,to,x2692660a,x2692660a
transformer,t5260643a,from,l2692660,l2692660
transformer,t5260643a,to,x2692660a,x2692660a
transformer,t5338987a,from,l2897793,l2897793
transformer,t5338987a,to,x2897793a,x2897793a
transformer,t5338987a,from,l2897793,l2897793
transformer,t5338987a,to,x2897793a,x2897793a
transformer,t5302807c,from,l3235266,l3235266
transformer,t5302807c,to,x3235266c,x3235266c
transformer,t5302807c,from,l3235266,l3235266
transformer,t5302807c,to,x3235266c,x3235266c
transformer,t227917122a,from,l2915534,l2915534
transformer,t227917122a,to,x2915534a,x2915534a
transformer,t227917122a,from,l2915534,l2915534
transformer,t227917122a,to,x2915534a,x2915534a
transformer,t28127372a,from,l2804259,l2804259
transformer,t28127372a,to,x2804259a,x2804259a
transformer,t28127372a,from,l2804259,l2804259
transformer,t28127372a,to,x2804259a,x2804259a
transformer,t226192493b,from,l2764399,l2764399
transformer,t226192493b,to,x2764399b,x2764399b
transformer,t226192493b,from,l2764399,l2764399
transformer,t226192493b,to,x2764399b,x2764399b
transformer,t5337635c,from,l2822863,l2822863
transformer,t5337635c,to,x2822863c,x2822863c
transformer,t5337635c,from,l2822863,l2822863
transformer,t5337635c,to,x2822863c,x2822863c
transformer,t5218475a,from,l3217057,l3217057
transformer,t5218475a,to,x3217057a,x3217057a
transformer,t5218475a,from,l3217057,l3217057
transformer,t5218475a,to,x3217057a,x3217057a
transformer,t227760024a,from,l3215203,l3215203
transformer,t227760024a,to,x3215203a,x3215203a
transformer,t227760024a,from,l3215203,l3215203
transformer,t227760024a,to,x3215203a,x3215203a
transformer,t227760024b,from,l3215203,l3215203
transformer,t227760024b,to,x3215203b,x3215203b
transformer,t227760024b,from,l3215203,l3215203
transformer,t227760024b,to,x3215203b,x3215203b
transformer,t227760024c,from,l3215203,l3215203
transformer,t227760024c,to,x3215203c,x3215203c
transformer,t227760024c,from,l3215203,l3215203
transformer,t227760024c,to,x3215203c,x3215203c
transformer,t21399305a,from,l3048221,l3048221
transformer,t21399305a,to,x3048221a,x3048221a
transformer,t21399305a,from,l3048221,l3048221
transformer,t21399305a,to,x3048221a,x3048221a
transformer,t5260517c,from,l2767408,l2767408
transformer,t5260517c,to,x2767408c,x2767408c
transformer,t5260517c,from,l2767408,l2767408
transformer,t5260517c,to,x2767408c,x2767408c
transformer,t21397121c,from,l3122848,l3122848
transformer,t21397121c,to,x3122848c,x3122848c
transformer,t21397121c,from,l3122848,l3122848
transformer,t21397121c,to,x3122848c,x3122848c
transformer,t21399099a,from,l2841635,l2841635
transformer,t21399099a,to,x2841635a,x2841635a
transformer,t21399099a,from,l2841635,l2841635
transformer,t21399099a,to,x2841635a,x2841635a
transformer,t5302375b,from,l2973162,l2973162
transformer,t5302375b,to,x2973162b,x2973162b
transformer,t5302375b,from,l2973162,l2973162
transformer,t5302375b,to,x2973162b,x2973162b
transformer,t5338953b,from,l3122821,l3122821
transformer,t5338953b,to,x3122821b,x3122821b
transformer,t5338953b,from,l3122821,l3122821
transformer,t5338953b,to,x3122821b,x3122821b
transformer,t5260574c,from,l3123452,l3123452
transformer,t5260574c,to,x3123452c,x3123452c
transformer,t5260574c,from,l3123452,l3123452
transformer,t5260574c,to,x3123452c,x3123452c
transformer,t5391992a,from,l3029500,l3029500
transformer,t5391992a,to,x3029500a,x3029500a
transformer,t5391992a,from,l3029500,l3029500
transformer,t5391992a,to,x3029500a,x3029500a
transformer,t5323264b,from,l3216344,l3216344
transformer,t5323264b,to,x3216344b,x3216344b
transformer,t5323264b,from,l3216344,l3216344
transformer,t5323264b,to,x3216344b,x3216344b
transformer,t5338962c,from,l2748125,l2748125
transformer,t5338962c,to,x2748125c,x2748125c
transformer,t5338962c,from,l2748125,l2748125
transformer,t5338962c,to,x2748125c,x2748125c
transformer,t5138755b,from,l2785520,l2785520
transformer,t5138755b,to,x2785520b,x2785520b
transformer,t5138755b,from,l2785520,l2785520
transformer,t5138755b,to,x2785520b,x2785520b
transformer,t5338956a,from,l3104119,l3104119
transformer,t5338956a,to,x3104119a,x3104119a
transformer,t5338956a,from,l3104119,l3104119
transformer,t5338956a,to,x3104119a,x3104119a
transformer,t5310568a,from,l2710517,l2710517
transformer,t5310568a,to,x2710517a,x2710517a
transformer,t5310568a,from,l2710517,l2710517
transformer,t5310568a,to,x2710517a,x2710517a
transformer,t5337647a,from,l3048227,l3048227
transformer,t5337647a,to,x3048227a,x3048227a
transformer,t5337647a,from,l3048227,l3048227
transformer,t5337647a,to,x3048227a,x3048227a
transformer,t28120195b,from,l3048209,l3048209
transformer,t28120195b,to,x3048209b,x3048209b
transformer,t28120195b,from,l3048209,l3048209
transformer,t28120195b,to,x3048209b,x3048209b
transformer,t5293521a,from,l3216370,l3216370
transformer,t5293521a,to,x3216370a,x3216370a
transformer,t5293521a,from,l3216370,l3216370
transformer,t5293521a,to,x3216370a,x3216370a
transformer,t5293521b,from,l3216370,l3216370
transformer,t5293521b,to,x3216370b,x3216370b
transformer,t5293521b,from,l3216370,l3216370
transformer,t5293521b,to,x3216370b,x3216370b
transformer,t5293521c,from,l3216370,l3216370
transformer,t5293521c,to,x3216370c,x3216370c
transformer,t5293521c,from,l3216370,l3216370
transformer,t5293521c,to,x3216370c,x3216370c
transformer,t5302677a,from,l3066819,l3066819
transformer,t5302677a,to,x3066819a,x3066819a
transformer,t5302677a,from,l3066819,l3066819
transformer,t5302677a,to,x3066819a,x3066819a
transformer,t5355778c,from,l2673314,l2673314
transformer,t5355778c,to,x2673314c,x2673314c
transformer,t5355778c,from,l2673314,l2673314
transformer,t5355778c,to,x2673314c,x2673314c
transformer,t5302369b,from,l3197643,l3197643
transformer,t5302369b,to,x3197643b,x3197643b
transformer,t5302369b,from,l3197643,l3197643
transformer,t5302369b,to,x3197643b,x3197643b
transformer,t227917130c,from,l2803194,l2803194
transformer,t227917130c,to,x2803194c,x2803194c
transformer,t227917130c,from,l2803194,l2803194
transformer,t227917130c,to,x2803194c,x2803194c
transformer,t5339007b,from,l2916617,l2916617
transformer,t5339007b,to,x2916617b,x2916617b
transformer,t5339007b,from,l2916617,l2916617
transformer,t5339007b,to,x2916617b,x2916617b
transformer,t2224490448c,from,l3778577,l3778577
transformer,t2224490448c,to,x3778577c,x3778577c
transformer,t2224490448c,from,l3778577,l3778577
transformer,t2224490448c,to,x3778577c,x3778577c
transformer,t5337710b,from,l2991916,l2991916
transformer,t5337710b,to,x2991916b,x2991916b
transformer,t5337710b,from,l2991916,l2991916
transformer,t5337710b,to,x2991916b,x2991916b
transformer,t22112168870c,from,l2897554,l2897554
transformer,t22112168870c,to,x2897554c,x2897554c
transformer,t22112168870c,from,l2897554,l2897554
transformer,t22112168870c,to,x2897554c,x2897554c
transformer,t21396796b,from,l3141397,l3141397
transformer,t21396796b,to,x3141397b,x3141397b
transformer,t21396796b,from,l3141397,l3141397
transformer,t21396796b,to,x3141397b,x3141397b
transformer,t5321852c,from,l2916608,l2916608
transformer,t5321852c,to,x2916608c,x2916608c
transformer,t5321852c,from,l2916608,l2916608
transformer,t5321852c,to,x2916608c,x2916608c
transformer,t226193899b,from,l3082983,l3082983
transformer,t226193899b,to,x3082983b,x3082983b
transformer,t226193899b,from,l3082983,l3082983
transformer,t226193899b,to,x3082983b,x3082983b
transformer,t5323244b,from,l2804248,l2804248
transformer,t5323244b,to,x2804248b,x2804248b
transformer,t5323244b,from,l2804248,l2804248
transformer,t5323244b,to,x2804248b,x2804248b
transformer,t5355937a,from,l2841639,l2841639
transformer,t5355937a,to,x2841639a,x2841639a
transformer,t5355937a,from,l2841639,l2841639
transformer,t5355937a,to,x2841639a,x2841639a
transformer,t21395962a,from,l3197645,l3197645
transformer,t21395962a,to,x3197645a,x3197645a
transformer,t21395962a,from,l3197645,l3197645
transformer,t21395962a,to,x3197645a,x3197645a
transformer,t5223661c,from,l2730108,l2730108
transformer,t5223661c,to,x2730108c,x2730108c
transformer,t5223661c,from,l2730108,l2730108
transformer,t5223661c,to,x2730108c,x2730108c
transformer,t5337643c,from,l2897806,l2897806
transformer,t5337643c,to,x2897806c,x2897806c
transformer,t5337643c,from,l2897806,l2897806
transformer,t5337643c,to,x2897806c,x2897806c
transformer,t5302810c,from,l3178977,l3178977
transformer,t5302810c,to,x3178977c,x3178977c
transformer,t5302810c,from,l3178977,l3178977
transformer,t5302810c,to,x3178977c,x3178977c
transformer,t5391976c,from,l2841631,l2841631
transformer,t5391976c,to,x2841631c,x2841631c
transformer,t5391976c,from,l2841631,l2841631
transformer,t5391976c,to,x2841631c,x2841631c
transformer,t5356796c,from,l3235945,l3235945
transformer,t5356796c,to,x3235945c,x3235945c
transformer,t5356796c,from,l3235945,l3235945
transformer,t5356796c,to,x3235945c,x3235945c
transformer,t5260502b,from,l2748839,l2748839
transformer,t5260502b,to,x2748839b,x2748839b
transformer,t5260502b,from,l2748839,l2748839
transformer,t5260502b,to,x2748839b,x2748839b
transformer,t225991691a,from,l2989571,l2989571
transformer,t225991691a,to,x2989571a,x2989571a
transformer,t225991691a,from,l2989571,l2989571
transformer,t225991691a,to,x2989571a,x2989571a
transformer,t2224061203c,from,l3552667,l3552667
transformer,t2224061203c,to,x3552667c,x3552667c
transformer,t2224061203c,from,l3552667,l3552667
transformer,t2224061203c,to,x3552667c,x3552667c
transformer,t5138413c,from,l3216347,l3216347
transformer,t5138413c,to,x3216347c,x3216347c
transformer,t5138413c,from,l3216347,l3216347
transformer,t5138413c,to,x3216347c,x3216347c
transformer,t5323287b,from,l2897789,l2897789
transformer,t5323287b,to,x2897789b,x2897789b
transformer,t5323287b,from,l2897789,l2897789
transformer,t5323287b,to,x2897789b,x2897789b
transformer,t5321847b,from,l3160100,l3160100
transformer,t5321847b,to,x3160100b,x3160100b
transformer,t5321847b,from,l3160100,l3160100
transformer,t5321847b,to,x3160100b,x3160100b
transformer,t5337687b,from,l2973156,l2973156
transformer,t5337687b,to,x2973156b,x2973156b
transformer,t5337687b,from,l2973156,l2973156
transformer,t5337687b,to,x2973156b,x2973156b
transformer,t5302474a,from,l3048214,l3048214
transformer,t5302474a,to,x3048214a,x3048214a
transformer,t5302474a,from,l3048214,l3048214
transformer,t5302474a,to,x3048214a,x3048214a
transformer,t21357865a,from,l2766719,l2766719
transformer,t21357865a,to,x2766719a,x2766719a
transformer,t21357865a,from,l2766719,l2766719
transformer,t21357865a,to,x2766719a,x2766719a
transformer,t5355597b,from,l2729401,l2729401
transformer,t5355597b,to,x2729401b,x2729401b
transformer,t5355597b,from,l2729401,l2729401
transformer,t5355597b,to,x2729401b,x2729401b
transformer,t229106135c,from,l2991640,l2991640
transformer,t229106135c,to,x2991640c,x2991640c
transformer,t229106135c,from,l2991640,l2991640
transformer,t229106135c,to,x2991640c,x2991640c
transformer,t226264795a,from,l3139366,l3139366
transformer,t226264795a,to,x3139366a,x3139366a
transformer,t226264795a,from,l3139366,l3139366
transformer,t226264795a,to,x3139366a,x3139366a
transformer,t5337729a,from,l2728247,l2728247
transformer,t5337729a,to,x2728247a,x2728247a
transformer,t5337729a,from,l2728247,l2728247
transformer,t5337729a,to,x2728247a,x2728247a
transformer,t5337729b,from,l2728247,l2728247
transformer,t5337729b,to,x2728247b,x2728247b
transformer,t5337729b,from,l2728247,l2728247
transformer,t5337729b,to,x2728247b,x2728247b
transformer,t5337729c,from,l2728247,l2728247
transformer,t5337729c,to,x2728247c,x2728247c
transformer,t5337729c,from,l2728247,l2728247
transformer,t5337729c,to,x2728247c,x2728247c
transformer,t5293608c,from,l2673306,l2673306
transformer,t5293608c,to,x2673306c,x2673306c
transformer,t5293608c,from,l2673306,l2673306
transformer,t5293608c,to,x2673306c,x2673306c
transformer,t5355936a,from,l2954357,l2954357
transformer,t5355936a,to,x2954357a,x2954357a
transformer,t5355936a,from,l2954357,l2954357
transformer,t5355936a,to,x2954357a,x2954357a
transformer,t28149184c,from,l3141395,l3141395
transformer,t28149184c,to,x3141395c,x3141395c
transformer,t28149184c,from,l3141395,l3141395
transformer,t28149184c,to,x3141395c,x3141395c
transformer,t226193338a,from,l2876796,l2876796
transformer,t226193338a,to,x2876796a,x2876796a
transformer,t226193338a,from,l2876796,l2876796
transformer,t226193338a,to,x2876796a,x2876796a
transformer,t5391979c,from,l3197642,l3197642
transformer,t5391979c,to,x3197642c,x3197642c
transformer,t5391979c,from,l3197642,l3197642
transformer,t5391979c,to,x3197642c,x3197642c
transformer,t5251862c,from,l3254873,l3254873
transformer,t5251862c,to,x3254873c,x3254873c
transformer,t5251862c,from,l3254873,l3254873
transformer,t5251862c,to,x3254873c,x3254873c
transformer,t5355591b,from,l2822858,l2822858
transformer,t5355591b,to,x2822858b,x2822858b
transformer,t5355591b,from,l2822858,l2822858
transformer,t5355591b,to,x2822858b,x2822858b
transformer,t2224387062a,from,l3728040,l3728040
transformer,t2224387062a,to,x3728040a,x3728040a
transformer,t2224387062a,from,l3728040,l3728040
transformer,t2224387062a,to,x3728040a,x3728040a
transformer,t226193361b,from,l3157710,l3157710
transformer,t226193361b,to,x3157710b,x3157710b
transformer,t226193361b,from,l3157710,l3157710
transformer,t226193361b,to,x3157710b,x3157710b
transformer,t5323267b,from,l2710514,l2710514
transformer,t5323267b,to,x2710514b,x2710514b
transformer,t5323267b,from,l2710514,l2710514
transformer,t5323267b,to,x2710514b,x2710514b
transformer,t226924200b,from,l2763072,l2763072
transformer,t226924200b,to,x2763072b,x2763072b
transformer,t226924200b,from,l2763072,l2763072
transformer,t226924200b,to,x2763072b,x2763072b
transformer,t5302676a,from,l2710519,l2710519
transformer,t5302676a,to,x2710519a,x2710519a
transformer,t5302676a,from,l2710519,l2710519
transformer,t5302676a,to,x2710519a,x2710519a
transformer,t2224386874a,from,l3727711,l3727711
transformer,t2224386874a,to,x3727711a,x3727711a
transformer,t2224386874a,from,l3727711,l3727711
transformer,t2224386874a,to,x3727711a,x3727711a
transformer,t5356009a,from,l2691936,l2691936
transformer,t5356009a,to,x2691936a,x2691936a
transformer,t5356009a,from,l2691936,l2691936
transformer,t5356009a,to,x2691936a,x2691936a
transformer,t5138641c,from,l2841638,l2841638
transformer,t5138641c,to,x2841638c,x2841638c
transformer,t5138641c,from,l2841638,l2841638
transformer,t5138641c,to,x2841638c,x2841638c
transformer,t5337714c,from,l3254209,l3254209
transformer,t5337714c,to,x3254209c,x3254209c
transformer,t5337714c,from,l3254209,l3254209
transformer,t5337714c,to,x3254209c,x3254209c
transformer,t21380453a,from,l3010557,l3010557
transformer,t21380453a,to,x3010557a,x3010557a
transformer,t21380453a,from,l3010557,l3010557
transformer,t21380453a,to,x3010557a,x3010557a
transformer,t226191778c,from,l2820528,l2820528
transformer,t226191778c,to,x2820528c,x2820528c
transformer,t226191778c,from,l2820528,l2820528
transformer,t226191778c,to,x2820528c,x2820528c
transformer,t226029836a,from,l3251808,l3251808
transformer,t226029836a,to,x3251808a,x3251808a
transformer,t226029836a,from,l3251808,l3251808
transformer,t226029836a,to,x3251808a,x3251808a
transformer,t2224237718a,from,l3649305,l3649305
transformer,t2224237718a,to,x3649305a,x3649305a
transformer,t2224237718a,from,l3649305,l3649305
transformer,t2224237718a,to,x3649305a,x3649305a
transformer,t226194093a,from,l3157718,l3157718
transformer,t226194093a,to,x3157718a,x3157718a
transformer,t226194093a,from,l3157718,l3157718
transformer,t226194093a,to,x3157718a,x3157718a
transformer,t5302673a,from,l3010569,l3010569
transformer,t5302673a,to,x3010569a,x3010569a
transformer,t5302673a,from,l3010569,l3010569
transformer,t5302673a,to,x3010569a,x3010569a
transformer,t5293522a,from,l2785527,l2785527
transformer,t5293522a,to,x2785527a,x2785527a
transformer,t5293522a,from,l2785527,l2785527
transformer,t5293522a,to,x2785527a,x2785527a
transformer,t227917133c,from,l3047073,l3047073
transformer,t227917133c,to,x3047073c,x3047073c
transformer,t227917133c,from,l3047073,l3047073
transformer,t227917133c,to,x3047073c,x3047073c
transformer,t2224238167a,from,l3649306,l3649306
transformer,t2224238167a,to,x3649306a,x3649306a
transformer,t2224238167a,from,l3649306,l3649306
transformer,t2224238167a,to,x3649306a,x3649306a
transformer,t5293592a,from,l2973161,l2973161
transformer,t5293592a,to,x2973161a,x2973161a
transformer,t5293592a,from,l2973161,l2973161
transformer,t5293592a,to,x2973161a,x2973161a
transformer,t225918926b,from,l2688692,l2688692
transformer,t225918926b,to,x2688692b,x2688692b
transformer,t225918926b,from,l2688692,l2688692
transformer,t225918926b,to,x2688692b,x2688692b
transformer,t5138717c,from,l3254220,l3254220
transformer,t5138717c,to,x3254220c,x3254220c
transformer,t5138717c,from,l3254220,l3254220
transformer,t5138717c,to,x3254220c,x3254220c
transformer,t5356007a,from,l3141389,l3141389
transformer,t5356007a,to,x3141389a,x3141389a
transformer,t5356007a,from,l3141389,l3141389
transformer,t5356007a,to,x3141389a,x3141389a
transformer,t5356008a,from,l3197618,l3197618
transformer,t5356008a,to,x3197618a,x3197618a
transformer,t5356008a,from,l3197618,l3197618
transformer,t5356008a,to,x3197618a,x3197618a
transformer,t226193696a,from,l3143999,l3143999
transformer,t226193696a,to,x3143999a,x3143999a
transformer,t226193696a,from,l3143999,l3143999
transformer,t226193696a,to,x3143999a,x3143999a
transformer,t5337689b,from,l2691949,l2691949
transformer,t5337689b,to,x2691949b,x2691949b
transformer,t5337689b,from,l2691949,l2691949
transformer,t5337689b,to,x2691949b,x2691949b
transformer,t5337624c,from,l3066807,l3066807
transformer,t5337624c,to,x3066807c,x3066807c
transformer,t5337624c,from,l3066807,l3066807
transformer,t5337624c,to,x3066807c,x3066807c
transformer,t5321880a,from,l2876812,l2876812
transformer,t5321880a,to,x2876812a,x2876812a
transformer,t5321880a,from,l2876812,l2876812
transformer,t5321880a,to,x2876812a,x2876812a
transformer,t5392038b,from,l2841634,l2841634
transformer,t5392038b,to,x2841634b,x2841634b
transformer,t5392038b,from,l2841634,l2841634
transformer,t5392038b,to,x2841634b,x2841634b
transformer,t5337712c,from,l3235245,l3235245
transformer,t5337712c,to,x3235245c,x3235245c
transformer,t5337712c,from,l3235245,l3235245
transformer,t5337712c,to,x3235245c,x3235245c
transformer,t21399508a,from,l3104135,l3104135
transformer,t21399508a,to,x3104135a,x3104135a
transformer,t21399508a,from,l3104135,l3104135
transformer,t21399508a,to,x3104135a,x3104135a
transformer,t5294809a,from,l2952014,l2952014
transformer,t5294809a,to,x2952014a,x2952014a
transformer,t5294809a,from,l2952014,l2952014
transformer,t5294809a,to,x2952014a,x2952014a
transformer,t5274994c,from,l3048205,l3048205
transformer,t5274994c,to,x3048205c,x3048205c
transformer,t5274994c,from,l3048205,l3048205
transformer,t5274994c,to,x3048205c,x3048205c
transformer,t5260461b,from,l2861223,l2861223
transformer,t5260461b,to,x2861223b,x2861223b
transformer,t5260461b,from,l2861223,l2861223
transformer,t5260461b,to,x2861223b,x2861223b
transformer,t5223655c,from,l2936268,l2936268
transformer,t5223655c,to,x2936268c,x2936268c
transformer,t5223655c,from,l2936268,l2936268
transformer,t5223655c,to,x2936268c,x2936268c
transformer,t5138465c,from,l2879055,l2879055
transformer,t5138465c,to,x2879055c,x2879055c
transformer,t5138465c,from,l2879055,l2879055
transformer,t5138465c,to,x2879055c,x2879055c
transformer,t5323387b,from,l2690941,l2690941
transformer,t5323387b,to,x2690941b,x2690941b
transformer,t5323387b,from,l2690941,l2690941
transformer,t5323387b,to,x2690941b,x2690941b
transformer,t5338918a,from,l2897773,l2897773
transformer,t5338918a,to,x2897773a,x2897773a
transformer,t5338918a,from,l2897773,l2897773
transformer,t5338918a,to,x2897773a,x2897773a
transformer,t5260561c,from,l3104850,l3104850
transformer,t5260561c,to,x3104850c,x3104850c
transformer,t5260561c,from,l3104850,l3104850
transformer,t5260561c,to,x3104850c,x3104850c
transformer,t226192846b,from,l3139086,l3139086
transformer,t226192846b,to,x3139086b,x3139086b
transformer,t226192846b,from,l3139086,l3139086
transformer,t226192846b,to,x3139086b,x3139086b
transformer,t2224386750a,from,l3727707,l3727707
transformer,t2224386750a,to,x3727707a,x3727707a
transformer,t2224386750a,from,l3727707,l3727707
transformer,t2224386750a,to,x3727707a,x3727707a
transformer,t5260576c,from,l3030126,l3030126
transformer,t5260576c,to,x3030126c,x3030126c
transformer,t5260576c,from,l3030126,l3030126
transformer,t5260576c,to,x3030126c,x3030126c
transformer,t5391756b,from,l2879079,l2879079
transformer,t5391756b,to,x2879079b,x2879079b
transformer,t5391756b,from,l2879079,l2879079
transformer,t5391756b,to,x2879079b,x2879079b
transformer,t5391994a,from,l3066821,l3066821
transformer,t5391994a,to,x3066821a,x3066821a
transformer,t5391994a,from,l3066821,l3066821
transformer,t5391994a,to,x3066821a,x3066821a
transformer,t5337715a,from,l3254204,l3254204
transformer,t5337715a,to,x3254204a,x3254204a
transformer,t5337715a,from,l3254204,l3254204
transformer,t5337715a,to,x3254204a,x3254204a
transformer,t28150172a,from,l2748135,l2748135
transformer,t28150172a,to,x2748135a,x2748135a
transformer,t28150172a,from,l2748135,l2748135
transformer,t28150172a,to,x2748135a,x2748135a
transformer,t5294844a,from,l2841623,l2841623
transformer,t5294844a,to,x2841623a,x2841623a
transformer,t5294844a,from,l2841623,l2841623
transformer,t5294844a,to,x2841623a,x2841623a
transformer,t5337699b,from,l2954349,l2954349
transformer,t5337699b,to,x2954349b,x2954349b
transformer,t5337699b,from,l2954349,l2954349
transformer,t5337699b,to,x2954349b,x2954349b
transformer,t226194002b,from,l2801902,l2801902
transformer,t226194002b,to,x2801902b,x2801902b
transformer,t226194002b,from,l2801902,l2801902
transformer,t226194002b,to,x2801902b,x2801902b
transformer,t5321851b,from,l2729434,l2729434
transformer,t5321851b,to,x2729434b,x2729434b
transformer,t5321851b,from,l2729434,l2729434
transformer,t5321851b,to,x2729434b,x2729434b
transformer,t5260555a,from,l3048962,l3048962
transformer,t5260555a,to,x3048962a,x3048962a
transformer,t5260555a,from,l3048962,l3048962
transformer,t5260555a,to,x3048962a,x3048962a
transformer,t226101460a,from,l2857591,l2857591
transformer,t226101460a,to,x2857591a,x2857591a
transformer,t226101460a,from,l2857591,l2857591
transformer,t226101460a,to,x2857591a,x2857591a
transformer,t28128517c,from,l3048890,l3048890
transformer,t28128517c,to,x3048890c,x3048890c
transformer,t28128517c,from,l3048890,l3048890
transformer,t28128517c,to,x3048890c,x3048890c
transformer,t5260567c,from,l2936211,l2936211
transformer,t5260567c,to,x2936211c,x2936211c
transformer,t5260567c,from,l2936211,l2936211
transformer,t5260567c,to,x2936211c,x2936211c
transformer,t5338981b,from,l2820535,l2820535
transformer,t5338981b,to,x2820535b,x2820535b
transformer,t5338981b,from,l2820535,l2820535
transformer,t5338981b,to,x2820535b,x2820535b
transformer,t225533215c,from,l3097861,l3097861
transformer,t225533215c,to,x3097861c,x3097861c
transformer,t225533215c,from,l3097861,l3097861
transformer,t225533215c,to,x3097861c,x3097861c
transformer,t5391743b,from,l3141390,l3141390
transformer,t5391743b,to,x3141390b,x3141390b
transformer,t5391743b,from,l3141390,l3141390
transformer,t5391743b,to,x3141390b,x3141390b
transformer,t5391996a,from,l3141412,l3141412
transformer,t5391996a,to,x3141412a,x3141412a
transformer,t5391996a,from,l3141412,l3141412
transformer,t5391996a,to,x3141412a,x3141412a
transformer,t28118822a,from,l2991920,l2991920
transformer,t28118822a,to,x2991920a,x2991920a
transformer,t28118822a,from,l2991920,l2991920
transformer,t28118822a,to,x2991920a,x2991920a
transformer,t5260558c,from,l3160861,l3160861
transformer,t5260558c,to,x3160861c,x3160861c
transformer,t5260558c,from,l3160861,l3160861
transformer,t5260558c,to,x3160861c,x3160861c
transformer,t5355842a,from,l2876813,l2876813
transformer,t5355842a,to,x2876813a,x2876813a
transformer,t5355842a,from,l2876813,l2876813
transformer,t5355842a,to,x2876813a,x2876813a
transformer,t5338943c,from,l2729410,l2729410
transformer,t5338943c,to,x2729410c,x2729410c
transformer,t5338943c,from,l2729410,l2729410
transformer,t5338943c,to,x2729410c,x2729410c
transformer,t5293492c,from,l2841637,l2841637
transformer,t5293492c,to,x2841637c,x2841637c
transformer,t5293492c,from,l2841637,l2841637
transformer,t5293492c,to,x2841637c,x2841637c
transformer,t5355779c,from,l3122817,l3122817
transformer,t5355779c,to,x3122817c,x3122817c
transformer,t5355779c,from,l3122817,l3122817
transformer,t5355779c,to,x3122817c,x3122817c
transformer,t5260457b,from,l3086079,l3086079
transformer,t5260457b,to,x3086079b,x3086079b
transformer,t5260457b,from,l3086079,l3086079
transformer,t5260457b,to,x3086079b,x3086079b
transformer,t21393454b,from,l3179699,l3179699
transformer,t21393454b,to,x3179699b,x3179699b
transformer,t21393454b,from,l3179699,l3179699
transformer,t21393454b,to,x3179699b,x3179699b
transformer,t5321848b,from,l3085390,l3085390
transformer,t5321848b,to,x3085390b,x3085390b
transformer,t5321848b,from,l3085390,l3085390
transformer,t5321848b,to,x3085390b,x3085390b
transformer,t5338960c,from,l2897767,l2897767
transformer,t5338960c,to,x2897767c,x2897767c
transformer,t5338960c,from,l2897767,l2897767
transformer,t5338960c,to,x2897767c,x2897767c
transformer,t5356065b,from,l3104124,l3104124
transformer,t5356065b,to,x3104124b,x3104124b
transformer,t5356065b,from,l3104124,l3104124
transformer,t5356065b,to,x3104124b,x3104124b
transformer,t5138646a,from,l2804251,l2804251
transformer,t5138646a,to,x2804251a,x2804251a
transformer,t5138646a,from,l2804251,l2804251
transformer,t5138646a,to,x2804251a,x2804251a
transformer,t5337654c,from,l3066808,l3066808
transformer,t5337654c,to,x3066808c,x3066808c
transformer,t5337654c,from,l3066808,l3066808
transformer,t5337654c,to,x3066808c,x3066808c
transformer,t5337691b,from,l2897774,l2897774
transformer,t5337691b,to,x2897774b,x2897774b
transformer,t5337691b,from,l2897774,l2897774
transformer,t5337691b,to,x2897774b,x2897774b
transformer,t5391738b,from,l3104115,l3104115
transformer,t5391738b,to,x3104115b,x3104115b
transformer,t5391738b,from,l3104115,l3104115
transformer,t5391738b,to,x3104115b,x3104115b
transformer,t5247171b,from,l0247171,l0247171
transformer,t5247171b,to,x0247171b,x0247171b
transformer,t5247171b,from,l0247171,l0247171
transformer,t5247171b,to,x0247171b,x0247171b
transformer,t226192175c,from,l3214055,l3214055
transformer,t226192175c,to,x3214055c,x3214055c
transformer,t226192175c,from,l3214055,l3214055
transformer,t226192175c,to,x3214055c,x3214055c
transformer,t5328367c,from,l3104830,l3104830
transformer,t5328367c,to,x3104830c,x3104830c
transformer,t5328367c,from,l3104830,l3104830
transformer,t5328367c,to,x3104830c,x3104830c
transformer,t5247084b,from,l3254211,l3254211
transformer,t5247084b,to,x3254211b,x3254211b
transformer,t5247084b,from,l3254211,l3254211
transformer,t5247084b,to,x3254211b,x3254211b
transformer,t5247100b,from,l2729407,l2729407
transformer,t5247100b,to,x2729407b,x2729407b
transformer,t5247100b,from,l2729407,l2729407
transformer,t5247100b,to,x2729407b,x2729407b
transformer,t226101449a,from,l3027133,l3027133
transformer,t226101449a,to,x3027133a,x3027133a
transformer,t226101449a,from,l3027133,l3027133
transformer,t226101449a,to,x3027133a,x3027133a
transformer,t5321838a,from,l2691944,l2691944
transformer,t5321838a,to,x2691944a,x2691944a
transformer,t5321838a,from,l2691944,l2691944
transformer,t5321838a,to,x2691944a,x2691944a
transformer,t226194262c,from,l2745806,l2745806
transformer,t226194262c,to,x2745806c,x2745806c
transformer,t226194262c,from,l2745806,l2745806
transformer,t226194262c,to,x2745806c,x2745806c
transformer,t22112168887c,from,l2878848,l2878848
transformer,t22112168887c,to,x2878848c,x2878848c
transformer,t22112168887c,from,l2878848,l2878848
transformer,t22112168887c,to,x2878848c,x2878848c
transformer,t5355773a,from,l2991909,l2991909
transformer,t5355773a,to,x2991909a,x2991909a
transformer,t5355773a,from,l2991909,l2991909
transformer,t5355773a,to,x2991909a,x2991909a
transformer,t226192926a,from,l2726973,l2726973
transformer,t226192926a,to,x2726973a,x2726973a
transformer,t226192926a,from,l2726973,l2726973
transformer,t226192926a,to,x2726973a,x2726973a
transformer,t5337718a,from,l2691947,l2691947
transformer,t5337718a,to,x2691947a,x2691947a
transformer,t5337718a,from,l2691947,l2691947
transformer,t5337718a,to,x2691947a,x2691947a
transformer,t5251859c,from,l2952007,l2952007
transformer,t5251859c,to,x2952007c,x2952007c
transformer,t5251859c,from,l2952007,l2952007
transformer,t5251859c,to,x2952007c,x2952007c
transformer,t5260622c,from,l3198347,l3198347
transformer,t5260622c,to,x3198347c,x3198347c
transformer,t5260622c,from,l3198347,l3198347
transformer,t5260622c,to,x3198347c,x3198347c
transformer,t21467859b,from,l2916625,l2916625
transformer,t21467859b,to,x2916625b,x2916625b
transformer,t21467859b,from,l2916625,l2916625
transformer,t21467859b,to,x2916625b,x2916625b
transformer,t226193298a,from,l2820533,l2820533
transformer,t226193298a,to,x2820533a,x2820533a
transformer,t226193298a,from,l2820533,l2820533
transformer,t226193298a,to,x2820533a,x2820533a
transformer,t21399809a,from,l2785531,l2785531
transformer,t21399809a,to,x2785531a,x2785531a
transformer,t21399809a,from,l2785531,l2785531
transformer,t21399809a,to,x2785531a,x2785531a
transformer,t5294812a,from,l3120502,l3120502
transformer,t5294812a,to,x3120502a,x3120502a
transformer,t5294812a,from,l3120502,l3120502
transformer,t5294812a,to,x3120502a,x3120502a
transformer,t226308723b,from,l3252336,l3252336
transformer,t226308723b,to,x3252336b,x3252336b
transformer,t226308723b,from,l3252336,l3252336
transformer,t226308723b,to,x3252336b,x3252336b
transformer,t5338945a,from,l2954353,l2954353
transformer,t5338945a,to,x2954353a,x2954353a
transformer,t5338945a,from,l2954353,l2954353
transformer,t5338945a,to,x2954353a,x2954353a
transformer,t5321837a,from,l2673312,l2673312
transformer,t5321837a,to,x2673312a,x2673312a
transformer,t5321837a,from,l2673312,l2673312
transformer,t5321837a,to,x2673312a,x2673312a
transformer,t5441311a,from,l2766720,l2766720
transformer,t5441311a,to,x2766720a,x2766720a
transformer,t5441311a,from,l2766720,l2766720
transformer,t5441311a,to,x2766720a,x2766720a
transformer,t5338934b,from,l2879070,l2879070
transformer,t5338934b,to,x2879070b,x2879070b
transformer,t5338934b,from,l2879070,l2879070
transformer,t5338934b,to,x2879070b,x2879070b
transformer,t5157716b,from,l3179674,l3179674
transformer,t5157716b,to,x3179674b,x3179674b
transformer,t5157716b,from,l3179674,l3179674
transformer,t5157716b,to,x3179674b,x3179674b
transformer,t5338930b,from,l3029506,l3029506
transformer,t5338930b,to,x3029506b,x3029506b
transformer,t5338930b,from,l3029506,l3029506
transformer,t5338930b,to,x3029506b,x3029506b
transformer,t5337717a,from,l3216348,l3216348
transformer,t5337717a,to,x3216348a,x3216348a
transformer,t5337717a,from,l3216348,l3216348
transformer,t5337717a,to,x3216348a,x3216348a
transformer,t21400215b,from,l3048231,l3048231
transformer,t21400215b,to,x3048231b,x3048231b
transformer,t21400215b,from,l3048231,l3048231
transformer,t21400215b,to,x3048231b,x3048231b
transformer,t227921416a,from,l3065696,l3065696
transformer,t227921416a,to,x3065696a,x3065696a
transformer,t227921416a,from,l3065696,l3065696
transformer,t227921416a,to,x3065696a,x3065696a
transformer,t5323399b,from,l3178974,l3178974
transformer,t5323399b,to,x3178974b,x3178974b
transformer,t5323399b,from,l3178974,l3178974
transformer,t5323399b,to,x3178974b,x3178974b
transformer,t5321882c,from,l2916607,l2916607
transformer,t5321882c,to,x2916607c,x2916607c
transformer,t5321882c,from,l2916607,l2916607
transformer,t5321882c,to,x2916607c,x2916607c
transformer,t5339021a,from,l3197652,l3197652
transformer,t5339021a,to,x3197652a,x3197652a
transformer,t5339021a,from,l3197652,l3197652
transformer,t5339021a,to,x3197652a,x3197652a
transformer,t5355589b,from,l2691939,l2691939
transformer,t5355589b,to,x2691939b,x2691939b
transformer,t5355589b,from,l2691939,l2691939
transformer,t5355589b,to,x2691939b,x2691939b
transformer,t225668688a,from,l2858175,l2858175
transformer,t225668688a,to,x2858175a,x2858175a
transformer,t225668688a,from,l2858175,l2858175
transformer,t225668688a,to,x2858175a,x2858175a
transformer,t5302803c,from,l3085400,l3085400
transformer,t5302803c,to,x3085400c,x3085400c
transformer,t5302803c,from,l3085400,l3085400
transformer,t5302803c,to,x3085400c,x3085400c
transformer,t5355596b,from,l3178969,l3178969
transformer,t5355596b,to,x3178969b,x3178969b
transformer,t5355596b,from,l3178969,l3178969
transformer,t5355596b,to,x3178969b,x3178969b
transformer,t21400108b,from,l2748139,l2748139
transformer,t21400108b,to,x2748139b,x2748139b
transformer,t21400108b,from,l2748139,l2748139
transformer,t21400108b,to,x2748139b,x2748139b
transformer,t21380500c,from,l3235242,l3235242
transformer,t21380500c,to,x3235242c,x3235242c
transformer,t21380500c,from,l3235242,l3235242
transformer,t21380500c,to,x3235242c,x3235242c
transformer,t28150189a,from,l2729412,l2729412
transformer,t28150189a,to,x2729412a,x2729412a
transformer,t28150189a,from,l2729412,l2729412
transformer,t28150189a,to,x2729412a,x2729412a
transformer,t226193737c,from,l3082981,l3082981
transformer,t226193737c,to,x3082981c,x3082981c
transformer,t226193737c,from,l3082981,l3082981
transformer,t226193737c,to,x3082981c,x3082981c
transformer,t5391989a,from,l2766747,l2766747
transformer,t5391989a,to,x2766747a,x2766747a
transformer,t5391989a,from,l2766747,l2766747
transformer,t5391989a,to,x2766747a,x2766747a
transformer,t5328365b,from,l3179646,l3179646
transformer,t5328365b,to,x3179646b,x3179646b
transformer,t5328365b,from,l3179646,l3179646
transformer,t5328365b,to,x3179646b,x3179646b
transformer,t21387206c,from,l3235251,l3235251
transformer,t21387206c,to,x3235251c,x3235251c
transformer,t21387206c,from,l3235251,l3235251
transformer,t21387206c,to,x3235251c,x3235251c
transformer,t5337661b,from,l2766749,l2766749
transformer,t5337661b,to,x2766749b,x2766749b
transformer,t5337661b,from,l2766749,l2766749
transformer,t5337661b,to,x2766749b,x2766749b
transformer,t5338965a,from,l3010568,l3010568
transformer,t5338965a,to,x3010568a,x3010568a
transformer,t5338965a,from,l3010568,l3010568
transformer,t5338965a,to,x3010568a,x3010568a
transformer,t5391748b,from,l2991902,l2991902
transformer,t5391748b,to,x2991902b,x2991902b
transformer,t5391748b,from,l2991902,l2991902
transformer,t5391748b,to,x2991902b,x2991902b
transformer,t5356013a,from,l2954348,l2954348
transformer,t5356013a,to,x2954348a,x2954348a
transformer,t5356013a,from,l2954348,l2954348
transformer,t5356013a,to,x2954348a,x2954348a
transformer,t5323255b,from,l2860484,l2860484
transformer,t5323255b,to,x2860484b,x2860484b
transformer,t5323255b,from,l2860484,l2860484
transformer,t5323255b,to,x2860484b,x2860484b
transformer,t21399229a,from,l2879078,l2879078
transformer,t21399229a,to,x2879078a,x2879078a
transformer,t21399229a,from,l2879078,l2879078
transformer,t21399229a,to,x2879078a,x2879078a
transformer,t2224237643a,from,l3649301,l3649301
transformer,t2224237643a,to,x3649301a,x3649301a
transformer,t2224237643a,from,l3649301,l3649301
transformer,t2224237643a,to,x3649301a,x3649301a
transformer,t5302473a,from,l2804252,l2804252
transformer,t5302473a,to,x2804252a,x2804252a
transformer,t5302473a,from,l2804252,l2804252
transformer,t5302473a,to,x2804252a,x2804252a
transformer,t226193886b,from,l2783231,l2783231
transformer,t226193886b,to,x2783231b,x2783231b
transformer,t226193886b,from,l2783231,l2783231
transformer,t226193886b,to,x2783231b,x2783231b
transformer,t5323394b,from,l2710504,l2710504
transformer,t5323394b,to,x2710504b,x2710504b
transformer,t5323394b,from,l2710504,l2710504
transformer,t5323394b,to,x2710504b,x2710504b
transformer,t21383553b,from,l2935547,l2935547
transformer,t21383553b,to,x2935547b,x2935547b
transformer,t21383553b,from,l2935547,l2935547
transformer,t21383553b,to,x2935547b,x2935547b
transformer,t5391742b,from,l3048201,l3048201
transformer,t5391742b,to,x3048201b,x3048201b
transformer,t5391742b,from,l3048201,l3048201
transformer,t5391742b,to,x3048201b,x3048201b
transformer,t5274992c,from,l2804250,l2804250
transformer,t5274992c,to,x2804250c,x2804250c
transformer,t5274992c,from,l2804250,l2804250
transformer,t5274992c,to,x2804250c,x2804250c
transformer,t225700953a,from,l3081380,l3081380
transformer,t225700953a,to,x3081380a,x3081380a
transformer,t225700953a,from,l3081380,l3081380
transformer,t225700953a,to,x3081380a,x3081380a
transformer,t226964880a,from,l3172805,l3172805
transformer,t226964880a,to,x3172805a,x3172805a
transformer,t226964880a,from,l3172805,l3172805
transformer,t226964880a,to,x3172805a,x3172805a
transformer,t21386552b,from,l2822867,l2822867
transformer,t21386552b,to,x2822867b,x2822867b
transformer,t21386552b,from,l2822867,l2822867
transformer,t21386552b,to,x2822867b,x2822867b
transformer,t5302734a,from,l2991922,l2991922
transformer,t5302734a,to,x2991922a,x2991922a
transformer,t5302734a,from,l2991922,l2991922
transformer,t5302734a,to,x2991922a,x2991922a
transformer,t5338955b,from,l3010560,l3010560
transformer,t5338955b,to,x3010560b,x3010560b
transformer,t5338955b,from,l3010560,l3010560
transformer,t5338955b,to,x3010560b,x3010560b
transformer,t5339002b,from,l2785536,l2785536
transformer,t5339002b,to,x2785536b,x2785536b
transformer,t5339002b,from,l2785536,l2785536
transformer,t5339002b,to,x2785536b,x2785536b
transformer,t5260551c,from,l3160872,l3160872
transformer,t5260551c,to,x3160872c,x3160872c
transformer,t5260551c,from,l3160872,l3160872
transformer,t5260551c,to,x3160872c,x3160872c
transformer,t5337665b,from,l2973178,l2973178
transformer,t5337665b,to,x2973178b,x2973178b
transformer,t5337665b,from,l2973178,l2973178
transformer,t5337665b,to,x2973178b,x2973178b
transformer,t21426205b,from,l2731712,l2731712
transformer,t21426205b,to,x2731712b,x2731712b
transformer,t21426205b,from,l2731712,l2731712
transformer,t21426205b,to,x2731712b,x2731712b
transformer,t28120786a,from,l2841628,l2841628
transformer,t28120786a,to,x2841628a,x2841628a
transformer,t28120786a,from,l2841628,l2841628
transformer,t28120786a,to,x2841628a,x2841628a
transformer,t5321849b,from,l2748152,l2748152
transformer,t5321849b,to,x2748152b,x2748152b
transformer,t5321849b,from,l2748152,l2748152
transformer,t5321849b,to,x2748152b,x2748152b
transformer,t5339049a,from,l2916602,l2916602
transformer,t5339049a,to,x2916602a,x2916602a
transformer,t5339049a,from,l2916602,l2916602
transformer,t5339049a,to,x2916602a,x2916602a
transformer,t225533337a,from,l2929261,l2929261
transformer,t225533337a,to,x2929261a,x2929261a
transformer,t225533337a,from,l2929261,l2929261
transformer,t225533337a,to,x2929261a,x2929261a
transformer,t5138680a,from,l2710521,l2710521
transformer,t5138680a,to,x2710521a,x2710521a
transformer,t5138680a,from,l2710521,l2710521
transformer,t5138680a,to,x2710521a,x2710521a
transformer,t21249626b,from,l3142079,l3142079
transformer,t21249626b,to,x3142079b,x3142079b
transformer,t21249626b,from,l3142079,l3142079
transformer,t21249626b,to,x3142079b,x3142079b
transformer,t5337695b,from,l2879072,l2879072
transformer,t5337695b,to,x2879072b,x2879072b
transformer,t5337695b,from,l2879072,l2879072
transformer,t5337695b,to,x2879072b,x2879072b
transformer,t5323249b,from,l2729427,l2729427
transformer,t5323249b,to,x2729427b,x2729427b
transformer,t5323249b,from,l2729427,l2729427
transformer,t5323249b,to,x2729427b,x2729427b
transformer,t5321841b,from,l2954347,l2954347
transformer,t5321841b,to,x2954347b,x2954347b
transformer,t5321841b,from,l2954347,l2954347
transformer,t5321841b,to,x2954347b,x2954347b
transformer,t5260595a,from,l2767340,l2767340
transformer,t5260595a,to,x2767340a,x2767340a
transformer,t5260595a,from,l2767340,l2767340
transformer,t5260595a,to,x2767340a,x2767340a
transformer,t5260595b,from,l2767340,l2767340
transformer,t5260595b,to,x2767340b,x2767340b
transformer,t5260595b,from,l2767340,l2767340
transformer,t5260595b,to,x2767340b,x2767340b
transformer,t5260595c,from,l2767340,l2767340
transformer,t5260595c,to,x2767340c,x2767340c
transformer,t5260595c,from,l2767340,l2767340
transformer,t5260595c,to,x2767340c,x2767340c
transformer,t5293427c,from,l3104157,l3104157
transformer,t5293427c,to,x3104157c,x3104157c
transformer,t5293427c,from,l3104157,l3104157
transformer,t5293427c,to,x3104157c,x3104157c
transformer,t5321858b,from,l3122815,l3122815
transformer,t5321858b,to,x3122815b,x3122815b
transformer,t5321858b,from,l3122815,l3122815
transformer,t5321858b,to,x3122815b,x3122815b
transformer,t5274987c,from,l2916605,l2916605
transformer,t5274987c,to,x2916605c,x2916605c
transformer,t5274987c,from,l2916605,l2916605
transformer,t5274987c,to,x2916605c,x2916605c
transformer,t227944551a,from,l3234149,l3234149
transformer,t227944551a,to,x3234149a,x3234149a
transformer,t227944551a,from,l3234149,l3234149
transformer,t227944551a,to,x3234149a,x3234149a
transformer,t227944551b,from,l3234149,l3234149
transformer,t227944551b,to,x3234149b,x3234149b
transformer,t227944551b,from,l3234149,l3234149
transformer,t227944551b,to,x3234149b,x3234149b
transformer,t227944551c,from,l3234149,l3234149
transformer,t227944551c,to,x3234149c,x3234149c
transformer,t227944551c,from,l3234149,l3234149
transformer,t227944551c,to,x3234149c,x3234149c
transformer,t21386143c,from,l3160862,l3160862
transformer,t21386143c,to,x3160862c,x3160862c
transformer,t21386143c,from,l3160862,l3160862
transformer,t21386143c,to,x3160862c,x3160862c
transformer,t226308727b,from,l3233413,l3233413
transformer,t226308727b,to,x3233413b,x3233413b
transformer,t226308727b,from,l3233413,l3233413
transformer,t226308727b,to,x3233413b,x3233413b
transformer,t5274986c,from,l2822865,l2822865
transformer,t5274986c,to,x2822865c,x2822865c
transformer,t5274986c,from,l2822865,l2822865
transformer,t5274986c,to,x2822865c,x2822865c
transformer,t5391981a,from,l2879081,l2879081
transformer,t5391981a,to,x2879081a,x2879081a
transformer,t5391981a,from,l2879081,l2879081
transformer,t5391981a,to,x2879081a,x2879081a
transformer,t28147974b,from,l2691946,l2691946
transformer,t28147974b,to,x2691946b,x2691946b
transformer,t28147974b,from,l2691946,l2691946
transformer,t28147974b,to,x2691946b,x2691946b
transformer,t227411655c,from,l2806553,l2806553
transformer,t227411655c,to,x2806553c,x2806553c
transformer,t227411655c,from,l2806553,l2806553
transformer,t227411655c,to,x2806553c,x2806553c
transformer,t5302859c,from,l3254215,l3254215
transformer,t5302859c,to,x3254215c,x3254215c
transformer,t5302859c,from,l3254215,l3254215
transformer,t5302859c,to,x3254215c,x3254215c
transformer,t226192801c,from,l2951995,l2951995
transformer,t226192801c,to,x2951995c,x2951995c
transformer,t226192801c,from,l2951995,l2951995
transformer,t226192801c,to,x2951995c,x2951995c
transformer,t5138651c,from,l3197628,l3197628
transformer,t5138651c,to,x3197628c,x3197628c
transformer,t5138651c,from,l3197628,l3197628
transformer,t5138651c,to,x3197628c,x3197628c
transformer,t21470122b,from,l2673343,l2673343
transformer,t21470122b,to,x2673343b,x2673343b
transformer,t21470122b,from,l2673343,l2673343
transformer,t21470122b,to,x2673343b,x2673343b
transformer,t28127146b,from,l3160864,l3160864
transformer,t28127146b,to,x3160864b,x3160864b
transformer,t28127146b,from,l3160864,l3160864
transformer,t28127146b,to,x3160864b,x3160864b
transformer,t5260601c,from,l2730149,l2730149
transformer,t5260601c,to,x2730149c,x2730149c
transformer,t5260601c,from,l2730149,l2730149
transformer,t5260601c,to,x2730149c,x2730149c
transformer,t5323284b,from,l3160113,l3160113
transformer,t5323284b,to,x3160113b,x3160113b
transformer,t5323284b,from,l3160113,l3160113
transformer,t5323284b,to,x3160113b,x3160113b
transformer,t5294810a,from,l3010585,l3010585
transformer,t5294810a,to,x3010585a,x3010585a
transformer,t5294810a,from,l3010585,l3010585
transformer,t5294810a,to,x3010585a,x3010585a
transformer,t5355359b,from,l2766730,l2766730
transformer,t5355359b,to,x2766730b,x2766730b
transformer,t5355359b,from,l2766730,l2766730
transformer,t5355359b,to,x2766730b,x2766730b
transformer,t5260638c,from,l3160871,l3160871
transformer,t5260638c,to,x3160871c,x3160871c
transformer,t5260638c,from,l3160871,l3160871
transformer,t5260638c,to,x3160871c,x3160871c
transformer,t5338969a,from,l3104129,l3104129
transformer,t5338969a,to,x3104129a,x3104129a
transformer,t5338969a,from,l3104129,l3104129
transformer,t5338969a,to,x3104129a,x3104129a
transformer,t5302672c,from,l3254205,l3254205
transformer,t5302672c,to,x3254205c,x3254205c
transformer,t5302672c,from,l3254205,l3254205
transformer,t5302672c,to,x3254205c,x3254205c
transformer,t5339046a,from,l2785511,l2785511
transformer,t5339046a,to,x2785511a,x2785511a
transformer,t5339046a,from,l2785511,l2785511
transformer,t5339046a,to,x2785511a,x2785511a
transformer,t5355588b,from,l2822857,l2822857
transformer,t5355588b,to,x2822857b,x2822857b
transformer,t5355588b,from,l2822857,l2822857
transformer,t5355588b,to,x2822857b,x2822857b
transformer,t5262075c,from,l3067448,l3067448
transformer,t5262075c,to,x3067448c,x3067448c
transformer,t5262075c,from,l3067448,l3067448
transformer,t5262075c,to,x3067448c,x3067448c
transformer,t5260508a,from,l2955081,l2955081
transformer,t5260508a,to,x2955081a,x2955081a
transformer,t5260508a,from,l2955081,l2955081
transformer,t5260508a,to,x2955081a,x2955081a
transformer,t28099529c,from,l3235268,l3235268
transformer,t28099529c,to,x3235268c,x3235268c
transformer,t28099529c,from,l3235268,l3235268
transformer,t28099529c,to,x3235268c,x3235268c
transformer,t5356795c,from,l2842330,l2842330
transformer,t5356795c,to,x2842330c,x2842330c
transformer,t5356795c,from,l2842330,l2842330
transformer,t5356795c,to,x2842330c,x2842330c
transformer,t227917119a,from,l2821770,l2821770
transformer,t227917119a,to,x2821770a,x2821770a
transformer,t227917119a,from,l2821770,l2821770
transformer,t227917119a,to,x2821770a,x2821770a
transformer,t21400253b,from,l2691959,l2691959
transformer,t21400253b,to,x2691959b,x2691959b
transformer,t21400253b,from,l2691959,l2691959
transformer,t21400253b,to,x2691959b,x2691959b
transformer,t5356801a,from,l3011229,l3011229
transformer,t5356801a,to,x3011229a,x3011229a
transformer,t5356801a,from,l3011229,l3011229
transformer,t5356801a,to,x3011229a,x3011229a
transformer,t5223663c,from,l2936216,l2936216
transformer,t5223663c,to,x2936216c,x2936216c
transformer,t5223663c,from,l2936216,l2936216
transformer,t5223663c,to,x2936216c,x2936216c
transformer,t5138371c,from,l2879073,l2879073
transformer,t5138371c,to,x2879073c,x2879073c
transformer,t5138371c,from,l2879073,l2879073
transformer,t5138371c,to,x2879073c,x2879073c
transformer,t5323247b,from,l2935553,l2935553
transformer,t5323247b,to,x2935553b,x2935553b
transformer,t5323247b,from,l2935553,l2935553
transformer,t5323247b,to,x2935553b,x2935553b
transformer,t5138753b,from,l2748130,l2748130
transformer,t5138753b,to,x2748130b,x2748130b
transformer,t5138753b,from,l2748130,l2748130
transformer,t5138753b,to,x2748130b,x2748130b
transformer,t5339097b,from,l3085410,l3085410
transformer,t5339097b,to,x3085410b,x3085410b
transformer,t5339097b,from,l3085410,l3085410
transformer,t5339097b,to,x3085410b,x3085410b
transformer,t5323283b,from,l2916618,l2916618
transformer,t5323283b,to,x2916618b,x2916618b
transformer,t5323283b,from,l2916618,l2916618
transformer,t5323283b,to,x2916618b,x2916618b
transformer,t5321883c,from,l3010564,l3010564
transformer,t5321883c,to,x3010564c,x3010564c
transformer,t5321883c,from,l3010564,l3010564
transformer,t5321883c,to,x3010564c,x3010564c
transformer,t21391390b,from,l3217064,l3217064
transformer,t21391390b,to,x3217064b,x3217064b
transformer,t21391390b,from,l3217064,l3217064
transformer,t21391390b,to,x3217064b,x3217064b
transformer,t5350994c,from,l3048968,l3048968
transformer,t5350994c,to,x3048968c,x3048968c
transformer,t5350994c,from,l3048968,l3048968
transformer,t5350994c,to,x3048968c,x3048968c
transformer,t5391973c,from,l2673319,l2673319
transformer,t5391973c,to,x2673319c,x2673319c
transformer,t5391973c,from,l2673319,l2673319
transformer,t5391973c,to,x2673319c,x2673319c
transformer,t5338937c,from,l2897777,l2897777
transformer,t5338937c,to,x2897777c,x2897777c
transformer,t5338937c,from,l2897777,l2897777
transformer,t5338937c,to,x2897777c,x2897777c
transformer,t2224500658a,from,l3784018,l3784018
transformer,t2224500658a,to,x3784018a,x3784018a
transformer,t2224500658a,from,l3784018,l3784018
transformer,t2224500658a,to,x3784018a,x3784018a
transformer,t5138313a,from,l3141400,l3141400
transformer,t5138313a,to,x3141400a,x3141400a
transformer,t5138313a,from,l3141400,l3141400
transformer,t5138313a,to,x3141400a,x3141400a
transformer,t21388572b,from,l3235252,l3235252
transformer,t21388572b,to,x3235252b,x3235252b
transformer,t21388572b,from,l3235252,l3235252
transformer,t21388572b,to,x3235252b,x3235252b
transformer,t226010605c,from,l2764411,l2764411
transformer,t226010605c,to,x2764411c,x2764411c
transformer,t226010605c,from,l2764411,l2764411
transformer,t226010605c,to,x2764411c,x2764411c
transformer,t5260554c,from,l3030200,l3030200
transformer,t5260554c,to,x3030200c,x3030200c
transformer,t5260554c,from,l3030200,l3030200
transformer,t5260554c,to,x3030200c,x3030200c
transformer,t227653310c,from,l2746587,l2746587
transformer,t227653310c,to,x2746587c,x2746587c
transformer,t227653310c,from,l2746587,l2746587
transformer,t227653310c,to,x2746587c,x2746587c
transformer,t5325473b,from,l3010562,l3010562
transformer,t5325473b,to,x3010562b,x3010562b
transformer,t5325473b,from,l3010562,l3010562
transformer,t5325473b,to,x3010562b,x3010562b
transformer,t227187012a,from,l2896685,l2896685
transformer,t227187012a,to,x2896685a,x2896685a
transformer,t227187012a,from,l2896685,l2896685
transformer,t227187012a,to,x2896685a,x2896685a
transformer,t227187012b,from,l2896685,l2896685
transformer,t227187012b,to,x2896685b,x2896685b
transformer,t227187012b,from,l2896685,l2896685
transformer,t227187012b,to,x2896685b,x2896685b
transformer,t227187012c,from,l2896685,l2896685
transformer,t227187012c,to,x2896685c,x2896685c
transformer,t227187012c,from,l2896685,l2896685
transformer,t227187012c,to,x2896685c,x2896685c
transformer,t28121368a,from,l2748143,l2748143
transformer,t28121368a,to,x2748143a,x2748143a
transformer,t28121368a,from,l2748143,l2748143
transformer,t28121368a,to,x2748143a,x2748143a
transformer,t21398815a,from,l3216351,l3216351
transformer,t21398815a,to,x3216351a,x3216351a
transformer,t21398815a,from,l3216351,l3216351
transformer,t21398815a,to,x3216351a,x3216351a
transformer,t5391993a,from,l3156034,l3156034
transformer,t5391993a,to,x3156034a,x3156034a
transformer,t5391993a,from,l3156034,l3156034
transformer,t5391993a,to,x3156034a,x3156034a
transformer,t5247057a,from,l3104128,l3104128
transformer,t5247057a,to,x3104128a,x3104128a
transformer,t5247057a,from,l3104128,l3104128
transformer,t5247057a,to,x3104128a,x3104128a
transformer,t5138472c,from,l2673309,l2673309
transformer,t5138472c,to,x2673309c,x2673309c
transformer,t5138472c,from,l2673309,l2673309
transformer,t5138472c,to,x2673309c,x2673309c
transformer,t21474587c,from,l3104155,l3104155
transformer,t21474587c,to,x3104155c,x3104155c
transformer,t21474587c,from,l3104155,l3104155
transformer,t21474587c,to,x3104155c,x3104155c
transformer,t21248901b,from,l2729430,l2729430
transformer,t21248901b,to,x2729430b,x2729430b
transformer,t21248901b,from,l2729430,l2729430
transformer,t21248901b,to,x2729430b,x2729430b
transformer,t5138644a,from,l3197630,l3197630
transformer,t5138644a,to,x3197630a,x3197630a
transformer,t5138644a,from,l3197630,l3197630
transformer,t5138644a,to,x3197630a,x3197630a
transformer,t5338908c,from,l2860481,l2860481
transformer,t5338908c,to,x2860481c,x2860481c
transformer,t5338908c,from,l2860481,l2860481
transformer,t5338908c,to,x2860481c,x2860481c
transformer,t5323253b,from,l2973152,l2973152
transformer,t5323253b,to,x2973152b,x2973152b
transformer,t5323253b,from,l2973152,l2973152
transformer,t5323253b,to,x2973152b,x2973152b
transformer,t21357901b,from,l3160117,l3160117
transformer,t21357901b,to,x3160117b,x3160117b
transformer,t21357901b,from,l3160117,l3160117
transformer,t21357901b,to,x3160117b,x3160117b
transformer,t5323235b,from,l3197624,l3197624
transformer,t5323235b,to,x3197624b,x3197624b
transformer,t5323235b,from,l3197624,l3197624
transformer,t5323235b,to,x3197624b,x3197624b
transformer,t226308710b,from,l2708744,l2708744
transformer,t226308710b,to,x2708744b,x2708744b
transformer,t226308710b,from,l2708744,l2708744
transformer,t226308710b,to,x2708744b,x2708744b
transformer,t5260620c,from,l3067506,l3067506
transformer,t5260620c,to,x3067506c,x3067506c
transformer,t5260620c,from,l3067506,l3067506
transformer,t5260620c,to,x3067506c,x3067506c
transformer,t5302834c,from,l2841625,l2841625
transformer,t5302834c,to,x2841625c,x2841625c
transformer,t5302834c,from,l2841625,l2841625
transformer,t5302834c,to,x2841625c,x2841625c
transformer,t5323245b,from,l2785512,l2785512
transformer,t5323245b,to,x2785512b,x2785512b
transformer,t5323245b,from,l2785512,l2785512
transformer,t5323245b,to,x2785512b,x2785512b
transformer,t5138236b,from,l2673305,l2673305
transformer,t5138236b,to,x2673305b,x2673305b
transformer,t5138236b,from,l2673305,l2673305
transformer,t5138236b,to,x2673305b,x2673305b
transformer,t5323234b,from,l2860480,l2860480
transformer,t5323234b,to,x2860480b,x2860480b
transformer,t5323234b,from,l2860480,l2860480
transformer,t5323234b,to,x2860480b,x2860480b
transformer,t226196642a,from,l2914324,l2914324
transformer,t226196642a,to,x2914324a,x2914324a
transformer,t226196642a,from,l2914324,l2914324
transformer,t226196642a,to,x2914324a,x2914324a
transformer,t21386754a,from,l2766741,l2766741
transformer,t21386754a,to,x2766741a,x2766741a
transformer,t21386754a,from,l2766741,l2766741
transformer,t21386754a,to,x2766741a,x2766741a
transformer,t5339001b,from,l3178988,l3178988
transformer,t5339001b,to,x3178988b,x3178988b
transformer,t5339001b,from,l3178988,l3178988
transformer,t5339001b,to,x3178988b,x3178988b
transformer,t5339017c,from,l2729423,l2729423
transformer,t5339017c,to,x2729423c,x2729423c
transformer,t5339017c,from,l2729423,l2729423
transformer,t5339017c,to,x2729423c,x2729423c
transformer,t28147708b,from,l2991929,l2991929
transformer,t28147708b,to,x2991929b,x2991929b
transformer,t28147708b,from,l2991929,l2991929
transformer,t28147708b,to,x2991929b,x2991929b
transformer,t5356802a,from,l2767342,l2767342
transformer,t5356802a,to,x2767342a,x2767342a
transformer,t5356802a,from,l2767342,l2767342
transformer,t5356802a,to,x2767342a,x2767342a
transformer,t5356815a,from,l2936212,l2936212
transformer,t5356815a,to,x2936212a,x2936212a
transformer,t5356815a,from,l2936212,l2936212
transformer,t5356815a,to,x2936212a,x2936212a
transformer,t21389761b,from,l2861219,l2861219
transformer,t21389761b,to,x2861219b,x2861219b
transformer,t21389761b,from,l2861219,l2861219
transformer,t21389761b,to,x2861219b,x2861219b
transformer,t226163467a,from,l3120376,l3120376
transformer,t226163467a,to,x3120376a,x3120376a
transformer,t226163467a,from,l3120376,l3120376
transformer,t226163467a,to,x3120376a,x3120376a
transformer,t5302400a,from,l2991919,l2991919
transformer,t5302400a,to,x2991919a,x2991919a
transformer,t5302400a,from,l2991919,l2991919
transformer,t5302400a,to,x2991919a,x2991919a
transformer,t21380599a,from,l3066804,l3066804
transformer,t21380599a,to,x3066804a,x3066804a
transformer,t21380599a,from,l3066804,l3066804
transformer,t21380599a,to,x3066804a,x3066804a
transformer,t5274999c,from,l2935550,l2935550
transformer,t5274999c,to,x2935550c,x2935550c
transformer,t5274999c,from,l2935550,l2935550
transformer,t5274999c,to,x2935550c,x2935550c
transformer,t5247105b,from,l2691942,l2691942
transformer,t5247105b,to,x2691942b,x2691942b
transformer,t5247105b,from,l2691942,l2691942
transformer,t5247105b,to,x2691942b,x2691942b
transformer,t5260634a,from,l2842383,l2842383
transformer,t5260634a,to,x2842383a,x2842383a
transformer,t5260634a,from,l2842383,l2842383
transformer,t5260634a,to,x2842383a,x2842383a
transformer,t5223660c,from,l3160863,l3160863
transformer,t5223660c,to,x3160863c,x3160863c
transformer,t5223660c,from,l3160863,l3160863
transformer,t5223660c,to,x3160863c,x3160863c
transformer,t5337668b,from,l2935549,l2935549
transformer,t5337668b,to,x2935549b,x2935549b
transformer,t5337668b,from,l2935549,l2935549
transformer,t5337668b,to,x2935549b,x2935549b
transformer,t226194865a,from,l3027122,l3027122
transformer,t226194865a,to,x3027122a,x3027122a
transformer,t226194865a,from,l3027122,l3027122
transformer,t226194865a,to,x3027122a,x3027122a
transformer,t5338990b,from,l2673331,l2673331
transformer,t5338990b,to,x2673331b,x2673331b
transformer,t5338990b,from,l2673331,l2673331
transformer,t5338990b,to,x2673331b,x2673331b
transformer,t5338988a,from,l3254231,l3254231
transformer,t5338988a,to,x3254231a,x3254231a
transformer,t5338988a,from,l3254231,l3254231
transformer,t5338988a,to,x3254231a,x3254231a
transformer,t5321860b,from,l2785543,l2785543
transformer,t5321860b,to,x2785543b,x2785543b
transformer,t5321860b,from,l2785543,l2785543
transformer,t5321860b,to,x2785543b,x2785543b
transformer,t21459640c,from,l2970258,l2970258
transformer,t21459640c,to,x2970258c,x2970258c
transformer,t21459640c,from,l2970258,l2970258
transformer,t21459640c,to,x2970258c,x2970258c
transformer,t5323392b,from,l2748124,l2748124
transformer,t5323392b,to,x2748124b,x2748124b
transformer,t5323392b,from,l2748124,l2748124
transformer,t5323392b,to,x2748124b,x2748124b
transformer,t5207290a,from,l2879773,l2879773
transformer,t5207290a,to,x2879773a,x2879773a
transformer,t5207290a,from,l2879773,l2879773
transformer,t5207290a,to,x2879773a,x2879773a
transformer,t5302808c,from,l2841626,l2841626
transformer,t5302808c,to,x2841626c,x2841626c
transformer,t5302808c,from,l2841626,l2841626
transformer,t5302808c,to,x2841626c,x2841626c
transformer,t28148633a,from,l2991905,l2991905
transformer,t28148633a,to,x2991905a,x2991905a
transformer,t28148633a,from,l2991905,l2991905
transformer,t28148633a,to,x2991905a,x2991905a
transformer,t21015829a,from,l2822861,l2822861
transformer,t21015829a,to,x2822861a,x2822861a
transformer,t21015829a,from,l2822861,l2822861
transformer,t21015829a,to,x2822861a,x2822861a
transformer,t5356011a,from,l3216337,l3216337
transformer,t5356011a,to,x3216337a,x3216337a
transformer,t5356011a,from,l3216337,l3216337
transformer,t5356011a,to,x3216337a,x3216337a
transformer,t5260514c,from,l2674047,l2674047
transformer,t5260514c,to,x2674047c,x2674047c
transformer,t5260514c,from,l2674047,l2674047
transformer,t5260514c,to,x2674047c,x2674047c
transformer,t5338976b,from,l2691967,l2691967
transformer,t5338976b,to,x2691967b,x2691967b
transformer,t5338976b,from,l2691967,l2691967
transformer,t5338976b,to,x2691967b,x2691967b
transformer,t2224179616c,from,l3626914,l3626914
transformer,t2224179616c,to,x3626914c,x3626914c
transformer,t2224179616c,from,l3626914,l3626914
transformer,t2224179616c,to,x3626914c,x3626914c
transformer,t227903012a,from,l3177894,l3177894
transformer,t227903012a,to,x3177894a,x3177894a
transformer,t227903012a,from,l3177894,l3177894
transformer,t227903012a,to,x3177894a,x3177894a
transformer,t226308716b,from,l2690187,l2690187
transformer,t226308716b,to,x2690187b,x2690187b
transformer,t226308716b,from,l2690187,l2690187
transformer,t226308716b,to,x2690187b,x2690187b
transformer,t5293673a,from,l3122827,l3122827
transformer,t5293673a,to,x3122827a,x3122827a
transformer,t5293673a,from,l3122827,l3122827
transformer,t5293673a,to,x3122827a,x3122827a
transformer,t2223664050b,from,l3315860,l3315860
transformer,t2223664050b,to,x3315860b,x3315860b
transformer,t2223664050b,from,l3315860,l3315860
transformer,t2223664050b,to,x3315860b,x3315860b
transformer,t5355942a,from,l2973165,l2973165
transformer,t5355942a,to,x2973165a,x2973165a
transformer,t5355942a,from,l2973165,l2973165
transformer,t5355942a,to,x2973165a,x2973165a
transformer,t5338983b,from,l2691965,l2691965
transformer,t5338983b,to,x2691965b,x2691965b
transformer,t5338983b,from,l2691965,l2691965
transformer,t5338983b,to,x2691965b,x2691965b
transformer,t5391991a,from,l3216346,l3216346
transformer,t5391991a,to,x3216346a,x3216346a
transformer,t5391991a,from,l3216346,l3216346
transformer,t5391991a,to,x3216346a,x3216346a
transformer,t5321892c,from,l3235267,l3235267
transformer,t5321892c,to,x3235267c,x3235267c
transformer,t5321892c,from,l3235267,l3235267
transformer,t5321892c,to,x3235267c,x3235267c
transformer,t5138464c,from,l3066801,l3066801
transformer,t5138464c,to,x3066801c,x3066801c
transformer,t5138464c,from,l3066801,l3066801
transformer,t5138464c,to,x3066801c,x3066801c
transformer,t5260621c,from,l2898515,l2898515
transformer,t5260621c,to,x2898515c,x2898515c
transformer,t5260621c,from,l2898515,l2898515
transformer,t5260621c,to,x2898515c,x2898515c
transformer,t5337697b,from,l2804258,l2804258
transformer,t5337697b,to,x2804258b,x2804258b
transformer,t5337697b,from,l2804258,l2804258
transformer,t5337697b,to,x2804258b,x2804258b
transformer,t5302675a,from,l2954354,l2954354
transformer,t5302675a,to,x2954354a,x2954354a
transformer,t5302675a,from,l2954354,l2954354
transformer,t5302675a,to,x2954354a,x2954354a
transformer,t226308730a,from,l2802481,l2802481
transformer,t226308730a,to,x2802481a,x2802481a
transformer,t226308730a,from,l2802481,l2802481
transformer,t226308730a,to,x2802481a,x2802481a
transformer,t5323398b,from,l2710505,l2710505
transformer,t5323398b,to,x2710505b,x2710505b
transformer,t5323398b,from,l2710505,l2710505
transformer,t5323398b,to,x2710505b,x2710505b
transformer,t5355587b,from,l3104114,l3104114
transformer,t5355587b,to,x3104114b,x3104114b
transformer,t5355587b,from,l3104114,l3104114
transformer,t5355587b,to,x3104114b,x3104114b
transformer,t225533237b,from,l2798067,l2798067
transformer,t225533237b,to,x2798067b,x2798067b
transformer,t225533237b,from,l2798067,l2798067
transformer,t225533237b,to,x2798067b,x2798067b
transformer,t28118808a,from,l3122825,l3122825
transformer,t28118808a,to,x3122825a,x3122825a
transformer,t28118808a,from,l3122825,l3122825
transformer,t28118808a,to,x3122825a,x3122825a
transformer,t5337704b,from,l2710546,l2710546
transformer,t5337704b,to,x2710546b,x2710546b
transformer,t5337704b,from,l2710546,l2710546
transformer,t5337704b,to,x2710546b,x2710546b
transformer,t5337701b,from,l2879071,l2879071
transformer,t5337701b,to,x2879071b,x2879071b
transformer,t5337701b,from,l2879071,l2879071
transformer,t5337701b,to,x2879071b,x2879071b
transformer,t5337675a,from,l2785514,l2785514
transformer,t5337675a,to,x2785514a,x2785514a
transformer,t5337675a,from,l2785514,l2785514
transformer,t5337675a,to,x2785514a,x2785514a
transformer,t5260594a,from,l2898457,l2898457
transformer,t5260594a,to,x2898457a,x2898457a
transformer,t5260594a,from,l2898457,l2898457
transformer,t5260594a,to,x2898457a,x2898457a
transformer,t2224386815a,from,l3727708,l3727708
transformer,t2224386815a,to,x3727708a,x3727708a
transformer,t2224386815a,from,l3727708,l3727708
transformer,t2224386815a,to,x3727708a,x3727708a
transformer,t5260590b,from,l3216988,l3216988
transformer,t5260590b,to,x3216988b,x3216988b
transformer,t5260590b,from,l3216988,l3216988
transformer,t5260590b,to,x3216988b,x3216988b
transformer,t5323266b,from,l3197632,l3197632
transformer,t5323266b,to,x3197632b,x3197632b
transformer,t5323266b,from,l3197632,l3197632
transformer,t5323266b,to,x3197632b,x3197632b
transformer,t5293422c,from,l3178997,l3178997
transformer,t5293422c,to,x3178997c,x3178997c
transformer,t5293422c,from,l3178997,l3178997
transformer,t5293422c,to,x3178997c,x3178997c
transformer,t5339005b,from,l2785535,l2785535
transformer,t5339005b,to,x2785535b,x2785535b
transformer,t5339005b,from,l2785535,l2785535
transformer,t5339005b,to,x2785535b,x2785535b
transformer,t5337626c,from,l3216343,l3216343
transformer,t5337626c,to,x3216343c,x3216343c
transformer,t5337626c,from,l3216343,l3216343
transformer,t5337626c,to,x3216343c,x3216343c
transformer,t5338919a,from,l2748127,l2748127
transformer,t5338919a,to,x2748127a,x2748127a
transformer,t5338919a,from,l2748127,l2748127
transformer,t5338919a,to,x2748127a,x2748127a
transformer,t5355438c,from,l2673323,l2673323
transformer,t5355438c,to,x2673323c,x2673323c
transformer,t5355438c,from,l2673323,l2673323
transformer,t5355438c,to,x2673323c,x2673323c
transformer,t5138798b,from,l3104859,l3104859
transformer,t5138798b,to,x3104859b,x3104859b
transformer,t5138798b,from,l3104859,l3104859
transformer,t5138798b,to,x3104859b,x3104859b
transformer,t228001810a,from,l2859403,l2859403
transformer,t228001810a,to,x2859403a,x2859403a
transformer,t228001810a,from,l2859403,l2859403
transformer,t228001810a,to,x2859403a,x2859403a
transformer,t5338915c,from,l2954345,l2954345
transformer,t5338915c,to,x2954345c,x2954345c
transformer,t5338915c,from,l2954345,l2954345
transformer,t5338915c,to,x2954345c,x2954345c
transformer,t5339048a,from,l3160098,l3160098
transformer,t5339048a,to,x3160098a,x3160098a
transformer,t5339048a,from,l3160098,l3160098
transformer,t5339048a,to,x3160098a,x3160098a
transformer,t5325474b,from,l3254228,l3254228
transformer,t5325474b,to,x3254228b,x3254228b
transformer,t5325474b,from,l3254228,l3254228
transformer,t5325474b,to,x3254228b,x3254228b
transformer,t5321878a,from,l3101788,l3101788
transformer,t5321878a,to,x3101788a,x3101788a
transformer,t5321878a,from,l3101788,l3101788
transformer,t5321878a,to,x3101788a,x3101788a
transformer,t5337677a,from,l2785513,l2785513
transformer,t5337677a,to,x2785513a,x2785513a
transformer,t5337677a,from,l2785513,l2785513
transformer,t5337677a,to,x2785513a,x2785513a
transformer,t225684682b,from,l3231269,l3231269
transformer,t225684682b,to,x3231269b,x3231269b
transformer,t225684682b,from,l3231269,l3231269
transformer,t225684682b,to,x3231269b,x3231269b
transformer,t28129399c,from,l2991921,l2991921
transformer,t28129399c,to,x2991921c,x2991921c
transformer,t28129399c,from,l2991921,l2991921
transformer,t28129399c,to,x2991921c,x2991921c
transformer,t5302731a,from,l3122826,l3122826
transformer,t5302731a,to,x3122826a,x3122826a
transformer,t5302731a,from,l3122826,l3122826
transformer,t5302731a,to,x3122826a,x3122826a
transformer,t21325725c,from,l2842390,l2842390
transformer,t21325725c,to,x2842390c,x2842390c
transformer,t21325725c,from,l2842390,l2842390
transformer,t21325725c,to,x2842390c,x2842390c
transformer,t5138571a,from,l2991913,l2991913
transformer,t5138571a,to,x2991913a,x2991913a
transformer,t5138571a,from,l2991913,l2991913
transformer,t5138571a,to,x2991913a,x2991913a
transformer,t5339020a,from,l3104144,l3104144
transformer,t5339020a,to,x3104144a,x3104144a
transformer,t5339020a,from,l3104144,l3104144
transformer,t5339020a,to,x3104144a,x3104144a
transformer,t5339013b,from,l2804270,l2804270
transformer,t5339013b,to,x2804270b,x2804270b
transformer,t5339013b,from,l2804270,l2804270
transformer,t5339013b,to,x2804270b,x2804270b
transformer,t5260632a,from,l2917333,l2917333
transformer,t5260632a,to,x2917333a,x2917333a
transformer,t5260632a,from,l2917333,l2917333
transformer,t5260632a,to,x2917333a,x2917333a
transformer,t5247058a,from,l2673315,l2673315
transformer,t5247058a,to,x2673315a,x2673315a
transformer,t5247058a,from,l2673315,l2673315
transformer,t5247058a,to,x2673315a,x2673315a
transformer,t225918936c,from,l2688693,l2688693
transformer,t225918936c,to,x2688693c,x2688693c
transformer,t225918936c,from,l2688693,l2688693
transformer,t225918936c,to,x2688693c,x2688693c
transformer,t5321893c,from,l2841645,l2841645
transformer,t5321893c,to,x2841645c,x2841645c
transformer,t5321893c,from,l2841645,l2841645
transformer,t5321893c,to,x2841645c,x2841645c
transformer,t5391740b,from,l3048200,l3048200
transformer,t5391740b,to,x3048200b,x3048200b
transformer,t5391740b,from,l3048200,l3048200
transformer,t5391740b,to,x3048200b,x3048200b
transformer,t5138260a,from,l3048208,l3048208
transformer,t5138260a,to,x3048208a,x3048208a
transformer,t5138260a,from,l3048208,l3048208
transformer,t5138260a,to,x3048208a,x3048208a
transformer,t5260535c,from,l3067507,l3067507
transformer,t5260535c,to,x3067507c,x3067507c
transformer,t5260535c,from,l3067507,l3067507
transformer,t5260535c,to,x3067507c,x3067507c
transformer,t21389962c,from,l2804249,l2804249
transformer,t21389962c,to,x2804249c,x2804249c
transformer,t21389962c,from,l2804249,l2804249
transformer,t21389962c,to,x2804249c,x2804249c
transformer,t5328363b,from,l2936213,l2936213
transformer,t5328363b,to,x2936213b,x2936213b
transformer,t5328363b,from,l2936213,l2936213
transformer,t5328363b,to,x2936213b,x2936213b
transformer,t228057846a,from,l3215340,l3215340
transformer,t228057846a,to,x3215340a,x3215340a
transformer,t228057846a,from,l3215340,l3215340
transformer,t228057846a,to,x3215340a,x3215340a
transformer,t5339052c,from,l3118855,l3118855
transformer,t5339052c,to,x3118855c,x3118855c
transformer,t5339052c,from,l3118855,l3118855
transformer,t5339052c,to,x3118855c,x3118855c
transformer,t5323261b,from,l3085397,l3085397
transformer,t5323261b,to,x3085397b,x3085397b
transformer,t5323261b,from,l3085397,l3085397
transformer,t5323261b,to,x3085397b,x3085397b
transformer,t5260569c,from,l3104796,l3104796
transformer,t5260569c,to,x3104796c,x3104796c
transformer,t5260569c,from,l3104796,l3104796
transformer,t5260569c,to,x3104796c,x3104796c
transformer,t228622562a,from,l3108449,l3108449
transformer,t228622562a,to,x3108449a,x3108449a
transformer,t228622562a,from,l3108449,l3108449
transformer,t228622562a,to,x3108449a,x3108449a
transformer,t5337632c,from,l2673307,l2673307
transformer,t5337632c,to,x2673307c,x2673307c
transformer,t5337632c,from,l2673307,l2673307
transformer,t5337632c,to,x2673307c,x2673307c
transformer,t21398536a,from,l2973159,l2973159
transformer,t21398536a,to,x2973159a,x2973159a
transformer,t21398536a,from,l2973159,l2973159
transformer,t21398536a,to,x2973159a,x2973159a
transformer,t5321877a,from,l3101787,l3101787
transformer,t5321877a,to,x3101787a,x3101787a
transformer,t5321877a,from,l3101787,l3101787
transformer,t5321877a,to,x3101787a,x3101787a
transformer,t5338931c,from,l2785521,l2785521
transformer,t5338931c,to,x2785521c,x2785521c
transformer,t5338931c,from,l2785521,l2785521
transformer,t5338931c,to,x2785521c,x2785521c
transformer,t5339016b,from,l3235273,l3235273
transformer,t5339016b,to,x3235273b,x3235273b
transformer,t5339016b,from,l3235273,l3235273
transformer,t5339016b,to,x3235273b,x3235273b
transformer,t5356798c,from,l2692600,l2692600
transformer,t5356798c,to,x2692600c,x2692600c
transformer,t5356798c,from,l2692600,l2692600
transformer,t5356798c,to,x2692600c,x2692600c
transformer,t21386442c,from,l3179637,l3179637
transformer,t21386442c,to,x3179637c,x3179637c
transformer,t21386442c,from,l3179637,l3179637
transformer,t21386442c,to,x3179637c,x3179637c
transformer,t5337633c,from,l2729406,l2729406
transformer,t5337633c,to,x2729406c,x2729406c
transformer,t5337633c,from,l2729406,l2729406
transformer,t5337633c,to,x2729406c,x2729406c
transformer,t5302678a,from,l3029499,l3029499
transformer,t5302678a,to,x3029499a,x3029499a
transformer,t5302678a,from,l3029499,l3029499
transformer,t5302678a,to,x3029499a,x3029499a
transformer,t5251828b,from,l3179650,l3179650
transformer,t5251828b,to,x3179650b,x3179650b
transformer,t5251828b,from,l3179650,l3179650
transformer,t5251828b,to,x3179650b,x3179650b
transformer,t5356803a,from,l2748780,l2748780
transformer,t5356803a,to,x2748780a,x2748780a
transformer,t5356803a,from,l2748780,l2748780
transformer,t5356803a,to,x2748780a,x2748780a
transformer,t21386976a,from,l3141398,l3141398
transformer,t21386976a,to,x3141398a,x3141398a
transformer,t21386976a,from,l3141398,l3141398
transformer,t21386976a,to,x3141398a,x3141398a
transformer,t5293668a,from,l3085403,l3085403
transformer,t5293668a,to,x3085403a,x3085403a
transformer,t5293668a,from,l3085403,l3085403
transformer,t5293668a,to,x3085403a,x3085403a
transformer,t5138796b,from,l3236011,l3236011
transformer,t5138796b,to,x3236011b,x3236011b
transformer,t5138796b,from,l3236011,l3236011
transformer,t5138796b,to,x3236011b,x3236011b
transformer,t5355584b,from,l2710542,l2710542
transformer,t5355584b,to,x2710542b,x2710542b
transformer,t5355584b,from,l2710542,l2710542
transformer,t5355584b,to,x2710542b,x2710542b
transformer,t226191995b,from,l2801896,l2801896
transformer,t226191995b,to,x2801896b,x2801896b
transformer,t226191995b,from,l2801896,l2801896
transformer,t226191995b,to,x2801896b,x2801896b
transformer,t5337688b,from,l3029501,l3029501
transformer,t5337688b,to,x3029501b,x3029501b
transformer,t5337688b,from,l3029501,l3029501
transformer,t5337688b,to,x3029501b,x3029501b
transformer,t228446184a,from,l3159645,l3159645
transformer,t228446184a,to,x3159645a,x3159645a
transformer,t228446184a,from,l3159645,l3159645
transformer,t228446184a,to,x3159645a,x3159645a
transformer,t226193698c,from,l3125349,l3125349
transformer,t226193698c,to,x3125349c,x3125349c
transformer,t226193698c,from,l3125349,l3125349
transformer,t226193698c,to,x3125349c,x3125349c
transformer,t5325472b,from,l2973149,l2973149
transformer,t5325472b,to,x2973149b,x2973149b
transformer,t5325472b,from,l2973149,l2973149
transformer,t5325472b,to,x2973149b,x2973149b
transformer,t21390038c,from,l3030205,l3030205
transformer,t21390038c,to,x3030205c,x3030205c
transformer,t21390038c,from,l3030205,l3030205
transformer,t21390038c,to,x3030205c,x3030205c
transformer,t5356012a,from,l2841615,l2841615
transformer,t5356012a,to,x2841615a,x2841615a
transformer,t5356012a,from,l2841615,l2841615
transformer,t5356012a,to,x2841615a,x2841615a
transformer,t5260495b,from,l2767407,l2767407
transformer,t5260495b,to,x2767407b,x2767407b
transformer,t5260495b,from,l2767407,l2767407
transformer,t5260495b,to,x2767407b,x2767407b
transformer,t225767272a,from,l3139103,l3139103
transformer,t225767272a,to,x3139103a,x3139103a
transformer,t225767272a,from,l3139103,l3139103
transformer,t225767272a,to,x3139103a,x3139103a
transformer,t28129466a,from,l3011293,l3011293
transformer,t28129466a,to,x3011293a,x3011293a
transformer,t28129466a,from,l3011293,l3011293
transformer,t28129466a,to,x3011293a,x3011293a
transformer,t28129466b,from,l3011293,l3011293
transformer,t28129466b,to,x3011293b,x3011293b
transformer,t28129466b,from,l3011293,l3011293
transformer,t28129466b,to,x3011293b,x3011293b
transformer,t28129466c,from,l3011293,l3011293
transformer,t28129466c,to,x3011293c,x3011293c
transformer,t28129466c,from,l3011293,l3011293
transformer,t28129466c,to,x3011293c,x3011293c
transformer,t226193702c,from,l3181545,l3181545
transformer,t226193702c,to,x3181545c,x3181545c
transformer,t226193702c,from,l3181545,l3181545
transformer,t226193702c,to,x3181545c,x3181545c
transformer,t5338917a,from,l2935555,l2935555
transformer,t5338917a,to,x2935555a,x2935555a
transformer,t5338917a,from,l2935555,l2935555
transformer,t5338917a,to,x2935555a,x2935555a
transformer,t5323248b,from,l3048207,l3048207
transformer,t5323248b,to,x3048207b,x3048207b
transformer,t5323248b,from,l3048207,l3048207
transformer,t5323248b,to,x3048207b,x3048207b
transformer,t5337707b,from,l3160104,l3160104
transformer,t5337707b,to,x3160104b,x3160104b
transformer,t5337707b,from,l3160104,l3160104
transformer,t5337707b,to,x3160104b,x3160104b
transformer,t21393643a,from,l2851933,l2851933
transformer,t21393643a,to,x2851933a,x2851933a
transformer,t21393643a,from,l2851933,l2851933
transformer,t21393643a,to,x2851933a,x2851933a
transformer,t21393643b,from,l2851933,l2851933
transformer,t21393643b,to,x2851933b,x2851933b
transformer,t21393643b,from,l2851933,l2851933
transformer,t21393643b,to,x2851933b,x2851933b
transformer,t21393643c,from,l2851933,l2851933
transformer,t21393643c,to,x2851933c,x2851933c
transformer,t21393643c,from,l2851933,l2851933
transformer,t21393643c,to,x2851933c,x2851933c
transformer,t5247170b,from,l2897784,l2897784
transformer,t5247170b,to,x2897784b,x2897784b
transformer,t5247170b,from,l2897784,l2897784
transformer,t5247170b,to,x2897784b,x2897784b
transformer,t5293664a,from,l3207907,l3207907
transformer,t5293664a,to,x3207907a,x3207907a
transformer,t5293664a,from,l3207907,l3207907
transformer,t5293664a,to,x3207907a,x3207907a
transformer,t5293664b,from,l3207907,l3207907
transformer,t5293664b,to,x3207907b,x3207907b
transformer,t5293664b,from,l3207907,l3207907
transformer,t5293664b,to,x3207907b,x3207907b
transformer,t5293664c,from,l3207907,l3207907
transformer,t5293664c,to,x3207907c,x3207907c
transformer,t5293664c,from,l3207907,l3207907
transformer,t5293664c,to,x3207907c,x3207907c
transformer,t226193395b,from,l2726974,l2726974
transformer,t226193395b,to,x2726974b,x2726974b
transformer,t226193395b,from,l2726974,l2726974
transformer,t226193395b,to,x2726974b,x2726974b
transformer,t5138262a,from,l3029502,l3029502
transformer,t5138262a,to,x3029502a,x3029502a
transformer,t5138262a,from,l3029502,l3029502
transformer,t5138262a,to,x3029502a,x3029502a
transformer,t5338923c,from,l3178972,l3178972
transformer,t5338923c,to,x3178972c,x3178972c
transformer,t5338923c,from,l3178972,l3178972
transformer,t5338923c,to,x3178972c,x3178972c
transformer,t5260607b,from,l3029055,l3029055
transformer,t5260607b,to,x3029055b,x3029055b
transformer,t5260607b,from,l3029055,l3029055
transformer,t5260607b,to,x3029055b,x3029055b
transformer,t5302368b,from,l3029507,l3029507
transformer,t5302368b,to,x3029507b,x3029507b
transformer,t5302368b,from,l3029507,l3029507
transformer,t5302368b,to,x3029507b,x3029507b
transformer,t5338989a,from,l3254230,l3254230
transformer,t5338989a,to,x3254230a,x3254230a
transformer,t5338989a,from,l3254230,l3254230
transformer,t5338989a,to,x3254230a,x3254230a
transformer,t5260639c,from,l3030203,l3030203
transformer,t5260639c,to,x3030203c,x3030203c
transformer,t5260639c,from,l3030203,l3030203
transformer,t5260639c,to,x3030203c,x3030203c
transformer,t5323273b,from,l3048203,l3048203
transformer,t5323273b,to,x3048203b,x3048203b
transformer,t5323273b,from,l3048203,l3048203
transformer,t5323273b,to,x3048203b,x3048203b
transformer,t5260521b,from,l3048963,l3048963
transformer,t5260521b,to,x3048963b,x3048963b
transformer,t5260521b,from,l3048963,l3048963
transformer,t5260521b,to,x3048963b,x3048963b
transformer,t21380325b,from,l2674027,l2674027
transformer,t21380325b,to,x2674027b,x2674027b
transformer,t21380325b,from,l2674027,l2674027
transformer,t21380325b,to,x2674027b,x2674027b
transformer,t5391753b,from,l2973163,l2973163
transformer,t5391753b,to,x2973163b,x2973163b
transformer,t5391753b,from,l2973163,l2973163
transformer,t5391753b,to,x2973163b,x2973163b
transformer,t5260479a,from,l2955074,l2955074
transformer,t5260479a,to,x2955074a,x2955074a
transformer,t5260479a,from,l2955074,l2955074
transformer,t5260479a,to,x2955074a,x2955074a
transformer,t5337645b,from,l3216342,l3216342
transformer,t5337645b,to,x3216342b,x3216342b
transformer,t5337645b,from,l3216342,l3216342
transformer,t5337645b,to,x3216342b,x3216342b
transformer,t5275008c,from,l3235243,l3235243
transformer,t5275008c,to,x3235243c,x3235243c
transformer,t5275008c,from,l3235243,l3235243
transformer,t5275008c,to,x3235243c,x3235243c
transformer,t226194421c,from,l3214069,l3214069
transformer,t226194421c,to,x3214069c,x3214069c
transformer,t226194421c,from,l3214069,l3214069
transformer,t226194421c,to,x3214069c,x3214069c
transformer,t5338972b,from,l2841632,l2841632
transformer,t5338972b,to,x2841632b,x2841632b
transformer,t5338972b,from,l2841632,l2841632
transformer,t5338972b,to,x2841632b,x2841632b
transformer,t5391747b,from,l2822859,l2822859
transformer,t5391747b,to,x2822859b,x2822859b
transformer,t5391747b,from,l2822859,l2822859
transformer,t5391747b,to,x2822859b,x2822859b
transformer,t5251865c,from,l3142050,l3142050
transformer,t5251865c,to,x3142050c,x3142050c
transformer,t5251865c,from,l3142050,l3142050
transformer,t5251865c,to,x3142050c,x3142050c
transformer,t5338898a,from,l2973155,l2973155
transformer,t5338898a,to,x2973155a,x2973155a
transformer,t5338898a,from,l2973155,l2973155
transformer,t5338898a,to,x2973155a,x2973155a
transformer,t5260605a,from,l2973791,l2973791
transformer,t5260605a,to,x2973791a,x2973791a
transformer,t5260605a,from,l2973791,l2973791
transformer,t5260605a,to,x2973791a,x2973791a
transformer,t5138405c,from,l2841629,l2841629
transformer,t5138405c,to,x2841629c,x2841629c
transformer,t5138405c,from,l2841629,l2841629
transformer,t5138405c,to,x2841629c,x2841629c
transformer,t21397544a,from,l2822868,l2822868
transformer,t21397544a,to,x2822868a,x2822868a
transformer,t21397544a,from,l2822868,l2822868
transformer,t21397544a,to,x2822868a,x2822868a
transformer,t5302370b,from,l3122823,l3122823
transformer,t5302370b,to,x3122823b,x3122823b
transformer,t5302370b,from,l3122823,l3122823
transformer,t5302370b,to,x3122823b,x3122823b
transformer,t5337614b,from,l2952003,l2952003
transformer,t5337614b,to,x2952003b,x2952003b
transformer,t5337614b,from,l2952003,l2952003
transformer,t5337614b,to,x2952003b,x2952003b
transformer,t5260467a,from,l3104856,l3104856
transformer,t5260467a,to,x3104856a,x3104856a
transformer,t5260467a,from,l3104856,l3104856
transformer,t5260467a,to,x3104856a,x3104856a
transformer,t5223662c,from,l2786204,l2786204
transformer,t5223662c,to,x2786204c,x2786204c
transformer,t5223662c,from,l2786204,l2786204
transformer,t5223662c,to,x2786204c,x2786204c
transformer,t21384215a,from,l2841622,l2841622
transformer,t21384215a,to,x2841622a,x2841622a
transformer,t21384215a,from,l2841622,l2841622
transformer,t21384215a,to,x2841622a,x2841622a
transformer,t21380528a,from,l2973150,l2973150
transformer,t21380528a,to,x2973150a,x2973150a
transformer,t21380528a,from,l2973150,l2973150
transformer,t21380528a,to,x2973150a,x2973150a
transformer,t5339003b,from,l3066826,l3066826
transformer,t5339003b,to,x3066826b,x3066826b
transformer,t5339003b,from,l3066826,l3066826
transformer,t5339003b,to,x3066826b,x3066826b
transformer,t21396959a,from,l3197638,l3197638
transformer,t21396959a,to,x3197638a,x3197638a
transformer,t21396959a,from,l3197638,l3197638
transformer,t21396959a,to,x3197638a,x3197638a
transformer,t5391985a,from,l2785530,l2785530
transformer,t5391985a,to,x2785530a,x2785530a
transformer,t5391985a,from,l2785530,l2785530
transformer,t5391985a,to,x2785530a,x2785530a
transformer,t226195153b,from,l3082988,l3082988
transformer,t226195153b,to,x3082988b,x3082988b
transformer,t226195153b,from,l3082988,l3082988
transformer,t226195153b,to,x3082988b,x3082988b
transformer,t5302733a,from,l2860491,l2860491
transformer,t5302733a,to,x2860491a,x2860491a
transformer,t5302733a,from,l2860491,l2860491
transformer,t5302733a,to,x2860491a,x2860491a
transformer,t5302733b,from,l2860491,l2860491
transformer,t5302733b,to,x2860491b,x2860491b
transformer,t5302733b,from,l2860491,l2860491
transformer,t5302733b,to,x2860491b,x2860491b
transformer,vreg2_a,from,regxfmr_190-8593,regxfmr_190-8593
transformer,vreg2_a,to,190-8593,190-8593
transformer,vreg2_b,from,regxfmr_190-8593,regxfmr_190-8593
transformer,vreg2_b,to,190-8593,190-8593
transformer,vreg2_c,from,regxfmr_190-8593,regxfmr_190-8593
transformer,vreg2_c,to,190-8593,190-8593
transformer,vreg3_a,from,regxfmr_190-8581,regxfmr_190-8581
transformer,vreg3_a,to,190-8581,190-8581
transformer,vreg3_b,from,regxfmr_190-8581,regxfmr_190-8581
transformer,vreg3_b,to,190-8581,190-8581
transformer,vreg3_c,from,regxfmr_190-8581,regxfmr_190-8581
transformer,vreg3_c,to,190-8581,190-8581
transformer,vreg4_a,from,regxfmr_190-7361,regxfmr_190-7361
transformer,vreg4_a,to,190-7361,190-7361
transformer,vreg4_b,from,regxfmr_190-7361,regxfmr_190-7361
transformer,vreg4_b,to,190-7361,190-7361
transformer,vreg4_c,from,regxfmr_190-7361,regxfmr_190-7361
transformer,vreg4_c,to,190-7361,190-7361
switch,x8223_48332_sw,from,d6413567-3_int,d6413567-3_int
switch,x8223_48332_sw,to,e182724,e182724
switch,wd701_48332_sw,from,228-1048090-1_int,l3102286
switch,wd701_48332_sw,to,193-51796,l3214549
switch,v7173_48332_sw,from,d5534969-2_int,d5534969-2_int
switch,v7173_48332_sw,to,e182729,e182729
switch,v9287_48332_sw,from,d6019477-1_int,d6019477-1_int
switch,v9287_48332_sw,to,e182727,e182727
switch,a8735_48332_sw,from,d5710794-3_int,d5710794-3_int
switch,a8735_48332_sw,to,e192860,e192860
switch,v7995_48332_sw,from,d5837361-8_int,l3104155
switch,v7995_48332_sw,to,e182745,l2876798
switch,l5437_48332_sw,from,d5535139-1_int,d5535139-1_int
switch,l5437_48332_sw,to,e183473,e183473
switch,ln4625713_sw,from,d5502543-2_int,d5502543-2_int
switch,ln4625713_sw,to,q14413,q14413
switch,ln4641075_sw,from,d5860423-3_int,d5860423-3_int
switch,ln4641075_sw,to,q14733,q14733
switch,l5491_48332_sw,from,d5655682-1_int,d5655682-1_int
switch,l5491_48332_sw,to,e182725,e182725
switch,ln4625696_sw,from,d5926308-3_int,d5926308-3_int
switch,ln4625696_sw,to,q14412,q14412
switch,ln4586093_sw,from,d6138608-3_int,d6138608-3_int
switch,ln4586093_sw,to,q14404,q14404
switch,l5659_48332_sw,from,d6231996-1_int,d6231996-1_int
switch,l5659_48332_sw,to,e206614,e206614
switch,ln3693186_sw,from,d5861005-2_int,d5861005-2_int
switch,ln3693186_sw,to,q1301,q1301
switch,v7313_48332_sw,from,d5806920-1_int,d5806920-1_int
switch,v7313_48332_sw,to,e182726,e182726
switch,a8611_48332_sw,from,d5799561-2_int,d5799561-2_int
switch,a8611_48332_sw,to,e193509,e193509
switch,ln4625876_sw,from,d5835167-6_int,d5835167-6_int
switch,ln4625876_sw,to,q14414,q14414
switch,v9111_48332_sw,from,d6108141-1_int,d6108141-1_int
switch,v9111_48332_sw,to,e206209,e206209
switch,x8271_48332_sw,from,d5712486-1_int,d5712486-1_int
switch,x8271_48332_sw,to,e206210,e206210
switch,v7041_48332_sw,from,d5867591-1_int,d5867591-1_int
switch,v7041_48332_sw,to,e183472,e183472
switch,l5397_48332_sw,from,d6049822-1_int,d6049822-1_int
switch,l5397_48332_sw,to,e182722,e182722
switch,wg127_48332_sw,from,228-961799-3_int,l2729207
switch,wg127_48332_sw,to,193-46661,l2897554
switch,ln247171_sw,from,d6047588-1_int,d6047588-1_int
switch,ln247171_sw,to,f739844,f739844
switch,l5523_48332_sw,from,d6049825-1_int,d6049825-1_int
switch,l5523_48332_sw,to,e182748,e182748
switch,2002200004641085_sw,from,d5587291-3_int,d5587291-3_int
switch,2002200004641085_sw,to,q14734,q14734
switch,xj171_48332_sw,from,d5513564-1_int,d5513564-1_int
switch,xj171_48332_sw,to,e192201,e192201
switch,a8869_48332_sw,from,d6198039-1_int,d6198039-1_int
switch,a8869_48332_sw,to,e206217,e206217
switch,l9407_48332_sw,from,d6023352-1_int,d6023352-1_int
switch,l9407_48332_sw,to,e184626,e184626
switch,x8225_48332_sw,from,d5565090-1_int,d5565090-1_int
switch,x8225_48332_sw,to,e182744,e182744
switch,2002200004868472_sw,from,d5563942-4_int,d5563942-4_int
switch,2002200004868472_sw,to,q16483,q16483
switch,2002200004991174_sw,from,d6290228-6_int,d6290228-6_int
switch,2002200004991174_sw,to,q16642,q16642
switch,l9191_48332_sw,from,d5534970-1_int,d5534970-1_int
switch,l9191_48332_sw,to,e182732,e182732
switch,ln0247162_sw,from,d5472341-1_int,d5472341-1_int
switch,ln0247162_sw,to,f739842,f739842
switch,ln247160_sw,from,d5865224-1_int,d5865224-1_int
switch,ln247160_sw,to,f739841,f739841
switch,wf856_48332_sw,from,228-1353934-4_int,l3645812
switch,wf856_48332_sw,to,193-103041,l3645811
switch,ln293471_sw,from,d5686080-1_int,d5686080-1_int
switch,ln293471_sw,to,f739845,f739845
switch,a8645_48332_sw,from,d5958866-1_int,d5958866-1_int
switch,a8645_48332_sw,to,e183493,e183493
switch,v9109_48332_sw,from,d6140776-1_int,d6140776-1_int
switch,v9109_48332_sw,to,e182730,e182730
switch,g9343_48332_sw,from,d5682346-3_int,d5682346-3_int
switch,g9343_48332_sw,to,e206211,e206211
switch,wf586_48332_sw,from,228-979371-2_int,l2690868
switch,wf586_48332_sw,to,193-48013,l2915534
switch,l5565_48332_sw,from,d6140778-1_int,d6140778-1_int
switch,l5565_48332_sw,to,e182731,e182731
switch,a333_48332_sw,from,d5746546-1_int,d5746546-1_int
switch,a333_48332_sw,to,e182723,e182723
switch,ln4625680_sw,from,d5956499-2_int,d5956499-2_int
switch,ln4625680_sw,to,q14411,q14411
regulator,feeder_rega,from,regxfmr_hvmv_sub_lsb,regxfmr_hvmv_sub_lsb
regulator,feeder_rega,regulated,_hvmv_sub_lsb,_hvmv_sub_lsb
regulator,feeder_regb,from,regxfmr_hvmv_sub_lsb,regxfmr_hvmv_sub_lsb
regulator,feeder_regb,regulated,_hvmv_sub_lsb,_hvmv_sub_lsb
regulator,feeder_regc,from,regxfmr_hvmv_sub_lsb,regxfmr_hvmv_sub_lsb
regulator,feeder_regc,regulated,_hvmv_sub_lsb,_hvmv_sub_lsb
regulator,vreg2_a,from,regxfmr_190-8593,regxfmr_190-8593
regulator,vreg2_a,regulated,190-8593,190-8593
regulator,vreg2_b,from,regxfmr_190-8593,regxfmr_190-8593
regulator,vreg2_b,regulated,190-8593,190-8593
regulator,vreg2_c,from,regxfmr_190-8593,regxfmr_190-8593
regulator,vreg2_c,regulated,190-8593,190-8593
regulator,vreg3_a,from,regxfmr_190-8581,regxfmr_190-8581
regulator,vreg3_a,regulated,190-8581,190-8581
regulator,vreg3_b,from,regxfmr_190-8581,regxfmr_190-8581
regulator,vreg3_b,regulated,190-8581,190-8581
regulator,vreg3_c,from,regxfmr_190-8581,regxfmr_190-8581
regulator,vreg3_c,regulated,190-8581,190-8581
regulator,vreg4_a,from,regxfmr_190-7361,regxfmr_190-7361
regulator,vreg4_a,regulated,190-7361,190-7361
regulator,vreg4_b,from,regxfmr_190-7361,regxfmr_190-7361
regulator,vreg4_b,regulated,190-7361,190-7361
regulator,vreg4_c,from,regxfmr_190-7361,regxfmr_190-7361
regulator,vreg4_c,regulated,190-7361,190-7361
phase_shift,hvmv_sub,from,hvmv_sub_hsb,hvmv_sub_hsb
phase_shift,hvmv_sub,to,regxfmr_hvmv_sub_lsb,regxfmr_hvmv_sub_lsb
center_tapped_transformer,t21396254a,winding_1,l2804253,l2804253
center_tapped_transformer,t21396254a,winding_2,x2804253a,x2804253a
center_tapped_transformer,t21396254a,winding_3,x2804253a,x2804253a
center_tapped_transformer,t5321859b,winding_1,l3254213,l3254213
center_tapped_transformer,t5321859b,winding_2,x3254213b,x3254213b
center_tapped_transformer,t5321859b,winding_3,x3254213b,x3254213b
center_tapped_transformer,t5391741b,winding_1,l3216339,l3216339
center_tapped_transformer,t5391741b,winding_2,x3216339b,x3216339b
center_tapped_transformer,t5391741b,winding_3,x3216339b,x3216339b
center_tapped_transformer,t5293672a,winding_1,l2954355,l2954355
center_tapped_transformer,t5293672a,winding_2,x2954355a,x2954355a
center_tapped_transformer,t5293672a,winding_3,x2954355a,x2954355a
center_tapped_transformer,t21474711c,winding_1,l2861197,l2861197
center_tapped_transformer,t21474711c,winding_2,x2861197c,x2861197c
center_tapped_transformer,t21474711c,winding_3,x2861197c,x2861197c
center_tapped_transformer,t5260488a,winding_1,l2842379,l2842379
center_tapped_transformer,t5260488a,winding_2,x2842379a,x2842379a
center_tapped_transformer,t5260488a,winding_3,x2842379a,x2842379a
center_tapped_transformer,t5391758b,winding_1,l2841636,l2841636
center_tapped_transformer,t5391758b,winding_2,x2841636b,x2841636b
center_tapped_transformer,t5391758b,winding_3,x2841636b,x2841636b
center_tapped_transformer,t228091193a,winding_1,l3047289,l3047289
center_tapped_transformer,t228091193a,winding_2,x3047289a,x3047289a
center_tapped_transformer,t228091193a,winding_3,x3047289a,x3047289a
center_tapped_transformer,t228091193b,winding_1,l3047289,l3047289
center_tapped_transformer,t228091193b,winding_2,x3047289b,x3047289b
center_tapped_transformer,t228091193b,winding_3,x3047289b,x3047289b
center_tapped_transformer,t228091193c,winding_1,l3047289,l3047289
center_tapped_transformer,t228091193c,winding_2,x3047289c,x3047289c
center_tapped_transformer,t228091193c,winding_3,x3047289c,x3047289c
center_tapped_transformer,t5302862c,winding_1,l3085399,l3085399
center_tapped_transformer,t5302862c,winding_2,x3085399c,x3085399c
center_tapped_transformer,t5302862c,winding_3,x3085399c,x3085399c
center_tapped_transformer,t21236413b,winding_1,l3085391,l3085391
center_tapped_transformer,t21236413b,winding_2,x3085391b,x3085391b
center_tapped_transformer,t21236413b,winding_3,x3085391b,x3085391b
center_tapped_transformer,t5302468a,winding_1,l2897778,l2897778
center_tapped_transformer,t5302468a,winding_2,x2897778a,x2897778a
center_tapped_transformer,t5302468a,winding_3,x2897778a,x2897778a
center_tapped_transformer,t5294787a,winding_1,l3197647,l3197647
center_tapped_transformer,t5294787a,winding_2,x3197647a,x3197647a
center_tapped_transformer,t5294787a,winding_3,x3197647a,x3197647a
center_tapped_transformer,t5157715b,winding_1,l2936275,l2936275
center_tapped_transformer,t5157715b,winding_2,x2936275b,x2936275b
center_tapped_transformer,t5157715b,winding_3,x2936275b,x2936275b
center_tapped_transformer,t5355768b,winding_1,l2729408,l2729408
center_tapped_transformer,t5355768b,winding_2,x2729408b,x2729408b
center_tapped_transformer,t5355768b,winding_3,x2729408b,x2729408b
center_tapped_transformer,t5138562a,winding_1,l2673310,l2673310
center_tapped_transformer,t5138562a,winding_2,x2673310a,x2673310a
center_tapped_transformer,t5138562a,winding_3,x2673310a,x2673310a
center_tapped_transformer,t5355934a,winding_1,l3048212,l3048212
center_tapped_transformer,t5355934a,winding_2,x3048212a,x3048212a
center_tapped_transformer,t5355934a,winding_3,x3048212a,x3048212a
center_tapped_transformer,t5293483a,winding_1,l3104133,l3104133
center_tapped_transformer,t5293483a,winding_2,x3104133a,x3104133a
center_tapped_transformer,t5293483a,winding_3,x3104133a,x3104133a
center_tapped_transformer,t21399762a,winding_1,l2879087,l2879087
center_tapped_transformer,t21399762a,winding_2,x2879087a,x2879087a
center_tapped_transformer,t21399762a,winding_3,x2879087a,x2879087a
center_tapped_transformer,t5138650c,winding_1,l2710510,l2710510
center_tapped_transformer,t5138650c,winding_2,x2710510c,x2710510c
center_tapped_transformer,t5138650c,winding_3,x2710510c,x2710510c
center_tapped_transformer,t5323242b,winding_1,l3122810,l3122810
center_tapped_transformer,t5323242b,winding_2,x3122810b,x3122810b
center_tapped_transformer,t5323242b,winding_3,x3122810b,x3122810b
center_tapped_transformer,t28127090c,winding_1,l2954352,l2954352
center_tapped_transformer,t28127090c,winding_2,x2954352c,x2954352c
center_tapped_transformer,t28127090c,winding_3,x2954352c,x2954352c
center_tapped_transformer,t5138769a,winding_1,l2729411,l2729411
center_tapped_transformer,t5138769a,winding_2,x2729411a,x2729411a
center_tapped_transformer,t5138769a,winding_3,x2729411a,x2729411a
center_tapped_transformer,t5338896a,winding_1,l3178971,l3178971
center_tapped_transformer,t5338896a,winding_2,x3178971a,x3178971a
center_tapped_transformer,t5338896a,winding_3,x3178971a,x3178971a
center_tapped_transformer,t5355586b,winding_1,l3254234,l3254234
center_tapped_transformer,t5355586b,winding_2,x3254234b,x3254234b
center_tapped_transformer,t5355586b,winding_3,x3254234b,x3254234b
center_tapped_transformer,t5293471a,winding_1,293471,293471
center_tapped_transformer,t5293471a,winding_2,x_293471a,x_293471a
center_tapped_transformer,t5293471a,winding_3,x_293471a,x_293471a
center_tapped_transformer,t5293471b,winding_1,293471,293471
center_tapped_transformer,t5293471b,winding_2,x_293471b,x_293471b
center_tapped_transformer,t5293471b,winding_3,x_293471b,x_293471b
center_tapped_transformer,t5293471c,winding_1,293471,293471
center_tapped_transformer,t5293471c,winding_2,x_293471c,x_293471c
center_tapped_transformer,t5293471c,winding_3,x_293471c,x_293471c
center_tapped_transformer,t5338954a,winding_1,l2860482,l2860482
center_tapped_transformer,t5338954a,winding_2,x2860482a,x2860482a
center_tapped_transformer,t5338954a,winding_3,x2860482a,x2860482a
center_tapped_transformer,t21459629c,winding_1,l2763811,l2763811
center_tapped_transformer,t21459629c,winding_2,x2763811c,x2763811c
center_tapped_transformer,t21459629c,winding_3,x2763811c,x2763811c
center_tapped_transformer,t5260562a,winding_1,l3251799,l3251799
center_tapped_transformer,t5260562a,winding_2,x3251799a,x3251799a
center_tapped_transformer,t5260562a,winding_3,x3251799a,x3251799a
center_tapped_transformer,t21393486c,winding_1,l2898526,l2898526
center_tapped_transformer,t21393486c,winding_2,x2898526c,x2898526c
center_tapped_transformer,t21393486c,winding_3,x2898526c,x2898526c
center_tapped_transformer,t5293518b,winding_1,l2897780,l2897780
center_tapped_transformer,t5293518b,winding_2,x2897780b,x2897780b
center_tapped_transformer,t5293518b,winding_3,x2897780b,x2897780b
center_tapped_transformer,t226195194c,winding_1,l3027124,l3027124
center_tapped_transformer,t226195194c,winding_2,x3027124c,x3027124c
center_tapped_transformer,t226195194c,winding_3,x3027124c,x3027124c
center_tapped_transformer,t21383494b,winding_1,l2954361,l2954361
center_tapped_transformer,t21383494b,winding_2,x2954361b,x2954361b
center_tapped_transformer,t21383494b,winding_3,x2954361b,x2954361b
center_tapped_transformer,t5251863c,winding_1,l2745811,l2745811
center_tapped_transformer,t5251863c,winding_2,x2745811c,x2745811c
center_tapped_transformer,t5251863c,winding_3,x2745811c,x2745811c
center_tapped_transformer,t5293645a,winding_1,l2841633,l2841633
center_tapped_transformer,t5293645a,winding_2,x2841633a,x2841633a
center_tapped_transformer,t5293645a,winding_3,x2841633a,x2841633a
center_tapped_transformer,t21482431a,winding_1,l2917359,l2917359
center_tapped_transformer,t21482431a,winding_2,x2917359a,x2917359a
center_tapped_transformer,t21482431a,winding_3,x2917359a,x2917359a
center_tapped_transformer,t5293480a,winding_1,l2748158,l2748158
center_tapped_transformer,t5293480a,winding_2,x2748158a,x2748158a
center_tapped_transformer,t5293480a,winding_3,x2748158a,x2748158a
center_tapped_transformer,t21469911a,winding_1,l2955047,l2955047
center_tapped_transformer,t21469911a,winding_2,x2955047a,x2955047a
center_tapped_transformer,t21469911a,winding_3,x2955047a,x2955047a
center_tapped_transformer,t5355432c,winding_1,l3122837,l3122837
center_tapped_transformer,t5355432c,winding_2,x3122837c,x3122837c
center_tapped_transformer,t5355432c,winding_3,x3122837c,x3122837c
center_tapped_transformer,t5323285b,winding_1,l2804269,l2804269
center_tapped_transformer,t5323285b,winding_2,x2804269b,x2804269b
center_tapped_transformer,t5323285b,winding_3,x2804269b,x2804269b
center_tapped_transformer,t226192954c,winding_1,l3157708,l3157708
center_tapped_transformer,t226192954c,winding_2,x3157708c,x3157708c
center_tapped_transformer,t226192954c,winding_3,x3157708c,x3157708c
center_tapped_transformer,t5207292c,winding_1,l3179682,l3179682
center_tapped_transformer,t5207292c,winding_2,x3179682c,x3179682c
center_tapped_transformer,t5207292c,winding_3,x3179682c,x3179682c
center_tapped_transformer,t5337672b,winding_1,l2822877,l2822877
center_tapped_transformer,t5337672b,winding_2,x2822877b,x2822877b
center_tapped_transformer,t5337672b,winding_3,x2822877b,x2822877b
center_tapped_transformer,t5442373c,winding_1,l3141393,l3141393
center_tapped_transformer,t5442373c,winding_2,x3141393c,x3141393c
center_tapped_transformer,t5442373c,winding_3,x3141393c,x3141393c
center_tapped_transformer,t21470405a,winding_1,l2897801,l2897801
center_tapped_transformer,t21470405a,winding_2,x2897801a,x2897801a
center_tapped_transformer,t21470405a,winding_3,x2897801a,x2897801a
center_tapped_transformer,t5218474a,winding_1,l3217056,l3217056
center_tapped_transformer,t5218474a,winding_2,x3217056a,x3217056a
center_tapped_transformer,t5218474a,winding_3,x3217056a,x3217056a
center_tapped_transformer,t5218472a,winding_1,l2936270,l2936270
center_tapped_transformer,t5218472a,winding_2,x2936270a,x2936270a
center_tapped_transformer,t5218472a,winding_3,x2936270a,x2936270a
center_tapped_transformer,t5356014a,winding_1,l3235249,l3235249
center_tapped_transformer,t5356014a,winding_2,x3235249a,x3235249a
center_tapped_transformer,t5356014a,winding_3,x3235249a,x3235249a
center_tapped_transformer,t5260528c,winding_1,l3217052,l3217052
center_tapped_transformer,t5260528c,winding_2,x3217052c,x3217052c
center_tapped_transformer,t5260528c,winding_3,x3217052c,x3217052c
center_tapped_transformer,t5355933a,winding_1,l2916598,l2916598
center_tapped_transformer,t5355933a,winding_2,x2916598a,x2916598a
center_tapped_transformer,t5355933a,winding_3,x2916598a,x2916598a
center_tapped_transformer,t5138649a,winding_1,l3048206,l3048206
center_tapped_transformer,t5138649a,winding_2,x3048206a,x3048206a
center_tapped_transformer,t5138649a,winding_3,x3048206a,x3048206a
center_tapped_transformer,t5391978c,winding_1,l3141402,l3141402
center_tapped_transformer,t5391978c,winding_2,x3141402c,x3141402c
center_tapped_transformer,t5391978c,winding_3,x3141402c,x3141402c
center_tapped_transformer,t5138642a,winding_1,l3235256,l3235256
center_tapped_transformer,t5138642a,winding_2,x3235256a,x3235256a
center_tapped_transformer,t5138642a,winding_3,x3235256a,x3235256a
center_tapped_transformer,t21149420a,winding_1,l3178973,l3178973
center_tapped_transformer,t21149420a,winding_2,x3178973a,x3178973a
center_tapped_transformer,t21149420a,winding_3,x3178973a,x3178973a
center_tapped_transformer,t21382992a,winding_1,l3197654,l3197654
center_tapped_transformer,t21382992a,winding_2,x3197654a,x3197654a
center_tapped_transformer,t21382992a,winding_3,x3197654a,x3197654a
center_tapped_transformer,t5338958c,winding_1,l3066809,l3066809
center_tapped_transformer,t5338958c,winding_2,x3066809c,x3066809c
center_tapped_transformer,t5338958c,winding_3,x3066809c,x3066809c
center_tapped_transformer,t5355585b,winding_1,l2766742,l2766742
center_tapped_transformer,t5355585b,winding_2,x2766742b,x2766742b
center_tapped_transformer,t5355585b,winding_3,x2766742b,x2766742b
center_tapped_transformer,t5338900a,winding_1,l2991908,l2991908
center_tapped_transformer,t5338900a,winding_2,x2991908a,x2991908a
center_tapped_transformer,t5338900a,winding_3,x2991908a,x2991908a
center_tapped_transformer,t5323389b,winding_1,l3065750,l3065750
center_tapped_transformer,t5323389b,winding_2,x3065750b,x3065750b
center_tapped_transformer,t5323389b,winding_3,x3065750b,x3065750b
center_tapped_transformer,t28127253a,winding_1,l3085401,l3085401
center_tapped_transformer,t28127253a,winding_2,x3085401a,x3085401a
center_tapped_transformer,t28127253a,winding_3,x3085401a,x3085401a
center_tapped_transformer,t21397067a,winding_1,l2729413,l2729413
center_tapped_transformer,t21397067a,winding_2,x2729413a,x2729413a
center_tapped_transformer,t21397067a,winding_3,x2729413a,x2729413a
center_tapped_transformer,t5260520b,winding_1,l3254915,l3254915
center_tapped_transformer,t5260520b,winding_2,x3254915b,x3254915b
center_tapped_transformer,t5260520b,winding_3,x3254915b,x3254915b
center_tapped_transformer,t5323250b,winding_1,l2748131,l2748131
center_tapped_transformer,t5323250b,winding_2,x2748131b,x2748131b
center_tapped_transformer,t5323250b,winding_3,x2748131b,x2748131b
center_tapped_transformer,t5337659c,winding_1,l3066810,l3066810
center_tapped_transformer,t5337659c,winding_2,x3066810c,x3066810c
center_tapped_transformer,t5337659c,winding_3,x3066810c,x3066810c
center_tapped_transformer,t28118903b,winding_1,l2973146,l2973146
center_tapped_transformer,t28118903b,winding_2,x2973146b,x2973146b
center_tapped_transformer,t28118903b,winding_3,x2973146b,x2973146b
center_tapped_transformer,t21398646b,winding_1,l2973180,l2973180
center_tapped_transformer,t21398646b,winding_2,x2973180b,x2973180b
center_tapped_transformer,t21398646b,winding_3,x2973180b,x2973180b
center_tapped_transformer,t5293656b,winding_1,l2973167,l2973167
center_tapped_transformer,t5293656b,winding_2,x2973167b,x2973167b
center_tapped_transformer,t5293656b,winding_3,x2973167b,x2973167b
center_tapped_transformer,t5338910c,winding_1,l2841621,l2841621
center_tapped_transformer,t5338910c,winding_2,x2841621c,x2841621c
center_tapped_transformer,t5338910c,winding_3,x2841621c,x2841621c
center_tapped_transformer,t28129923c,winding_1,l3123509,l3123509
center_tapped_transformer,t28129923c,winding_2,x3123509c,x3123509c
center_tapped_transformer,t28129923c,winding_3,x3123509c,x3123509c
center_tapped_transformer,t5337716a,winding_1,l2841627,l2841627
center_tapped_transformer,t5337716a,winding_2,x2841627a,x2841627a
center_tapped_transformer,t5337716a,winding_3,x2841627a,x2841627a
center_tapped_transformer,t5337698b,winding_1,l3235250,l3235250
center_tapped_transformer,t5337698b,winding_2,x3235250b,x3235250b
center_tapped_transformer,t5337698b,winding_3,x3235250b,x3235250b
center_tapped_transformer,t2224386946a,winding_1,l3728037,l3728037
center_tapped_transformer,t2224386946a,winding_2,x3728037a,x3728037a
center_tapped_transformer,t2224386946a,winding_3,x3728037a,x3728037a
center_tapped_transformer,t5330121b,winding_1,l3142078,l3142078
center_tapped_transformer,t5330121b,winding_2,x3142078b,x3142078b
center_tapped_transformer,t5330121b,winding_3,x3142078b,x3142078b
center_tapped_transformer,t5323252b,winding_1,l2879066,l2879066
center_tapped_transformer,t5323252b,winding_2,x2879066b,x2879066b
center_tapped_transformer,t5323252b,winding_3,x2879066b,x2879066b
center_tapped_transformer,t5441331c,winding_1,l3235254,l3235254
center_tapped_transformer,t5441331c,winding_2,x3235254c,x3235254c
center_tapped_transformer,t5441331c,winding_3,x3235254c,x3235254c
center_tapped_transformer,t5260474a,winding_1,l2917330,l2917330
center_tapped_transformer,t5260474a,winding_2,x2917330a,x2917330a
center_tapped_transformer,t5260474a,winding_3,x2917330a,x2917330a
center_tapped_transformer,t5355376b,winding_1,l2914323,l2914323
center_tapped_transformer,t5355376b,winding_2,x2914323b,x2914323b
center_tapped_transformer,t5355376b,winding_3,x2914323b,x2914323b
center_tapped_transformer,t5338944c,winding_1,l3197640,l3197640
center_tapped_transformer,t5338944c,winding_2,x3197640c,x3197640c
center_tapped_transformer,t5338944c,winding_3,x3197640c,x3197640c
center_tapped_transformer,t5260640c,winding_1,l3179673,l3179673
center_tapped_transformer,t5260640c,winding_2,x3179673c,x3179673c
center_tapped_transformer,t5260640c,winding_3,x3179673c,x3179673c
center_tapped_transformer,t5274997c,winding_1,l3048228,l3048228
center_tapped_transformer,t5274997c,winding_2,x3048228c,x3048228c
center_tapped_transformer,t5274997c,winding_3,x3048228c,x3048228c
center_tapped_transformer,t5138372c,winding_1,l3104126,l3104126
center_tapped_transformer,t5138372c,winding_2,x3104126c,x3104126c
center_tapped_transformer,t5138372c,winding_3,x3104126c,x3104126c
center_tapped_transformer,t226308721a,winding_1,l2990098,l2990098
center_tapped_transformer,t226308721a,winding_2,x2990098a,x2990098a
center_tapped_transformer,t226308721a,winding_3,x2990098a,x2990098a
center_tapped_transformer,t21380616a,winding_1,l2879067,l2879067
center_tapped_transformer,t21380616a,winding_2,x2879067a,x2879067a
center_tapped_transformer,t21380616a,winding_3,x2879067a,x2879067a
center_tapped_transformer,t226193170a,winding_1,l3176656,l3176656
center_tapped_transformer,t226193170a,winding_2,x3176656a,x3176656a
center_tapped_transformer,t226193170a,winding_3,x3176656a,x3176656a
center_tapped_transformer,t5293666c,winding_1,l2710532,l2710532
center_tapped_transformer,t5293666c,winding_2,x2710532c,x2710532c
center_tapped_transformer,t5293666c,winding_3,x2710532c,x2710532c
center_tapped_transformer,t5338994b,winding_1,l3160115,l3160115
center_tapped_transformer,t5338994b,winding_2,x3160115b,x3160115b
center_tapped_transformer,t5338994b,winding_3,x3160115b,x3160115b
center_tapped_transformer,t228665517c,winding_1,l3103822,l3103822
center_tapped_transformer,t228665517c,winding_2,x3103822c,x3103822c
center_tapped_transformer,t228665517c,winding_3,x3103822c,x3103822c
center_tapped_transformer,t5260647a,winding_1,l2805034,l2805034
center_tapped_transformer,t5260647a,winding_2,x2805034a,x2805034a
center_tapped_transformer,t5260647a,winding_3,x2805034a,x2805034a
center_tapped_transformer,t226115278a,winding_1,l3157167,l3157167
center_tapped_transformer,t226115278a,winding_2,x3157167a,x3157167a
center_tapped_transformer,t226115278a,winding_3,x3157167a,x3157167a
center_tapped_transformer,t5338977a,winding_1,l2916620,l2916620
center_tapped_transformer,t5338977a,winding_2,x2916620a,x2916620a
center_tapped_transformer,t5338977a,winding_3,x2916620a,x2916620a
center_tapped_transformer,t5338977b,winding_1,l2916620,l2916620
center_tapped_transformer,t5338977b,winding_2,x2916620b,x2916620b
center_tapped_transformer,t5338977b,winding_3,x2916620b,x2916620b
center_tapped_transformer,t5338977c,winding_1,l2916620,l2916620
center_tapped_transformer,t5338977c,winding_2,x2916620c,x2916620c
center_tapped_transformer,t5338977c,winding_3,x2916620c,x2916620c
center_tapped_transformer,t5321876a,winding_1,l3027132,l3027132
center_tapped_transformer,t5321876a,winding_2,x3027132a,x3027132a
center_tapped_transformer,t5321876a,winding_3,x3027132a,x3027132a
center_tapped_transformer,t5275001c,winding_1,l2822862,l2822862
center_tapped_transformer,t5275001c,winding_2,x2822862c,x2822862c
center_tapped_transformer,t5275001c,winding_3,x2822862c,x2822862c
center_tapped_transformer,t227411650c,winding_1,l2937757,l2937757
center_tapped_transformer,t227411650c,winding_2,x2937757c,x2937757c
center_tapped_transformer,t227411650c,winding_3,x2937757c,x2937757c
center_tapped_transformer,t21396699b,winding_1,l2860483,l2860483
center_tapped_transformer,t21396699b,winding_2,x2860483b,x2860483b
center_tapped_transformer,t21396699b,winding_3,x2860483b,x2860483b
center_tapped_transformer,t5302412a,winding_1,l3048210,l3048210
center_tapped_transformer,t5302412a,winding_2,x3048210a,x3048210a
center_tapped_transformer,t5302412a,winding_3,x3048210a,x3048210a
center_tapped_transformer,t2223661373a,winding_1,l3312692,l3312692
center_tapped_transformer,t2223661373a,winding_2,x3312692a,x3312692a
center_tapped_transformer,t2223661373a,winding_3,x3312692a,x3312692a
center_tapped_transformer,t226881700a,winding_1,l3251854,l3251854
center_tapped_transformer,t226881700a,winding_2,x3251854a,x3251854a
center_tapped_transformer,t226881700a,winding_3,x3251854a,x3251854a
center_tapped_transformer,t5355777b,winding_1,l3085398,l3085398
center_tapped_transformer,t5355777b,winding_2,x3085398b,x3085398b
center_tapped_transformer,t5355777b,winding_3,x3085398b,x3085398b
center_tapped_transformer,t5337671a,winding_1,l3254207,l3254207
center_tapped_transformer,t5337671a,winding_2,x3254207a,x3254207a
center_tapped_transformer,t5337671a,winding_3,x3254207a,x3254207a
center_tapped_transformer,t5339018a,winding_1,l2729424,l2729424
center_tapped_transformer,t5339018a,winding_2,x2729424a,x2729424a
center_tapped_transformer,t5339018a,winding_3,x2729424a,x2729424a
center_tapped_transformer,t21398676a,winding_1,l3066816,l3066816
center_tapped_transformer,t21398676a,winding_2,x3066816a,x3066816a
center_tapped_transformer,t21398676a,winding_3,x3066816a,x3066816a
center_tapped_transformer,t5138469c,winding_1,l2785518,l2785518
center_tapped_transformer,t5138469c,winding_2,x2785518c,x2785518c
center_tapped_transformer,t5138469c,winding_3,x2785518c,x2785518c
center_tapped_transformer,t5138373c,winding_1,l3029503,l3029503
center_tapped_transformer,t5138373c,winding_2,x3029503c,x3029503c
center_tapped_transformer,t5138373c,winding_3,x3029503c,x3029503c
center_tapped_transformer,t5391995a,winding_1,l2748140,l2748140
center_tapped_transformer,t5391995a,winding_2,x2748140a,x2748140a
center_tapped_transformer,t5391995a,winding_3,x2748140a,x2748140a
center_tapped_transformer,t225533423c,winding_1,l2891575,l2891575
center_tapped_transformer,t225533423c,winding_2,x2891575c,x2891575c
center_tapped_transformer,t225533423c,winding_3,x2891575c,x2891575c
center_tapped_transformer,t5260568c,winding_1,l2842329,l2842329
center_tapped_transformer,t5260568c,winding_2,x2842329c,x2842329c
center_tapped_transformer,t5260568c,winding_3,x2842329c,x2842329c
center_tapped_transformer,t5138754b,winding_1,l3254212,l3254212
center_tapped_transformer,t5138754b,winding_2,x3254212b,x3254212b
center_tapped_transformer,t5138754b,winding_3,x3254212b,x3254212b
center_tapped_transformer,t5260552a,winding_1,l3198348,l3198348
center_tapped_transformer,t5260552a,winding_2,x3198348a,x3198348a
center_tapped_transformer,t5260552a,winding_3,x3198348a,x3198348a
center_tapped_transformer,t5338968c,winding_1,l3178979,l3178979
center_tapped_transformer,t5338968c,winding_2,x3178979c,x3178979c
center_tapped_transformer,t5338968c,winding_3,x3178979c,x3178979c
center_tapped_transformer,t5247061a,winding_1,l2879054,l2879054
center_tapped_transformer,t5247061a,winding_2,x2879054a,x2879054a
center_tapped_transformer,t5247061a,winding_3,x2879054a,x2879054a
center_tapped_transformer,t5391746b,winding_1,l3085388,l3085388
center_tapped_transformer,t5391746b,winding_2,x3085388b,x3085388b
center_tapped_transformer,t5391746b,winding_3,x3085388b,x3085388b
center_tapped_transformer,t5338941c,winding_1,l2991914,l2991914
center_tapped_transformer,t5338941c,winding_2,x2991914c,x2991914c
center_tapped_transformer,t5338941c,winding_3,x2991914c,x2991914c
center_tapped_transformer,t5338982b,winding_1,l2785534,l2785534
center_tapped_transformer,t5338982b,winding_2,x2785534b,x2785534b
center_tapped_transformer,t5338982b,winding_3,x2785534b,x2785534b
center_tapped_transformer,t5339008b,winding_1,l3122835,l3122835
center_tapped_transformer,t5339008b,winding_2,x3122835b,x3122835b
center_tapped_transformer,t5339008b,winding_3,x3122835b,x3122835b
center_tapped_transformer,t21391094a,winding_1,l3085395,l3085395
center_tapped_transformer,t21391094a,winding_2,x3085395a,x3085395a
center_tapped_transformer,t21391094a,winding_3,x3085395a,x3085395a
center_tapped_transformer,t5138581a,winding_1,l2879064,l2879064
center_tapped_transformer,t5138581a,winding_2,x2879064a,x2879064a
center_tapped_transformer,t5138581a,winding_3,x2879064a,x2879064a
center_tapped_transformer,t5338979b,winding_1,l3066814,l3066814
center_tapped_transformer,t5338979b,winding_2,x3066814b,x3066814b
center_tapped_transformer,t5338979b,winding_3,x3066814b,x3066814b
center_tapped_transformer,t226308720a,winding_1,l2821087,l2821087
center_tapped_transformer,t226308720a,winding_2,x2821087a,x2821087a
center_tapped_transformer,t226308720a,winding_3,x2821087a,x2821087a
center_tapped_transformer,t5355595b,winding_1,l2860479,l2860479
center_tapped_transformer,t5355595b,winding_2,x2860479b,x2860479b
center_tapped_transformer,t5355595b,winding_3,x2860479b,x2860479b
center_tapped_transformer,t2224387113a,winding_1,l3728042,l3728042
center_tapped_transformer,t2224387113a,winding_2,x3728042a,x3728042a
center_tapped_transformer,t2224387113a,winding_3,x3728042a,x3728042a
center_tapped_transformer,t21397005a,winding_1,l2935557,l2935557
center_tapped_transformer,t21397005a,winding_2,x2935557a,x2935557a
center_tapped_transformer,t21397005a,winding_3,x2935557a,x2935557a
center_tapped_transformer,t5274985c,winding_1,l2822864,l2822864
center_tapped_transformer,t5274985c,winding_2,x2822864c,x2822864c
center_tapped_transformer,t5274985c,winding_3,x2822864c,x2822864c
center_tapped_transformer,t5321836a,winding_1,l3235247,l3235247
center_tapped_transformer,t5321836a,winding_2,x3235247a,x3235247a
center_tapped_transformer,t5321836a,winding_3,x3235247a,x3235247a
center_tapped_transformer,t225673440a,winding_1,l3251807,l3251807
center_tapped_transformer,t225673440a,winding_2,x3251807a,x3251807a
center_tapped_transformer,t225673440a,winding_3,x3251807a,x3251807a
center_tapped_transformer,t5337641c,winding_1,l2804282,l2804282
center_tapped_transformer,t5337641c,winding_2,x2804282c,x2804282c
center_tapped_transformer,t5337641c,winding_3,x2804282c,x2804282c
center_tapped_transformer,t5293659c,winding_1,l2935560,l2935560
center_tapped_transformer,t5293659c,winding_2,x2935560c,x2935560c
center_tapped_transformer,t5293659c,winding_3,x2935560c,x2935560c
center_tapped_transformer,t5339011b,winding_1,l3104145,l3104145
center_tapped_transformer,t5339011b,winding_2,x3104145b,x3104145b
center_tapped_transformer,t5339011b,winding_3,x3104145b,x3104145b
center_tapped_transformer,t5218473a,winding_1,l3086078,l3086078
center_tapped_transformer,t5218473a,winding_2,x3086078a,x3086078a
center_tapped_transformer,t5218473a,winding_3,x3086078a,x3086078a
center_tapped_transformer,t28121587a,winding_1,l2860477,l2860477
center_tapped_transformer,t28121587a,winding_2,x2860477a,x2860477a
center_tapped_transformer,t28121587a,winding_3,x2860477a,x2860477a
center_tapped_transformer,t2224230689c,winding_1,l3645811,l3645811
center_tapped_transformer,t2224230689c,winding_2,x3645811c,x3645811c
center_tapped_transformer,t2224230689c,winding_3,x3645811c,x3645811c
center_tapped_transformer,t227734175b,winding_1,l3102793,l3102793
center_tapped_transformer,t227734175b,winding_2,x3102793b,x3102793b
center_tapped_transformer,t227734175b,winding_3,x3102793b,x3102793b
center_tapped_transformer,t5337694b,winding_1,l2991910,l2991910
center_tapped_transformer,t5337694b,winding_2,x2991910b,x2991910b
center_tapped_transformer,t5337694b,winding_3,x2991910b,x2991910b
center_tapped_transformer,t21357515a,winding_1,l2710511,l2710511
center_tapped_transformer,t21357515a,winding_2,x2710511a,x2710511a
center_tapped_transformer,t21357515a,winding_3,x2710511a,x2710511a
center_tapped_transformer,t28127390c,winding_1,l2860486,l2860486
center_tapped_transformer,t28127390c,winding_2,x2860486c,x2860486c
center_tapped_transformer,t28127390c,winding_3,x2860486c,x2860486c
center_tapped_transformer,t21387929c,winding_1,l2935551,l2935551
center_tapped_transformer,t21387929c,winding_2,x2935551c,x2935551c
center_tapped_transformer,t21387929c,winding_3,x2935551c,x2935551c
center_tapped_transformer,t5355605b,winding_1,l2729409,l2729409
center_tapped_transformer,t5355605b,winding_2,x2729409b,x2729409b
center_tapped_transformer,t5355605b,winding_3,x2729409b,x2729409b
center_tapped_transformer,t5260630b,winding_1,l2973833,l2973833
center_tapped_transformer,t5260630b,winding_2,x2973833b,x2973833b
center_tapped_transformer,t5260630b,winding_3,x2973833b,x2973833b
center_tapped_transformer,t5337660c,winding_1,l2897769,l2897769
center_tapped_transformer,t5337660c,winding_2,x2897769c,x2897769c
center_tapped_transformer,t5337660c,winding_3,x2897769c,x2897769c
center_tapped_transformer,t5293663c,winding_1,l3216368,l3216368
center_tapped_transformer,t5293663c,winding_2,x3216368c,x3216368c
center_tapped_transformer,t5293663c,winding_3,x3216368c,x3216368c
center_tapped_transformer,t5138719a,winding_1,l2860490,l2860490
center_tapped_transformer,t5138719a,winding_2,x2860490a,x2860490a
center_tapped_transformer,t5138719a,winding_3,x2860490a,x2860490a
center_tapped_transformer,t5251858c,winding_1,l2861158,l2861158
center_tapped_transformer,t5251858c,winding_2,x2861158c,x2861158c
center_tapped_transformer,t5251858c,winding_3,x2861158c,x2861158c
center_tapped_transformer,t5302804c,winding_1,l3141399,l3141399
center_tapped_transformer,t5302804c,winding_2,x3141399c,x3141399c
center_tapped_transformer,t5302804c,winding_3,x3141399c,x3141399c
center_tapped_transformer,t5356062b,winding_1,l3122816,l3122816
center_tapped_transformer,t5356062b,winding_2,x3122816b,x3122816b
center_tapped_transformer,t5356062b,winding_3,x3122816b,x3122816b
center_tapped_transformer,t5346639c,winding_1,l2992556,l2992556
center_tapped_transformer,t5346639c,winding_2,x2992556c,x2992556c
center_tapped_transformer,t5346639c,winding_3,x2992556c,x2992556c
center_tapped_transformer,t5302508c,winding_1,l2897779,l2897779
center_tapped_transformer,t5302508c,winding_2,x2897779c,x2897779c
center_tapped_transformer,t5302508c,winding_3,x2897779c,x2897779c
center_tapped_transformer,t5321881a,winding_1,l2970811,l2970811
center_tapped_transformer,t5321881a,winding_2,x2970811a,x2970811a
center_tapped_transformer,t5321881a,winding_3,x2970811a,x2970811a
center_tapped_transformer,t5355433c,winding_1,l2991933,l2991933
center_tapped_transformer,t5355433c,winding_2,x2991933c,x2991933c
center_tapped_transformer,t5355433c,winding_3,x2991933c,x2991933c
center_tapped_transformer,t21398402a,winding_1,l2729428,l2729428
center_tapped_transformer,t21398402a,winding_2,x2729428a,x2729428a
center_tapped_transformer,t21398402a,winding_3,x2729428a,x2729428a
center_tapped_transformer,t21398563a,winding_1,l3254216,l3254216
center_tapped_transformer,t21398563a,winding_2,x3254216a,x3254216a
center_tapped_transformer,t21398563a,winding_3,x3254216a,x3254216a
center_tapped_transformer,t21386771b,winding_1,l2897807,l2897807
center_tapped_transformer,t21386771b,winding_2,x2897807b,x2897807b
center_tapped_transformer,t21386771b,winding_3,x2897807b,x2897807b
center_tapped_transformer,t5260648a,winding_1,l2898522,l2898522
center_tapped_transformer,t5260648a,winding_2,x2898522a,x2898522a
center_tapped_transformer,t5260648a,winding_3,x2898522a,x2898522a
center_tapped_transformer,t5293490c,winding_1,l3048230,l3048230
center_tapped_transformer,t5293490c,winding_2,x3048230c,x3048230c
center_tapped_transformer,t5293490c,winding_3,x3048230c,x3048230c
center_tapped_transformer,t225901711a,winding_1,l3195327,l3195327
center_tapped_transformer,t225901711a,winding_2,x3195327a,x3195327a
center_tapped_transformer,t225901711a,winding_3,x3195327a,x3195327a
center_tapped_transformer,t227902981a,winding_1,l3047058,l3047058
center_tapped_transformer,t227902981a,winding_2,x3047058a,x3047058a
center_tapped_transformer,t227902981a,winding_3,x3047058a,x3047058a
center_tapped_transformer,t5321853b,winding_1,l2673313,l2673313
center_tapped_transformer,t5321853b,winding_2,x2673313b,x2673313b
center_tapped_transformer,t5321853b,winding_3,x2673313b,x2673313b
center_tapped_transformer,t2224237653a,winding_1,l3649302,l3649302
center_tapped_transformer,t2224237653a,winding_2,x3649302a,x3649302a
center_tapped_transformer,t2224237653a,winding_3,x3649302a,x3649302a
center_tapped_transformer,t2224386592a,winding_1,l3729297,l3729297
center_tapped_transformer,t2224386592a,winding_2,x3729297a,x3729297a
center_tapped_transformer,t2224386592a,winding_3,x3729297a,x3729297a
center_tapped_transformer,t5391990a,winding_1,l2858163,l2858163
center_tapped_transformer,t5391990a,winding_2,x2858163a,x2858163a
center_tapped_transformer,t5391990a,winding_3,x2858163a,x2858163a
center_tapped_transformer,t226881057b,winding_1,l3214112,l3214112
center_tapped_transformer,t226881057b,winding_2,x3214112b,x3214112b
center_tapped_transformer,t226881057b,winding_3,x3214112b,x3214112b
center_tapped_transformer,t225533531a,winding_1,l2685805,l2685805
center_tapped_transformer,t225533531a,winding_2,x2685805a,x2685805a
center_tapped_transformer,t225533531a,winding_3,x2685805a,x2685805a
center_tapped_transformer,t5247056a,winding_1,l2991912,l2991912
center_tapped_transformer,t5247056a,winding_2,x2991912a,x2991912a
center_tapped_transformer,t5247056a,winding_3,x2991912a,x2991912a
center_tapped_transformer,t227905262a,winding_1,l3140238,l3140238
center_tapped_transformer,t227905262a,winding_2,x3140238a,x3140238a
center_tapped_transformer,t227905262a,winding_3,x3140238a,x3140238a
center_tapped_transformer,t21469960b,winding_1,l3066830,l3066830
center_tapped_transformer,t21469960b,winding_2,x3066830b,x3066830b
center_tapped_transformer,t21469960b,winding_3,x3066830b,x3066830b
center_tapped_transformer,t5260511c,winding_1,l3160878,l3160878
center_tapped_transformer,t5260511c,winding_2,x3160878c,x3160878c
center_tapped_transformer,t5260511c,winding_3,x3160878c,x3160878c
center_tapped_transformer,t5138346c,winding_1,l2916609,l2916609
center_tapped_transformer,t5138346c,winding_2,x2916609c,x2916609c
center_tapped_transformer,t5138346c,winding_3,x2916609c,x2916609c
center_tapped_transformer,t225806974a,winding_1,l2876814,l2876814
center_tapped_transformer,t225806974a,winding_2,x2876814a,x2876814a
center_tapped_transformer,t225806974a,winding_3,x2876814a,x2876814a
center_tapped_transformer,t5355944b,winding_1,l3197646,l3197646
center_tapped_transformer,t5355944b,winding_2,x3197646b,x3197646b
center_tapped_transformer,t5355944b,winding_3,x3197646b,x3197646b
center_tapped_transformer,t5138569a,winding_1,l2973151,l2973151
center_tapped_transformer,t5138569a,winding_2,x2973151a,x2973151a
center_tapped_transformer,t5138569a,winding_3,x2973151a,x2973151a
center_tapped_transformer,t5337625c,winding_1,l3197627,l3197627
center_tapped_transformer,t5337625c,winding_2,x3197627c,x3197627c
center_tapped_transformer,t5337625c,winding_3,x3197627c,x3197627c
center_tapped_transformer,t5321874a,winding_1,l2764412,l2764412
center_tapped_transformer,t5321874a,winding_2,x2764412a,x2764412a
center_tapped_transformer,t5321874a,winding_3,x2764412a,x2764412a
center_tapped_transformer,t5337713c,winding_1,l2766716,l2766716
center_tapped_transformer,t5337713c,winding_2,x2766716c,x2766716c
center_tapped_transformer,t5337713c,winding_3,x2766716c,x2766716c
center_tapped_transformer,t5391757b,winding_1,l2991917,l2991917
center_tapped_transformer,t5391757b,winding_2,x2991917b,x2991917b
center_tapped_transformer,t5391757b,winding_3,x2991917b,x2991917b
center_tapped_transformer,t5338998b,winding_1,l3254229,l3254229
center_tapped_transformer,t5338998b,winding_2,x3254229b,x3254229b
center_tapped_transformer,t5338998b,winding_3,x3254229b,x3254229b
center_tapped_transformer,t5356064b,winding_1,l2935556,l2935556
center_tapped_transformer,t5356064b,winding_2,x2935556b,x2935556b
center_tapped_transformer,t5356064b,winding_3,x2935556b,x2935556b
center_tapped_transformer,t5323275b,winding_1,l3197660,l3197660
center_tapped_transformer,t5323275b,winding_2,x3197660b,x3197660b
center_tapped_transformer,t5323275b,winding_3,x3197660b,x3197660b
center_tapped_transformer,t21389237a,winding_1,l2989565,l2989565
center_tapped_transformer,t21389237a,winding_2,x2989565a,x2989565a
center_tapped_transformer,t21389237a,winding_3,x2989565a,x2989565a
center_tapped_transformer,t2224230615c,winding_1,l3645809,l3645809
center_tapped_transformer,t2224230615c,winding_2,x3645809c,x3645809c
center_tapped_transformer,t2224230615c,winding_3,x3645809c,x3645809c
center_tapped_transformer,t5260463b,winding_1,l3086075,l3086075
center_tapped_transformer,t5260463b,winding_2,x3086075b,x3086075b
center_tapped_transformer,t5260463b,winding_3,x3086075b,x3086075b
center_tapped_transformer,t5302402a,winding_1,l3122824,l3122824
center_tapped_transformer,t5302402a,winding_2,x3122824a,x3122824a
center_tapped_transformer,t5302402a,winding_3,x3122824a,x3122824a
center_tapped_transformer,t5355599b,winding_1,l3216338,l3216338
center_tapped_transformer,t5355599b,winding_2,x3216338b,x3216338b
center_tapped_transformer,t5355599b,winding_3,x3216338b,x3216338b
center_tapped_transformer,t21393412b,winding_1,l2729405,l2729405
center_tapped_transformer,t21393412b,winding_2,x2729405b,x2729405b
center_tapped_transformer,t21393412b,winding_3,x2729405b,x2729405b
center_tapped_transformer,t5356807a,winding_1,l2823545,l2823545
center_tapped_transformer,t5356807a,winding_2,x2823545a,x2823545a
center_tapped_transformer,t5356807a,winding_3,x2823545a,x2823545a
center_tapped_transformer,t5293660b,winding_1,l2916610,l2916610
center_tapped_transformer,t5293660b,winding_2,x2916610b,x2916610b
center_tapped_transformer,t5293660b,winding_3,x2916610b,x2916610b
center_tapped_transformer,t227731863a,winding_1,l3177665,l3177665
center_tapped_transformer,t227731863a,winding_2,x3177665a,x3177665a
center_tapped_transformer,t227731863a,winding_3,x3177665a,x3177665a
center_tapped_transformer,t227760021a,winding_1,l2803199,l2803199
center_tapped_transformer,t227760021a,winding_2,x2803199a,x2803199a
center_tapped_transformer,t227760021a,winding_3,x2803199a,x2803199a
center_tapped_transformer,t227760021b,winding_1,l2803199,l2803199
center_tapped_transformer,t227760021b,winding_2,x2803199b,x2803199b
center_tapped_transformer,t227760021b,winding_3,x2803199b,x2803199b
center_tapped_transformer,t227760021c,winding_1,l2803199,l2803199
center_tapped_transformer,t227760021c,winding_2,x2803199c,x2803199c
center_tapped_transformer,t227760021c,winding_3,x2803199c,x2803199c
center_tapped_transformer,t5391980a,winding_1,l2691952,l2691952
center_tapped_transformer,t5391980a,winding_2,x2691952a,x2691952a
center_tapped_transformer,t5391980a,winding_3,x2691952a,x2691952a
center_tapped_transformer,t5338984a,winding_1,l2748144,l2748144
center_tapped_transformer,t5338984a,winding_2,x2748144a,x2748144a
center_tapped_transformer,t5338984a,winding_3,x2748144a,x2748144a
center_tapped_transformer,t5337702b,winding_1,l3029504,l3029504
center_tapped_transformer,t5337702b,winding_2,x3029504b,x3029504b
center_tapped_transformer,t5337702b,winding_3,x3029504b,x3029504b
center_tapped_transformer,t5337696b,winding_1,l3197635,l3197635
center_tapped_transformer,t5337696b,winding_2,x3197635b,x3197635b
center_tapped_transformer,t5337696b,winding_3,x3197635b,x3197635b
center_tapped_transformer,t225577437c,winding_1,l2724120,l2724120
center_tapped_transformer,t225577437c,winding_2,x2724120c,x2724120c
center_tapped_transformer,t225577437c,winding_3,x2724120c,x2724120c
center_tapped_transformer,t5337676a,winding_1,l3235244,l3235244
center_tapped_transformer,t5337676a,winding_2,x3235244a,x3235244a
center_tapped_transformer,t5337676a,winding_3,x3235244a,x3235244a
center_tapped_transformer,t5323418a,winding_1,l2804254,l2804254
center_tapped_transformer,t5323418a,winding_2,x2804254a,x2804254a
center_tapped_transformer,t5323418a,winding_3,x2804254a,x2804254a
center_tapped_transformer,t226192936b,winding_1,l2820531,l2820531
center_tapped_transformer,t226192936b,winding_2,x2820531b,x2820531b
center_tapped_transformer,t226192936b,winding_3,x2820531b,x2820531b
center_tapped_transformer,t5337706b,winding_1,l3254214,l3254214
center_tapped_transformer,t5337706b,winding_2,x3254214b,x3254214b
center_tapped_transformer,t5337706b,winding_3,x3254214b,x3254214b
center_tapped_transformer,t5339010b,winding_1,l2691966,l2691966
center_tapped_transformer,t5339010b,winding_2,x2691966b,x2691966b
center_tapped_transformer,t5339010b,winding_3,x2691966b,x2691966b
center_tapped_transformer,t5391987a,winding_1,l3122822,l3122822
center_tapped_transformer,t5391987a,winding_2,x3122822a,x3122822a
center_tapped_transformer,t5391987a,winding_3,x3122822a,x3122822a
center_tapped_transformer,t5310569a,winding_1,l3197639,l3197639
center_tapped_transformer,t5310569a,winding_2,x3197639a,x3197639a
center_tapped_transformer,t5310569a,winding_3,x3197639a,x3197639a
center_tapped_transformer,t225869139a,winding_1,l3120503,l3120503
center_tapped_transformer,t225869139a,winding_2,x3120503a,x3120503a
center_tapped_transformer,t225869139a,winding_3,x3120503a,x3120503a
center_tapped_transformer,t5337708b,winding_1,l3216349,l3216349
center_tapped_transformer,t5337708b,winding_2,x3216349b,x3216349b
center_tapped_transformer,t5337708b,winding_3,x3216349b,x3216349b
center_tapped_transformer,t226308719b,winding_1,l3027670,l3027670
center_tapped_transformer,t226308719b,winding_2,x3027670b,x3027670b
center_tapped_transformer,t226308719b,winding_3,x3027670b,x3027670b
center_tapped_transformer,t5337630c,winding_1,l3085392,l3085392
center_tapped_transformer,t5337630c,winding_2,x3085392c,x3085392c
center_tapped_transformer,t5337630c,winding_3,x3085392c,x3085392c
center_tapped_transformer,t5138655a,winding_1,l3010556,l3010556
center_tapped_transformer,t5138655a,winding_2,x3010556a,x3010556a
center_tapped_transformer,t5138655a,winding_3,x3010556a,x3010556a
center_tapped_transformer,t226194826a,winding_1,l3232902,l3232902
center_tapped_transformer,t226194826a,winding_2,x3232902a,x3232902a
center_tapped_transformer,t226194826a,winding_3,x3232902a,x3232902a
center_tapped_transformer,t5356808a,winding_1,l3101782,l3101782
center_tapped_transformer,t5356808a,winding_2,x3101782a,x3101782a
center_tapped_transformer,t5356808a,winding_3,x3101782a,x3101782a
center_tapped_transformer,t5355593b,winding_1,l2766715,l2766715
center_tapped_transformer,t5355593b,winding_2,x2766715b,x2766715b
center_tapped_transformer,t5355593b,winding_3,x2766715b,x2766715b
center_tapped_transformer,t5356787c,winding_1,l2970804,l2970804
center_tapped_transformer,t5356787c,winding_2,x2970804c,x2970804c
center_tapped_transformer,t5356787c,winding_3,x2970804c,x2970804c
center_tapped_transformer,t5321845b,winding_1,l3178975,l3178975
center_tapped_transformer,t5321845b,winding_2,x3178975b,x3178975b
center_tapped_transformer,t5321845b,winding_3,x3178975b,x3178975b
center_tapped_transformer,t5337720a,winding_1,l2841648,l2841648
center_tapped_transformer,t5337720a,winding_2,x2841648a,x2841648a
center_tapped_transformer,t5337720a,winding_3,x2841648a,x2841648a
center_tapped_transformer,t5337631c,winding_1,l3029497,l3029497
center_tapped_transformer,t5337631c,winding_2,x3029497c,x3029497c
center_tapped_transformer,t5337631c,winding_3,x3029497c,x3029497c
center_tapped_transformer,t21486213b,winding_1,l3029520,l3029520
center_tapped_transformer,t21486213b,winding_2,x3029520b,x3029520b
center_tapped_transformer,t21486213b,winding_3,x3029520b,x3029520b
center_tapped_transformer,t28127319b,winding_1,l2766744,l2766744
center_tapped_transformer,t28127319b,winding_2,x2766744b,x2766744b
center_tapped_transformer,t28127319b,winding_3,x2766744b,x2766744b
center_tapped_transformer,t5337666b,winding_1,l3029518,l3029518
center_tapped_transformer,t5337666b,winding_2,x3029518b,x3029518b
center_tapped_transformer,t5337666b,winding_3,x3029518b,x3029518b
center_tapped_transformer,t5356809a,winding_1,l2936214,l2936214
center_tapped_transformer,t5356809a,winding_2,x2936214a,x2936214a
center_tapped_transformer,t5356809a,winding_3,x2936214a,x2936214a
center_tapped_transformer,t5323397b,winding_1,l2954346,l2954346
center_tapped_transformer,t5323397b,winding_2,x2954346b,x2954346b
center_tapped_transformer,t5323397b,winding_3,x2954346b,x2954346b
center_tapped_transformer,t5337692b,winding_1,l2879061,l2879061
center_tapped_transformer,t5337692b,winding_2,x2879061b,x2879061b
center_tapped_transformer,t5337692b,winding_3,x2879061b,x2879061b
center_tapped_transformer,t5339042b,winding_1,l3141394,l3141394
center_tapped_transformer,t5339042b,winding_2,x3141394b,x3141394b
center_tapped_transformer,t5339042b,winding_3,x3141394b,x3141394b
center_tapped_transformer,t5260501b,winding_1,l3142098,l3142098
center_tapped_transformer,t5260501b,winding_2,x3142098b,x3142098b
center_tapped_transformer,t5260501b,winding_3,x3142098b,x3142098b
center_tapped_transformer,t2224230754c,winding_1,l3645812,l3645812
center_tapped_transformer,t2224230754c,winding_2,x3645812c,x3645812c
center_tapped_transformer,t2224230754c,winding_3,x3645812c,x3645812c
center_tapped_transformer,t5138563a,winding_1,l2916627,l2916627
center_tapped_transformer,t5138563a,winding_2,x2916627a,x2916627a
center_tapped_transformer,t5138563a,winding_3,x2916627a,x2916627a
center_tapped_transformer,t5338936c,winding_1,l3066815,l3066815
center_tapped_transformer,t5338936c,winding_2,x3066815c,x3066815c
center_tapped_transformer,t5338936c,winding_3,x3066815c,x3066815c
center_tapped_transformer,t5247185b,winding_1,l3179678,l3179678
center_tapped_transformer,t5247185b,winding_2,x3179678b,x3179678b
center_tapped_transformer,t5247185b,winding_3,x3179678b,x3179678b
center_tapped_transformer,t21482181a,winding_1,l3254237,l3254237
center_tapped_transformer,t21482181a,winding_2,x3254237a,x3254237a
center_tapped_transformer,t21482181a,winding_3,x3254237a,x3254237a
center_tapped_transformer,t5323280b,winding_1,l2710512,l2710512
center_tapped_transformer,t5323280b,winding_2,x2710512b,x2710512b
center_tapped_transformer,t5323280b,winding_3,x2710512b,x2710512b
center_tapped_transformer,t5138264b,winding_1,l3104125,l3104125
center_tapped_transformer,t5138264b,winding_2,x3104125b,x3104125b
center_tapped_transformer,t5138264b,winding_3,x3104125b,x3104125b
center_tapped_transformer,t5337679a,winding_1,l3010559,l3010559
center_tapped_transformer,t5337679a,winding_2,x3010559a,x3010559a
center_tapped_transformer,t5337679a,winding_3,x3010559a,x3010559a
center_tapped_transformer,t21357984c,winding_1,l2897790,l2897790
center_tapped_transformer,t21357984c,winding_2,x2897790c,x2897790c
center_tapped_transformer,t21357984c,winding_3,x2897790c,x2897790c
center_tapped_transformer,t5260553c,winding_1,l2711225,l2711225
center_tapped_transformer,t5260553c,winding_2,x2711225c,x2711225c
center_tapped_transformer,t5260553c,winding_3,x2711225c,x2711225c
center_tapped_transformer,t5293523a,winding_1,l2766729,l2766729
center_tapped_transformer,t5293523a,winding_2,x2766729a,x2766729a
center_tapped_transformer,t5293523a,winding_3,x2766729a,x2766729a
center_tapped_transformer,t5302507b,winding_1,l3235275,l3235275
center_tapped_transformer,t5302507b,winding_2,x3235275b,x3235275b
center_tapped_transformer,t5302507b,winding_3,x3235275b,x3235275b
center_tapped_transformer,t2224387019a,winding_1,l3728038,l3728038
center_tapped_transformer,t2224387019a,winding_2,x3728038a,x3728038a
center_tapped_transformer,t2224387019a,winding_3,x3728038a,x3728038a
center_tapped_transformer,t5355431c,winding_1,l3048222,l3048222
center_tapped_transformer,t5355431c,winding_2,x3048222c,x3048222c
center_tapped_transformer,t5355431c,winding_3,x3048222c,x3048222c
center_tapped_transformer,t5138404c,winding_1,l2841630,l2841630
center_tapped_transformer,t5138404c,winding_2,x2841630c,x2841630c
center_tapped_transformer,t5138404c,winding_3,x2841630c,x2841630c
center_tapped_transformer,t5138574a,winding_1,l2991907,l2991907
center_tapped_transformer,t5138574a,winding_2,x2991907a,x2991907a
center_tapped_transformer,t5138574a,winding_3,x2991907a,x2991907a
center_tapped_transformer,t5138466c,winding_1,l2973144,l2973144
center_tapped_transformer,t5138466c,winding_2,x2973144c,x2973144c
center_tapped_transformer,t5138466c,winding_3,x2973144c,x2973144c
center_tapped_transformer,t21397721a,winding_1,l3178976,l3178976
center_tapped_transformer,t21397721a,winding_2,x3178976a,x3178976a
center_tapped_transformer,t21397721a,winding_3,x3178976a,x3178976a
center_tapped_transformer,t5337684a,winding_1,l3159448,l3159448
center_tapped_transformer,t5337684a,winding_2,x3159448a,x3159448a
center_tapped_transformer,t5337684a,winding_3,x3159448a,x3159448a
center_tapped_transformer,t5339051c,winding_1,l3231255,l3231255
center_tapped_transformer,t5339051c,winding_2,x3231255c,x3231255c
center_tapped_transformer,t5339051c,winding_3,x3231255c,x3231255c
center_tapped_transformer,t5337623c,winding_1,l3197626,l3197626
center_tapped_transformer,t5337623c,winding_2,x3197626c,x3197626c
center_tapped_transformer,t5337623c,winding_3,x3197626c,x3197626c
center_tapped_transformer,t226308725b,winding_1,l2802480,l2802480
center_tapped_transformer,t226308725b,winding_2,x2802480b,x2802480b
center_tapped_transformer,t226308725b,winding_3,x2802480b,x2802480b
center_tapped_transformer,t5356804a,winding_1,l2823544,l2823544
center_tapped_transformer,t5356804a,winding_2,x2823544a,x2823544a
center_tapped_transformer,t5356804a,winding_3,x2823544a,x2823544a
center_tapped_transformer,t5355604b,winding_1,l2841624,l2841624
center_tapped_transformer,t5355604b,winding_2,x2841624b,x2841624b
center_tapped_transformer,t5355604b,winding_3,x2841624b,x2841624b
center_tapped_transformer,t21459660c,winding_1,l3101194,l3101194
center_tapped_transformer,t21459660c,winding_2,x3101194c,x3101194c
center_tapped_transformer,t21459660c,winding_3,x3101194c,x3101194c
center_tapped_transformer,t5337636c,winding_1,l2841619,l2841619
center_tapped_transformer,t5337636c,winding_2,x2841619c,x2841619c
center_tapped_transformer,t5337636c,winding_3,x2841619c,x2841619c
center_tapped_transformer,t5260505c,winding_1,l2861218,l2861218
center_tapped_transformer,t5260505c,winding_2,x2861218c,x2861218c
center_tapped_transformer,t5260505c,winding_3,x2861218c,x2861218c
center_tapped_transformer,t5325245b,winding_1,l2710513,l2710513
center_tapped_transformer,t5325245b,winding_2,x2710513b,x2710513b
center_tapped_transformer,t5325245b,winding_3,x2710513b,x2710513b
center_tapped_transformer,t21385192c,winding_1,l2879062,l2879062
center_tapped_transformer,t21385192c,winding_2,x2879062c,x2879062c
center_tapped_transformer,t21385192c,winding_3,x2879062c,x2879062c
center_tapped_transformer,t5260496b,winding_1,l2879767,l2879767
center_tapped_transformer,t5260496b,winding_2,x2879767b,x2879767b
center_tapped_transformer,t5260496b,winding_3,x2879767b,x2879767b
center_tapped_transformer,t21399220c,winding_1,l2766725,l2766725
center_tapped_transformer,t21399220c,winding_2,x2766725c,x2766725c
center_tapped_transformer,t21399220c,winding_3,x2766725c,x2766725c
center_tapped_transformer,t5337655c,winding_1,l3141396,l3141396
center_tapped_transformer,t5337655c,winding_2,x3141396c,x3141396c
center_tapped_transformer,t5337655c,winding_3,x3141396c,x3141396c
center_tapped_transformer,t5330122b,winding_1,l2879752,l2879752
center_tapped_transformer,t5330122b,winding_2,x2879752b,x2879752b
center_tapped_transformer,t5330122b,winding_3,x2879752b,x2879752b
center_tapped_transformer,t28148060c,winding_1,l2991940,l2991940
center_tapped_transformer,t28148060c,winding_2,x2991940c,x2991940c
center_tapped_transformer,t28148060c,winding_3,x2991940c,x2991940c
center_tapped_transformer,t5302674a,winding_1,l2673321,l2673321
center_tapped_transformer,t5302674a,winding_2,x2673321a,x2673321a
center_tapped_transformer,t5302674a,winding_3,x2673321a,x2673321a
center_tapped_transformer,t5355601b,winding_1,l2673326,l2673326
center_tapped_transformer,t5355601b,winding_2,x2673326b,x2673326b
center_tapped_transformer,t5355601b,winding_3,x2673326b,x2673326b
center_tapped_transformer,t225533703c,winding_1,l2925506,l2925506
center_tapped_transformer,t225533703c,winding_2,x2925506c,x2925506c
center_tapped_transformer,t225533703c,winding_3,x2925506c,x2925506c
center_tapped_transformer,t5356814c,winding_1,l2730106,l2730106
center_tapped_transformer,t5356814c,winding_2,x2730106c,x2730106c
center_tapped_transformer,t5356814c,winding_3,x2730106c,x2730106c
center_tapped_transformer,t226196648a,winding_1,l2820556,l2820556
center_tapped_transformer,t226196648a,winding_2,x2820556a,x2820556a
center_tapped_transformer,t226196648a,winding_3,x2820556a,x2820556a
center_tapped_transformer,t5321861c,winding_1,l3235248,l3235248
center_tapped_transformer,t5321861c,winding_2,x3235248c,x3235248c
center_tapped_transformer,t5321861c,winding_3,x3235248c,x3235248c
center_tapped_transformer,t5355840b,winding_1,l2822871,l2822871
center_tapped_transformer,t5355840b,winding_2,x2822871b,x2822871b
center_tapped_transformer,t5355840b,winding_3,x2822871b,x2822871b
center_tapped_transformer,t21243817a,winding_1,l2955076,l2955076
center_tapped_transformer,t21243817a,winding_2,x2955076a,x2955076a
center_tapped_transformer,t21243817a,winding_3,x2955076a,x2955076a
center_tapped_transformer,t5260589b,winding_1,l2955005,l2955005
center_tapped_transformer,t5260589b,winding_2,x2955005b,x2955005b
center_tapped_transformer,t5260589b,winding_3,x2955005b,x2955005b
center_tapped_transformer,t5338961c,winding_1,l3254208,l3254208
center_tapped_transformer,t5338961c,winding_2,x3254208c,x3254208c
center_tapped_transformer,t5338961c,winding_3,x3254208c,x3254208c
center_tapped_transformer,t5337723a,winding_1,l3178978,l3178978
center_tapped_transformer,t5337723a,winding_2,x3178978a,x3178978a
center_tapped_transformer,t5337723a,winding_3,x3178978a,x3178978a
center_tapped_transformer,t5138573a,winding_1,l3235253,l3235253
center_tapped_transformer,t5138573a,winding_2,x3235253a,x3235253a
center_tapped_transformer,t5138573a,winding_3,x3235253a,x3235253a
center_tapped_transformer,t5321888c,winding_1,l3235241,l3235241
center_tapped_transformer,t5321888c,winding_2,x3235241c,x3235241c
center_tapped_transformer,t5321888c,winding_3,x3235241c,x3235241c
center_tapped_transformer,t28148580b,winding_1,l3197636,l3197636
center_tapped_transformer,t28148580b,winding_2,x3197636b,x3197636b
center_tapped_transformer,t28148580b,winding_3,x3197636b,x3197636b
center_tapped_transformer,t28126875b,winding_1,l3066811,l3066811
center_tapped_transformer,t28126875b,winding_2,x3066811b,x3066811b
center_tapped_transformer,t28126875b,winding_3,x3066811b,x3066811b
center_tapped_transformer,t2224192013a,winding_1,l3632979,l3632979
center_tapped_transformer,t2224192013a,winding_2,x3632979a,x3632979a
center_tapped_transformer,t2224192013a,winding_3,x3632979a,x3632979a
center_tapped_transformer,t5260532c,winding_1,l3086074,l3086074
center_tapped_transformer,t5260532c,winding_2,x3086074c,x3086074c
center_tapped_transformer,t5260532c,winding_3,x3086074c,x3086074c
center_tapped_transformer,t21389831a,winding_1,l2674051,l2674051
center_tapped_transformer,t21389831a,winding_2,x2674051a,x2674051a
center_tapped_transformer,t21389831a,winding_3,x2674051a,x2674051a
center_tapped_transformer,t21396331b,winding_1,l3178981,l3178981
center_tapped_transformer,t21396331b,winding_2,x3178981b,x3178981b
center_tapped_transformer,t21396331b,winding_3,x3178981b,x3178981b
center_tapped_transformer,t227732939b,winding_1,l3046854,l3046854
center_tapped_transformer,t227732939b,winding_2,x3046854b,x3046854b
center_tapped_transformer,t227732939b,winding_3,x3046854b,x3046854b
center_tapped_transformer,t5321856b,winding_1,l2860506,l2860506
center_tapped_transformer,t5321856b,winding_2,x2860506b,x2860506b
center_tapped_transformer,t5321856b,winding_3,x2860506b,x2860506b
center_tapped_transformer,t5260625c,winding_1,l3048966,l3048966
center_tapped_transformer,t5260625c,winding_2,x3048966c,x3048966c
center_tapped_transformer,t5260625c,winding_3,x3048966c,x3048966c
center_tapped_transformer,t5338950b,winding_1,l2822872,l2822872
center_tapped_transformer,t5338950b,winding_2,x2822872b,x2822872b
center_tapped_transformer,t5338950b,winding_3,x2822872b,x2822872b
center_tapped_transformer,t226194419c,winding_1,l3214071,l3214071
center_tapped_transformer,t226194419c,winding_2,x3214071c,x3214071c
center_tapped_transformer,t226194419c,winding_3,x3214071c,x3214071c
center_tapped_transformer,t5275247b,winding_1,l2786273,l2786273
center_tapped_transformer,t5275247b,winding_2,x2786273b,x2786273b
center_tapped_transformer,t5275247b,winding_3,x2786273b,x2786273b
center_tapped_transformer,t5260518c,winding_1,l3104853,l3104853
center_tapped_transformer,t5260518c,winding_2,x3104853c,x3104853c
center_tapped_transformer,t5260518c,winding_3,x3104853c,x3104853c
center_tapped_transformer,t5138259c,winding_1,l2973158,l2973158
center_tapped_transformer,t5138259c,winding_2,x2973158c,x2973158c
center_tapped_transformer,t5138259c,winding_3,x2973158c,x2973158c
center_tapped_transformer,t5338926a,winding_1,l3216123,l3216123
center_tapped_transformer,t5338926a,winding_2,x3216123a,x3216123a
center_tapped_transformer,t5338926a,winding_3,x3216123a,x3216123a
center_tapped_transformer,t5321855b,winding_1,l2860485,l2860485
center_tapped_transformer,t5321855b,winding_2,x2860485b,x2860485b
center_tapped_transformer,t5321855b,winding_3,x2860485b,x2860485b
center_tapped_transformer,t5356800a,winding_1,l3235946,l3235946
center_tapped_transformer,t5356800a,winding_2,x3235946a,x3235946a
center_tapped_transformer,t5356800a,winding_3,x3235946a,x3235946a
center_tapped_transformer,t5339047a,winding_1,l2973148,l2973148
center_tapped_transformer,t5339047a,winding_2,x2973148a,x2973148a
center_tapped_transformer,t5339047a,winding_3,x2973148a,x2973148a
center_tapped_transformer,t5321894c,winding_1,l3066829,l3066829
center_tapped_transformer,t5321894c,winding_2,x3066829c,x3066829c
center_tapped_transformer,t5321894c,winding_3,x3066829c,x3066829c
center_tapped_transformer,t5337627c,winding_1,l3085393,l3085393
center_tapped_transformer,t5337627c,winding_2,x3085393c,x3085393c
center_tapped_transformer,t5337627c,winding_3,x3085393c,x3085393c
center_tapped_transformer,t5355358b,winding_1,l2673322,l2673322
center_tapped_transformer,t5355358b,winding_2,x2673322b,x2673322b
center_tapped_transformer,t5355358b,winding_3,x2673322b,x2673322b
center_tapped_transformer,t22112371533c,winding_1,l3263051,l3263051
center_tapped_transformer,t22112371533c,winding_2,x3263051c,x3263051c
center_tapped_transformer,t22112371533c,winding_3,x3263051c,x3263051c
center_tapped_transformer,t5323274b,winding_1,l2860500,l2860500
center_tapped_transformer,t5323274b,winding_2,x2860500b,x2860500b
center_tapped_transformer,t5323274b,winding_3,x2860500b,x2860500b
center_tapped_transformer,t21396015a,winding_1,l3048211,l3048211
center_tapped_transformer,t21396015a,winding_2,x3048211a,x3048211a
center_tapped_transformer,t21396015a,winding_3,x3048211a,x3048211a
center_tapped_transformer,t2224387074a,winding_1,l3728041,l3728041
center_tapped_transformer,t2224387074a,winding_2,x3728041a,x3728041a
center_tapped_transformer,t2224387074a,winding_3,x3728041a,x3728041a
center_tapped_transformer,t5323237b,winding_1,l3048199,l3048199
center_tapped_transformer,t5323237b,winding_2,x3048199b,x3048199b
center_tapped_transformer,t5323237b,winding_3,x3048199b,x3048199b
center_tapped_transformer,t5338949b,winding_1,l3104136,l3104136
center_tapped_transformer,t5338949b,winding_2,x3104136b,x3104136b
center_tapped_transformer,t5338949b,winding_3,x3104136b,x3104136b
center_tapped_transformer,t5356015a,winding_1,l2916599,l2916599
center_tapped_transformer,t5356015a,winding_2,x2916599a,x2916599a
center_tapped_transformer,t5356015a,winding_3,x2916599a,x2916599a
center_tapped_transformer,t5138718c,winding_1,l3104134,l3104134
center_tapped_transformer,t5138718c,winding_2,x3104134c,x3104134c
center_tapped_transformer,t5138718c,winding_3,x3104134c,x3104134c
center_tapped_transformer,t5338959c,winding_1,l2954344,l2954344
center_tapped_transformer,t5338959c,winding_2,x2954344c,x2954344c
center_tapped_transformer,t5338959c,winding_3,x2954344c,x2954344c
center_tapped_transformer,t5157718b,winding_1,l3142099,l3142099
center_tapped_transformer,t5157718b,winding_2,x3142099b,x3142099b
center_tapped_transformer,t5157718b,winding_3,x3142099b,x3142099b
center_tapped_transformer,t5321884c,winding_1,l2710515,l2710515
center_tapped_transformer,t5321884c,winding_2,x2710515c,x2710515c
center_tapped_transformer,t5321884c,winding_3,x2710515c,x2710515c
center_tapped_transformer,t5207286c,winding_1,l3011298,l3011298
center_tapped_transformer,t5207286c,winding_2,x3011298c,x3011298c
center_tapped_transformer,t5207286c,winding_3,x3011298c,x3011298c
center_tapped_transformer,t5323263a,winding_1,l3066812,l3066812
center_tapped_transformer,t5323263a,winding_2,x3066812a,x3066812a
center_tapped_transformer,t5323263a,winding_3,x3066812a,x3066812a
center_tapped_transformer,t21399707a,winding_1,l3141403,l3141403
center_tapped_transformer,t21399707a,winding_2,x3141403a,x3141403a
center_tapped_transformer,t21399707a,winding_3,x3141403a,x3141403a
center_tapped_transformer,t226191772c,winding_1,l3120484,l3120484
center_tapped_transformer,t226191772c,winding_2,x3120484c,x3120484c
center_tapped_transformer,t226191772c,winding_3,x3120484c,x3120484c
center_tapped_transformer,t5293667a,winding_1,l2860504,l2860504
center_tapped_transformer,t5293667a,winding_2,x2860504a,x2860504a
center_tapped_transformer,t5293667a,winding_3,x2860504a,x2860504a
center_tapped_transformer,t5293424c,winding_1,l2766750,l2766750
center_tapped_transformer,t5293424c,winding_2,x2766750c,x2766750c
center_tapped_transformer,t5293424c,winding_3,x2766750c,x2766750c
center_tapped_transformer,t5337709b,winding_1,l2879077,l2879077
center_tapped_transformer,t5337709b,winding_2,x2879077b,x2879077b
center_tapped_transformer,t5337709b,winding_3,x2879077b,x2879077b
center_tapped_transformer,t5323391b,winding_1,l3159037,l3159037
center_tapped_transformer,t5323391b,winding_2,x3159037b,x3159037b
center_tapped_transformer,t5323391b,winding_3,x3159037b,x3159037b
center_tapped_transformer,t28147899c,winding_1,l3160793,l3160793
center_tapped_transformer,t28147899c,winding_2,x3160793c,x3160793c
center_tapped_transformer,t28147899c,winding_3,x3160793c,x3160793c
center_tapped_transformer,t226308717a,winding_1,l3233412,l3233412
center_tapped_transformer,t226308717a,winding_2,x3233412a,x3233412a
center_tapped_transformer,t226308717a,winding_3,x3233412a,x3233412a
center_tapped_transformer,t28147018b,winding_1,l2841620,l2841620
center_tapped_transformer,t28147018b,winding_2,x2841620b,x2841620b
center_tapped_transformer,t28147018b,winding_3,x2841620b,x2841620b
center_tapped_transformer,t21396815c,winding_1,l3253995,l3253995
center_tapped_transformer,t21396815c,winding_2,x3253995c,x3253995c
center_tapped_transformer,t21396815c,winding_3,x3253995c,x3253995c
center_tapped_transformer,t5247184c,winding_1,l2936279,l2936279
center_tapped_transformer,t5247184c,winding_2,x2936279c,x2936279c
center_tapped_transformer,t5247184c,winding_3,x2936279c,x2936279c
center_tapped_transformer,t5339043c,winding_1,l2804277,l2804277
center_tapped_transformer,t5339043c,winding_2,x2804277c,x2804277c
center_tapped_transformer,t5339043c,winding_3,x2804277c,x2804277c
center_tapped_transformer,t5302405a,winding_1,l2860489,l2860489
center_tapped_transformer,t5302405a,winding_2,x2860489a,x2860489a
center_tapped_transformer,t5302405a,winding_3,x2860489a,x2860489a
center_tapped_transformer,t227917127c,winding_1,l2690868,l2690868
center_tapped_transformer,t227917127c,winding_2,x2690868c,x2690868c
center_tapped_transformer,t227917127c,winding_3,x2690868c,x2690868c
center_tapped_transformer,t5356788c,winding_1,l3176661,l3176661
center_tapped_transformer,t5356788c,winding_2,x3176661c,x3176661c
center_tapped_transformer,t5356788c,winding_3,x3176661c,x3176661c
center_tapped_transformer,t5321886c,winding_1,l2766746,l2766746
center_tapped_transformer,t5321886c,winding_2,x2766746c,x2766746c
center_tapped_transformer,t5321886c,winding_3,x2766746c,x2766746c
center_tapped_transformer,t5293657b,winding_1,l3189189,l3189189
center_tapped_transformer,t5293657b,winding_2,x3189189b,x3189189b
center_tapped_transformer,t5293657b,winding_3,x3189189b,x3189189b
center_tapped_transformer,t5138237b,winding_1,l3048196,l3048196
center_tapped_transformer,t5138237b,winding_2,x3048196b,x3048196b
center_tapped_transformer,t5138237b,winding_3,x3048196b,x3048196b
center_tapped_transformer,t5310560a,winding_1,l2879074,l2879074
center_tapped_transformer,t5310560a,winding_2,x2879074a,x2879074a
center_tapped_transformer,t5310560a,winding_3,x2879074a,x2879074a
center_tapped_transformer,t5260598a,winding_1,l3067478,l3067478
center_tapped_transformer,t5260598a,winding_2,x3067478a,x3067478a
center_tapped_transformer,t5260598a,winding_3,x3067478a,x3067478a
center_tapped_transformer,t5302373b,winding_1,l2766726,l2766726
center_tapped_transformer,t5302373b,winding_2,x2766726b,x2766726b
center_tapped_transformer,t5302373b,winding_3,x2766726b,x2766726b
center_tapped_transformer,t5260476a,winding_1,l2936271,l2936271
center_tapped_transformer,t5260476a,winding_2,x2936271a,x2936271a
center_tapped_transformer,t5260476a,winding_3,x2936271a,x2936271a
center_tapped_transformer,t21389092b,winding_1,l2917328,l2917328
center_tapped_transformer,t21389092b,winding_2,x2917328b,x2917328b
center_tapped_transformer,t21389092b,winding_3,x2917328b,x2917328b
center_tapped_transformer,t5356063c,winding_1,l3160103,l3160103
center_tapped_transformer,t5356063c,winding_2,x3160103c,x3160103c
center_tapped_transformer,t5356063c,winding_3,x3160103c,x3160103c
center_tapped_transformer,t2223878647b,winding_1,l3448661,l3448661
center_tapped_transformer,t2223878647b,winding_2,x3448661b,x3448661b
center_tapped_transformer,t2223878647b,winding_3,x3448661b,x3448661b
center_tapped_transformer,t5354851b,winding_1,l2991901,l2991901
center_tapped_transformer,t5354851b,winding_2,x2991901b,x2991901b
center_tapped_transformer,t5354851b,winding_3,x2991901b,x2991901b
center_tapped_transformer,t5338997b,winding_1,l2860499,l2860499
center_tapped_transformer,t5338997b,winding_2,x2860499b,x2860499b
center_tapped_transformer,t5338997b,winding_3,x2860499b,x2860499b
center_tapped_transformer,t226193422b,winding_1,l2726975,l2726975
center_tapped_transformer,t226193422b,winding_2,x2726975b,x2726975b
center_tapped_transformer,t226193422b,winding_3,x2726975b,x2726975b
center_tapped_transformer,t5391745b,winding_1,l2673300,l2673300
center_tapped_transformer,t5391745b,winding_2,x2673300b,x2673300b
center_tapped_transformer,t5391745b,winding_3,x2673300b,x2673300b
center_tapped_transformer,t5251855c,winding_1,l2730107,l2730107
center_tapped_transformer,t5251855c,winding_2,x2730107c,x2730107c
center_tapped_transformer,t5251855c,winding_3,x2730107c,x2730107c
center_tapped_transformer,t5339006b,winding_1,l2916619,l2916619
center_tapped_transformer,t5339006b,winding_2,x2916619b,x2916619b
center_tapped_transformer,t5339006b,winding_3,x2916619b,x2916619b
center_tapped_transformer,t5355437c,winding_1,l2710525,l2710525
center_tapped_transformer,t5355437c,winding_2,x2710525c,x2710525c
center_tapped_transformer,t5355437c,winding_3,x2710525c,x2710525c
center_tapped_transformer,t5391752b,winding_1,l2804260,l2804260
center_tapped_transformer,t5391752b,winding_2,x2804260b,x2804260b
center_tapped_transformer,t5391752b,winding_3,x2804260b,x2804260b
center_tapped_transformer,t5338920a,winding_1,l3197631,l3197631
center_tapped_transformer,t5338920a,winding_2,x3197631a,x3197631a
center_tapped_transformer,t5338920a,winding_3,x3197631a,x3197631a
center_tapped_transformer,t5338925a,winding_1,l2973153,l2973153
center_tapped_transformer,t5338925a,winding_2,x2973153a,x2973153a
center_tapped_transformer,t5338925a,winding_3,x2973153a,x2973153a
center_tapped_transformer,t5138685a,winding_1,l3122813,l3122813
center_tapped_transformer,t5138685a,winding_2,x3122813a,x3122813a
center_tapped_transformer,t5138685a,winding_3,x3122813a,x3122813a
center_tapped_transformer,t5338992b,winding_1,l2935567,l2935567
center_tapped_transformer,t5338992b,winding_2,x2935567b,x2935567b
center_tapped_transformer,t5338992b,winding_3,x2935567b,x2935567b
center_tapped_transformer,t5260513c,winding_1,l2917336,l2917336
center_tapped_transformer,t5260513c,winding_2,x2917336c,x2917336c
center_tapped_transformer,t5260513c,winding_3,x2917336c,x2917336c
center_tapped_transformer,t5302809c,winding_1,l2954350,l2954350
center_tapped_transformer,t5302809c,winding_2,x2954350c,x2954350c
center_tapped_transformer,t5302809c,winding_3,x2954350c,x2954350c
center_tapped_transformer,t5323388b,winding_1,l3234185,l3234185
center_tapped_transformer,t5323388b,winding_2,x3234185b,x3234185b
center_tapped_transformer,t5323388b,winding_3,x3234185b,x3234185b
center_tapped_transformer,t5138265a,winding_1,l3160107,l3160107
center_tapped_transformer,t5138265a,winding_2,x3160107a,x3160107a
center_tapped_transformer,t5138265a,winding_3,x3160107a,x3160107a
center_tapped_transformer,t5338970a,winding_1,l3141401,l3141401
center_tapped_transformer,t5338970a,winding_2,x3141401a,x3141401a
center_tapped_transformer,t5338970a,winding_3,x3141401a,x3141401a
center_tapped_transformer,t228445756c,winding_1,l2972704,l2972704
center_tapped_transformer,t228445756c,winding_2,x2972704c,x2972704c
center_tapped_transformer,t228445756c,winding_3,x2972704c,x2972704c
center_tapped_transformer,t5138771a,winding_1,l3197644,l3197644
center_tapped_transformer,t5138771a,winding_2,x3197644a,x3197644a
center_tapped_transformer,t5138771a,winding_3,x3197644a,x3197644a
center_tapped_transformer,t21471907a,winding_1,l2897805,l2897805
center_tapped_transformer,t21471907a,winding_2,x2897805a,x2897805a
center_tapped_transformer,t21471907a,winding_3,x2897805a,x2897805a
center_tapped_transformer,t22112168880c,winding_1,l2766499,l2766499
center_tapped_transformer,t22112168880c,winding_2,x2766499c,x2766499c
center_tapped_transformer,t22112168880c,winding_3,x2766499c,x2766499c
center_tapped_transformer,t5302469a,winding_1,l3104132,l3104132
center_tapped_transformer,t5302469a,winding_2,x3104132a,x3104132a
center_tapped_transformer,t5302469a,winding_3,x3104132a,x3104132a
center_tapped_transformer,t5323286b,winding_1,l2989564,l2989564
center_tapped_transformer,t5323286b,winding_2,x2989564b,x2989564b
center_tapped_transformer,t5323286b,winding_3,x2989564b,x2989564b
center_tapped_transformer,t5302735a,winding_1,l2991923,l2991923
center_tapped_transformer,t5302735a,winding_2,x2991923a,x2991923a
center_tapped_transformer,t5302735a,winding_3,x2991923a,x2991923a
center_tapped_transformer,t5260529c,winding_1,l3217053,l3217053
center_tapped_transformer,t5260529c,winding_2,x3217053c,x3217053c
center_tapped_transformer,t5260529c,winding_3,x3217053c,x3217053c
center_tapped_transformer,t5338933b,winding_1,l3216345,l3216345
center_tapped_transformer,t5338933b,winding_2,x3216345b,x3216345b
center_tapped_transformer,t5338933b,winding_3,x3216345b,x3216345b
center_tapped_transformer,t5247059a,winding_1,l2766721,l2766721
center_tapped_transformer,t5247059a,winding_2,x2766721a,x2766721a
center_tapped_transformer,t5247059a,winding_3,x2766721a,x2766721a
center_tapped_transformer,t226024307b,winding_1,l3119793,l3119793
center_tapped_transformer,t226024307b,winding_2,x3119793b,x3119793b
center_tapped_transformer,t226024307b,winding_3,x3119793b,x3119793b
center_tapped_transformer,t5294788a,winding_1,l2821010,l2821010
center_tapped_transformer,t5294788a,winding_2,x2821010a,x2821010a
center_tapped_transformer,t5294788a,winding_3,x2821010a,x2821010a
center_tapped_transformer,t5321890c,winding_1,l3104118,l3104118
center_tapped_transformer,t5321890c,winding_2,x3104118c,x3104118c
center_tapped_transformer,t5321890c,winding_3,x3104118c,x3104118c
center_tapped_transformer,t5337678a,winding_1,l3160101,l3160101
center_tapped_transformer,t5337678a,winding_2,x3160101a,x3160101a
center_tapped_transformer,t5337678a,winding_3,x3160101a,x3160101a
center_tapped_transformer,t5328364c,winding_1,l2692633,l2692633
center_tapped_transformer,t5328364c,winding_2,x2692633c,x2692633c
center_tapped_transformer,t5328364c,winding_3,x2692633c,x2692633c
center_tapped_transformer,t5138374c,winding_1,l2691950,l2691950
center_tapped_transformer,t5138374c,winding_2,x2691950c,x2691950c
center_tapped_transformer,t5138374c,winding_3,x2691950c,x2691950c
center_tapped_transformer,t5355603b,winding_1,l3160108,l3160108
center_tapped_transformer,t5355603b,winding_2,x3160108b,x3160108b
center_tapped_transformer,t5355603b,winding_3,x3160108b,x3160108b
center_tapped_transformer,t5338999b,winding_1,l2822873,l2822873
center_tapped_transformer,t5338999b,winding_2,x2822873b,x2822873b
center_tapped_transformer,t5338999b,winding_3,x2822873b,x2822873b
center_tapped_transformer,t5260586b,winding_1,l3048887,l3048887
center_tapped_transformer,t5260586b,winding_2,x3048887b,x3048887b
center_tapped_transformer,t5260586b,winding_3,x3048887b,x3048887b
center_tapped_transformer,t5338995b,winding_1,l3254227,l3254227
center_tapped_transformer,t5338995b,winding_2,x3254227b,x3254227b
center_tapped_transformer,t5338995b,winding_3,x3254227b,x3254227b
center_tapped_transformer,t5260484a,winding_1,l2992624,l2992624
center_tapped_transformer,t5260484a,winding_2,x2992624a,x2992624a
center_tapped_transformer,t5260484a,winding_3,x2992624a,x2992624a
center_tapped_transformer,t227100746a,winding_1,l3226771,l3226771
center_tapped_transformer,t227100746a,winding_2,x3226771a,x3226771a
center_tapped_transformer,t227100746a,winding_3,x3226771a,x3226771a
center_tapped_transformer,t5356794c,winding_1,l3086002,l3086002
center_tapped_transformer,t5356794c,winding_2,x3086002c,x3086002c
center_tapped_transformer,t5356794c,winding_3,x3086002c,x3086002c
center_tapped_transformer,t5351020c,winding_1,l3045895,l3045895
center_tapped_transformer,t5351020c,winding_2,x3045895c,x3045895c
center_tapped_transformer,t5351020c,winding_3,x3045895c,x3045895c
center_tapped_transformer,t5338935b,winding_1,l2973160,l2973160
center_tapped_transformer,t5338935b,winding_2,x2973160b,x2973160b
center_tapped_transformer,t5338935b,winding_3,x2973160b,x2973160b
center_tapped_transformer,t226193078a,winding_1,l2764403,l2764403
center_tapped_transformer,t226193078a,winding_2,x2764403a,x2764403a
center_tapped_transformer,t226193078a,winding_3,x2764403a,x2764403a
center_tapped_transformer,t21031694b,winding_1,l3122812,l3122812
center_tapped_transformer,t21031694b,winding_2,x3122812b,x3122812b
center_tapped_transformer,t21031694b,winding_3,x3122812b,x3122812b
center_tapped_transformer,t226193892b,winding_1,l3176660,l3176660
center_tapped_transformer,t226193892b,winding_2,x3176660b,x3176660b
center_tapped_transformer,t226193892b,winding_3,x3176660b,x3176660b
center_tapped_transformer,t21399619c,winding_1,l2991943,l2991943
center_tapped_transformer,t21399619c,winding_2,x2991943c,x2991943c
center_tapped_transformer,t21399619c,winding_3,x2991943c,x2991943c
center_tapped_transformer,t5321887c,winding_1,l2691941,l2691941
center_tapped_transformer,t5321887c,winding_2,x2691941c,x2691941c
center_tapped_transformer,t5321887c,winding_3,x2691941c,x2691941c
center_tapped_transformer,t225534325a,winding_1,l2983432,l2983432
center_tapped_transformer,t225534325a,winding_2,x2983432a,x2983432a
center_tapped_transformer,t225534325a,winding_3,x2983432a,x2983432a
center_tapped_transformer,t228219458b,winding_1,l3215549,l3215549
center_tapped_transformer,t228219458b,winding_2,x3215549b,x3215549b
center_tapped_transformer,t228219458b,winding_3,x3215549b,x3215549b
center_tapped_transformer,t5260543c,winding_1,l2955077,l2955077
center_tapped_transformer,t5260543c,winding_2,x2955077c,x2955077c
center_tapped_transformer,t5260543c,winding_3,x2955077c,x2955077c
center_tapped_transformer,t5337722a,winding_1,l2973157,l2973157
center_tapped_transformer,t5337722a,winding_2,x2973157a,x2973157a
center_tapped_transformer,t5337722a,winding_3,x2973157a,x2973157a
center_tapped_transformer,t5138379c,winding_1,l2691951,l2691951
center_tapped_transformer,t5138379c,winding_2,x2691951c,x2691951c
center_tapped_transformer,t5138379c,winding_3,x2691951c,x2691951c
center_tapped_transformer,t5260480c,winding_1,l3030199,l3030199
center_tapped_transformer,t5260480c,winding_2,x3030199c,x3030199c
center_tapped_transformer,t5260480c,winding_3,x3030199c,x3030199c
center_tapped_transformer,t21389307c,winding_1,l2692655,l2692655
center_tapped_transformer,t21389307c,winding_2,x2692655c,x2692655c
center_tapped_transformer,t21389307c,winding_3,x2692655c,x2692655c
center_tapped_transformer,t21399752a,winding_1,l2785546,l2785546
center_tapped_transformer,t21399752a,winding_2,x2785546a,x2785546a
center_tapped_transformer,t21399752a,winding_3,x2785546a,x2785546a
center_tapped_transformer,t21400185a,winding_1,l2935559,l2935559
center_tapped_transformer,t21400185a,winding_2,x2935559a,x2935559a
center_tapped_transformer,t21400185a,winding_3,x2935559a,x2935559a
center_tapped_transformer,t5338927a,winding_1,l2972930,l2972930
center_tapped_transformer,t5338927a,winding_2,x2972930a,x2972930a
center_tapped_transformer,t5338927a,winding_3,x2972930a,x2972930a
center_tapped_transformer,t5338922b,winding_1,l2822866,l2822866
center_tapped_transformer,t5338922b,winding_2,x2822866b,x2822866b
center_tapped_transformer,t5338922b,winding_3,x2822866b,x2822866b
center_tapped_transformer,t21382813a,winding_1,l2748781,l2748781
center_tapped_transformer,t21382813a,winding_2,x2748781a,x2748781a
center_tapped_transformer,t21382813a,winding_3,x2748781a,x2748781a
center_tapped_transformer,t2224230651c,winding_1,l3645810,l3645810
center_tapped_transformer,t2224230651c,winding_2,x3645810c,x3645810c
center_tapped_transformer,t2224230651c,winding_3,x3645810c,x3645810c
center_tapped_transformer,t5138380c,winding_1,l2879076,l2879076
center_tapped_transformer,t5138380c,winding_2,x2879076c,x2879076c
center_tapped_transformer,t5138380c,winding_3,x2879076c,x2879076c
center_tapped_transformer,t21031684a,winding_1,l2841616,l2841616
center_tapped_transformer,t21031684a,winding_2,x2841616a,x2841616a
center_tapped_transformer,t21031684a,winding_3,x2841616a,x2841616a
center_tapped_transformer,t5338921a,winding_1,l2935554,l2935554
center_tapped_transformer,t5338921a,winding_2,x2935554a,x2935554a
center_tapped_transformer,t5338921a,winding_3,x2935554a,x2935554a
center_tapped_transformer,t5337724a,winding_1,l2879075,l2879075
center_tapped_transformer,t5337724a,winding_2,x2879075a,x2879075a
center_tapped_transformer,t5337724a,winding_3,x2879075a,x2879075a
center_tapped_transformer,t28150292a,winding_1,l2839305,l2839305
center_tapped_transformer,t28150292a,winding_2,x2839305a,x2839305a
center_tapped_transformer,t28150292a,winding_3,x2839305a,x2839305a
center_tapped_transformer,t21249674b,winding_1,l2879753,l2879753
center_tapped_transformer,t21249674b,winding_2,x2879753b,x2879753b
center_tapped_transformer,t21249674b,winding_3,x2879753b,x2879753b
center_tapped_transformer,t5138567a,winding_1,l2748129,l2748129
center_tapped_transformer,t5138567a,winding_2,x2748129a,x2748129a
center_tapped_transformer,t5138567a,winding_3,x2748129a,x2748129a
center_tapped_transformer,t5247060a,winding_1,l2991906,l2991906
center_tapped_transformer,t5247060a,winding_2,x2991906a,x2991906a
center_tapped_transformer,t5247060a,winding_3,x2991906a,x2991906a
center_tapped_transformer,t5391737b,winding_1,l2804247,l2804247
center_tapped_transformer,t5391737b,winding_2,x2804247b,x2804247b
center_tapped_transformer,t5391737b,winding_3,x2804247b,x2804247b
center_tapped_transformer,t226194280b,winding_1,l3195318,l3195318
center_tapped_transformer,t226194280b,winding_2,x3195318b,x3195318b
center_tapped_transformer,t226194280b,winding_3,x3195318b,x3195318b
center_tapped_transformer,t5251856c,winding_1,l3048888,l3048888
center_tapped_transformer,t5251856c,winding_2,x3048888c,x3048888c
center_tapped_transformer,t5251856c,winding_3,x3048888c,x3048888c
center_tapped_transformer,t5274903c,winding_1,l2935552,l2935552
center_tapped_transformer,t5274903c,winding_2,x2935552c,x2935552c
center_tapped_transformer,t5274903c,winding_3,x2935552c,x2935552c
center_tapped_transformer,t226193345a,winding_1,l2876797,l2876797
center_tapped_transformer,t226193345a,winding_2,x2876797a,x2876797a
center_tapped_transformer,t226193345a,winding_3,x2876797a,x2876797a
center_tapped_transformer,t5391765b,winding_1,l3085389,l3085389
center_tapped_transformer,t5391765b,winding_2,x3085389b,x3085389b
center_tapped_transformer,t5391765b,winding_3,x3085389b,x3085389b
center_tapped_transformer,t5323403b,winding_1,l2916603,l2916603
center_tapped_transformer,t5323403b,winding_2,x2916603b,x2916603b
center_tapped_transformer,t5323403b,winding_3,x2916603b,x2916603b
center_tapped_transformer,t21209868a,winding_1,l2710518,l2710518
center_tapped_transformer,t21209868a,winding_2,x2710518a,x2710518a
center_tapped_transformer,t21209868a,winding_3,x2710518a,x2710518a
center_tapped_transformer,t5260573c,winding_1,l3160896,l3160896
center_tapped_transformer,t5260573c,winding_2,x3160896c,x3160896c
center_tapped_transformer,t5260573c,winding_3,x3160896c,x3160896c
center_tapped_transformer,t5302858c,winding_1,l2897776,l2897776
center_tapped_transformer,t5302858c,winding_2,x2897776c,x2897776c
center_tapped_transformer,t5302858c,winding_3,x2897776c,x2897776c
center_tapped_transformer,t225940756b,winding_1,l2913406,l2913406
center_tapped_transformer,t225940756b,winding_2,x2913406b,x2913406b
center_tapped_transformer,t225940756b,winding_3,x2913406b,x2913406b
center_tapped_transformer,t5392036b,winding_1,l2991915,l2991915
center_tapped_transformer,t5392036b,winding_2,x2991915b,x2991915b
center_tapped_transformer,t5392036b,winding_3,x2991915b,x2991915b
center_tapped_transformer,t5260500b,winding_1,l2711224,l2711224
center_tapped_transformer,t5260500b,winding_2,x2711224b,x2711224b
center_tapped_transformer,t5260500b,winding_3,x2711224b,x2711224b
center_tapped_transformer,t28128007c,winding_1,l2897766,l2897766
center_tapped_transformer,t28128007c,winding_2,x2897766c,x2897766c
center_tapped_transformer,t28128007c,winding_3,x2897766c,x2897766c
center_tapped_transformer,t5138342c,winding_1,l2897775,l2897775
center_tapped_transformer,t5138342c,winding_2,x2897775c,x2897775c
center_tapped_transformer,t5138342c,winding_3,x2897775c,x2897775c
center_tapped_transformer,t5391736b,winding_1,l3029495,l3029495
center_tapped_transformer,t5391736b,winding_2,x3029495b,x3029495b
center_tapped_transformer,t5391736b,winding_3,x3029495b,x3029495b
center_tapped_transformer,t225571871b,winding_1,l2911069,l2911069
center_tapped_transformer,t225571871b,winding_2,x2911069b,x2911069b
center_tapped_transformer,t225571871b,winding_3,x2911069b,x2911069b
center_tapped_transformer,t5338893a,winding_1,l3197633,l3197633
center_tapped_transformer,t5338893a,winding_2,x3197633a,x3197633a
center_tapped_transformer,t5338893a,winding_3,x3197633a,x3197633a
center_tapped_transformer,t21373784a,winding_1,l3066817,l3066817
center_tapped_transformer,t21373784a,winding_2,x3066817a,x3066817a
center_tapped_transformer,t21373784a,winding_3,x3066817a,x3066817a
center_tapped_transformer,t21455388c,winding_1,l2879089,l2879089
center_tapped_transformer,t21455388c,winding_2,x2879089c,x2879089c
center_tapped_transformer,t21455388c,winding_3,x2879089c,x2879089c
center_tapped_transformer,t226193662a,winding_1,l3195315,l3195315
center_tapped_transformer,t226193662a,winding_2,x3195315a,x3195315a
center_tapped_transformer,t226193662a,winding_3,x3195315a,x3195315a
center_tapped_transformer,t5355943c,winding_1,l2785529,l2785529
center_tapped_transformer,t5355943c,winding_2,x2785529c,x2785529c
center_tapped_transformer,t5355943c,winding_3,x2785529c,x2785529c
center_tapped_transformer,t5260627a,winding_1,l2992656,l2992656
center_tapped_transformer,t5260627a,winding_2,x2992656a,x2992656a
center_tapped_transformer,t5260627a,winding_3,x2992656a,x2992656a
center_tapped_transformer,t5260650a,winding_1,l2692661,l2692661
center_tapped_transformer,t5260650a,winding_2,x2692661a,x2692661a
center_tapped_transformer,t5260650a,winding_3,x2692661a,x2692661a
center_tapped_transformer,t5339019a,winding_1,l3160114,l3160114
center_tapped_transformer,t5339019a,winding_2,x3160114a,x3160114a
center_tapped_transformer,t5339019a,winding_3,x3160114a,x3160114a
center_tapped_transformer,t5337728a,winding_1,l3082992,l3082992
center_tapped_transformer,t5337728a,winding_2,x3082992a,x3082992a
center_tapped_transformer,t5337728a,winding_3,x3082992a,x3082992a
center_tapped_transformer,t5391744b,winding_1,l2710537,l2710537
center_tapped_transformer,t5391744b,winding_2,x2710537b,x2710537b
center_tapped_transformer,t5391744b,winding_3,x2710537b,x2710537b
center_tapped_transformer,t5293487b,winding_1,l3254238,l3254238
center_tapped_transformer,t5293487b,winding_2,x3254238b,x3254238b
center_tapped_transformer,t5293487b,winding_3,x3254238b,x3254238b
center_tapped_transformer,t227447984c,winding_1,l2862616,l2862616
center_tapped_transformer,t227447984c,winding_2,x2862616c,x2862616c
center_tapped_transformer,t227447984c,winding_3,x2862616c,x2862616c
center_tapped_transformer,t5302374b,winding_1,l2785526,l2785526
center_tapped_transformer,t5302374b,winding_2,x2785526b,x2785526b
center_tapped_transformer,t5302374b,winding_3,x2785526b,x2785526b
center_tapped_transformer,t227921427a,winding_1,l2915542,l2915542
center_tapped_transformer,t227921427a,winding_2,x2915542a,x2915542a
center_tapped_transformer,t227921427a,winding_3,x2915542a,x2915542a
center_tapped_transformer,t227921427b,winding_1,l2915542,l2915542
center_tapped_transformer,t227921427b,winding_2,x2915542b,x2915542b
center_tapped_transformer,t227921427b,winding_3,x2915542b,x2915542b
center_tapped_transformer,t227921427c,winding_1,l2915542,l2915542
center_tapped_transformer,t227921427c,winding_2,x2915542c,x2915542c
center_tapped_transformer,t227921427c,winding_3,x2915542c,x2915542c
center_tapped_transformer,t5310561a,winding_1,l3122820,l3122820
center_tapped_transformer,t5310561a,winding_2,x3122820a,x3122820a
center_tapped_transformer,t5310561a,winding_3,x3122820a,x3122820a
center_tapped_transformer,t5338966c,winding_1,l3029505,l3029505
center_tapped_transformer,t5338966c,winding_2,x3029505c,x3029505c
center_tapped_transformer,t5338966c,winding_3,x3029505c,x3029505c
center_tapped_transformer,t28127681b,winding_1,l2785522,l2785522
center_tapped_transformer,t28127681b,winding_2,x2785522b,x2785522b
center_tapped_transformer,t28127681b,winding_3,x2785522b,x2785522b
center_tapped_transformer,t21474614c,winding_1,l2710543,l2710543
center_tapped_transformer,t21474614c,winding_2,x2710543c,x2710543c
center_tapped_transformer,t21474614c,winding_3,x2710543c,x2710543c
center_tapped_transformer,t5260503b,winding_1,l2917310,l2917310
center_tapped_transformer,t5260503b,winding_2,x2917310b,x2917310b
center_tapped_transformer,t5260503b,winding_3,x2917310b,x2917310b
center_tapped_transformer,t226159329a,winding_1,l3082993,l3082993
center_tapped_transformer,t226159329a,winding_2,x3082993a,x3082993a
center_tapped_transformer,t226159329a,winding_3,x3082993a,x3082993a
center_tapped_transformer,t2224386617a,winding_1,l3729298,l3729298
center_tapped_transformer,t2224386617a,winding_2,x3729298a,x3729298a
center_tapped_transformer,t2224386617a,winding_3,x3729298a,x3729298a
center_tapped_transformer,t5337619a,winding_1,l2990826,l2990826
center_tapped_transformer,t5337619a,winding_2,x2990826a,x2990826a
center_tapped_transformer,t5337619a,winding_3,x2990826a,x2990826a
center_tapped_transformer,t5337619b,winding_1,l2990826,l2990826
center_tapped_transformer,t5337619b,winding_2,x2990826b,x2990826b
center_tapped_transformer,t5337619b,winding_3,x2990826b,x2990826b
center_tapped_transformer,t5337619c,winding_1,l2990826,l2990826
center_tapped_transformer,t5337619c,winding_2,x2990826c,x2990826c
center_tapped_transformer,t5337619c,winding_3,x2990826c,x2990826c
center_tapped_transformer,t5338985a,winding_1,l2897792,l2897792
center_tapped_transformer,t5338985a,winding_2,x2897792a,x2897792a
center_tapped_transformer,t5338985a,winding_3,x2897792a,x2897792a
center_tapped_transformer,t5302509c,winding_1,l2804261,l2804261
center_tapped_transformer,t5302509c,winding_2,x2804261c,x2804261c
center_tapped_transformer,t5302509c,winding_3,x2804261c,x2804261c
center_tapped_transformer,t227100753a,winding_1,l3189190,l3189190
center_tapped_transformer,t227100753a,winding_2,x3189190a,x3189190a
center_tapped_transformer,t227100753a,winding_3,x3189190a,x3189190a
center_tapped_transformer,t5355375a,winding_1,l2689691,l2689691
center_tapped_transformer,t5355375a,winding_2,x2689691a,x2689691a
center_tapped_transformer,t5355375a,winding_3,x2689691a,x2689691a
center_tapped_transformer,t5293681a,winding_1,l3195751,l3195751
center_tapped_transformer,t5293681a,winding_2,x3195751a,x3195751a
center_tapped_transformer,t5293681a,winding_3,x3195751a,x3195751a
center_tapped_transformer,t5338957c,winding_1,l2785517,l2785517
center_tapped_transformer,t5338957c,winding_2,x2785517c,x2785517c
center_tapped_transformer,t5338957c,winding_3,x2785517c,x2785517c
center_tapped_transformer,t5275007c,winding_1,l2916606,l2916606
center_tapped_transformer,t5275007c,winding_2,x2916606c,x2916606c
center_tapped_transformer,t5275007c,winding_3,x2916606c,x2916606c
center_tapped_transformer,t21399112c,winding_1,l3254217,l3254217
center_tapped_transformer,t21399112c,winding_2,x3254217c,x3254217c
center_tapped_transformer,t21399112c,winding_3,x3254217c,x3254217c
center_tapped_transformer,t21380156b,winding_1,l2841641,l2841641
center_tapped_transformer,t21380156b,winding_2,x2841641b,x2841641b
center_tapped_transformer,t21380156b,winding_3,x2841641b,x2841641b
center_tapped_transformer,t5321840b,winding_1,l2804256,l2804256
center_tapped_transformer,t5321840b,winding_2,x2804256b,x2804256b
center_tapped_transformer,t5321840b,winding_3,x2804256b,x2804256b
center_tapped_transformer,t28120183c,winding_1,l3122818,l3122818
center_tapped_transformer,t28120183c,winding_2,x3122818c,x3122818c
center_tapped_transformer,t28120183c,winding_3,x3122818c,x3122818c
center_tapped_transformer,t5302732a,winding_1,l2691953,l2691953
center_tapped_transformer,t5302732a,winding_2,x2691953a,x2691953a
center_tapped_transformer,t5302732a,winding_3,x2691953a,x2691953a
center_tapped_transformer,t5260487a,winding_1,l2692654,l2692654
center_tapped_transformer,t5260487a,winding_2,x2692654a,x2692654a
center_tapped_transformer,t5260487a,winding_3,x2692654a,x2692654a
center_tapped_transformer,t5323279b,winding_1,l3235246,l3235246
center_tapped_transformer,t5323279b,winding_2,x3235246b,x3235246b
center_tapped_transformer,t5323279b,winding_3,x3235246b,x3235246b
center_tapped_transformer,t5260542a,winding_1,l2955078,l2955078
center_tapped_transformer,t5260542a,winding_2,x2955078a,x2955078a
center_tapped_transformer,t5260542a,winding_3,x2955078a,x2955078a
center_tapped_transformer,t226311345b,winding_1,l3139598,l3139598
center_tapped_transformer,t226311345b,winding_2,x3139598b,x3139598b
center_tapped_transformer,t226311345b,winding_3,x3139598b,x3139598b
center_tapped_transformer,t21459651c,winding_1,l2763812,l2763812
center_tapped_transformer,t21459651c,winding_2,x2763812c,x2763812c
center_tapped_transformer,t21459651c,winding_3,x2763812c,x2763812c
center_tapped_transformer,t5351019c,winding_1,l2767414,l2767414
center_tapped_transformer,t5351019c,winding_2,x2767414c,x2767414c
center_tapped_transformer,t5351019c,winding_3,x2767414c,x2767414c
center_tapped_transformer,t5391749b,winding_1,l2991918,l2991918
center_tapped_transformer,t5391749b,winding_2,x2991918b,x2991918b
center_tapped_transformer,t5391749b,winding_3,x2991918b,x2991918b
center_tapped_transformer,t5321159a,winding_1,l3008248,l3008248
center_tapped_transformer,t5321159a,winding_2,x3008248a,x3008248a
center_tapped_transformer,t5321159a,winding_3,x3008248a,x3008248a
center_tapped_transformer,t5260515a,winding_1,l3160865,l3160865
center_tapped_transformer,t5260515a,winding_2,x3160865a,x3160865a
center_tapped_transformer,t5260515a,winding_3,x3160865a,x3160865a
center_tapped_transformer,t5355606b,winding_1,l3029510,l3029510
center_tapped_transformer,t5355606b,winding_2,x3029510b,x3029510b
center_tapped_transformer,t5355606b,winding_3,x3029510b,x3029510b
center_tapped_transformer,t5321891c,winding_1,l2748126,l2748126
center_tapped_transformer,t5321891c,winding_2,x2748126c,x2748126c
center_tapped_transformer,t5321891c,winding_3,x2748126c,x2748126c
center_tapped_transformer,t21399826a,winding_1,l3216358,l3216358
center_tapped_transformer,t21399826a,winding_2,x3216358a,x3216358a
center_tapped_transformer,t21399826a,winding_3,x3216358a,x3216358a
center_tapped_transformer,t5260458b,winding_1,l2936276,l2936276
center_tapped_transformer,t5260458b,winding_2,x2936276b,x2936276b
center_tapped_transformer,t5260458b,winding_3,x2936276b,x2936276b
center_tapped_transformer,t22112168874c,winding_1,l2729207,l2729207
center_tapped_transformer,t22112168874c,winding_2,x2729207c,x2729207c
center_tapped_transformer,t22112168874c,winding_3,x2729207c,x2729207c
center_tapped_transformer,t5337634c,winding_1,l2897768,l2897768
center_tapped_transformer,t5337634c,winding_2,x2897768c,x2897768c
center_tapped_transformer,t5337634c,winding_3,x2897768c,x2897768c
center_tapped_transformer,t21386065c,winding_1,l2917255,l2917255
center_tapped_transformer,t21386065c,winding_2,x2917255c,x2917255c
center_tapped_transformer,t21386065c,winding_3,x2917255c,x2917255c
center_tapped_transformer,t226192890c,winding_1,l2933120,l2933120
center_tapped_transformer,t226192890c,winding_2,x2933120c,x2933120c
center_tapped_transformer,t226192890c,winding_3,x2933120c,x2933120c
center_tapped_transformer,t225498968b,winding_1,l2684420,l2684420
center_tapped_transformer,t225498968b,winding_2,x2684420b,x2684420b
center_tapped_transformer,t225498968b,winding_3,x2684420b,x2684420b
center_tapped_transformer,t5391986a,winding_1,l2766723,l2766723
center_tapped_transformer,t5391986a,winding_2,x2766723a,x2766723a
center_tapped_transformer,t5391986a,winding_3,x2766723a,x2766723a
center_tapped_transformer,t5138645b,winding_1,l3104120,l3104120
center_tapped_transformer,t5138645b,winding_2,x3104120b,x3104120b
center_tapped_transformer,t5138645b,winding_3,x3104120b,x3104120b
center_tapped_transformer,t5337693b,winding_1,l3066813,l3066813
center_tapped_transformer,t5337693b,winding_2,x3066813b,x3066813b
center_tapped_transformer,t5337693b,winding_3,x3066813b,x3066813b
center_tapped_transformer,t5323236b,winding_1,l2822860,l2822860
center_tapped_transformer,t5323236b,winding_2,x2822860b,x2822860b
center_tapped_transformer,t5323236b,winding_3,x2822860b,x2822860b
center_tapped_transformer,t226197070a,winding_1,l2933135,l2933135
center_tapped_transformer,t226197070a,winding_2,x2933135a,x2933135a
center_tapped_transformer,t226197070a,winding_3,x2933135a,x2933135a
center_tapped_transformer,t2224237384a,winding_1,l3649298,l3649298
center_tapped_transformer,t2224237384a,winding_2,x3649298a,x3649298a
center_tapped_transformer,t2224237384a,winding_3,x3649298a,x3649298a
center_tapped_transformer,t5391755b,winding_1,l3104130,l3104130
center_tapped_transformer,t5391755b,winding_2,x3104130b,x3104130b
center_tapped_transformer,t5391755b,winding_3,x3104130b,x3104130b
center_tapped_transformer,t5338986a,winding_1,l2785538,l2785538
center_tapped_transformer,t5338986a,winding_2,x2785538a,x2785538a
center_tapped_transformer,t5338986a,winding_3,x2785538a,x2785538a
center_tapped_transformer,t5293423b,winding_1,l3122849,l3122849
center_tapped_transformer,t5293423b,winding_2,x3122849b,x3122849b
center_tapped_transformer,t5293423b,winding_3,x3122849b,x3122849b
center_tapped_transformer,t5260475a,winding_1,l2879794,l2879794
center_tapped_transformer,t5260475a,winding_2,x2879794a,x2879794a
center_tapped_transformer,t5260475a,winding_3,x2879794a,x2879794a
center_tapped_transformer,t5338894a,winding_1,l2879069,l2879069
center_tapped_transformer,t5338894a,winding_2,x2879069a,x2879069a
center_tapped_transformer,t5338894a,winding_3,x2879069a,x2879069a
center_tapped_transformer,t5138560a,winding_1,l3104113,l3104113
center_tapped_transformer,t5138560a,winding_2,x3104113a,x3104113a
center_tapped_transformer,t5138560a,winding_3,x3104113a,x3104113a
center_tapped_transformer,t5260473a,winding_1,l2861222,l2861222
center_tapped_transformer,t5260473a,winding_2,x2861222a,x2861222a
center_tapped_transformer,t5260473a,winding_3,x2861222a,x2861222a
center_tapped_transformer,t21197413c,winding_1,l3141411,l3141411
center_tapped_transformer,t21197413c,winding_2,x3141411c,x3141411c
center_tapped_transformer,t21197413c,winding_3,x3141411c,x3141411c
center_tapped_transformer,t5294843a,winding_1,l3178982,l3178982
center_tapped_transformer,t5294843a,winding_2,x3178982a,x3178982a
center_tapped_transformer,t5294843a,winding_3,x3178982a,x3178982a
center_tapped_transformer,t5247036c,winding_1,l3029498,l3029498
center_tapped_transformer,t5247036c,winding_2,x3029498c,x3029498c
center_tapped_transformer,t5247036c,winding_3,x3029498c,x3029498c
center_tapped_transformer,t5355843a,winding_1,l2952013,l2952013
center_tapped_transformer,t5355843a,winding_2,x2952013a,x2952013a
center_tapped_transformer,t5355843a,winding_3,x2952013a,x2952013a
center_tapped_transformer,t5391751b,winding_1,l2860488,l2860488
center_tapped_transformer,t5391751b,winding_2,x2860488b,x2860488b
center_tapped_transformer,t5391751b,winding_3,x2860488b,x2860488b
center_tapped_transformer,t5302812c,winding_1,l2691945,l2691945
center_tapped_transformer,t5302812c,winding_2,x2691945c,x2691945c
center_tapped_transformer,t5302812c,winding_3,x2691945c,x2691945c
center_tapped_transformer,t226308731a,winding_1,l3214549,l3214549
center_tapped_transformer,t226308731a,winding_2,x3214549a,x3214549a
center_tapped_transformer,t226308731a,winding_3,x3214549a,x3214549a
center_tapped_transformer,t21396867a,winding_1,l2710536,l2710536
center_tapped_transformer,t21396867a,winding_2,x2710536a,x2710536a
center_tapped_transformer,t21396867a,winding_3,x2710536a,x2710536a
center_tapped_transformer,t5356811a,winding_1,l2804956,l2804956
center_tapped_transformer,t5356811a,winding_2,x2804956a,x2804956a
center_tapped_transformer,t5356811a,winding_3,x2804956a,x2804956a
center_tapped_transformer,t5302811c,winding_1,l3160105,l3160105
center_tapped_transformer,t5302811c,winding_2,x3160105c,x3160105c
center_tapped_transformer,t5302811c,winding_3,x3160105c,x3160105c
center_tapped_transformer,t5294845a,winding_1,l3010563,l3010563
center_tapped_transformer,t5294845a,winding_2,x3010563a,x3010563a
center_tapped_transformer,t5294845a,winding_3,x3010563a,x3010563a
center_tapped_transformer,t2224237380a,winding_1,l3649297,l3649297
center_tapped_transformer,t2224237380a,winding_2,x3649297a,x3649297a
center_tapped_transformer,t2224237380a,winding_3,x3649297a,x3649297a
center_tapped_transformer,t21386877a,winding_1,l2823611,l2823611
center_tapped_transformer,t21386877a,winding_2,x2823611a,x2823611a
center_tapped_transformer,t21386877a,winding_3,x2823611a,x2823611a
center_tapped_transformer,t5138586c,winding_1,l2860487,l2860487
center_tapped_transformer,t5138586c,winding_2,x2860487c,x2860487c
center_tapped_transformer,t5138586c,winding_3,x2860487c,x2860487c
center_tapped_transformer,t5247122b,winding_1,l3197629,l3197629
center_tapped_transformer,t5247122b,winding_2,x3197629b,x3197629b
center_tapped_transformer,t5247122b,winding_3,x3197629b,x3197629b
center_tapped_transformer,t5323400b,winding_1,l2691943,l2691943
center_tapped_transformer,t5323400b,winding_2,x2691943b,x2691943b
center_tapped_transformer,t5323400b,winding_3,x2691943b,x2691943b
center_tapped_transformer,t21397029a,winding_1,l2673311,l2673311
center_tapped_transformer,t21397029a,winding_2,x2673311a,x2673311a
center_tapped_transformer,t21397029a,winding_3,x2673311a,x2673311a
center_tapped_transformer,t5356791c,winding_1,l2767343,l2767343
center_tapped_transformer,t5356791c,winding_2,x2767343c,x2767343c
center_tapped_transformer,t5356791c,winding_3,x2767343c,x2767343c
center_tapped_transformer,t5337646b,winding_1,l2879063,l2879063
center_tapped_transformer,t5337646b,winding_2,x2879063b,x2879063b
center_tapped_transformer,t5337646b,winding_3,x2879063b,x2879063b
center_tapped_transformer,t5138716c,winding_1,l3254219,l3254219
center_tapped_transformer,t5138716c,winding_2,x3254219c,x3254219c
center_tapped_transformer,t5138716c,winding_3,x3254219c,x3254219c
center_tapped_transformer,t5339004b,winding_1,l3197653,l3197653
center_tapped_transformer,t5339004b,winding_2,x3197653b,x3197653b
center_tapped_transformer,t5339004b,winding_3,x3197653b,x3197653b
center_tapped_transformer,t5355602b,winding_1,l3251806,l3251806
center_tapped_transformer,t5355602b,winding_2,x3251806b,x3251806b
center_tapped_transformer,t5355602b,winding_3,x3251806b,x3251806b
center_tapped_transformer,t5337653b,winding_1,l2673308,l2673308
center_tapped_transformer,t5337653b,winding_2,x2673308b,x2673308b
center_tapped_transformer,t5337653b,winding_3,x2673308b,x2673308b
center_tapped_transformer,t5323233b,winding_1,l3254203,l3254203
center_tapped_transformer,t5323233b,winding_2,x3254203b,x3254203b
center_tapped_transformer,t5323233b,winding_3,x3254203b,x3254203b
center_tapped_transformer,t28120126a,winding_1,l2814529,l2814529
center_tapped_transformer,t28120126a,winding_2,x2814529a,x2814529a
center_tapped_transformer,t28120126a,winding_3,x2814529a,x2814529a
center_tapped_transformer,t28120126b,winding_1,l2814529,l2814529
center_tapped_transformer,t28120126b,winding_2,x2814529b,x2814529b
center_tapped_transformer,t28120126b,winding_3,x2814529b,x2814529b
center_tapped_transformer,t28120126c,winding_1,l2814529,l2814529
center_tapped_transformer,t28120126c,winding_2,x2814529c,x2814529c
center_tapped_transformer,t28120126c,winding_3,x2814529c,x2814529c
center_tapped_transformer,t5223658a,winding_1,l2823592,l2823592
center_tapped_transformer,t5223658a,winding_2,x2823592a,x2823592a
center_tapped_transformer,t5223658a,winding_3,x2823592a,x2823592a
center_tapped_transformer,t5138652c,winding_1,l2766718,l2766718
center_tapped_transformer,t5138652c,winding_2,x2766718c,x2766718c
center_tapped_transformer,t5138652c,winding_3,x2766718c,x2766718c
center_tapped_transformer,t227678342c,winding_1,l2727795,l2727795
center_tapped_transformer,t227678342c,winding_2,x2727795c,x2727795c
center_tapped_transformer,t227678342c,winding_3,x2727795c,x2727795c
center_tapped_transformer,t21249647b,winding_1,l2955055,l2955055
center_tapped_transformer,t21249647b,winding_2,x2955055b,x2955055b
center_tapped_transformer,t21249647b,winding_3,x2955055b,x2955055b
center_tapped_transformer,t5337700b,winding_1,l2766722,l2766722
center_tapped_transformer,t5337700b,winding_2,x2766722b,x2766722b
center_tapped_transformer,t5337700b,winding_3,x2766722b,x2766722b
center_tapped_transformer,t5356790c,winding_1,l2804957,l2804957
center_tapped_transformer,t5356790c,winding_2,x2804957c,x2804957c
center_tapped_transformer,t5356790c,winding_3,x2804957c,x2804957c
center_tapped_transformer,t5302392a,winding_1,l3010570,l3010570
center_tapped_transformer,t5302392a,winding_2,x3010570a,x3010570a
center_tapped_transformer,t5302392a,winding_3,x3010570a,x3010570a
center_tapped_transformer,t2224237391a,winding_1,l3649299,l3649299
center_tapped_transformer,t2224237391a,winding_2,x3649299a,x3649299a
center_tapped_transformer,t2224237391a,winding_3,x3649299a,x3649299a
center_tapped_transformer,t5138470c,winding_1,l2766717,l2766717
center_tapped_transformer,t5138470c,winding_2,x2766717c,x2766717c
center_tapped_transformer,t5138470c,winding_3,x2766717c,x2766717c
center_tapped_transformer,t5260581c,winding_1,l3254870,l3254870
center_tapped_transformer,t5260581c,winding_2,x3254870c,x3254870c
center_tapped_transformer,t5260581c,winding_3,x3254870c,x3254870c
center_tapped_transformer,t226191951b,winding_1,l2801895,l2801895
center_tapped_transformer,t226191951b,winding_2,x2801895b,x2801895b
center_tapped_transformer,t226191951b,winding_3,x2801895b,x2801895b
center_tapped_transformer,t5392037b,winding_1,l2673320,l2673320
center_tapped_transformer,t5392037b,winding_2,x2673320b,x2673320b
center_tapped_transformer,t5392037b,winding_3,x2673320b,x2673320b
center_tapped_transformer,t5138797b,winding_1,l3198358,l3198358
center_tapped_transformer,t5138797b,winding_2,x3198358b,x3198358b
center_tapped_transformer,t5138797b,winding_3,x3198358b,x3198358b
center_tapped_transformer,t5251857c,winding_1,l3064514,l3064514
center_tapped_transformer,t5251857c,winding_2,x3064514c,x3064514c
center_tapped_transformer,t5251857c,winding_3,x3064514c,x3064514c
center_tapped_transformer,t5293644a,winding_1,l2729429,l2729429
center_tapped_transformer,t5293644a,winding_2,x2729429a,x2729429a
center_tapped_transformer,t5293644a,winding_3,x2729429a,x2729429a
center_tapped_transformer,t21396606c,winding_1,l2785525,l2785525
center_tapped_transformer,t21396606c,winding_2,x2785525c,x2785525c
center_tapped_transformer,t21396606c,winding_3,x2785525c,x2785525c
center_tapped_transformer,t21395720c,winding_1,l2860492,l2860492
center_tapped_transformer,t21395720c,winding_2,x2860492c,x2860492c
center_tapped_transformer,t21395720c,winding_3,x2860492c,x2860492c
center_tapped_transformer,t5338897a,winding_1,l2973154,l2973154
center_tapped_transformer,t5338897a,winding_2,x2973154a,x2973154a
center_tapped_transformer,t5338897a,winding_3,x2973154a,x2973154a
center_tapped_transformer,t5355935a,winding_1,l2691973,l2691973
center_tapped_transformer,t5355935a,winding_2,x2691973a,x2691973a
center_tapped_transformer,t5355935a,winding_3,x2691973a,x2691973a
center_tapped_transformer,t5274988c,winding_1,l3085394,l3085394
center_tapped_transformer,t5274988c,winding_2,x3085394c,x3085394c
center_tapped_transformer,t5274988c,winding_3,x3085394c,x3085394c
center_tapped_transformer,t5323282b,winding_1,l2897791,l2897791
center_tapped_transformer,t5323282b,winding_2,x2897791b,x2897791b
center_tapped_transformer,t5323282b,winding_3,x2897791b,x2897791b
center_tapped_transformer,t226109079a,winding_1,l2726983,l2726983
center_tapped_transformer,t226109079a,winding_2,x2726983a,x2726983a
center_tapped_transformer,t226109079a,winding_3,x2726983a,x2726983a
center_tapped_transformer,t5207287b,winding_1,l2711234,l2711234
center_tapped_transformer,t5207287b,winding_2,x2711234b,x2711234b
center_tapped_transformer,t5207287b,winding_3,x2711234b,x2711234b
center_tapped_transformer,t5302510c,winding_1,l3178980,l3178980
center_tapped_transformer,t5302510c,winding_2,x3178980c,x3178980c
center_tapped_transformer,t5302510c,winding_3,x3178980c,x3178980c
center_tapped_transformer,t2224387053a,winding_1,l3728039,l3728039
center_tapped_transformer,t2224387053a,winding_2,x3728039a,x3728039a
center_tapped_transformer,t2224387053a,winding_3,x3728039a,x3728039a
center_tapped_transformer,t5260631a,winding_1,l2786266,l2786266
center_tapped_transformer,t5260631a,winding_2,x2786266a,x2786266a
center_tapped_transformer,t5260631a,winding_3,x2786266a,x2786266a
center_tapped_transformer,t5355618b,winding_1,l2954338,l2954338
center_tapped_transformer,t5355618b,winding_2,x2954338b,x2954338b
center_tapped_transformer,t5355618b,winding_3,x2954338b,x2954338b
center_tapped_transformer,t5260575b,winding_1,l3254869,l3254869
center_tapped_transformer,t5260575b,winding_2,x3254869b,x3254869b
center_tapped_transformer,t5260575b,winding_3,x3254869b,x3254869b
center_tapped_transformer,t5350993c,winding_1,l3198356,l3198356
center_tapped_transformer,t5350993c,winding_2,x3198356c,x3198356c
center_tapped_transformer,t5350993c,winding_3,x3198356c,x3198356c
center_tapped_transformer,t5260481c,winding_1,l2730163,l2730163
center_tapped_transformer,t5260481c,winding_2,x2730163c,x2730163c
center_tapped_transformer,t5260481c,winding_3,x2730163c,x2730163c
center_tapped_transformer,t5260641b,winding_1,l3048965,l3048965
center_tapped_transformer,t5260641b,winding_2,x3048965b,x3048965b
center_tapped_transformer,t5260641b,winding_3,x3048965b,x3048965b
center_tapped_transformer,t5337650a,winding_1,l3010561,l3010561
center_tapped_transformer,t5337650a,winding_2,x3010561a,x3010561a
center_tapped_transformer,t5337650a,winding_3,x3010561a,x3010561a
center_tapped_transformer,t5355780b,winding_1,l3160102,l3160102
center_tapped_transformer,t5355780b,winding_2,x3160102b,x3160102b
center_tapped_transformer,t5355780b,winding_3,x3160102b,x3160102b
center_tapped_transformer,t5275002c,winding_1,l3066806,l3066806
center_tapped_transformer,t5275002c,winding_2,x3066806c,x3066806c
center_tapped_transformer,t5275002c,winding_3,x3066806c,x3066806c
center_tapped_transformer,t21452406b,winding_1,l3216361,l3216361
center_tapped_transformer,t21452406b,winding_2,x3216361b,x3216361b
center_tapped_transformer,t21452406b,winding_3,x3216361b,x3216361b
center_tapped_transformer,t21399326c,winding_1,l2879092,l2879092
center_tapped_transformer,t21399326c,winding_2,x2879092c,x2879092c
center_tapped_transformer,t21399326c,winding_3,x2879092c,x2879092c
center_tapped_transformer,t5338964c,winding_1,l3104117,l3104117
center_tapped_transformer,t5338964c,winding_2,x3104117c,x3104117c
center_tapped_transformer,t5338964c,winding_3,x3104117c,x3104117c
center_tapped_transformer,t28119958b,winding_1,l2935568,l2935568
center_tapped_transformer,t28119958b,winding_2,x2935568b,x2935568b
center_tapped_transformer,t28119958b,winding_3,x2935568b,x2935568b
center_tapped_transformer,t21381118b,winding_1,l2710530,l2710530
center_tapped_transformer,t21381118b,winding_2,x2710530b,x2710530b
center_tapped_transformer,t21381118b,winding_3,x2710530b,x2710530b
center_tapped_transformer,t5337673a,winding_1,l2841618,l2841618
center_tapped_transformer,t5337673a,winding_2,x2841618a,x2841618a
center_tapped_transformer,t5337673a,winding_3,x2841618a,x2841618a
center_tapped_transformer,t2224387138a,winding_1,l3728043,l3728043
center_tapped_transformer,t2224387138a,winding_2,x3728043a,x3728043a
center_tapped_transformer,t2224387138a,winding_3,x3728043a,x3728043a
center_tapped_transformer,t5323243b,winding_1,l2897765,l2897765
center_tapped_transformer,t5323243b,winding_2,x2897765b,x2897765b
center_tapped_transformer,t5323243b,winding_3,x2897765b,x2897765b
center_tapped_transformer,t5138564a,winding_1,l2804283,l2804283
center_tapped_transformer,t5138564a,winding_2,x2804283a,x2804283a
center_tapped_transformer,t5138564a,winding_3,x2804283a,x2804283a
center_tapped_transformer,t223400157c,winding_1,l3150961,l3150961
center_tapped_transformer,t223400157c,winding_2,x3150961c,x3150961c
center_tapped_transformer,t223400157c,winding_3,x3150961c,x3150961c
center_tapped_transformer,t227989724b,winding_1,l2859391,l2859391
center_tapped_transformer,t227989724b,winding_2,x2859391b,x2859391b
center_tapped_transformer,t227989724b,winding_3,x2859391b,x2859391b
center_tapped_transformer,t5355592b,winding_1,l3254206,l3254206
center_tapped_transformer,t5355592b,winding_2,x3254206b,x3254206b
center_tapped_transformer,t5355592b,winding_3,x3254206b,x3254206b
center_tapped_transformer,t5138565a,winding_1,l3104122,l3104122
center_tapped_transformer,t5138565a,winding_2,x3104122a,x3104122a
center_tapped_transformer,t5138565a,winding_3,x3104122a,x3104122a
center_tapped_transformer,t5138720a,winding_1,l3254218,l3254218
center_tapped_transformer,t5138720a,winding_2,x3254218a,x3254218a
center_tapped_transformer,t5138720a,winding_3,x3254218a,x3254218a
center_tapped_transformer,t5338913b,winding_1,l2804255,l2804255
center_tapped_transformer,t5338913b,winding_2,x2804255b,x2804255b
center_tapped_transformer,t5338913b,winding_3,x2804255b,x2804255b
center_tapped_transformer,t21470326a,winding_1,l2766748,l2766748
center_tapped_transformer,t21470326a,winding_2,x2766748a,x2766748a
center_tapped_transformer,t21470326a,winding_3,x2766748a,x2766748a
center_tapped_transformer,t5355600b,winding_1,l2691938,l2691938
center_tapped_transformer,t5355600b,winding_2,x2691938b,x2691938b
center_tapped_transformer,t5355600b,winding_3,x2691938b,x2691938b
center_tapped_transformer,t226308728a,winding_1,l3027671,l3027671
center_tapped_transformer,t226308728a,winding_2,x3027671a,x3027671a
center_tapped_transformer,t226308728a,winding_3,x3027671a,x3027671a
center_tapped_transformer,t5323265b,winding_1,l2860501,l2860501
center_tapped_transformer,t5323265b,winding_2,x2860501b,x2860501b
center_tapped_transformer,t5323265b,winding_3,x2860501b,x2860501b
center_tapped_transformer,t5391750b,winding_1,l2897764,l2897764
center_tapped_transformer,t5391750b,winding_2,x2897764b,x2897764b
center_tapped_transformer,t5391750b,winding_3,x2897764b,x2897764b
center_tapped_transformer,t5260494b,winding_1,l3068944,l3068944
center_tapped_transformer,t5260494b,winding_2,x3068944b,x3068944b
center_tapped_transformer,t5260494b,winding_3,x3068944b,x3068944b
center_tapped_transformer,t5138770a,winding_1,l2897781,l2897781
center_tapped_transformer,t5138770a,winding_2,x2897781a,x2897781a
center_tapped_transformer,t5138770a,winding_3,x2897781a,x2897781a
center_tapped_transformer,t5302637a,winding_1,l2748132,l2748132
center_tapped_transformer,t5302637a,winding_2,x2748132a,x2748132a
center_tapped_transformer,t5302637a,winding_3,x2748132a,x2748132a
center_tapped_transformer,t5302367b,winding_1,l2766727,l2766727
center_tapped_transformer,t5302367b,winding_2,x2766727b,x2766727b
center_tapped_transformer,t5302367b,winding_3,x2766727b,x2766727b
center_tapped_transformer,t5391739b,winding_1,l2954339,l2954339
center_tapped_transformer,t5391739b,winding_2,x2954339b,x2954339b
center_tapped_transformer,t5391739b,winding_3,x2954339b,x2954339b
center_tapped_transformer,t28120855a,winding_1,l2673316,l2673316
center_tapped_transformer,t28120855a,winding_2,x2673316a,x2673316a
center_tapped_transformer,t28120855a,winding_3,x2673316a,x2673316a
center_tapped_transformer,t2224237713a,winding_1,l3649304,l3649304
center_tapped_transformer,t2224237713a,winding_2,x3649304a,x3649304a
center_tapped_transformer,t2224237713a,winding_3,x3649304a,x3649304a
center_tapped_transformer,t5323241b,winding_1,l2710508,l2710508
center_tapped_transformer,t5323241b,winding_2,x2710508b,x2710508b
center_tapped_transformer,t5323241b,winding_3,x2710508b,x2710508b
center_tapped_transformer,t5138679a,winding_1,l2710520,l2710520
center_tapped_transformer,t5138679a,winding_2,x2710520a,x2710520a
center_tapped_transformer,t5138679a,winding_3,x2710520a,x2710520a
center_tapped_transformer,t5302813c,winding_1,l3010567,l3010567
center_tapped_transformer,t5302813c,winding_2,x3010567c,x3010567c
center_tapped_transformer,t5302813c,winding_3,x3010567c,x3010567c
center_tapped_transformer,t226193745b,winding_1,l2876798,l2876798
center_tapped_transformer,t226193745b,winding_2,x2876798b,x2876798b
center_tapped_transformer,t226193745b,winding_3,x2876798b,x2876798b
center_tapped_transformer,t228314460c,winding_1,l3253570,l3253570
center_tapped_transformer,t228314460c,winding_2,x3253570c,x3253570c
center_tapped_transformer,t228314460c,winding_3,x3253570c,x3253570c
center_tapped_transformer,t5391977a,winding_1,l3216350,l3216350
center_tapped_transformer,t5391977a,winding_2,x3216350a,x3216350a
center_tapped_transformer,t5391977a,winding_3,x3216350a,x3216350a
center_tapped_transformer,t5321854b,winding_1,l2804257,l2804257
center_tapped_transformer,t5321854b,winding_2,x2804257b,x2804257b
center_tapped_transformer,t5321854b,winding_3,x2804257b,x2804257b
center_tapped_transformer,t5356789c,winding_1,l3048937,l3048937
center_tapped_transformer,t5356789c,winding_2,x3048937c,x3048937c
center_tapped_transformer,t5356789c,winding_3,x3048937c,x3048937c
center_tapped_transformer,t5338973a,winding_1,l2748157,l2748157
center_tapped_transformer,t5338973a,winding_2,x2748157a,x2748157a
center_tapped_transformer,t5338973a,winding_3,x2748157a,x2748157a
center_tapped_transformer,t226193838c,winding_1,l3008237,l3008237
center_tapped_transformer,t226193838c,winding_2,x3008237c,x3008237c
center_tapped_transformer,t226193838c,winding_3,x3008237c,x3008237c
center_tapped_transformer,t5293652a,winding_1,l3235258,l3235258
center_tapped_transformer,t5293652a,winding_2,x3235258a,x3235258a
center_tapped_transformer,t5293652a,winding_3,x3235258a,x3235258a
center_tapped_transformer,t5293652b,winding_1,l3235258,l3235258
center_tapped_transformer,t5293652b,winding_2,x3235258b,x3235258b
center_tapped_transformer,t5293652b,winding_3,x3235258b,x3235258b
center_tapped_transformer,t5293652c,winding_1,l3235258,l3235258
center_tapped_transformer,t5293652c,winding_2,x3235258c,x3235258c
center_tapped_transformer,t5293652c,winding_3,x3235258c,x3235258c
center_tapped_transformer,t5338978c,winding_1,l2766738,l2766738
center_tapped_transformer,t5338978c,winding_2,x2766738c,x2766738c
center_tapped_transformer,t5338978c,winding_3,x2766738c,x2766738c
center_tapped_transformer,t5337703b,winding_1,l2691948,l2691948
center_tapped_transformer,t5337703b,winding_2,x2691948b,x2691948b
center_tapped_transformer,t5337703b,winding_3,x2691948b,x2691948b
center_tapped_transformer,t21393570c,winding_1,l2674052,l2674052
center_tapped_transformer,t21393570c,winding_2,x2674052c,x2674052c
center_tapped_transformer,t21393570c,winding_3,x2674052c,x2674052c
center_tapped_transformer,t0107693b,winding_1,l3160868,l3160868
center_tapped_transformer,t0107693b,winding_2,x3160868b,x3160868b
center_tapped_transformer,t0107693b,winding_3,x3160868b,x3160868b
center_tapped_transformer,t28128464c,winding_1,l3048889,l3048889
center_tapped_transformer,t28128464c,winding_2,x3048889c,x3048889c
center_tapped_transformer,t28128464c,winding_3,x3048889c,x3048889c
center_tapped_transformer,t5260572c,winding_1,l3236004,l3236004
center_tapped_transformer,t5260572c,winding_2,x3236004c,x3236004c
center_tapped_transformer,t5260572c,winding_3,x3236004c,x3236004c
center_tapped_transformer,t5293519b,winding_1,l3235255,l3235255
center_tapped_transformer,t5293519b,winding_2,x3235255b,x3235255b
center_tapped_transformer,t5293519b,winding_3,x3235255b,x3235255b
center_tapped_transformer,t21386157a,winding_1,l3067447,l3067447
center_tapped_transformer,t21386157a,winding_2,x3067447a,x3067447a
center_tapped_transformer,t21386157a,winding_3,x3067447a,x3067447a
center_tapped_transformer,t226163575b,winding_1,l2989432,l2989432
center_tapped_transformer,t226163575b,winding_2,x2989432b,x2989432b
center_tapped_transformer,t226163575b,winding_3,x2989432b,x2989432b
center_tapped_transformer,t5302514a,winding_1,l2973164,l2973164
center_tapped_transformer,t5302514a,winding_2,x2973164a,x2973164a
center_tapped_transformer,t5302514a,winding_3,x2973164a,x2973164a
center_tapped_transformer,t5138343c,winding_1,l3010565,l3010565
center_tapped_transformer,t5138343c,winding_2,x3010565c,x3010565c
center_tapped_transformer,t5138343c,winding_3,x3010565c,x3010565c
center_tapped_transformer,t226192762b,winding_1,l2689678,l2689678
center_tapped_transformer,t226192762b,winding_2,x2689678b,x2689678b
center_tapped_transformer,t226192762b,winding_3,x2689678b,x2689678b
center_tapped_transformer,t5157717b,winding_1,l2748840,l2748840
center_tapped_transformer,t5157717b,winding_2,x2748840b,x2748840b
center_tapped_transformer,t5157717b,winding_3,x2748840b,x2748840b
center_tapped_transformer,t5260602b,winding_1,l2989566,l2989566
center_tapped_transformer,t5260602b,winding_2,x2989566b,x2989566b
center_tapped_transformer,t5260602b,winding_3,x2989566b,x2989566b
center_tapped_transformer,t5138416c,winding_1,l3141388,l3141388
center_tapped_transformer,t5138416c,winding_2,x3141388c,x3141388c
center_tapped_transformer,t5138416c,winding_3,x3141388c,x3141388c
center_tapped_transformer,t21397771a,winding_1,l2673317,l2673317
center_tapped_transformer,t21397771a,winding_2,x2673317a,x2673317a
center_tapped_transformer,t21397771a,winding_3,x2673317a,x2673317a
center_tapped_transformer,t21399171c,winding_1,l2822870,l2822870
center_tapped_transformer,t21399171c,winding_2,x2822870c,x2822870c
center_tapped_transformer,t21399171c,winding_3,x2822870c,x2822870c
center_tapped_transformer,t226191779c,winding_1,l2745799,l2745799
center_tapped_transformer,t226191779c,winding_2,x2745799c,x2745799c
center_tapped_transformer,t226191779c,winding_3,x2745799c,x2745799c
center_tapped_transformer,t5207291c,winding_1,l2786274,l2786274
center_tapped_transformer,t5207291c,winding_2,x2786274c,x2786274c
center_tapped_transformer,t5207291c,winding_3,x2786274c,x2786274c
center_tapped_transformer,t5302679a,winding_1,l2897772,l2897772
center_tapped_transformer,t5302679a,winding_2,x2897772a,x2897772a
center_tapped_transformer,t5302679a,winding_3,x2897772a,x2897772a
center_tapped_transformer,t5441854c,winding_1,l2935566,l2935566
center_tapped_transformer,t5441854c,winding_2,x2935566c,x2935566c
center_tapped_transformer,t5441854c,winding_3,x2935566c,x2935566c
center_tapped_transformer,t228532641a,winding_1,l3091052,l3091052
center_tapped_transformer,t228532641a,winding_2,x3091052a,x3091052a
center_tapped_transformer,t228532641a,winding_3,x3091052a,x3091052a
center_tapped_transformer,t5138776c,winding_1,l3010566,l3010566
center_tapped_transformer,t5138776c,winding_2,x3010566c,x3010566c
center_tapped_transformer,t5138776c,winding_3,x3010566c,x3010566c
center_tapped_transformer,t5302410a,winding_1,l3104131,l3104131
center_tapped_transformer,t5302410a,winding_2,x3104131a,x3104131a
center_tapped_transformer,t5302410a,winding_3,x3104131a,x3104131a
center_tapped_transformer,t5356010a,winding_1,l3216336,l3216336
center_tapped_transformer,t5356010a,winding_2,x3216336a,x3216336a
center_tapped_transformer,t5356010a,winding_3,x3216336a,x3216336a
center_tapped_transformer,t226192994a,winding_1,l2858166,l2858166
center_tapped_transformer,t226192994a,winding_2,x2858166a,x2858166a
center_tapped_transformer,t226192994a,winding_3,x2858166a,x2858166a
center_tapped_transformer,t5337629c,winding_1,l2748128,l2748128
center_tapped_transformer,t5337629c,winding_2,x2748128c,x2748128c
center_tapped_transformer,t5337629c,winding_3,x2748128c,x2748128c
center_tapped_transformer,t5338967c,winding_1,l2673318,l2673318
center_tapped_transformer,t5338967c,winding_2,x2673318c,x2673318c
center_tapped_transformer,t5338967c,winding_3,x2673318c,x2673318c
center_tapped_transformer,t21397304a,winding_1,l2973169,l2973169
center_tapped_transformer,t21397304a,winding_2,x2973169a,x2973169a
center_tapped_transformer,t21397304a,winding_3,x2973169a,x2973169a
center_tapped_transformer,t5310570a,winding_1,l3160106,l3160106
center_tapped_transformer,t5310570a,winding_2,x3160106a,x3160106a
center_tapped_transformer,t5310570a,winding_3,x3160106a,x3160106a
center_tapped_transformer,t5260637c,winding_1,l2842384,l2842384
center_tapped_transformer,t5260637c,winding_2,x2842384c,x2842384c
center_tapped_transformer,t5260637c,winding_3,x2842384c,x2842384c
center_tapped_transformer,t5260577c,winding_1,l2767341,l2767341
center_tapped_transformer,t5260577c,winding_2,x2767341c,x2767341c
center_tapped_transformer,t5260577c,winding_3,x2767341c,x2767341c
center_tapped_transformer,t5293658c,winding_1,l3189188,l3189188
center_tapped_transformer,t5293658c,winding_2,x3189188c,x3189188c
center_tapped_transformer,t5293658c,winding_3,x3189188c,x3189188c
center_tapped_transformer,t21482279a,winding_1,l2710544,l2710544
center_tapped_transformer,t21482279a,winding_2,x2710544a,x2710544a
center_tapped_transformer,t21482279a,winding_3,x2710544a,x2710544a
center_tapped_transformer,t21015706a,winding_1,l3160123,l3160123
center_tapped_transformer,t21015706a,winding_2,x3160123a,x3160123a
center_tapped_transformer,t21015706a,winding_3,x3160123a,x3160123a
center_tapped_transformer,t5355607b,winding_1,l2991927,l2991927
center_tapped_transformer,t5355607b,winding_2,x2991927b,x2991927b
center_tapped_transformer,t5355607b,winding_3,x2991927b,x2991927b
center_tapped_transformer,t21483138a,winding_1,l3122847,l3122847
center_tapped_transformer,t21483138a,winding_2,x3122847a,x3122847a
center_tapped_transformer,t21483138a,winding_3,x3122847a,x3122847a
center_tapped_transformer,t226192492b,winding_1,l3008232,l3008232
center_tapped_transformer,t226192492b,winding_2,x3008232b,x3008232b
center_tapped_transformer,t226192492b,winding_3,x3008232b,x3008232b
center_tapped_transformer,t5260591b,winding_1,l3179607,l3179607
center_tapped_transformer,t5260591b,winding_2,x3179607b,x3179607b
center_tapped_transformer,t5260591b,winding_3,x3179607b,x3179607b
center_tapped_transformer,t5293486c,winding_1,l2673346,l2673346
center_tapped_transformer,t5293486c,winding_2,x2673346c,x2673346c
center_tapped_transformer,t5293486c,winding_3,x2673346c,x2673346c
center_tapped_transformer,t5337690b,winding_1,l3104127,l3104127
center_tapped_transformer,t5337690b,winding_2,x3104127b,x3104127b
center_tapped_transformer,t5337690b,winding_3,x3104127b,x3104127b
center_tapped_transformer,t5356805a,winding_1,l3195321,l3195321
center_tapped_transformer,t5356805a,winding_2,x3195321a,x3195321a
center_tapped_transformer,t5356805a,winding_3,x3195321a,x3195321a
center_tapped_transformer,t5338963c,winding_1,l2673303,l2673303
center_tapped_transformer,t5338963c,winding_2,x2673303c,x2673303c
center_tapped_transformer,t5338963c,winding_3,x2673303c,x2673303c
center_tapped_transformer,t5294789a,winding_1,l2895461,l2895461
center_tapped_transformer,t5294789a,winding_2,x2895461a,x2895461a
center_tapped_transformer,t5294789a,winding_3,x2895461a,x2895461a
center_tapped_transformer,t226192684a,winding_1,l3027116,l3027116
center_tapped_transformer,t226192684a,winding_2,x3027116a,x3027116a
center_tapped_transformer,t226192684a,winding_3,x3027116a,x3027116a
center_tapped_transformer,t21475841a,winding_1,l2992657,l2992657
center_tapped_transformer,t21475841a,winding_2,x2992657a,x2992657a
center_tapped_transformer,t21475841a,winding_3,x2992657a,x2992657a
center_tapped_transformer,t5337642c,winding_1,l3104154,l3104154
center_tapped_transformer,t5337642c,winding_2,x3104154c,x3104154c
center_tapped_transformer,t5337642c,winding_3,x3104154c,x3104154c
center_tapped_transformer,t21451973b,winding_1,l3010580,l3010580
center_tapped_transformer,t21451973b,winding_2,x3010580b,x3010580b
center_tapped_transformer,t21451973b,winding_3,x3010580b,x3010580b
center_tapped_transformer,t2224386863a,winding_1,l3727710,l3727710
center_tapped_transformer,t2224386863a,winding_2,x3727710a,x3727710a
center_tapped_transformer,t2224386863a,winding_3,x3727710a,x3727710a
center_tapped_transformer,t5351021c,winding_1,l2692664,l2692664
center_tapped_transformer,t5351021c,winding_2,x2692664c,x2692664c
center_tapped_transformer,t5351021c,winding_3,x2692664c,x2692664c
center_tapped_transformer,t21384099a,winding_1,l3215385,l3215385
center_tapped_transformer,t21384099a,winding_2,x3215385a,x3215385a
center_tapped_transformer,t21384099a,winding_3,x3215385a,x3215385a
center_tapped_transformer,t21384099b,winding_1,l3215385,l3215385
center_tapped_transformer,t21384099b,winding_2,x3215385b,x3215385b
center_tapped_transformer,t21384099b,winding_3,x3215385b,x3215385b
center_tapped_transformer,t21384099c,winding_1,l3215385,l3215385
center_tapped_transformer,t21384099c,winding_2,x3215385c,x3215385c
center_tapped_transformer,t21384099c,winding_3,x3215385c,x3215385c
center_tapped_transformer,t21397645a,winding_1,l2860493,l2860493
center_tapped_transformer,t21397645a,winding_2,x2860493a,x2860493a
center_tapped_transformer,t21397645a,winding_3,x2860493a,x2860493a
center_tapped_transformer,t227896008c,winding_1,l3177881,l3177881
center_tapped_transformer,t227896008c,winding_2,x3177881c,x3177881c
center_tapped_transformer,t227896008c,winding_3,x3177881c,x3177881c
center_tapped_transformer,t2224386842a,winding_1,l3727709,l3727709
center_tapped_transformer,t2224386842a,winding_2,x3727709a,x3727709a
center_tapped_transformer,t2224386842a,winding_3,x3727709a,x3727709a
center_tapped_transformer,t5138752b,winding_1,l2785528,l2785528
center_tapped_transformer,t5138752b,winding_2,x2785528b,x2785528b
center_tapped_transformer,t5138752b,winding_3,x2785528b,x2785528b
center_tapped_transformer,t5339012b,winding_1,l2973171,l2973171
center_tapped_transformer,t5339012b,winding_2,x2973171b,x2973171b
center_tapped_transformer,t5339012b,winding_3,x2973171b,x2973171b
center_tapped_transformer,t5138412c,winding_1,l2785523,l2785523
center_tapped_transformer,t5138412c,winding_2,x2785523c,x2785523c
center_tapped_transformer,t5138412c,winding_3,x2785523c,x2785523c
center_tapped_transformer,t2224237546a,winding_1,l3649300,l3649300
center_tapped_transformer,t2224237546a,winding_2,x3649300a,x3649300a
center_tapped_transformer,t2224237546a,winding_3,x3649300a,x3649300a
center_tapped_transformer,t5302861c,winding_1,l2748133,l2748133
center_tapped_transformer,t5302861c,winding_2,x2748133c,x2748133c
center_tapped_transformer,t5302861c,winding_3,x2748133c,x2748133c
center_tapped_transformer,t21399630a,winding_1,l3233353,l3233353
center_tapped_transformer,t21399630a,winding_2,x3233353a,x3233353a
center_tapped_transformer,t21399630a,winding_3,x3233353a,x3233353a
center_tapped_transformer,t5337705b,winding_1,l2785547,l2785547
center_tapped_transformer,t5337705b,winding_2,x2785547b,x2785547b
center_tapped_transformer,t5337705b,winding_3,x2785547b,x2785547b
center_tapped_transformer,t5323277b,winding_1,l2897800,l2897800
center_tapped_transformer,t5323277b,winding_2,x2897800b,x2897800b
center_tapped_transformer,t5323277b,winding_3,x2897800b,x2897800b
center_tapped_transformer,t5337652b,winding_1,l2991939,l2991939
center_tapped_transformer,t5337652b,winding_2,x2991939b,x2991939b
center_tapped_transformer,t5337652b,winding_3,x2991939b,x2991939b
center_tapped_transformer,t225571845b,winding_1,l2948732,l2948732
center_tapped_transformer,t225571845b,winding_2,x2948732b,x2948732b
center_tapped_transformer,t225571845b,winding_3,x2948732b,x2948732b
center_tapped_transformer,t5247162b,winding_1,l0247162,l0247162
center_tapped_transformer,t5247162b,winding_2,x0247162b,x0247162b
center_tapped_transformer,t5247162b,winding_3,x0247162b,x0247162b
center_tapped_transformer,t5247126b,winding_1,l2879065,l2879065
center_tapped_transformer,t5247126b,winding_2,x2879065b,x2879065b
center_tapped_transformer,t5247126b,winding_3,x2879065b,x2879065b
center_tapped_transformer,t5138561a,winding_1,l3104121,l3104121
center_tapped_transformer,t5138561a,winding_2,x3104121a,x3104121a
center_tapped_transformer,t5138561a,winding_3,x3104121a,x3104121a
center_tapped_transformer,t5293425a,winding_1,l2763153,l2763153
center_tapped_transformer,t5293425a,winding_2,x2763153a,x2763153a
center_tapped_transformer,t5293425a,winding_3,x2763153a,x2763153a
center_tapped_transformer,t5294786c,winding_1,l2766724,l2766724
center_tapped_transformer,t5294786c,winding_2,x2766724c,x2766724c
center_tapped_transformer,t5294786c,winding_3,x2766724c,x2766724c
center_tapped_transformer,t5260491c,winding_1,l2805031,l2805031
center_tapped_transformer,t5260491c,winding_2,x2805031c,x2805031c
center_tapped_transformer,t5260491c,winding_3,x2805031c,x2805031c
center_tapped_transformer,t5275248b,winding_1,l2805036,l2805036
center_tapped_transformer,t5275248b,winding_2,x2805036b,x2805036b
center_tapped_transformer,t5275248b,winding_3,x2805036b,x2805036b
center_tapped_transformer,t5339044c,winding_1,l3197625,l3197625
center_tapped_transformer,t5339044c,winding_2,x3197625c,x3197625c
center_tapped_transformer,t5339044c,winding_3,x3197625c,x3197625c
center_tapped_transformer,t5356810c,winding_1,l3142049,l3142049
center_tapped_transformer,t5356810c,winding_2,x3142049c,x3142049c
center_tapped_transformer,t5356810c,winding_3,x3142049c,x3142049c
center_tapped_transformer,t2223703238c,winding_1,l3342743,l3342743
center_tapped_transformer,t2223703238c,winding_2,x3342743c,x3342743c
center_tapped_transformer,t2223703238c,winding_3,x3342743c,x3342743c
center_tapped_transformer,t28044328c,winding_1,l2785524,l2785524
center_tapped_transformer,t28044328c,winding_2,x2785524c,x2785524c
center_tapped_transformer,t28044328c,winding_3,x2785524c,x2785524c
center_tapped_transformer,t5293665c,winding_1,l2973166,l2973166
center_tapped_transformer,t5293665c,winding_2,x2973166c,x2973166c
center_tapped_transformer,t5293665c,winding_3,x2973166c,x2973166c
center_tapped_transformer,t225533675b,winding_1,l3225319,l3225319
center_tapped_transformer,t225533675b,winding_2,x3225319b,x3225319b
center_tapped_transformer,t225533675b,winding_3,x3225319b,x3225319b
center_tapped_transformer,t226191850a,winding_1,l3270814,l3270814
center_tapped_transformer,t226191850a,winding_2,x3270814a,x3270814a
center_tapped_transformer,t226191850a,winding_3,x3270814a,x3270814a
center_tapped_transformer,t5338899c,winding_1,l3122814,l3122814
center_tapped_transformer,t5338899c,winding_2,x3122814c,x3122814c
center_tapped_transformer,t5338899c,winding_3,x3122814c,x3122814c
center_tapped_transformer,t5337628c,winding_1,l2897770,l2897770
center_tapped_transformer,t5337628c,winding_2,x2897770c,x2897770c
center_tapped_transformer,t5337628c,winding_3,x2897770c,x2897770c
center_tapped_transformer,t5355767b,winding_1,l3197634,l3197634
center_tapped_transformer,t5355767b,winding_2,x3197634b,x3197634b
center_tapped_transformer,t5355767b,winding_3,x3197634b,x3197634b
center_tapped_transformer,t0107636a,winding_1,l3030204,l3030204
center_tapped_transformer,t0107636a,winding_2,x3030204a,x3030204a
center_tapped_transformer,t0107636a,winding_3,x3030204a,x3030204a
center_tapped_transformer,t226308729b,winding_1,l3102286,l3102286
center_tapped_transformer,t226308729b,winding_2,x3102286b,x3102286b
center_tapped_transformer,t226308729b,winding_3,x3102286b,x3102286b
center_tapped_transformer,t226195333c,winding_1,l2801909,l2801909
center_tapped_transformer,t226195333c,winding_2,x2801909c,x2801909c
center_tapped_transformer,t226195333c,winding_3,x2801909c,x2801909c
center_tapped_transformer,t5337669a,winding_1,l3122811,l3122811
center_tapped_transformer,t5337669a,winding_2,x3122811a,x3122811a
center_tapped_transformer,t5337669a,winding_3,x3122811a,x3122811a
center_tapped_transformer,t5338942a,winding_1,l2822869,l2822869
center_tapped_transformer,t5338942a,winding_2,x2822869a,x2822869a
center_tapped_transformer,t5338942a,winding_3,x2822869a,x2822869a
center_tapped_transformer,t21474556a,winding_1,l3086098,l3086098
center_tapped_transformer,t21474556a,winding_2,x3086098a,x3086098a
center_tapped_transformer,t21474556a,winding_3,x3086098a,x3086098a
center_tapped_transformer,t225897846a,winding_1,l3120504,l3120504
center_tapped_transformer,t225897846a,winding_2,x3120504a,x3120504a
center_tapped_transformer,t225897846a,winding_3,x3120504a,x3120504a
center_tapped_transformer,t2224386889a,winding_1,l3727712,l3727712
center_tapped_transformer,t2224386889a,winding_2,x3727712a,x3727712a
center_tapped_transformer,t2224386889a,winding_3,x3727712a,x3727712a
center_tapped_transformer,t5294842a,winding_1,l3101789,l3101789
center_tapped_transformer,t5294842a,winding_2,x3101789a,x3101789a
center_tapped_transformer,t5294842a,winding_3,x3101789a,x3101789a
center_tapped_transformer,t5138647c,winding_1,l3254210,l3254210
center_tapped_transformer,t5138647c,winding_2,x3254210c,x3254210c
center_tapped_transformer,t5138647c,winding_3,x3254210c,x3254210c
center_tapped_transformer,t5260464a,winding_1,l2730187,l2730187
center_tapped_transformer,t5260464a,winding_2,x2730187a,x2730187a
center_tapped_transformer,t5260464a,winding_3,x2730187a,x2730187a
center_tapped_transformer,t5337648b,winding_1,l3216367,l3216367
center_tapped_transformer,t5337648b,winding_2,x3216367b,x3216367b
center_tapped_transformer,t5337648b,winding_3,x3216367b,x3216367b
center_tapped_transformer,t5275000c,winding_1,l2710509,l2710509
center_tapped_transformer,t5275000c,winding_2,x2710509c,x2710509c
center_tapped_transformer,t5275000c,winding_3,x2710509c,x2710509c
center_tapped_transformer,t5337674a,winding_1,l3066805,l3066805
center_tapped_transformer,t5337674a,winding_2,x3066805a,x3066805a
center_tapped_transformer,t5337674a,winding_3,x3066805a,x3066805a
center_tapped_transformer,t5338932c,winding_1,l3197661,l3197661
center_tapped_transformer,t5338932c,winding_2,x3197661c,x3197661c
center_tapped_transformer,t5338932c,winding_3,x3197661c,x3197661c
center_tapped_transformer,t5356793c,winding_1,l3179608,l3179608
center_tapped_transformer,t5356793c,winding_2,x3179608c,x3179608c
center_tapped_transformer,t5356793c,winding_3,x3179608c,x3179608c
center_tapped_transformer,t228549643a,winding_1,l2916234,l2916234
center_tapped_transformer,t228549643a,winding_2,x2916234a,x2916234a
center_tapped_transformer,t228549643a,winding_3,x2916234a,x2916234a
center_tapped_transformer,t5302471a,winding_1,l3085402,l3085402
center_tapped_transformer,t5302471a,winding_2,x3085402a,x3085402a
center_tapped_transformer,t5302471a,winding_3,x3085402a,x3085402a
center_tapped_transformer,t225897943c,winding_1,l2875754,l2875754
center_tapped_transformer,t225897943c,winding_2,x2875754c,x2875754c
center_tapped_transformer,t225897943c,winding_3,x2875754c,x2875754c
center_tapped_transformer,t5355590b,winding_1,l2860478,l2860478
center_tapped_transformer,t5355590b,winding_2,x2860478b,x2860478b
center_tapped_transformer,t5355590b,winding_3,x2860478b,x2860478b
center_tapped_transformer,t5247164b,winding_1,l2766732,l2766732
center_tapped_transformer,t5247164b,winding_2,x2766732b,x2766732b
center_tapped_transformer,t5247164b,winding_3,x2766732b,x2766732b
center_tapped_transformer,t5207288b,winding_1,l3198355,l3198355
center_tapped_transformer,t5207288b,winding_2,x3198355b,x3198355b
center_tapped_transformer,t5207288b,winding_3,x3198355b,x3198355b
center_tapped_transformer,t227895952a,winding_1,l3065665,l3065665
center_tapped_transformer,t227895952a,winding_2,x3065665a,x3065665a
center_tapped_transformer,t227895952a,winding_3,x3065665a,x3065665a
center_tapped_transformer,t21148701b,winding_1,l2897771,l2897771
center_tapped_transformer,t21148701b,winding_2,x2897771b,x2897771b
center_tapped_transformer,t21148701b,winding_3,x2897771b,x2897771b
center_tapped_transformer,t5138294b,winding_1,l2785516,l2785516
center_tapped_transformer,t5138294b,winding_2,x2785516b,x2785516b
center_tapped_transformer,t5138294b,winding_3,x2785516b,x2785516b
center_tapped_transformer,t22112168866c,winding_1,l2729206,l2729206
center_tapped_transformer,t22112168866c,winding_2,x2729206c,x2729206c
center_tapped_transformer,t22112168866c,winding_3,x2729206c,x2729206c
center_tapped_transformer,t226192185a,winding_1,l3195310,l3195310
center_tapped_transformer,t226192185a,winding_2,x3195310a,x3195310a
center_tapped_transformer,t226192185a,winding_3,x3195310a,x3195310a
center_tapped_transformer,t21458756c,winding_1,l3232301,l3232301
center_tapped_transformer,t21458756c,winding_2,x3232301c,x3232301c
center_tapped_transformer,t21458756c,winding_3,x3232301c,x3232301c
center_tapped_transformer,t5260624c,winding_1,l3048946,l3048946
center_tapped_transformer,t5260624c,winding_2,x3048946c,x3048946c
center_tapped_transformer,t5260624c,winding_3,x3048946c,x3048946c
center_tapped_transformer,t5251867c,winding_1,l2861157,l2861157
center_tapped_transformer,t5251867c,winding_2,x2861157c,x2861157c
center_tapped_transformer,t5251867c,winding_3,x2861157c,x2861157c
center_tapped_transformer,t228580047b,winding_1,l3029183,l3029183
center_tapped_transformer,t228580047b,winding_2,x3029183b,x3029183b
center_tapped_transformer,t228580047b,winding_3,x3029183b,x3029183b
center_tapped_transformer,t5138684a,winding_1,l3085396,l3085396
center_tapped_transformer,t5138684a,winding_2,x3085396a,x3085396a
center_tapped_transformer,t5138684a,winding_3,x3085396a,x3085396a
center_tapped_transformer,t5138570a,winding_1,l2748146,l2748146
center_tapped_transformer,t5138570a,winding_2,x2748146a,x2748146a
center_tapped_transformer,t5138570a,winding_3,x2748146a,x2748146a
center_tapped_transformer,t21399361b,winding_1,l2691954,l2691954
center_tapped_transformer,t21399361b,winding_2,x2691954b,x2691954b
center_tapped_transformer,t21399361b,winding_3,x2691954b,x2691954b
center_tapped_transformer,t226193134c,winding_1,l2895449,l2895449
center_tapped_transformer,t226193134c,winding_2,x2895449c,x2895449c
center_tapped_transformer,t226193134c,winding_3,x2895449c,x2895449c
center_tapped_transformer,t5138258c,winding_1,l2991911,l2991911
center_tapped_transformer,t5138258c,winding_2,x2991911c,x2991911c
center_tapped_transformer,t5138258c,winding_3,x2991911c,x2991911c
center_tapped_transformer,t5293609c,winding_1,l2785515,l2785515
center_tapped_transformer,t5293609c,winding_2,x2785515c,x2785515c
center_tapped_transformer,t5293609c,winding_3,x2785515c,x2785515c
center_tapped_transformer,t5355938a,winding_1,l2804262,l2804262
center_tapped_transformer,t5355938a,winding_2,x2804262a,x2804262a
center_tapped_transformer,t5355938a,winding_3,x2804262a,x2804262a
center_tapped_transformer,t5247160b,winding_1,l0247160,l0247160
center_tapped_transformer,t5247160b,winding_2,x0247160b,x0247160b
center_tapped_transformer,t5247160b,winding_3,x0247160b,x0247160b
center_tapped_transformer,t5338975a,winding_1,l2785537,l2785537
center_tapped_transformer,t5338975a,winding_2,x2785537a,x2785537a
center_tapped_transformer,t5338975a,winding_3,x2785537a,x2785537a
center_tapped_transformer,t5302860c,winding_1,l3122819,l3122819
center_tapped_transformer,t5302860c,winding_2,x3122819c,x3122819c
center_tapped_transformer,t5302860c,winding_3,x3122819c,x3122819c
center_tapped_transformer,t5355598b,winding_1,l2804245,l2804245
center_tapped_transformer,t5355598b,winding_2,x2804245b,x2804245b
center_tapped_transformer,t5355598b,winding_3,x2804245b,x2804245b
center_tapped_transformer,t5323254b,winding_1,l2879068,l2879068
center_tapped_transformer,t5323254b,winding_2,x2879068b,x2879068b
center_tapped_transformer,t5323254b,winding_3,x2879068b,x2879068b
center_tapped_transformer,t21391242b,winding_1,l2767409,l2767409
center_tapped_transformer,t21391242b,winding_2,x2767409b,x2767409b
center_tapped_transformer,t21391242b,winding_3,x2767409b,x2767409b
center_tapped_transformer,t225533162a,winding_1,l2685809,l2685809
center_tapped_transformer,t225533162a,winding_2,x2685809a,x2685809a
center_tapped_transformer,t225533162a,winding_3,x2685809a,x2685809a
center_tapped_transformer,t5138585c,winding_1,l3197637,l3197637
center_tapped_transformer,t5138585c,winding_2,x3197637c,x3197637c
center_tapped_transformer,t5138585c,winding_3,x3197637c,x3197637c
center_tapped_transformer,t5138751b,winding_1,l3066818,l3066818
center_tapped_transformer,t5138751b,winding_2,x3066818b,x3066818b
center_tapped_transformer,t5138751b,winding_3,x3066818b,x3066818b
center_tapped_transformer,t225906836c,winding_1,l2763407,l2763407
center_tapped_transformer,t225906836c,winding_2,x2763407c,x2763407c
center_tapped_transformer,t225906836c,winding_3,x2763407c,x2763407c
center_tapped_transformer,t5260527b,winding_1,l2711226,l2711226
center_tapped_transformer,t5260527b,winding_2,x2711226b,x2711226b
center_tapped_transformer,t5260527b,winding_3,x2711226b,x2711226b
center_tapped_transformer,t5338947b,winding_1,l3160109,l3160109
center_tapped_transformer,t5338947b,winding_2,x3160109b,x3160109b
center_tapped_transformer,t5338947b,winding_3,x3160109b,x3160109b
center_tapped_transformer,t5321839a,winding_1,l2710516,l2710516
center_tapped_transformer,t5321839a,winding_2,x2710516a,x2710516a
center_tapped_transformer,t5321839a,winding_3,x2710516a,x2710516a
center_tapped_transformer,t5293591a,winding_1,l3197641,l3197641
center_tapped_transformer,t5293591a,winding_2,x3197641a,x3197641a
center_tapped_transformer,t5293591a,winding_3,x3197641a,x3197641a
center_tapped_transformer,t5302805c,winding_1,l2954351,l2954351
center_tapped_transformer,t5302805c,winding_2,x2954351c,x2954351c
center_tapped_transformer,t5302805c,winding_3,x2954351c,x2954351c
center_tapped_transformer,t5338993b,winding_1,l2804272,l2804272
center_tapped_transformer,t5338993b,winding_2,x2804272b,x2804272b
center_tapped_transformer,t5338993b,winding_3,x2804272b,x2804272b
center_tapped_transformer,t5138566a,winding_1,l2785519,l2785519
center_tapped_transformer,t5138566a,winding_2,x2785519a,x2785519a
center_tapped_transformer,t5138566a,winding_3,x2785519a,x2785519a
center_tapped_transformer,t5356797c,winding_1,l2955006,l2955006
center_tapped_transformer,t5356797c,winding_2,x2955006c,x2955006c
center_tapped_transformer,t5356797c,winding_3,x2955006c,x2955006c
center_tapped_transformer,t5338924c,winding_1,l3104123,l3104123
center_tapped_transformer,t5338924c,winding_2,x3104123c,x3104123c
center_tapped_transformer,t5338924c,winding_3,x3104123c,x3104123c
center_tapped_transformer,t5293655a,winding_1,l2729414,l2729414
center_tapped_transformer,t5293655a,winding_2,x2729414a,x2729414a
center_tapped_transformer,t5293655a,winding_3,x2729414a,x2729414a
center_tapped_transformer,t5293655b,winding_1,l2729414,l2729414
center_tapped_transformer,t5293655b,winding_2,x2729414b,x2729414b
center_tapped_transformer,t5293655b,winding_3,x2729414b,x2729414b
center_tapped_transformer,t5293655c,winding_1,l2729414,l2729414
center_tapped_transformer,t5293655c,winding_2,x2729414c,x2729414c
center_tapped_transformer,t5293655c,winding_3,x2729414c,x2729414c
center_tapped_transformer,t5260643a,winding_1,l2692660,l2692660
center_tapped_transformer,t5260643a,winding_2,x2692660a,x2692660a
center_tapped_transformer,t5260643a,winding_3,x2692660a,x2692660a
center_tapped_transformer,t5338987a,winding_1,l2897793,l2897793
center_tapped_transformer,t5338987a,winding_2,x2897793a,x2897793a
center_tapped_transformer,t5338987a,winding_3,x2897793a,x2897793a
center_tapped_transformer,t5302807c,winding_1,l3235266,l3235266
center_tapped_transformer,t5302807c,winding_2,x3235266c,x3235266c
center_tapped_transformer,t5302807c,winding_3,x3235266c,x3235266c
center_tapped_transformer,t227917122a,winding_1,l2915534,l2915534
center_tapped_transformer,t227917122a,winding_2,x2915534a,x2915534a
center_tapped_transformer,t227917122a,winding_3,x2915534a,x2915534a
center_tapped_transformer,t28127372a,winding_1,l2804259,l2804259
center_tapped_transformer,t28127372a,winding_2,x2804259a,x2804259a
center_tapped_transformer,t28127372a,winding_3,x2804259a,x2804259a
center_tapped_transformer,t226192493b,winding_1,l2764399,l2764399
center_tapped_transformer,t226192493b,winding_2,x2764399b,x2764399b
center_tapped_transformer,t226192493b,winding_3,x2764399b,x2764399b
center_tapped_transformer,t5337635c,winding_1,l2822863,l2822863
center_tapped_transformer,t5337635c,winding_2,x2822863c,x2822863c
center_tapped_transformer,t5337635c,winding_3,x2822863c,x2822863c
center_tapped_transformer,t5218475a,winding_1,l3217057,l3217057
center_tapped_transformer,t5218475a,winding_2,x3217057a,x3217057a
center_tapped_transformer,t5218475a,winding_3,x3217057a,x3217057a
center_tapped_transformer,t227760024a,winding_1,l3215203,l3215203
center_tapped_transformer,t227760024a,winding_2,x3215203a,x3215203a
center_tapped_transformer,t227760024a,winding_3,x3215203a,x3215203a
center_tapped_transformer,t227760024b,winding_1,l3215203,l3215203
center_tapped_transformer,t227760024b,winding_2,x3215203b,x3215203b
center_tapped_transformer,t227760024b,winding_3,x3215203b,x3215203b
center_tapped_transformer,t227760024c,winding_1,l3215203,l3215203
center_tapped_transformer,t227760024c,winding_2,x3215203c,x3215203c
center_tapped_transformer,t227760024c,winding_3,x3215203c,x3215203c
center_tapped_transformer,t21399305a,winding_1,l3048221,l3048221
center_tapped_transformer,t21399305a,winding_2,x3048221a,x3048221a
center_tapped_transformer,t21399305a,winding_3,x3048221a,x3048221a
center_tapped_transformer,t5260517c,winding_1,l2767408,l2767408
center_tapped_transformer,t5260517c,winding_2,x2767408c,x2767408c
center_tapped_transformer,t5260517c,winding_3,x2767408c,x2767408c
center_tapped_transformer,t21397121c,winding_1,l3122848,l3122848
center_tapped_transformer,t21397121c,winding_2,x3122848c,x3122848c
center_tapped_transformer,t21397121c,winding_3,x3122848c,x3122848c
center_tapped_transformer,t21399099a,winding_1,l2841635,l2841635
center_tapped_transformer,t21399099a,winding_2,x2841635a,x2841635a
center_tapped_transformer,t21399099a,winding_3,x2841635a,x2841635a
center_tapped_transformer,t5302375b,winding_1,l2973162,l2973162
center_tapped_transformer,t5302375b,winding_2,x2973162b,x2973162b
center_tapped_transformer,t5302375b,winding_3,x2973162b,x2973162b
center_tapped_transformer,t5338953b,winding_1,l3122821,l3122821
center_tapped_transformer,t5338953b,winding_2,x3122821b,x3122821b
center_tapped_transformer,t5338953b,winding_3,x3122821b,x3122821b
center_tapped_transformer,t5260574c,winding_1,l3123452,l3123452
center_tapped_transformer,t5260574c,winding_2,x3123452c,x3123452c
center_tapped_transformer,t5260574c,winding_3,x3123452c,x3123452c
center_tapped_transformer,t5391992a,winding_1,l3029500,l3029500
center_tapped_transformer,t5391992a,winding_2,x3029500a,x3029500a
center_tapped_transformer,t5391992a,winding_3,x3029500a,x3029500a
center_tapped_transformer,t5323264b,winding_1,l3216344,l3216344
center_tapped_transformer,t5323264b,winding_2,x3216344b,x3216344b
center_tapped_transformer,t5323264b,winding_3,x3216344b,x3216344b
center_tapped_transformer,t5338962c,winding_1,l2748125,l2748125
center_tapped_transformer,t5338962c,winding_2,x2748125c,x2748125c
center_tapped_transformer,t5338962c,winding_3,x2748125c,x2748125c
center_tapped_transformer,t5138755b,winding_1,l2785520,l2785520
center_tapped_transformer,t5138755b,winding_2,x2785520b,x2785520b
center_tapped_transformer,t5138755b,winding_3,x2785520b,x2785520b
center_tapped_transformer,t5338956a,winding_1,l3104119,l3104119
center_tapped_transformer,t5338956a,winding_2,x3104119a,x3104119a
center_tapped_transformer,t5338956a,winding_3,x3104119a,x3104119a
center_tapped_transformer,t5310568a,winding_1,l2710517,l2710517
center_tapped_transformer,t5310568a,winding_2,x2710517a,x2710517a
center_tapped_transformer,t5310568a,winding_3,x2710517a,x2710517a
center_tapped_transformer,t5337647a,winding_1,l3048227,l3048227
center_tapped_transformer,t5337647a,winding_2,x3048227a,x3048227a
center_tapped_transformer,t5337647a,winding_3,x3048227a,x3048227a
center_tapped_transformer,t28120195b,winding_1,l3048209,l3048209
center_tapped_transformer,t28120195b,winding_2,x3048209b,x3048209b
center_tapped_transformer,t28120195b,winding_3,x3048209b,x3048209b
center_tapped_transformer,t5293521a,winding_1,l3216370,l3216370
center_tapped_transformer,t5293521a,winding_2,x3216370a,x3216370a
center_tapped_transformer,t5293521a,winding_3,x3216370a,x3216370a
center_tapped_transformer,t5293521b,winding_1,l3216370,l3216370
center_tapped_transformer,t5293521b,winding_2,x3216370b,x3216370b
center_tapped_transformer,t5293521b,winding_3,x3216370b,x3216370b
center_tapped_transformer,t5293521c,winding_1,l3216370,l3216370
center_tapped_transformer,t5293521c,winding_2,x3216370c,x3216370c
center_tapped_transformer,t5293521c,winding_3,x3216370c,x3216370c
center_tapped_transformer,t5302677a,winding_1,l3066819,l3066819
center_tapped_transformer,t5302677a,winding_2,x3066819a,x3066819a
center_tapped_transformer,t5302677a,winding_3,x3066819a,x3066819a
center_tapped_transformer,t5355778c,winding_1,l2673314,l2673314
center_tapped_transformer,t5355778c,winding_2,x2673314c,x2673314c
center_tapped_transformer,t5355778c,winding_3,x2673314c,x2673314c
center_tapped_transformer,t5302369b,winding_1,l3197643,l3197643
center_tapped_transformer,t5302369b,winding_2,x3197643b,x3197643b
center_tapped_transformer,t5302369b,winding_3,x3197643b,x3197643b
center_tapped_transformer,t227917130c,winding_1,l2803194,l2803194
center_tapped_transformer,t227917130c,winding_2,x2803194c,x2803194c
center_tapped_transformer,t227917130c,winding_3,x2803194c,x2803194c
center_tapped_transformer,t5339007b,winding_1,l2916617,l2916617
center_tapped_transformer,t5339007b,winding_2,x2916617b,x2916617b
center_tapped_transformer,t5339007b,winding_3,x2916617b,x2916617b
center_tapped_transformer,t2224490448c,winding_1,l3778577,l3778577
center_tapped_transformer,t2224490448c,winding_2,x3778577c,x3778577c
center_tapped_transformer,t2224490448c,winding_3,x3778577c,x3778577c
center_tapped_transformer,t5337710b,winding_1,l2991916,l2991916
center_tapped_transformer,t5337710b,winding_2,x2991916b,x2991916b
center_tapped_transformer,t5337710b,winding_3,x2991916b,x2991916b
center_tapped_transformer,t22112168870c,winding_1,l2897554,l2897554
center_tapped_transformer,t22112168870c,winding_2,x2897554c,x2897554c
center_tapped_transformer,t22112168870c,winding_3,x2897554c,x2897554c
center_tapped_transformer,t21396796b,winding_1,l3141397,l3141397
center_tapped_transformer,t21396796b,winding_2,x3141397b,x3141397b
center_tapped_transformer,t21396796b,winding_3,x3141397b,x3141397b
center_tapped_transformer,t5321852c,winding_1,l2916608,l2916608
center_tapped_transformer,t5321852c,winding_2,x2916608c,x2916608c
center_tapped_transformer,t5321852c,winding_3,x2916608c,x2916608c
center_tapped_transformer,t226193899b,winding_1,l3082983,l3082983
center_tapped_transformer,t226193899b,winding_2,x3082983b,x3082983b
center_tapped_transformer,t226193899b,winding_3,x3082983b,x3082983b
center_tapped_transformer,t5323244b,winding_1,l2804248,l2804248
center_tapped_transformer,t5323244b,winding_2,x2804248b,x2804248b
center_tapped_transformer,t5323244b,winding_3,x2804248b,x2804248b
center_tapped_transformer,t5355937a,winding_1,l2841639,l2841639
center_tapped_transformer,t5355937a,winding_2,x2841639a,x2841639a
center_tapped_transformer,t5355937a,winding_3,x2841639a,x2841639a
center_tapped_transformer,t21395962a,winding_1,l3197645,l3197645
center_tapped_transformer,t21395962a,winding_2,x3197645a,x3197645a
center_tapped_transformer,t21395962a,winding_3,x3197645a,x3197645a
center_tapped_transformer,t5223661c,winding_1,l2730108,l2730108
center_tapped_transformer,t5223661c,winding_2,x2730108c,x2730108c
center_tapped_transformer,t5223661c,winding_3,x2730108c,x2730108c
center_tapped_transformer,t5337643c,winding_1,l2897806,l2897806
center_tapped_transformer,t5337643c,winding_2,x2897806c,x2897806c
center_tapped_transformer,t5337643c,winding_3,x2897806c,x2897806c
center_tapped_transformer,t5302810c,winding_1,l3178977,l3178977
center_tapped_transformer,t5302810c,winding_2,x3178977c,x3178977c
center_tapped_transformer,t5302810c,winding_3,x3178977c,x3178977c
center_tapped_transformer,t5391976c,winding_1,l2841631,l2841631
center_tapped_transformer,t5391976c,winding_2,x2841631c,x2841631c
center_tapped_transformer,t5391976c,winding_3,x2841631c,x2841631c
center_tapped_transformer,t5356796c,winding_1,l3235945,l3235945
center_tapped_transformer,t5356796c,winding_2,x3235945c,x3235945c
center_tapped_transformer,t5356796c,winding_3,x3235945c,x3235945c
center_tapped_transformer,t5260502b,winding_1,l2748839,l2748839
center_tapped_transformer,t5260502b,winding_2,x2748839b,x2748839b
center_tapped_transformer,t5260502b,winding_3,x2748839b,x2748839b
center_tapped_transformer,t225991691a,winding_1,l2989571,l2989571
center_tapped_transformer,t225991691a,winding_2,x2989571a,x2989571a
center_tapped_transformer,t225991691a,winding_3,x2989571a,x2989571a
center_tapped_transformer,t2224061203c,winding_1,l3552667,l3552667
center_tapped_transformer,t2224061203c,winding_2,x3552667c,x3552667c
center_tapped_transformer,t2224061203c,winding_3,x3552667c,x3552667c
center_tapped_transformer,t5138413c,winding_1,l3216347,l3216347
center_tapped_transformer,t5138413c,winding_2,x3216347c,x3216347c
center_tapped_transformer,t5138413c,winding_3,x3216347c,x3216347c
center_tapped_transformer,t5323287b,winding_1,l2897789,l2897789
center_tapped_transformer,t5323287b,winding_2,x2897789b,x2897789b
center_tapped_transformer,t5323287b,winding_3,x2897789b,x2897789b
center_tapped_transformer,t5321847b,winding_1,l3160100,l3160100
center_tapped_transformer,t5321847b,winding_2,x3160100b,x3160100b
center_tapped_transformer,t5321847b,winding_3,x3160100b,x3160100b
center_tapped_transformer,t5337687b,winding_1,l2973156,l2973156
center_tapped_transformer,t5337687b,winding_2,x2973156b,x2973156b
center_tapped_transformer,t5337687b,winding_3,x2973156b,x2973156b
center_tapped_transformer,t5302474a,winding_1,l3048214,l3048214
center_tapped_transformer,t5302474a,winding_2,x3048214a,x3048214a
center_tapped_transformer,t5302474a,winding_3,x3048214a,x3048214a
center_tapped_transformer,t21357865a,winding_1,l2766719,l2766719
center_tapped_transformer,t21357865a,winding_2,x2766719a,x2766719a
center_tapped_transformer,t21357865a,winding_3,x2766719a,x2766719a
center_tapped_transformer,t5355597b,winding_1,l2729401,l2729401
center_tapped_transformer,t5355597b,winding_2,x2729401b,x2729401b
center_tapped_transformer,t5355597b,winding_3,x2729401b,x2729401b
center_tapped_transformer,t229106135c,winding_1,l2991640,l2991640
center_tapped_transformer,t229106135c,winding_2,x2991640c,x2991640c
center_tapped_transformer,t229106135c,winding_3,x2991640c,x2991640c
center_tapped_transformer,t226264795a,winding_1,l3139366,l3139366
center_tapped_transformer,t226264795a,winding_2,x3139366a,x3139366a
center_tapped_transformer,t226264795a,winding_3,x3139366a,x3139366a
center_tapped_transformer,t5337729a,winding_1,l2728247,l2728247
center_tapped_transformer,t5337729a,winding_2,x2728247a,x2728247a
center_tapped_transformer,t5337729a,winding_3,x2728247a,x2728247a
center_tapped_transformer,t5337729b,winding_1,l2728247,l2728247
center_tapped_transformer,t5337729b,winding_2,x2728247b,x2728247b
center_tapped_transformer,t5337729b,winding_3,x2728247b,x2728247b
center_tapped_transformer,t5337729c,winding_1,l2728247,l2728247
center_tapped_transformer,t5337729c,winding_2,x2728247c,x2728247c
center_tapped_transformer,t5337729c,winding_3,x2728247c,x2728247c
center_tapped_transformer,t5293608c,winding_1,l2673306,l2673306
center_tapped_transformer,t5293608c,winding_2,x2673306c,x2673306c
center_tapped_transformer,t5293608c,winding_3,x2673306c,x2673306c
center_tapped_transformer,t5355936a,winding_1,l2954357,l2954357
center_tapped_transformer,t5355936a,winding_2,x2954357a,x2954357a
center_tapped_transformer,t5355936a,winding_3,x2954357a,x2954357a
center_tapped_transformer,t28149184c,winding_1,l3141395,l3141395
center_tapped_transformer,t28149184c,winding_2,x3141395c,x3141395c
center_tapped_transformer,t28149184c,winding_3,x3141395c,x3141395c
center_tapped_transformer,t226193338a,winding_1,l2876796,l2876796
center_tapped_transformer,t226193338a,winding_2,x2876796a,x2876796a
center_tapped_transformer,t226193338a,winding_3,x2876796a,x2876796a
center_tapped_transformer,t5391979c,winding_1,l3197642,l3197642
center_tapped_transformer,t5391979c,winding_2,x3197642c,x3197642c
center_tapped_transformer,t5391979c,winding_3,x3197642c,x3197642c
center_tapped_transformer,t5251862c,winding_1,l3254873,l3254873
center_tapped_transformer,t5251862c,winding_2,x3254873c,x3254873c
center_tapped_transformer,t5251862c,winding_3,x3254873c,x3254873c
center_tapped_transformer,t5355591b,winding_1,l2822858,l2822858
center_tapped_transformer,t5355591b,winding_2,x2822858b,x2822858b
center_tapped_transformer,t5355591b,winding_3,x2822858b,x2822858b
center_tapped_transformer,t2224387062a,winding_1,l3728040,l3728040
center_tapped_transformer,t2224387062a,winding_2,x3728040a,x3728040a
center_tapped_transformer,t2224387062a,winding_3,x3728040a,x3728040a
center_tapped_transformer,t226193361b,winding_1,l3157710,l3157710
center_tapped_transformer,t226193361b,winding_2,x3157710b,x3157710b
center_tapped_transformer,t226193361b,winding_3,x3157710b,x3157710b
center_tapped_transformer,t5323267b,winding_1,l2710514,l2710514
center_tapped_transformer,t5323267b,winding_2,x2710514b,x2710514b
center_tapped_transformer,t5323267b,winding_3,x2710514b,x2710514b
center_tapped_transformer,t226924200b,winding_1,l2763072,l2763072
center_tapped_transformer,t226924200b,winding_2,x2763072b,x2763072b
center_tapped_transformer,t226924200b,winding_3,x2763072b,x2763072b
center_tapped_transformer,t5302676a,winding_1,l2710519,l2710519
center_tapped_transformer,t5302676a,winding_2,x2710519a,x2710519a
center_tapped_transformer,t5302676a,winding_3,x2710519a,x2710519a
center_tapped_transformer,t2224386874a,winding_1,l3727711,l3727711
center_tapped_transformer,t2224386874a,winding_2,x3727711a,x3727711a
center_tapped_transformer,t2224386874a,winding_3,x3727711a,x3727711a
center_tapped_transformer,t5356009a,winding_1,l2691936,l2691936
center_tapped_transformer,t5356009a,winding_2,x2691936a,x2691936a
center_tapped_transformer,t5356009a,winding_3,x2691936a,x2691936a
center_tapped_transformer,t5138641c,winding_1,l2841638,l2841638
center_tapped_transformer,t5138641c,winding_2,x2841638c,x2841638c
center_tapped_transformer,t5138641c,winding_3,x2841638c,x2841638c
center_tapped_transformer,t5337714c,winding_1,l3254209,l3254209
center_tapped_transformer,t5337714c,winding_2,x3254209c,x3254209c
center_tapped_transformer,t5337714c,winding_3,x3254209c,x3254209c
center_tapped_transformer,t21380453a,winding_1,l3010557,l3010557
center_tapped_transformer,t21380453a,winding_2,x3010557a,x3010557a
center_tapped_transformer,t21380453a,winding_3,x3010557a,x3010557a
center_tapped_transformer,t226191778c,winding_1,l2820528,l2820528
center_tapped_transformer,t226191778c,winding_2,x2820528c,x2820528c
center_tapped_transformer,t226191778c,winding_3,x2820528c,x2820528c
center_tapped_transformer,t226029836a,winding_1,l3251808,l3251808
center_tapped_transformer,t226029836a,winding_2,x3251808a,x3251808a
center_tapped_transformer,t226029836a,winding_3,x3251808a,x3251808a
center_tapped_transformer,t2224237718a,winding_1,l3649305,l3649305
center_tapped_transformer,t2224237718a,winding_2,x3649305a,x3649305a
center_tapped_transformer,t2224237718a,winding_3,x3649305a,x3649305a
center_tapped_transformer,t226194093a,winding_1,l3157718,l3157718
center_tapped_transformer,t226194093a,winding_2,x3157718a,x3157718a
center_tapped_transformer,t226194093a,winding_3,x3157718a,x3157718a
center_tapped_transformer,t5302673a,winding_1,l3010569,l3010569
center_tapped_transformer,t5302673a,winding_2,x3010569a,x3010569a
center_tapped_transformer,t5302673a,winding_3,x3010569a,x3010569a
center_tapped_transformer,t5293522a,winding_1,l2785527,l2785527
center_tapped_transformer,t5293522a,winding_2,x2785527a,x2785527a
center_tapped_transformer,t5293522a,winding_3,x2785527a,x2785527a
center_tapped_transformer,t227917133c,winding_1,l3047073,l3047073
center_tapped_transformer,t227917133c,winding_2,x3047073c,x3047073c
center_tapped_transformer,t227917133c,winding_3,x3047073c,x3047073c
center_tapped_transformer,t2224238167a,winding_1,l3649306,l3649306
center_tapped_transformer,t2224238167a,winding_2,x3649306a,x3649306a
center_tapped_transformer,t2224238167a,winding_3,x3649306a,x3649306a
center_tapped_transformer,t5293592a,winding_1,l2973161,l2973161
center_tapped_transformer,t5293592a,winding_2,x2973161a,x2973161a
center_tapped_transformer,t5293592a,winding_3,x2973161a,x2973161a
center_tapped_transformer,t225918926b,winding_1,l2688692,l2688692
center_tapped_transformer,t225918926b,winding_2,x2688692b,x2688692b
center_tapped_transformer,t225918926b,winding_3,x2688692b,x2688692b
center_tapped_transformer,t5138717c,winding_1,l3254220,l3254220
center_tapped_transformer,t5138717c,winding_2,x3254220c,x3254220c
center_tapped_transformer,t5138717c,winding_3,x3254220c,x3254220c
center_tapped_transformer,t5356007a,winding_1,l3141389,l3141389
center_tapped_transformer,t5356007a,winding_2,x3141389a,x3141389a
center_tapped_transformer,t5356007a,winding_3,x3141389a,x3141389a
center_tapped_transformer,t5356008a,winding_1,l3197618,l3197618
center_tapped_transformer,t5356008a,winding_2,x3197618a,x3197618a
center_tapped_transformer,t5356008a,winding_3,x3197618a,x3197618a
center_tapped_transformer,t226193696a,winding_1,l3143999,l3143999
center_tapped_transformer,t226193696a,winding_2,x3143999a,x3143999a
center_tapped_transformer,t226193696a,winding_3,x3143999a,x3143999a
center_tapped_transformer,t5337689b,winding_1,l2691949,l2691949
center_tapped_transformer,t5337689b,winding_2,x2691949b,x2691949b
center_tapped_transformer,t5337689b,winding_3,x2691949b,x2691949b
center_tapped_transformer,t5337624c,winding_1,l3066807,l3066807
center_tapped_transformer,t5337624c,winding_2,x3066807c,x3066807c
center_tapped_transformer,t5337624c,winding_3,x3066807c,x3066807c
center_tapped_transformer,t5321880a,winding_1,l2876812,l2876812
center_tapped_transformer,t5321880a,winding_2,x2876812a,x2876812a
center_tapped_transformer,t5321880a,winding_3,x2876812a,x2876812a
center_tapped_transformer,t5392038b,winding_1,l2841634,l2841634
center_tapped_transformer,t5392038b,winding_2,x2841634b,x2841634b
center_tapped_transformer,t5392038b,winding_3,x2841634b,x2841634b
center_tapped_transformer,t5337712c,winding_1,l3235245,l3235245
center_tapped_transformer,t5337712c,winding_2,x3235245c,x3235245c
center_tapped_transformer,t5337712c,winding_3,x3235245c,x3235245c
center_tapped_transformer,t21399508a,winding_1,l3104135,l3104135
center_tapped_transformer,t21399508a,winding_2,x3104135a,x3104135a
center_tapped_transformer,t21399508a,winding_3,x3104135a,x3104135a
center_tapped_transformer,t5294809a,winding_1,l2952014,l2952014
center_tapped_transformer,t5294809a,winding_2,x2952014a,x2952014a
center_tapped_transformer,t5294809a,winding_3,x2952014a,x2952014a
center_tapped_transformer,t5274994c,winding_1,l3048205,l3048205
center_tapped_transformer,t5274994c,winding_2,x3048205c,x3048205c
center_tapped_transformer,t5274994c,winding_3,x3048205c,x3048205c
center_tapped_transformer,t5260461b,winding_1,l2861223,l2861223
center_tapped_transformer,t5260461b,winding_2,x2861223b,x2861223b
center_tapped_transformer,t5260461b,winding_3,x2861223b,x2861223b
center_tapped_transformer,t5223655c,winding_1,l2936268,l2936268
center_tapped_transformer,t5223655c,winding_2,x2936268c,x2936268c
center_tapped_transformer,t5223655c,winding_3,x2936268c,x2936268c
center_tapped_transformer,t5138465c,winding_1,l2879055,l2879055
center_tapped_transformer,t5138465c,winding_2,x2879055c,x2879055c
center_tapped_transformer,t5138465c,winding_3,x2879055c,x2879055c
center_tapped_transformer,t5323387b,winding_1,l2690941,l2690941
center_tapped_transformer,t5323387b,winding_2,x2690941b,x2690941b
center_tapped_transformer,t5323387b,winding_3,x2690941b,x2690941b
center_tapped_transformer,t5338918a,winding_1,l2897773,l2897773
center_tapped_transformer,t5338918a,winding_2,x2897773a,x2897773a
center_tapped_transformer,t5338918a,winding_3,x2897773a,x2897773a
center_tapped_transformer,t5260561c,winding_1,l3104850,l3104850
center_tapped_transformer,t5260561c,winding_2,x3104850c,x3104850c
center_tapped_transformer,t5260561c,winding_3,x3104850c,x3104850c
center_tapped_transformer,t226192846b,winding_1,l3139086,l3139086
center_tapped_transformer,t226192846b,winding_2,x3139086b,x3139086b
center_tapped_transformer,t226192846b,winding_3,x3139086b,x3139086b
center_tapped_transformer,t2224386750a,winding_1,l3727707,l3727707
center_tapped_transformer,t2224386750a,winding_2,x3727707a,x3727707a
center_tapped_transformer,t2224386750a,winding_3,x3727707a,x3727707a
center_tapped_transformer,t5260576c,winding_1,l3030126,l3030126
center_tapped_transformer,t5260576c,winding_2,x3030126c,x3030126c
center_tapped_transformer,t5260576c,winding_3,x3030126c,x3030126c
center_tapped_transformer,t5391756b,winding_1,l2879079,l2879079
center_tapped_transformer,t5391756b,winding_2,x2879079b,x2879079b
center_tapped_transformer,t5391756b,winding_3,x2879079b,x2879079b
center_tapped_transformer,t5391994a,winding_1,l3066821,l3066821
center_tapped_transformer,t5391994a,winding_2,x3066821a,x3066821a
center_tapped_transformer,t5391994a,winding_3,x3066821a,x3066821a
center_tapped_transformer,t5337715a,winding_1,l3254204,l3254204
center_tapped_transformer,t5337715a,winding_2,x3254204a,x3254204a
center_tapped_transformer,t5337715a,winding_3,x3254204a,x3254204a
center_tapped_transformer,t28150172a,winding_1,l2748135,l2748135
center_tapped_transformer,t28150172a,winding_2,x2748135a,x2748135a
center_tapped_transformer,t28150172a,winding_3,x2748135a,x2748135a
center_tapped_transformer,t5294844a,winding_1,l2841623,l2841623
center_tapped_transformer,t5294844a,winding_2,x2841623a,x2841623a
center_tapped_transformer,t5294844a,winding_3,x2841623a,x2841623a
center_tapped_transformer,t5337699b,winding_1,l2954349,l2954349
center_tapped_transformer,t5337699b,winding_2,x2954349b,x2954349b
center_tapped_transformer,t5337699b,winding_3,x2954349b,x2954349b
center_tapped_transformer,t226194002b,winding_1,l2801902,l2801902
center_tapped_transformer,t226194002b,winding_2,x2801902b,x2801902b
center_tapped_transformer,t226194002b,winding_3,x2801902b,x2801902b
center_tapped_transformer,t5321851b,winding_1,l2729434,l2729434
center_tapped_transformer,t5321851b,winding_2,x2729434b,x2729434b
center_tapped_transformer,t5321851b,winding_3,x2729434b,x2729434b
center_tapped_transformer,t5260555a,winding_1,l3048962,l3048962
center_tapped_transformer,t5260555a,winding_2,x3048962a,x3048962a
center_tapped_transformer,t5260555a,winding_3,x3048962a,x3048962a
center_tapped_transformer,t226101460a,winding_1,l2857591,l2857591
center_tapped_transformer,t226101460a,winding_2,x2857591a,x2857591a
center_tapped_transformer,t226101460a,winding_3,x2857591a,x2857591a
center_tapped_transformer,t28128517c,winding_1,l3048890,l3048890
center_tapped_transformer,t28128517c,winding_2,x3048890c,x3048890c
center_tapped_transformer,t28128517c,winding_3,x3048890c,x3048890c
center_tapped_transformer,t5260567c,winding_1,l2936211,l2936211
center_tapped_transformer,t5260567c,winding_2,x2936211c,x2936211c
center_tapped_transformer,t5260567c,winding_3,x2936211c,x2936211c
center_tapped_transformer,t5338981b,winding_1,l2820535,l2820535
center_tapped_transformer,t5338981b,winding_2,x2820535b,x2820535b
center_tapped_transformer,t5338981b,winding_3,x2820535b,x2820535b
center_tapped_transformer,t225533215c,winding_1,l3097861,l3097861
center_tapped_transformer,t225533215c,winding_2,x3097861c,x3097861c
center_tapped_transformer,t225533215c,winding_3,x3097861c,x3097861c
center_tapped_transformer,t5391743b,winding_1,l3141390,l3141390
center_tapped_transformer,t5391743b,winding_2,x3141390b,x3141390b
center_tapped_transformer,t5391743b,winding_3,x3141390b,x3141390b
center_tapped_transformer,t5391996a,winding_1,l3141412,l3141412
center_tapped_transformer,t5391996a,winding_2,x3141412a,x3141412a
center_tapped_transformer,t5391996a,winding_3,x3141412a,x3141412a
center_tapped_transformer,t28118822a,winding_1,l2991920,l2991920
center_tapped_transformer,t28118822a,winding_2,x2991920a,x2991920a
center_tapped_transformer,t28118822a,winding_3,x2991920a,x2991920a
center_tapped_transformer,t5260558c,winding_1,l3160861,l3160861
center_tapped_transformer,t5260558c,winding_2,x3160861c,x3160861c
center_tapped_transformer,t5260558c,winding_3,x3160861c,x3160861c
center_tapped_transformer,t5355842a,winding_1,l2876813,l2876813
center_tapped_transformer,t5355842a,winding_2,x2876813a,x2876813a
center_tapped_transformer,t5355842a,winding_3,x2876813a,x2876813a
center_tapped_transformer,t5338943c,winding_1,l2729410,l2729410
center_tapped_transformer,t5338943c,winding_2,x2729410c,x2729410c
center_tapped_transformer,t5338943c,winding_3,x2729410c,x2729410c
center_tapped_transformer,t5293492c,winding_1,l2841637,l2841637
center_tapped_transformer,t5293492c,winding_2,x2841637c,x2841637c
center_tapped_transformer,t5293492c,winding_3,x2841637c,x2841637c
center_tapped_transformer,t5355779c,winding_1,l3122817,l3122817
center_tapped_transformer,t5355779c,winding_2,x3122817c,x3122817c
center_tapped_transformer,t5355779c,winding_3,x3122817c,x3122817c
center_tapped_transformer,t5260457b,winding_1,l3086079,l3086079
center_tapped_transformer,t5260457b,winding_2,x3086079b,x3086079b
center_tapped_transformer,t5260457b,winding_3,x3086079b,x3086079b
center_tapped_transformer,t21393454b,winding_1,l3179699,l3179699
center_tapped_transformer,t21393454b,winding_2,x3179699b,x3179699b
center_tapped_transformer,t21393454b,winding_3,x3179699b,x3179699b
center_tapped_transformer,t5321848b,winding_1,l3085390,l3085390
center_tapped_transformer,t5321848b,winding_2,x3085390b,x3085390b
center_tapped_transformer,t5321848b,winding_3,x3085390b,x3085390b
center_tapped_transformer,t5338960c,winding_1,l2897767,l2897767
center_tapped_transformer,t5338960c,winding_2,x2897767c,x2897767c
center_tapped_transformer,t5338960c,winding_3,x2897767c,x2897767c
center_tapped_transformer,t5356065b,winding_1,l3104124,l3104124
center_tapped_transformer,t5356065b,winding_2,x3104124b,x3104124b
center_tapped_transformer,t5356065b,winding_3,x3104124b,x3104124b
center_tapped_transformer,t5138646a,winding_1,l2804251,l2804251
center_tapped_transformer,t5138646a,winding_2,x2804251a,x2804251a
center_tapped_transformer,t5138646a,winding_3,x2804251a,x2804251a
center_tapped_transformer,t5337654c,winding_1,l3066808,l3066808
center_tapped_transformer,t5337654c,winding_2,x3066808c,x3066808c
center_tapped_transformer,t5337654c,winding_3,x3066808c,x3066808c
center_tapped_transformer,t5337691b,winding_1,l2897774,l2897774
center_tapped_transformer,t5337691b,winding_2,x2897774b,x2897774b
center_tapped_transformer,t5337691b,winding_3,x2897774b,x2897774b
center_tapped_transformer,t5391738b,winding_1,l3104115,l3104115
center_tapped_transformer,t5391738b,winding_2,x3104115b,x3104115b
center_tapped_transformer,t5391738b,winding_3,x3104115b,x3104115b
center_tapped_transformer,t5247171b,winding_1,l0247171,l0247171
center_tapped_transformer,t5247171b,winding_2,x0247171b,x0247171b
center_tapped_transformer,t5247171b,winding_3,x0247171b,x0247171b
center_tapped_transformer,t226192175c,winding_1,l3214055,l3214055
center_tapped_transformer,t226192175c,winding_2,x3214055c,x3214055c
center_tapped_transformer,t226192175c,winding_3,x3214055c,x3214055c
center_tapped_transformer,t5328367c,winding_1,l3104830,l3104830
center_tapped_transformer,t5328367c,winding_2,x3104830c,x3104830c
center_tapped_transformer,t5328367c,winding_3,x3104830c,x3104830c
center_tapped_transformer,t5247084b,winding_1,l3254211,l3254211
center_tapped_transformer,t5247084b,winding_2,x3254211b,x3254211b
center_tapped_transformer,t5247084b,winding_3,x3254211b,x3254211b
center_tapped_transformer,t5247100b,winding_1,l2729407,l2729407
center_tapped_transformer,t5247100b,winding_2,x2729407b,x2729407b
center_tapped_transformer,t5247100b,winding_3,x2729407b,x2729407b
center_tapped_transformer,t226101449a,winding_1,l3027133,l3027133
center_tapped_transformer,t226101449a,winding_2,x3027133a,x3027133a
center_tapped_transformer,t226101449a,winding_3,x3027133a,x3027133a
center_tapped_transformer,t5321838a,winding_1,l2691944,l2691944
center_tapped_transformer,t5321838a,winding_2,x2691944a,x2691944a
center_tapped_transformer,t5321838a,winding_3,x2691944a,x2691944a
center_tapped_transformer,t226194262c,winding_1,l2745806,l2745806
center_tapped_transformer,t226194262c,winding_2,x2745806c,x2745806c
center_tapped_transformer,t226194262c,winding_3,x2745806c,x2745806c
center_tapped_transformer,t22112168887c,winding_1,l2878848,l2878848
center_tapped_transformer,t22112168887c,winding_2,x2878848c,x2878848c
center_tapped_transformer,t22112168887c,winding_3,x2878848c,x2878848c
center_tapped_transformer,t5355773a,winding_1,l2991909,l2991909
center_tapped_transformer,t5355773a,winding_2,x2991909a,x2991909a
center_tapped_transformer,t5355773a,winding_3,x2991909a,x2991909a
center_tapped_transformer,t226192926a,winding_1,l2726973,l2726973
center_tapped_transformer,t226192926a,winding_2,x2726973a,x2726973a
center_tapped_transformer,t226192926a,winding_3,x2726973a,x2726973a
center_tapped_transformer,t5337718a,winding_1,l2691947,l2691947
center_tapped_transformer,t5337718a,winding_2,x2691947a,x2691947a
center_tapped_transformer,t5337718a,winding_3,x2691947a,x2691947a
center_tapped_transformer,t5251859c,winding_1,l2952007,l2952007
center_tapped_transformer,t5251859c,winding_2,x2952007c,x2952007c
center_tapped_transformer,t5251859c,winding_3,x2952007c,x2952007c
center_tapped_transformer,t5260622c,winding_1,l3198347,l3198347
center_tapped_transformer,t5260622c,winding_2,x3198347c,x3198347c
center_tapped_transformer,t5260622c,winding_3,x3198347c,x3198347c
center_tapped_transformer,t21467859b,winding_1,l2916625,l2916625
center_tapped_transformer,t21467859b,winding_2,x2916625b,x2916625b
center_tapped_transformer,t21467859b,winding_3,x2916625b,x2916625b
center_tapped_transformer,t226193298a,winding_1,l2820533,l2820533
center_tapped_transformer,t226193298a,winding_2,x2820533a,x2820533a
center_tapped_transformer,t226193298a,winding_3,x2820533a,x2820533a
center_tapped_transformer,t21399809a,winding_1,l2785531,l2785531
center_tapped_transformer,t21399809a,winding_2,x2785531a,x2785531a
center_tapped_transformer,t21399809a,winding_3,x2785531a,x2785531a
center_tapped_transformer,t5294812a,winding_1,l3120502,l3120502
center_tapped_transformer,t5294812a,winding_2,x3120502a,x3120502a
center_tapped_transformer,t5294812a,winding_3,x3120502a,x3120502a
center_tapped_transformer,t226308723b,winding_1,l3252336,l3252336
center_tapped_transformer,t226308723b,winding_2,x3252336b,x3252336b
center_tapped_transformer,t226308723b,winding_3,x3252336b,x3252336b
center_tapped_transformer,t5338945a,winding_1,l2954353,l2954353
center_tapped_transformer,t5338945a,winding_2,x2954353a,x2954353a
center_tapped_transformer,t5338945a,winding_3,x2954353a,x2954353a
center_tapped_transformer,t5321837a,winding_1,l2673312,l2673312
center_tapped_transformer,t5321837a,winding_2,x2673312a,x2673312a
center_tapped_transformer,t5321837a,winding_3,x2673312a,x2673312a
center_tapped_transformer,t5441311a,winding_1,l2766720,l2766720
center_tapped_transformer,t5441311a,winding_2,x2766720a,x2766720a
center_tapped_transformer,t5441311a,winding_3,x2766720a,x2766720a
center_tapped_transformer,t5338934b,winding_1,l2879070,l2879070
center_tapped_transformer,t5338934b,winding_2,x2879070b,x2879070b
center_tapped_transformer,t5338934b,winding_3,x2879070b,x2879070b
center_tapped_transformer,t5157716b,winding_1,l3179674,l3179674
center_tapped_transformer,t5157716b,winding_2,x3179674b,x3179674b
center_tapped_transformer,t5157716b,winding_3,x3179674b,x3179674b
center_tapped_transformer,t5338930b,winding_1,l3029506,l3029506
center_tapped_transformer,t5338930b,winding_2,x3029506b,x3029506b
center_tapped_transformer,t5338930b,winding_3,x3029506b,x3029506b
center_tapped_transformer,t5337717a,winding_1,l3216348,l3216348
center_tapped_transformer,t5337717a,winding_2,x3216348a,x3216348a
center_tapped_transformer,t5337717a,winding_3,x3216348a,x3216348a
center_tapped_transformer,t21400215b,winding_1,l3048231,l3048231
center_tapped_transformer,t21400215b,winding_2,x3048231b,x3048231b
center_tapped_transformer,t21400215b,winding_3,x3048231b,x3048231b
center_tapped_transformer,t227921416a,winding_1,l3065696,l3065696
center_tapped_transformer,t227921416a,winding_2,x3065696a,x3065696a
center_tapped_transformer,t227921416a,winding_3,x3065696a,x3065696a
center_tapped_transformer,t5323399b,winding_1,l3178974,l3178974
center_tapped_transformer,t5323399b,winding_2,x3178974b,x3178974b
center_tapped_transformer,t5323399b,winding_3,x3178974b,x3178974b
center_tapped_transformer,t5321882c,winding_1,l2916607,l2916607
center_tapped_transformer,t5321882c,winding_2,x2916607c,x2916607c
center_tapped_transformer,t5321882c,winding_3,x2916607c,x2916607c
center_tapped_transformer,t5339021a,winding_1,l3197652,l3197652
center_tapped_transformer,t5339021a,winding_2,x3197652a,x3197652a
center_tapped_transformer,t5339021a,winding_3,x3197652a,x3197652a
center_tapped_transformer,t5355589b,winding_1,l2691939,l2691939
center_tapped_transformer,t5355589b,winding_2,x2691939b,x2691939b
center_tapped_transformer,t5355589b,winding_3,x2691939b,x2691939b
center_tapped_transformer,t225668688a,winding_1,l2858175,l2858175
center_tapped_transformer,t225668688a,winding_2,x2858175a,x2858175a
center_tapped_transformer,t225668688a,winding_3,x2858175a,x2858175a
center_tapped_transformer,t5302803c,winding_1,l3085400,l3085400
center_tapped_transformer,t5302803c,winding_2,x3085400c,x3085400c
center_tapped_transformer,t5302803c,winding_3,x3085400c,x3085400c
center_tapped_transformer,t5355596b,winding_1,l3178969,l3178969
center_tapped_transformer,t5355596b,winding_2,x3178969b,x3178969b
center_tapped_transformer,t5355596b,winding_3,x3178969b,x3178969b
center_tapped_transformer,t21400108b,winding_1,l2748139,l2748139
center_tapped_transformer,t21400108b,winding_2,x2748139b,x2748139b
center_tapped_transformer,t21400108b,winding_3,x2748139b,x2748139b
center_tapped_transformer,t21380500c,winding_1,l3235242,l3235242
center_tapped_transformer,t21380500c,winding_2,x3235242c,x3235242c
center_tapped_transformer,t21380500c,winding_3,x3235242c,x3235242c
center_tapped_transformer,t28150189a,winding_1,l2729412,l2729412
center_tapped_transformer,t28150189a,winding_2,x2729412a,x2729412a
center_tapped_transformer,t28150189a,winding_3,x2729412a,x2729412a
center_tapped_transformer,t226193737c,winding_1,l3082981,l3082981
center_tapped_transformer,t226193737c,winding_2,x3082981c,x3082981c
center_tapped_transformer,t226193737c,winding_3,x3082981c,x3082981c
center_tapped_transformer,t5391989a,winding_1,l2766747,l2766747
center_tapped_transformer,t5391989a,winding_2,x2766747a,x2766747a
center_tapped_transformer,t5391989a,winding_3,x2766747a,x2766747a
center_tapped_transformer,t5328365b,winding_1,l3179646,l3179646
center_tapped_transformer,t5328365b,winding_2,x3179646b,x3179646b
center_tapped_transformer,t5328365b,winding_3,x3179646b,x3179646b
center_tapped_transformer,t21387206c,winding_1,l3235251,l3235251
center_tapped_transformer,t21387206c,winding_2,x3235251c,x3235251c
center_tapped_transformer,t21387206c,winding_3,x3235251c,x3235251c
center_tapped_transformer,t5337661b,winding_1,l2766749,l2766749
center_tapped_transformer,t5337661b,winding_2,x2766749b,x2766749b
center_tapped_transformer,t5337661b,winding_3,x2766749b,x2766749b
center_tapped_transformer,t5338965a,winding_1,l3010568,l3010568
center_tapped_transformer,t5338965a,winding_2,x3010568a,x3010568a
center_tapped_transformer,t5338965a,winding_3,x3010568a,x3010568a
center_tapped_transformer,t5391748b,winding_1,l2991902,l2991902
center_tapped_transformer,t5391748b,winding_2,x2991902b,x2991902b
center_tapped_transformer,t5391748b,winding_3,x2991902b,x2991902b
center_tapped_transformer,t5356013a,winding_1,l2954348,l2954348
center_tapped_transformer,t5356013a,winding_2,x2954348a,x2954348a
center_tapped_transformer,t5356013a,winding_3,x2954348a,x2954348a
center_tapped_transformer,t5323255b,winding_1,l2860484,l2860484
center_tapped_transformer,t5323255b,winding_2,x2860484b,x2860484b
center_tapped_transformer,t5323255b,winding_3,x2860484b,x2860484b
center_tapped_transformer,t21399229a,winding_1,l2879078,l2879078
center_tapped_transformer,t21399229a,winding_2,x2879078a,x2879078a
center_tapped_transformer,t21399229a,winding_3,x2879078a,x2879078a
center_tapped_transformer,t2224237643a,winding_1,l3649301,l3649301
center_tapped_transformer,t2224237643a,winding_2,x3649301a,x3649301a
center_tapped_transformer,t2224237643a,winding_3,x3649301a,x3649301a
center_tapped_transformer,t5302473a,winding_1,l2804252,l2804252
center_tapped_transformer,t5302473a,winding_2,x2804252a,x2804252a
center_tapped_transformer,t5302473a,winding_3,x2804252a,x2804252a
center_tapped_transformer,t226193886b,winding_1,l2783231,l2783231
center_tapped_transformer,t226193886b,winding_2,x2783231b,x2783231b
center_tapped_transformer,t226193886b,winding_3,x2783231b,x2783231b
center_tapped_transformer,t5323394b,winding_1,l2710504,l2710504
center_tapped_transformer,t5323394b,winding_2,x2710504b,x2710504b
center_tapped_transformer,t5323394b,winding_3,x2710504b,x2710504b
center_tapped_transformer,t21383553b,winding_1,l2935547,l2935547
center_tapped_transformer,t21383553b,winding_2,x2935547b,x2935547b
center_tapped_transformer,t21383553b,winding_3,x2935547b,x2935547b
center_tapped_transformer,t5391742b,winding_1,l3048201,l3048201
center_tapped_transformer,t5391742b,winding_2,x3048201b,x3048201b
center_tapped_transformer,t5391742b,winding_3,x3048201b,x3048201b
center_tapped_transformer,t5274992c,winding_1,l2804250,l2804250
center_tapped_transformer,t5274992c,winding_2,x2804250c,x2804250c
center_tapped_transformer,t5274992c,winding_3,x2804250c,x2804250c
center_tapped_transformer,t225700953a,winding_1,l3081380,l3081380
center_tapped_transformer,t225700953a,winding_2,x3081380a,x3081380a
center_tapped_transformer,t225700953a,winding_3,x3081380a,x3081380a
center_tapped_transformer,t226964880a,winding_1,l3172805,l3172805
center_tapped_transformer,t226964880a,winding_2,x3172805a,x3172805a
center_tapped_transformer,t226964880a,winding_3,x3172805a,x3172805a
center_tapped_transformer,t21386552b,winding_1,l2822867,l2822867
center_tapped_transformer,t21386552b,winding_2,x2822867b,x2822867b
center_tapped_transformer,t21386552b,winding_3,x2822867b,x2822867b
center_tapped_transformer,t5302734a,winding_1,l2991922,l2991922
center_tapped_transformer,t5302734a,winding_2,x2991922a,x2991922a
center_tapped_transformer,t5302734a,winding_3,x2991922a,x2991922a
center_tapped_transformer,t5338955b,winding_1,l3010560,l3010560
center_tapped_transformer,t5338955b,winding_2,x3010560b,x3010560b
center_tapped_transformer,t5338955b,winding_3,x3010560b,x3010560b
center_tapped_transformer,t5339002b,winding_1,l2785536,l2785536
center_tapped_transformer,t5339002b,winding_2,x2785536b,x2785536b
center_tapped_transformer,t5339002b,winding_3,x2785536b,x2785536b
center_tapped_transformer,t5260551c,winding_1,l3160872,l3160872
center_tapped_transformer,t5260551c,winding_2,x3160872c,x3160872c
center_tapped_transformer,t5260551c,winding_3,x3160872c,x3160872c
center_tapped_transformer,t5337665b,winding_1,l2973178,l2973178
center_tapped_transformer,t5337665b,winding_2,x2973178b,x2973178b
center_tapped_transformer,t5337665b,winding_3,x2973178b,x2973178b
center_tapped_transformer,t21426205b,winding_1,l2731712,l2731712
center_tapped_transformer,t21426205b,winding_2,x2731712b,x2731712b
center_tapped_transformer,t21426205b,winding_3,x2731712b,x2731712b
center_tapped_transformer,t28120786a,winding_1,l2841628,l2841628
center_tapped_transformer,t28120786a,winding_2,x2841628a,x2841628a
center_tapped_transformer,t28120786a,winding_3,x2841628a,x2841628a
center_tapped_transformer,t5321849b,winding_1,l2748152,l2748152
center_tapped_transformer,t5321849b,winding_2,x2748152b,x2748152b
center_tapped_transformer,t5321849b,winding_3,x2748152b,x2748152b
center_tapped_transformer,t5339049a,winding_1,l2916602,l2916602
center_tapped_transformer,t5339049a,winding_2,x2916602a,x2916602a
center_tapped_transformer,t5339049a,winding_3,x2916602a,x2916602a
center_tapped_transformer,t225533337a,winding_1,l2929261,l2929261
center_tapped_transformer,t225533337a,winding_2,x2929261a,x2929261a
center_tapped_transformer,t225533337a,winding_3,x2929261a,x2929261a
center_tapped_transformer,t5138680a,winding_1,l2710521,l2710521
center_tapped_transformer,t5138680a,winding_2,x2710521a,x2710521a
center_tapped_transformer,t5138680a,winding_3,x2710521a,x2710521a
center_tapped_transformer,t21249626b,winding_1,l3142079,l3142079
center_tapped_transformer,t21249626b,winding_2,x3142079b,x3142079b
center_tapped_transformer,t21249626b,winding_3,x3142079b,x3142079b
center_tapped_transformer,t5337695b,winding_1,l2879072,l2879072
center_tapped_transformer,t5337695b,winding_2,x2879072b,x2879072b
center_tapped_transformer,t5337695b,winding_3,x2879072b,x2879072b
center_tapped_transformer,t5323249b,winding_1,l2729427,l2729427
center_tapped_transformer,t5323249b,winding_2,x2729427b,x2729427b
center_tapped_transformer,t5323249b,winding_3,x2729427b,x2729427b
center_tapped_transformer,t5321841b,winding_1,l2954347,l2954347
center_tapped_transformer,t5321841b,winding_2,x2954347b,x2954347b
center_tapped_transformer,t5321841b,winding_3,x2954347b,x2954347b
center_tapped_transformer,t5260595a,winding_1,l2767340,l2767340
center_tapped_transformer,t5260595a,winding_2,x2767340a,x2767340a
center_tapped_transformer,t5260595a,winding_3,x2767340a,x2767340a
center_tapped_transformer,t5260595b,winding_1,l2767340,l2767340
center_tapped_transformer,t5260595b,winding_2,x2767340b,x2767340b
center_tapped_transformer,t5260595b,winding_3,x2767340b,x2767340b
center_tapped_transformer,t5260595c,winding_1,l2767340,l2767340
center_tapped_transformer,t5260595c,winding_2,x2767340c,x2767340c
center_tapped_transformer,t5260595c,winding_3,x2767340c,x2767340c
center_tapped_transformer,t5293427c,winding_1,l3104157,l3104157
center_tapped_transformer,t5293427c,winding_2,x3104157c,x3104157c
center_tapped_transformer,t5293427c,winding_3,x3104157c,x3104157c
center_tapped_transformer,t5321858b,winding_1,l3122815,l3122815
center_tapped_transformer,t5321858b,winding_2,x3122815b,x3122815b
center_tapped_transformer,t5321858b,winding_3,x3122815b,x3122815b
center_tapped_transformer,t5274987c,winding_1,l2916605,l2916605
center_tapped_transformer,t5274987c,winding_2,x2916605c,x2916605c
center_tapped_transformer,t5274987c,winding_3,x2916605c,x2916605c
center_tapped_transformer,t227944551a,winding_1,l3234149,l3234149
center_tapped_transformer,t227944551a,winding_2,x3234149a,x3234149a
center_tapped_transformer,t227944551a,winding_3,x3234149a,x3234149a
center_tapped_transformer,t227944551b,winding_1,l3234149,l3234149
center_tapped_transformer,t227944551b,winding_2,x3234149b,x3234149b
center_tapped_transformer,t227944551b,winding_3,x3234149b,x3234149b
center_tapped_transformer,t227944551c,winding_1,l3234149,l3234149
center_tapped_transformer,t227944551c,winding_2,x3234149c,x3234149c
center_tapped_transformer,t227944551c,winding_3,x3234149c,x3234149c
center_tapped_transformer,t21386143c,winding_1,l3160862,l3160862
center_tapped_transformer,t21386143c,winding_2,x3160862c,x3160862c
center_tapped_transformer,t21386143c,winding_3,x3160862c,x3160862c
center_tapped_transformer,t226308727b,winding_1,l3233413,l3233413
center_tapped_transformer,t226308727b,winding_2,x3233413b,x3233413b
center_tapped_transformer,t226308727b,winding_3,x3233413b,x3233413b
center_tapped_transformer,t5274986c,winding_1,l2822865,l2822865
center_tapped_transformer,t5274986c,winding_2,x2822865c,x2822865c
center_tapped_transformer,t5274986c,winding_3,x2822865c,x2822865c
center_tapped_transformer,t5391981a,winding_1,l2879081,l2879081
center_tapped_transformer,t5391981a,winding_2,x2879081a,x2879081a
center_tapped_transformer,t5391981a,winding_3,x2879081a,x2879081a
center_tapped_transformer,t28147974b,winding_1,l2691946,l2691946
center_tapped_transformer,t28147974b,winding_2,x2691946b,x2691946b
center_tapped_transformer,t28147974b,winding_3,x2691946b,x2691946b
center_tapped_transformer,t227411655c,winding_1,l2806553,l2806553
center_tapped_transformer,t227411655c,winding_2,x2806553c,x2806553c
center_tapped_transformer,t227411655c,winding_3,x2806553c,x2806553c
center_tapped_transformer,t5302859c,winding_1,l3254215,l3254215
center_tapped_transformer,t5302859c,winding_2,x3254215c,x3254215c
center_tapped_transformer,t5302859c,winding_3,x3254215c,x3254215c
center_tapped_transformer,t226192801c,winding_1,l2951995,l2951995
center_tapped_transformer,t226192801c,winding_2,x2951995c,x2951995c
center_tapped_transformer,t226192801c,winding_3,x2951995c,x2951995c
center_tapped_transformer,t5138651c,winding_1,l3197628,l3197628
center_tapped_transformer,t5138651c,winding_2,x3197628c,x3197628c
center_tapped_transformer,t5138651c,winding_3,x3197628c,x3197628c
center_tapped_transformer,t21470122b,winding_1,l2673343,l2673343
center_tapped_transformer,t21470122b,winding_2,x2673343b,x2673343b
center_tapped_transformer,t21470122b,winding_3,x2673343b,x2673343b
center_tapped_transformer,t28127146b,winding_1,l3160864,l3160864
center_tapped_transformer,t28127146b,winding_2,x3160864b,x3160864b
center_tapped_transformer,t28127146b,winding_3,x3160864b,x3160864b
center_tapped_transformer,t5260601c,winding_1,l2730149,l2730149
center_tapped_transformer,t5260601c,winding_2,x2730149c,x2730149c
center_tapped_transformer,t5260601c,winding_3,x2730149c,x2730149c
center_tapped_transformer,t5323284b,winding_1,l3160113,l3160113
center_tapped_transformer,t5323284b,winding_2,x3160113b,x3160113b
center_tapped_transformer,t5323284b,winding_3,x3160113b,x3160113b
center_tapped_transformer,t5294810a,winding_1,l3010585,l3010585
center_tapped_transformer,t5294810a,winding_2,x3010585a,x3010585a
center_tapped_transformer,t5294810a,winding_3,x3010585a,x3010585a
center_tapped_transformer,t5355359b,winding_1,l2766730,l2766730
center_tapped_transformer,t5355359b,winding_2,x2766730b,x2766730b
center_tapped_transformer,t5355359b,winding_3,x2766730b,x2766730b
center_tapped_transformer,t5260638c,winding_1,l3160871,l3160871
center_tapped_transformer,t5260638c,winding_2,x3160871c,x3160871c
center_tapped_transformer,t5260638c,winding_3,x3160871c,x3160871c
center_tapped_transformer,t5338969a,winding_1,l3104129,l3104129
center_tapped_transformer,t5338969a,winding_2,x3104129a,x3104129a
center_tapped_transformer,t5338969a,winding_3,x3104129a,x3104129a
center_tapped_transformer,t5302672c,winding_1,l3254205,l3254205
center_tapped_transformer,t5302672c,winding_2,x3254205c,x3254205c
center_tapped_transformer,t5302672c,winding_3,x3254205c,x3254205c
center_tapped_transformer,t5339046a,winding_1,l2785511,l2785511
center_tapped_transformer,t5339046a,winding_2,x2785511a,x2785511a
center_tapped_transformer,t5339046a,winding_3,x2785511a,x2785511a
center_tapped_transformer,t5355588b,winding_1,l2822857,l2822857
center_tapped_transformer,t5355588b,winding_2,x2822857b,x2822857b
center_tapped_transformer,t5355588b,winding_3,x2822857b,x2822857b
center_tapped_transformer,t5262075c,winding_1,l3067448,l3067448
center_tapped_transformer,t5262075c,winding_2,x3067448c,x3067448c
center_tapped_transformer,t5262075c,winding_3,x3067448c,x3067448c
center_tapped_transformer,t5260508a,winding_1,l2955081,l2955081
center_tapped_transformer,t5260508a,winding_2,x2955081a,x2955081a
center_tapped_transformer,t5260508a,winding_3,x2955081a,x2955081a
center_tapped_transformer,t28099529c,winding_1,l3235268,l3235268
center_tapped_transformer,t28099529c,winding_2,x3235268c,x3235268c
center_tapped_transformer,t28099529c,winding_3,x3235268c,x3235268c
center_tapped_transformer,t5356795c,winding_1,l2842330,l2842330
center_tapped_transformer,t5356795c,winding_2,x2842330c,x2842330c
center_tapped_transformer,t5356795c,winding_3,x2842330c,x2842330c
center_tapped_transformer,t227917119a,winding_1,l2821770,l2821770
center_tapped_transformer,t227917119a,winding_2,x2821770a,x2821770a
center_tapped_transformer,t227917119a,winding_3,x2821770a,x2821770a
center_tapped_transformer,t21400253b,winding_1,l2691959,l2691959
center_tapped_transformer,t21400253b,winding_2,x2691959b,x2691959b
center_tapped_transformer,t21400253b,winding_3,x2691959b,x2691959b
center_tapped_transformer,t5356801a,winding_1,l3011229,l3011229
center_tapped_transformer,t5356801a,winding_2,x3011229a,x3011229a
center_tapped_transformer,t5356801a,winding_3,x3011229a,x3011229a
center_tapped_transformer,t5223663c,winding_1,l2936216,l2936216
center_tapped_transformer,t5223663c,winding_2,x2936216c,x2936216c
center_tapped_transformer,t5223663c,winding_3,x2936216c,x2936216c
center_tapped_transformer,t5138371c,winding_1,l2879073,l2879073
center_tapped_transformer,t5138371c,winding_2,x2879073c,x2879073c
center_tapped_transformer,t5138371c,winding_3,x2879073c,x2879073c
center_tapped_transformer,t5323247b,winding_1,l2935553,l2935553
center_tapped_transformer,t5323247b,winding_2,x2935553b,x2935553b
center_tapped_transformer,t5323247b,winding_3,x2935553b,x2935553b
center_tapped_transformer,t5138753b,winding_1,l2748130,l2748130
center_tapped_transformer,t5138753b,winding_2,x2748130b,x2748130b
center_tapped_transformer,t5138753b,winding_3,x2748130b,x2748130b
center_tapped_transformer,t5339097b,winding_1,l3085410,l3085410
center_tapped_transformer,t5339097b,winding_2,x3085410b,x3085410b
center_tapped_transformer,t5339097b,winding_3,x3085410b,x3085410b
center_tapped_transformer,t5323283b,winding_1,l2916618,l2916618
center_tapped_transformer,t5323283b,winding_2,x2916618b,x2916618b
center_tapped_transformer,t5323283b,winding_3,x2916618b,x2916618b
center_tapped_transformer,t5321883c,winding_1,l3010564,l3010564
center_tapped_transformer,t5321883c,winding_2,x3010564c,x3010564c
center_tapped_transformer,t5321883c,winding_3,x3010564c,x3010564c
center_tapped_transformer,t21391390b,winding_1,l3217064,l3217064
center_tapped_transformer,t21391390b,winding_2,x3217064b,x3217064b
center_tapped_transformer,t21391390b,winding_3,x3217064b,x3217064b
center_tapped_transformer,t5350994c,winding_1,l3048968,l3048968
center_tapped_transformer,t5350994c,winding_2,x3048968c,x3048968c
center_tapped_transformer,t5350994c,winding_3,x3048968c,x3048968c
center_tapped_transformer,t5391973c,winding_1,l2673319,l2673319
center_tapped_transformer,t5391973c,winding_2,x2673319c,x2673319c
center_tapped_transformer,t5391973c,winding_3,x2673319c,x2673319c
center_tapped_transformer,t5338937c,winding_1,l2897777,l2897777
center_tapped_transformer,t5338937c,winding_2,x2897777c,x2897777c
center_tapped_transformer,t5338937c,winding_3,x2897777c,x2897777c
center_tapped_transformer,t2224500658a,winding_1,l3784018,l3784018
center_tapped_transformer,t2224500658a,winding_2,x3784018a,x3784018a
center_tapped_transformer,t2224500658a,winding_3,x3784018a,x3784018a
center_tapped_transformer,t5138313a,winding_1,l3141400,l3141400
center_tapped_transformer,t5138313a,winding_2,x3141400a,x3141400a
center_tapped_transformer,t5138313a,winding_3,x3141400a,x3141400a
center_tapped_transformer,t21388572b,winding_1,l3235252,l3235252
center_tapped_transformer,t21388572b,winding_2,x3235252b,x3235252b
center_tapped_transformer,t21388572b,winding_3,x3235252b,x3235252b
center_tapped_transformer,t226010605c,winding_1,l2764411,l2764411
center_tapped_transformer,t226010605c,winding_2,x2764411c,x2764411c
center_tapped_transformer,t226010605c,winding_3,x2764411c,x2764411c
center_tapped_transformer,t5260554c,winding_1,l3030200,l3030200
center_tapped_transformer,t5260554c,winding_2,x3030200c,x3030200c
center_tapped_transformer,t5260554c,winding_3,x3030200c,x3030200c
center_tapped_transformer,t227653310c,winding_1,l2746587,l2746587
center_tapped_transformer,t227653310c,winding_2,x2746587c,x2746587c
center_tapped_transformer,t227653310c,winding_3,x2746587c,x2746587c
center_tapped_transformer,t5325473b,winding_1,l3010562,l3010562
center_tapped_transformer,t5325473b,winding_2,x3010562b,x3010562b
center_tapped_transformer,t5325473b,winding_3,x3010562b,x3010562b
center_tapped_transformer,t227187012a,winding_1,l2896685,l2896685
center_tapped_transformer,t227187012a,winding_2,x2896685a,x2896685a
center_tapped_transformer,t227187012a,winding_3,x2896685a,x2896685a
center_tapped_transformer,t227187012b,winding_1,l2896685,l2896685
center_tapped_transformer,t227187012b,winding_2,x2896685b,x2896685b
center_tapped_transformer,t227187012b,winding_3,x2896685b,x2896685b
center_tapped_transformer,t227187012c,winding_1,l2896685,l2896685
center_tapped_transformer,t227187012c,winding_2,x2896685c,x2896685c
center_tapped_transformer,t227187012c,winding_3,x2896685c,x2896685c
center_tapped_transformer,t28121368a,winding_1,l2748143,l2748143
center_tapped_transformer,t28121368a,winding_2,x2748143a,x2748143a
center_tapped_transformer,t28121368a,winding_3,x2748143a,x2748143a
center_tapped_transformer,t21398815a,winding_1,l3216351,l3216351
center_tapped_transformer,t21398815a,winding_2,x3216351a,x3216351a
center_tapped_transformer,t21398815a,winding_3,x3216351a,x3216351a
center_tapped_transformer,t5391993a,winding_1,l3156034,l3156034
center_tapped_transformer,t5391993a,winding_2,x3156034a,x3156034a
center_tapped_transformer,t5391993a,winding_3,x3156034a,x3156034a
center_tapped_transformer,t5247057a,winding_1,l3104128,l3104128
center_tapped_transformer,t5247057a,winding_2,x3104128a,x3104128a
center_tapped_transformer,t5247057a,winding_3,x3104128a,x3104128a
center_tapped_transformer,t5138472c,winding_1,l2673309,l2673309
center_tapped_transformer,t5138472c,winding_2,x2673309c,x2673309c
center_tapped_transformer,t5138472c,winding_3,x2673309c,x2673309c
center_tapped_transformer,t21474587c,winding_1,l3104155,l3104155
center_tapped_transformer,t21474587c,winding_2,x3104155c,x3104155c
center_tapped_transformer,t21474587c,winding_3,x3104155c,x3104155c
center_tapped_transformer,t21248901b,winding_1,l2729430,l2729430
center_tapped_transformer,t21248901b,winding_2,x2729430b,x2729430b
center_tapped_transformer,t21248901b,winding_3,x2729430b,x2729430b
center_tapped_transformer,t5138644a,winding_1,l3197630,l3197630
center_tapped_transformer,t5138644a,winding_2,x3197630a,x3197630a
center_tapped_transformer,t5138644a,winding_3,x3197630a,x3197630a
center_tapped_transformer,t5338908c,winding_1,l2860481,l2860481
center_tapped_transformer,t5338908c,winding_2,x2860481c,x2860481c
center_tapped_transformer,t5338908c,winding_3,x2860481c,x2860481c
center_tapped_transformer,t5323253b,winding_1,l2973152,l2973152
center_tapped_transformer,t5323253b,winding_2,x2973152b,x2973152b
center_tapped_transformer,t5323253b,winding_3,x2973152b,x2973152b
center_tapped_transformer,t21357901b,winding_1,l3160117,l3160117
center_tapped_transformer,t21357901b,winding_2,x3160117b,x3160117b
center_tapped_transformer,t21357901b,winding_3,x3160117b,x3160117b
center_tapped_transformer,t5323235b,winding_1,l3197624,l3197624
center_tapped_transformer,t5323235b,winding_2,x3197624b,x3197624b
center_tapped_transformer,t5323235b,winding_3,x3197624b,x3197624b
center_tapped_transformer,t226308710b,winding_1,l2708744,l2708744
center_tapped_transformer,t226308710b,winding_2,x2708744b,x2708744b
center_tapped_transformer,t226308710b,winding_3,x2708744b,x2708744b
center_tapped_transformer,t5260620c,winding_1,l3067506,l3067506
center_tapped_transformer,t5260620c,winding_2,x3067506c,x3067506c
center_tapped_transformer,t5260620c,winding_3,x3067506c,x3067506c
center_tapped_transformer,t5302834c,winding_1,l2841625,l2841625
center_tapped_transformer,t5302834c,winding_2,x2841625c,x2841625c
center_tapped_transformer,t5302834c,winding_3,x2841625c,x2841625c
center_tapped_transformer,t5323245b,winding_1,l2785512,l2785512
center_tapped_transformer,t5323245b,winding_2,x2785512b,x2785512b
center_tapped_transformer,t5323245b,winding_3,x2785512b,x2785512b
center_tapped_transformer,t5138236b,winding_1,l2673305,l2673305
center_tapped_transformer,t5138236b,winding_2,x2673305b,x2673305b
center_tapped_transformer,t5138236b,winding_3,x2673305b,x2673305b
center_tapped_transformer,t5323234b,winding_1,l2860480,l2860480
center_tapped_transformer,t5323234b,winding_2,x2860480b,x2860480b
center_tapped_transformer,t5323234b,winding_3,x2860480b,x2860480b
center_tapped_transformer,t226196642a,winding_1,l2914324,l2914324
center_tapped_transformer,t226196642a,winding_2,x2914324a,x2914324a
center_tapped_transformer,t226196642a,winding_3,x2914324a,x2914324a
center_tapped_transformer,t21386754a,winding_1,l2766741,l2766741
center_tapped_transformer,t21386754a,winding_2,x2766741a,x2766741a
center_tapped_transformer,t21386754a,winding_3,x2766741a,x2766741a
center_tapped_transformer,t5339001b,winding_1,l3178988,l3178988
center_tapped_transformer,t5339001b,winding_2,x3178988b,x3178988b
center_tapped_transformer,t5339001b,winding_3,x3178988b,x3178988b
center_tapped_transformer,t5339017c,winding_1,l2729423,l2729423
center_tapped_transformer,t5339017c,winding_2,x2729423c,x2729423c
center_tapped_transformer,t5339017c,winding_3,x2729423c,x2729423c
center_tapped_transformer,t28147708b,winding_1,l2991929,l2991929
center_tapped_transformer,t28147708b,winding_2,x2991929b,x2991929b
center_tapped_transformer,t28147708b,winding_3,x2991929b,x2991929b
center_tapped_transformer,t5356802a,winding_1,l2767342,l2767342
center_tapped_transformer,t5356802a,winding_2,x2767342a,x2767342a
center_tapped_transformer,t5356802a,winding_3,x2767342a,x2767342a
center_tapped_transformer,t5356815a,winding_1,l2936212,l2936212
center_tapped_transformer,t5356815a,winding_2,x2936212a,x2936212a
center_tapped_transformer,t5356815a,winding_3,x2936212a,x2936212a
center_tapped_transformer,t21389761b,winding_1,l2861219,l2861219
center_tapped_transformer,t21389761b,winding_2,x2861219b,x2861219b
center_tapped_transformer,t21389761b,winding_3,x2861219b,x2861219b
center_tapped_transformer,t226163467a,winding_1,l3120376,l3120376
center_tapped_transformer,t226163467a,winding_2,x3120376a,x3120376a
center_tapped_transformer,t226163467a,winding_3,x3120376a,x3120376a
center_tapped_transformer,t5302400a,winding_1,l2991919,l2991919
center_tapped_transformer,t5302400a,winding_2,x2991919a,x2991919a
center_tapped_transformer,t5302400a,winding_3,x2991919a,x2991919a
center_tapped_transformer,t21380599a,winding_1,l3066804,l3066804
center_tapped_transformer,t21380599a,winding_2,x3066804a,x3066804a
center_tapped_transformer,t21380599a,winding_3,x3066804a,x3066804a
center_tapped_transformer,t5274999c,winding_1,l2935550,l2935550
center_tapped_transformer,t5274999c,winding_2,x2935550c,x2935550c
center_tapped_transformer,t5274999c,winding_3,x2935550c,x2935550c
center_tapped_transformer,t5247105b,winding_1,l2691942,l2691942
center_tapped_transformer,t5247105b,winding_2,x2691942b,x2691942b
center_tapped_transformer,t5247105b,winding_3,x2691942b,x2691942b
center_tapped_transformer,t5260634a,winding_1,l2842383,l2842383
center_tapped_transformer,t5260634a,winding_2,x2842383a,x2842383a
center_tapped_transformer,t5260634a,winding_3,x2842383a,x2842383a
center_tapped_transformer,t5223660c,winding_1,l3160863,l3160863
center_tapped_transformer,t5223660c,winding_2,x3160863c,x3160863c
center_tapped_transformer,t5223660c,winding_3,x3160863c,x3160863c
center_tapped_transformer,t5337668b,winding_1,l2935549,l2935549
center_tapped_transformer,t5337668b,winding_2,x2935549b,x2935549b
center_tapped_transformer,t5337668b,winding_3,x2935549b,x2935549b
center_tapped_transformer,t226194865a,winding_1,l3027122,l3027122
center_tapped_transformer,t226194865a,winding_2,x3027122a,x3027122a
center_tapped_transformer,t226194865a,winding_3,x3027122a,x3027122a
center_tapped_transformer,t5338990b,winding_1,l2673331,l2673331
center_tapped_transformer,t5338990b,winding_2,x2673331b,x2673331b
center_tapped_transformer,t5338990b,winding_3,x2673331b,x2673331b
center_tapped_transformer,t5338988a,winding_1,l3254231,l3254231
center_tapped_transformer,t5338988a,winding_2,x3254231a,x3254231a
center_tapped_transformer,t5338988a,winding_3,x3254231a,x3254231a
center_tapped_transformer,t5321860b,winding_1,l2785543,l2785543
center_tapped_transformer,t5321860b,winding_2,x2785543b,x2785543b
center_tapped_transformer,t5321860b,winding_3,x2785543b,x2785543b
center_tapped_transformer,t21459640c,winding_1,l2970258,l2970258
center_tapped_transformer,t21459640c,winding_2,x2970258c,x2970258c
center_tapped_transformer,t21459640c,winding_3,x2970258c,x2970258c
center_tapped_transformer,t5323392b,winding_1,l2748124,l2748124
center_tapped_transformer,t5323392b,winding_2,x2748124b,x2748124b
center_tapped_transformer,t5323392b,winding_3,x2748124b,x2748124b
center_tapped_transformer,t5207290a,winding_1,l2879773,l2879773
center_tapped_transformer,t5207290a,winding_2,x2879773a,x2879773a
center_tapped_transformer,t5207290a,winding_3,x2879773a,x2879773a
center_tapped_transformer,t5302808c,winding_1,l2841626,l2841626
center_tapped_transformer,t5302808c,winding_2,x2841626c,x2841626c
center_tapped_transformer,t5302808c,winding_3,x2841626c,x2841626c
center_tapped_transformer,t28148633a,winding_1,l2991905,l2991905
center_tapped_transformer,t28148633a,winding_2,x2991905a,x2991905a
center_tapped_transformer,t28148633a,winding_3,x2991905a,x2991905a
center_tapped_transformer,t21015829a,winding_1,l2822861,l2822861
center_tapped_transformer,t21015829a,winding_2,x2822861a,x2822861a
center_tapped_transformer,t21015829a,winding_3,x2822861a,x2822861a
center_tapped_transformer,t5356011a,winding_1,l3216337,l3216337
center_tapped_transformer,t5356011a,winding_2,x3216337a,x3216337a
center_tapped_transformer,t5356011a,winding_3,x3216337a,x3216337a
center_tapped_transformer,t5260514c,winding_1,l2674047,l2674047
center_tapped_transformer,t5260514c,winding_2,x2674047c,x2674047c
center_tapped_transformer,t5260514c,winding_3,x2674047c,x2674047c
center_tapped_transformer,t5338976b,winding_1,l2691967,l2691967
center_tapped_transformer,t5338976b,winding_2,x2691967b,x2691967b
center_tapped_transformer,t5338976b,winding_3,x2691967b,x2691967b
center_tapped_transformer,t2224179616c,winding_1,l3626914,l3626914
center_tapped_transformer,t2224179616c,winding_2,x3626914c,x3626914c
center_tapped_transformer,t2224179616c,winding_3,x3626914c,x3626914c
center_tapped_transformer,t227903012a,winding_1,l3177894,l3177894
center_tapped_transformer,t227903012a,winding_2,x3177894a,x3177894a
center_tapped_transformer,t227903012a,winding_3,x3177894a,x3177894a
center_tapped_transformer,t226308716b,winding_1,l2690187,l2690187
center_tapped_transformer,t226308716b,winding_2,x2690187b,x2690187b
center_tapped_transformer,t226308716b,winding_3,x2690187b,x2690187b
center_tapped_transformer,t5293673a,winding_1,l3122827,l3122827
center_tapped_transformer,t5293673a,winding_2,x3122827a,x3122827a
center_tapped_transformer,t5293673a,winding_3,x3122827a,x3122827a
center_tapped_transformer,t2223664050b,winding_1,l3315860,l3315860
center_tapped_transformer,t2223664050b,winding_2,x3315860b,x3315860b
center_tapped_transformer,t2223664050b,winding_3,x3315860b,x3315860b
center_tapped_transformer,t5355942a,winding_1,l2973165,l2973165
center_tapped_transformer,t5355942a,winding_2,x2973165a,x2973165a
center_tapped_transformer,t5355942a,winding_3,x2973165a,x2973165a
center_tapped_transformer,t5338983b,winding_1,l2691965,l2691965
center_tapped_transformer,t5338983b,winding_2,x2691965b,x2691965b
center_tapped_transformer,t5338983b,winding_3,x2691965b,x2691965b
center_tapped_transformer,t5391991a,winding_1,l3216346,l3216346
center_tapped_transformer,t5391991a,winding_2,x3216346a,x3216346a
center_tapped_transformer,t5391991a,winding_3,x3216346a,x3216346a
center_tapped_transformer,t5321892c,winding_1,l3235267,l3235267
center_tapped_transformer,t5321892c,winding_2,x3235267c,x3235267c
center_tapped_transformer,t5321892c,winding_3,x3235267c,x3235267c
center_tapped_transformer,t5138464c,winding_1,l3066801,l3066801
center_tapped_transformer,t5138464c,winding_2,x3066801c,x3066801c
center_tapped_transformer,t5138464c,winding_3,x3066801c,x3066801c
center_tapped_transformer,t5260621c,winding_1,l2898515,l2898515
center_tapped_transformer,t5260621c,winding_2,x2898515c,x2898515c
center_tapped_transformer,t5260621c,winding_3,x2898515c,x2898515c
center_tapped_transformer,t5337697b,winding_1,l2804258,l2804258
center_tapped_transformer,t5337697b,winding_2,x2804258b,x2804258b
center_tapped_transformer,t5337697b,winding_3,x2804258b,x2804258b
center_tapped_transformer,t5302675a,winding_1,l2954354,l2954354
center_tapped_transformer,t5302675a,winding_2,x2954354a,x2954354a
center_tapped_transformer,t5302675a,winding_3,x2954354a,x2954354a
center_tapped_transformer,t226308730a,winding_1,l2802481,l2802481
center_tapped_transformer,t226308730a,winding_2,x2802481a,x2802481a
center_tapped_transformer,t226308730a,winding_3,x2802481a,x2802481a
center_tapped_transformer,t5323398b,winding_1,l2710505,l2710505
center_tapped_transformer,t5323398b,winding_2,x2710505b,x2710505b
center_tapped_transformer,t5323398b,winding_3,x2710505b,x2710505b
center_tapped_transformer,t5355587b,winding_1,l3104114,l3104114
center_tapped_transformer,t5355587b,winding_2,x3104114b,x3104114b
center_tapped_transformer,t5355587b,winding_3,x3104114b,x3104114b
center_tapped_transformer,t225533237b,winding_1,l2798067,l2798067
center_tapped_transformer,t225533237b,winding_2,x2798067b,x2798067b
center_tapped_transformer,t225533237b,winding_3,x2798067b,x2798067b
center_tapped_transformer,t28118808a,winding_1,l3122825,l3122825
center_tapped_transformer,t28118808a,winding_2,x3122825a,x3122825a
center_tapped_transformer,t28118808a,winding_3,x3122825a,x3122825a
center_tapped_transformer,t5337704b,winding_1,l2710546,l2710546
center_tapped_transformer,t5337704b,winding_2,x2710546b,x2710546b
center_tapped_transformer,t5337704b,winding_3,x2710546b,x2710546b
center_tapped_transformer,t5337701b,winding_1,l2879071,l2879071
center_tapped_transformer,t5337701b,winding_2,x2879071b,x2879071b
center_tapped_transformer,t5337701b,winding_3,x2879071b,x2879071b
center_tapped_transformer,t5337675a,winding_1,l2785514,l2785514
center_tapped_transformer,t5337675a,winding_2,x2785514a,x2785514a
center_tapped_transformer,t5337675a,winding_3,x2785514a,x2785514a
center_tapped_transformer,t5260594a,winding_1,l2898457,l2898457
center_tapped_transformer,t5260594a,winding_2,x2898457a,x2898457a
center_tapped_transformer,t5260594a,winding_3,x2898457a,x2898457a
center_tapped_transformer,t2224386815a,winding_1,l3727708,l3727708
center_tapped_transformer,t2224386815a,winding_2,x3727708a,x3727708a
center_tapped_transformer,t2224386815a,winding_3,x3727708a,x3727708a
center_tapped_transformer,t5260590b,winding_1,l3216988,l3216988
center_tapped_transformer,t5260590b,winding_2,x3216988b,x3216988b
center_tapped_transformer,t5260590b,winding_3,x3216988b,x3216988b
center_tapped_transformer,t5323266b,winding_1,l3197632,l3197632
center_tapped_transformer,t5323266b,winding_2,x3197632b,x3197632b
center_tapped_transformer,t5323266b,winding_3,x3197632b,x3197632b
center_tapped_transformer,t5293422c,winding_1,l3178997,l3178997
center_tapped_transformer,t5293422c,winding_2,x3178997c,x3178997c
center_tapped_transformer,t5293422c,winding_3,x3178997c,x3178997c
center_tapped_transformer,t5339005b,winding_1,l2785535,l2785535
center_tapped_transformer,t5339005b,winding_2,x2785535b,x2785535b
center_tapped_transformer,t5339005b,winding_3,x2785535b,x2785535b
center_tapped_transformer,t5337626c,winding_1,l3216343,l3216343
center_tapped_transformer,t5337626c,winding_2,x3216343c,x3216343c
center_tapped_transformer,t5337626c,winding_3,x3216343c,x3216343c
center_tapped_transformer,t5338919a,winding_1,l2748127,l2748127
center_tapped_transformer,t5338919a,winding_2,x2748127a,x2748127a
center_tapped_transformer,t5338919a,winding_3,x2748127a,x2748127a
center_tapped_transformer,t5355438c,winding_1,l2673323,l2673323
center_tapped_transformer,t5355438c,winding_2,x2673323c,x2673323c
center_tapped_transformer,t5355438c,winding_3,x2673323c,x2673323c
center_tapped_transformer,t5138798b,winding_1,l3104859,l3104859
center_tapped_transformer,t5138798b,winding_2,x3104859b,x3104859b
center_tapped_transformer,t5138798b,winding_3,x3104859b,x3104859b
center_tapped_transformer,t228001810a,winding_1,l2859403,l2859403
center_tapped_transformer,t228001810a,winding_2,x2859403a,x2859403a
center_tapped_transformer,t228001810a,winding_3,x2859403a,x2859403a
center_tapped_transformer,t5338915c,winding_1,l2954345,l2954345
center_tapped_transformer,t5338915c,winding_2,x2954345c,x2954345c
center_tapped_transformer,t5338915c,winding_3,x2954345c,x2954345c
center_tapped_transformer,t5339048a,winding_1,l3160098,l3160098
center_tapped_transformer,t5339048a,winding_2,x3160098a,x3160098a
center_tapped_transformer,t5339048a,winding_3,x3160098a,x3160098a
center_tapped_transformer,t5325474b,winding_1,l3254228,l3254228
center_tapped_transformer,t5325474b,winding_2,x3254228b,x3254228b
center_tapped_transformer,t5325474b,winding_3,x3254228b,x3254228b
center_tapped_transformer,t5321878a,winding_1,l3101788,l3101788
center_tapped_transformer,t5321878a,winding_2,x3101788a,x3101788a
center_tapped_transformer,t5321878a,winding_3,x3101788a,x3101788a
center_tapped_transformer,t5337677a,winding_1,l2785513,l2785513
center_tapped_transformer,t5337677a,winding_2,x2785513a,x2785513a
center_tapped_transformer,t5337677a,winding_3,x2785513a,x2785513a
center_tapped_transformer,t225684682b,winding_1,l3231269,l3231269
center_tapped_transformer,t225684682b,winding_2,x3231269b,x3231269b
center_tapped_transformer,t225684682b,winding_3,x3231269b,x3231269b
center_tapped_transformer,t28129399c,winding_1,l2991921,l2991921
center_tapped_transformer,t28129399c,winding_2,x2991921c,x2991921c
center_tapped_transformer,t28129399c,winding_3,x2991921c,x2991921c
center_tapped_transformer,t5302731a,winding_1,l3122826,l3122826
center_tapped_transformer,t5302731a,winding_2,x3122826a,x3122826a
center_tapped_transformer,t5302731a,winding_3,x3122826a,x3122826a
center_tapped_transformer,t21325725c,winding_1,l2842390,l2842390
center_tapped_transformer,t21325725c,winding_2,x2842390c,x2842390c
center_tapped_transformer,t21325725c,winding_3,x2842390c,x2842390c
center_tapped_transformer,t5138571a,winding_1,l2991913,l2991913
center_tapped_transformer,t5138571a,winding_2,x2991913a,x2991913a
center_tapped_transformer,t5138571a,winding_3,x2991913a,x2991913a
center_tapped_transformer,t5339020a,winding_1,l3104144,l3104144
center_tapped_transformer,t5339020a,winding_2,x3104144a,x3104144a
center_tapped_transformer,t5339020a,winding_3,x3104144a,x3104144a
center_tapped_transformer,t5339013b,winding_1,l2804270,l2804270
center_tapped_transformer,t5339013b,winding_2,x2804270b,x2804270b
center_tapped_transformer,t5339013b,winding_3,x2804270b,x2804270b
center_tapped_transformer,t5260632a,winding_1,l2917333,l2917333
center_tapped_transformer,t5260632a,winding_2,x2917333a,x2917333a
center_tapped_transformer,t5260632a,winding_3,x2917333a,x2917333a
center_tapped_transformer,t5247058a,winding_1,l2673315,l2673315
center_tapped_transformer,t5247058a,winding_2,x2673315a,x2673315a
center_tapped_transformer,t5247058a,winding_3,x2673315a,x2673315a
center_tapped_transformer,t225918936c,winding_1,l2688693,l2688693
center_tapped_transformer,t225918936c,winding_2,x2688693c,x2688693c
center_tapped_transformer,t225918936c,winding_3,x2688693c,x2688693c
center_tapped_transformer,t5321893c,winding_1,l2841645,l2841645
center_tapped_transformer,t5321893c,winding_2,x2841645c,x2841645c
center_tapped_transformer,t5321893c,winding_3,x2841645c,x2841645c
center_tapped_transformer,t5391740b,winding_1,l3048200,l3048200
center_tapped_transformer,t5391740b,winding_2,x3048200b,x3048200b
center_tapped_transformer,t5391740b,winding_3,x3048200b,x3048200b
center_tapped_transformer,t5138260a,winding_1,l3048208,l3048208
center_tapped_transformer,t5138260a,winding_2,x3048208a,x3048208a
center_tapped_transformer,t5138260a,winding_3,x3048208a,x3048208a
center_tapped_transformer,t5260535c,winding_1,l3067507,l3067507
center_tapped_transformer,t5260535c,winding_2,x3067507c,x3067507c
center_tapped_transformer,t5260535c,winding_3,x3067507c,x3067507c
center_tapped_transformer,t21389962c,winding_1,l2804249,l2804249
center_tapped_transformer,t21389962c,winding_2,x2804249c,x2804249c
center_tapped_transformer,t21389962c,winding_3,x2804249c,x2804249c
center_tapped_transformer,t5328363b,winding_1,l2936213,l2936213
center_tapped_transformer,t5328363b,winding_2,x2936213b,x2936213b
center_tapped_transformer,t5328363b,winding_3,x2936213b,x2936213b
center_tapped_transformer,t228057846a,winding_1,l3215340,l3215340
center_tapped_transformer,t228057846a,winding_2,x3215340a,x3215340a
center_tapped_transformer,t228057846a,winding_3,x3215340a,x3215340a
center_tapped_transformer,t5339052c,winding_1,l3118855,l3118855
center_tapped_transformer,t5339052c,winding_2,x3118855c,x3118855c
center_tapped_transformer,t5339052c,winding_3,x3118855c,x3118855c
center_tapped_transformer,t5323261b,winding_1,l3085397,l3085397
center_tapped_transformer,t5323261b,winding_2,x3085397b,x3085397b
center_tapped_transformer,t5323261b,winding_3,x3085397b,x3085397b
center_tapped_transformer,t5260569c,winding_1,l3104796,l3104796
center_tapped_transformer,t5260569c,winding_2,x3104796c,x3104796c
center_tapped_transformer,t5260569c,winding_3,x3104796c,x3104796c
center_tapped_transformer,t228622562a,winding_1,l3108449,l3108449
center_tapped_transformer,t228622562a,winding_2,x3108449a,x3108449a
center_tapped_transformer,t228622562a,winding_3,x3108449a,x3108449a
center_tapped_transformer,t5337632c,winding_1,l2673307,l2673307
center_tapped_transformer,t5337632c,winding_2,x2673307c,x2673307c
center_tapped_transformer,t5337632c,winding_3,x2673307c,x2673307c
center_tapped_transformer,t21398536a,winding_1,l2973159,l2973159
center_tapped_transformer,t21398536a,winding_2,x2973159a,x2973159a
center_tapped_transformer,t21398536a,winding_3,x2973159a,x2973159a
center_tapped_transformer,t5321877a,winding_1,l3101787,l3101787
center_tapped_transformer,t5321877a,winding_2,x3101787a,x3101787a
center_tapped_transformer,t5321877a,winding_3,x3101787a,x3101787a
center_tapped_transformer,t5338931c,winding_1,l2785521,l2785521
center_tapped_transformer,t5338931c,winding_2,x2785521c,x2785521c
center_tapped_transformer,t5338931c,winding_3,x2785521c,x2785521c
center_tapped_transformer,t5339016b,winding_1,l3235273,l3235273
center_tapped_transformer,t5339016b,winding_2,x3235273b,x3235273b
center_tapped_transformer,t5339016b,winding_3,x3235273b,x3235273b
center_tapped_transformer,t5356798c,winding_1,l2692600,l2692600
center_tapped_transformer,t5356798c,winding_2,x2692600c,x2692600c
center_tapped_transformer,t5356798c,winding_3,x2692600c,x2692600c
center_tapped_transformer,t21386442c,winding_1,l3179637,l3179637
center_tapped_transformer,t21386442c,winding_2,x3179637c,x3179637c
center_tapped_transformer,t21386442c,winding_3,x3179637c,x3179637c
center_tapped_transformer,t5337633c,winding_1,l2729406,l2729406
center_tapped_transformer,t5337633c,winding_2,x2729406c,x2729406c
center_tapped_transformer,t5337633c,winding_3,x2729406c,x2729406c
center_tapped_transformer,t5302678a,winding_1,l3029499,l3029499
center_tapped_transformer,t5302678a,winding_2,x3029499a,x3029499a
center_tapped_transformer,t5302678a,winding_3,x3029499a,x3029499a
center_tapped_transformer,t5251828b,winding_1,l3179650,l3179650
center_tapped_transformer,t5251828b,winding_2,x3179650b,x3179650b
center_tapped_transformer,t5251828b,winding_3,x3179650b,x3179650b
center_tapped_transformer,t5356803a,winding_1,l2748780,l2748780
center_tapped_transformer,t5356803a,winding_2,x2748780a,x2748780a
center_tapped_transformer,t5356803a,winding_3,x2748780a,x2748780a
center_tapped_transformer,t21386976a,winding_1,l3141398,l3141398
center_tapped_transformer,t21386976a,winding_2,x3141398a,x3141398a
center_tapped_transformer,t21386976a,winding_3,x3141398a,x3141398a
center_tapped_transformer,t5293668a,winding_1,l3085403,l3085403
center_tapped_transformer,t5293668a,winding_2,x3085403a,x3085403a
center_tapped_transformer,t5293668a,winding_3,x3085403a,x3085403a
center_tapped_transformer,t5138796b,winding_1,l3236011,l3236011
center_tapped_transformer,t5138796b,winding_2,x3236011b,x3236011b
center_tapped_transformer,t5138796b,winding_3,x3236011b,x3236011b
center_tapped_transformer,t5355584b,winding_1,l2710542,l2710542
center_tapped_transformer,t5355584b,winding_2,x2710542b,x2710542b
center_tapped_transformer,t5355584b,winding_3,x2710542b,x2710542b
center_tapped_transformer,t226191995b,winding_1,l2801896,l2801896
center_tapped_transformer,t226191995b,winding_2,x2801896b,x2801896b
center_tapped_transformer,t226191995b,winding_3,x2801896b,x2801896b
center_tapped_transformer,t5337688b,winding_1,l3029501,l3029501
center_tapped_transformer,t5337688b,winding_2,x3029501b,x3029501b
center_tapped_transformer,t5337688b,winding_3,x3029501b,x3029501b
center_tapped_transformer,t228446184a,winding_1,l3159645,l3159645
center_tapped_transformer,t228446184a,winding_2,x3159645a,x3159645a
center_tapped_transformer,t228446184a,winding_3,x3159645a,x3159645a
center_tapped_transformer,t226193698c,winding_1,l3125349,l3125349
center_tapped_transformer,t226193698c,winding_2,x3125349c,x3125349c
center_tapped_transformer,t226193698c,winding_3,x3125349c,x3125349c
center_tapped_transformer,t5325472b,winding_1,l2973149,l2973149
center_tapped_transformer,t5325472b,winding_2,x2973149b,x2973149b
center_tapped_transformer,t5325472b,winding_3,x2973149b,x2973149b
center_tapped_transformer,t21390038c,winding_1,l3030205,l3030205
center_tapped_transformer,t21390038c,winding_2,x3030205c,x3030205c
center_tapped_transformer,t21390038c,winding_3,x3030205c,x3030205c
center_tapped_transformer,t5356012a,winding_1,l2841615,l2841615
center_tapped_transformer,t5356012a,winding_2,x2841615a,x2841615a
center_tapped_transformer,t5356012a,winding_3,x2841615a,x2841615a
center_tapped_transformer,t5260495b,winding_1,l2767407,l2767407
center_tapped_transformer,t5260495b,winding_2,x2767407b,x2767407b
center_tapped_transformer,t5260495b,winding_3,x2767407b,x2767407b
center_tapped_transformer,t225767272a,winding_1,l3139103,l3139103
center_tapped_transformer,t225767272a,winding_2,x3139103a,x3139103a
center_tapped_transformer,t225767272a,winding_3,x3139103a,x3139103a
center_tapped_transformer,t28129466a,winding_1,l3011293,l3011293
center_tapped_transformer,t28129466a,winding_2,x3011293a,x3011293a
center_tapped_transformer,t28129466a,winding_3,x3011293a,x3011293a
center_tapped_transformer,t28129466b,winding_1,l3011293,l3011293
center_tapped_transformer,t28129466b,winding_2,x3011293b,x3011293b
center_tapped_transformer,t28129466b,winding_3,x3011293b,x3011293b
center_tapped_transformer,t28129466c,winding_1,l3011293,l3011293
center_tapped_transformer,t28129466c,winding_2,x3011293c,x3011293c
center_tapped_transformer,t28129466c,winding_3,x3011293c,x3011293c
center_tapped_transformer,t226193702c,winding_1,l3181545,l3181545
center_tapped_transformer,t226193702c,winding_2,x3181545c,x3181545c
center_tapped_transformer,t226193702c,winding_3,x3181545c,x3181545c
center_tapped_transformer,t5338917a,winding_1,l2935555,l2935555
center_tapped_transformer,t5338917a,winding_2,x2935555a,x2935555a
center_tapped_transformer,t5338917a,winding_3,x2935555a,x2935555a
center_tapped_transformer,t5323248b,winding_1,l3048207,l3048207
center_tapped_transformer,t5323248b,winding_2,x3048207b,x3048207b
center_tapped_transformer,t5323248b,winding_3,x3048207b,x3048207b
center_tapped_transformer,t5337707b,winding_1,l3160104,l3160104
center_tapped_transformer,t5337707b,winding_2,x3160104b,x3160104b
center_tapped_transformer,t5337707b,winding_3,x3160104b,x3160104b
center_tapped_transformer,t21393643a,winding_1,l2851933,l2851933
center_tapped_transformer,t21393643a,winding_2,x2851933a,x2851933a
center_tapped_transformer,t21393643a,winding_3,x2851933a,x2851933a
center_tapped_transformer,t21393643b,winding_1,l2851933,l2851933
center_tapped_transformer,t21393643b,winding_2,x2851933b,x2851933b
center_tapped_transformer,t21393643b,winding_3,x2851933b,x2851933b
center_tapped_transformer,t21393643c,winding_1,l2851933,l2851933
center_tapped_transformer,t21393643c,winding_2,x2851933c,x2851933c
center_tapped_transformer,t21393643c,winding_3,x2851933c,x2851933c
center_tapped_transformer,t5247170b,winding_1,l2897784,l2897784
center_tapped_transformer,t5247170b,winding_2,x2897784b,x2897784b
center_tapped_transformer,t5247170b,winding_3,x2897784b,x2897784b
center_tapped_transformer,t5293664a,winding_1,l3207907,l3207907
center_tapped_transformer,t5293664a,winding_2,x3207907a,x3207907a
center_tapped_transformer,t5293664a,winding_3,x3207907a,x3207907a
center_tapped_transformer,t5293664b,winding_1,l3207907,l3207907
center_tapped_transformer,t5293664b,winding_2,x3207907b,x3207907b
center_tapped_transformer,t5293664b,winding_3,x3207907b,x3207907b
center_tapped_transformer,t5293664c,winding_1,l3207907,l3207907
center_tapped_transformer,t5293664c,winding_2,x3207907c,x3207907c
center_tapped_transformer,t5293664c,winding_3,x3207907c,x3207907c
center_tapped_transformer,t226193395b,winding_1,l2726974,l2726974
center_tapped_transformer,t226193395b,winding_2,x2726974b,x2726974b
center_tapped_transformer,t226193395b,winding_3,x2726974b,x2726974b
center_tapped_transformer,t5138262a,winding_1,l3029502,l3029502
center_tapped_transformer,t5138262a,winding_2,x3029502a,x3029502a
center_tapped_transformer,t5138262a,winding_3,x3029502a,x3029502a
center_tapped_transformer,t5338923c,winding_1,l3178972,l3178972
center_tapped_transformer,t5338923c,winding_2,x3178972c,x3178972c
center_tapped_transformer,t5338923c,winding_3,x3178972c,x3178972c
center_tapped_transformer,t5260607b,winding_1,l3029055,l3029055
center_tapped_transformer,t5260607b,winding_2,x3029055b,x3029055b
center_tapped_transformer,t5260607b,winding_3,x3029055b,x3029055b
center_tapped_transformer,t5302368b,winding_1,l3029507,l3029507
center_tapped_transformer,t5302368b,winding_2,x3029507b,x3029507b
center_tapped_transformer,t5302368b,winding_3,x3029507b,x3029507b
center_tapped_transformer,t5338989a,winding_1,l3254230,l3254230
center_tapped_transformer,t5338989a,winding_2,x3254230a,x3254230a
center_tapped_transformer,t5338989a,winding_3,x3254230a,x3254230a
center_tapped_transformer,t5260639c,winding_1,l3030203,l3030203
center_tapped_transformer,t5260639c,winding_2,x3030203c,x3030203c
center_tapped_transformer,t5260639c,winding_3,x3030203c,x3030203c
center_tapped_transformer,t5323273b,winding_1,l3048203,l3048203
center_tapped_transformer,t5323273b,winding_2,x3048203b,x3048203b
center_tapped_transformer,t5323273b,winding_3,x3048203b,x3048203b
center_tapped_transformer,t5260521b,winding_1,l3048963,l3048963
center_tapped_transformer,t5260521b,winding_2,x3048963b,x3048963b
center_tapped_transformer,t5260521b,winding_3,x3048963b,x3048963b
center_tapped_transformer,t21380325b,winding_1,l2674027,l2674027
center_tapped_transformer,t21380325b,winding_2,x2674027b,x2674027b
center_tapped_transformer,t21380325b,winding_3,x2674027b,x2674027b
center_tapped_transformer,t5391753b,winding_1,l2973163,l2973163
center_tapped_transformer,t5391753b,winding_2,x2973163b,x2973163b
center_tapped_transformer,t5391753b,winding_3,x2973163b,x2973163b
center_tapped_transformer,t5260479a,winding_1,l2955074,l2955074
center_tapped_transformer,t5260479a,winding_2,x2955074a,x2955074a
center_tapped_transformer,t5260479a,winding_3,x2955074a,x2955074a
center_tapped_transformer,t5337645b,winding_1,l3216342,l3216342
center_tapped_transformer,t5337645b,winding_2,x3216342b,x3216342b
center_tapped_transformer,t5337645b,winding_3,x3216342b,x3216342b
center_tapped_transformer,t5275008c,winding_1,l3235243,l3235243
center_tapped_transformer,t5275008c,winding_2,x3235243c,x3235243c
center_tapped_transformer,t5275008c,winding_3,x3235243c,x3235243c
center_tapped_transformer,t226194421c,winding_1,l3214069,l3214069
center_tapped_transformer,t226194421c,winding_2,x3214069c,x3214069c
center_tapped_transformer,t226194421c,winding_3,x3214069c,x3214069c
center_tapped_transformer,t5338972b,winding_1,l2841632,l2841632
center_tapped_transformer,t5338972b,winding_2,x2841632b,x2841632b
center_tapped_transformer,t5338972b,winding_3,x2841632b,x2841632b
center_tapped_transformer,t5391747b,winding_1,l2822859,l2822859
center_tapped_transformer,t5391747b,winding_2,x2822859b,x2822859b
center_tapped_transformer,t5391747b,winding_3,x2822859b,x2822859b
center_tapped_transformer,t5251865c,winding_1,l3142050,l3142050
center_tapped_transformer,t5251865c,winding_2,x3142050c,x3142050c
center_tapped_transformer,t5251865c,winding_3,x3142050c,x3142050c
center_tapped_transformer,t5338898a,winding_1,l2973155,l2973155
center_tapped_transformer,t5338898a,winding_2,x2973155a,x2973155a
center_tapped_transformer,t5338898a,winding_3,x2973155a,x2973155a
center_tapped_transformer,t5260605a,winding_1,l2973791,l2973791
center_tapped_transformer,t5260605a,winding_2,x2973791a,x2973791a
center_tapped_transformer,t5260605a,winding_3,x2973791a,x2973791a
center_tapped_transformer,t5138405c,winding_1,l2841629,l2841629
center_tapped_transformer,t5138405c,winding_2,x2841629c,x2841629c
center_tapped_transformer,t5138405c,winding_3,x2841629c,x2841629c
center_tapped_transformer,t21397544a,winding_1,l2822868,l2822868
center_tapped_transformer,t21397544a,winding_2,x2822868a,x2822868a
center_tapped_transformer,t21397544a,winding_3,x2822868a,x2822868a
center_tapped_transformer,t5302370b,winding_1,l3122823,l3122823
center_tapped_transformer,t5302370b,winding_2,x3122823b,x3122823b
center_tapped_transformer,t5302370b,winding_3,x3122823b,x3122823b
center_tapped_transformer,t5337614b,winding_1,l2952003,l2952003
center_tapped_transformer,t5337614b,winding_2,x2952003b,x2952003b
center_tapped_transformer,t5337614b,winding_3,x2952003b,x2952003b
center_tapped_transformer,t5260467a,winding_1,l3104856,l3104856
center_tapped_transformer,t5260467a,winding_2,x3104856a,x3104856a
center_tapped_transformer,t5260467a,winding_3,x3104856a,x3104856a
center_tapped_transformer,t5223662c,winding_1,l2786204,l2786204
center_tapped_transformer,t5223662c,winding_2,x2786204c,x2786204c
center_tapped_transformer,t5223662c,winding_3,x2786204c,x2786204c
center_tapped_transformer,t21384215a,winding_1,l2841622,l2841622
center_tapped_transformer,t21384215a,winding_2,x2841622a,x2841622a
center_tapped_transformer,t21384215a,winding_3,x2841622a,x2841622a
center_tapped_transformer,t21380528a,winding_1,l2973150,l2973150
center_tapped_transformer,t21380528a,winding_2,x2973150a,x2973150a
center_tapped_transformer,t21380528a,winding_3,x2973150a,x2973150a
center_tapped_transformer,t5339003b,winding_1,l3066826,l3066826
center_tapped_transformer,t5339003b,winding_2,x3066826b,x3066826b
center_tapped_transformer,t5339003b,winding_3,x3066826b,x3066826b
center_tapped_transformer,t21396959a,winding_1,l3197638,l3197638
center_tapped_transformer,t21396959a,winding_2,x3197638a,x3197638a
center_tapped_transformer,t21396959a,winding_3,x3197638a,x3197638a
center_tapped_transformer,t5391985a,winding_1,l2785530,l2785530
center_tapped_transformer,t5391985a,winding_2,x2785530a,x2785530a
center_tapped_transformer,t5391985a,winding_3,x2785530a,x2785530a
center_tapped_transformer,t226195153b,winding_1,l3082988,l3082988
center_tapped_transformer,t226195153b,winding_2,x3082988b,x3082988b
center_tapped_transformer,t226195153b,winding_3,x3082988b,x3082988b
center_tapped_transformer,t5302733a,winding_1,l2860491,l2860491
center_tapped_transformer,t5302733a,winding_2,x2860491a,x2860491a
center_tapped_transformer,t5302733a,winding_3,x2860491a,x2860491a
center_tapped_transformer,t5302733b,winding_1,l2860491,l2860491
center_tapped_transformer,t5302733b,winding_2,x2860491b,x2860491b
center_tapped_transformer,t5302733b,winding_3,x2860491b,x2860491b
