bus_id,phase,scenario,p_pu,q_pu
B13,a,h001,-0.001536,-0.00031189810273383046
B31,a,h001,-0.000768,-0.00015594905136691523
B39,a,h001,-0.003072,-0.0006237962054676609
B55,c,h001,-0.0026880000000000003,-0.0005458216797842034
B56,c,h001,-0.001152,-0.00023392357705037285
B58,c,h001,-0.000768,-0.00015594905136691523
B59,c,h001,-0.002304,-0.0004678471541007457
B61,c,h001,-0.00192,-0.00038987262841728813
B69,a,h001,-0.00192,-0.00038987262841728813
B90,c,h001,-0.008064,-0.00163746503935261
B99,c,h001,-0.001536,-0.00031189810273383046
B110,c,h001,-0.003456,-0.0007017707311511186
B112,c,h001,-0.002304,-0.0004678471541007457
B118,c,h001,-0.001536,-0.00031189810273383046
B120,c,h001,-0.00192,-0.00038987262841728813
B123,c,h001,-0.0026880000000000003,-0.0005458216797842034
B124,c,h001,-0.001536,-0.00031189810273383046
B126,b,h001,-0.00192,-0.00038987262841728813
B130,c,h001,-0.000384,-7.797452568345762e-5
B137,c,h001,-0.003072,-0.0006237962054676609
B138,c,h001,-0.003456,-0.0007017707311511186
B139,c,h001,-0.000768,-0.00015594905136691523
B140,c,h001,-0.004224,-0.0008577197825180339
B145,a,h001,-0.000768,-0.00015594905136691523
B146,a,h001,-0.000768,-0.00015594905136691523
B151,a,h001,-0.000768,-0.00015594905136691523
B154,b,h001,-0.008064,-0.00163746503935261
B155,b,h001,-0.005376000000000001,-0.0010916433595684067
B157,c,h001,-0.002304,-0.0004678471541007457
B167,c,h001,-0.000768,-0.00015594905136691523
B168,c,h001,-0.001152,-0.00023392357705037285
B169,c,h001,-0.003072,-0.0006237962054676609
B173,b,h001,-0.001152,-0.00023392357705037285
B176,c,h001,-0.00192,-0.00038987262841728813
B177,c,h001,-0.001152,-0.00023392357705037285
B178,b,h001,-0.001152,-0.00023392357705037285
B185,c,h001,-0.000768,-0.00015594905136691523
B187,c,h001,-0.003072,-0.0006237962054676609
B188,c,h001,-0.002304,-0.0004678471541007457
B189,c,h001,-0.010752000000000001,-0.0021832867191368135
B190,a,h001,-0.000384,-7.797452568345762e-5
B199,b,h001,-0.0026880000000000003,-0.0005458216797842034
B202,a,h001,-0.000384,-7.797452568345762e-5
B204,a,h001,-0.000768,-0.00015594905136691523
B222,a,h001,-0.000384,-7.797452568345762e-5
B233,a,h001,-0.0026880000000000003,-0.0005458216797842034
B259,b,h001,-0.002304,-0.0004678471541007457
B268,b,h001,-0.000384,-7.797452568345762e-5
B269,b,h001,-0.001152,-0.00023392357705037285
B274,b,h001,-0.006912,-0.0014035414623022372
B277,b,h001,-0.001152,-0.00023392357705037285
B279,b,h001,-0.000384,-7.797452568345762e-5
B284,b,h001,-0.001152,-0.00023392357705037285
B285,b,h001,-0.001152,-0.00023392357705037285
B287,a,h001,-0.003456,-0.0007017707311511186
B296,a,h001,-0.0026880000000000003,-0.0005458216797842034
B13,a,h002,-0.001152,-0.00023392357705037285
B31,a,h002,-0.000768,-0.00015594905136691523
B39,a,h002,-0.001536,-0.00031189810273383046
B55,c,h002,-0.0026880000000000003,-0.0005458216797842034
B56,c,h002,-0.001152,-0.00023392357705037285
B58,c,h002,-0.001152,-0.00023392357705037285
B59,c,h002,-0.000768,-0.00015594905136691523
B61,c,h002,-0.001536,-0.00031189810273383046
B69,a,h002,-0.00192,-0.00038987262841728813
B90,c,h002,-0.008064,-0.00163746503935261
B99,c,h002,-0.001536,-0.00031189810273383046
B110,c,h002,-0.004992,-0.001013668833884949
B112,c,h002,-0.00192,-0.00038987262841728813
B118,c,h002,-0.001152,-0.00023392357705037285
B120,c,h002,-0.000768,-0.00015594905136691523
B123,c,h002,-0.001536,-0.00031189810273383046
B124,c,h002,-0.001152,-0.00023392357705037285
B126,b,h002,-0.001152,-0.00023392357705037285
B130,c,h002,-0.000768,-0.00015594905136691523
B137,c,h002,-0.003072,-0.0006237962054676609
B138,c,h002,-0.00384,-0.0007797452568345763
B139,c,h002,-0.00192,-0.00038987262841728813
B140,c,h002,-0.004224,-0.0008577197825180339
B145,a,h002,-0.001152,-0.00023392357705037285
B146,a,h002,-0.000768,-0.00015594905136691523
B151,a,h002,-0.00192,-0.00038987262841728813
B154,b,h002,-0.00768,-0.0015594905136691525
B155,b,h002,-0.005376000000000001,-0.0010916433595684067
B157,c,h002,-0.00192,-0.00038987262841728813
B167,c,h002,-0.001152,-0.00023392357705037285
B168,c,h002,-0.001152,-0.00023392357705037285
B169,c,h002,-0.003072,-0.0006237962054676609
B173,b,h002,-0.000768,-0.00015594905136691523
B176,c,h002,-0.002304,-0.0004678471541007457
B177,c,h002,-0.003072,-0.0006237962054676609
B178,b,h002,-0.001536,-0.00031189810273383046
B185,c,h002,-0.000384,-7.797452568345762e-5
B187,c,h002,-0.002304,-0.0004678471541007457
B188,c,h002,-0.002304,-0.0004678471541007457
B189,c,h002,-0.011904,-0.0024172102961871863
B190,a,h002,-0.000384,-7.797452568345762e-5
B199,b,h002,-0.002304,-0.0004678471541007457
B202,a,h002,-0.000768,-0.00015594905136691523
B204,a,h002,-0.001152,-0.00023392357705037285
B222,a,h002,-0.000768,-0.00015594905136691523
B233,a,h002,-0.00384,-0.0007797452568345763
B259,b,h002,-0.0026880000000000003,-0.0005458216797842034
B268,b,h002,-0.000384,-7.797452568345762e-5
B269,b,h002,-0.001536,-0.00031189810273383046
B274,b,h002,-0.006528,-0.0013255669366187795
B277,b,h002,-0.001152,-0.00023392357705037285
B279,b,h002,-0.000768,-0.00015594905136691523
B284,b,h002,-0.001152,-0.00023392357705037285
B285,b,h002,-0.001536,-0.00031189810273383046
B287,a,h002,-0.003456,-0.0007017707311511186
B296,a,h002,-0.00192,-0.00038987262841728813
B13,a,h003,-0.001152,-0.00023392357705037285
B31,a,h003,-0.000384,-7.797452568345762e-5
B39,a,h003,-0.001152,-0.00023392357705037285
B55,c,h003,-0.004992,-0.001013668833884949
B56,c,h003,-0.001152,-0.00023392357705037285
B58,c,h003,-0.001536,-0.00031189810273383046
B59,c,h003,-0.00192,-0.00038987262841728813
B61,c,h003,-0.00192,-0.00038987262841728813
B69,a,h003,-0.001536,-0.00031189810273383046
B90,c,h003,-0.007296,-0.0014815159879856949
B99,c,h003,-0.001536,-0.00031189810273383046
B110,c,h003,-0.004992,-0.001013668833884949
B112,c,h003,-0.001152,-0.00023392357705037285
B118,c,h003,-0.001152,-0.00023392357705037285
B120,c,h003,-0.00192,-0.00038987262841728813
B123,c,h003,-0.001152,-0.00023392357705037285
B124,c,h003,-0.002304,-0.0004678471541007457
B126,b,h003,-0.001536,-0.00031189810273383046
B130,c,h003,-0.000384,-7.797452568345762e-5
B131,b,h003,-0.000384,-7.797452568345762e-5
B137,c,h003,-0.003072,-0.0006237962054676609
B138,c,h003,-0.003456,-0.0007017707311511186
B139,c,h003,-0.000768,-0.00015594905136691523
B140,c,h003,-0.004608,-0.0009356943082014914
B145,a,h003,-0.001152,-0.00023392357705037285
B146,a,h003,-0.001536,-0.00031189810273383046
B151,a,h003,-0.000384,-7.797452568345762e-5
B154,b,h003,-0.008064,-0.00163746503935261
B155,b,h003,-0.005376000000000001,-0.0010916433595684067
B157,c,h003,-0.002304,-0.0004678471541007457
B167,c,h003,-0.000768,-0.00015594905136691523
B168,c,h003,-0.000768,-0.00015594905136691523
B169,c,h003,-0.003072,-0.0006237962054676609
B173,b,h003,-0.000768,-0.00015594905136691523
B176,c,h003,-0.00192,-0.00038987262841728813
B177,c,h003,-0.001536,-0.00023392357705037285
B178,b,h003,-0.001152,-0.00023392357705037285
B185,c,h003,-0.000768,-0.00015594905136691523
B187,c,h003,-0.003072,-0.0006237962054676609
B188,c,h003,-0.004608,-0.0009356943082014914
B189,c,h003,-0.011136,-0.002261261244820271
B190,a,h003,-0.000768,-0.00015594905136691523
B199,b,h003,-0.001152,-0.00023392357705037285
B202,a,h003,-0.000384,-7.797452568345762e-5
B204,a,h003,-0.000768,-0.00015594905136691523
B222,a,h003,-0.000384,-7.797452568345762e-5
B233,a,h003,-0.00384,-0.0007797452568345763
B259,b,h003,-0.002304,-0.0004678471541007457
B269,b,h003,-0.002304,-0.0004678471541007457
B274,b,h003,-0.008064,-0.00163746503935261
B277,b,h003,-0.001152,-0.00023392357705037285
B279,b,h003,-0.000768,-0.00015594905136691523
B284,b,h003,-0.001152,-0.00023392357705037285
B285,b,h003,-0.002304,-0.0004678471541007457
B287,a,h003,-0.003456,-0.0007017707311511186
B296,a,h003,-0.00192,-0.00038987262841728813
B13,a,h004,-0.001536,-0.00031189810273383046
B31,a,h004,-0.001152,-0.00023392357705037285
B39,a,h004,-0.0026880000000000003,-0.0005458216797842034
B55,c,h004,-0.0026880000000000003,-0.0005458216797842034
B56,c,h004,-0.001152,-0.00023392357705037285
B58,c,h004,-0.001152,-0.00023392357705037285
B59,c,h004,-0.000768,-0.00015594905136691523
B61,c,h004,-0.001536,-0.00031189810273383046
B69,a,h004,-0.00192,-0.00038987262841728813
B90,c,h004,-0.004224,-0.0008577197825180339
B99,c,h004,-0.001536,-0.00031189810273383046
B110,c,h004,-0.005376000000000001,-0.0010916433595684067
B112,c,h004,-0.001152,-0.00023392357705037285
B118,c,h004,-0.001152,-0.00023392357705037285
B120,c,h004,-0.000384,-7.797452568345762e-5
B123,c,h004,-0.001536,-0.00031189810273383046
B124,c,h004,-0.002304,-0.0004678471541007457
B126,b,h004,-0.00192,-0.00038987262841728813
B130,c,h004,-0.000384,-7.797452568345762e-5
B137,c,h004,-0.0026880000000000003,-0.0005458216797842034
B138,c,h004,-0.004608,-0.0009356943082014914
B139,c,h004,-0.000768,-0.00015594905136691523
B140,c,h004,-0.004224,-0.0008577197825180339
B145,a,h004,-0.000768,-0.00015594905136691523
B146,a,h004,-0.000768,-0.00015594905136691523
B151,a,h004,-0.000768,-0.00015594905136691523
B154,b,h004,-0.008448,-0.0017154395650360679
B155,b,h004,-0.005376000000000001,-0.0010916433595684067
B157,c,h004,-0.00192,-0.00038987262841728813
B167,c,h004,-0.001152,-0.00023392357705037285
B168,c,h004,-0.000768,-0.00015594905136691523
B169,c,h004,-0.005376000000000001,-0.0010916433595684067
B173,b,h004,-0.000768,-0.00015594905136691523
B176,c,h004,-0.002304,-0.0004678471541007457
B177,c,h004,-0.001536,-0.00031189810273383046
B178,b,h004,-0.000384,-7.797452568345762e-5
B185,c,h004,-0.000384,-7.797452568345762e-5
B187,c,h004,-0.007296,-0.0014815159879856949
B188,c,h004,-0.002304,-0.0004678471541007457
B189,c,h004,-0.010368,-0.002105312193453356
B190,a,h004,-0.001152,-0.00023392357705037285
B199,b,h004,-0.001536,-0.00031189810273383046
B202,a,h004,-0.000384,-7.797452568345762e-5
B204,a,h004,-0.001152,-0.00023392357705037285
B222,a,h004,-0.000768,-0.00015594905136691523
B233,a,h004,-0.0026880000000000003,-0.0005458216797842034
B259,b,h004,-0.0026880000000000003,-0.0005458216797842034
B268,b,h004,-0.000384,-7.797452568345762e-5
B269,b,h004,-0.001152,-0.00023392357705037285
B274,b,h004,-0.00576,-0.0011696178852518642
B277,b,h004,-0.001152,-0.00023392357705037285
B279,b,h004,-0.000768,-0.00015594905136691523
B284,b,h004,-0.000768,-0.00015594905136691523
B285,b,h004,-0.001536,-0.00031189810273383046
B287,a,h004,-0.003456,-0.0007017707311511186
B296,a,h004,-0.00192,-0.00038987262841728813
B13,a,h005,-0.002304,-0.0004678471541007457
B31,a,h005,-0.000384,-7.797452568345762e-5
B39,a,h005,-0.001152,-0.00023392357705037285
B55,c,h005,-0.002304,-0.0004678471541007457
B56,c,h005,-0.001536,-0.00031189810273383046
B58,c,h005,-0.000768,-0.00015594905136691523
B59,c,h005,-0.001536,-0.00031189810273383046
B61,c,h005,-0.00192,-0.00038987262841728813
B69,a,h005,-0.001536,-0.00031189810273383046
B90,c,h005,-0.00384,-0.0007797452568345763
B99,c,h005,-0.001536,-0.00031189810273383046
B110,c,h005,-0.004992,-0.001013668833884949
B112,c,h005,-0.001152,-0.00023392357705037285
B118,c,h005,-0.001536,-0.00031189810273383046
B120,c,h005,-0.00192,-0.00038987262841728813
B123,c,h005,-0.001536,-0.00031189810273383046
B124,c,h005,-0.001536,-0.00031189810273383046
B126,b,h005,-0.001152,-0.00023392357705037285
B130,c,h005,-0.000768,-0.00015594905136691523
B137,c,h005,-0.0026880000000000003,-0.0005458216797842034
B138,c,h005,-0.004608,-0.0009356943082014914
B139,c,h005,-0.000768,-0.00015594905136691523
B140,c,h005,-0.003456,-0.0007017707311511186
B145,a,h005,-0.000768,-0.00015594905136691523
B146,a,h005,-0.000384,-7.797452568345762e-5
B151,a,h005,-0.000768,-0.00015594905136691523
B154,b,h005,-0.008064,-0.00163746503935261
B155,b,h005,-0.004992,-0.001013668833884949
B157,c,h005,-0.002304,-0.0004678471541007457
B167,c,h005,-0.001536,-0.00031189810273383046
B168,c,h005,-0.000768,-0.00015594905136691523
B169,c,h005,-0.007296,-0.0014815159879856949
B173,b,h005,-0.000768,-0.00015594905136691523
B176,c,h005,-0.00192,-0.00038987262841728813
B177,c,h005,-0.00384,-0.0007797452568345763
B178,b,h005,-0.001536,-0.00031189810273383046
B185,c,h005,-0.001152,-0.00023392357705037285
B187,c,h005,-0.018816,-0.0038207517584894234
B188,c,h005,-0.002304,-0.0004678471541007457
B189,c,h005,-0.009984,-0.002027337667769898
B190,a,h005,-0.00192,-0.00038987262841728813
B199,b,h005,-0.001536,-0.00031189810273383046
B202,a,h005,-0.000384,-7.797452568345762e-5
B204,a,h005,-0.000768,-0.00015594905136691523
B222,a,h005,-0.000384,-7.797452568345762e-5
B233,a,h005,-0.00384,-0.0007797452568345763
B259,b,h005,-0.003072,-0.0006237962054676609
B268,b,h005,-0.000384,-7.797452568345762e-5
B269,b,h005,-0.001152,-0.00023392357705037285
B274,b,h005,-0.006528,-0.0013255669366187795
B277,b,h005,-0.001536,-0.00031189810273383046
B279,b,h005,-0.000768,-0.00015594905136691523
B284,b,h005,-0.001536,-0.00031189810273383046
B285,b,h005,-0.001536,-0.00031189810273383046
B287,a,h005,-0.003456,-0.0007017707311511186
B296,a,h005,-0.00192,-0.00038987262841728813
B13,a,h006,-0.001536,-0.00031189810273383046
B31,a,h006,-0.000384,-7.797452568345762e-5
B39,a,h006,-0.001536,-0.00031189810273383046
B55,c,h006,-0.003072,-0.0006237962054676609
B56,c,h006,-0.003072,-0.0006237962054676609
B58,c,h006,-0.000768,-0.00015594905136691523
B59,c,h006,-0.000768,-0.00015594905136691523
B61,c,h006,-0.00192,-0.00038987262841728813
B69,a,h006,-0.00192,-0.00038987262841728813
B90,c,h006,-0.004224,-0.0008577197825180339
B99,c,h006,-0.003072,-0.0006237962054676609
B110,c,h006,-0.003456,-0.0007017707311511186
B112,c,h006,-0.001536,-0.00031189810273383046
B118,c,h006,-0.001152,-0.00023392357705037285
B120,c,h006,-0.000384,-7.797452568345762e-5
B123,c,h006,-0.007296,-0.0014815159879856949
B124,c,h006,-0.002304,-0.0004678471541007457
B126,b,h006,-0.003072,-0.0006237962054676609
B130,c,h006,-0.001152,-0.00023392357705037285
B137,c,h006,-0.0026880000000000003,-0.0005458216797842034
B138,c,h006,-0.003456,-0.0007017707311511186
B139,c,h006,-0.000384,-7.797452568345762e-5
B140,c,h006,-0.00192,-0.00038987262841728813
B145,a,h006,-0.001152,-0.00023392357705037285
B146,a,h006,-0.001152,-0.00023392357705037285
B151,a,h006,-0.000384,-7.797452568345762e-5
B154,b,h006,-0.00768,-0.0015594905136691525
B155,b,h006,-0.005376000000000001,-0.0010916433595684067
B157,c,h006,-0.002304,-0.0004678471541007457
B167,c,h006,-0.001152,-0.00023392357705037285
B168,c,h006,-0.000768,-0.00015594905136691523
B169,c,h006,-0.006912,-0.0014035414623022372
B173,b,h006,-0.0026880000000000003,-0.0005458216797842034
B176,c,h006,-0.0026880000000000003,-0.0005458216797842034
B177,c,h006,-0.002304,-0.0004678471541007457
B178,b,h006,-0.00384,-0.0007797452568345763
B185,c,h006,-0.000384,-7.797452568345762e-5
B187,c,h006,-0.009984,-0.002027337667769898
B188,c,h006,-0.003072,-0.0006237962054676609
B189,c,h006,-0.010752000000000001,-0.0021832867191368135
B190,a,h006,-0.001536,-0.00031189810273383046
B199,b,h006,-0.001536,-0.00031189810273383046
B202,a,h006,-0.000768,-0.00015594905136691523
B204,a,h006,-0.001152,-0.00023392357705037285
B222,a,h006,-0.000384,-7.797452568345762e-5
B233,a,h006,-0.00384,-0.0007797452568345763
B259,b,h006,-0.005376000000000001,-0.0010916433595684067
B269,b,h006,-0.000768,-0.00015594905136691523
B274,b,h006,-0.006144,-0.0012475924109353219
B277,b,h006,-0.00192,-0.00038987262841728813
B279,b,h006,-0.000768,-0.00015594905136691523
B284,b,h006,-0.000768,-0.00015594905136691523
B285,b,h006,-0.001536,-0.00031189810273383046
B287,a,h006,-0.003456,-0.0007017707311511186
B296,a,h006,-0.002304,-0.0004678471541007457
B13,a,h007,-0.00192,-0.00038987262841728813
B31,a,h007,-0.001152,-0.00023392357705037285
B39,a,h007,-0.001536,-0.00031189810273383046
B55,c,h007,-0.003456,-0.0007017707311511186
B56,c,h007,-0.002304,-0.0004678471541007457
B58,c,h007,-0.000768,-0.00015594905136691523
B59,c,h007,-0.000768,-0.00015594905136691523
B61,c,h007,-0.002304,-0.0004678471541007457
B69,a,h007,-0.001152,-0.00038987262841728813
B90,c,h007,-0.004224,-0.0008577197825180339
B99,c,h007,-0.001536,-0.00031189810273383046
B110,c,h007,-0.005376000000000001,-0.0010916433595684067
B112,c,h007,-0.001152,-0.00023392357705037285
B118,c,h007,-0.000768,-0.00015594905136691523
B120,c,h007,-0.001536,-0.00031189810273383046
B123,c,h007,-0.00576,-0.0011696178852518642
B124,c,h007,-0.001536,-0.00031189810273383046
B126,b,h007,-0.008064,-0.00163746503935261
B137,c,h007,-0.004992,-0.001013668833884949
B138,c,h007,-0.006528,-0.0013255669366187795
B139,c,h007,-0.000768,-0.00015594905136691523
B140,c,h007,-0.002304,-0.0004678471541007457
B145,a,h007,-0.00384,-0.0007797452568345763
B146,a,h007,-0.001536,-0.00031189810273383046
B151,a,h007,-0.000768,-0.00015594905136691523
B154,b,h007,-0.00768,-0.0015594905136691525
B155,b,h007,-0.00576,-0.0011696178852518642
B157,c,h007,-0.003072,-0.0006237962054676609
B167,c,h007,-0.001152,-0.00023392357705037285
B168,c,h007,-0.001536,-0.00031189810273383046
B169,c,h007,-0.00576,-0.0011696178852518642
B173,b,h007,-0.00192,-0.00038987262841728813
B176,c,h007,-0.008448,-0.0017154395650360677
B177,c,h007,-0.00192,-0.0004678471541007457
B178,b,h007,-0.00768,-0.0015594905136691525
B185,c,h007,-0.001152,-0.00023392357705037285
B187,c,h007,-0.006144,-0.0012475924109353219
B188,c,h007,-0.002304,-0.0004678471541007457
B189,c,h007,-0.01152,-0.002339235770503729
B190,a,h007,-0.001152,-0.00023392357705037285
B199,b,h007,-0.002304,-0.0004678471541007457
B202,a,h007,-0.000384,-7.797452568345762e-5
B204,a,h007,-0.001536,-0.00031189810273383046
B222,a,h007,-0.000768,-0.00015594905136691523
B233,a,h007,-0.0026880000000000003,-0.0005458216797842034
B259,b,h007,-0.003456,-0.0007017707311511186
B268,b,h007,-0.000384,-7.797452568345762e-5
B269,b,h007,-0.00192,-0.00038987262841728813
B274,b,h007,-0.006528,-0.0013255669366187795
B277,b,h007,-0.001152,-0.00023392357705037285
B279,b,h007,-0.00192,-0.00038987262841728813
B284,b,h007,-0.001536,-0.00031189810273383046
B285,b,h007,-0.003072,-0.0006237962054676609
B287,a,h007,-0.003456,-0.0007017707311511186
B296,a,h007,-0.00192,-0.00038987262841728813
B13,a,h008,-0.001152,-0.00023392357705037285
B31,a,h008,-0.006144,-0.0012475924109353219
B39,a,h008,-0.002304,-0.0004678471541007457
B55,c,h008,-0.004608,-0.0009356943082014914
B56,c,h008,-0.004992,-0.001013668833884949
B58,c,h008,-0.000768,-0.00015594905136691523
B59,c,h008,-0.001536,-0.00031189810273383046
B61,c,h008,-0.002304,-0.0004678471541007457
B69,a,h008,0.003456,-0.0003898726284172882
B90,c,h008,-0.00384,-0.0007797452568345763
B99,c,h008,-0.001536,-0.00031189810273383046
B110,c,h008,-0.004992,-0.001013668833884949
B112,c,h008,-0.000768,-0.00015594905136691523
B118,c,h008,-0.000768,-0.00015594905136691523
B120,c,h008,-0.000768,-0.00015594905136691523
B123,c,h008,-0.00384,-0.0007797452568345763
B124,c,h008,-0.002304,-0.0004678471541007457
B126,b,h008,-0.001152,-0.00023392357705037285
B130,c,h008,-0.000384,-7.797452568345762e-5
B137,c,h008,-0.01152,-0.0023392357705037284
B138,c,h008,-0.000384,-7.797452568345762e-5
B139,c,h008,-0.000768,-0.00015594905136691523
B140,c,h008,-0.000384,-7.797452568345762e-5
B145,a,h008,-0.002304,-0.0004678471541007457
B146,a,h008,-0.00192,-0.00038987262841728813
B151,a,h008,-0.00192,-0.00038987262841728813
B154,b,h008,-0.00768,-0.0015594905136691525
B155,b,h008,-0.00576,-0.0011696178852518642
B157,c,h008,-0.003072,-0.0006237962054676609
B167,c,h008,-0.001152,-0.00023392357705037285
B168,c,h008,-0.00192,-0.00038987262841728813
B169,c,h008,-0.006144,-0.0012475924109353219
B173,b,h008,-0.002304,-0.0004678471541007457
B176,c,h008,-0.010752,-0.0021832867191368135
B177,c,h008,-0.0011519999999999998,-0.0007017707311511186
B178,b,h008,-0.004608,-0.0009356943082014914
B185,c,h008,-0.000384,-7.797452568345762e-5
B187,c,h008,-0.003072,-0.0006237962054676609
B188,c,h008,-0.0026880000000000003,-0.0005458216797842034
B189,c,h008,-0.011136,-0.002261261244820271
B190,a,h008,-0.000384,-7.797452568345762e-5
B199,b,h008,-0.0026880000000000003,-0.0005458216797842034
B202,a,h008,-0.000768,-0.00015594905136691523
B204,a,h008,-0.001152,-0.00023392357705037285
B222,a,h008,-0.000384,-7.797452568345762e-5
B233,a,h008,-0.00384,-0.0007797452568345763
B259,b,h008,-0.003072,-0.0006237962054676609
B268,b,h008,-0.000384,-7.797452568345762e-5
B269,b,h008,-0.0026880000000000003,-0.0005458216797842034
B274,b,h008,-0.008448,-0.0017154395650360679
B277,b,h008,-0.00192,-0.00038987262841728813
B279,b,h008,-0.001536,-0.00031189810273383046
B284,b,h008,-0.00768,-0.0015594905136691525
B285,b,h008,-0.0026880000000000003,-0.0005458216797842034
B287,a,h008,-0.003456,-0.0007017707311511186
B296,a,h008,-0.001536,-0.00031189810273383046
B13,a,h009,-0.0026880000000000003,-0.0005458216797842034
B31,a,h009,-0.001152,-0.00023392357705037285
B39,a,h009,-0.001536,-0.00031189810273383046
B55,c,h009,-0.004608,-0.0009356943082014914
B56,c,h009,-0.002304,-0.0004678471541007457
B58,c,h009,-0.000384,-7.797452568345762e-5
B61,c,h009,-0.002304,-0.0004678471541007457
B69,a,h009,0.006912,-0.00046784715410074586
B90,c,h009,-0.005376000000000001,-0.0010916433595684067
B99,c,h009,-0.001536,-0.00031189810273383046
B110,c,h009,-0.006528,-0.0013255669366187795
B112,c,h009,-0.000768,-0.00015594905136691523
B118,c,h009,-0.000768,-0.00015594905136691523
B120,c,h009,-0.00192,-0.00038987262841728813
B123,c,h009,-0.001536,-0.00031189810273383046
B124,c,h009,-0.00192,-0.00038987262841728813
B126,b,h009,-0.002304,-0.0004678471541007457
B137,c,h009,-0.013056,-0.002651133873237559
B138,c,h009,-0.001152,-0.00023392357705037285
B139,c,h009,-0.000768,-0.00015594905136691523
B140,c,h009,-0.000768,-0.00015594905136691523
B145,a,h009,-0.00192,-0.00038987262841728813
B146,a,h009,-0.000768,-0.00015594905136691523
B151,a,h009,-0.003456,-0.0007017707311511186
B154,b,h009,-0.00768,-0.0015594905136691525
B155,b,h009,-0.00576,-0.0011696178852518642
B157,c,h009,-0.003072,-0.0006237962054676609
B167,c,h009,-0.0026880000000000003,-0.0005458216797842034
B168,c,h009,-0.002304,-0.0004678471541007457
B169,c,h009,-0.006144,-0.0012475924109353219
B173,b,h009,-0.001152,-0.00023392357705037285
B176,c,h009,-0.011904000000000001,-0.0024172102961871863
B177,c,h009,0.0038400000000000005,-0.000389872628417288
B178,b,h009,-0.004224,-0.0008577197825180339
B185,c,h009,-0.000768,-0.00015594905136691523
B187,c,h009,-0.002304,-0.0004678471541007457
B188,c,h009,-0.002304,-0.0004678471541007457
B189,c,h009,-0.012288,-0.002495184821870644
B190,a,h009,-0.000384,-7.797452568345762e-5
B199,b,h009,-0.001152,-0.00023392357705037285
B202,a,h009,-0.000384,-7.797452568345762e-5
B204,a,h009,-0.001152,-0.00023392357705037285
B222,a,h009,-0.000384,-7.797452568345762e-5
B233,a,h009,-0.0026880000000000003,-0.0005458216797842034
B259,b,h009,-0.0026880000000000003,-0.0005458216797842034
B268,b,h009,-0.000384,-7.797452568345762e-5
B269,b,h009,-0.0026880000000000003,-0.0005458216797842034
B274,b,h009,-0.006144,-0.0012475924109353219
B277,b,h009,-0.002304,-0.0004678471541007457
B279,b,h009,-0.001152,-0.00023392357705037285
B284,b,h009,-0.00384,-0.0007797452568345763
B285,b,h009,-0.001536,-0.00031189810273383046
B287,a,h009,-0.003456,-0.0007017707311511186
B296,a,h009,-0.0026880000000000003,-0.0005458216797842034
B13,a,h010,-0.001152,-0.00023392357705037285
B31,a,h010,-0.000768,-0.00015594905136691523
B39,a,h010,-0.008448,-0.0017154395650360679
B55,c,h010,-0.004992,-0.001013668833884949
B56,c,h010,-0.001536,-0.00031189810273383046
B58,c,h010,-0.000768,-0.00015594905136691523
B59,c,h010,-0.000384,-7.797452568345762e-5
B61,c,h010,-0.001536,-0.00031189810273383046
B69,a,h010,0.010368,-0.000779745256834576
B90,c,h010,-0.004224,-0.0008577197825180339
B99,c,h010,-0.001152,-0.00023392357705037285
B110,c,h010,-0.004608,-0.0009356943082014914
B112,c,h010,-0.001536,-0.00031189810273383046
B118,c,h010,-0.000768,-0.00015594905136691523
B120,c,h010,-0.000384,-7.797452568345762e-5
B123,c,h010,-0.002304,-0.0004678471541007457
B124,c,h010,-0.003072,-0.0006237962054676609
B126,b,h010,-0.000768,-0.00015594905136691523
B137,c,h010,-0.011136,-0.002261261244820271
B138,c,h010,-0.000768,-0.00015594905136691523
B139,c,h010,-0.002304,-0.0004678471541007457
B140,c,h010,-0.000768,-0.00015594905136691523
B145,a,h010,-0.0026880000000000003,-0.0005458216797842034
B146,a,h010,-0.000768,-0.00015594905136691523
B151,a,h010,-0.010368,-0.0021053121934533556
B154,b,h010,-0.006144,-0.0012475924109353219
B155,b,h010,-0.00576,-0.0011696178852518642
B157,c,h010,-0.0026880000000000003,-0.0005458216797842034
B167,c,h010,-0.006912,-0.0014035414623022372
B168,c,h010,-0.001152,-0.00023392357705037285
B169,c,h010,-0.006144,-0.0012475924109353219
B173,b,h010,-0.000768,-0.00015594905136691523
B176,c,h010,-0.010752,-0.0021832867191368135
B177,c,h010,0.008064000000000002,-0.00031189810273383046
B178,b,h010,-0.004608,-0.0009356943082014914
B185,c,h010,-0.000768,-0.00015594905136691523
B187,c,h010,-0.0026880000000000003,-0.0005458216797842034
B188,c,h010,-0.00384,-0.0007797452568345763
B189,c,h010,-0.011136,-0.002261261244820271
B190,a,h010,-0.000384,-7.797452568345762e-5
B199,b,h010,-0.00192,-0.00038987262841728813
B202,a,h010,-0.000768,-0.00015594905136691523
B204,a,h010,-0.004992,-0.001013668833884949
B222,a,h010,-0.000384,-7.797452568345762e-5
B233,a,h010,-0.003456,-0.0007017707311511186
B259,b,h010,-0.00192,-0.00038987262841728813
B268,b,h010,-0.000384,-7.797452568345762e-5
B269,b,h010,-0.001152,-0.00023392357705037285
B274,b,h010,-0.006912,-0.0014035414623022372
B277,b,h010,-0.001536,-0.00031189810273383046
B279,b,h010,-0.001536,-0.00031189810273383046
B284,b,h010,-0.0026880000000000003,-0.0005458216797842034
B285,b,h010,-0.003072,-0.0006237962054676609
B287,a,h010,-0.003456,-0.0007017707311511186
B296,a,h010,-0.002304,-0.0004678471541007457
B13,a,h011,-0.001536,-0.00031189810273383046
B31,a,h011,-0.003072,-0.0006237962054676609
B39,a,h011,-0.001536,-0.00031189810273383046
B55,c,h011,-0.004608,-0.0009356943082014914
B56,c,h011,-0.00192,-0.00038987262841728813
B58,c,h011,-0.000768,-0.00015594905136691523
B59,c,h011,-0.000384,-7.797452568345762e-5
B61,c,h011,-0.001536,-0.00031189810273383046
B69,a,h011,0.014207999999999998,-0.0009356943082014917
B90,c,h011,-0.003456,-0.0007017707311511186
B99,c,h011,-0.001536,-0.00031189810273383046
B110,c,h011,-0.003456,-0.0007017707311511186
B112,c,h011,-0.001152,-0.00023392357705037285
B118,c,h011,-0.002304,-0.0004678471541007457
B120,c,h011,-0.006144,-0.0012475924109353219
B123,c,h011,-0.001536,-0.00031189810273383046
B124,c,h011,-0.0026880000000000003,-0.0005458216797842034
B126,b,h011,-0.006912,-0.0014035414623022372
B130,c,h011,-0.000384,-7.797452568345762e-5
B137,c,h011,-0.004992,-0.001013668833884949
B138,c,h011,-0.000384,-7.797452568345762e-5
B139,c,h011,-0.000384,-7.797452568345762e-5
B140,c,h011,-0.000768,-0.00015594905136691523
B145,a,h011,-0.001536,-0.00031189810273383046
B146,a,h011,-0.000384,-7.797452568345762e-5
B151,a,h011,-0.003072,-0.0006237962054676609
B154,b,h011,-0.005376000000000001,-0.0010916433595684067
B155,b,h011,-0.00576,-0.0011696178852518642
B157,c,h011,-0.0026880000000000003,-0.0005458216797842034
B167,c,h011,-0.006912,-0.0014035414623022372
B168,c,h011,-0.002304,-0.0004678471541007457
B169,c,h011,-0.006528,-0.0013255669366187795
B173,b,h011,-0.000384,-7.797452568345762e-5
B176,c,h011,-0.010367999999999999,-0.0021053121934533556
B177,c,h011,0.0096,-0.0007797452568345764
B178,b,h011,-0.00384,-0.0007797452568345763
B185,c,h011,-0.000768,-0.00015594905136691523
B187,c,h011,-0.007296,-0.0014815159879856949
B188,c,h011,-0.0026880000000000003,-0.0005458216797842034
B189,c,h011,-0.012672,-0.0025731593475541016
B190,a,h011,-0.001152,-0.00023392357705037285
B199,b,h011,-0.001152,-0.00023392357705037285
B202,a,h011,-0.000384,-7.797452568345762e-5
B204,a,h011,-0.00192,-0.00038987262841728813
B233,a,h011,-0.00384,-0.0007797452568345763
B259,b,h011,-0.001536,-0.00031189810273383046
B269,b,h011,-0.0026880000000000003,-0.0005458216797842034
B274,b,h011,-0.005376000000000001,-0.0010916433595684067
B277,b,h011,-0.001152,-0.00023392357705037285
B279,b,h011,-0.000768,-0.00015594905136691523
B284,b,h011,-0.003072,-0.0006237962054676609
B285,b,h011,-0.004224,-0.0008577197825180339
B287,a,h011,-0.00384,-0.0007797452568345763
B296,a,h011,-0.001152,-0.00023392357705037285
B13,a,h012,-0.00192,-0.00038987262841728813
B31,a,h012,-0.000384,-7.797452568345762e-5
B39,a,h012,-0.00384,-0.0007797452568345763
B55,c,h012,-0.004608,-0.0009356943082014914
B56,c,h012,-0.001536,-0.00031189810273383046
B58,c,h012,-0.000384,-7.797452568345762e-5
B59,c,h012,-0.003072,-0.0006237962054676609
B61,c,h012,-0.001152,-0.00023392357705037285
B69,a,h012,0.014976,-0.001481515987985695
B90,c,h012,-0.00384,-0.0007797452568345763
B99,c,h012,-0.000768,-0.00015594905136691523
B110,c,h012,-0.004608,-0.0009356943082014914
B112,c,h012,-0.001152,-0.00023392357705037285
B118,c,h012,-0.003072,-0.0006237962054676609
B120,c,h012,-0.004992,-0.001013668833884949
B123,c,h012,-0.001536,-0.00031189810273383046
B124,c,h012,-0.001152,-0.00023392357705037285
B126,b,h012,-0.013056,-0.002651133873237559
B137,c,h012,-0.003456,-0.0007017707311511186
B138,c,h012,-0.000768,-0.00015594905136691523
B139,c,h012,-0.001152,-0.00023392357705037285
B140,c,h012,-0.000768,-0.00015594905136691523
B145,a,h012,-0.001536,-0.00031189810273383046
B146,a,h012,-0.000384,-7.797452568345762e-5
B151,a,h012,-0.000384,-7.797452568345762e-5
B154,b,h012,-0.00576,-0.0011696178852518642
B155,b,h012,-0.00576,-0.0011696178852518642
B157,c,h012,-0.0026880000000000003,-0.0005458216797842034
B167,c,h012,-0.001536,-0.00031189810273383046
B168,c,h012,-0.003072,-0.0006237962054676609
B169,c,h012,-0.006144,-0.0012475924109353219
B173,b,h012,-0.000768,-0.00015594905136691523
B176,c,h012,-0.018432,-0.003742777232805966
B177,c,h012,0.016128,-0.0005458216797842033
B178,b,h012,-0.003072,-0.0006237962054676609
B185,c,h012,-0.000768,-0.00015594905136691523
B187,c,h012,-0.003072,-0.0006237962054676609
B188,c,h012,-0.0026880000000000003,-0.0005458216797842034
B189,c,h012,-0.014592,-0.0029630319759713893
B190,a,h012,-0.00384,-0.0007797452568345763
B199,b,h012,-0.002304,-0.0004678471541007457
B202,a,h012,-0.000768,-0.00015594905136691523
B204,a,h012,-0.001152,-0.00023392357705037285
B222,a,h012,-0.000384,-7.797452568345762e-5
B233,a,h012,-0.0026880000000000003,-0.0005458216797842034
B259,b,h012,-0.003456,-0.0007017707311511186
B268,b,h012,-0.000384,-7.797452568345762e-5
B269,b,h012,-0.001536,-0.00031189810273383046
B274,b,h012,-0.003072,-0.0006237962054676609
B277,b,h012,-0.001152,-0.00023392357705037285
B279,b,h012,-0.001536,-0.00031189810273383046
B284,b,h012,-0.004992,-0.001013668833884949
B285,b,h012,-0.0026880000000000003,-0.0005458216797842034
B287,a,h012,-0.00384,-0.0007797452568345763
B296,a,h012,-0.002304,-0.0004678471541007457
B13,a,h013,-0.004992,-0.001013668833884949
B31,a,h013,-0.000768,-0.00015594905136691523
B39,a,h013,-0.002304,-0.0004678471541007457
B55,c,h013,-0.00384,-0.0007797452568345763
B56,c,h013,-0.000768,-0.00015594905136691523
B58,c,h013,-0.000768,-0.00015594905136691523
B59,c,h013,-0.004224,-0.0008577197825180339
B61,c,h013,-0.001536,-0.00031189810273383046
B69,a,h013,0.014976,-0.0005458216797842033
B90,c,h013,-0.003456,-0.0007017707311511186
B99,c,h013,-0.000768,-0.00015594905136691523
B110,c,h013,-0.003456,-0.0007017707311511186
B112,c,h013,-0.001152,-0.00023392357705037285
B118,c,h013,-0.006912,-0.0014035414623022372
B120,c,h013,-0.003072,-0.0006237962054676609
B123,c,h013,-0.00768,-0.0015594905136691525
B124,c,h013,-0.00192,-0.00038987262841728813
B126,b,h013,-0.008832,-0.0017934140907195253
B137,c,h013,-0.012672000000000001,-0.002573159347554101
B138,c,h013,-0.000384,-7.797452568345762e-5
B139,c,h013,-0.005376000000000001,-0.0010916433595684067
B140,c,h013,-0.000768,-0.00015594905136691523
B145,a,h013,-0.000768,-0.00015594905136691523
B146,a,h013,-0.001536,-0.00031189810273383046
B151,a,h013,-0.001536,-0.00031189810273383046
B154,b,h013,-0.004608,-0.0009356943082014914
B155,b,h013,-0.00576,-0.0011696178852518642
B157,c,h013,-0.002304,-0.0004678471541007457
B167,c,h013,-0.003456,-0.0007017707311511186
B168,c,h013,-0.001536,-0.00031189810273383046
B169,c,h013,-0.006528,-0.0013255669366187795
B173,b,h013,-0.001536,-0.00031189810273383046
B176,c,h013,-0.025728,-0.005224293220791661
B177,c,h013,0.013824,-0.0005458216797842033
B178,b,h013,-0.001152,-0.00023392357705037285
B185,c,h013,-0.000384,-7.797452568345762e-5
B187,c,h013,-0.002304,-0.0004678471541007457
B188,c,h013,-0.0026880000000000003,-0.0005458216797842034
B189,c,h013,-0.010752000000000001,-0.002183286719136813
B190,a,h013,-0.000768,-0.00015594905136691523
B199,b,h013,-0.00192,-0.00038987262841728813
B202,a,h013,-0.000384,-7.797452568345762e-5
B204,a,h013,-0.000768,-0.00015594905136691523
B222,a,h013,-0.000384,-7.797452568345762e-5
B233,a,h013,-0.004224,-0.0008577197825180339
B259,b,h013,-0.00192,-0.00038987262841728813
B268,b,h013,-0.000384,-7.797452568345762e-5
B269,b,h013,-0.0026880000000000003,-0.0005458216797842034
B274,b,h013,-0.003072,-0.0006237962054676609
B277,b,h013,-0.001152,-0.00023392357705037285
B279,b,h013,-0.001152,-0.00023392357705037285
B284,b,h013,-0.00192,-0.00038987262841728813
B285,b,h013,-0.003456,-0.0007017707311511186
B287,a,h013,-0.003456,-0.0007017707311511186
B296,a,h013,-0.001536,-0.00031189810273383046
B13,a,h014,-0.00384,-0.0007797452568345763
B31,a,h014,-0.003072,-0.0006237962054676609
B39,a,h014,-0.002304,-0.0004678471541007457
B55,c,h014,-0.003456,-0.0007017707311511186
B56,c,h014,-0.001536,-0.00031189810273383046
B58,c,h014,-0.000768,-0.00015594905136691523
B59,c,h014,-0.003072,-0.0006237962054676609
B61,c,h014,-0.001152,-0.00023392357705037285
B69,a,h014,0.0030719999999999983,-0.0020273376677698986
B90,c,h014,-0.00576,-0.0011696178852518642
B110,c,h014,-0.004224,-0.0008577197825180339
B112,c,h014,-0.000768,-0.00015594905136691523
B118,c,h014,-0.00576,-0.0011696178852518642
B120,c,h014,-0.003456,-0.0007017707311511186
B123,c,h014,-0.009600000000000001,-0.0019493631420864407
B124,c,h014,-0.001536,-0.00031189810273383046
B126,b,h014,-0.011136,-0.002261261244820271
B130,c,h014,-0.000384,-7.797452568345762e-5
B131,b,h014,-0.000384,-7.797452568345762e-5
B137,c,h014,-0.012672000000000001,-0.002573159347554101
B138,c,h014,-0.000768,-0.00015594905136691523
B139,c,h014,-0.000768,-0.00015594905136691523
B140,c,h014,-0.000384,-7.797452568345762e-5
B145,a,h014,-0.001152,-0.00023392357705037285
B146,a,h014,-0.000768,-0.00015594905136691523
B151,a,h014,-0.000384,-7.797452568345762e-5
B154,b,h014,-0.004992,-0.001013668833884949
B155,b,h014,-0.00576,-0.0011696178852518642
B157,c,h014,-0.002304,-0.0004678471541007457
B167,c,h014,-0.000768,-0.00015594905136691523
B168,c,h014,-0.001536,-0.00031189810273383046
B169,c,h014,-0.00576,-0.0011696178852518642
B173,b,h014,-0.00576,-0.0011696178852518642
B176,c,h014,-0.026112000000000003,-0.005302267746475118
B177,c,h014,0.013056000000000002,-0.00038987262841728786
B178,b,h014,-0.000768,-0.00015594905136691523
B187,c,h014,-0.00192,-0.00038987262841728813
B188,c,h014,-0.003072,-0.0006237962054676609
B189,c,h014,-0.004608,-0.0009356943082014916
B190,a,h014,-0.001536,-0.00031189810273383046
B199,b,h014,-0.00192,-0.00038987262841728813
B202,a,h014,-0.000768,-0.00015594905136691523
B204,a,h014,-0.004608,-0.0009356943082014914
B233,a,h014,-0.003456,-0.0007017707311511186
B259,b,h014,-0.003072,-0.0006237962054676609
B268,b,h014,-0.000384,-7.797452568345762e-5
B269,b,h014,-0.00384,-0.0007797452568345763
B274,b,h014,-0.002304,-0.0004678471541007457
B277,b,h014,-0.001152,-0.00023392357705037285
B279,b,h014,-0.001536,-0.00031189810273383046
B284,b,h014,-0.003456,-0.0007017707311511186
B285,b,h014,-0.004992,-0.001013668833884949
B287,a,h014,-0.00384,-0.0007797452568345763
B296,a,h014,-0.001536,-0.00031189810273383046
B13,a,h015,-0.001536,-0.00031189810273383046
B31,a,h015,-0.000768,-0.00015594905136691523
B39,a,h015,-0.003456,-0.0007017707311511186
B55,c,h015,-0.003456,-0.0007017707311511186
B56,c,h015,-0.001536,-0.00031189810273383046
B58,c,h015,-0.000768,-0.00015594905136691523
B59,c,h015,-0.002304,-0.0004678471541007457
B61,c,h015,-0.002304,-0.0004678471541007457
B69,a,h015,0.009600000000000001,-0.0011696178852518642
B90,c,h015,-0.004224,-0.0008577197825180339
B99,c,h015,-0.000768,-0.00015594905136691523
B110,c,h015,-0.00384,-0.0007797452568345763
B112,c,h015,-0.001152,-0.00023392357705037285
B118,c,h015,-0.010752000000000001,-0.0021832867191368135
B120,c,h015,-0.004224,-0.0008577197825180339
B123,c,h015,-0.003072,-0.0006237962054676609
B124,c,h015,-0.00192,-0.00038987262841728813
B126,b,h015,-0.0026880000000000003,-0.0005458216797842034
B137,c,h015,-0.011136,-0.002261261244820271
B138,c,h015,-0.00192,-0.00038987262841728813
B139,c,h015,-0.000384,-7.797452568345762e-5
B140,c,h015,-0.001152,-0.00023392357705037285
B145,a,h015,-0.001152,-0.00023392357705037285
B146,a,h015,-0.000384,-7.797452568345762e-5
B151,a,h015,-0.000384,-7.797452568345762e-5
B154,b,h015,-0.004608,-0.0009356943082014914
B155,b,h015,-0.005376000000000001,-0.0010916433595684067
B157,c,h015,-0.00192,-0.00038987262841728813
B167,c,h015,-0.000768,-0.00015594905136691523
B168,c,h015,-0.001152,-0.00023392357705037285
B169,c,h015,-0.006912,-0.0014035414623022372
B173,b,h015,-0.009216,-0.0018713886164029828
B176,c,h015,-0.023808000000000003,-0.0048344205923743725
B177,c,h015,0.004224,-0.002573159347554101
B178,b,h015,-0.001152,-0.00023392357705037285
B185,c,h015,-0.000768,-0.00015594905136691523
B187,c,h015,-0.002304,-0.0004678471541007457
B188,c,h015,-0.00384,-0.0007797452568345763
B189,c,h015,-0.0038399999999999997,-0.0007797452568345763
B199,b,h015,-0.003456,-0.0007017707311511186
B202,a,h015,-0.000384,-7.797452568345762e-5
B204,a,h015,-0.004224,-0.0008577197825180339
B222,a,h015,-0.000384,-7.797452568345762e-5
B233,a,h015,-0.003456,-0.0007017707311511186
B259,b,h015,-0.00192,-0.00038987262841728813
B269,b,h015,-0.0026880000000000003,-0.0005458216797842034
B274,b,h015,-0.004992,-0.001013668833884949
B277,b,h015,-0.001152,-0.00023392357705037285
B279,b,h015,-0.001152,-0.00023392357705037285
B284,b,h015,-0.0026880000000000003,-0.0005458216797842034
B285,b,h015,-0.003456,-0.0007017707311511186
B287,a,h015,-0.00384,-0.0007797452568345763
B296,a,h015,-0.001536,-0.00031189810273383046
B13,a,h016,-0.00192,-0.00038987262841728813
B39,a,h016,-0.00192,-0.00038987262841728813
B55,c,h016,-0.003456,-0.0007017707311511186
B56,c,h016,-0.005376000000000001,-0.0010916433595684067
B58,c,h016,-0.000384,-7.797452568345762e-5
B59,c,h016,-0.000384,-7.797452568345762e-5
B61,c,h016,-0.001536,-0.00031189810273383046
B69,a,h016,0.0072959999999999995,-0.0003898726284172882
B90,c,h016,-0.003072,-0.0006237962054676609
B99,c,h016,-0.000768,-0.00015594905136691523
B110,c,h016,-0.003072,-0.0006237962054676609
B112,c,h016,-0.000768,-0.00015594905136691523
B118,c,h016,-0.0026880000000000003,-0.0005458216797842034
B120,c,h016,-0.000768,-0.00015594905136691523
B123,c,h016,-0.001536,-0.00031189810273383046
B124,c,h016,-0.001152,-0.00023392357705037285
B126,b,h016,-0.000768,-0.00015594905136691523
B130,c,h016,-0.000384,-7.797452568345762e-5
B137,c,h016,-0.006912,-0.0014035414623022372
B138,c,h016,-0.000768,-0.00015594905136691523
B139,c,h016,-0.000384,-7.797452568345762e-5
B140,c,h016,-0.004224,-0.0008577197825180339
B145,a,h016,-0.00192,-0.00038987262841728813
B146,a,h016,-0.000768,-0.00015594905136691523
B151,a,h016,-0.000384,-7.797452568345762e-5
B154,b,h016,-0.004608,-0.0009356943082014914
B155,b,h016,-0.00576,-0.0011696178852518642
B157,c,h016,-0.002304,-0.0004678471541007457
B167,c,h016,-0.000768,-0.00015594905136691523
B168,c,h016,-0.001152,-0.00023392357705037285
B169,c,h016,-0.006528,-0.0013255669366187795
B173,b,h016,-0.003072,-0.0006237962054676609
B176,c,h016,-0.024576,-0.004990369643741287
B177,c,h016,0.005376000000000001,-0.0012475924109353219
B178,b,h016,-0.000768,-0.00015594905136691523
B185,c,h016,-0.000384,-7.797452568345762e-5
B187,c,h016,-0.002304,-0.0004678471541007457
B188,c,h016,-0.001536,-0.00031189810273383046
B189,c,h016,-0.004608,-0.0009356943082014916
B190,a,h016,-0.000384,-7.797452568345762e-5
B199,b,h016,-0.0026880000000000003,-0.0005458216797842034
B202,a,h016,-0.000384,-7.797452568345762e-5
B204,a,h016,-0.000384,-7.797452568345762e-5
B222,a,h016,-0.000384,-7.797452568345762e-5
B233,a,h016,-0.00384,-0.0007797452568345763
B259,b,h016,-0.001536,-0.00031189810273383046
B268,b,h016,-0.000384,-7.797452568345762e-5
B269,b,h016,-0.000768,-0.00015594905136691523
B274,b,h016,-0.002304,-0.0004678471541007457
B277,b,h016,-0.001152,-0.00023392357705037285
B279,b,h016,-0.001152,-0.00023392357705037285
B284,b,h016,-0.003072,-0.0006237962054676609
B285,b,h016,-0.0026880000000000003,-0.0005458216797842034
B287,a,h016,-0.00384,-0.0007797452568345763
B296,a,h016,-0.001536,-0.00031189810273383046
B13,a,h017,-0.00192,-0.00038987262841728813
B31,a,h017,-0.001152,-0.00023392357705037285
B39,a,h017,-0.001536,-0.00031189810273383046
B55,c,h017,-0.003456,-0.0007017707311511186
B56,c,h017,-0.003456,-0.0007017707311511186
B58,c,h017,-0.001152,-0.00023392357705037285
B61,c,h017,-0.0026880000000000003,-0.0005458216797842034
B69,a,h017,0.004992,-0.000389872628417288
B90,c,h017,-0.003456,-0.0007017707311511186
B110,c,h017,-0.003072,-0.0006237962054676609
B112,c,h017,-0.000768,-0.00015594905136691523
B118,c,h017,-0.00192,-0.00038987262841728813
B120,c,h017,-0.000768,-0.00015594905136691523
B123,c,h017,-0.001152,-0.00023392357705037285
B124,c,h017,-0.001536,-0.00031189810273383046
B126,b,h017,-0.001536,-0.00031189810273383046
B130,c,h017,-0.000384,-7.797452568345762e-5
B137,c,h017,-0.012288,-0.0024951848218706437
B138,c,h017,-0.009984,-0.002027337667769898
B139,c,h017,-0.002304,-0.0004678471541007457
B140,c,h017,-0.004992,-0.001013668833884949
B145,a,h017,-0.001536,-0.00031189810273383046
B146,a,h017,-0.000384,-7.797452568345762e-5
B151,a,h017,-0.000384,-7.797452568345762e-5
B154,b,h017,-0.005376000000000001,-0.0010916433595684067
B155,b,h017,-0.005376000000000001,-0.0010916433595684067
B157,c,h017,-0.00192,-0.00038987262841728813
B167,c,h017,-0.000768,-0.00015594905136691523
B168,c,h017,-0.001152,-0.00023392357705037285
B169,c,h017,-0.006528,-0.0013255669366187795
B173,b,h017,-0.001152,-0.00023392357705037285
B176,c,h017,-0.019200000000000002,-0.0038987262841728813
B177,c,h017,0.0015359999999999992,-0.0014815159879856949
B178,b,h017,-0.003072,-0.0006237962054676609
B185,c,h017,-0.000384,-7.797452568345762e-5
B187,c,h017,-0.005376000000000001,-0.0010916433595684067
B188,c,h017,-0.0026880000000000003,-0.0005458216797842034
B189,c,h017,-0.004224,-0.0008577197825180339
B190,a,h017,-0.000768,-0.00015594905136691523
B199,b,h017,-0.003456,-0.0007017707311511186
B202,a,h017,-0.000384,-7.797452568345762e-5
B204,a,h017,-0.000384,-7.797452568345762e-5
B233,a,h017,-0.0026880000000000003,-0.0005458216797842034
B259,b,h017,-0.00192,-0.00038987262841728813
B268,b,h017,-0.000384,-7.797452568345762e-5
B269,b,h017,-0.003072,-0.0006237962054676609
B274,b,h017,-0.004224,-0.0008577197825180339
B277,b,h017,-0.001152,-0.00023392357705037285
B279,b,h017,-0.001536,-0.00031189810273383046
B284,b,h017,-0.002304,-0.0004678471541007457
B285,b,h017,-0.004608,-0.0009356943082014914
B287,a,h017,-0.00384,-0.0007797452568345763
B296,a,h017,-0.00192,-0.00038987262841728813
B13,a,h018,-0.001152,-0.00023392357705037285
B31,a,h018,-0.000384,-7.797452568345762e-5
B39,a,h018,-0.001152,-0.00023392357705037285
B55,c,h018,-0.003456,-0.0007017707311511186
B56,c,h018,-0.002304,-0.0004678471541007457
B58,c,h018,-0.000768,-0.00015594905136691523
B59,c,h018,-0.002304,-0.0004678471541007457
B61,c,h018,-0.00384,-0.0007797452568345763
B69,a,h018,-0.000384,-0.0004678471541007457
B90,c,h018,-0.003456,-0.0007017707311511186
B110,c,h018,-0.003072,-0.0006237962054676609
B112,c,h018,-0.001152,-0.00023392357705037285
B118,c,h018,-0.001152,-0.00023392357705037285
B120,c,h018,-0.00192,-0.00038987262841728813
B123,c,h018,-0.002304,-0.0004678471541007457
B124,c,h018,-0.00192,-0.00038987262841728813
B126,b,h018,-0.004224,-0.0008577197825180339
B137,c,h018,-0.01152,-0.0023392357705037284
B138,c,h018,-0.006912,-0.0014035414623022372
B139,c,h018,-0.001536,-0.00031189810273383046
B140,c,h018,-0.004224,-0.0008577197825180339
B145,a,h018,-0.001152,-0.00023392357705037285
B146,a,h018,-0.001152,-0.00023392357705037285
B151,a,h018,-0.002304,-0.0004678471541007457
B154,b,h018,-0.00576,-0.0011696178852518642
B155,b,h018,-0.00576,-0.0011696178852518642
B157,c,h018,-0.00192,-0.00038987262841728813
B167,c,h018,-0.000768,-0.00015594905136691523
B168,c,h018,-0.0026880000000000003,-0.0005458216797842034
B169,c,h018,-0.006912,-0.0014035414623022372
B173,b,h018,-0.00576,-0.0011696178852518642
B176,c,h018,-0.010752,-0.0021832867191368135
B177,c,h018,-0.0023040000000000005,-0.0008577197825180339
B178,b,h018,-0.005376000000000001,-0.0010916433595684067
B185,c,h018,-0.000768,-0.00015594905136691523
B187,c,h018,-0.013056,-0.002651133873237559
B188,c,h018,-0.0026880000000000003,-0.0005458216797842034
B189,c,h018,-0.0038399999999999997,-0.0007797452568345763
B190,a,h018,-0.000384,-7.797452568345762e-5
B199,b,h018,-0.003072,-0.0006237962054676609
B202,a,h018,-0.000768,-0.00015594905136691523
B204,a,h018,-0.002304,-0.0004678471541007457
B222,a,h018,-0.000384,-7.797452568345762e-5
B233,a,h018,-0.00384,-0.0007797452568345763
B259,b,h018,-0.003456,-0.0007017707311511186
B269,b,h018,-0.00192,-0.00038987262841728813
B274,b,h018,-0.007296,-0.0014815159879856949
B277,b,h018,-0.001152,-0.00023392357705037285
B279,b,h018,-0.001152,-0.00023392357705037285
B284,b,h018,-0.002304,-0.0004678471541007457
B285,b,h018,-0.009984,-0.002027337667769898
B287,a,h018,-0.003456,-0.0007017707311511186
B296,a,h018,-0.001152,-0.00023392357705037285
B13,a,h019,-0.005376000000000001,-0.0010916433595684067
B31,a,h019,-0.000384,-7.797452568345762e-5
B39,a,h019,-0.001152,-0.00023392357705037285
B55,c,h019,-0.004992,-0.001013668833884949
B56,c,h019,-0.002304,-0.0004678471541007457
B58,c,h019,-0.000768,-0.00015594905136691523
B59,c,h019,-0.003456,-0.0007017707311511186
B61,c,h019,-0.001536,-0.00031189810273383046
B69,a,h019,-0.006912,-0.0014035414623022372
B90,c,h019,-0.003456,-0.0007017707311511186
B99,c,h019,-0.000768,-0.00015594905136691523
B110,c,h019,-0.003072,-0.0006237962054676609
B112,c,h019,-0.001152,-0.00023392357705037285
B118,c,h019,-0.00192,-0.00038987262841728813
B120,c,h019,-0.000768,-0.00015594905136691523
B123,c,h019,-0.008832,-0.0017934140907195253
B124,c,h019,-0.003456,-0.0007017707311511186
B126,b,h019,-0.00192,-0.00038987262841728813
B130,c,h019,-0.000768,-0.00015594905136691523
B137,c,h019,-0.003072,-0.0006237962054676609
B138,c,h019,-0.003456,-0.0007017707311511186
B139,c,h019,-0.000768,-0.00015594905136691523
B140,c,h019,-0.004608,-0.0009356943082014914
B145,a,h019,-0.002304,-0.0004678471541007457
B146,a,h019,-0.002304,-0.0004678471541007457
B151,a,h019,-0.010752000000000001,-0.0021832867191368135
B154,b,h019,-0.004992,-0.001013668833884949
B155,b,h019,-0.005376000000000001,-0.0010916433595684067
B157,c,h019,-0.00192,-0.00038987262841728813
B167,c,h019,-0.002304,-0.0004678471541007457
B168,c,h019,-0.001152,-0.00023392357705037285
B169,c,h019,-0.006144,-0.0012475924109353219
B173,b,h019,-0.00192,-0.00038987262841728813
B176,c,h019,-0.014208000000000002,-0.002885057450287932
B177,c,h019,-0.002304,-0.0004678471541007457
B178,b,h019,-0.003072,-0.0006237962054676609
B185,c,h019,-0.000384,-7.797452568345762e-5
B187,c,h019,-0.006528,-0.0013255669366187795
B188,c,h019,-0.0026880000000000003,-0.0005458216797842034
B189,c,h019,-0.004224,-0.0008577197825180339
B190,a,h019,-0.004608,-0.0009356943082014914
B199,b,h019,-0.002304,-0.0004678471541007457
B202,a,h019,-0.000768,-0.00015594905136691523
B204,a,h019,-0.006144,-0.0012475924109353219
B233,a,h019,-0.0026880000000000003,-0.0005458216797842034
B259,b,h019,-0.005376000000000001,-0.0010916433595684067
B268,b,h019,-0.000384,-7.797452568345762e-5
B269,b,h019,-0.0026880000000000003,-0.0005458216797842034
B274,b,h019,-0.005376000000000001,-0.0010916433595684067
B277,b,h019,-0.00192,-0.00038987262841728813
B279,b,h019,-0.00192,-0.00038987262841728813
B284,b,h019,-0.003456,-0.0007017707311511186
B285,b,h019,-0.01536,-0.003118981027338305
B287,a,h019,-0.003456,-0.0007017707311511186
B296,a,h019,-0.003456,-0.0007017707311511186
B13,a,h020,-0.002304,-0.0004678471541007457
B31,a,h020,-0.000768,-0.00015594905136691523
B39,a,h020,-0.0026880000000000003,-0.0005458216797842034
B55,c,h020,-0.004608,-0.0009356943082014914
B56,c,h020,-0.002304,-0.0004678471541007457
B58,c,h020,-0.00192,-0.00038987262841728813
B59,c,h020,-0.001152,-0.00023392357705037285
B61,c,h020,-0.001536,-0.00031189810273383046
B69,a,h020,-0.002304,-0.0004678471541007457
B90,c,h020,-0.003456,-0.0007017707311511186
B99,c,h020,-0.000384,-7.797452568345762e-5
B110,c,h020,-0.006528,-0.0013255669366187795
B112,c,h020,-0.00192,-0.00038987262841728813
B118,c,h020,-0.00192,-0.00038987262841728813
B120,c,h020,-0.0026880000000000003,-0.0005458216797842034
B123,c,h020,-0.00192,-0.00038987262841728813
B124,c,h020,-0.00192,-0.00038987262841728813
B126,b,h020,-0.004992,-0.001013668833884949
B130,c,h020,-0.000384,-7.797452568345762e-5
B137,c,h020,-0.014208,-0.002885057450287932
B138,c,h020,-0.001152,-0.00023392357705037285
B139,c,h020,-0.000384,-7.797452568345762e-5
B140,c,h020,-0.003072,-0.0006237962054676609
B145,a,h020,-0.0026880000000000003,-0.0005458216797842034
B146,a,h020,-0.002304,-0.0004678471541007457
B151,a,h020,-0.010752000000000001,-0.0021832867191368135
B154,b,h020,-0.006144,-0.0012475924109353219
B155,b,h020,-0.006144,-0.0012475924109353219
B157,c,h020,-0.002304,-0.0004678471541007457
B167,c,h020,-0.001536,-0.00031189810273383046
B168,c,h020,-0.001536,-0.00031189810273383046
B169,c,h020,-0.006144,-0.0012475924109353219
B173,b,h020,-0.002304,-0.0004678471541007457
B176,c,h020,-0.016512,-0.003352904604388678
B177,c,h020,-0.004224,-0.0008577197825180339
B178,b,h020,-0.00192,-0.00038987262841728813
B185,c,h020,-0.000384,-7.797452568345762e-5
B187,c,h020,-0.0026880000000000003,-0.0005458216797842034
B188,c,h020,-0.0026880000000000003,-0.0005458216797842034
B189,c,h020,-0.004992,-0.001013668833884949
B190,a,h020,-0.000768,-0.00015594905136691523
B199,b,h020,-0.003456,-0.0007017707311511186
B202,a,h020,-0.000768,-0.00015594905136691523
B204,a,h020,-0.009216,-0.0018713886164029828
B222,a,h020,-0.000768,-0.00015594905136691523
B233,a,h020,-0.00384,-0.0007797452568345763
B259,b,h020,-0.004992,-0.001013668833884949
B268,b,h020,-0.000384,-7.797452568345762e-5
B269,b,h020,-0.003456,-0.0007017707311511186
B274,b,h020,-0.00384,-0.0007797452568345763
B277,b,h020,-0.001536,-0.00031189810273383046
B279,b,h020,-0.001536,-0.00031189810273383046
B284,b,h020,-0.002304,-0.0004678471541007457
B285,b,h020,-0.00768,-0.0015594905136691525
B287,a,h020,-0.003072,-0.0006237962054676609
B296,a,h020,-0.004608,-0.0009356943082014914
B13,a,h021,-0.0026880000000000003,-0.0005458216797842034
B39,a,h021,-0.001152,-0.00023392357705037285
B55,c,h021,-0.004224,-0.0008577197825180339
B56,c,h021,-0.00192,-0.00038987262841728813
B58,c,h021,-0.001536,-0.00031189810273383046
B59,c,h021,-0.000768,-0.00015594905136691523
B61,c,h021,-0.001536,-0.00031189810273383046
B69,a,h021,-0.0026880000000000003,-0.0005458216797842034
B90,c,h021,-0.00576,-0.0011696178852518642
B99,c,h021,-0.000768,-0.00015594905136691523
B110,c,h021,-0.003072,-0.0006237962054676609
B112,c,h021,-0.001152,-0.00023392357705037285
B118,c,h021,-0.001536,-0.00031189810273383046
B120,c,h021,-0.00192,-0.00038987262841728813
B123,c,h021,-0.006528,-0.0013255669366187795
B124,c,h021,-0.00192,-0.00038987262841728813
B126,b,h021,-0.001152,-0.00023392357705037285
B130,c,h021,-0.000768,-0.00015594905136691523
B137,c,h021,-0.00192,-0.00038987262841728813
B138,c,h021,-0.003072,-0.0006237962054676609
B139,c,h021,-0.001536,-0.00031189810273383046
B140,c,h021,-0.0026880000000000003,-0.0005458216797842034
B145,a,h021,-0.0026880000000000003,-0.0005458216797842034
B146,a,h021,-0.003072,-0.0006237962054676609
B151,a,h021,-0.001152,-0.00023392357705037285
B154,b,h021,-0.005376000000000001,-0.0010916433595684067
B155,b,h021,-0.00576,-0.0011696178852518642
B157,c,h021,-0.00192,-0.00038987262841728813
B167,c,h021,-0.001536,-0.00031189810273383046
B168,c,h021,-0.001536,-0.00031189810273383046
B169,c,h021,-0.00576,-0.0011696178852518642
B173,b,h021,-0.002304,-0.0004678471541007457
B176,c,h021,-0.019968,-0.004054675335539796
B177,c,h021,-0.00192,-0.00031189810273383046
B178,b,h021,-0.001536,-0.00031189810273383046
B185,c,h021,-0.000384,-7.797452568345762e-5
B187,c,h021,-0.003072,-0.0006237962054676609
B188,c,h021,-0.003456,-0.0007017707311511186
B189,c,h021,-0.008064,-0.00163746503935261
B190,a,h021,-0.000768,-0.00015594905136691523
B199,b,h021,-0.00384,-0.0007797452568345763
B202,a,h021,-0.000384,-7.797452568345762e-5
B204,a,h021,-0.001152,-0.00023392357705037285
B222,a,h021,-0.000384,-7.797452568345762e-5
B233,a,h021,-0.0026880000000000003,-0.0005458216797842034
B259,b,h021,-0.003456,-0.0007017707311511186
B269,b,h021,-0.004992,-0.001013668833884949
B274,b,h021,-0.00768,-0.0015594905136691525
B277,b,h021,-0.0026880000000000003,-0.0005458216797842034
B279,b,h021,-0.001152,-0.00023392357705037285
B284,b,h021,-0.001536,-0.00031189810273383046
B285,b,h021,-0.004608,-0.0009356943082014914
B287,a,h021,-0.003456,-0.0007017707311511186
B296,a,h021,-0.006144,-0.0012475924109353219
B13,a,h022,-0.004992,-0.001013668833884949
B31,a,h022,-0.000768,-0.00015594905136691523
B39,a,h022,-0.001152,-0.00023392357705037285
B55,c,h022,-0.003072,-0.0006237962054676609
B56,c,h022,-0.00192,-0.00038987262841728813
B58,c,h022,-0.001536,-0.00031189810273383046
B59,c,h022,-0.000768,-0.00015594905136691523
B61,c,h022,-0.00192,-0.00038987262841728813
B69,a,h022,-0.002304,-0.0004678471541007457
B90,c,h022,-0.006528,-0.0013255669366187795
B99,c,h022,-0.000384,-7.797452568345762e-5
B110,c,h022,-0.003456,-0.0007017707311511186
B112,c,h022,-0.00192,-0.00038987262841728813
B118,c,h022,-0.001536,-0.00031189810273383046
B120,c,h022,-0.000768,-0.00015594905136691523
B123,c,h022,-0.00192,-0.00038987262841728813
B124,c,h022,-0.00192,-0.00038987262841728813
B126,b,h022,-0.00192,-0.00038987262841728813
B130,c,h022,-0.000768,-0.00015594905136691523
B137,c,h022,-0.004992,-0.001013668833884949
B138,c,h022,-0.003456,-0.0007017707311511186
B139,c,h022,-0.000384,-7.797452568345762e-5
B140,c,h022,-0.004224,-0.0008577197825180339
B145,a,h022,-0.0026880000000000003,-0.0005458216797842034
B146,a,h022,-0.00192,-0.00038987262841728813
B151,a,h022,-0.0026880000000000003,-0.0005458216797842034
B154,b,h022,-0.00576,-0.0011696178852518642
B155,b,h022,-0.00576,-0.0011696178852518642
B157,c,h022,-0.002304,-0.0004678471541007457
B167,c,h022,-0.001152,-0.00023392357705037285
B168,c,h022,-0.001152,-0.00023392357705037285
B169,c,h022,-0.003456,-0.0007017707311511186
B173,b,h022,-0.001536,-0.00031189810273383046
B176,c,h022,-0.01344,-0.002729108398921017
B177,c,h022,-0.00192,-0.00038987262841728813
B178,b,h022,-0.001152,-0.00023392357705037285
B185,c,h022,-0.000384,-7.797452568345762e-5
B187,c,h022,-0.00768,-0.0015594905136691525
B188,c,h022,-0.0026880000000000003,-0.0005458216797842034
B189,c,h022,-0.008064,-0.00163746503935261
B190,a,h022,-0.000768,-0.00015594905136691523
B199,b,h022,-0.00384,-0.0007797452568345763
B202,a,h022,-0.000768,-0.00015594905136691523
B204,a,h022,-0.001152,-0.00023392357705037285
B222,a,h022,-0.000384,-7.797452568345762e-5
B233,a,h022,-0.00384,-0.0007797452568345763
B259,b,h022,-0.004224,-0.0008577197825180339
B268,b,h022,-0.000384,-7.797452568345762e-5
B269,b,h022,-0.004224,-0.0008577197825180339
B274,b,h022,-0.00768,-0.0015594905136691525
B277,b,h022,-0.001536,-0.00031189810273383046
B279,b,h022,-0.001152,-0.00023392357705037285
B284,b,h022,-0.002304,-0.0004678471541007457
B285,b,h022,-0.002304,-0.0004678471541007457
B287,a,h022,-0.003456,-0.0007017707311511186
B296,a,h022,-0.0026880000000000003,-0.0005458216797842034
B13,a,h023,-0.001152,-0.00023392357705037285
B31,a,h023,-0.000384,-7.797452568345762e-5
B39,a,h023,-0.001536,-0.00031189810273383046
B55,c,h023,-0.0026880000000000003,-0.0005458216797842034
B56,c,h023,-0.002304,-0.0004678471541007457
B58,c,h023,-0.001536,-0.00031189810273383046
B59,c,h023,-0.000768,-0.00015594905136691523
B61,c,h023,-0.001536,-0.00031189810273383046
B69,a,h023,-0.002304,-0.0004678471541007457
B90,c,h023,-0.003456,-0.0007017707311511186
B99,c,h023,-0.000768,-0.00015594905136691523
B110,c,h023,-0.003456,-0.0007017707311511186
B112,c,h023,-0.001152,-0.00023392357705037285
B118,c,h023,-0.00192,-0.00038987262841728813
B120,c,h023,-0.001536,-0.00031189810273383046
B123,c,h023,-0.0026880000000000003,-0.0005458216797842034
B124,c,h023,-0.0026880000000000003,-0.0005458216797842034
B126,b,h023,-0.000768,-0.00015594905136691523
B130,c,h023,-0.000768,-0.00015594905136691523
B137,c,h023,-0.0026880000000000003,-0.0005458216797842034
B138,c,h023,-0.003456,-0.0007017707311511186
B139,c,h023,-0.000768,-0.00015594905136691523
B140,c,h023,-0.0026880000000000003,-0.0005458216797842034
B145,a,h023,-0.001536,-0.00031189810273383046
B146,a,h023,-0.000768,-0.00015594905136691523
B151,a,h023,-0.000768,-0.00015594905136691523
B154,b,h023,-0.004992,-0.001013668833884949
B155,b,h023,-0.00576,-0.0011696178852518642
B157,c,h023,-0.002304,-0.0004678471541007457
B167,c,h023,-0.001152,-0.00023392357705037285
B168,c,h023,-0.001152,-0.00023392357705037285
B169,c,h023,-0.0026880000000000003,-0.0005458216797842034
B173,b,h023,-0.000768,-0.00015594905136691523
B176,c,h023,-0.010368,-0.002105312193453356
B177,c,h023,-0.00384,-0.0007797452568345763
B178,b,h023,-0.000768,-0.00015594905136691523
B185,c,h023,-0.000768,-0.00015594905136691523
B187,c,h023,-0.003072,-0.0006237962054676609
B188,c,h023,-0.0026880000000000003,-0.0005458216797842034
B189,c,h023,-0.012288,-0.0024951848218706437
B190,a,h023,-0.000768,-0.00015594905136691523
B199,b,h023,-0.003456,-0.0007017707311511186
B202,a,h023,-0.000768,-0.00015594905136691523
B204,a,h023,-0.000768,-0.00015594905136691523
B222,a,h023,-0.000384,-7.797452568345762e-5
B233,a,h023,-0.003072,-0.0006237962054676609
B259,b,h023,-0.002304,-0.0004678471541007457
B269,b,h023,-0.004992,-0.001013668833884949
B274,b,h023,-0.00384,-0.0007797452568345763
B277,b,h023,-0.001536,-0.00031189810273383046
B279,b,h023,-0.000768,-0.00015594905136691523
B284,b,h023,-0.001152,-0.00023392357705037285
B285,b,h023,-0.002304,-0.0004678471541007457
B287,a,h023,-0.003456,-0.0007017707311511186
B296,a,h023,-0.002304,-0.0004678471541007457
B13,a,h024,-0.001152,-0.00023392357705037285
B31,a,h024,-0.000768,-0.00015594905136691523
B39,a,h024,-0.001536,-0.00031189810273383046
B55,c,h024,-0.002304,-0.0004678471541007457
B56,c,h024,-0.001536,-0.00031189810273383046
B58,c,h024,-0.001536,-0.00031189810273383046
B59,c,h024,-0.000384,-7.797452568345762e-5
B61,c,h024,-0.001536,-0.00031189810273383046
B69,a,h024,-0.00192,-0.00038987262841728813
B90,c,h024,-0.004224,-0.0008577197825180339
B99,c,h024,-0.001152,-0.00023392357705037285
B110,c,h024,-0.004992,-0.001013668833884949
B112,c,h024,-0.001536,-0.00031189810273383046
B118,c,h024,-0.001152,-0.00023392357705037285
B120,c,h024,-0.0026880000000000003,-0.0005458216797842034
B123,c,h024,-0.001536,-0.00031189810273383046
B124,c,h024,-0.001536,-0.00031189810273383046
B126,b,h024,-0.002304,-0.0004678471541007457
B130,c,h024,-0.000768,-0.00015594905136691523
B137,c,h024,-0.00192,-0.00038987262841728813
B138,c,h024,-0.003072,-0.0006237962054676609
B139,c,h024,-0.000384,-7.797452568345762e-5
B140,c,h024,-0.003072,-0.0006237962054676609
B145,a,h024,-0.001152,-0.00023392357705037285
B146,a,h024,-0.000768,-0.00015594905136691523
B151,a,h024,-0.000768,-0.00015594905136691523
B154,b,h024,-0.006144,-0.0012475924109353219
B155,b,h024,-0.005376000000000001,-0.0010916433595684067
B157,c,h024,-0.00192,-0.00038987262841728813
B167,c,h024,-0.001152,-0.00023392357705037285
B168,c,h024,-0.000768,-0.00015594905136691523
B169,c,h024,-0.0026880000000000003,-0.0005458216797842034
B173,b,h024,-0.000768,-0.00015594905136691523
B176,c,h024,-0.010752,-0.0021832867191368135
B177,c,h024,-0.002304,-0.0004678471541007457
B178,b,h024,-0.001152,-0.00023392357705037285
B185,c,h024,-0.000384,-7.797452568345762e-5
B187,c,h024,-0.008064,-0.00163746503935261
B188,c,h024,-0.002304,-0.0004678471541007457
B189,c,h024,-0.010752000000000001,-0.0021832867191368135
B190,a,h024,-0.000768,-0.00015594905136691523
B199,b,h024,-0.002304,-0.0004678471541007457
B202,a,h024,-0.000384,-7.797452568345762e-5
B204,a,h024,-0.001152,-0.00023392357705037285
B222,a,h024,-0.000768,-0.00015594905136691523
B233,a,h024,-0.003456,-0.0007017707311511186
B259,b,h024,-0.0026880000000000003,-0.0005458216797842034
B268,b,h024,-0.000384,-7.797452568345762e-5
B269,b,h024,-0.004992,-0.001013668833884949
B274,b,h024,-0.006912,-0.0014035414623022372
B277,b,h024,-0.001152,-0.00023392357705037285
B279,b,h024,-0.001536,-0.00031189810273383046
B284,b,h024,-0.001536,-0.00031189810273383046
B285,b,h024,-0.00192,-0.00038987262841728813
B287,a,h024,-0.003456,-0.0007017707311511186
B296,a,h024,-0.002304,-0.0004678471541007457
B13,a,h025,-0.000768,-0.00015594905136691523
B31,a,h025,-0.000768,-0.00015594905136691523
B39,a,h025,-0.001536,-0.00031189810273383046
B55,c,h025,-0.0026880000000000003,-0.0005458216797842034
B56,c,h025,-0.001152,-0.00023392357705037285
B58,c,h025,-0.001152,-0.00023392357705037285
B59,c,h025,-0.00192,-0.00038987262841728813
B61,c,h025,-0.001536,-0.00031189810273383046
B69,a,h025,-0.001536,-0.00031189810273383046
B90,c,h025,-0.00384,-0.0007797452568345763
B99,c,h025,-0.001536,-0.00031189810273383046
B110,c,h025,-0.003456,-0.0007017707311511186
B112,c,h025,-0.001536,-0.00031189810273383046
B118,c,h025,-0.001152,-0.00023392357705037285
B120,c,h025,-0.010752000000000001,-0.0021832867191368135
B123,c,h025,-0.001536,-0.00031189810273383046
B124,c,h025,-0.001152,-0.00023392357705037285
B126,b,h025,-0.000768,-0.00015594905136691523
B130,c,h025,-0.000384,-7.797452568345762e-5
B137,c,h025,-0.002304,-0.0004678471541007457
B138,c,h025,-0.003456,-0.0007017707311511186
B139,c,h025,-0.000768,-0.00015594905136691523
B140,c,h025,-0.003072,-0.0006237962054676609
B145,a,h025,-0.001152,-0.00023392357705037285
B146,a,h025,-0.001536,-0.00031189810273383046
B151,a,h025,-0.002304,-0.0004678471541007457
B154,b,h025,-0.007296,-0.0014815159879856949
B155,b,h025,-0.005376000000000001,-0.0010916433595684067
B157,c,h025,-0.002304,-0.0004678471541007457
B167,c,h025,-0.000768,-0.00015594905136691523
B168,c,h025,-0.001152,-0.00023392357705037285
B169,c,h025,-0.003072,-0.0006237962054676609
B173,b,h025,-0.000384,-7.797452568345762e-5
B176,c,h025,-0.006528,-0.0013255669366187795
B177,c,h025,-0.00192,-0.00038987262841728813
B178,b,h025,-0.001536,-0.00031189810273383046
B185,c,h025,-0.000384,-7.797452568345762e-5
B187,c,h025,-0.006144,-0.0012475924109353219
B188,c,h025,-0.002304,-0.0004678471541007457
B189,c,h025,-0.011136,-0.002261261244820271
B190,a,h025,-0.000384,-7.797452568345762e-5
B199,b,h025,-0.006912,-0.0014035414623022372
B202,a,h025,-0.000768,-0.00015594905136691523
B204,a,h025,-0.000768,-0.00015594905136691523
B222,a,h025,-0.000384,-7.797452568345762e-5
B233,a,h025,-0.003072,-0.0006237962054676609
B259,b,h025,-0.002304,-0.0004678471541007457
B268,b,h025,-0.000384,-7.797452568345762e-5
B269,b,h025,-0.005376000000000001,-0.0010916433595684067
B274,b,h025,-0.004608,-0.0009356943082014914
B277,b,h025,-0.001536,-0.00031189810273383046
B279,b,h025,-0.000768,-0.00015594905136691523
B284,b,h025,-0.001152,-0.00023392357705037285
B285,b,h025,-0.003456,-0.0007017707311511186
B287,a,h025,-0.003456,-0.0007017707311511186
B296,a,h025,-0.00192,-0.00038987262841728813
B13,a,h026,-0.000768,-0.00015594905136691523
B31,a,h026,-0.000384,-7.797452568345762e-5
B39,a,h026,-0.0026880000000000003,-0.0005458216797842034
B55,c,h026,-0.0026880000000000003,-0.0005458216797842034
B56,c,h026,-0.001536,-0.00031189810273383046
B58,c,h026,-0.000768,-0.00015594905136691523
B59,c,h026,-0.001536,-0.00031189810273383046
B61,c,h026,-0.00192,-0.00038987262841728813
B69,a,h026,-0.001536,-0.00031189810273383046
B90,c,h026,-0.00384,-0.0007797452568345763
B99,c,h026,-0.001152,-0.00023392357705037285
B110,c,h026,-0.004992,-0.001013668833884949
B112,c,h026,-0.001536,-0.00031189810273383046
B118,c,h026,-0.001152,-0.00023392357705037285
B120,c,h026,-0.00192,-0.00038987262841728813
B123,c,h026,-0.001536,-0.00031189810273383046
B124,c,h026,-0.001152,-0.00023392357705037285
B126,b,h026,-0.000768,-0.00015594905136691523
B130,c,h026,-0.000768,-0.00015594905136691523
B131,b,h026,-0.000384,-7.797452568345762e-5
B137,c,h026,-0.002304,-0.0004678471541007457
B138,c,h026,-0.003072,-0.0006237962054676609
B139,c,h026,-0.000768,-0.00015594905136691523
B140,c,h026,-0.00192,-0.00038987262841728813
B145,a,h026,-0.001536,-0.00031189810273383046
B146,a,h026,-0.000384,-7.797452568345762e-5
B151,a,h026,-0.000768,-0.00015594905136691523
B154,b,h026,-0.00768,-0.0015594905136691525
B155,b,h026,-0.005376000000000001,-0.0010916433595684067
B157,c,h026,-0.00192,-0.00038987262841728813
B167,c,h026,-0.001152,-0.00023392357705037285
B168,c,h026,-0.001152,-0.00023392357705037285
B169,c,h026,-0.0026880000000000003,-0.0005458216797842034
B173,b,h026,-0.000768,-0.00015594905136691523
B176,c,h026,-0.001536,-0.00031189810273383046
B177,c,h026,-0.00384,-0.0007797452568345763
B178,b,h026,-0.000768,-0.00015594905136691523
B185,c,h026,-0.000768,-0.00015594905136691523
B187,c,h026,-0.006528,-0.0013255669366187795
B188,c,h026,-0.002304,-0.0004678471541007457
B189,c,h026,-0.008448,-0.0017154395650360677
B190,a,h026,-0.000768,-0.00015594905136691523
B199,b,h026,-0.004992,-0.001013668833884949
B202,a,h026,-0.000384,-7.797452568345762e-5
B204,a,h026,-0.001152,-0.00023392357705037285
B222,a,h026,-0.000384,-7.797452568345762e-5
B233,a,h026,-0.003456,-0.0007017707311511186
B259,b,h026,-0.002304,-0.0004678471541007457
B268,b,h026,-0.000384,-7.797452568345762e-5
B269,b,h026,-0.006528,-0.0013255669366187795
B274,b,h026,-0.00768,-0.0015594905136691525
B277,b,h026,-0.001152,-0.00023392357705037285
B279,b,h026,-0.001152,-0.00023392357705037285
B284,b,h026,-0.001152,-0.00023392357705037285
B285,b,h026,-0.00192,-0.00038987262841728813
B287,a,h026,-0.003456,-0.0007017707311511186
B296,a,h026,-0.002304,-0.0004678471541007457
B13,a,h027,-0.001152,-0.00023392357705037285
B31,a,h027,-0.000768,-0.00015594905136691523
B39,a,h027,-0.001536,-0.00031189810273383046
B55,c,h027,-0.003072,-0.0006237962054676609
B56,c,h027,-0.000768,-0.00015594905136691523
B58,c,h027,-0.001152,-0.00023392357705037285
B59,c,h027,-0.001152,-0.00023392357705037285
B61,c,h027,-0.001536,-0.00031189810273383046
B69,a,h027,-0.001152,-0.00023392357705037285
B90,c,h027,-0.003456,-0.0007017707311511186
B99,c,h027,-0.001536,-0.00031189810273383046
B110,c,h027,-0.003456,-0.0007017707311511186
B112,c,h027,-0.001536,-0.00031189810273383046
B118,c,h027,-0.001152,-0.00023392357705037285
B120,c,h027,-0.001152,-0.00023392357705037285
B123,c,h027,-0.002304,-0.0004678471541007457
B124,c,h027,-0.002304,-0.0004678471541007457
B126,b,h027,-0.001536,-0.00031189810273383046
B130,c,h027,-0.000768,-0.00015594905136691523
B137,c,h027,-0.002304,-0.0004678471541007457
B138,c,h027,-0.003456,-0.0007017707311511186
B139,c,h027,-0.000768,-0.00015594905136691523
B140,c,h027,-0.002304,-0.0004678471541007457
B145,a,h027,-0.000768,-0.00015594905136691523
B146,a,h027,-0.000384,-7.797452568345762e-5
B151,a,h027,-0.000384,-7.797452568345762e-5
B154,b,h027,-0.008064,-0.00163746503935261
B155,b,h027,-0.005376000000000001,-0.0010916433595684067
B157,c,h027,-0.00192,-0.00038987262841728813
B167,c,h027,-0.000768,-0.00015594905136691523
B168,c,h027,-0.001152,-0.00023392357705037285
B169,c,h027,-0.003456,-0.0007017707311511186
B173,b,h027,-0.001152,-0.00023392357705037285
B176,c,h027,-0.001536,-0.00031189810273383046
B177,c,h027,-0.001536,-0.00031189810273383046
B178,b,h027,-0.000768,-0.00015594905136691523
B185,c,h027,-0.000384,-7.797452568345762e-5
B187,c,h027,-0.002304,-0.0004678471541007457
B188,c,h027,-0.004224,-0.0008577197825180339
B189,c,h027,-0.006912,-0.0014035414623022372
B190,a,h027,-0.000768,-0.00015594905136691523
B199,b,h027,-0.001152,-0.00023392357705037285
B202,a,h027,-0.000768,-0.00015594905136691523
B204,a,h027,-0.001152,-0.00023392357705037285
B222,a,h027,-0.000384,-7.797452568345762e-5
B233,a,h027,-0.003072,-0.0006237962054676609
B259,b,h027,-0.0026880000000000003,-0.0005458216797842034
B269,b,h027,-0.004992,-0.001013668833884949
B274,b,h027,-0.00576,-0.0011696178852518642
B277,b,h027,-0.001536,-0.00031189810273383046
B279,b,h027,-0.000384,-7.797452568345762e-5
B284,b,h027,-0.001536,-0.00031189810273383046
B285,b,h027,-0.001536,-0.00031189810273383046
B287,a,h027,-0.003456,-0.0007017707311511186
B296,a,h027,-0.00192,-0.00038987262841728813
B13,a,h028,-0.000768,-0.00015594905136691523
B31,a,h028,-0.000384,-7.797452568345762e-5
B39,a,h028,-0.001152,-0.00023392357705037285
B55,c,h028,-0.003072,-0.0006237962054676609
B56,c,h028,-0.001152,-0.00023392357705037285
B58,c,h028,-0.000768,-0.00015594905136691523
B59,c,h028,-0.000768,-0.00015594905136691523
B61,c,h028,-0.001536,-0.00031189810273383046
B69,a,h028,-0.001536,-0.00031189810273383046
B90,c,h028,-0.00384,-0.0007797452568345763
B99,c,h028,-0.001152,-0.00023392357705037285
B110,c,h028,-0.004992,-0.001013668833884949
B112,c,h028,-0.001152,-0.00023392357705037285
B118,c,h028,-0.001152,-0.00023392357705037285
B120,c,h028,-0.000768,-0.00015594905136691523
B123,c,h028,-0.001536,-0.00031189810273383046
B124,c,h028,-0.001536,-0.00031189810273383046
B126,b,h028,-0.000768,-0.00015594905136691523
B130,c,h028,-0.000768,-0.00015594905136691523
B137,c,h028,-0.002304,-0.0004678471541007457
B138,c,h028,-0.005376000000000001,-0.0010916433595684067
B139,c,h028,-0.000768,-0.00015594905136691523
B140,c,h028,-0.0026880000000000003,-0.0005458216797842034
B145,a,h028,-0.001152,-0.00023392357705037285
B146,a,h028,-0.00192,-0.00038987262841728813
B151,a,h028,-0.000768,-0.00015594905136691523
B154,b,h028,-0.00768,-0.0015594905136691525
B155,b,h028,-0.005376000000000001,-0.0010916433595684067
B157,c,h028,-0.00192,-0.00038987262841728813
B167,c,h028,-0.001152,-0.00023392357705037285
B168,c,h028,-0.001152,-0.00023392357705037285
B169,c,h028,-0.008832,-0.0017934140907195253
B173,b,h028,-0.000768,-0.00015594905136691523
B176,c,h028,-0.00192,-0.00038987262841728813
B177,c,h028,-0.00192,-0.00038987262841728813
B178,b,h028,-0.000768,-0.00015594905136691523
B185,c,h028,-0.000768,-0.00015594905136691523
B187,c,h028,-0.006528,-0.0013255669366187795
B188,c,h028,-0.002304,-0.0004678471541007457
B189,c,h028,-0.008064,-0.0016374650393526102
B190,a,h028,-0.000768,-0.00015594905136691523
B199,b,h028,-0.001536,-0.00031189810273383046
B202,a,h028,-0.000384,-7.797452568345762e-5
B204,a,h028,-0.000768,-0.00015594905136691523
B222,a,h028,-0.000768,-0.00015594905136691523
B233,a,h028,-0.003072,-0.0006237962054676609
B259,b,h028,-0.002304,-0.0004678471541007457
B268,b,h028,-0.000384,-7.797452568345762e-5
B269,b,h028,-0.004992,-0.001013668833884949
B274,b,h028,-0.005376000000000001,-0.0010916433595684067
B277,b,h028,-0.001152,-0.00023392357705037285
B279,b,h028,-0.000768,-0.00015594905136691523
B284,b,h028,-0.001152,-0.00023392357705037285
B285,b,h028,-0.00192,-0.00038987262841728813
B287,a,h028,-0.003456,-0.0007017707311511186
B296,a,h028,-0.00192,-0.00038987262841728813
B13,a,h029,-0.000768,-0.00015594905136691523
B31,a,h029,-0.000384,-7.797452568345762e-5
B39,a,h029,-0.001536,-0.00031189810273383046
B55,c,h029,-0.0026880000000000003,-0.0005458216797842034
B56,c,h029,-0.001536,-0.00031189810273383046
B58,c,h029,-0.001152,-0.00023392357705037285
B59,c,h029,-0.000768,-0.00015594905136691523
B61,c,h029,-0.00192,-0.00038987262841728813
B69,a,h029,-0.001536,-0.00031189810273383046
B90,c,h029,-0.00576,-0.0011696178852518642
B99,c,h029,-0.001152,-0.00023392357705037285
B110,c,h029,-0.004608,-0.0009356943082014914
B112,c,h029,-0.001536,-0.00031189810273383046
B118,c,h029,-0.001536,-0.00031189810273383046
B120,c,h029,-0.001536,-0.00031189810273383046
B123,c,h029,-0.001536,-0.00031189810273383046
B124,c,h029,-0.001152,-0.00023392357705037285
B126,b,h029,-0.000768,-0.00015594905136691523
B130,c,h029,-0.000768,-0.00015594905136691523
B137,c,h029,-0.00192,-0.00038987262841728813
B138,c,h029,-0.003456,-0.0007017707311511186
B139,c,h029,-0.000768,-0.00015594905136691523
B140,c,h029,-0.0026880000000000003,-0.0005458216797842034
B145,a,h029,-0.001536,-0.00031189810273383046
B146,a,h029,-0.000384,-7.797452568345762e-5
B151,a,h029,-0.000384,-7.797452568345762e-5
B154,b,h029,-0.008064,-0.00163746503935261
B155,b,h029,-0.005376000000000001,-0.0010916433595684067
B157,c,h029,-0.002304,-0.0004678471541007457
B167,c,h029,-0.000768,-0.00015594905136691523
B168,c,h029,-0.000384,-7.797452568345762e-5
B169,c,h029,-0.005376000000000001,-0.0010916433595684067
B173,b,h029,-0.000768,-0.00015594905136691523
B176,c,h029,-0.00192,-0.00038987262841728813
B177,c,h029,-0.0038399999999999997,-0.0007017707311511186
B178,b,h029,-0.001536,-0.00031189810273383046
B185,c,h029,-0.000768,-0.00015594905136691523
B187,c,h029,-0.01152,-0.0023392357705037284
B188,c,h029,-0.003072,-0.0006237962054676609
B189,c,h029,-0.008448,-0.0017154395650360677
B190,a,h029,-0.000384,-7.797452568345762e-5
B199,b,h029,-0.001152,-0.00023392357705037285
B202,a,h029,-0.000768,-0.00015594905136691523
B204,a,h029,-0.001152,-0.00023392357705037285
B222,a,h029,-0.000384,-7.797452568345762e-5
B233,a,h029,-0.00384,-0.0007797452568345763
B259,b,h029,-0.002304,-0.0004678471541007457
B268,b,h029,-0.000384,-7.797452568345762e-5
B269,b,h029,-0.004608,-0.0009356943082014914
B274,b,h029,-0.006144,-0.0012475924109353219
B277,b,h029,-0.001152,-0.00023392357705037285
B279,b,h029,-0.001152,-0.00023392357705037285
B284,b,h029,-0.001152,-0.00023392357705037285
B285,b,h029,-0.001536,-0.00031189810273383046
B287,a,h029,-0.003456,-0.0007017707311511186
B296,a,h029,-0.001536,-0.00031189810273383046
B13,a,h030,-0.001152,-0.00023392357705037285
B31,a,h030,-0.000768,-0.00015594905136691523
B39,a,h030,-0.002304,-0.0004678471541007457
B55,c,h030,-0.003072,-0.0006237962054676609
B56,c,h030,-0.002304,-0.0004678471541007457
B58,c,h030,-0.001536,-0.00031189810273383046
B59,c,h030,-0.000768,-0.00015594905136691523
B61,c,h030,-0.00192,-0.00038987262841728813
B69,a,h030,-0.00192,-0.00038987262841728813
B90,c,h030,-0.00384,-0.0007797452568345763
B99,c,h030,-0.001536,-0.00031189810273383046
B110,c,h030,-0.00576,-0.0011696178852518642
B112,c,h030,-0.001536,-0.00031189810273383046
B118,c,h030,-0.000768,-0.00015594905136691523
B120,c,h030,-0.000768,-0.00015594905136691523
B123,c,h030,-0.006144,-0.0012475924109353219
B124,c,h030,-0.001536,-0.00031189810273383046
B126,b,h030,-0.001536,-0.00031189810273383046
B130,c,h030,-0.000768,-0.00015594905136691523
B137,c,h030,-0.003072,-0.0006237962054676609
B138,c,h030,-0.003456,-0.0007017707311511186
B139,c,h030,-0.000768,-0.00015594905136691523
B140,c,h030,-0.001536,-0.00031189810273383046
B145,a,h030,-0.000768,-0.00015594905136691523
B146,a,h030,-0.000768,-0.00015594905136691523
B151,a,h030,-0.000768,-0.00015594905136691523
B154,b,h030,-0.00768,-0.0015594905136691525
B155,b,h030,-0.005376000000000001,-0.0010916433595684067
B157,c,h030,-0.0026880000000000003,-0.0005458216797842034
B167,c,h030,-0.001152,-0.00023392357705037285
B168,c,h030,-0.000768,-0.00015594905136691523
B169,c,h030,-0.00576,-0.0011696178852518642
B173,b,h030,-0.002304,-0.0004678471541007457
B176,c,h030,-0.002304,-0.0004678471541007457
B177,c,h030,-0.00192,-0.00038987262841728813
B178,b,h030,-0.005376000000000001,-0.0010916433595684067
B185,c,h030,-0.000384,-7.797452568345762e-5
B187,c,h030,-0.012288,-0.0024951848218706437
B188,c,h030,-0.003072,-0.0006237962054676609
B189,c,h030,-0.007296,-0.0014815159879856949
B190,a,h030,-0.000768,-0.00015594905136691523
B199,b,h030,-0.0026880000000000003,-0.0005458216797842034
B202,a,h030,-0.000768,-0.00015594905136691523
B204,a,h030,-0.008448,-0.0017154395650360679
B222,a,h030,-0.000384,-7.797452568345762e-5
B233,a,h030,-0.003072,-0.0006237962054676609
B259,b,h030,-0.004224,-0.0008577197825180339
B268,b,h030,-0.000384,-7.797452568345762e-5
B269,b,h030,-0.006144,-0.0012475924109353219
B274,b,h030,-0.007296,-0.0014815159879856949
B277,b,h030,-0.00192,-0.00038987262841728813
B279,b,h030,-0.001536,-0.00031189810273383046
B284,b,h030,-0.001536,-0.00031189810273383046
B285,b,h030,-0.003072,-0.0006237962054676609
B287,a,h030,-0.003456,-0.0007017707311511186
B296,a,h030,-0.002304,-0.0004678471541007457
B13,a,h031,-0.001152,-0.00023392357705037285
B31,a,h031,-0.000768,-0.00015594905136691523
B39,a,h031,-0.001536,-0.00031189810273383046
B55,c,h031,-0.0026880000000000003,-0.0005458216797842034
B56,c,h031,-0.002304,-0.0004678471541007457
B58,c,h031,-0.001536,-0.00031189810273383046
B59,c,h031,-0.000768,-0.00015594905136691523
B61,c,h031,-0.003072,-0.0006237962054676609
B69,a,h031,-0.001152,-0.00031189810273383046
B90,c,h031,-0.00384,-0.0007797452568345763
B99,c,h031,-0.00192,-0.00038987262841728813
B110,c,h031,-0.004992,-0.001013668833884949
B112,c,h031,-0.001536,-0.00031189810273383046
B118,c,h031,-0.001152,-0.00023392357705037285
B120,c,h031,-0.000384,-7.797452568345762e-5
B123,c,h031,-0.003456,-0.0007017707311511186
B124,c,h031,-0.003072,-0.0006237962054676609
B126,b,h031,-0.001152,-0.00023392357705037285
B130,c,h031,-0.000384,-7.797452568345762e-5
B137,c,h031,-0.012288,-0.0024951848218706437
B138,c,h031,-0.00384,-0.0007797452568345763
B139,c,h031,-0.000384,-7.797452568345762e-5
B140,c,h031,-0.002304,-0.0004678471541007457
B145,a,h031,-0.001536,-0.00031189810273383046
B146,a,h031,-0.001536,-0.00031189810273383046
B151,a,h031,-0.000768,-0.00015594905136691523
B154,b,h031,-0.008064,-0.00163746503935261
B155,b,h031,-0.005376000000000001,-0.0010916433595684067
B157,c,h031,-0.0026880000000000003,-0.0005458216797842034
B167,c,h031,-0.000768,-0.00015594905136691523
B168,c,h031,-0.001536,-0.00031189810273383046
B169,c,h031,-0.00576,-0.0011696178852518642
B173,b,h031,-0.002304,-0.0004678471541007457
B176,c,h031,-0.003456,-0.0007017707311511186
B177,c,h031,-0.00192,-0.0004678471541007457
B178,b,h031,-0.008448,-0.0017154395650360679
B185,c,h031,-0.000768,-0.00015594905136691523
B187,c,h031,-0.002304,-0.0004678471541007457
B188,c,h031,-0.0026880000000000003,-0.0005458216797842034
B189,c,h031,-0.014208,-0.002885057450287932
B190,a,h031,-0.000384,-7.797452568345762e-5
B199,b,h031,-0.003456,-0.0007017707311511186
B202,a,h031,-0.000384,-7.797452568345762e-5
B204,a,h031,-0.007296,-0.0014815159879856949
B222,a,h031,-0.000768,-0.00015594905136691523
B233,a,h031,-0.003456,-0.0007017707311511186
B259,b,h031,-0.003456,-0.0007017707311511186
B269,b,h031,-0.004224,-0.0008577197825180339
B274,b,h031,-0.005376000000000001,-0.0010916433595684067
B277,b,h031,-0.002304,-0.0004678471541007457
B279,b,h031,-0.00192,-0.00038987262841728813
B284,b,h031,-0.00192,-0.00038987262841728813
B285,b,h031,-0.00384,-0.0007797452568345763
B287,a,h031,-0.003456,-0.0007017707311511186
B296,a,h031,-0.001536,-0.00031189810273383046
B13,a,h032,-0.001536,-0.00031189810273383046
B31,a,h032,-0.004992,-0.001013668833884949
B39,a,h032,-0.001536,-0.00031189810273383046
B55,c,h032,-0.0026880000000000003,-0.0005458216797842034
B56,c,h032,-0.002304,-0.0004678471541007457
B58,c,h032,-0.000768,-0.00015594905136691523
B59,c,h032,-0.000384,-7.797452568345762e-5
B61,c,h032,-0.0026880000000000003,-0.0005458216797842034
B69,a,h032,0.006144,-0.0005458216797842033
B90,c,h032,-0.00384,-0.0007797452568345763
B99,c,h032,-0.001536,-0.00031189810273383046
B110,c,h032,-0.003072,-0.0006237962054676609
B112,c,h032,-0.001536,-0.00031189810273383046
B118,c,h032,-0.001536,-0.00031189810273383046
B120,c,h032,-0.000768,-0.00015594905136691523
B123,c,h032,-0.003072,-0.0006237962054676609
B124,c,h032,-0.001152,-0.00023392357705037285
B126,b,h032,-0.011136,-0.002261261244820271
B130,c,h032,-0.000384,-7.797452568345762e-5
B137,c,h032,-0.01344,-0.0027291083989210165
B138,c,h032,-0.003456,-0.0007017707311511186
B139,c,h032,-0.00192,-0.00038987262841728813
B140,c,h032,-0.003456,-0.0007017707311511186
B145,a,h032,-0.003456,-0.0007017707311511186
B146,a,h032,-0.001536,-0.00031189810273383046
B151,a,h032,-0.001536,-0.00031189810273383046
B154,b,h032,-0.009600000000000001,-0.0019493631420864407
B155,b,h032,-0.005376000000000001,-0.0010916433595684067
B157,c,h032,-0.0026880000000000003,-0.0005458216797842034
B167,c,h032,-0.00192,-0.00038987262841728813
B168,c,h032,-0.001536,-0.00031189810273383046
B169,c,h032,-0.00576,-0.0011696178852518642
B173,b,h032,-0.00192,-0.00038987262841728813
B176,c,h032,-0.004224,-0.0008577197825180338
B177,c,h032,-0.0003839999999999998,-0.0007017707311511186
B178,b,h032,-0.004224,-0.0008577197825180339
B185,c,h032,-0.001152,-0.00023392357705037285
B187,c,h032,-0.004608,-0.0009356943082014914
B188,c,h032,-0.004224,-0.0008577197825180339
B189,c,h032,-0.011904,-0.0024172102961871863
B190,a,h032,-0.00576,-0.0011696178852518642
B199,b,h032,-0.002304,-0.0004678471541007457
B202,a,h032,-0.000768,-0.00015594905136691523
B204,a,h032,-0.001152,-0.00023392357705037285
B233,a,h032,-0.0026880000000000003,-0.0005458216797842034
B259,b,h032,-0.00384,-0.0007797452568345763
B268,b,h032,-0.000384,-7.797452568345762e-5
B269,b,h032,-0.003456,-0.0007017707311511186
B274,b,h032,-0.009600000000000001,-0.0019493631420864407
B277,b,h032,-0.001536,-0.00031189810273383046
B279,b,h032,-0.001536,-0.00031189810273383046
B284,b,h032,-0.00192,-0.00038987262841728813
B285,b,h032,-0.011136,-0.002261261244820271
B287,a,h032,-0.003456,-0.0007017707311511186
B296,a,h032,-0.00192,-0.00038987262841728813
B13,a,h033,-0.00576,-0.0011696178852518642
B31,a,h033,-0.009984,-0.002027337667769898
B39,a,h033,-0.001536,-0.00031189810273383046
B55,c,h033,-0.001536,-0.00031189810273383046
B56,c,h033,-0.004224,-0.0008577197825180339
B58,c,h033,-0.000768,-0.00015594905136691523
B61,c,h033,-0.00192,-0.00038987262841728813
B69,a,h033,0.012288,-0.00031189810273383025
B90,c,h033,-0.00384,-0.0007797452568345763
B99,c,h033,-0.001536,-0.00031189810273383046
B110,c,h033,-0.004992,-0.001013668833884949
B112,c,h033,-0.001152,-0.00023392357705037285
B118,c,h033,-0.000768,-0.00015594905136691523
B120,c,h033,-0.00192,-0.00038987262841728813
B123,c,h033,-0.001536,-0.00031189810273383046
B124,c,h033,-0.001536,-0.00031189810273383046
B126,b,h033,-0.00768,-0.0015594905136691525
B130,c,h033,-0.000384,-7.797452568345762e-5
B137,c,h033,-0.012288,-0.0024951848218706437
B138,c,h033,-0.003456,-0.0007017707311511186
B139,c,h033,-0.000768,-0.00015594905136691523
B140,c,h033,-0.001152,-0.00023392357705037285
B145,a,h033,-0.001152,-0.00023392357705037285
B146,a,h033,-0.00192,-0.00038987262841728813
B151,a,h033,-0.000384,-7.797452568345762e-5
B154,b,h033,-0.009600000000000001,-0.0019493631420864407
B155,b,h033,-0.00576,-0.0011696178852518642
B157,c,h033,-0.002304,-0.0004678471541007457
B167,c,h033,-0.00192,-0.00038987262841728813
B168,c,h033,-0.001536,-0.00031189810273383046
B169,c,h033,-0.006144,-0.0012475924109353219
B173,b,h033,-0.001536,-0.00031189810273383046
B176,c,h033,-0.012672,-0.002573159347554101
B177,c,h033,0.0057599999999999995,-0.00046784715410074586
B178,b,h033,-0.004608,-0.0009356943082014914
B185,c,h033,-0.000768,-0.00015594905136691523
B187,c,h033,-0.006144,-0.0012475924109353219
B188,c,h033,-0.0026880000000000003,-0.0005458216797842034
B189,c,h033,-0.009216,-0.0018713886164029828
B190,a,h033,-0.001536,-0.00031189810273383046
B199,b,h033,-0.002304,-0.0004678471541007457
B202,a,h033,-0.000384,-7.797452568345762e-5
B204,a,h033,-0.003456,-0.0007017707311511186
B222,a,h033,-0.000384,-7.797452568345762e-5
B233,a,h033,-0.00384,-0.0007797452568345763
B259,b,h033,-0.002304,-0.0004678471541007457
B268,b,h033,-0.000384,-7.797452568345762e-5
B269,b,h033,-0.0026880000000000003,-0.0005458216797842034
B274,b,h033,-0.004224,-0.0008577197825180339
B277,b,h033,-0.001536,-0.00031189810273383046
B279,b,h033,-0.001536,-0.00031189810273383046
B284,b,h033,-0.001536,-0.00031189810273383046
B285,b,h033,-0.0026880000000000003,-0.0005458216797842034
B287,a,h033,-0.003456,-0.0007017707311511186
B296,a,h033,-0.00192,-0.00038987262841728813
B13,a,h034,-0.00192,-0.00038987262841728813
B31,a,h034,-0.007296,-0.0014815159879856949
B39,a,h034,-0.002304,-0.0004678471541007457
B55,c,h034,-0.001152,-0.00023392357705037285
B56,c,h034,-0.005376000000000001,-0.0010916433595684067
B58,c,h034,-0.000768,-0.00015594905136691523
B59,c,h034,-0.001152,-0.00023392357705037285
B61,c,h034,-0.003072,-0.0006237962054676609
B69,a,h034,0.021504000000000002,-0.00038987262841728786
B90,c,h034,-0.006144,-0.0012475924109353219
B99,c,h034,-0.000768,-0.00015594905136691523
B110,c,h034,-0.003072,-0.0006237962054676609
B112,c,h034,-0.001152,-0.00023392357705037285
B118,c,h034,-0.000768,-0.00015594905136691523
B120,c,h034,-0.003072,-0.0006237962054676609
B123,c,h034,-0.002304,-0.0004678471541007457
B124,c,h034,-0.006528,-0.0013255669366187795
B126,b,h034,-0.001152,-0.00023392357705037285
B130,c,h034,-0.000384,-7.797452568345762e-5
B137,c,h034,-0.01152,-0.0023392357705037284
B138,c,h034,-0.004608,-0.0009356943082014914
B139,c,h034,-0.000768,-0.00015594905136691523
B140,c,h034,-0.000768,-0.00015594905136691523
B145,a,h034,-0.001536,-0.00031189810273383046
B146,a,h034,-0.006144,-0.0012475924109353219
B151,a,h034,-0.000768,-0.00015594905136691523
B154,b,h034,-0.006912,-0.0014035414623022372
B155,b,h034,-0.005376000000000001,-0.0010916433595684067
B157,c,h034,-0.0026880000000000003,-0.0005458216797842034
B167,c,h034,-0.000768,-0.00015594905136691523
B168,c,h034,-0.00192,-0.00038987262841728813
B169,c,h034,-0.006144,-0.0012475924109353219
B173,b,h034,-0.001536,-0.00031189810273383046
B176,c,h034,-0.010367999999999999,-0.0021053121934533556
B177,c,h034,0.011136,-0.00046784715410074586
B178,b,h034,-0.00384,-0.0007797452568345763
B185,c,h034,-0.000768,-0.00015594905136691523
B187,c,h034,-0.002304,-0.0004678471541007457
B188,c,h034,-0.002304,-0.0004678471541007457
B189,c,h034,-0.008448,-0.0017154395650360677
B190,a,h034,-0.000384,-7.797452568345762e-5
B199,b,h034,-0.001536,-0.00031189810273383046
B202,a,h034,-0.000768,-0.00015594905136691523
B204,a,h034,-0.013824,-0.0028070829246044744
B233,a,h034,-0.00384,-0.0007797452568345763
B259,b,h034,-0.002304,-0.0004678471541007457
B268,b,h034,-0.000384,-7.797452568345762e-5
B269,b,h034,-0.00384,-0.0007797452568345763
B274,b,h034,-0.0026880000000000003,-0.0005458216797842034
B277,b,h034,-0.001152,-0.00023392357705037285
B279,b,h034,-0.001536,-0.00031189810273383046
B284,b,h034,-0.003456,-0.0007017707311511186
B285,b,h034,-0.003072,-0.0006237962054676609
B287,a,h034,-0.00384,-0.0007797452568345763
B296,a,h034,-0.003456,-0.0007017707311511186
B13,a,h035,-0.003456,-0.0007017707311511186
B31,a,h035,-0.004224,-0.0008577197825180339
B39,a,h035,-0.002304,-0.0004678471541007457
B55,c,h035,-0.001536,-0.00031189810273383046
B56,c,h035,-0.005376000000000001,-0.0010916433595684067
B58,c,h035,-0.000768,-0.00015594905136691523
B59,c,h035,-0.000384,-7.797452568345762e-5
B61,c,h035,-0.008448,-0.0017154395650360679
B69,a,h035,0.023424,-0.00038987262841728846
B90,c,h035,-0.00384,-0.0007797452568345763
B99,c,h035,-0.001152,-0.00023392357705037285
B110,c,h035,-0.004608,-0.0009356943082014914
B112,c,h035,-0.001152,-0.00023392357705037285
B118,c,h035,-0.000768,-0.00015594905136691523
B120,c,h035,-0.010752000000000001,-0.0021832867191368135
B123,c,h035,-0.000768,-0.00015594905136691523
B124,c,h035,-0.004992,-0.001013668833884949
B126,b,h035,-0.000384,-7.797452568345762e-5
B137,c,h035,-0.011904,-0.0024172102961871863
B138,c,h035,-0.0026880000000000003,-0.0005458216797842034
B139,c,h035,-0.00192,-0.00038987262841728813
B140,c,h035,-0.000768,-0.00015594905136691523
B145,a,h035,-0.001152,-0.00023392357705037285
B146,a,h035,-0.001536,-0.00031189810273383046
B151,a,h035,-0.012288,-0.0024951848218706437
B154,b,h035,-0.00576,-0.0011696178852518642
B155,b,h035,-0.00576,-0.0011696178852518642
B157,c,h035,-0.003072,-0.0006237962054676609
B167,c,h035,-0.000768,-0.00015594905136691523
B168,c,h035,-0.00192,-0.00038987262841728813
B169,c,h035,-0.006144,-0.0012475924109353219
B173,b,h035,-0.000384,-7.797452568345762e-5
B176,c,h035,-0.009984,-0.002027337667769898
B177,c,h035,0.017664,-0.000233923577050373
B178,b,h035,-0.001536,-0.00031189810273383046
B185,c,h035,-0.000384,-7.797452568345762e-5
B187,c,h035,-0.004608,-0.0009356943082014914
B188,c,h035,-0.0026880000000000003,-0.0005458216797842034
B189,c,h035,-0.004224,-0.0008577197825180338
B190,a,h035,-0.000384,-7.797452568345762e-5
B199,b,h035,-0.003072,-0.0006237962054676609
B202,a,h035,-0.000384,-7.797452568345762e-5
B204,a,h035,-0.009216,-0.0018713886164029828
B222,a,h035,-0.000384,-7.797452568345762e-5
B233,a,h035,-0.00384,-0.0007797452568345763
B259,b,h035,-0.00192,-0.00038987262841728813
B268,b,h035,-0.000384,-7.797452568345762e-5
B269,b,h035,-0.007296,-0.0014815159879856949
B274,b,h035,-0.002304,-0.0004678471541007457
B277,b,h035,-0.001152,-0.00023392357705037285
B279,b,h035,-0.001152,-0.00023392357705037285
B284,b,h035,-0.000768,-0.00015594905136691523
B285,b,h035,-0.00192,-0.00038987262841728813
B287,a,h035,-0.00384,-0.0007797452568345763
B296,a,h035,-0.00192,-0.00038987262841728813
B13,a,h036,-0.002304,-0.0004678471541007457
B31,a,h036,-0.00768,-0.0015594905136691525
B39,a,h036,-0.004224,-0.0008577197825180339
B55,c,h036,-0.00192,-0.00038987262841728813
B56,c,h036,-0.0026880000000000003,-0.0005458216797842034
B58,c,h036,-0.001536,-0.00031189810273383046
B59,c,h036,-0.000384,-7.797452568345762e-5
B61,c,h036,-0.001536,-0.00031189810273383046
B69,a,h036,0.024576,-0.00038987262841728846
B90,c,h036,-0.00576,-0.0011696178852518642
B99,c,h036,-0.000768,-0.00015594905136691523
B110,c,h036,-0.003456,-0.0007017707311511186
B112,c,h036,-0.001152,-0.00023392357705037285
B118,c,h036,-0.001536,-0.00031189810273383046
B120,c,h036,-0.000768,-0.00015594905136691523
B123,c,h036,-0.001152,-0.00023392357705037285
B124,c,h036,-0.002304,-0.0004678471541007457
B126,b,h036,-0.000768,-0.00015594905136691523
B130,c,h036,-0.000384,-7.797452568345762e-5
B137,c,h036,-0.011904,-0.0024172102961871863
B138,c,h036,-0.001152,-0.00023392357705037285
B139,c,h036,-0.000384,-7.797452568345762e-5
B140,c,h036,-0.000768,-0.00015594905136691523
B145,a,h036,-0.001152,-0.00023392357705037285
B146,a,h036,-0.001152,-0.00023392357705037285
B151,a,h036,-0.006144,-0.0012475924109353219
B154,b,h036,-0.006528,-0.0013255669366187795
B155,b,h036,-0.00576,-0.0011696178852518642
B157,c,h036,-0.002304,-0.0004678471541007457
B167,c,h036,-0.001152,-0.00023392357705037285
B168,c,h036,-0.00192,-0.00038987262841728813
B169,c,h036,-0.006144,-0.0012475924109353219
B173,b,h036,-0.000768,-0.00015594905136691523
B176,c,h036,-0.010752000000000001,-0.0021832867191368135
B177,c,h036,0.018432,-0.0007797452568345764
B178,b,h036,-0.001152,-0.00023392357705037285
B185,c,h036,-0.000768,-0.00015594905136691523
B187,c,h036,-0.003072,-0.0006237962054676609
B188,c,h036,-0.003072,-0.0006237962054676609
B189,c,h036,-0.004608,-0.0009356943082014915
B199,b,h036,-0.003072,-0.0006237962054676609
B202,a,h036,-0.000384,-7.797452568345762e-5
B204,a,h036,-0.006912,-0.0014035414623022372
B222,a,h036,-0.000384,-7.797452568345762e-5
B233,a,h036,-0.004224,-0.0008577197825180339
B259,b,h036,-0.00192,-0.00038987262841728813
B269,b,h036,-0.0026880000000000003,-0.0005458216797842034
B274,b,h036,-0.0026880000000000003,-0.0005458216797842034
B277,b,h036,-0.001152,-0.00023392357705037285
B279,b,h036,-0.001152,-0.00023392357705037285
B284,b,h036,-0.00192,-0.00038987262841728813
B285,b,h036,-0.001536,-0.00031189810273383046
B287,a,h036,-0.00384,-0.0007797452568345763
B296,a,h036,-0.001536,-0.00031189810273383046
B13,a,h037,-0.003072,-0.0006237962054676609
B31,a,h037,-0.000768,-0.00015594905136691523
B39,a,h037,-0.0026880000000000003,-0.0005458216797842034
B55,c,h037,-0.001536,-0.00031189810273383046
B56,c,h037,-0.000768,-0.00015594905136691523
B58,c,h037,-0.002304,-0.0004678471541007457
B59,c,h037,-0.003456,-0.0007017707311511186
B61,c,h037,-0.001152,-0.00023392357705037285
B69,a,h037,0.018816,-0.0006237962054676609
B90,c,h037,-0.003456,-0.0007017707311511186
B99,c,h037,-0.000768,-0.00015594905136691523
B110,c,h037,-0.003072,-0.0006237962054676609
B112,c,h037,-0.001152,-0.00023392357705037285
B118,c,h037,-0.002304,-0.0004678471541007457
B120,c,h037,-0.003072,-0.0006237962054676609
B123,c,h037,-0.00192,-0.00038987262841728813
B124,c,h037,-0.003072,-0.0006237962054676609
B126,b,h037,-0.000384,-7.797452568345762e-5
B130,c,h037,-0.000384,-7.797452568345762e-5
B131,b,h037,-0.000384,-7.797452568345762e-5
B137,c,h037,-0.012672000000000001,-0.002573159347554101
B138,c,h037,-0.001536,-0.00031189810273383046
B139,c,h037,-0.00192,-0.00038987262841728813
B140,c,h037,-0.001152,-0.00023392357705037285
B145,a,h037,-0.001152,-0.00023392357705037285
B146,a,h037,-0.001152,-0.00023392357705037285
B151,a,h037,-0.002304,-0.0004678471541007457
B154,b,h037,-0.00576,-0.0011696178852518642
B155,b,h037,-0.005376000000000001,-0.0010916433595684067
B157,c,h037,-0.00192,-0.00038987262841728813
B167,c,h037,-0.000768,-0.00015594905136691523
B168,c,h037,-0.00192,-0.00038987262841728813
B169,c,h037,-0.006144,-0.0012475924109353219
B173,b,h037,-0.000384,-7.797452568345762e-5
B176,c,h037,-0.010752,-0.0021832867191368135
B177,c,h037,0.020735999999999997,-0.00031189810273383073
B178,b,h037,-0.000768,-0.00015594905136691523
B185,c,h037,-0.000384,-7.797452568345762e-5
B187,c,h037,-0.002304,-0.0004678471541007457
B188,c,h037,-0.004224,-0.0008577197825180339
B189,c,h037,-0.007296,-0.0014815159879856949
B190,a,h037,-0.000384,-7.797452568345762e-5
B199,b,h037,-0.00192,-0.00038987262841728813
B202,a,h037,-0.000384,-7.797452568345762e-5
B204,a,h037,-0.008448,-0.0017154395650360679
B233,a,h037,-0.00384,-0.0007797452568345763
B259,b,h037,-0.00192,-0.00038987262841728813
B268,b,h037,-0.000768,-0.00015594905136691523
B269,b,h037,-0.008064,-0.00163746503935261
B274,b,h037,-0.00192,-0.00038987262841728813
B277,b,h037,-0.001152,-0.00023392357705037285
B279,b,h037,-0.001152,-0.00023392357705037285
B284,b,h037,-0.001152,-0.00023392357705037285
B285,b,h037,-0.0026880000000000003,-0.0005458216797842034
B287,a,h037,-0.003456,-0.0007017707311511186
B296,a,h037,-0.001536,-0.00031189810273383046
B13,a,h038,-0.006528,-0.0013255669366187795
B31,a,h038,-0.00192,-0.00038987262841728813
B39,a,h038,-0.00192,-0.00038987262841728813
B55,c,h038,-0.001152,-0.00023392357705037285
B56,c,h038,-0.001536,-0.00031189810273383046
B58,c,h038,-0.0026880000000000003,-0.0005458216797842034
B59,c,h038,-0.003456,-0.0007017707311511186
B61,c,h038,-0.001152,-0.00023392357705037285
B69,a,h038,0.018816,-0.0004678471541007456
B90,c,h038,-0.003072,-0.0006237962054676609
B99,c,h038,-0.000384,-7.797452568345762e-5
B110,c,h038,-0.003072,-0.0006237962054676609
B112,c,h038,-0.000768,-0.00015594905136691523
B118,c,h038,-0.00576,-0.0011696178852518642
B120,c,h038,-0.00576,-0.0011696178852518642
B123,c,h038,-0.001152,-0.00023392357705037285
B124,c,h038,-0.001536,-0.00031189810273383046
B130,c,h038,-0.000384,-7.797452568345762e-5
B137,c,h038,-0.012672000000000001,-0.002573159347554101
B138,c,h038,-0.001152,-0.00023392357705037285
B139,c,h038,-0.000768,-0.00015594905136691523
B140,c,h038,-0.001536,-0.00031189810273383046
B145,a,h038,-0.0026880000000000003,-0.0005458216797842034
B146,a,h038,-0.000384,-7.797452568345762e-5
B151,a,h038,-0.000384,-7.797452568345762e-5
B154,b,h038,-0.004992,-0.001013668833884949
B155,b,h038,-0.00576,-0.0011696178852518642
B157,c,h038,-0.0026880000000000003,-0.0005458216797842034
B167,c,h038,-0.001152,-0.00023392357705037285
B168,c,h038,-0.0026880000000000003,-0.0005458216797842034
B169,c,h038,-0.006528,-0.0013255669366187795
B173,b,h038,-0.000768,-0.00015594905136691523
B176,c,h038,-0.014208000000000002,-0.002885057450287932
B177,c,h038,0.019968,-0.0007797452568345764
B178,b,h038,-0.001152,-0.00023392357705037285
B187,c,h038,-0.002304,-0.0004678471541007457
B188,c,h038,-0.002304,-0.0004678471541007457
B189,c,h038,-0.011136,-0.0022612612448202713
B190,a,h038,-0.000384,-7.797452568345762e-5
B199,b,h038,-0.003072,-0.0006237962054676609
B202,a,h038,-0.000384,-7.797452568345762e-5
B204,a,h038,-0.001152,-0.00023392357705037285
B222,a,h038,-0.000384,-7.797452568345762e-5
B233,a,h038,-0.004608,-0.0009356943082014914
B259,b,h038,-0.00192,-0.00038987262841728813
B269,b,h038,-0.002304,-0.0004678471541007457
B274,b,h038,-0.003456,-0.0007017707311511186
B277,b,h038,-0.001152,-0.00023392357705037285
B279,b,h038,-0.000768,-0.00015594905136691523
B284,b,h038,-0.000768,-0.00015594905136691523
B285,b,h038,-0.00192,-0.00038987262841728813
B287,a,h038,-0.004608,-0.0009356943082014914
B296,a,h038,-0.001152,-0.00023392357705037285
B13,a,h039,-0.00192,-0.00038987262841728813
B31,a,h039,-0.00192,-0.00038987262841728813
B39,a,h039,-0.001536,-0.00031189810273383046
B55,c,h039,-0.001152,-0.00023392357705037285
B56,c,h039,-0.001152,-0.00023392357705037285
B58,c,h039,-0.000768,-0.00015594905136691523
B59,c,h039,-0.001536,-0.00031189810273383046
B61,c,h039,-0.001152,-0.00023392357705037285
B69,a,h039,0.013824,-0.00038987262841728846
B90,c,h039,-0.003456,-0.0007017707311511186
B99,c,h039,-0.000384,-7.797452568345762e-5
B110,c,h039,-0.003456,-0.0007017707311511186
B112,c,h039,-0.001152,-0.00023392357705037285
B118,c,h039,-0.003456,-0.0007017707311511186
B120,c,h039,-0.001536,-0.00031189810273383046
B123,c,h039,-0.001152,-0.00023392357705037285
B124,c,h039,-0.00384,-0.0007797452568345763
B126,b,h039,-0.000384,-7.797452568345762e-5
B137,c,h039,-0.012672000000000001,-0.002573159347554101
B138,c,h039,-0.001152,-0.00023392357705037285
B139,c,h039,-0.002304,-0.0004678471541007457
B140,c,h039,-0.001152,-0.00023392357705037285
B145,a,h039,-0.00192,-0.00038987262841728813
B146,a,h039,-0.000768,-0.00015594905136691523
B151,a,h039,-0.000768,-0.00015594905136691523
B154,b,h039,-0.00576,-0.0011696178852518642
B155,b,h039,-0.005376000000000001,-0.0010916433595684067
B157,c,h039,-0.002304,-0.0004678471541007457
B167,c,h039,-0.000768,-0.00015594905136691523
B168,c,h039,-0.001536,-0.00031189810273383046
B169,c,h039,-0.006528,-0.0013255669366187795
B173,b,h039,-0.000384,-7.797452568345762e-5
B176,c,h039,-0.025728,-0.005224293220791661
B177,c,h039,0.016895999999999998,-0.000857719782518034
B178,b,h039,-0.000768,-0.00015594905136691523
B185,c,h039,-0.000384,-7.797452568345762e-5
B187,c,h039,-0.00384,-0.0007797452568345763
B188,c,h039,-0.002304,-0.0004678471541007457
B189,c,h039,-0.006144,-0.0012475924109353219
B190,a,h039,-0.000384,-7.797452568345762e-5
B199,b,h039,-0.002304,-0.0004678471541007457
B202,a,h039,-0.000768,-0.00015594905136691523
B204,a,h039,-0.011904,-0.0024172102961871863
B233,a,h039,-0.004224,-0.0008577197825180339
B259,b,h039,-0.0026880000000000003,-0.0005458216797842034
B268,b,h039,-0.000384,-7.797452568345762e-5
B269,b,h039,-0.003072,-0.0006237962054676609
B274,b,h039,-0.002304,-0.0004678471541007457
B277,b,h039,-0.001536,-0.00031189810273383046
B279,b,h039,-0.001536,-0.00031189810273383046
B284,b,h039,-0.000768,-0.00015594905136691523
B285,b,h039,-0.001536,-0.00031189810273383046
B287,a,h039,-0.00384,-0.0007797452568345763
B296,a,h039,-0.001536,-0.00031189810273383046
B13,a,h040,-0.002304,-0.0004678471541007457
B39,a,h040,-0.001536,-0.00031189810273383046
B55,c,h040,-0.001536,-0.00031189810273383046
B56,c,h040,-0.001152,-0.00023392357705037285
B58,c,h040,-0.000768,-0.00015594905136691523
B61,c,h040,-0.001152,-0.00023392357705037285
B69,a,h040,0.0072959999999999995,-0.0003898726284172882
B90,c,h040,-0.003456,-0.0007017707311511186
B99,c,h040,-0.000384,-7.797452568345762e-5
B110,c,h040,-0.00384,-0.0007797452568345763
B112,c,h040,-0.001152,-0.00023392357705037285
B118,c,h040,-0.001536,-0.00031189810273383046
B120,c,h040,-0.0026880000000000003,-0.0005458216797842034
B123,c,h040,-0.001152,-0.00023392357705037285
B124,c,h040,-0.00192,-0.00038987262841728813
B126,b,h040,-0.001152,-0.00023392357705037285
B130,c,h040,-0.000384,-7.797452568345762e-5
B137,c,h040,-0.012288,-0.0024951848218706437
B138,c,h040,-0.005376000000000001,-0.0010916433595684067
B139,c,h040,-0.000384,-7.797452568345762e-5
B140,c,h040,-0.000768,-0.00015594905136691523
B145,a,h040,-0.001536,-0.00031189810273383046
B146,a,h040,-0.000384,-7.797452568345762e-5
B151,a,h040,-0.00192,-0.00038987262841728813
B154,b,h040,-0.006144,-0.0012475924109353219
B155,b,h040,-0.00576,-0.0011696178852518642
B157,c,h040,-0.006912,-0.0014035414623022372
B167,c,h040,-0.001536,-0.00031189810273383046
B168,c,h040,-0.00192,-0.00038987262841728813
B169,c,h040,-0.006912,-0.0014035414623022372
B173,b,h040,-0.000384,-7.797452568345762e-5
B176,c,h040,-0.025728,-0.005224293220791661
B177,c,h040,0.016512,-0.000233923577050373
B178,b,h040,-0.001152,-0.00023392357705037285
B185,c,h040,-0.000384,-7.797452568345762e-5
B187,c,h040,-0.006528,-0.0013255669366187795
B188,c,h040,-0.00192,-0.00038987262841728813
B189,c,h040,-0.004608,-0.0009356943082014915
B190,a,h040,-0.000384,-7.797452568345762e-5
B199,b,h040,-0.000768,-0.00015594905136691523
B202,a,h040,-0.000768,-0.00015594905136691523
B204,a,h040,-0.001536,-0.00031189810273383046
B222,a,h040,-0.000384,-7.797452568345762e-5
B233,a,h040,-0.00384,-0.0007797452568345763
B259,b,h040,-0.00192,-0.00038987262841728813
B269,b,h040,-0.000768,-0.00015594905136691523
B274,b,h040,-0.004224,-0.0008577197825180339
B277,b,h040,-0.001152,-0.00023392357705037285
B279,b,h040,-0.001152,-0.00023392357705037285
B284,b,h040,-0.001536,-0.00031189810273383046
B285,b,h040,-0.001152,-0.00023392357705037285
B287,a,h040,-0.00384,-0.0007797452568345763
B296,a,h040,-0.001152,-0.00023392357705037285
B13,a,h041,-0.0026880000000000003,-0.0005458216797842034
B31,a,h041,-0.000384,-7.797452568345762e-5
B39,a,h041,-0.0026880000000000003,-0.0005458216797842034
B55,c,h041,-0.00576,-0.0011696178852518642
B56,c,h041,-0.001152,-0.00023392357705037285
B58,c,h041,-0.001152,-0.00023392357705037285
B59,c,h041,-0.00192,-0.00038987262841728813
B61,c,h041,-0.004224,-0.0008577197825180339
B69,a,h041,0.00192,-0.00038987262841728813
B90,c,h041,-0.004992,-0.001013668833884949
B110,c,h041,-0.004992,-0.001013668833884949
B112,c,h041,-0.001152,-0.00023392357705037285
B118,c,h041,-0.001152,-0.00023392357705037285
B120,c,h041,-0.000768,-0.00015594905136691523
B123,c,h041,-0.001152,-0.00023392357705037285
B124,c,h041,-0.0026880000000000003,-0.0005458216797842034
B126,b,h041,-0.001536,-0.00031189810273383046
B130,c,h041,-0.000384,-7.797452568345762e-5
B137,c,h041,-0.012672000000000001,-0.002573159347554101
B138,c,h041,-0.004992,-0.001013668833884949
B139,c,h041,-0.003456,-0.0007017707311511186
B140,c,h041,-0.003072,-0.0006237962054676609
B145,a,h041,-0.002304,-0.0004678471541007457
B146,a,h041,-0.000768,-0.00015594905136691523
B151,a,h041,-0.00192,-0.00038987262841728813
B154,b,h041,-0.006144,-0.0012475924109353219
B155,b,h041,-0.005376000000000001,-0.0010916433595684067
B157,c,h041,-0.004608,-0.0009356943082014914
B167,c,h041,-0.001536,-0.00031189810273383046
B168,c,h041,-0.001536,-0.00031189810273383046
B169,c,h041,-0.006528,-0.0013255669366187795
B173,b,h041,-0.000384,-7.797452568345762e-5
B176,c,h041,-0.026496,-0.005380242272158576
B177,c,h041,0.0007679999999999996,-0.0023392357705037284
B178,b,h041,-0.002304,-0.0004678471541007457
B185,c,h041,-0.000384,-7.797452568345762e-5
B187,c,h041,-0.002304,-0.0004678471541007457
B188,c,h041,-0.001536,-0.00031189810273383046
B189,c,h041,-0.004608,-0.0009356943082014915
B190,a,h041,-0.000384,-7.797452568345762e-5
B199,b,h041,-0.001536,-0.00031189810273383046
B202,a,h041,-0.000768,-0.00015594905136691523
B204,a,h041,-0.001536,-0.00031189810273383046
B222,a,h041,-0.000384,-7.797452568345762e-5
B233,a,h041,-0.00384,-0.0007797452568345763
B259,b,h041,-0.002304,-0.0004678471541007457
B268,b,h041,-0.000384,-7.797452568345762e-5
B269,b,h041,-0.001152,-0.00023392357705037285
B274,b,h041,-0.003456,-0.0007017707311511186
B277,b,h041,-0.000768,-0.00015594905136691523
B279,b,h041,-0.001536,-0.00031189810273383046
B284,b,h041,-0.000768,-0.00015594905136691523
B285,b,h041,-0.0026880000000000003,-0.0005458216797842034
B287,a,h041,-0.003456,-0.0007017707311511186
B296,a,h041,-0.001152,-0.00023392357705037285
B13,a,h042,-0.008064,-0.00163746503935261
B31,a,h042,-0.000768,-0.00015594905136691523
B39,a,h042,-0.001152,-0.00023392357705037285
B55,c,h042,-0.003456,-0.0007017707311511186
B56,c,h042,-0.001152,-0.00023392357705037285
B58,c,h042,-0.000768,-0.00015594905136691523
B59,c,h042,-0.000768,-0.00015594905136691523
B61,c,h042,-0.003072,-0.0006237962054676609
B69,a,h042,-0.000384,-0.0004678471541007457
B90,c,h042,-0.003456,-0.0007017707311511186
B99,c,h042,-0.000384,-7.797452568345762e-5
B110,c,h042,-0.003072,-0.0006237962054676609
B112,c,h042,-0.000768,-0.00015594905136691523
B118,c,h042,-0.0026880000000000003,-0.0005458216797842034
B120,c,h042,-0.004608,-0.0009356943082014914
B123,c,h042,-0.001152,-0.00023392357705037285
B124,c,h042,-0.004224,-0.0008577197825180339
B126,b,h042,-0.003072,-0.0006237962054676609
B130,c,h042,-0.000384,-7.797452568345762e-5
B137,c,h042,-0.000768,-0.00015594905136691523
B138,c,h042,-0.0026880000000000003,-0.0005458216797842034
B139,c,h042,-0.000384,-7.797452568345762e-5
B140,c,h042,-0.00192,-0.00038987262841728813
B145,a,h042,-0.002304,-0.0004678471541007457
B146,a,h042,-0.001152,-0.00023392357705037285
B151,a,h042,-0.012672000000000001,-0.002573159347554101
B154,b,h042,-0.00576,-0.0011696178852518642
B155,b,h042,-0.00576,-0.0011696178852518642
B157,c,h042,-0.003072,-0.0006237962054676609
B167,c,h042,-0.0026880000000000003,-0.0005458216797842034
B168,c,h042,-0.00192,-0.00038987262841728813
B169,c,h042,-0.006528,-0.0013255669366187795
B173,b,h042,-0.000768,-0.00015594905136691523
B176,c,h042,-0.022272000000000004,-0.004522522489640542
B177,c,h042,0.0,-0.0009356943082014914
B178,b,h042,-0.007296,-0.0014815159879856949
B185,c,h042,-0.000768,-0.00015594905136691523
B187,c,h042,-0.008448,-0.0017154395650360679
B188,c,h042,-0.002304,-0.0004678471541007457
B189,c,h042,-0.004992,-0.001013668833884949
B190,a,h042,-0.000384,-7.797452568345762e-5
B199,b,h042,-0.000768,-0.00015594905136691523
B202,a,h042,-0.000384,-7.797452568345762e-5
B204,a,h042,-0.003072,-0.0006237962054676609
B233,a,h042,-0.00384,-0.0007797452568345763
B259,b,h042,-0.002304,-0.0004678471541007457
B268,b,h042,-0.000384,-7.797452568345762e-5
B269,b,h042,-0.0026880000000000003,-0.0005458216797842034
B274,b,h042,-0.004224,-0.0008577197825180339
B277,b,h042,-0.001152,-0.00023392357705037285
B279,b,h042,-0.00192,-0.00038987262841728813
B284,b,h042,-0.001152,-0.00023392357705037285
B285,b,h042,-0.001152,-0.00023392357705037285
B287,a,h042,-0.00384,-0.0007797452568345763
B296,a,h042,-0.001536,-0.00031189810273383046
B13,a,h043,-0.006144,-0.0012475924109353219
B39,a,h043,-0.001152,-0.00023392357705037285
B55,c,h043,-0.001152,-0.00023392357705037285
B56,c,h043,-0.00192,-0.00038987262841728813
B58,c,h043,-0.000768,-0.00015594905136691523
B59,c,h043,-0.000768,-0.00015594905136691523
B61,c,h043,-0.004224,-0.0008577197825180339
B69,a,h043,-0.00192,-0.0004678471541007457
B90,c,h043,-0.003072,-0.0006237962054676609
B110,c,h043,-0.0026880000000000003,-0.0005458216797842034
B112,c,h043,-0.001152,-0.00023392357705037285
B118,c,h043,-0.002304,-0.0004678471541007457
B120,c,h043,-0.00576,-0.0011696178852518642
B123,c,h043,-0.003072,-0.0006237962054676609
B124,c,h043,-0.003456,-0.0007017707311511186
B126,b,h043,-0.000384,-7.797452568345762e-5
B130,c,h043,-0.000768,-0.00015594905136691523
B137,c,h043,-0.000768,-0.00015594905136691523
B138,c,h043,-0.000768,-0.00015594905136691523
B139,c,h043,-0.001536,-0.00031189810273383046
B140,c,h043,-0.00192,-0.00038987262841728813
B145,a,h043,-0.003456,-0.0007017707311511186
B146,a,h043,-0.000768,-0.00015594905136691523
B151,a,h043,-0.001152,-0.00023392357705037285
B154,b,h043,-0.004992,-0.001013668833884949
B155,b,h043,-0.005376000000000001,-0.0010916433595684067
B157,c,h043,-0.005376000000000001,-0.0010916433595684067
B167,c,h043,-0.001152,-0.00023392357705037285
B168,c,h043,-0.008064,-0.00163746503935261
B169,c,h043,-0.005376000000000001,-0.0010916433595684067
B173,b,h043,-0.001536,-0.00031189810273383046
B176,c,h043,-0.014208,-0.002885057450287932
B177,c,h043,-0.001152,-0.00038987262841728813
B178,b,h043,-0.003456,-0.0007017707311511186
B185,c,h043,-0.000384,-7.797452568345762e-5
B187,c,h043,-0.006912,-0.0014035414623022372
B188,c,h043,-0.00384,-0.0007797452568345763
B189,c,h043,-0.004224,-0.0008577197825180338
B190,a,h043,-0.000384,-7.797452568345762e-5
B199,b,h043,-0.001536,-0.00031189810273383046
B202,a,h043,-0.000768,-0.00015594905136691523
B204,a,h043,-0.004608,-0.0009356943082014914
B222,a,h043,-0.000384,-7.797452568345762e-5
B233,a,h043,-0.004224,-0.0008577197825180339
B259,b,h043,-0.003072,-0.0006237962054676609
B269,b,h043,-0.001536,-0.00031189810273383046
B274,b,h043,-0.006912,-0.0014035414623022372
B277,b,h043,-0.00192,-0.00038987262841728813
B279,b,h043,-0.001536,-0.00031189810273383046
B284,b,h043,-0.0026880000000000003,-0.0005458216797842034
B285,b,h043,-0.00384,-0.0007797452568345763
B287,a,h043,-0.00384,-0.0007797452568345763
B296,a,h043,-0.001152,-0.00023392357705037285
B13,a,h044,-0.003456,-0.0007017707311511186
B31,a,h044,-0.001152,-0.00023392357705037285
B39,a,h044,-0.001152,-0.00023392357705037285
B55,c,h044,-0.001152,-0.00023392357705037285
B56,c,h044,-0.001536,-0.00031189810273383046
B58,c,h044,-0.001536,-0.00031189810273383046
B59,c,h044,-0.001152,-0.00023392357705037285
B61,c,h044,-0.0026880000000000003,-0.0005458216797842034
B69,a,h044,-0.00192,-0.00038987262841728813
B90,c,h044,-0.003456,-0.0007017707311511186
B110,c,h044,-0.00384,-0.0007797452568345763
B112,c,h044,-0.001152,-0.00023392357705037285
B118,c,h044,-0.003456,-0.0007017707311511186
B120,c,h044,-0.0026880000000000003,-0.0005458216797842034
B123,c,h044,-0.003456,-0.0007017707311511186
B124,c,h044,-0.0026880000000000003,-0.0005458216797842034
B126,b,h044,-0.004608,-0.0009356943082014914
B130,c,h044,-0.000384,-7.797452568345762e-5
B137,c,h044,-0.002304,-0.0004678471541007457
B138,c,h044,-0.001536,-0.00031189810273383046
B139,c,h044,-0.001536,-0.00031189810273383046
B140,c,h044,-0.002304,-0.0004678471541007457
B145,a,h044,-0.00192,-0.00038987262841728813
B146,a,h044,-0.001536,-0.00031189810273383046
B151,a,h044,-0.003072,-0.0006237962054676609
B154,b,h044,-0.005376000000000001,-0.0010916433595684067
B155,b,h044,-0.006144,-0.0012475924109353219
B157,c,h044,-0.0026880000000000003,-0.0005458216797842034
B167,c,h044,-0.001152,-0.00023392357705037285
B168,c,h044,-0.003456,-0.0007017707311511186
B169,c,h044,-0.005376000000000001,-0.0010916433595684067
B173,b,h044,-0.001536,-0.00031189810273383046
B176,c,h044,-0.01152,-0.0023392357705037284
B177,c,h044,-0.00192,-0.00031189810273383046
B178,b,h044,-0.001536,-0.00031189810273383046
B185,c,h044,-0.000384,-7.797452568345762e-5
B187,c,h044,-0.018432,-0.0037427772328059656
B188,c,h044,-0.003072,-0.0006237962054676609
B189,c,h044,-0.004224,-0.0008577197825180338
B190,a,h044,-0.001536,-0.00031189810273383046
B199,b,h044,-0.001536,-0.00031189810273383046
B202,a,h044,-0.000768,-0.00015594905136691523
B204,a,h044,-0.001152,-0.00023392357705037285
B222,a,h044,-0.000384,-7.797452568345762e-5
B233,a,h044,-0.003456,-0.0007017707311511186
B259,b,h044,-0.0026880000000000003,-0.0005458216797842034
B268,b,h044,-0.000384,-7.797452568345762e-5
B269,b,h044,-0.001536,-0.00031189810273383046
B274,b,h044,-0.002304,-0.0004678471541007457
B277,b,h044,-0.00192,-0.00038987262841728813
B279,b,h044,-0.001536,-0.00031189810273383046
B284,b,h044,-0.002304,-0.0004678471541007457
B285,b,h044,-0.001536,-0.00031189810273383046
B287,a,h044,-0.003072,-0.0006237962054676609
B296,a,h044,-0.00192,-0.00038987262841728813
B13,a,h045,-0.003072,-0.0006237962054676609
B31,a,h045,-0.000384,-7.797452568345762e-5
B39,a,h045,-0.001536,-0.00031189810273383046
B55,c,h045,-0.000768,-0.00015594905136691523
B56,c,h045,-0.004224,-0.0008577197825180339
B58,c,h045,-0.002304,-0.0004678471541007457
B59,c,h045,-0.000768,-0.00015594905136691523
B61,c,h045,-0.0026880000000000003,-0.0005458216797842034
B69,a,h045,-0.0026880000000000003,-0.0005458216797842034
B90,c,h045,-0.003072,-0.0006237962054676609
B99,c,h045,-0.000768,-0.00015594905136691523
B110,c,h045,-0.003072,-0.0006237962054676609
B112,c,h045,-0.001152,-0.00023392357705037285
B118,c,h045,-0.009600000000000001,-0.0019493631420864407
B120,c,h045,-0.002304,-0.0004678471541007457
B123,c,h045,-0.00576,-0.0011696178852518642
B124,c,h045,-0.00192,-0.00038987262841728813
B126,b,h045,-0.001152,-0.00023392357705037285
B130,c,h045,-0.000384,-7.797452568345762e-5
B137,c,h045,-0.017664,-0.0035868281814390507
B138,c,h045,-0.001536,-0.00031189810273383046
B139,c,h045,-0.001152,-0.00023392357705037285
B140,c,h045,-0.003456,-0.0007017707311511186
B145,a,h045,-0.00384,-0.0007797452568345763
B146,a,h045,-0.001152,-0.00023392357705037285
B151,a,h045,-0.010752000000000001,-0.0021832867191368135
B154,b,h045,-0.004992,-0.001013668833884949
B155,b,h045,-0.006144,-0.0012475924109353219
B157,c,h045,-0.003072,-0.0006237962054676609
B167,c,h045,-0.000768,-0.00015594905136691523
B168,c,h045,-0.003072,-0.0006237962054676609
B169,c,h045,-0.004992,-0.001013668833884949
B173,b,h045,-0.001152,-0.00023392357705037285
B176,c,h045,-0.013056,-0.002651133873237559
B177,c,h045,-0.0026880000000000003,-0.0005458216797842034
B178,b,h045,-0.001536,-0.00031189810273383046
B185,c,h045,-0.000384,-7.797452568345762e-5
B187,c,h045,-0.008448,-0.0017154395650360679
B188,c,h045,-0.003456,-0.0007017707311511186
B189,c,h045,-0.004608,-0.0009356943082014914
B190,a,h045,-0.003456,-0.0007017707311511186
B199,b,h045,-0.002304,-0.0004678471541007457
B202,a,h045,-0.000384,-7.797452568345762e-5
B204,a,h045,-0.006528,-0.0013255669366187795
B233,a,h045,-0.00384,-0.0007797452568345763
B259,b,h045,-0.003456,-0.0007017707311511186
B269,b,h045,-0.0026880000000000003,-0.0005458216797842034
B274,b,h045,-0.004608,-0.0009356943082014914
B277,b,h045,-0.001536,-0.00031189810273383046
B279,b,h045,-0.001536,-0.00031189810273383046
B284,b,h045,-0.001536,-0.00031189810273383046
B285,b,h045,-0.002304,-0.0004678471541007457
B287,a,h045,-0.00384,-0.0007797452568345763
B296,a,h045,-0.003072,-0.0006237962054676609
B13,a,h046,-0.002304,-0.0004678471541007457
B31,a,h046,-0.000768,-0.00015594905136691523
B39,a,h046,-0.001536,-0.00031189810273383046
B55,c,h046,-0.00192,-0.00038987262841728813
B56,c,h046,-0.006144,-0.0012475924109353219
B58,c,h046,-0.001536,-0.00031189810273383046
B59,c,h046,-0.000768,-0.00015594905136691523
B61,c,h046,-0.0026880000000000003,-0.0005458216797842034
B69,a,h046,-0.001152,-0.00023392357705037285
B90,c,h046,-0.003072,-0.0006237962054676609
B99,c,h046,-0.000384,-7.797452568345762e-5
B110,c,h046,-0.003072,-0.0006237962054676609
B112,c,h046,-0.001152,-0.00023392357705037285
B118,c,h046,-0.002304,-0.0004678471541007457
B120,c,h046,-0.000768,-0.00015594905136691523
B123,c,h046,-0.001536,-0.00031189810273383046
B124,c,h046,-0.0026880000000000003,-0.0005458216797842034
B126,b,h046,-0.000768,-0.00015594905136691523
B130,c,h046,-0.000768,-0.00015594905136691523
B137,c,h046,-0.004608,-0.0009356943082014914
B138,c,h046,-0.001536,-0.00031189810273383046
B139,c,h046,-0.001536,-0.00031189810273383046
B140,c,h046,-0.0026880000000000003,-0.0005458216797842034
B145,a,h046,-0.00192,-0.00038987262841728813
B146,a,h046,-0.003072,-0.0006237962054676609
B151,a,h046,-0.001536,-0.00031189810273383046
B154,b,h046,-0.004608,-0.0009356943082014914
B155,b,h046,-0.00576,-0.0011696178852518642
B157,c,h046,-0.002304,-0.0004678471541007457
B167,c,h046,-0.001152,-0.00023392357705037285
B168,c,h046,-0.00192,-0.00038987262841728813
B169,c,h046,-0.004608,-0.0009356943082014914
B173,b,h046,-0.002304,-0.0004678471541007457
B176,c,h046,-0.010752,-0.0021832867191368135
B177,c,h046,-0.001536,-0.00031189810273383046
B178,b,h046,-0.001536,-0.00031189810273383046
B185,c,h046,-0.000384,-7.797452568345762e-5
B187,c,h046,-0.0026880000000000003,-0.0005458216797842034
B188,c,h046,-0.00192,-0.00038987262841728813
B189,c,h046,-0.005376000000000001,-0.0010916433595684067
B190,a,h046,-0.00192,-0.00038987262841728813
B199,b,h046,-0.003072,-0.0006237962054676609
B202,a,h046,-0.000768,-0.00015594905136691523
B204,a,h046,-0.0026880000000000003,-0.0005458216797842034
B222,a,h046,-0.000384,-7.797452568345762e-5
B233,a,h046,-0.003456,-0.0007017707311511186
B259,b,h046,-0.002304,-0.0004678471541007457
B268,b,h046,-0.000384,-7.797452568345762e-5
B269,b,h046,-0.001152,-0.00023392357705037285
B274,b,h046,-0.004608,-0.0009356943082014914
B277,b,h046,-0.001152,-0.00023392357705037285
B279,b,h046,-0.001152,-0.00023392357705037285
B284,b,h046,-0.003456,-0.0007017707311511186
B285,b,h046,-0.001536,-0.00031189810273383046
B287,a,h046,-0.003072,-0.0006237962054676609
B296,a,h046,-0.002304,-0.0004678471541007457
B13,a,h047,-0.001536,-0.00031189810273383046
B31,a,h047,-0.000384,-7.797452568345762e-5
B39,a,h047,-0.0026880000000000003,-0.0005458216797842034
B55,c,h047,-0.001536,-0.00031189810273383046
B56,c,h047,-0.0026880000000000003,-0.0005458216797842034
B58,c,h047,-0.004608,-0.0009356943082014914
B59,c,h047,-0.00192,-0.00038987262841728813
B61,c,h047,-0.0026880000000000003,-0.0005458216797842034
B69,a,h047,-0.001536,-0.00031189810273383046
B90,c,h047,-0.003456,-0.0007017707311511186
B99,c,h047,-0.000768,-0.00015594905136691523
B110,c,h047,-0.003456,-0.0007017707311511186
B112,c,h047,-0.001152,-0.00023392357705037285
B118,c,h047,-0.001152,-0.00023392357705037285
B120,c,h047,-0.001152,-0.00023392357705037285
B123,c,h047,-0.001536,-0.00031189810273383046
B124,c,h047,-0.001536,-0.00031189810273383046
B126,b,h047,-0.001152,-0.00023392357705037285
B130,c,h047,-0.000768,-0.00015594905136691523
B137,c,h047,-0.0026880000000000003,-0.0005458216797842034
B138,c,h047,-0.001536,-0.00031189810273383046
B139,c,h047,-0.000768,-0.00015594905136691523
B140,c,h047,-0.003072,-0.0006237962054676609
B145,a,h047,-0.00192,-0.00038987262841728813
B146,a,h047,-0.000384,-7.797452568345762e-5
B151,a,h047,-0.003456,-0.0007017707311511186
B154,b,h047,-0.004608,-0.0009356943082014914
B155,b,h047,-0.005376000000000001,-0.0010916433595684067
B157,c,h047,-0.0026880000000000003,-0.0005458216797842034
B167,c,h047,-0.000768,-0.00015594905136691523
B168,c,h047,-0.001152,-0.00023392357705037285
B169,c,h047,-0.00384,-0.0007797452568345763
B173,b,h047,-0.001536,-0.00031189810273383046
B176,c,h047,-0.011136,-0.002261261244820271
B177,c,h047,-0.001536,-0.00031189810273383046
B178,b,h047,-0.000768,-0.00015594905136691523
B185,c,h047,-0.000384,-7.797452568345762e-5
B187,c,h047,-0.006528,-0.0013255669366187795
B188,c,h047,-0.0026880000000000003,-0.0005458216797842034
B189,c,h047,-0.00576,-0.0011696178852518644
B190,a,h047,-0.001152,-0.00023392357705037285
B199,b,h047,-0.003456,-0.0007017707311511186
B202,a,h047,-0.000384,-7.797452568345762e-5
B204,a,h047,-0.000768,-0.00015594905136691523
B222,a,h047,-0.000384,-7.797452568345762e-5
B233,a,h047,-0.003456,-0.0007017707311511186
B259,b,h047,-0.002304,-0.0004678471541007457
B268,b,h047,-0.000384,-7.797452568345762e-5
B269,b,h047,-0.001536,-0.00031189810273383046
B274,b,h047,-0.005376000000000001,-0.0010916433595684067
B277,b,h047,-0.001152,-0.00023392357705037285
B279,b,h047,-0.001152,-0.00023392357705037285
B284,b,h047,-0.001152,-0.00023392357705037285
B285,b,h047,-0.001152,-0.00023392357705037285
B287,a,h047,-0.003456,-0.0007017707311511186
B296,a,h047,-0.00192,-0.00038987262841728813
B13,a,h048,-0.001536,-0.00031189810273383046
B31,a,h048,-0.002304,-0.0004678471541007457
B39,a,h048,-0.001536,-0.00031189810273383046
B55,c,h048,-0.001536,-0.00031189810273383046
B56,c,h048,-0.000768,-0.00015594905136691523
B58,c,h048,-0.00384,-0.0007797452568345763
B59,c,h048,-0.000768,-0.00015594905136691523
B61,c,h048,-0.002304,-0.0004678471541007457
B69,a,h048,-0.001536,-0.00031189810273383046
B90,c,h048,-0.003456,-0.0007017707311511186
B110,c,h048,-0.003456,-0.0007017707311511186
B112,c,h048,-0.001152,-0.00023392357705037285
B118,c,h048,-0.001536,-0.00031189810273383046
B120,c,h048,-0.0026880000000000003,-0.0005458216797842034
B123,c,h048,-0.003072,-0.0006237962054676609
B124,c,h048,-0.001536,-0.00031189810273383046
B126,b,h048,-0.001536,-0.00031189810273383046
B130,c,h048,-0.000384,-7.797452568345762e-5
B137,c,h048,-0.0026880000000000003,-0.0005458216797842034
B138,c,h048,-0.001152,-0.00023392357705037285
B139,c,h048,-0.000768,-0.00015594905136691523
B140,c,h048,-0.0026880000000000003,-0.0005458216797842034
B145,a,h048,-0.00192,-0.00038987262841728813
B146,a,h048,-0.000768,-0.00015594905136691523
B151,a,h048,-0.000768,-0.00015594905136691523
B154,b,h048,-0.005376000000000001,-0.0010916433595684067
B155,b,h048,-0.00576,-0.0011696178852518642
B157,c,h048,-0.00192,-0.00038987262841728813
B167,c,h048,-0.001152,-0.00023392357705037285
B168,c,h048,-0.000768,-0.00015594905136691523
B169,c,h048,-0.002304,-0.0004678471541007457
B173,b,h048,-0.001152,-0.00023392357705037285
B176,c,h048,-0.010752000000000001,-0.002183286719136813
B177,c,h048,-0.003456,-0.0007017707311511186
B178,b,h048,-0.000384,-7.797452568345762e-5
B185,c,h048,-0.000768,-0.00015594905136691523
B187,c,h048,-0.004608,-0.0009356943082014914
B188,c,h048,-0.00192,-0.00038987262841728813
B189,c,h048,-0.00768,-0.0015594905136691523
B190,a,h048,-0.000768,-0.00015594905136691523
B199,b,h048,-0.004224,-0.0008577197825180339
B202,a,h048,-0.000384,-7.797452568345762e-5
B204,a,h048,-0.000768,-0.00015594905136691523
B222,a,h048,-0.000384,-7.797452568345762e-5
B233,a,h048,-0.003072,-0.0006237962054676609
B259,b,h048,-0.002304,-0.0004678471541007457
B269,b,h048,-0.000768,-0.00015594905136691523
B274,b,h048,-0.004608,-0.0009356943082014914
B277,b,h048,-0.001152,-0.00023392357705037285
B279,b,h048,-0.001152,-0.00023392357705037285
B284,b,h048,-0.001152,-0.00023392357705037285
B285,b,h048,-0.00192,-0.00038987262841728813
B287,a,h048,-0.003456,-0.0007017707311511186
B296,a,h048,-0.002304,-0.0004678471541007457
B13,a,h049,-0.001536,-0.00031189810273383046
B31,a,h049,-0.000384,-7.797452568345762e-5
B39,a,h049,-0.001536,-0.00031189810273383046
B55,c,h049,-0.001536,-0.00031189810273383046
B56,c,h049,-0.001152,-0.00023392357705037285
B58,c,h049,-0.000768,-0.00015594905136691523
B59,c,h049,-0.000384,-7.797452568345762e-5
B61,c,h049,-0.0026880000000000003,-0.0005458216797842034
B69,a,h049,-0.001536,-0.00031189810273383046
B90,c,h049,-0.005376000000000001,-0.0010916433595684067
B99,c,h049,-0.000768,-0.00015594905136691523
B110,c,h049,-0.003456,-0.0007017707311511186
B112,c,h049,-0.001536,-0.00031189810273383046
B118,c,h049,-0.001152,-0.00023392357705037285
B120,c,h049,-0.000768,-0.00015594905136691523
B123,c,h049,-0.001536,-0.00031189810273383046
B124,c,h049,-0.00192,-0.00038987262841728813
B126,b,h049,-0.000768,-0.00015594905136691523
B130,c,h049,-0.000768,-0.00015594905136691523
B131,b,h049,-0.000384,-7.797452568345762e-5
B137,c,h049,-0.002304,-0.0004678471541007457
B138,c,h049,-0.004608,-0.0009356943082014914
B139,c,h049,-0.000384,-7.797452568345762e-5
B140,c,h049,-0.002304,-0.0004678471541007457
B145,a,h049,-0.000768,-0.00015594905136691523
B146,a,h049,-0.000384,-7.797452568345762e-5
B151,a,h049,-0.00192,-0.00038987262841728813
B154,b,h049,-0.004608,-0.0009356943082014914
B155,b,h049,-0.005376000000000001,-0.0010916433595684067
B157,c,h049,-0.002304,-0.0004678471541007457
B167,c,h049,-0.000768,-0.00015594905136691523
B168,c,h049,-0.001152,-0.00023392357705037285
B169,c,h049,-0.003072,-0.0006237962054676609
B173,b,h049,-0.000384,-7.797452568345762e-5
B176,c,h049,-0.011136,-0.002261261244820271
B177,c,h049,-0.001536,-0.00031189810273383046
B178,b,h049,-0.001152,-0.00023392357705037285
B185,c,h049,-0.000384,-7.797452568345762e-5
B187,c,h049,-0.002304,-0.0004678471541007457
B188,c,h049,-0.0026880000000000003,-0.0005458216797842034
B189,c,h049,-0.006912,-0.0014035414623022372
B190,a,h049,-0.000768,-0.00015594905136691523
B199,b,h049,-0.001152,-0.00023392357705037285
B202,a,h049,-0.000384,-7.797452568345762e-5
B204,a,h049,-0.001152,-0.00023392357705037285
B222,a,h049,-0.000384,-7.797452568345762e-5
B233,a,h049,-0.003072,-0.0006237962054676609
B259,b,h049,-0.002304,-0.0004678471541007457
B268,b,h049,-0.000384,-7.797452568345762e-5
B269,b,h049,-0.00192,-0.00038987262841728813
B274,b,h049,-0.00576,-0.0011696178852518642
B277,b,h049,-0.001152,-0.00023392357705037285
B279,b,h049,-0.000768,-0.00015594905136691523
B284,b,h049,-0.001536,-0.00031189810273383046
B285,b,h049,-0.003072,-0.0006237962054676609
B287,a,h049,-0.003456,-0.0007017707311511186
B296,a,h049,-0.00192,-0.00038987262841728813
B13,a,h050,-0.00192,-0.00038987262841728813
B31,a,h050,-0.000768,-0.00015594905136691523
B39,a,h050,-0.001152,-0.00023392357705037285
B55,c,h050,-0.001152,-0.00023392357705037285
B56,c,h050,-0.000768,-0.00015594905136691523
B58,c,h050,-0.001152,-0.00023392357705037285
B59,c,h050,-0.000384,-7.797452568345762e-5
B61,c,h050,-0.0026880000000000003,-0.0005458216797842034
B69,a,h050,-0.001536,-0.00031189810273383046
B90,c,h050,-0.003456,-0.0007017707311511186
B99,c,h050,-0.001152,-0.00023392357705037285
B110,c,h050,-0.004608,-0.0009356943082014914
B112,c,h050,-0.001152,-0.00023392357705037285
B118,c,h050,-0.000768,-0.00015594905136691523
B120,c,h050,-0.001536,-0.00031189810273383046
B123,c,h050,-0.001536,-0.00031189810273383046
B124,c,h050,-0.001152,-0.00023392357705037285
B126,b,h050,-0.000384,-7.797452568345762e-5
B130,c,h050,-0.000384,-7.797452568345762e-5
B137,c,h050,-0.0026880000000000003,-0.0005458216797842034
B138,c,h050,-0.003456,-0.0007017707311511186
B139,c,h050,-0.000768,-0.00015594905136691523
B140,c,h050,-0.003072,-0.0006237962054676609
B145,a,h050,-0.000768,-0.00015594905136691523
B146,a,h050,-0.000384,-7.797452568345762e-5
B151,a,h050,-0.000768,-0.00015594905136691523
B154,b,h050,-0.004992,-0.001013668833884949
B155,b,h050,-0.005376000000000001,-0.0010916433595684067
B157,c,h050,-0.0026880000000000003,-0.0005458216797842034
B167,c,h050,-0.000768,-0.00015594905136691523
B168,c,h050,-0.000768,-0.00015594905136691523
B169,c,h050,-0.003072,-0.0006237962054676609
B173,b,h050,-0.001152,-0.00023392357705037285
B176,c,h050,-0.011136,-0.002261261244820271
B177,c,h050,-0.001152,-0.00023392357705037285
B178,b,h050,-0.000384,-7.797452568345762e-5
B185,c,h050,-0.000384,-7.797452568345762e-5
B187,c,h050,-0.00192,-0.00038987262841728813
B188,c,h050,-0.003456,-0.0007017707311511186
B189,c,h050,-0.014592,-0.0029630319759713893
B190,a,h050,-0.000768,-0.00015594905136691523
B199,b,h050,-0.001152,-0.00023392357705037285
B202,a,h050,-0.000384,-7.797452568345762e-5
B204,a,h050,-0.000768,-0.00015594905136691523
B222,a,h050,-0.000384,-7.797452568345762e-5
B233,a,h050,-0.003456,-0.0007017707311511186
B259,b,h050,-0.0026880000000000003,-0.0005458216797842034
B268,b,h050,-0.000384,-7.797452568345762e-5
B269,b,h050,-0.00192,-0.00038987262841728813
B274,b,h050,-0.00576,-0.0011696178852518642
B277,b,h050,-0.001152,-0.00023392357705037285
B279,b,h050,-0.000384,-7.797452568345762e-5
B284,b,h050,-0.001152,-0.00023392357705037285
B285,b,h050,-0.001536,-0.00031189810273383046
B287,a,h050,-0.003456,-0.0007017707311511186
B296,a,h050,-0.00192,-0.00038987262841728813
B13,a,h051,-0.001152,-0.00023392357705037285
B31,a,h051,-0.000384,-7.797452568345762e-5
B39,a,h051,-0.001536,-0.00031189810273383046
B55,c,h051,-0.00192,-0.00038987262841728813
B56,c,h051,-0.001152,-0.00023392357705037285
B58,c,h051,-0.001536,-0.00031189810273383046
B59,c,h051,-0.000768,-0.00015594905136691523
B61,c,h051,-0.0026880000000000003,-0.0005458216797842034
B69,a,h051,-0.001536,-0.00031189810273383046
B90,c,h051,-0.00384,-0.0007797452568345763
B99,c,h051,-0.001152,-0.00023392357705037285
B110,c,h051,-0.003456,-0.0007017707311511186
B112,c,h051,-0.001152,-0.00023392357705037285
B118,c,h051,-0.001536,-0.00031189810273383046
B120,c,h051,-0.000768,-0.00015594905136691523
B123,c,h051,-0.0026880000000000003,-0.0005458216797842034
B124,c,h051,-0.001536,-0.00031189810273383046
B126,b,h051,-0.003072,-0.0006237962054676609
B130,c,h051,-0.000384,-7.797452568345762e-5
B137,c,h051,-0.002304,-0.0004678471541007457
B138,c,h051,-0.008832,-0.0017934140907195253
B139,c,h051,-0.000384,-7.797452568345762e-5
B140,c,h051,-0.003072,-0.0006237962054676609
B145,a,h051,-0.001536,-0.00031189810273383046
B146,a,h051,-0.001536,-0.00031189810273383046
B151,a,h051,-0.000384,-7.797452568345762e-5
B154,b,h051,-0.005376000000000001,-0.0010916433595684067
B155,b,h051,-0.005376000000000001,-0.0010916433595684067
B157,c,h051,-0.002304,-0.0004678471541007457
B167,c,h051,-0.001152,-0.00023392357705037285
B168,c,h051,-0.001152,-0.00023392357705037285
B169,c,h051,-0.003072,-0.0006237962054676609
B173,b,h051,-0.000384,-7.797452568345762e-5
B176,c,h051,-0.010752000000000001,-0.002183286719136813
B177,c,h051,-0.003072,-0.0006237962054676609
B178,b,h051,-0.001152,-0.00023392357705037285
B185,c,h051,-0.000384,-7.797452568345762e-5
B187,c,h051,-0.00576,-0.0011696178852518642
B188,c,h051,-0.002304,-0.0004678471541007457
B189,c,h051,-0.006144,-0.0012475924109353219
B190,a,h051,-0.001152,-0.00023392357705037285
B199,b,h051,-0.001536,-0.00031189810273383046
B202,a,h051,-0.000384,-7.797452568345762e-5
B204,a,h051,-0.000768,-0.00015594905136691523
B222,a,h051,-0.000384,-7.797452568345762e-5
B233,a,h051,-0.0026880000000000003,-0.0005458216797842034
B259,b,h051,-0.002304,-0.0004678471541007457
B268,b,h051,-0.000384,-7.797452568345762e-5
B269,b,h051,-0.000768,-0.00015594905136691523
B274,b,h051,-0.004224,-0.0008577197825180339
B277,b,h051,-0.001152,-0.00023392357705037285
B279,b,h051,-0.000768,-0.00015594905136691523
B284,b,h051,-0.001152,-0.00023392357705037285
B285,b,h051,-0.001152,-0.00023392357705037285
B287,a,h051,-0.003456,-0.0007017707311511186
B296,a,h051,-0.001536,-0.00031189810273383046
B13,a,h052,-0.001536,-0.00031189810273383046
B31,a,h052,-0.000768,-0.00015594905136691523
B39,a,h052,-0.003072,-0.0006237962054676609
B55,c,h052,-0.00192,-0.00038987262841728813
B56,c,h052,-0.001152,-0.00023392357705037285
B58,c,h052,-0.00192,-0.00038987262841728813
B59,c,h052,-0.000768,-0.00015594905136691523
B61,c,h052,-0.0026880000000000003,-0.0005458216797842034
B69,a,h052,-0.001536,-0.00031189810273383046
B90,c,h052,-0.003072,-0.0006237962054676609
B99,c,h052,-0.001152,-0.00023392357705037285
B110,c,h052,-0.004992,-0.001013668833884949
B112,c,h052,-0.001536,-0.00031189810273383046
B118,c,h052,-0.001152,-0.00023392357705037285
B120,c,h052,-0.000384,-7.797452568345762e-5
B123,c,h052,-0.001152,-0.00023392357705037285
B124,c,h052,-0.001536,-0.00031189810273383046
B126,b,h052,-0.000768,-0.00015594905136691523
B130,c,h052,-0.000384,-7.797452568345762e-5
B137,c,h052,-0.0026880000000000003,-0.0005458216797842034
B138,c,h052,-0.004224,-0.0008577197825180339
B139,c,h052,-0.002304,-0.0004678471541007457
B140,c,h052,-0.0026880000000000003,-0.0005458216797842034
B145,a,h052,-0.001152,-0.00023392357705037285
B146,a,h052,-0.000768,-0.00015594905136691523
B151,a,h052,-0.000384,-7.797452568345762e-5
B154,b,h052,-0.004992,-0.001013668833884949
B155,b,h052,-0.004992,-0.001013668833884949
B157,c,h052,-0.002304,-0.0004678471541007457
B167,c,h052,-0.001536,-0.00031189810273383046
B168,c,h052,-0.001152,-0.00023392357705037285
B169,c,h052,-0.003456,-0.0007017707311511186
B173,b,h052,-0.000768,-0.00015594905136691523
B176,c,h052,-0.011136,-0.0022612612448202713
B177,c,h052,-0.001152,-0.00015594905136691523
B178,b,h052,-0.001152,-0.00023392357705037285
B185,c,h052,-0.000768,-0.00015594905136691523
B187,c,h052,-0.003072,-0.0006237962054676609
B188,c,h052,-0.001536,-0.00031189810273383046
B189,c,h052,-0.006528,-0.0013255669366187795
B190,a,h052,-0.001536,-0.00031189810273383046
B199,b,h052,-0.00192,-0.00038987262841728813
B202,a,h052,-0.000384,-7.797452568345762e-5
B204,a,h052,-0.001152,-0.00023392357705037285
B222,a,h052,-0.000768,-0.00015594905136691523
B233,a,h052,-0.003456,-0.0007017707311511186
B259,b,h052,-0.002304,-0.0004678471541007457
B269,b,h052,-0.001152,-0.00023392357705037285
B274,b,h052,-0.00576,-0.0011696178852518642
B277,b,h052,-0.001536,-0.00031189810273383046
B279,b,h052,-0.000384,-7.797452568345762e-5
B284,b,h052,-0.001152,-0.00023392357705037285
B285,b,h052,-0.00192,-0.00038987262841728813
B287,a,h052,-0.003072,-0.0006237962054676609
B296,a,h052,-0.00192,-0.00038987262841728813
B13,a,h053,-0.00192,-0.00038987262841728813
B31,a,h053,-0.000768,-0.00015594905136691523
B39,a,h053,-0.001152,-0.00023392357705037285
B55,c,h053,-0.001152,-0.00023392357705037285
B56,c,h053,-0.00384,-0.0007797452568345763
B58,c,h053,-0.001152,-0.00023392357705037285
B59,c,h053,-0.000384,-7.797452568345762e-5
B61,c,h053,-0.002304,-0.0004678471541007457
B69,a,h053,-0.001536,-0.00031189810273383046
B90,c,h053,-0.00384,-0.0007797452568345763
B99,c,h053,-0.000768,-0.00015594905136691523
B110,c,h053,-0.004992,-0.001013668833884949
B112,c,h053,-0.001152,-0.00023392357705037285
B118,c,h053,-0.000768,-0.00015594905136691523
B120,c,h053,-0.000768,-0.00015594905136691523
B123,c,h053,-0.00192,-0.00038987262841728813
B124,c,h053,-0.00192,-0.00038987262841728813
B126,b,h053,-0.000768,-0.00015594905136691523
B137,c,h053,-0.0026880000000000003,-0.0005458216797842034
B138,c,h053,-0.003456,-0.0007017707311511186
B139,c,h053,-0.000768,-0.00015594905136691523
B140,c,h053,-0.0026880000000000003,-0.0005458216797842034
B145,a,h053,-0.000768,-0.00015594905136691523
B146,a,h053,-0.000768,-0.00015594905136691523
B151,a,h053,-0.00192,-0.00038987262841728813
B154,b,h053,-0.005376000000000001,-0.0010916433595684067
B155,b,h053,-0.005376000000000001,-0.0010916433595684067
B157,c,h053,-0.0026880000000000003,-0.0005458216797842034
B167,c,h053,-0.000768,-0.00015594905136691523
B168,c,h053,-0.000384,-7.797452568345762e-5
B169,c,h053,-0.004608,-0.0009356943082014914
B173,b,h053,-0.00192,-0.00038987262841728813
B176,c,h053,-0.011136,-0.002261261244820271
B177,c,h053,-0.001152,-0.00023392357705037285
B178,b,h053,-0.001536,-0.00031189810273383046
B185,c,h053,-0.000384,-7.797452568345762e-5
B187,c,h053,-0.01152,-0.0023392357705037284
B188,c,h053,-0.002304,-0.0004678471541007457
B189,c,h053,-0.005376000000000001,-0.0010916433595684067
B190,a,h053,-0.001536,-0.00031189810273383046
B199,b,h053,-0.001152,-0.00023392357705037285
B202,a,h053,-0.000384,-7.797452568345762e-5
B204,a,h053,-0.000768,-0.00015594905136691523
B222,a,h053,-0.000384,-7.797452568345762e-5
B233,a,h053,-0.0026880000000000003,-0.0005458216797842034
B259,b,h053,-0.0026880000000000003,-0.0005458216797842034
B268,b,h053,-0.000384,-7.797452568345762e-5
B269,b,h053,-0.001152,-0.00023392357705037285
B274,b,h053,-0.003456,-0.0007017707311511186
B277,b,h053,-0.001536,-0.00031189810273383046
B279,b,h053,-0.001152,-0.00023392357705037285
B284,b,h053,-0.000384,-7.797452568345762e-5
B285,b,h053,-0.001152,-0.00023392357705037285
B287,a,h053,-0.003456,-0.0007017707311511186
B296,a,h053,-0.002304,-0.0004678471541007457
B13,a,h054,-0.00192,-0.00038987262841728813
B39,a,h054,-0.001536,-0.00031189810273383046
B55,c,h054,-0.00192,-0.00038987262841728813
B56,c,h054,-0.00576,-0.0011696178852518642
B58,c,h054,-0.001152,-0.00023392357705037285
B61,c,h054,-0.002304,-0.0004678471541007457
B69,a,h054,-0.00192,-0.00038987262841728813
B90,c,h054,-0.003456,-0.0007017707311511186
B99,c,h054,-0.001152,-0.00023392357705037285
B110,c,h054,-0.003456,-0.0007017707311511186
B112,c,h054,-0.001536,-0.00031189810273383046
B118,c,h054,-0.001536,-0.00031189810273383046
B120,c,h054,-0.000768,-0.00015594905136691523
B123,c,h054,-0.006144,-0.0012475924109353219
B124,c,h054,-0.001536,-0.00031189810273383046
B126,b,h054,-0.001536,-0.00031189810273383046
B130,c,h054,-0.000384,-7.797452568345762e-5
B137,c,h054,-0.008064,-0.00163746503935261
B138,c,h054,-0.011904,-0.0024172102961871863
B139,c,h054,-0.000768,-0.00015594905136691523
B140,c,h054,-0.001536,-0.00031189810273383046
B145,a,h054,-0.002304,-0.0004678471541007457
B146,a,h054,-0.001536,-0.00031189810273383046
B151,a,h054,-0.000384,-7.797452568345762e-5
B154,b,h054,-0.004992,-0.001013668833884949
B155,b,h054,-0.005376000000000001,-0.0010916433595684067
B157,c,h054,-0.00192,-0.00038987262841728813
B167,c,h054,-0.000768,-0.00015594905136691523
B168,c,h054,-0.000384,-7.797452568345762e-5
B169,c,h054,-0.00576,-0.0011696178852518642
B173,b,h054,-0.00192,-0.00038987262841728813
B176,c,h054,-0.011136,-0.002261261244820271
B177,c,h054,-0.003456,-0.0007017707311511186
B178,b,h054,-0.004992,-0.001013668833884949
B185,c,h054,-0.000384,-7.797452568345762e-5
B187,c,h054,-0.009984,-0.002027337667769898
B188,c,h054,-0.006912,-0.0014035414623022372
B189,c,h054,-0.00576,-0.0011696178852518644
B190,a,h054,-0.001536,-0.00031189810273383046
B199,b,h054,-0.001152,-0.00023392357705037285
B202,a,h054,-0.000384,-7.797452568345762e-5
B204,a,h054,-0.001152,-0.00023392357705037285
B222,a,h054,-0.000384,-7.797452568345762e-5
B233,a,h054,-0.00384,-0.0007797452568345763
B259,b,h054,-0.00192,-0.00038987262841728813
B269,b,h054,-0.0026880000000000003,-0.0005458216797842034
B274,b,h054,-0.004992,-0.001013668833884949
B277,b,h054,-0.001536,-0.00031189810273383046
B279,b,h054,-0.00192,-0.00038987262841728813
B284,b,h054,-0.001536,-0.00031189810273383046
B285,b,h054,-0.00192,-0.00038987262841728813
B287,a,h054,-0.003456,-0.0007017707311511186
B296,a,h054,-0.00192,-0.00038987262841728813
B13,a,h055,-0.003072,-0.0006237962054676609
B31,a,h055,-0.000768,-0.00015594905136691523
B39,a,h055,-0.002304,-0.0004678471541007457
B55,c,h055,-0.002304,-0.0004678471541007457
B56,c,h055,-0.004608,-0.0009356943082014914
B58,c,h055,-0.000768,-0.00015594905136691523
B59,c,h055,-0.001536,-0.00031189810273383046
B61,c,h055,-0.0026880000000000003,-0.0005458216797842034
B69,a,h055,-0.0023040000000000005,-0.0005458216797842034
B90,c,h055,-0.007296,-0.0014815159879856949
B99,c,h055,-0.001152,-0.00023392357705037285
B110,c,h055,-0.004992,-0.001013668833884949
B112,c,h055,-0.001152,-0.00023392357705037285
B118,c,h055,-0.001152,-0.00023392357705037285
B120,c,h055,-0.001536,-0.00031189810273383046
B123,c,h055,-0.002304,-0.0004678471541007457
B124,c,h055,-0.001536,-0.00031189810273383046
B126,b,h055,-0.000768,-0.00015594905136691523
B130,c,h055,-0.000384,-7.797452568345762e-5
B137,c,h055,-0.012288,-0.0024951848218706437
B138,c,h055,-0.00192,-0.00038987262841728813
B139,c,h055,-0.000768,-0.00015594905136691523
B140,c,h055,-0.00192,-0.00038987262841728813
B145,a,h055,-0.001536,-0.00031189810273383046
B146,a,h055,-0.001536,-0.00031189810273383046
B151,a,h055,-0.000384,-7.797452568345762e-5
B154,b,h055,-0.005376000000000001,-0.0010916433595684067
B155,b,h055,-0.00576,-0.0011696178852518642
B157,c,h055,-0.0026880000000000003,-0.0005458216797842034
B167,c,h055,-0.001152,-0.00023392357705037285
B168,c,h055,-0.001152,-0.00023392357705037285
B169,c,h055,-0.006528,-0.0013255669366187795
B173,b,h055,-0.0026880000000000003,-0.0005458216797842034
B176,c,h055,-0.013056000000000002,-0.0026511338732375595
B177,c,h055,-0.001536,-0.00031189810273383046
B178,b,h055,-0.008832,-0.0017934140907195253
B185,c,h055,-0.001152,-0.00023392357705037285
B187,c,h055,-0.011136,-0.002261261244820271
B188,c,h055,-0.002304,-0.0004678471541007457
B189,c,h055,-0.009984,-0.002027337667769898
B190,a,h055,-0.001152,-0.00023392357705037285
B199,b,h055,-0.000768,-0.00015594905136691523
B202,a,h055,-0.000384,-7.797452568345762e-5
B204,a,h055,-0.00384,-0.0007797452568345763
B222,a,h055,-0.000384,-7.797452568345762e-5
B233,a,h055,-0.003072,-0.0006237962054676609
B259,b,h055,-0.004224,-0.0008577197825180339
B268,b,h055,-0.000384,-7.797452568345762e-5
B269,b,h055,-0.001536,-0.00031189810273383046
B274,b,h055,-0.007296,-0.0014815159879856949
B277,b,h055,-0.00192,-0.00038987262841728813
B279,b,h055,-0.00192,-0.00038987262841728813
B284,b,h055,-0.00384,-0.0007797452568345763
B285,b,h055,-0.0026880000000000003,-0.0005458216797842034
B287,a,h055,-0.003456,-0.0007017707311511186
B296,a,h055,-0.001536,-0.00031189810273383046
B13,a,h056,-0.0026880000000000003,-0.0005458216797842034
B31,a,h056,-0.001152,-0.00023392357705037285
B39,a,h056,-0.007296,-0.0014815159879856949
B55,c,h056,-0.001152,-0.00023392357705037285
B56,c,h056,-0.0026880000000000003,-0.0005458216797842034
B58,c,h056,-0.000768,-0.00015594905136691523
B59,c,h056,-0.0026880000000000003,-0.0005458216797842034
B61,c,h056,-0.002304,-0.0004678471541007457
B69,a,h056,-0.001536,-0.0006237962054676609
B90,c,h056,-0.006912,-0.0014035414623022372
B99,c,h056,-0.001536,-0.00031189810273383046
B110,c,h056,-0.003072,-0.0006237962054676609
B112,c,h056,-0.001536,-0.00031189810273383046
B118,c,h056,-0.001152,-0.00023392357705037285
B120,c,h056,-0.000768,-0.00015594905136691523
B123,c,h056,-0.00384,-0.0007797452568345763
B124,c,h056,-0.001536,-0.00031189810273383046
B126,b,h056,-0.003072,-0.0006237962054676609
B137,c,h056,-0.01344,-0.0027291083989210165
B138,c,h056,-0.000384,-7.797452568345762e-5
B139,c,h056,-0.000384,-7.797452568345762e-5
B140,c,h056,-0.000768,-0.00015594905136691523
B145,a,h056,-0.0026880000000000003,-0.0005458216797842034
B146,a,h056,-0.00192,-0.00038987262841728813
B151,a,h056,-0.000384,-7.797452568345762e-5
B154,b,h056,-0.006912,-0.0014035414623022372
B155,b,h056,-0.00576,-0.0011696178852518642
B157,c,h056,-0.0026880000000000003,-0.0005458216797842034
B167,c,h056,-0.000768,-0.00015594905136691523
B168,c,h056,-0.00192,-0.00038987262841728813
B169,c,h056,-0.006528,-0.0013255669366187795
B173,b,h056,-0.001536,-0.00031189810273383046
B176,c,h056,-0.012288,-0.0024951848218706437
B177,c,h056,-0.000384,-0.00031189810273383046
B178,b,h056,-0.005376000000000001,-0.0010916433595684067
B185,c,h056,-0.000768,-0.00015594905136691523
B187,c,h056,-0.003072,-0.0006237962054676609
B188,c,h056,-0.004992,-0.001013668833884949
B189,c,h056,-0.006144,-0.0012475924109353219
B190,a,h056,-0.000384,-7.797452568345762e-5
B199,b,h056,-0.006144,-0.0012475924109353219
B202,a,h056,-0.000768,-0.00015594905136691523
B204,a,h056,-0.001152,-0.00023392357705037285
B222,a,h056,-0.000384,-7.797452568345762e-5
B233,a,h056,-0.003456,-0.0007017707311511186
B259,b,h056,-0.003456,-0.0007017707311511186
B268,b,h056,-0.000768,-0.00015594905136691523
B269,b,h056,-0.011136,-0.002261261244820271
B274,b,h056,-0.006144,-0.0012475924109353219
B277,b,h056,-0.002304,-0.0004678471541007457
B279,b,h056,-0.001536,-0.00031189810273383046
B284,b,h056,-0.011904,-0.0024172102961871863
B285,b,h056,-0.0026880000000000003,-0.0005458216797842034
B287,a,h056,-0.003456,-0.0007017707311511186
B296,a,h056,-0.00192,-0.00038987262841728813
B13,a,h057,-0.004224,-0.0008577197825180339
B31,a,h057,-0.000384,-7.797452568345762e-5
B39,a,h057,-0.005376000000000001,-0.0010916433595684067
B55,c,h057,-0.001536,-0.00031189810273383046
B56,c,h057,-0.004224,-0.0008577197825180339
B58,c,h057,-0.000768,-0.00015594905136691523
B59,c,h057,-0.005376000000000001,-0.0010916433595684067
B61,c,h057,-0.00768,-0.0015594905136691525
B69,a,h057,0.0011519999999999998,-0.0005458216797842034
B90,c,h057,-0.00384,-0.0007797452568345763
B99,c,h057,-0.001536,-0.00031189810273383046
B110,c,h057,-0.004608,-0.0009356943082014914
B112,c,h057,-0.001536,-0.00031189810273383046
B118,c,h057,-0.001152,-0.00023392357705037285
B120,c,h057,-0.0026880000000000003,-0.0005458216797842034
B123,c,h057,-0.0026880000000000003,-0.0005458216797842034
B124,c,h057,-0.0026880000000000003,-0.0005458216797842034
B126,b,h057,-0.009600000000000001,-0.0019493631420864407
B130,c,h057,-0.000384,-7.797452568345762e-5
B137,c,h057,-0.016128,-0.00327493007870522
B138,c,h057,-0.000768,-0.00015594905136691523
B139,c,h057,-0.001152,-0.00023392357705037285
B140,c,h057,-0.000384,-7.797452568345762e-5
B145,a,h057,-0.00192,-0.00038987262841728813
B146,a,h057,-0.001152,-0.00023392357705037285
B151,a,h057,-0.000768,-0.00015594905136691523
B154,b,h057,-0.006912,-0.0014035414623022372
B155,b,h057,-0.005376000000000001,-0.0010916433595684067
B157,c,h057,-0.002304,-0.0004678471541007457
B167,c,h057,-0.00192,-0.00038987262841728813
B168,c,h057,-0.001536,-0.00031189810273383046
B169,c,h057,-0.006528,-0.0013255669366187795
B173,b,h057,-0.001536,-0.00031189810273383046
B176,c,h057,-0.014976,-0.0030410065016548467
B177,c,h057,-0.0003839999999999998,-0.0006237962054676609
B178,b,h057,-0.01152,-0.0023392357705037284
B185,c,h057,-0.000384,-7.797452568345762e-5
B187,c,h057,-0.0026880000000000003,-0.0005458216797842034
B188,c,h057,-0.003456,-0.0007017707311511186
B189,c,h057,-0.004992,-0.001013668833884949
B190,a,h057,-0.000384,-7.797452568345762e-5
B199,b,h057,-0.001536,-0.00031189810273383046
B202,a,h057,-0.000768,-0.00015594905136691523
B204,a,h057,-0.006912,-0.0014035414623022372
B222,a,h057,-0.000384,-7.797452568345762e-5
B233,a,h057,-0.0026880000000000003,-0.0005458216797842034
B259,b,h057,-0.00384,-0.0007797452568345763
B269,b,h057,-0.003072,-0.0006237962054676609
B274,b,h057,-0.009216,-0.0018713886164029828
B277,b,h057,-0.001536,-0.00031189810273383046
B279,b,h057,-0.001536,-0.00031189810273383046
B284,b,h057,-0.003072,-0.0006237962054676609
B285,b,h057,-0.008064,-0.00163746503935261
B287,a,h057,-0.003456,-0.0007017707311511186
B296,a,h057,-0.0026880000000000003,-0.0005458216797842034
B13,a,h058,-0.003456,-0.0007017707311511186
B31,a,h058,-0.001152,-0.00023392357705037285
B39,a,h058,-0.004224,-0.0008577197825180339
B55,c,h058,-0.001152,-0.00023392357705037285
B56,c,h058,-0.0026880000000000003,-0.0005458216797842034
B58,c,h058,-0.004608,-0.0009356943082014914
B59,c,h058,-0.000384,-7.797452568345762e-5
B61,c,h058,-0.006144,-0.0012475924109353219
B69,a,h058,0.004224,-0.00031189810273383046
B90,c,h058,-0.003456,-0.0007017707311511186
B99,c,h058,-0.001152,-0.00023392357705037285
B110,c,h058,-0.003456,-0.0007017707311511186
B112,c,h058,-0.001152,-0.00023392357705037285
B118,c,h058,-0.000768,-0.00015594905136691523
B120,c,h058,-0.004992,-0.001013668833884949
B123,c,h058,-0.001152,-0.00023392357705037285
B124,c,h058,-0.001536,-0.00031189810273383046
B126,b,h058,-0.001152,-0.00023392357705037285
B137,c,h058,-0.014208,-0.002885057450287932
B138,c,h058,-0.000768,-0.00015594905136691523
B139,c,h058,-0.00192,-0.00038987262841728813
B140,c,h058,-0.000768,-0.00015594905136691523
B145,a,h058,-0.001536,-0.00031189810273383046
B146,a,h058,-0.002304,-0.0004678471541007457
B151,a,h058,-0.00192,-0.00038987262841728813
B154,b,h058,-0.006528,-0.0013255669366187795
B155,b,h058,-0.005376000000000001,-0.0010916433595684067
B157,c,h058,-0.00192,-0.00038987262841728813
B167,c,h058,-0.001152,-0.00023392357705037285
B168,c,h058,-0.001536,-0.00031189810273383046
B169,c,h058,-0.006912,-0.0014035414623022372
B173,b,h058,-0.001536,-0.00031189810273383046
B176,c,h058,-0.010752,-0.0021832867191368135
B177,c,h058,0.003072,-0.00031189810273383046
B178,b,h058,-0.009216,-0.0018713886164029828
B185,c,h058,-0.000768,-0.00015594905136691523
B187,c,h058,-0.0026880000000000003,-0.0005458216797842034
B188,c,h058,-0.002304,-0.0004678471541007457
B189,c,h058,-0.004992,-0.001013668833884949
B190,a,h058,-0.000384,-7.797452568345762e-5
B199,b,h058,-0.000768,-0.00015594905136691523
B202,a,h058,-0.000768,-0.00015594905136691523
B204,a,h058,-0.004224,-0.0008577197825180339
B222,a,h058,-0.000768,-0.00015594905136691523
B233,a,h058,-0.00384,-0.0007797452568345763
B259,b,h058,-0.003072,-0.0006237962054676609
B268,b,h058,-0.000384,-7.797452568345762e-5
B269,b,h058,-0.001536,-0.00031189810273383046
B274,b,h058,-0.005376000000000001,-0.0010916433595684067
B277,b,h058,-0.00192,-0.00038987262841728813
B279,b,h058,-0.001152,-0.00023392357705037285
B284,b,h058,-0.00768,-0.0015594905136691525
B285,b,h058,-0.003456,-0.0007017707311511186
B287,a,h058,-0.003456,-0.0007017707311511186
B296,a,h058,-0.00576,-0.0011696178852518642
B13,a,h059,-0.0026880000000000003,-0.0005458216797842034
B31,a,h059,-0.000384,-7.797452568345762e-5
B39,a,h059,-0.001152,-0.00023392357705037285
B55,c,h059,-0.001152,-0.00023392357705037285
B56,c,h059,-0.004992,-0.001013668833884949
B58,c,h059,-0.000768,-0.00015594905136691523
B59,c,h059,-0.00192,-0.00038987262841728813
B61,c,h059,-0.00576,-0.0011696178852518642
B69,a,h059,0.011136,-0.0003898726284172882
B90,c,h059,-0.003072,-0.0006237962054676609
B99,c,h059,-0.001152,-0.00023392357705037285
B110,c,h059,-0.004224,-0.0008577197825180339
B112,c,h059,-0.001152,-0.00023392357705037285
B118,c,h059,-0.001152,-0.00023392357705037285
B120,c,h059,-0.003456,-0.0007017707311511186
B123,c,h059,-0.00192,-0.00038987262841728813
B124,c,h059,-0.004608,-0.0009356943082014914
B126,b,h059,-0.000768,-0.00015594905136691523
B137,c,h059,-0.014208,-0.002885057450287932
B138,c,h059,-0.000384,-7.797452568345762e-5
B139,c,h059,-0.000768,-0.00015594905136691523
B140,c,h059,-0.000384,-7.797452568345762e-5
B145,a,h059,-0.003456,-0.0007017707311511186
B146,a,h059,-0.000384,-7.797452568345762e-5
B151,a,h059,-0.008448,-0.0017154395650360679
B154,b,h059,-0.006144,-0.0012475924109353219
B155,b,h059,-0.00576,-0.0011696178852518642
B157,c,h059,-0.002304,-0.0004678471541007457
B167,c,h059,-0.001152,-0.00023392357705037285
B168,c,h059,-0.006912,-0.0014035414623022372
B169,c,h059,-0.006528,-0.0013255669366187795
B173,b,h059,-0.001536,-0.00031189810273383046
B176,c,h059,-0.010367999999999999,-0.0021053121934533556
B177,c,h059,0.009600000000000001,-0.00031189810273383046
B178,b,h059,-0.010752000000000001,-0.0021832867191368135
B185,c,h059,-0.000768,-0.00015594905136691523
B187,c,h059,-0.00768,-0.0015594905136691525
B188,c,h059,-0.002304,-0.0004678471541007457
B189,c,h059,-0.005376,-0.0010916433595684067
B190,a,h059,-0.000384,-7.797452568345762e-5
B199,b,h059,-0.00192,-0.00038987262841728813
B202,a,h059,-0.000384,-7.797452568345762e-5
B204,a,h059,-0.000768,-0.00015594905136691523
B233,a,h059,-0.003072,-0.0006237962054676609
B259,b,h059,-0.003456,-0.0007017707311511186
B268,b,h059,-0.000384,-7.797452568345762e-5
B269,b,h059,-0.0026880000000000003,-0.0005458216797842034
B274,b,h059,-0.007296,-0.0014815159879856949
B277,b,h059,-0.001536,-0.00031189810273383046
B279,b,h059,-0.001152,-0.00023392357705037285
B284,b,h059,-0.0026880000000000003,-0.0005458216797842034
B285,b,h059,-0.011136,-0.002261261244820271
B287,a,h059,-0.003456,-0.0007017707311511186
B296,a,h059,-0.0026880000000000003,-0.0005458216797842034
B13,a,h060,-0.003072,-0.0006237962054676609
B31,a,h060,-0.000384,-7.797452568345762e-5
B39,a,h060,-0.0026880000000000003,-0.0005458216797842034
B55,c,h060,-0.001152,-0.00023392357705037285
B56,c,h060,-0.004992,-0.001013668833884949
B58,c,h060,-0.001152,-0.00023392357705037285
B59,c,h060,-0.00192,-0.00038987262841728813
B61,c,h060,-0.001536,-0.00031189810273383046
B69,a,h060,0.017664,-0.000233923577050373
B90,c,h060,-0.00384,-0.0007797452568345763
B99,c,h060,-0.001152,-0.00023392357705037285
B110,c,h060,-0.003456,-0.0007017707311511186
B112,c,h060,-0.001152,-0.00023392357705037285
B118,c,h060,-0.001152,-0.00023392357705037285
B120,c,h060,-0.0026880000000000003,-0.0005458216797842034
B123,c,h060,-0.00192,-0.00038987262841728813
B124,c,h060,-0.003072,-0.0006237962054676609
B126,b,h060,-0.000384,-7.797452568345762e-5
B130,c,h060,-0.000384,-7.797452568345762e-5
B137,c,h060,-0.01344,-0.0027291083989210165
B138,c,h060,-0.000768,-0.00015594905136691523
B139,c,h060,-0.000384,-7.797452568345762e-5
B140,c,h060,-0.000384,-7.797452568345762e-5
B145,a,h060,-0.002304,-0.0004678471541007457
B146,a,h060,-0.000384,-7.797452568345762e-5
B151,a,h060,-0.003072,-0.0006237962054676609
B154,b,h060,-0.006528,-0.0013255669366187795
B155,b,h060,-0.005376000000000001,-0.0010916433595684067
B157,c,h060,-0.002304,-0.0004678471541007457
B167,c,h060,-0.002304,-0.0004678471541007457
B168,c,h060,-0.00384,-0.0007797452568345763
B169,c,h060,-0.007296,-0.0014815159879856949
B173,b,h060,-0.000768,-0.00015594905136691523
B176,c,h060,-0.01152,-0.0023392357705037284
B177,c,h060,0.012672,-0.0007017707311511186
B178,b,h060,-0.001536,-0.00031189810273383046
B185,c,h060,-0.000384,-7.797452568345762e-5
B187,c,h060,-0.003072,-0.0006237962054676609
B188,c,h060,-0.0026880000000000003,-0.0005458216797842034
B189,c,h060,-0.008832,-0.0017934140907195253
B190,a,h060,-0.000384,-7.797452568345762e-5
B199,b,h060,-0.002304,-0.0004678471541007457
B202,a,h060,-0.001152,-0.00023392357705037285
B204,a,h060,-0.000384,-7.797452568345762e-5
B222,a,h060,-0.000384,-7.797452568345762e-5
B233,a,h060,-0.003072,-0.0006237962054676609
B259,b,h060,-0.003072,-0.0006237962054676609
B269,b,h060,-0.001536,-0.00031189810273383046
B274,b,h060,-0.004608,-0.0009356943082014914
B277,b,h060,-0.001152,-0.00023392357705037285
B279,b,h060,-0.00192,-0.00038987262841728813
B284,b,h060,-0.00192,-0.00038987262841728813
B285,b,h060,-0.0026880000000000003,-0.0005458216797842034
B287,a,h060,-0.003456,-0.0007017707311511186
B296,a,h060,-0.001152,-0.00023392357705037285
B13,a,h061,-0.002304,-0.0004678471541007457
B31,a,h061,-0.000768,-0.00015594905136691523
B39,a,h061,-0.001536,-0.00031189810273383046
B55,c,h061,-0.001152,-0.00023392357705037285
B56,c,h061,-0.004992,-0.001013668833884949
B58,c,h061,-0.001152,-0.00023392357705037285
B59,c,h061,-0.00384,-0.0007797452568345763
B61,c,h061,-0.001152,-0.00023392357705037285
B69,a,h061,0.009216000000000002,-0.00031189810273383046
B90,c,h061,-0.003072,-0.0006237962054676609
B99,c,h061,-0.000768,-0.00015594905136691523
B110,c,h061,-0.004224,-0.0008577197825180339
B112,c,h061,-0.001536,-0.00031189810273383046
B118,c,h061,-0.0026880000000000003,-0.0005458216797842034
B120,c,h061,-0.001152,-0.00023392357705037285
B123,c,h061,-0.001536,-0.00031189810273383046
B124,c,h061,-0.00192,-0.00038987262841728813
B126,b,h061,-0.000768,-0.00015594905136691523
B131,b,h061,-0.000384,-7.797452568345762e-5
B137,c,h061,-0.013824,-0.0028070829246044744
B138,c,h061,-0.000768,-0.00015594905136691523
B139,c,h061,-0.000768,-0.00015594905136691523
B140,c,h061,-0.000768,-0.00015594905136691523
B145,a,h061,-0.003456,-0.0007017707311511186
B146,a,h061,-0.000384,-7.797452568345762e-5
B151,a,h061,-0.003072,-0.0006237962054676609
B154,b,h061,-0.006144,-0.0012475924109353219
B155,b,h061,-0.00576,-0.0011696178852518642
B157,c,h061,-0.00192,-0.00038987262841728813
B167,c,h061,-0.006144,-0.0012475924109353219
B168,c,h061,-0.001536,-0.00031189810273383046
B169,c,h061,-0.007296,-0.0014815159879856949
B173,b,h061,-0.000384,-7.797452568345762e-5
B176,c,h061,-0.011136,-0.002261261244820271
B177,c,h061,0.006528000000000001,-0.0005458216797842033
B178,b,h061,-0.001152,-0.00023392357705037285
B185,c,h061,-0.000384,-7.797452568345762e-5
B187,c,h061,-0.0026880000000000003,-0.0005458216797842034
B188,c,h061,-0.003072,-0.0006237962054676609
B189,c,h061,-0.008448,-0.0017154395650360677
B190,a,h061,-0.000384,-7.797452568345762e-5
B199,b,h061,-0.001536,-0.00031189810273383046
B202,a,h061,-0.000384,-7.797452568345762e-5
B204,a,h061,-0.000768,-0.00015594905136691523
B222,a,h061,-0.000384,-7.797452568345762e-5
B233,a,h061,-0.00204,-0.00041423966769336864
B259,b,h061,-0.0026880000000000003,-0.0005458216797842034
B268,b,h061,-0.000384,-7.797452568345762e-5
B269,b,h061,-0.001536,-0.00031189810273383046
B274,b,h061,-0.00576,-0.0011696178852518642
B277,b,h061,-0.001152,-0.00023392357705037285
B279,b,h061,-0.001152,-0.00023392357705037285
B284,b,h061,-0.002304,-0.0004678471541007457
B285,b,h061,-0.00384,-0.0007797452568345763
B287,a,h061,-0.00384,-0.0007797452568345763
B296,a,h061,-0.001536,-0.00031189810273383046
B13,a,h062,-0.001536,-0.00031189810273383046
B31,a,h062,-0.000384,-7.797452568345762e-5
B39,a,h062,-0.001152,-0.00023392357705037285
B55,c,h062,-0.001152,-0.00023392357705037285
B56,c,h062,-0.004992,-0.001013668833884949
B58,c,h062,-0.001536,-0.00031189810273383046
B59,c,h062,-0.003072,-0.0006237962054676609
B61,c,h062,-0.001152,-0.00023392357705037285
B69,a,h062,0.004992,-0.0005458216797842034
B90,c,h062,-0.003072,-0.0006237962054676609
B99,c,h062,-0.000768,-0.00015594905136691523
B110,c,h062,-0.003456,-0.0007017707311511186
B112,c,h062,-0.001152,-0.00023392357705037285
B118,c,h062,-0.002304,-0.0004678471541007457
B120,c,h062,-0.004608,-0.0009356943082014914
B123,c,h062,-0.001152,-0.00023392357705037285
B124,c,h062,-0.001536,-0.00031189810273383046
B126,b,h062,-0.000384,-7.797452568345762e-5
B137,c,h062,-0.012288,-0.0024951848218706437
B138,c,h062,-0.00192,-0.00038987262841728813
B139,c,h062,-0.002304,-0.0004678471541007457
B140,c,h062,-0.001152,-0.00023392357705037285
B145,a,h062,-0.001536,-0.00031189810273383046
B146,a,h062,-0.00192,-0.00038987262841728813
B151,a,h062,-0.00384,-0.0007797452568345763
B154,b,h062,-0.004608,-0.0009356943082014914
B155,b,h062,-0.00576,-0.0011696178852518642
B157,c,h062,-0.00192,-0.00038987262841728813
B167,c,h062,-0.005376000000000001,-0.0010916433595684067
B168,c,h062,-0.001536,-0.00031189810273383046
B169,c,h062,-0.006912,-0.0014035414623022372
B173,b,h062,-0.001536,-0.00031189810273383046
B176,c,h062,-0.010752000000000001,-0.002183286719136813
B177,c,h062,0.004608000000000001,-0.0002339235770503728
B178,b,h062,-0.00384,-0.0007797452568345763
B185,c,h062,-0.000768,-0.00015594905136691523
B187,c,h062,-0.003456,-0.0007017707311511186
B188,c,h062,-0.00384,-0.0007797452568345763
B189,c,h062,-0.0096,-0.0019493631420864407
B190,a,h062,-0.000384,-7.797452568345762e-5
B199,b,h062,-0.000768,-0.00015594905136691523
B202,a,h062,-0.000768,-0.00015594905136691523
B204,a,h062,-0.000768,-0.00015594905136691523
B222,a,h062,-0.000384,-7.797452568345762e-5
B233,a,h062,-0.0026880000000000003,-0.0005458216797842034
B259,b,h062,-0.0026880000000000003,-0.0005458216797842034
B268,b,h062,-0.000384,-7.797452568345762e-5
B269,b,h062,-0.004224,-0.0008577197825180339
B274,b,h062,-0.00576,-0.0011696178852518642
B277,b,h062,-0.001536,-0.00031189810273383046
B279,b,h062,-0.00192,-0.00038987262841728813
B284,b,h062,-0.002304,-0.0004678471541007457
B285,b,h062,-0.001536,-0.00031189810273383046
B287,a,h062,-0.003456,-0.0007017707311511186
B296,a,h062,-0.001152,-0.00023392357705037285
B13,a,h063,-0.003456,-0.0007017707311511186
B31,a,h063,-0.000384,-7.797452568345762e-5
B39,a,h063,-0.0026880000000000003,-0.0005458216797842034
B55,c,h063,-0.001152,-0.00023392357705037285
B56,c,h063,-0.003456,-0.0007017707311511186
B58,c,h063,-0.001536,-0.00031189810273383046
B59,c,h063,-0.003072,-0.0006237962054676609
B61,c,h063,-0.00192,-0.00038987262841728813
B69,a,h063,0.003456,-0.0003898726284172882
B90,c,h063,-0.005376000000000001,-0.0010916433595684067
B99,c,h063,-0.001152,-0.00023392357705037285
B110,c,h063,-0.004608,-0.0009356943082014914
B112,c,h063,-0.001152,-0.00023392357705037285
B118,c,h063,-0.001536,-0.00031189810273383046
B120,c,h063,-0.00576,-0.0011696178852518642
B123,c,h063,-0.001152,-0.00023392357705037285
B124,c,h063,-0.00384,-0.0007797452568345763
B126,b,h063,-0.000768,-0.00015594905136691523
B130,c,h063,-0.000384,-7.797452568345762e-5
B137,c,h063,-0.01152,-0.0023392357705037284
B138,c,h063,-0.000768,-0.00015594905136691523
B139,c,h063,-0.002304,-0.0004678471541007457
B140,c,h063,-0.000768,-0.00015594905136691523
B145,a,h063,-0.001536,-0.00031189810273383046
B146,a,h063,-0.000768,-0.00015594905136691523
B151,a,h063,-0.003072,-0.0006237962054676609
B154,b,h063,-0.005376000000000001,-0.0010916433595684067
B155,b,h063,-0.00576,-0.0011696178852518642
B157,c,h063,-0.002304,-0.0004678471541007457
B167,c,h063,-0.001152,-0.00023392357705037285
B168,c,h063,-0.001152,-0.00023392357705037285
B169,c,h063,-0.00768,-0.0015594905136691525
B173,b,h063,-0.00768,-0.0015594905136691525
B176,c,h063,-0.010367999999999999,-0.0021053121934533556
B177,c,h063,0.0026880000000000007,-0.0003118981027338304
B178,b,h063,-0.004224,-0.0008577197825180339
B185,c,h063,-0.000384,-7.797452568345762e-5
B187,c,h063,-0.003072,-0.0006237962054676609
B188,c,h063,-0.0026880000000000003,-0.0005458216797842034
B189,c,h063,-0.008448,-0.0017154395650360677
B190,a,h063,-0.000768,-0.00015594905136691523
B199,b,h063,-0.003072,-0.0006237962054676609
B202,a,h063,-0.000384,-7.797452568345762e-5
B204,a,h063,-0.000768,-0.00015594905136691523
B222,a,h063,-0.000384,-7.797452568345762e-5
B233,a,h063,-0.003456,-0.0007017707311511186
B259,b,h063,-0.0026880000000000003,-0.0005458216797842034
B268,b,h063,-0.000384,-7.797452568345762e-5
B269,b,h063,-0.0026880000000000003,-0.0005458216797842034
B274,b,h063,-0.004608,-0.0009356943082014914
B277,b,h063,-0.00192,-0.00038987262841728813
B279,b,h063,-0.001152,-0.00023392357705037285
B284,b,h063,-0.002304,-0.0004678471541007457
B285,b,h063,-0.0026880000000000003,-0.0005458216797842034
B287,a,h063,-0.003456,-0.0007017707311511186
B296,a,h063,-0.001536,-0.00031189810273383046
B13,a,h064,-0.003072,-0.0006237962054676609
B31,a,h064,-0.000768,-0.00015594905136691523
B39,a,h064,-0.001152,-0.00023392357705037285
B55,c,h064,-0.001152,-0.00023392357705037285
B56,c,h064,-0.001536,-0.00031189810273383046
B58,c,h064,-0.001536,-0.00031189810273383046
B59,c,h064,-0.001152,-0.00023392357705037285
B61,c,h064,-0.003072,-0.0006237962054676609
B69,a,h064,0.000768,-0.00031189810273383046
B90,c,h064,-0.003456,-0.0007017707311511186
B99,c,h064,-0.001152,-0.00023392357705037285
B110,c,h064,-0.004992,-0.001013668833884949
B112,c,h064,-0.001536,-0.00031189810273383046
B118,c,h064,-0.001536,-0.00031189810273383046
B120,c,h064,-0.004224,-0.0008577197825180339
B123,c,h064,-0.001152,-0.00023392357705037285
B124,c,h064,-0.0026880000000000003,-0.0005458216797842034
B126,b,h064,-0.001152,-0.00023392357705037285
B130,c,h064,-0.001152,-0.00023392357705037285
B137,c,h064,-0.011904,-0.0024172102961871863
B138,c,h064,-0.001536,-0.00031189810273383046
B139,c,h064,-0.000768,-0.00015594905136691523
B140,c,h064,-0.00576,-0.0011696178852518642
B145,a,h064,-0.0026880000000000003,-0.0005458216797842034
B146,a,h064,-0.000384,-7.797452568345762e-5
B151,a,h064,-0.004224,-0.0008577197825180339
B154,b,h064,-0.004608,-0.0009356943082014914
B155,b,h064,-0.00576,-0.0011696178852518642
B157,c,h064,-0.00192,-0.00038987262841728813
B167,c,h064,-0.000768,-0.00015594905136691523
B168,c,h064,-0.001152,-0.00023392357705037285
B169,c,h064,-0.006528,-0.0013255669366187795
B173,b,h064,-0.006144,-0.0012475924109353219
B176,c,h064,-0.010368,-0.0021053121934533556
B177,c,h064,-0.001152,-0.0006237962054676609
B178,b,h064,-0.00384,-0.0007797452568345763
B185,c,h064,-0.000768,-0.00015594905136691523
B187,c,h064,-0.00576,-0.0011696178852518642
B188,c,h064,-0.0026880000000000003,-0.0005458216797842034
B189,c,h064,-0.004992,-0.001013668833884949
B190,a,h064,-0.000384,-7.797452568345762e-5
B199,b,h064,-0.002304,-0.0004678471541007457
B202,a,h064,-0.000768,-0.00015594905136691523
B204,a,h064,-0.000384,-7.797452568345762e-5
B222,a,h064,-0.000384,-7.797452568345762e-5
B233,a,h064,-0.003072,-0.0006237962054676609
B259,b,h064,-0.0026880000000000003,-0.0005458216797842034
B269,b,h064,-0.001536,-0.00031189810273383046
B274,b,h064,-0.006144,-0.0012475924109353219
B277,b,h064,-0.003072,-0.0006237962054676609
B279,b,h064,-0.001536,-0.00031189810273383046
B284,b,h064,-0.004224,-0.0008577197825180339
B285,b,h064,-0.003072,-0.0006237962054676609
B287,a,h064,-0.003456,-0.0007017707311511186
B296,a,h064,-0.00192,-0.00038987262841728813
B13,a,h065,-0.003072,-0.0006237962054676609
B31,a,h065,-0.000384,-7.797452568345762e-5
B39,a,h065,-0.001536,-0.00031189810273383046
B55,c,h065,-0.001152,-0.00023392357705037285
B56,c,h065,-0.00192,-0.00038987262841728813
B58,c,h065,-0.000768,-0.00015594905136691523
B59,c,h065,-0.000768,-0.00015594905136691523
B61,c,h065,-0.00384,-0.0007797452568345763
B69,a,h065,-0.000384,-0.0004678471541007457
B90,c,h065,-0.00768,-0.0015594905136691525
B99,c,h065,-0.000384,-7.797452568345762e-5
B110,c,h065,-0.003456,-0.0007017707311511186
B112,c,h065,-0.001536,-0.00031189810273383046
B118,c,h065,-0.001152,-0.00023392357705037285
B120,c,h065,-0.003456,-0.0007017707311511186
B123,c,h065,-0.0026880000000000003,-0.0005458216797842034
B124,c,h065,-0.003072,-0.0006237962054676609
B126,b,h065,-0.000384,-7.797452568345762e-5
B130,c,h065,-0.001152,-0.00023392357705037285
B137,c,h065,-0.004608,-0.0009356943082014914
B138,c,h065,-0.003456,-0.0007017707311511186
B139,c,h065,-0.0026880000000000003,-0.0005458216797842034
B140,c,h065,-0.004608,-0.0009356943082014914
B145,a,h065,-0.001536,-0.00031189810273383046
B146,a,h065,-0.000768,-0.00015594905136691523
B151,a,h065,-0.004608,-0.0009356943082014914
B154,b,h065,-0.005376000000000001,-0.0010916433595684067
B155,b,h065,-0.006144,-0.0012475924109353219
B157,c,h065,-0.0026880000000000003,-0.0005458216797842034
B167,c,h065,-0.001152,-0.00023392357705037285
B168,c,h065,-0.001536,-0.00031189810273383046
B169,c,h065,-0.007296,-0.0014815159879856949
B173,b,h065,-0.00192,-0.00038987262841728813
B176,c,h065,-0.01152,-0.0023392357705037284
B177,c,h065,-0.006528,-0.00163746503935261
B178,b,h065,-0.001536,-0.00031189810273383046
B185,c,h065,-0.000384,-7.797452568345762e-5
B187,c,h065,-0.003456,-0.0007017707311511186
B188,c,h065,-0.004224,-0.0008577197825180339
B189,c,h065,-0.007296,-0.0014815159879856946
B190,a,h065,-0.000384,-7.797452568345762e-5
B199,b,h065,-0.002304,-0.0004678471541007457
B202,a,h065,-0.000768,-0.00015594905136691523
B204,a,h065,-0.001152,-0.00023392357705037285
B222,a,h065,-0.000384,-7.797452568345762e-5
B233,a,h065,-0.003456,-0.0007017707311511186
B259,b,h065,-0.003072,-0.0006237962054676609
B268,b,h065,-0.000384,-7.797452568345762e-5
B269,b,h065,-0.002304,-0.0004678471541007457
B274,b,h065,-0.009216,-0.0018713886164029828
B277,b,h065,-0.003456,-0.0007017707311511186
B279,b,h065,-0.001152,-0.00023392357705037285
B284,b,h065,-0.0026880000000000003,-0.0005458216797842034
B285,b,h065,-0.00384,-0.0007797452568345763
B287,a,h065,-0.003456,-0.0007017707311511186
B296,a,h065,-0.0026880000000000003,-0.0005458216797842034
B13,a,h066,-0.0026880000000000003,-0.0005458216797842034
B31,a,h066,-0.003072,-0.0006237962054676609
B39,a,h066,-0.002304,-0.0004678471541007457
B55,c,h066,-0.00192,-0.00038987262841728813
B56,c,h066,-0.009600000000000001,-0.0019493631420864407
B58,c,h066,-0.001152,-0.00023392357705037285
B59,c,h066,-0.000768,-0.00015594905136691523
B61,c,h066,-0.002304,-0.0004678471541007457
B69,a,h066,-0.001152,-0.00038987262841728813
B90,c,h066,-0.00384,-0.0007797452568345763
B99,c,h066,-0.001536,-0.00031189810273383046
B110,c,h066,-0.003456,-0.0007017707311511186
B112,c,h066,-0.001536,-0.00031189810273383046
B118,c,h066,-0.00192,-0.00038987262841728813
B120,c,h066,-0.00192,-0.00038987262841728813
B123,c,h066,-0.003072,-0.0006237962054676609
B124,c,h066,-0.003456,-0.0007017707311511186
B126,b,h066,-0.000768,-0.00015594905136691523
B130,c,h066,-0.001152,-0.00023392357705037285
B137,c,h066,-0.002304,-0.0004678471541007457
B138,c,h066,-0.006912,-0.0014035414623022372
B139,c,h066,-0.003072,-0.0006237962054676609
B140,c,h066,-0.00576,-0.0011696178852518642
B145,a,h066,-0.00384,-0.0007797452568345763
B146,a,h066,-0.001536,-0.00031189810273383046
B151,a,h066,-0.006912,-0.0014035414623022372
B154,b,h066,-0.004608,-0.0009356943082014914
B155,b,h066,-0.00576,-0.0011696178852518642
B157,c,h066,-0.00192,-0.00038987262841728813
B167,c,h066,-0.001152,-0.00023392357705037285
B168,c,h066,-0.001152,-0.00023392357705037285
B169,c,h066,-0.007296,-0.0014815159879856949
B173,b,h066,-0.00384,-0.0007797452568345763
B176,c,h066,-0.010367999999999999,-0.0021053121934533556
B177,c,h066,-0.003072,-0.0007017707311511186
B178,b,h066,-0.008064,-0.00163746503935261
B185,c,h066,-0.001152,-0.00023392357705037285
B187,c,h066,-0.02688,-0.005458216797842033
B188,c,h066,-0.004608,-0.0009356943082014914
B189,c,h066,-0.007679999999999999,-0.0015594905136691525
B190,a,h066,-0.000384,-7.797452568345762e-5
B199,b,h066,-0.004224,-0.0008577197825180339
B202,a,h066,-0.000768,-0.00015594905136691523
B204,a,h066,-0.000768,-0.00015594905136691523
B222,a,h066,-0.000768,-0.00015594905136691523
B233,a,h066,-0.003456,-0.0007017707311511186
B259,b,h066,-0.00384,-0.0007797452568345763
B268,b,h066,-0.000384,-7.797452568345762e-5
B269,b,h066,-0.006528,-0.0013255669366187795
B274,b,h066,-0.004992,-0.001013668833884949
B277,b,h066,-0.002304,-0.0004678471541007457
B279,b,h066,-0.001536,-0.00031189810273383046
B284,b,h066,-0.0026880000000000003,-0.0005458216797842034
B285,b,h066,-0.027264,-0.005536191323525491
B287,a,h066,-0.003456,-0.0007017707311511186
B296,a,h066,-0.002304,-0.0004678471541007457
B13,a,h067,-0.0026880000000000003,-0.0005458216797842034
B31,a,h067,-0.001728,-0.0003508853655755593
B39,a,h067,-0.001536,-0.00031189810273383046
B55,c,h067,-0.003456,-0.0007017707311511186
B56,c,h067,-0.011136,-0.002261261244820271
B58,c,h067,-0.001536,-0.00031189810273383046
B59,c,h067,-0.002304,-0.0004678471541007457
B61,c,h067,-0.00192,-0.00038987262841728813
B69,a,h067,-0.00192,-0.0004678471541007457
B90,c,h067,-0.006912,-0.0014035414623022372
B99,c,h067,-0.001152,-0.00023392357705037285
B110,c,h067,-0.004608,-0.0009356943082014914
B112,c,h067,-0.001152,-0.00023392357705037285
B118,c,h067,-0.004992,-0.001013668833884949
B120,c,h067,-0.002304,-0.0004678471541007457
B123,c,h067,-0.0026880000000000003,-0.0005458216797842034
B124,c,h067,-0.002304,-0.0004678471541007457
B126,b,h067,-0.002592,-0.0005263280483633389
B130,c,h067,-0.000768,-0.00015594905136691523
B137,c,h067,-0.0026880000000000003,-0.0005458216797842034
B138,c,h067,-0.004224,-0.0008577197825180339
B139,c,h067,-0.000768,-0.00015594905136691523
B140,c,h067,-0.006912,-0.0014035414623022372
B145,a,h067,-0.00384,-0.0007797452568345763
B146,a,h067,-0.002304,-0.0004678471541007457
B151,a,h067,-0.00192,-0.00038987262841728813
B154,b,h067,-0.00768,-0.0015594905136691525
B155,b,h067,-0.00636,-0.0012914530816322668
B157,c,h067,-0.0026880000000000003,-0.0005458216797842034
B167,c,h067,-0.001152,-0.00023392357705037285
B168,c,h067,-0.00192,-0.00038987262841728813
B169,c,h067,-0.006144,-0.0012475924109353219
B173,b,h067,-0.000384,-7.797452568345762e-5
B176,c,h067,-0.014208,-0.002885057450287932
B177,c,h067,-0.003456,-0.0007017707311511186
B178,b,h067,-0.008832,-0.0017934140907195253
B185,c,h067,-0.000384,-7.797452568345762e-5
B187,c,h067,-0.015744,-0.0031969555530217625
B188,c,h067,-0.00384,-0.0007797452568345763
B189,c,h067,-0.005376,-0.0010916433595684067
B190,a,h067,-0.000768,-0.00015594905136691523
B199,b,h067,-0.00384,-0.0007797452568345763
B202,a,h067,-0.000384,-7.797452568345762e-5
B204,a,h067,-0.000768,-0.00015594905136691523
B222,a,h067,-0.000384,-7.797452568345762e-5
B233,a,h067,-0.0026880000000000003,-0.0005458216797842034
B259,b,h067,-0.004344,-0.0008820868217941143
B268,b,h067,-0.000384,-7.797452568345762e-5
B269,b,h067,-0.006792,-0.0013791744230261566
B274,b,h067,-0.00492,-0.0009990486103193007
B277,b,h067,-0.002832,-0.0005750621269155
B279,b,h067,-0.00192,-0.00038987262841728813
B284,b,h067,-0.003072,-0.0006237962054676609
B285,b,h067,-0.018048,-0.0036648027071225085
B287,a,h067,-0.003456,-0.0007017707311511186
B296,a,h067,-0.001536,-0.00031189810273383046
B13,a,h068,-0.0026880000000000003,-0.0005458216797842034
B31,a,h068,-0.000384,-7.797452568345762e-5
B39,a,h068,-0.001536,-0.00031189810273383046
B55,c,h068,-0.004224,-0.0008577197825180339
B56,c,h068,-0.005064,-0.0010282890574505974
B58,c,h068,-0.000768,-0.00015594905136691523
B59,c,h068,-0.002904,-0.0005896823504811482
B61,c,h068,-0.002304,-0.0004678471541007457
B69,a,h068,-0.002304,-0.0004678471541007457
B90,c,h068,-0.00768,-0.0015594905136691525
B99,c,h068,-0.001152,-0.00023392357705037285
B110,c,h068,-0.00192,-0.00038987262841728813
B112,c,h068,-0.00192,-0.00038987262841728813
B118,c,h068,-0.001536,-0.00031189810273383046
B120,c,h068,-0.001536,-0.00031189810273383046
B123,c,h068,-0.004224,-0.0008577197825180339
B124,c,h068,-0.002304,-0.0004678471541007457
B126,b,h068,-0.001536,-0.00031189810273383046
B130,c,h068,-0.001152,-0.00023392357705037285
B137,c,h068,-0.002304,-0.0004678471541007457
B138,c,h068,-0.001728,-0.0003508853655755593
B139,c,h068,-0.001536,-0.00031189810273383046
B140,c,h068,-0.008424000000000001,-0.0017105661571808514
B145,a,h068,-0.00192,-0.00038987262841728813
B146,a,h068,-0.00192,-0.00038987262841728813
B151,a,h068,-0.001536,-0.00031189810273383046
B154,b,h068,-0.006528,-0.0013255669366187795
B155,b,h068,-0.00576,-0.0011696178852518642
B157,c,h068,-0.002088,-0.00042398648340380077
B167,c,h068,-0.001056,-0.00021442994562950848
B168,c,h068,-0.001536,-0.00031189810273383046
B169,c,h068,-0.00336,-0.0006822770997302541
B173,b,h068,-0.002304,-0.0004678471541007457
B176,c,h068,-0.010608000000000001,-0.002154046272005517
B177,c,h068,-0.001536,-0.00031189810273383046
B178,b,h068,-0.0053040000000000006,-0.0010770231360027584
B185,c,h068,-0.000768,-0.00015594905136691523
B187,c,h068,-0.026112,-0.005302267746475118
B188,c,h068,-0.003888,-0.0007894920725450083
B189,c,h068,-0.014496,-0.002943538344550525
B190,a,h068,-0.000384,-7.797452568345762e-5
B199,b,h068,-0.002304,-0.0004678471541007457
B202,a,h068,-0.000768,-0.00015594905136691523
B204,a,h068,-0.001152,-0.00023392357705037285
B222,a,h068,-0.000384,-7.797452568345762e-5
B233,a,h068,-0.003456,-0.0007017707311511186
B259,b,h068,-0.004992,-0.001013668833884949
B268,b,h068,-0.000384,-7.797452568345762e-5
B269,b,h068,-0.00384,-0.0007797452568345763
B274,b,h068,-0.007296,-0.0014815159879856949
B277,b,h068,-0.00192,-0.00038987262841728813
B279,b,h068,-0.00192,-0.00038987262841728813
B284,b,h068,-0.003072,-0.0006237962054676609
B285,b,h068,-0.015024000000000001,-0.0030507533173652793
B287,a,h068,-0.001128,-0.00022905016919515678
B296,a,h068,-0.005544,-0.0011257572145549194
B13,a,h069,-0.002304,-0.0004678471541007457
B31,a,h069,-0.000768,-0.00015594905136691523
B39,a,h069,-0.0026880000000000003,-0.0005458216797842034
B55,c,h069,-0.00984,-0.0019980972206386015
B56,c,h069,-0.002304,-0.0004678471541007457
B58,c,h069,-0.000576,-0.00011696178852518642
B59,c,h069,-0.001152,-0.00023392357705037285
B61,c,h069,-0.001488,-0.0003021512870233983
B69,a,h069,-0.001416,-0.00028753106345775
B90,c,h069,-0.002784,-0.0005653153112050677
B99,c,h069,-0.001968,-0.0003996194441277203
B110,c,h069,-0.004992,-0.001013668833884949
B112,c,h069,-0.00036,-7.310111782824151e-5
B118,c,h069,-0.001728,-0.0003508853655755593
B120,c,h069,-0.000696,-0.00014132882780126693
B123,c,h069,-0.0025440000000000003,-0.0005165812326529067
B124,c,h069,-0.005544,-0.0011257572145549194
B126,b,h069,-0.001152,-0.00023392357705037285
B130,c,h069,-0.00348,-0.0007066441390063347
B137,c,h069,-0.002664,-0.0005409482719289872
B138,c,h069,-0.003456,-0.0007017707311511186
B139,c,h069,-0.000816,-0.00016569586707734744
B140,c,h069,-0.005376000000000001,-0.0010916433595684067
B145,a,h069,-0.003072,-0.0006237962054676609
B146,a,h069,-0.004608,-0.0009356943082014914
B151,a,h069,-0.0026880000000000003,-0.0005458216797842034
B154,b,h069,-0.006528,-0.0013255669366187795
B155,b,h069,-0.00576,-0.0011696178852518642
B157,c,h069,-0.003072,-0.0006237962054676609
B167,c,h069,-0.001152,-0.00023392357705037285
B168,c,h069,-0.001152,-0.00023392357705037285
B169,c,h069,-0.00576,-0.0011696178852518642
B173,b,h069,-0.002304,-0.0004678471541007457
B176,c,h069,-0.011136,-0.002261261244820271
B177,c,h069,-0.003768,-0.0007651250332689279
B178,b,h069,-0.002304,-0.0004678471541007457
B185,c,h069,-0.000768,-0.00015594905136691523
B187,c,h069,-0.012672000000000001,-0.002573159347554101
B188,c,h069,-0.0026880000000000003,-0.0005458216797842034
B189,c,h069,-0.009600000000000001,-0.0019493631420864407
B190,a,h069,-0.001152,-0.00023392357705037285
B199,b,h069,-0.00348,-0.0007066441390063347
B202,a,h069,-0.000768,-0.00015594905136691523
B204,a,h069,-0.006144,-0.0012475924109353219
B222,a,h069,-0.000768,-0.00015594905136691523
B233,a,h069,-0.003072,-0.0006237962054676609
B259,b,h069,-0.004224,-0.0008577197825180339
B268,b,h069,-0.000384,-7.797452568345762e-5
B269,b,h069,-0.003072,-0.0006237962054676609
B274,b,h069,-0.006912,-0.0014035414623022372
B277,b,h069,-0.001536,-0.00031189810273383046
B279,b,h069,-0.001728,-0.0003508853655755593
B284,b,h069,-0.000192,-3.898726284172881e-5
B285,b,h069,-0.003072,-0.0006237962054676609
B287,a,h069,-0.003456,-0.0007017707311511186
B296,a,h069,-0.00384,-0.0007797452568345763
B13,a,h070,-0.002304,-0.0004678471541007457
B31,a,h070,-0.000384,-7.797452568345762e-5
B39,a,h070,-0.001536,-0.00031189810273383046
B55,c,h070,-0.00384,-0.0007797452568345763
B56,c,h070,-0.00576,-0.0011696178852518642
B58,c,h070,-0.000384,-7.797452568345762e-5
B59,c,h070,-0.001152,-0.00023392357705037285
B61,c,h070,-0.00192,-0.00038987262841728813
B69,a,h070,-0.002304,-0.0004678471541007457
B90,c,h070,-0.00384,-0.0007797452568345763
B99,c,h070,-0.003072,-0.0006237962054676609
B110,c,h070,-0.003072,-0.0006237962054676609
B112,c,h070,-0.002304,-0.0004678471541007457
B118,c,h070,-0.00192,-0.00038987262841728813
B120,c,h070,-0.000768,-0.00015594905136691523
B123,c,h070,-0.002304,-0.0004678471541007457
B124,c,h070,-0.002304,-0.0004678471541007457
B126,b,h070,-0.001536,-0.00031189810273383046
B130,c,h070,-0.000768,-0.00015594905136691523
B137,c,h070,-0.002304,-0.0004678471541007457
B138,c,h070,-0.001536,-0.00031189810273383046
B139,c,h070,-0.001152,-0.00023392357705037285
B140,c,h070,-0.004608,-0.0009356943082014914
B145,a,h070,-0.002304,-0.0004678471541007457
B146,a,h070,-0.006912,-0.0014035414623022372
B151,a,h070,-0.001536,-0.00031189810273383046
B154,b,h070,-0.00768,-0.0015594905136691525
B155,b,h070,-0.00576,-0.0011696178852518642
B157,c,h070,-0.0026880000000000003,-0.0005458216797842034
B167,c,h070,-0.001152,-0.00023392357705037285
B168,c,h070,-0.001536,-0.00031189810273383046
B169,c,h070,-0.004224,-0.0008577197825180339
B173,b,h070,-0.00192,-0.00038987262841728813
B176,c,h070,-0.00192,-0.00038987262841728813
B177,c,h070,-0.003072,-0.0006237962054676609
B178,b,h070,-0.001152,-0.00023392357705037285
B185,c,h070,-0.001152,-0.00023392357705037285
B187,c,h070,-0.019968,-0.004054675335539796
B188,c,h070,-0.0026880000000000003,-0.0005458216797842034
B189,c,h070,-0.009600000000000001,-0.0019493631420864405
B190,a,h070,-0.000768,-0.00015594905136691523
B199,b,h070,-0.003456,-0.0007017707311511186
B202,a,h070,-0.000768,-0.00015594905136691523
B204,a,h070,-0.008064,-0.00163746503935261
B222,a,h070,-0.000384,-7.797452568345762e-5
B233,a,h070,-0.0026880000000000003,-0.0005458216797842034
B259,b,h070,-0.00384,-0.0007797452568345763
B268,b,h070,-0.000384,-7.797452568345762e-5
B269,b,h070,-0.001536,-0.00031189810273383046
B274,b,h070,-0.006528,-0.0013255669366187795
B277,b,h070,-0.001152,-0.00023392357705037285
B279,b,h070,-0.001536,-0.00031189810273383046
B284,b,h070,-0.00768,-0.0015594905136691525
B285,b,h070,-0.001536,-0.00031189810273383046
B287,a,h070,-0.003456,-0.0007017707311511186
B296,a,h070,-0.0026880000000000003,-0.0005458216797842034
B13,a,h071,-0.001536,-0.00031189810273383046
B31,a,h071,-0.000768,-0.00015594905136691523
B39,a,h071,-0.001152,-0.00023392357705037285
B55,c,h071,-0.004224,-0.0008577197825180339
B56,c,h071,-0.003072,-0.0006237962054676609
B58,c,h071,-0.000384,-7.797452568345762e-5
B59,c,h071,-0.001152,-0.00023392357705037285
B61,c,h071,-0.00192,-0.00038987262841728813
B69,a,h071,-0.001152,-0.00023392357705037285
B90,c,h071,-0.004608,-0.0009356943082014914
B99,c,h071,-0.001536,-0.00031189810273383046
B110,c,h071,-0.004608,-0.0009356943082014914
B112,c,h071,-0.00192,-0.00038987262841728813
B118,c,h071,-0.001536,-0.00031189810273383046
B120,c,h071,-0.000768,-0.00015594905136691523
B123,c,h071,-0.001536,-0.00031189810273383046
B124,c,h071,-0.00192,-0.00038987262841728813
B126,b,h071,-0.000768,-0.00015594905136691523
B130,c,h071,-0.000768,-0.00015594905136691523
B137,c,h071,-0.003456,-0.0007017707311511186
B138,c,h071,-0.002304,-0.0004678471541007457
B139,c,h071,-0.002304,-0.0004678471541007457
B140,c,h071,-0.00768,-0.0015594905136691525
B145,a,h071,-0.001536,-0.00031189810273383046
B146,a,h071,-0.002304,-0.0004678471541007457
B151,a,h071,-0.0026880000000000003,-0.0005458216797842034
B154,b,h071,-0.00768,-0.0015594905136691525
B155,b,h071,-0.00576,-0.0011696178852518642
B157,c,h071,-0.003072,-0.0006237962054676609
B167,c,h071,-0.000768,-0.00015594905136691523
B168,c,h071,-0.000768,-0.00015594905136691523
B169,c,h071,-0.0026880000000000003,-0.0005458216797842034
B173,b,h071,-0.002304,-0.0004678471541007457
B176,c,h071,-0.002304,-0.00046784715410074575
B177,c,h071,-0.00192,-0.00031189810273383046
B178,b,h071,-0.000768,-0.00015594905136691523
B185,c,h071,-0.000768,-0.00015594905136691523
B187,c,h071,-0.029952,-0.006082013003309694
B188,c,h071,-0.0026880000000000003,-0.0005458216797842034
B189,c,h071,-0.008832,-0.0017934140907195253
B190,a,h071,-0.001152,-0.00023392357705037285
B199,b,h071,-0.007296,-0.0014815159879856949
B202,a,h071,-0.000384,-7.797452568345762e-5
B204,a,h071,-0.008064,-0.00163746503935261
B222,a,h071,-0.000384,-7.797452568345762e-5
B233,a,h071,-0.003456,-0.0007017707311511186
B259,b,h071,-0.002304,-0.0004678471541007457
B268,b,h071,-0.000384,-7.797452568345762e-5
B269,b,h071,-0.001152,-0.00023392357705037285
B274,b,h071,-0.008832,-0.0017934140907195253
B277,b,h071,-0.001152,-0.00023392357705037285
B279,b,h071,-0.001152,-0.00023392357705037285
B284,b,h071,-0.00192,-0.00038987262841728813
B285,b,h071,-0.003072,-0.0006237962054676609
B287,a,h071,-0.00384,-0.0007797452568345763
B296,a,h071,-0.003072,-0.0006237962054676609
B13,a,h072,-0.001536,-0.00031189810273383046
B31,a,h072,-0.000768,-0.00015594905136691523
B39,a,h072,-0.001536,-0.00031189810273383046
B55,c,h072,-0.0026880000000000003,-0.0005458216797842034
B56,c,h072,-0.001152,-0.00023392357705037285
B58,c,h072,-0.000768,-0.00015594905136691523
B59,c,h072,-0.001152,-0.00023392357705037285
B61,c,h072,-0.001536,-0.00031189810273383046
B69,a,h072,-0.001536,-0.00031189810273383046
B90,c,h072,-0.004224,-0.0008577197825180339
B99,c,h072,-0.001536,-0.00031189810273383046
B110,c,h072,-0.00384,-0.0007797452568345763
B112,c,h072,-0.001152,-0.00023392357705037285
B118,c,h072,-0.001536,-0.00031189810273383046
B120,c,h072,-0.0026880000000000003,-0.0005458216797842034
B123,c,h072,-0.001152,-0.00023392357705037285
B124,c,h072,-0.001536,-0.00031189810273383046
B126,b,h072,-0.001152,-0.00023392357705037285
B130,c,h072,-0.000768,-0.00015594905136691523
B131,b,h072,-0.000384,-7.797452568345762e-5
B137,c,h072,-0.0026880000000000003,-0.0005458216797842034
B138,c,h072,-0.00192,-0.00038987262841728813
B139,c,h072,-0.000768,-0.00015594905136691523
B140,c,h072,-0.009216,-0.0018713886164029828
B145,a,h072,-0.001152,-0.00023392357705037285
B146,a,h072,-0.000768,-0.00015594905136691523
B151,a,h072,-0.002304,-0.0004678471541007457
B154,b,h072,-0.008448,-0.0017154395650360679
B155,b,h072,-0.005376000000000001,-0.0010916433595684067
B157,c,h072,-0.002304,-0.0004678471541007457
B167,c,h072,-0.000768,-0.00015594905136691523
B168,c,h072,-0.000768,-0.00015594905136691523
B169,c,h072,-0.003456,-0.0007017707311511186
B173,b,h072,-0.001152,-0.00023392357705037285
B176,c,h072,-0.00192,-0.00038987262841728813
B177,c,h072,-0.00384,-0.0007797452568345763
B178,b,h072,-0.000384,-7.797452568345762e-5
B185,c,h072,-0.000768,-0.00015594905136691523
B187,c,h072,-0.025344000000000002,-0.005146318695108202
B188,c,h072,-0.00384,-0.0007797452568345763
B189,c,h072,-0.007296,-0.0014815159879856946
B190,a,h072,-0.000768,-0.00015594905136691523
B199,b,h072,-0.006912,-0.0014035414623022372
B202,a,h072,-0.000768,-0.00015594905136691523
B204,a,h072,-0.007296,-0.0014815159879856949
B222,a,h072,-0.000768,-0.00015594905136691523
B233,a,h072,-0.003072,-0.0006237962054676609
B259,b,h072,-0.002304,-0.0004678471541007457
B268,b,h072,-0.000384,-7.797452568345762e-5
B269,b,h072,-0.0026880000000000003,-0.0005458216797842034
B274,b,h072,-0.006144,-0.0012475924109353219
B277,b,h072,-0.001536,-0.00031189810273383046
B279,b,h072,-0.000768,-0.00015594905136691523
B284,b,h072,-0.001536,-0.00031189810273383046
B285,b,h072,-0.001536,-0.00031189810273383046
B287,a,h072,-0.003456,-0.0007017707311511186
B296,a,h072,-0.00192,-0.00038987262841728813
B13,a,h073,-0.00192,-0.00038987262841728813
B31,a,h073,-0.000384,-7.797452568345762e-5
B39,a,h073,-0.001152,-0.00023392357705037285
B55,c,h073,-0.0026880000000000003,-0.0005458216797842034
B56,c,h073,-0.001152,-0.00023392357705037285
B58,c,h073,-0.000768,-0.00015594905136691523
B59,c,h073,-0.002304,-0.0004678471541007457
B61,c,h073,-0.00192,-0.00038987262841728813
B69,a,h073,-0.001536,-0.00031189810273383046
B90,c,h073,-0.006528,-0.0013255669366187795
B99,c,h073,-0.001152,-0.00023392357705037285
B110,c,h073,-0.004992,-0.001013668833884949
B112,c,h073,-0.003072,-0.0006237962054676609
B118,c,h073,-0.001536,-0.00031189810273383046
B120,c,h073,-0.014976,-0.003041006501654847
B123,c,h073,-0.001536,-0.00031189810273383046
B124,c,h073,-0.002304,-0.0004678471541007457
B126,b,h073,-0.000768,-0.00015594905136691523
B130,c,h073,-0.000384,-7.797452568345762e-5
B137,c,h073,-0.002304,-0.0004678471541007457
B138,c,h073,-0.002304,-0.0004678471541007457
B139,c,h073,-0.000768,-0.00015594905136691523
B140,c,h073,-0.00768,-0.0015594905136691525
B145,a,h073,-0.000384,-7.797452568345762e-5
B146,a,h073,-0.001536,-0.00031189810273383046
B151,a,h073,-0.001152,-0.00023392357705037285
B154,b,h073,-0.008064,-0.00163746503935261
B155,b,h073,-0.005376000000000001,-0.0010916433595684067
B157,c,h073,-0.0026880000000000003,-0.0005458216797842034
B167,c,h073,-0.00192,-0.00038987262841728813
B168,c,h073,-0.000768,-0.00015594905136691523
B169,c,h073,-0.003456,-0.0007017707311511186
B173,b,h073,-0.000768,-0.00015594905136691523
B176,c,h073,-0.001536,-0.00031189810273383046
B177,c,h073,-0.00192,-0.00038987262841728813
B178,b,h073,-0.000768,-0.00015594905136691523
B185,c,h073,-0.000768,-0.00015594905136691523
B187,c,h073,-0.004992,-0.001013668833884949
B188,c,h073,-0.0026880000000000003,-0.0005458216797842034
B189,c,h073,-0.007296,-0.0014815159879856949
B190,a,h073,-0.001536,-0.00031189810273383046
B199,b,h073,-0.0026880000000000003,-0.0005458216797842034
B202,a,h073,-0.000384,-7.797452568345762e-5
B204,a,h073,-0.001536,-0.00031189810273383046
B222,a,h073,-0.000384,-7.797452568345762e-5
B233,a,h073,-0.003456,-0.0007017707311511186
B259,b,h073,-0.0026880000000000003,-0.0005458216797842034
B269,b,h073,-0.001152,-0.00023392357705037285
B274,b,h073,-0.006528,-0.0013255669366187795
B277,b,h073,-0.001152,-0.00023392357705037285
B279,b,h073,-0.000768,-0.00015594905136691523
B284,b,h073,-0.001152,-0.00023392357705037285
B285,b,h073,-0.001536,-0.00031189810273383046
B287,a,h073,-0.003456,-0.0007017707311511186
B296,a,h073,-0.00192,-0.00038987262841728813
B13,a,h074,-0.001536,-0.00031189810273383046
B31,a,h074,-0.000384,-7.797452568345762e-5
B39,a,h074,-0.0026880000000000003,-0.0005458216797842034
B55,c,h074,-0.002304,-0.0004678471541007457
B56,c,h074,-0.001152,-0.00023392357705037285
B58,c,h074,-0.001152,-0.00023392357705037285
B59,c,h074,-0.000768,-0.00015594905136691523
B61,c,h074,-0.00192,-0.00038987262841728813
B69,a,h074,-0.00192,-0.00038987262841728813
B90,c,h074,-0.00384,-0.0007797452568345763
B99,c,h074,-0.00192,-0.00038987262841728813
B110,c,h074,-0.005376000000000001,-0.0010916433595684067
B112,c,h074,-0.002304,-0.0004678471541007457
B118,c,h074,-0.001152,-0.00023392357705037285
B120,c,h074,-0.000768,-0.00015594905136691523
B123,c,h074,-0.001536,-0.00031189810273383046
B124,c,h074,-0.001536,-0.00031189810273383046
B126,b,h074,-0.001536,-0.00031189810273383046
B130,c,h074,-0.000768,-0.00015594905136691523
B137,c,h074,-0.0026880000000000003,-0.0005458216797842034
B138,c,h074,-0.001536,-0.00031189810273383046
B139,c,h074,-0.000384,-7.797452568345762e-5
B140,c,h074,-0.004608,-0.0009356943082014914
B145,a,h074,-0.00192,-0.00038987262841728813
B146,a,h074,-0.000384,-7.797452568345762e-5
B151,a,h074,-0.000768,-0.00015594905136691523
B154,b,h074,-0.008448,-0.0017154395650360679
B155,b,h074,-0.005376000000000001,-0.0010916433595684067
B157,c,h074,-0.0026880000000000003,-0.0005458216797842034
B167,c,h074,-0.001152,-0.00023392357705037285
B168,c,h074,-0.000768,-0.00015594905136691523
B169,c,h074,-0.003072,-0.0006237962054676609
B173,b,h074,-0.000768,-0.00015594905136691523
B176,c,h074,-0.002304,-0.00046784715410074575
B177,c,h074,-0.00192,-0.00038987262841728813
B178,b,h074,-0.001536,-0.00031189810273383046
B185,c,h074,-0.000768,-0.00015594905136691523
B187,c,h074,-0.004224,-0.0008577197825180339
B188,c,h074,-0.0026880000000000003,-0.0005458216797842034
B189,c,h074,-0.006528000000000001,-0.0013255669366187797
B190,a,h074,-0.00192,-0.00038987262841728813
B199,b,h074,-0.001536,-0.00031189810273383046
B202,a,h074,-0.000768,-0.00015594905136691523
B204,a,h074,-0.000768,-0.00015594905136691523
B222,a,h074,-0.000768,-0.00015594905136691523
B233,a,h074,-0.003072,-0.0006237962054676609
B259,b,h074,-0.002304,-0.0004678471541007457
B268,b,h074,-0.000384,-7.797452568345762e-5
B269,b,h074,-0.001536,-0.00031189810273383046
B274,b,h074,-0.006912,-0.0014035414623022372
B277,b,h074,-0.001152,-0.00023392357705037285
B279,b,h074,-0.001152,-0.00023392357705037285
B284,b,h074,-0.001152,-0.00023392357705037285
B285,b,h074,-0.0026880000000000003,-0.0005458216797842034
B287,a,h074,-0.003072,-0.0006237962054676609
B296,a,h074,-0.0026880000000000003,-0.0005458216797842034
B13,a,h075,-0.001536,-0.00031189810273383046
B31,a,h075,-0.000384,-7.797452568345762e-5
B39,a,h075,-0.001536,-0.00031189810273383046
B55,c,h075,-0.003072,-0.0006237962054676609
B56,c,h075,-0.001152,-0.00023392357705037285
B58,c,h075,-0.001152,-0.00023392357705037285
B59,c,h075,-0.001152,-0.00023392357705037285
B61,c,h075,-0.001536,-0.00031189810273383046
B69,a,h075,-0.001536,-0.00031189810273383046
B90,c,h075,-0.00384,-0.0007797452568345763
B99,c,h075,-0.001536,-0.00031189810273383046
B110,c,h075,-0.004992,-0.001013668833884949
B112,c,h075,-0.002304,-0.0004678471541007457
B118,c,h075,-0.001536,-0.00031189810273383046
B120,c,h075,-0.00192,-0.00038987262841728813
B123,c,h075,-0.002304,-0.0004678471541007457
B124,c,h075,-0.001536,-0.00031189810273383046
B126,b,h075,-0.000768,-0.00015594905136691523
B130,c,h075,-0.000384,-7.797452568345762e-5
B137,c,h075,-0.0026880000000000003,-0.0005458216797842034
B138,c,h075,-0.007296,-0.0014815159879856949
B139,c,h075,-0.000384,-7.797452568345762e-5
B140,c,h075,-0.004992,-0.001013668833884949
B145,a,h075,-0.001152,-0.00023392357705037285
B146,a,h075,-0.000384,-7.797452568345762e-5
B151,a,h075,-0.000768,-0.00015594905136691523
B154,b,h075,-0.008832,-0.0017934140907195253
B155,b,h075,-0.00576,-0.0011696178852518642
B157,c,h075,-0.0026880000000000003,-0.0005458216797842034
B167,c,h075,-0.001152,-0.00023392357705037285
B168,c,h075,-0.001152,-0.00023392357705037285
B169,c,h075,-0.003456,-0.0007017707311511186
B173,b,h075,-0.000768,-0.00015594905136691523
B176,c,h075,-0.00192,-0.00038987262841728813
B177,c,h075,-0.00384,-0.0007797452568345763
B178,b,h075,-0.000768,-0.00015594905136691523
B185,c,h075,-0.000768,-0.00015594905136691523
B187,c,h075,-0.006528,-0.0013255669366187795
B188,c,h075,-0.002304,-0.0004678471541007457
B189,c,h075,-0.00576,-0.0011696178852518644
B190,a,h075,-0.00192,-0.00038987262841728813
B199,b,h075,-0.001152,-0.00023392357705037285
B202,a,h075,-0.000384,-7.797452568345762e-5
B204,a,h075,-0.001152,-0.00023392357705037285
B222,a,h075,-0.000384,-7.797452568345762e-5
B233,a,h075,-0.003456,-0.0007017707311511186
B259,b,h075,-0.0026880000000000003,-0.0005458216797842034
B268,b,h075,-0.000384,-7.797452568345762e-5
B269,b,h075,-0.001536,-0.00031189810273383046
B274,b,h075,-0.006528,-0.0013255669366187795
B277,b,h075,-0.001152,-0.00023392357705037285
B279,b,h075,-0.001152,-0.00023392357705037285
B284,b,h075,-0.000384,-7.797452568345762e-5
B285,b,h075,-0.001536,-0.00031189810273383046
B287,a,h075,-0.003456,-0.0007017707311511186
B296,a,h075,-0.002304,-0.0004678471541007457
B13,a,h076,-0.001536,-0.00031189810273383046
B31,a,h076,-0.000768,-0.00015594905136691523
B39,a,h076,-0.001152,-0.00023392357705037285
B55,c,h076,-0.003072,-0.0006237962054676609
B56,c,h076,-0.001152,-0.00023392357705037285
B58,c,h076,-0.001152,-0.00023392357705037285
B59,c,h076,-0.000768,-0.00015594905136691523
B61,c,h076,-0.002304,-0.0004678471541007457
B69,a,h076,-0.001152,-0.00023392357705037285
B90,c,h076,-0.004224,-0.0008577197825180339
B99,c,h076,-0.0026880000000000003,-0.0005458216797842034
B110,c,h076,-0.004608,-0.0009356943082014914
B112,c,h076,-0.00192,-0.00038987262841728813
B118,c,h076,-0.001536,-0.00031189810273383046
B120,c,h076,-0.000768,-0.00015594905136691523
B123,c,h076,-0.00192,-0.00038987262841728813
B124,c,h076,-0.001536,-0.00031189810273383046
B126,b,h076,-0.000768,-0.00015594905136691523
B130,c,h076,-0.000768,-0.00015594905136691523
B137,c,h076,-0.0026880000000000003,-0.0005458216797842034
B138,c,h076,-0.003456,-0.0007017707311511186
B139,c,h076,-0.000768,-0.00015594905136691523
B140,c,h076,-0.004608,-0.0009356943082014914
B145,a,h076,-0.001152,-0.00023392357705037285
B146,a,h076,-0.00192,-0.00038987262841728813
B151,a,h076,-0.006144,-0.0012475924109353219
B154,b,h076,-0.008832,-0.0017934140907195253
B155,b,h076,-0.004992,-0.001013668833884949
B157,c,h076,-0.002304,-0.0004678471541007457
B167,c,h076,-0.000768,-0.00015594905136691523
B168,c,h076,-0.000768,-0.00015594905136691523
B169,c,h076,-0.00384,-0.0007797452568345763
B173,b,h076,-0.000768,-0.00015594905136691523
B176,c,h076,-0.00192,-0.0003898726284172881
B177,c,h076,-0.001536,-0.00031189810273383046
B178,b,h076,-0.001152,-0.00023392357705037285
B185,c,h076,-0.000768,-0.00015594905136691523
B187,c,h076,-0.0026880000000000003,-0.0005458216797842034
B188,c,h076,-0.002304,-0.0004678471541007457
B189,c,h076,-0.00576,-0.0011696178852518644
B190,a,h076,-0.00192,-0.00038987262841728813
B199,b,h076,-0.001152,-0.00023392357705037285
B202,a,h076,-0.000768,-0.00015594905136691523
B204,a,h076,-0.001152,-0.00023392357705037285
B222,a,h076,-0.000384,-7.797452568345762e-5
B233,a,h076,-0.003816,-0.00077487184897936
B259,b,h076,-0.002304,-0.0004678471541007457
B269,b,h076,-0.002304,-0.0004678471541007457
B274,b,h076,-0.008064,-0.00163746503935261
B277,b,h076,-0.001152,-0.00023392357705037285
B279,b,h076,-0.000768,-0.00015594905136691523
B284,b,h076,-0.002304,-0.0004678471541007457
B285,b,h076,-0.001536,-0.00031189810273383046
B287,a,h076,-0.003456,-0.0007017707311511186
B296,a,h076,-0.002304,-0.0004678471541007457
B13,a,h077,-0.001536,-0.00031189810273383046
B31,a,h077,-0.000768,-0.00015594905136691523
B39,a,h077,-0.001536,-0.00031189810273383046
B55,c,h077,-0.002304,-0.0004678471541007457
B56,c,h077,-0.003456,-0.0007017707311511186
B58,c,h077,-0.001152,-0.00023392357705037285
B59,c,h077,-0.000384,-7.797452568345762e-5
B61,c,h077,-0.00192,-0.00038987262841728813
B69,a,h077,-0.001152,-0.00023392357705037285
B90,c,h077,-0.004224,-0.0008577197825180339
B99,c,h077,-0.001536,-0.00031189810273383046
B110,c,h077,-0.00384,-0.0007797452568345763
B112,c,h077,-0.002304,-0.0004678471541007457
B118,c,h077,-0.001536,-0.00031189810273383046
B120,c,h077,-0.000768,-0.00015594905136691523
B123,c,h077,-0.001536,-0.00031189810273383046
B124,c,h077,-0.003072,-0.0006237962054676609
B126,b,h077,-0.000768,-0.00015594905136691523
B130,c,h077,-0.000384,-7.797452568345762e-5
B137,c,h077,-0.0026880000000000003,-0.0005458216797842034
B138,c,h077,-0.001152,-0.00023392357705037285
B139,c,h077,-0.000768,-0.00015594905136691523
B140,c,h077,-0.006528,-0.0013255669366187795
B145,a,h077,-0.001152,-0.00023392357705037285
B146,a,h077,-0.000384,-7.797452568345762e-5
B151,a,h077,-0.000768,-0.00015594905136691523
B154,b,h077,-0.008832,-0.0017934140907195253
B155,b,h077,-0.005376000000000001,-0.0010916433595684067
B157,c,h077,-0.003072,-0.0006237962054676609
B167,c,h077,-0.001152,-0.00023392357705037285
B168,c,h077,-0.000768,-0.00015594905136691523
B169,c,h077,-0.00576,-0.0011696178852518642
B173,b,h077,-0.000768,-0.00015594905136691523
B176,c,h077,-0.001536,-0.00031189810273383046
B177,c,h077,-0.003072,-0.0006237962054676609
B178,b,h077,-0.001536,-0.00031189810273383046
B185,c,h077,-0.000768,-0.00015594905136691523
B187,c,h077,-0.00576,-0.0011696178852518642
B188,c,h077,-0.002304,-0.0004678471541007457
B189,c,h077,-0.006144,-0.0012475924109353219
B190,a,h077,-0.001152,-0.00023392357705037285
B199,b,h077,-0.001152,-0.00023392357705037285
B202,a,h077,-0.000768,-0.00015594905136691523
B204,a,h077,-0.000768,-0.00015594905136691523
B222,a,h077,-0.000768,-0.00015594905136691523
B233,a,h077,-0.003456,-0.0007017707311511186
B259,b,h077,-0.002304,-0.0004678471541007457
B268,b,h077,-0.000384,-7.797452568345762e-5
B269,b,h077,-0.001152,-0.00023392357705037285
B274,b,h077,-0.007296,-0.0014815159879856949
B277,b,h077,-0.001536,-0.00031189810273383046
B279,b,h077,-0.001536,-0.00031189810273383046
B285,b,h077,-0.001152,-0.00023392357705037285
B287,a,h077,-0.003456,-0.0007017707311511186
B296,a,h077,-0.001536,-0.00031189810273383046
B13,a,h078,-0.0026880000000000003,-0.0005458216797842034
B31,a,h078,-0.000384,-7.797452568345762e-5
B39,a,h078,-0.001152,-0.00023392357705037285
B55,c,h078,-0.003072,-0.0006237962054676609
B56,c,h078,-0.006528,-0.0013255669366187795
B58,c,h078,-0.000384,-7.797452568345762e-5
B59,c,h078,-0.000768,-0.00015594905136691523
B61,c,h078,-0.00192,-0.00038987262841728813
B69,a,h078,-0.001536,-0.00031189810273383046
B90,c,h078,-0.004224,-0.0008577197825180339
B99,c,h078,-0.003072,-0.0006237962054676609
B110,c,h078,-0.004992,-0.001013668833884949
B112,c,h078,-0.00192,-0.00038987262841728813
B118,c,h078,-0.001152,-0.00023392357705037285
B120,c,h078,-0.001536,-0.00031189810273383046
B123,c,h078,-0.006528,-0.0013255669366187795
B124,c,h078,-0.00384,-0.0007797452568345763
B126,b,h078,-0.001536,-0.00031189810273383046
B130,c,h078,-0.000768,-0.00015594905136691523
B137,c,h078,-0.003456,-0.0007017707311511186
B138,c,h078,-0.004224,-0.0008577197825180339
B139,c,h078,-0.001536,-0.00031189810273383046
B140,c,h078,-0.00384,-0.0007797452568345763
B145,a,h078,-0.0026880000000000003,-0.0005458216797842034
B146,a,h078,-0.000768,-0.00015594905136691523
B151,a,h078,-0.001152,-0.00023392357705037285
B154,b,h078,-0.008832,-0.0017934140907195253
B155,b,h078,-0.005376000000000001,-0.0010916433595684067
B157,c,h078,-0.002304,-0.0004678471541007457
B167,c,h078,-0.001152,-0.00023392357705037285
B168,c,h078,-0.001152,-0.00023392357705037285
B169,c,h078,-0.00576,-0.0011696178852518642
B173,b,h078,-0.001152,-0.00023392357705037285
B176,c,h078,-0.002304,-0.00046784715410074575
B177,c,h078,-0.002304,-0.0004678471541007457
B178,b,h078,-0.003072,-0.0006237962054676609
B185,c,h078,-0.001152,-0.00023392357705037285
B187,c,h078,-0.00768,-0.0015594905136691525
B188,c,h078,-0.0026880000000000003,-0.0005458216797842034
B189,c,h078,-0.006144,-0.0012475924109353219
B190,a,h078,-0.000768,-0.00015594905136691523
B199,b,h078,-0.001152,-0.00023392357705037285
B202,a,h078,-0.000384,-7.797452568345762e-5
B204,a,h078,-0.001152,-0.00023392357705037285
B222,a,h078,-0.000384,-7.797452568345762e-5
B233,a,h078,-0.003456,-0.0007017707311511186
B259,b,h078,-0.003072,-0.0006237962054676609
B268,b,h078,-0.000384,-7.797452568345762e-5
B269,b,h078,-0.000768,-0.00015594905136691523
B274,b,h078,-0.006528,-0.0013255669366187795
B277,b,h078,-0.001536,-0.00031189810273383046
B279,b,h078,-0.00192,-0.00038987262841728813
B284,b,h078,-0.000384,-7.797452568345762e-5
B285,b,h078,-0.003456,-0.0007017707311511186
B287,a,h078,-0.003456,-0.0007017707311511186
B296,a,h078,-0.002304,-0.0004678471541007457
B13,a,h079,-0.00384,-0.0007797452568345763
B31,a,h079,-0.007296,-0.0014815159879856949
B39,a,h079,-0.001152,-0.00023392357705037285
B55,c,h079,-0.00384,-0.0007797452568345763
B56,c,h079,-0.004608,-0.0009356943082014914
B58,c,h079,-0.000768,-0.00015594905136691523
B59,c,h079,-0.000768,-0.00015594905136691523
B61,c,h079,-0.002304,-0.0004678471541007457
B69,a,h079,-0.002304,-0.0004678471541007457
B90,c,h079,-0.004224,-0.0008577197825180339
B99,c,h079,-0.002304,-0.0004678471541007457
B110,c,h079,-0.004992,-0.001013668833884949
B112,c,h079,-0.002304,-0.0004678471541007457
B118,c,h079,-0.001536,-0.00031189810273383046
B120,c,h079,-0.000768,-0.00015594905136691523
B123,c,h079,-0.003456,-0.0007017707311511186
B124,c,h079,-0.00192,-0.00038987262841728813
B126,b,h079,-0.000768,-0.00015594905136691523
B130,c,h079,-0.000768,-0.00015594905136691523
B137,c,h079,-0.008064,-0.00163746503935261
B138,c,h079,-0.00192,-0.00038987262841728813
B139,c,h079,-0.000768,-0.00015594905136691523
B140,c,h079,-0.0026880000000000003,-0.0005458216797842034
B145,a,h079,-0.00192,-0.00038987262841728813
B146,a,h079,-0.001536,-0.00031189810273383046
B151,a,h079,-0.000768,-0.00015594905136691523
B154,b,h079,-0.008448,-0.0017154395650360679
B155,b,h079,-0.00576,-0.0011696178852518642
B157,c,h079,-0.0026880000000000003,-0.0005458216797842034
B167,c,h079,-0.000768,-0.00015594905136691523
B168,c,h079,-0.000384,-7.797452568345762e-5
B169,c,h079,-0.00576,-0.0011696178852518642
B173,b,h079,-0.002304,-0.0004678471541007457
B176,c,h079,-0.003456,-0.0007017707311511186
B177,c,h079,-0.00192,-0.00031189810273383046
B178,b,h079,-0.004608,-0.0009356943082014914
B185,c,h079,-0.000768,-0.00015594905136691523
B187,c,h079,-0.011136,-0.002261261244820271
B188,c,h079,-0.003072,-0.0006237962054676609
B189,c,h079,-0.006144,-0.0012475924109353219
B190,a,h079,-0.000768,-0.00015594905136691523
B199,b,h079,-0.00192,-0.00038987262841728813
B202,a,h079,-0.000768,-0.00015594905136691523
B204,a,h079,-0.00192,-0.00038987262841728813
B222,a,h079,-0.000768,-0.00015594905136691523
B233,a,h079,-0.003072,-0.0006237962054676609
B259,b,h079,-0.003072,-0.0006237962054676609
B268,b,h079,-0.000384,-7.797452568345762e-5
B269,b,h079,-0.003072,-0.0006237962054676609
B274,b,h079,-0.00768,-0.0015594905136691525
B277,b,h079,-0.00192,-0.00038987262841728813
B279,b,h079,-0.001152,-0.00023392357705037285
B284,b,h079,-0.002304,-0.0004678471541007457
B285,b,h079,-0.002304,-0.0004678471541007457
B287,a,h079,-0.00384,-0.0007797452568345763
B296,a,h079,-0.001536,-0.00031189810273383046
B13,a,h080,-0.006144,-0.0012475924109353219
B31,a,h080,-0.000768,-0.00015594905136691523
B39,a,h080,-0.001536,-0.00031189810273383046
B55,c,h080,-0.0026880000000000003,-0.0005458216797842034
B56,c,h080,-0.002304,-0.0004678471541007457
B58,c,h080,-0.001152,-0.00023392357705037285
B59,c,h080,-0.001152,-0.00023392357705037285
B61,c,h080,-0.00192,-0.00038987262841728813
B69,a,h080,-0.002304,-0.0004678471541007457
B90,c,h080,-0.006528,-0.0013255669366187795
B99,c,h080,-0.003456,-0.0007017707311511186
B110,c,h080,-0.004992,-0.001013668833884949
B112,c,h080,-0.001536,-0.00031189810273383046
B118,c,h080,-0.001536,-0.00031189810273383046
B120,c,h080,-0.000384,-7.797452568345762e-5
B123,c,h080,-0.001536,-0.00031189810273383046
B124,c,h080,-0.00192,-0.00038987262841728813
B126,b,h080,-0.001152,-0.00023392357705037285
B130,c,h080,-0.000384,-7.797452568345762e-5
B137,c,h080,-0.013056,-0.002651133873237559
B138,c,h080,-0.001536,-0.00031189810273383046
B139,c,h080,-0.001152,-0.00023392357705037285
B140,c,h080,-0.000384,-7.797452568345762e-5
B145,a,h080,-0.001536,-0.00031189810273383046
B146,a,h080,-0.00192,-0.00038987262841728813
B151,a,h080,-0.000768,-0.00015594905136691523
B154,b,h080,-0.009984,-0.002027337667769898
B155,b,h080,-0.00576,-0.0011696178852518642
B157,c,h080,-0.002304,-0.0004678471541007457
B167,c,h080,-0.00192,-0.00038987262841728813
B168,c,h080,-0.001536,-0.00031189810273383046
B169,c,h080,-0.00576,-0.0011696178852518642
B173,b,h080,-0.002304,-0.0004678471541007457
B176,c,h080,-0.003456,-0.0007017707311511186
B177,c,h080,-0.003456,-0.0007017707311511186
B178,b,h080,-0.004608,-0.0009356943082014914
B185,c,h080,-0.001152,-0.00023392357705037285
B187,c,h080,-0.00768,-0.0015594905136691525
B188,c,h080,-0.003072,-0.0006237962054676609
B189,c,h080,-0.00576,-0.0011696178852518644
B190,a,h080,-0.000768,-0.00015594905136691523
B199,b,h080,-0.001536,-0.00031189810273383046
B202,a,h080,-0.000768,-0.00015594905136691523
B204,a,h080,-0.001152,-0.00023392357705037285
B222,a,h080,-0.000384,-7.797452568345762e-5
B233,a,h080,-0.003456,-0.0007017707311511186
B259,b,h080,-0.003456,-0.0007017707311511186
B268,b,h080,-0.000384,-7.797452568345762e-5
B269,b,h080,-0.003456,-0.0007017707311511186
B274,b,h080,-0.010368,-0.0021053121934533556
B277,b,h080,-0.002304,-0.0004678471541007457
B279,b,h080,-0.000768,-0.00015594905136691523
B284,b,h080,-0.005376000000000001,-0.0010916433595684067
B285,b,h080,-0.00384,-0.0007797452568345763
B287,a,h080,-0.003456,-0.0007017707311511186
B296,a,h080,-0.001536,-0.00031189810273383046
B13,a,h081,-0.00384,-0.0007797452568345763
B31,a,h081,-0.000768,-0.00015594905136691523
B39,a,h081,-0.003072,-0.0006237962054676609
B55,c,h081,-0.00192,-0.00038987262841728813
B56,c,h081,-0.003072,-0.0006237962054676609
B58,c,h081,-0.001152,-0.00023392357705037285
B59,c,h081,-0.001152,-0.00023392357705037285
B61,c,h081,-0.003456,-0.0007017707311511186
B69,a,h081,-0.00192,-0.00038987262841728813
B90,c,h081,-0.004992,-0.001013668833884949
B99,c,h081,-0.002304,-0.0004678471541007457
B110,c,h081,-0.003456,-0.0007017707311511186
B112,c,h081,-0.001536,-0.00031189810273383046
B118,c,h081,-0.001536,-0.00031189810273383046
B120,c,h081,-0.000768,-0.00015594905136691523
B123,c,h081,-0.003456,-0.0007017707311511186
B124,c,h081,-0.001152,-0.00023392357705037285
B126,b,h081,-0.000384,-7.797452568345762e-5
B130,c,h081,-0.000768,-0.00015594905136691523
B137,c,h081,-0.014592,-0.0029630319759713897
B138,c,h081,-0.001536,-0.00031189810273383046
B139,c,h081,-0.001152,-0.00023392357705037285
B140,c,h081,-0.001152,-0.00023392357705037285
B145,a,h081,-0.0026880000000000003,-0.0005458216797842034
B146,a,h081,-0.00192,-0.00038987262841728813
B151,a,h081,-0.002304,-0.0004678471541007457
B154,b,h081,-0.009984,-0.002027337667769898
B155,b,h081,-0.005376000000000001,-0.0010916433595684067
B157,c,h081,-0.0026880000000000003,-0.0005458216797842034
B167,c,h081,-0.001536,-0.00031189810273383046
B168,c,h081,-0.003456,-0.0007017707311511186
B169,c,h081,-0.006144,-0.0012475924109353219
B173,b,h081,-0.0026880000000000003,-0.0005458216797842034
B176,c,h081,-0.001536,-0.00031189810273383046
B177,c,h081,-0.00192,-0.00038987262841728813
B178,b,h081,-0.005376000000000001,-0.0010916433595684067
B185,c,h081,-0.000384,-7.797452568345762e-5
B187,c,h081,-0.003072,-0.0006237962054676609
B188,c,h081,-0.004224,-0.0008577197825180339
B189,c,h081,-0.006144,-0.0012475924109353219
B190,a,h081,-0.000768,-0.00015594905136691523
B199,b,h081,-0.002304,-0.0004678471541007457
B202,a,h081,-0.000768,-0.00015594905136691523
B204,a,h081,-0.001152,-0.00023392357705037285
B222,a,h081,-0.000384,-7.797452568345762e-5
B233,a,h081,-0.003456,-0.0007017707311511186
B259,b,h081,-0.004992,-0.001013668833884949
B268,b,h081,-0.000384,-7.797452568345762e-5
B269,b,h081,-0.006144,-0.0012475924109353219
B274,b,h081,-0.00576,-0.0011696178852518642
B277,b,h081,-0.00192,-0.00038987262841728813
B279,b,h081,-0.001152,-0.00023392357705037285
B284,b,h081,-0.005376000000000001,-0.0010916433595684067
B285,b,h081,-0.001536,-0.00031189810273383046
B287,a,h081,-0.003456,-0.0007017707311511186
B296,a,h081,-0.003072,-0.0006237962054676609
B13,a,h082,-0.003072,-0.0006237962054676609
B31,a,h082,-0.000768,-0.00015594905136691523
B39,a,h082,-0.001152,-0.00023392357705037285
B55,c,h082,-0.0026880000000000003,-0.0005458216797842034
B56,c,h082,-0.001536,-0.00031189810273383046
B58,c,h082,-0.001152,-0.00023392357705037285
B59,c,h082,-0.00576,-0.0011696178852518642
B61,c,h082,-0.001536,-0.00031189810273383046
B69,a,h082,-0.00192,-0.00038987262841728813
B90,c,h082,-0.004224,-0.0008577197825180339
B99,c,h082,-0.002304,-0.0004678471541007457
B110,c,h082,-0.004608,-0.0009356943082014914
B112,c,h082,-0.00192,-0.00038987262841728813
B118,c,h082,-0.001152,-0.00023392357705037285
B120,c,h082,-0.002304,-0.0004678471541007457
B123,c,h082,-0.002304,-0.0004678471541007457
B124,c,h082,-0.0026880000000000003,-0.0005458216797842034
B126,b,h082,-0.00384,-0.0007797452568345763
B130,c,h082,-0.000384,-7.797452568345762e-5
B137,c,h082,-0.014208,-0.002885057450287932
B138,c,h082,-0.0026880000000000003,-0.0005458216797842034
B139,c,h082,-0.000768,-0.00015594905136691523
B140,c,h082,-0.008832,-0.0017934140907195253
B145,a,h082,-0.002304,-0.0004678471541007457
B146,a,h082,-0.00192,-0.00038987262841728813
B151,a,h082,-0.000768,-0.00015594905136691523
B154,b,h082,-0.009984,-0.002027337667769898
B155,b,h082,-0.00576,-0.0011696178852518642
B157,c,h082,-0.00192,-0.00038987262841728813
B167,c,h082,-0.002304,-0.0004678471541007457
B168,c,h082,-0.003456,-0.0007017707311511186
B169,c,h082,-0.00576,-0.0011696178852518642
B173,b,h082,-0.009984,-0.002027337667769898
B176,c,h082,-0.0026880000000000003,-0.0005458216797842034
B177,c,h082,-0.001536,-0.00031189810273383046
B178,b,h082,-0.005376000000000001,-0.0010916433595684067
B185,c,h082,-0.000768,-0.00015594905136691523
B187,c,h082,-0.002304,-0.0004678471541007457
B188,c,h082,-0.003072,-0.0006237962054676609
B189,c,h082,-0.006144,-0.0012475924109353219
B190,a,h082,-0.000768,-0.00015594905136691523
B199,b,h082,-0.00192,-0.00038987262841728813
B202,a,h082,-0.001152,-0.00023392357705037285
B204,a,h082,-0.000768,-0.00015594905136691523
B222,a,h082,-0.000768,-0.00015594905136691523
B233,a,h082,-0.003072,-0.0006237962054676609
B259,b,h082,-0.003072,-0.0006237962054676609
B268,b,h082,-0.000384,-7.797452568345762e-5
B269,b,h082,-0.010368,-0.0021053121934533556
B274,b,h082,-0.00768,-0.0015594905136691525
B277,b,h082,-0.0026880000000000003,-0.0005458216797842034
B279,b,h082,-0.002304,-0.0004678471541007457
B284,b,h082,-0.004224,-0.0008577197825180339
B285,b,h082,-0.001536,-0.00031189810273383046
B287,a,h082,-0.003456,-0.0007017707311511186
B296,a,h082,-0.001536,-0.00031189810273383046
B13,a,h083,-0.005376000000000001,-0.0010916433595684067
B31,a,h083,-0.000384,-7.797452568345762e-5
B39,a,h083,-0.001536,-0.00031189810273383046
B55,c,h083,-0.002304,-0.0004678471541007457
B56,c,h083,-0.001536,-0.00031189810273383046
B58,c,h083,-0.00192,-0.00038987262841728813
B59,c,h083,-0.003072,-0.0006237962054676609
B61,c,h083,-0.0026880000000000003,-0.0005458216797842034
B69,a,h083,-0.008064,-0.00163746503935261
B90,c,h083,-0.00384,-0.0007797452568345763
B99,c,h083,-0.0026880000000000003,-0.0005458216797842034
B110,c,h083,-0.004992,-0.001013668833884949
B112,c,h083,-0.001152,-0.00023392357705037285
B118,c,h083,-0.0026880000000000003,-0.0005458216797842034
B120,c,h083,-0.001536,-0.00031189810273383046
B123,c,h083,-0.003072,-0.0006237962054676609
B124,c,h083,-0.00192,-0.00038987262841728813
B126,b,h083,-0.001152,-0.00023392357705037285
B130,c,h083,-0.000384,-7.797452568345762e-5
B131,b,h083,-0.000384,-7.797452568345762e-5
B137,c,h083,-0.013824,-0.0028070829246044744
B138,c,h083,-0.020736,-0.004210624386906711
B139,c,h083,-0.001152,-0.00023392357705037285
B140,c,h083,-0.008832,-0.0017934140907195253
B145,a,h083,-0.0026880000000000003,-0.0005458216797842034
B146,a,h083,-0.00192,-0.00038987262841728813
B151,a,h083,-0.001152,-0.00023392357705037285
B154,b,h083,-0.009984,-0.002027337667769898
B155,b,h083,-0.006144,-0.0012475924109353219
B157,c,h083,-0.00192,-0.00038987262841728813
B167,c,h083,-0.003072,-0.0006237962054676609
B168,c,h083,-0.00192,-0.00038987262841728813
B169,c,h083,-0.006912,-0.0014035414623022372
B173,b,h083,-0.002304,-0.0004678471541007457
B176,c,h083,-0.00192,-0.00038987262841728813
B177,c,h083,-0.004608,-0.0009356943082014914
B178,b,h083,-0.00768,-0.0015594905136691525
B185,c,h083,-0.000768,-0.00015594905136691523
B187,c,h083,-0.00768,-0.0015594905136691525
B188,c,h083,-0.003456,-0.0007017707311511186
B189,c,h083,-0.006528000000000001,-0.0013255669366187797
B190,a,h083,-0.001536,-0.00031189810273383046
B199,b,h083,-0.00192,-0.00038987262841728813
B202,a,h083,-0.001152,-0.00023392357705037285
B204,a,h083,-0.000768,-0.00015594905136691523
B222,a,h083,-0.000384,-7.797452568345762e-5
B233,a,h083,-0.003456,-0.0007017707311511186
B259,b,h083,-0.00192,-0.00038987262841728813
B268,b,h083,-0.000384,-7.797452568345762e-5
B269,b,h083,-0.00384,-0.0007797452568345763
B274,b,h083,-0.00768,-0.0015594905136691525
B277,b,h083,-0.00192,-0.00038987262841728813
B279,b,h083,-0.002304,-0.0004678471541007457
B284,b,h083,-0.001536,-0.00031189810273383046
B285,b,h083,-0.001536,-0.00031189810273383046
B287,a,h083,-0.00384,-0.0007797452568345763
B296,a,h083,-0.001536,-0.00031189810273383046
B13,a,h084,-0.004224,-0.0008577197825180339
B31,a,h084,-0.001536,-0.00031189810273383046
B39,a,h084,-0.001536,-0.00031189810273383046
B55,c,h084,-0.002304,-0.0004678471541007457
B56,c,h084,-0.001536,-0.00031189810273383046
B58,c,h084,-0.001152,-0.00023392357705037285
B59,c,h084,-0.003456,-0.0007017707311511186
B61,c,h084,-0.0026880000000000003,-0.0005458216797842034
B69,a,h084,-0.006144,-0.0012475924109353219
B90,c,h084,-0.004224,-0.0008577197825180339
B99,c,h084,-0.002304,-0.0004678471541007457
B110,c,h084,-0.005376000000000001,-0.0010916433595684067
B112,c,h084,-0.001536,-0.00031189810273383046
B118,c,h084,-0.001152,-0.00023392357705037285
B120,c,h084,-0.004224,-0.0008577197825180339
B123,c,h084,-0.001536,-0.00031189810273383046
B124,c,h084,-0.002304,-0.0004678471541007457
B126,b,h084,-0.003072,-0.0006237962054676609
B130,c,h084,-0.000768,-0.00015594905136691523
B137,c,h084,-0.015744,-0.0031969555530217625
B138,c,h084,-0.009984,-0.002027337667769898
B139,c,h084,-0.00192,-0.00038987262841728813
B140,c,h084,-0.008832,-0.0017934140907195253
B145,a,h084,-0.002304,-0.0004678471541007457
B146,a,h084,-0.001152,-0.00023392357705037285
B151,a,h084,-0.0026880000000000003,-0.0005458216797842034
B154,b,h084,-0.009984,-0.002027337667769898
B155,b,h084,-0.006528,-0.0013255669366187795
B157,c,h084,-0.00192,-0.00038987262841728813
B167,c,h084,-0.001152,-0.00023392357705037285
B168,c,h084,-0.001536,-0.00031189810273383046
B169,c,h084,-0.006144,-0.0012475924109353219
B173,b,h084,-0.0026880000000000003,-0.0005458216797842034
B176,c,h084,-0.00192,-0.0003898726284172881
B177,c,h084,-0.00384,-0.0007797452568345763
B178,b,h084,-0.009984,-0.002027337667769898
B185,c,h084,-0.000384,-7.797452568345762e-5
B187,c,h084,-0.003072,-0.0006237962054676609
B188,c,h084,-0.0026880000000000003,-0.0005458216797842034
B189,c,h084,-0.006528,-0.0013255669366187795
B190,a,h084,-0.001152,-0.00023392357705037285
B199,b,h084,-0.001536,-0.00031189810273383046
B202,a,h084,-0.000768,-0.00015594905136691523
B204,a,h084,-0.001152,-0.00023392357705037285
B222,a,h084,-0.000384,-7.797452568345762e-5
B233,a,h084,-0.003072,-0.0006237962054676609
B259,b,h084,-0.002304,-0.0004678471541007457
B268,b,h084,-0.000384,-7.797452568345762e-5
B269,b,h084,-0.003456,-0.0007017707311511186
B274,b,h084,-0.008064,-0.00163746503935261
B277,b,h084,-0.002304,-0.0004678471541007457
B279,b,h084,-0.002304,-0.0004678471541007457
B284,b,h084,-0.0026880000000000003,-0.0005458216797842034
B285,b,h084,-0.00768,-0.0015594905136691525
B287,a,h084,-0.003456,-0.0007017707311511186
B296,a,h084,-0.001536,-0.00031189810273383046
B13,a,h085,-0.003072,-0.0006237962054676609
B31,a,h085,-0.003456,-0.0007017707311511186
B39,a,h085,-0.001152,-0.00023392357705037285
B55,c,h085,-0.002304,-0.0004678471541007457
B56,c,h085,-0.001536,-0.00031189810273383046
B58,c,h085,-0.000768,-0.00015594905136691523
B59,c,h085,-0.000768,-0.00015594905136691523
B61,c,h085,-0.0026880000000000003,-0.0005458216797842034
B69,a,h085,-0.0026880000000000003,-0.0005458216797842034
B90,c,h085,-0.00384,-0.0007797452568345763
B99,c,h085,-0.00192,-0.00038987262841728813
B110,c,h085,-0.004608,-0.0009356943082014914
B112,c,h085,-0.001536,-0.00031189810273383046
B118,c,h085,-0.001536,-0.00031189810273383046
B120,c,h085,-0.002304,-0.0004678471541007457
B123,c,h085,-0.00192,-0.00038987262841728813
B124,c,h085,-0.002304,-0.0004678471541007457
B126,b,h085,-0.008448,-0.0017154395650360679
B130,c,h085,-0.000384,-7.797452568345762e-5
B137,c,h085,-0.012672000000000001,-0.002573159347554101
B138,c,h085,-0.004224,-0.0008577197825180339
B139,c,h085,-0.001152,-0.00023392357705037285
B140,c,h085,-0.008064,-0.00163746503935261
B145,a,h085,-0.003456,-0.0007017707311511186
B146,a,h085,-0.002304,-0.0004678471541007457
B151,a,h085,-0.00192,-0.00038987262841728813
B154,b,h085,-0.009600000000000001,-0.0019493631420864407
B155,b,h085,-0.006144,-0.0012475924109353219
B157,c,h085,-0.002304,-0.0004678471541007457
B167,c,h085,-0.001152,-0.00023392357705037285
B168,c,h085,-0.001536,-0.00031189810273383046
B169,c,h085,-0.006912,-0.0014035414623022372
B173,b,h085,-0.006912,-0.0014035414623022372
B176,c,h085,-0.001536,-0.00031189810273383046
B177,c,h085,-0.002304,-0.0004678471541007457
B178,b,h085,-0.005376000000000001,-0.0010916433595684067
B185,c,h085,-0.000768,-0.00015594905136691523
B187,c,h085,-0.0026880000000000003,-0.0005458216797842034
B188,c,h085,-0.003072,-0.0006237962054676609
B189,c,h085,-0.00768,-0.0015594905136691523
B190,a,h085,-0.000768,-0.00015594905136691523
B199,b,h085,-0.001536,-0.00031189810273383046
B202,a,h085,-0.000384,-7.797452568345762e-5
B204,a,h085,-0.000384,-7.797452568345762e-5
B222,a,h085,-0.000768,-0.00015594905136691523
B233,a,h085,-0.00384,-0.0007797452568345763
B259,b,h085,-0.002304,-0.0004678471541007457
B268,b,h085,-0.000384,-7.797452568345762e-5
B269,b,h085,-0.010368,-0.0021053121934533556
B274,b,h085,-0.00576,-0.0011696178852518642
B277,b,h085,-0.002304,-0.0004678471541007457
B279,b,h085,-0.00192,-0.00038987262841728813
B284,b,h085,-0.00192,-0.00038987262841728813
B285,b,h085,-0.00192,-0.00038987262841728813
B287,a,h085,-0.003456,-0.0007017707311511186
B296,a,h085,-0.00192,-0.00038987262841728813
B13,a,h086,-0.0026880000000000003,-0.0005458216797842034
B31,a,h086,-0.000768,-0.00015594905136691523
B39,a,h086,-0.003072,-0.0006237962054676609
B55,c,h086,-0.00192,-0.00038987262841728813
B56,c,h086,-0.00192,-0.00038987262841728813
B58,c,h086,-0.001152,-0.00023392357705037285
B59,c,h086,-0.000768,-0.00015594905136691523
B61,c,h086,-0.002304,-0.0004678471541007457
B69,a,h086,-0.002304,-0.0004678471541007457
B90,c,h086,-0.00384,-0.0007797452568345763
B99,c,h086,-0.0026880000000000003,-0.0005458216797842034
B110,c,h086,-0.004992,-0.001013668833884949
B112,c,h086,-0.001536,-0.00031189810273383046
B118,c,h086,-0.001152,-0.00023392357705037285
B120,c,h086,-0.006144,-0.0012475924109353219
B123,c,h086,-0.001152,-0.00023392357705037285
B124,c,h086,-0.003072,-0.0006237962054676609
B126,b,h086,-0.012288,-0.0024951848218706437
B130,c,h086,-0.000384,-7.797452568345762e-5
B137,c,h086,-0.01344,-0.0027291083989210165
B138,c,h086,-0.003072,-0.0006237962054676609
B139,c,h086,-0.000384,-7.797452568345762e-5
B140,c,h086,-0.008448,-0.0017154395650360679
B145,a,h086,-0.003456,-0.0007017707311511186
B146,a,h086,-0.001152,-0.00023392357705037285
B151,a,h086,-0.00768,-0.0015594905136691525
B154,b,h086,-0.009216,-0.0018713886164029828
B155,b,h086,-0.00576,-0.0011696178852518642
B157,c,h086,-0.00192,-0.00038987262841728813
B167,c,h086,-0.001536,-0.00031189810273383046
B168,c,h086,-0.001536,-0.00031189810273383046
B169,c,h086,-0.006528,-0.0013255669366187795
B173,b,h086,-0.003072,-0.0006237962054676609
B176,c,h086,-0.002304,-0.00046784715410074575
B177,c,h086,-0.003072,-0.0006237962054676609
B178,b,h086,-0.008832,-0.0017934140907195253
B185,c,h086,-0.000768,-0.00015594905136691523
B187,c,h086,-0.00576,-0.0011696178852518642
B188,c,h086,-0.0026880000000000003,-0.0005458216797842034
B189,c,h086,-0.012672000000000001,-0.0025731593475541016
B190,a,h086,-0.000768,-0.00015594905136691523
B199,b,h086,-0.0026880000000000003,-0.0005458216797842034
B202,a,h086,-0.000768,-0.00015594905136691523
B204,a,h086,-0.001152,-0.00023392357705037285
B222,a,h086,-0.000384,-7.797452568345762e-5
B233,a,h086,-0.0026880000000000003,-0.0005458216797842034
B259,b,h086,-0.00384,-0.0007797452568345763
B268,b,h086,-0.000768,-0.00015594905136691523
B269,b,h086,-0.009216,-0.0018713886164029828
B274,b,h086,-0.005376000000000001,-0.0010916433595684067
B277,b,h086,-0.002304,-0.0004678471541007457
B279,b,h086,-0.002304,-0.0004678471541007457
B284,b,h086,-0.002304,-0.0004678471541007457
B285,b,h086,-0.003072,-0.0006237962054676609
B287,a,h086,-0.003456,-0.0007017707311511186
B296,a,h086,-0.001536,-0.00031189810273383046
B13,a,h087,-0.001152,-0.00023392357705037285
B31,a,h087,-0.000768,-0.00015594905136691523
B39,a,h087,-0.001152,-0.00023392357705037285
B55,c,h087,-0.002304,-0.0004678471541007457
B56,c,h087,-0.001152,-0.00023392357705037285
B58,c,h087,-0.00192,-0.00038987262841728813
B59,c,h087,-0.00192,-0.00038987262841728813
B61,c,h087,-0.002304,-0.0004678471541007457
B69,a,h087,-0.005376000000000001,-0.0010916433595684067
B90,c,h087,-0.005376000000000001,-0.0010916433595684067
B99,c,h087,-0.0026880000000000003,-0.0005458216797842034
B110,c,h087,-0.003456,-0.0007017707311511186
B112,c,h087,-0.001536,-0.00031189810273383046
B118,c,h087,-0.001152,-0.00023392357705037285
B120,c,h087,-0.001536,-0.00031189810273383046
B123,c,h087,-0.0026880000000000003,-0.0005458216797842034
B124,c,h087,-0.001536,-0.00031189810273383046
B126,b,h087,-0.0026880000000000003,-0.0005458216797842034
B130,c,h087,-0.000768,-0.00015594905136691523
B137,c,h087,-0.012672000000000001,-0.002573159347554101
B138,c,h087,-0.010368,-0.0021053121934533556
B139,c,h087,-0.000768,-0.00015594905136691523
B140,c,h087,-0.009216,-0.0018713886164029828
B145,a,h087,-0.003072,-0.0006237962054676609
B146,a,h087,-0.001536,-0.00031189810273383046
B151,a,h087,-0.005376000000000001,-0.0010916433595684067
B154,b,h087,-0.009216,-0.0018713886164029828
B155,b,h087,-0.00576,-0.0011696178852518642
B157,c,h087,-0.00192,-0.00038987262841728813
B167,c,h087,-0.001152,-0.00023392357705037285
B168,c,h087,-0.001152,-0.00023392357705037285
B169,c,h087,-0.006528,-0.0013255669366187795
B173,b,h087,-0.00192,-0.00038987262841728813
B176,c,h087,-0.001536,-0.00031189810273383046
B177,c,h087,-0.0057599999999999995,-0.0010916433595684065
B178,b,h087,-0.00576,-0.0011696178852518642
B185,c,h087,-0.001152,-0.00023392357705037285
B187,c,h087,-0.003456,-0.0007017707311511186
B188,c,h087,-0.004992,-0.001013668833884949
B189,c,h087,-0.014592,-0.0029630319759713897
B190,a,h087,-0.000384,-7.797452568345762e-5
B199,b,h087,-0.00192,-0.00038987262841728813
B202,a,h087,-0.000384,-7.797452568345762e-5
B204,a,h087,-0.000768,-0.00015594905136691523
B222,a,h087,-0.000384,-7.797452568345762e-5
B233,a,h087,-0.00384,-0.0007797452568345763
B259,b,h087,-0.00384,-0.0007797452568345763
B268,b,h087,-0.000384,-7.797452568345762e-5
B269,b,h087,-0.0026880000000000003,-0.0005458216797842034
B274,b,h087,-0.008064,-0.00163746503935261
B277,b,h087,-0.006144,-0.0012475924109353219
B279,b,h087,-0.001536,-0.00031189810273383046
B284,b,h087,-0.001536,-0.00031189810273383046
B285,b,h087,-0.001536,-0.00031189810273383046
B287,a,h087,-0.003456,-0.0007017707311511186
B296,a,h087,-0.001536,-0.00031189810273383046
B13,a,h088,-0.001536,-0.00031189810273383046
B31,a,h088,-0.002304,-0.0004678471541007457
B39,a,h088,-0.001536,-0.00031189810273383046
B55,c,h088,-0.0026880000000000003,-0.0005458216797842034
B56,c,h088,-0.001536,-0.00031189810273383046
B58,c,h088,-0.001152,-0.00023392357705037285
B59,c,h088,-0.004608,-0.0009356943082014914
B61,c,h088,-0.0026880000000000003,-0.0005458216797842034
B69,a,h088,-0.002304,-0.0004678471541007457
B90,c,h088,-0.00576,-0.0011696178852518642
B99,c,h088,-0.00192,-0.00038987262841728813
B110,c,h088,-0.004608,-0.0009356943082014914
B112,c,h088,-0.001536,-0.00031189810273383046
B118,c,h088,-0.0026880000000000003,-0.0005458216797842034
B120,c,h088,-0.000768,-0.00015594905136691523
B123,c,h088,-0.001536,-0.00031189810273383046
B124,c,h088,-0.007296,-0.0014815159879856949
B126,b,h088,-0.000768,-0.00015594905136691523
B130,c,h088,-0.001152,-0.00023392357705037285
B137,c,h088,-0.010752000000000001,-0.0021832867191368135
B138,c,h088,-0.003072,-0.0006237962054676609
B139,c,h088,-0.002304,-0.0004678471541007457
B140,c,h088,-0.008832,-0.0017934140907195253
B145,a,h088,-0.0026880000000000003,-0.0005458216797842034
B146,a,h088,-0.007296,-0.0014815159879856949
B151,a,h088,-0.0026880000000000003,-0.0005458216797842034
B154,b,h088,-0.009216,-0.0018713886164029828
B155,b,h088,-0.006144,-0.0012475924109353219
B157,c,h088,-0.002304,-0.0004678471541007457
B167,c,h088,-0.00192,-0.00038987262841728813
B168,c,h088,-0.001152,-0.00023392357705037285
B169,c,h088,-0.006528,-0.0013255669366187795
B173,b,h088,-0.00192,-0.00038987262841728813
B176,c,h088,-0.003072,-0.0006237962054676609
B177,c,h088,-0.003072,-0.0006237962054676609
B178,b,h088,-0.004608,-0.0009356943082014914
B185,c,h088,-0.000384,-7.797452568345762e-5
B187,c,h088,-0.003456,-0.0007017707311511186
B188,c,h088,-0.0026880000000000003,-0.0005458216797842034
B189,c,h088,-0.02496,-0.005068344169424746
B190,a,h088,-0.000384,-7.797452568345762e-5
B199,b,h088,-0.00192,-0.00038987262841728813
B202,a,h088,-0.000768,-0.00015594905136691523
B204,a,h088,-0.000768,-0.00015594905136691523
B222,a,h088,-0.000384,-7.797452568345762e-5
B233,a,h088,-0.0026880000000000003,-0.0005458216797842034
B259,b,h088,-0.00384,-0.0007797452568345763
B268,b,h088,-0.000384,-7.797452568345762e-5
B269,b,h088,-0.003072,-0.0006237962054676609
B274,b,h088,-0.004992,-0.001013668833884949
B277,b,h088,-0.008832,-0.0017934140907195253
B279,b,h088,-0.00192,-0.00038987262841728813
B284,b,h088,-0.001536,-0.00031189810273383046
B285,b,h088,-0.00192,-0.00038987262841728813
B287,a,h088,-0.00384,-0.0007797452568345763
B296,a,h088,-0.001536,-0.00031189810273383046
B13,a,h089,-0.002304,-0.0004678471541007457
B31,a,h089,-0.000384,-7.797452568345762e-5
B39,a,h089,-0.003072,-0.0006237962054676609
B55,c,h089,-0.003456,-0.0007017707311511186
B56,c,h089,-0.004608,-0.0009356943082014914
B58,c,h089,-0.000768,-0.00015594905136691523
B59,c,h089,-0.000768,-0.00015594905136691523
B61,c,h089,-0.003072,-0.0006237962054676609
B69,a,h089,-0.002304,-0.0004678471541007457
B90,c,h089,-0.004224,-0.0008577197825180339
B99,c,h089,-0.001536,-0.00031189810273383046
B110,c,h089,-0.004608,-0.0009356943082014914
B112,c,h089,-0.001152,-0.00023392357705037285
B118,c,h089,-0.004224,-0.0008577197825180339
B120,c,h089,-0.002304,-0.0004678471541007457
B123,c,h089,-0.001536,-0.00031189810273383046
B124,c,h089,-0.00768,-0.0015594905136691525
B126,b,h089,-0.000768,-0.00015594905136691523
B130,c,h089,-0.001152,-0.00023392357705037285
B137,c,h089,-0.003072,-0.0006237962054676609
B138,c,h089,-0.006528,-0.0013255669366187795
B139,c,h089,-0.000768,-0.00015594905136691523
B140,c,h089,-0.008832,-0.0017934140907195253
B145,a,h089,-0.002304,-0.0004678471541007457
B146,a,h089,-0.001536,-0.00031189810273383046
B151,a,h089,-0.000768,-0.00015594905136691523
B154,b,h089,-0.009216,-0.0018713886164029828
B155,b,h089,-0.00576,-0.0011696178852518642
B157,c,h089,-0.00192,-0.00038987262841728813
B167,c,h089,-0.0026880000000000003,-0.0005458216797842034
B168,c,h089,-0.000768,-0.00015594905136691523
B169,c,h089,-0.006144,-0.0012475924109353219
B173,b,h089,-0.00192,-0.00038987262841728813
B176,c,h089,-0.001536,-0.00031189810273383046
B177,c,h089,-0.002304,-0.0004678471541007457
B178,b,h089,-0.00384,-0.0007797452568345763
B185,c,h089,-0.001152,-0.00023392357705037285
B187,c,h089,-0.006144,-0.0012475924109353219
B188,c,h089,-0.00384,-0.0007797452568345763
B189,c,h089,-0.011136,-0.002261261244820271
B190,a,h089,-0.000384,-7.797452568345762e-5
B199,b,h089,-0.003456,-0.0007017707311511186
B202,a,h089,-0.000384,-7.797452568345762e-5
B204,a,h089,-0.000768,-0.00015594905136691523
B222,a,h089,-0.000384,-7.797452568345762e-5
B233,a,h089,-0.00384,-0.0007797452568345763
B259,b,h089,-0.003456,-0.0007017707311511186
B268,b,h089,-0.000384,-7.797452568345762e-5
B269,b,h089,-0.001536,-0.00031189810273383046
B274,b,h089,-0.006144,-0.0012475924109353219
B277,b,h089,-0.00192,-0.00038987262841728813
B279,b,h089,-0.00192,-0.00038987262841728813
B284,b,h089,-0.001152,-0.00023392357705037285
B285,b,h089,-0.00192,-0.00038987262841728813
B287,a,h089,-0.003456,-0.0007017707311511186
B296,a,h089,-0.002304,-0.0004678471541007457
B13,a,h090,-0.00192,-0.00038987262841728813
B31,a,h090,-7.8e-5,-1.583857552945233e-5
B39,a,h090,-0.001263,-0.00025646308838074734
B55,c,h090,-0.011136,-0.002261261244820271
B56,c,h090,-0.003456,-0.0007017707311511186
B58,c,h090,-0.000384,-7.797452568345762e-5
B59,c,h090,-0.000768,-0.00015594905136691523
B61,c,h090,-0.004224,-0.0008577197825180339
B69,a,h090,-0.00114,-0.0002314868731227648
B90,c,h090,-0.00384,-0.0007797452568345763
B99,c,h090,-0.001536,-0.00031189810273383046
B110,c,h090,-0.003456,-0.0007017707311511186
B112,c,h090,-0.001536,-0.00031189810273383046
B118,c,h090,-0.011904,-0.0024172102961871863
B120,c,h090,-0.000768,-0.00015594905136691523
B123,c,h090,-0.00576,-0.0011696178852518642
B124,c,h090,-0.0026880000000000003,-0.0005458216797842034
B126,b,h090,-0.001536,-0.00031189810273383046
B130,c,h090,-0.001152,-0.00023392357705037285
B137,c,h090,-0.003072,-0.0006237962054676609
B138,c,h090,-0.010368,-0.0021053121934533556
B139,c,h090,-0.00192,-0.00038987262841728813
B140,c,h090,-0.01152,-0.0023392357705037284
B145,a,h090,-0.001152,-0.00023392357705037285
B146,a,h090,-0.002304,-0.0004678471541007457
B151,a,h090,-0.002304,-0.0004678471541007457
B154,b,h090,-0.009216,-0.0018713886164029828
B155,b,h090,-0.00576,-0.0011696178852518642
B157,c,h090,-0.00192,-0.00038987262841728813
B167,c,h090,-0.002304,-0.0004678471541007457
B168,c,h090,-0.001536,-0.00031189810273383046
B169,c,h090,-0.006528,-0.0013255669366187795
B173,b,h090,-0.003456,-0.0007017707311511186
B176,c,h090,-0.002304,-0.00046784715410074575
B177,c,h090,-0.006912,-0.0014035414623022372
B178,b,h090,-0.004608,-0.0009356943082014914
B185,c,h090,-0.000384,-7.797452568345762e-5
B187,c,h090,-0.006912,-0.0014035414623022372
B188,c,h090,-0.004224,-0.0008577197825180339
B189,c,h090,-0.009600000000000001,-0.0019493631420864407
B190,a,h090,-0.000384,-7.797452568345762e-5
B199,b,h090,-0.0026880000000000003,-0.0005458216797842034
B202,a,h090,-0.000768,-0.00015594905136691523
B204,a,h090,-0.000384,-7.797452568345762e-5
B222,a,h090,-0.000768,-0.00015594905136691523
B233,a,h090,-0.003072,-0.0006237962054676609
B259,b,h090,-0.001095,-0.00022234923339423463
B268,b,h090,-7.8e-5,-1.583857552945233e-5
B269,b,h090,-0.0013650000000000001,-0.00027717507176541577
B274,b,h090,-0.002994,-0.0006079576299382087
B277,b,h090,-0.000366,-7.431946979204555e-5
B279,b,h090,-0.0011250000000000001,-0.00022844099321325473
B284,b,h090,-0.000552,-0.00011208838066997033
B285,b,h090,-4.8e-5,-9.746815710432202e-6
B287,a,h090,-0.000798,-0.00016204081118593536
B296,a,h090,-0.000708,-0.000143765531728875
B13,a,h091,-0.00192,-0.00038987262841728813
B55,c,h091,-0.0026880000000000003,-0.0005458216797842034
B56,c,h091,-0.006144,-0.0012475924109353219
B58,c,h091,-0.000768,-0.00015594905136691523
B59,c,h091,-0.000768,-0.00015594905136691523
B61,c,h091,-0.003072,-0.0006237962054676609
B90,c,h091,-0.004608,-0.0009356943082014914
B99,c,h091,-0.003072,-0.0006237962054676609
B110,c,h091,-0.004608,-0.0009356943082014914
B112,c,h091,-0.001152,-0.00023392357705037285
B118,c,h091,-0.005376000000000001,-0.0010916433595684067
B120,c,h091,-0.0026880000000000003,-0.0005458216797842034
B123,c,h091,-0.010368,-0.0021053121934533556
B124,c,h091,-0.00576,-0.0011696178852518642
B126,b,h091,-0.001152,-0.00023392357705037285
B130,c,h091,-0.000768,-0.00015594905136691523
B137,c,h091,-0.002304,-0.0004678471541007457
B138,c,h091,-0.003456,-0.0007017707311511186
B139,c,h091,-0.000768,-0.00015594905136691523
B140,c,h091,-0.010368,-0.0021053121934533556
B145,a,h091,-0.001536,-0.00031189810273383046
B146,a,h091,-0.001536,-0.00031189810273383046
B151,a,h091,-0.00384,-0.0007797452568345763
B154,b,h091,-0.009600000000000001,-0.0019493631420864407
B155,b,h091,-0.00576,-0.0011696178852518642
B157,c,h091,-0.002304,-0.0004678471541007457
B167,c,h091,-0.00192,-0.00038987262841728813
B168,c,h091,-0.001152,-0.00023392357705037285
B169,c,h091,-0.006144,-0.0012475924109353219
B173,b,h091,-0.00192,-0.00038987262841728813
B176,c,h091,-0.004608,-0.0009356943082014914
B177,c,h091,-0.00384,-0.0007797452568345763
B178,b,h091,-0.004992,-0.001013668833884949
B185,c,h091,-0.001152,-0.00023392357705037285
B187,c,h091,-0.004608,-0.0009356943082014914
B188,c,h091,-0.003456,-0.0007017707311511186
B189,c,h091,-0.017664,-0.0035868281814390502
B190,a,h091,-0.000768,-0.00015594905136691523
B199,b,h091,-0.005376000000000001,-0.0010916433595684067
B202,a,h091,-0.000384,-7.797452568345762e-5
B204,a,h091,-0.004224,-0.0008577197825180339
B222,a,h091,-0.000384,-7.797452568345762e-5
B233,a,h091,-0.00384,-0.0007797452568345763
B13,a,h092,-0.003072,-0.0006237962054676609
B31,a,h092,-0.000204,-4.142396676933686e-5
B39,a,h092,-0.002409,-0.0004891683134673162
B55,c,h092,-0.004992,-0.001013668833884949
B56,c,h092,-0.007296,-0.0014815159879856949
B58,c,h092,-0.000384,-7.797452568345762e-5
B59,c,h092,-0.000768,-0.00015594905136691523
B61,c,h092,-0.00192,-0.00038987262841728813
B69,a,h092,-0.003036,-0.0006164860936848368
B90,c,h092,-0.009216,-0.0018713886164029828
B99,c,h092,-0.001536,-0.00031189810273383046
B110,c,h092,-0.004992,-0.001013668833884949
B112,c,h092,-0.001536,-0.00031189810273383046
B118,c,h092,-0.006528,-0.0013255669366187795
B120,c,h092,-0.000768,-0.00015594905136691523
B123,c,h092,-0.012288,-0.0024951848218706437
B124,c,h092,-0.0026880000000000003,-0.0005458216797842034
B126,b,h092,-0.002304,-0.0004678471541007457
B130,c,h092,-0.000768,-0.00015594905136691523
B137,c,h092,-0.0026880000000000003,-0.0005458216797842034
B138,c,h092,-0.001152,-0.00023392357705037285
B139,c,h092,-0.003456,-0.0007017707311511186
B140,c,h092,-0.005376000000000001,-0.0010916433595684067
B145,a,h092,-0.003456,-0.0007017707311511186
B146,a,h092,-0.004224,-0.0008577197825180339
B151,a,h092,-0.0026880000000000003,-0.0005458216797842034
B154,b,h092,-0.009600000000000001,-0.0019493631420864407
B155,b,h092,-0.006144,-0.0012475924109353219
B157,c,h092,-0.00192,-0.00038987262841728813
B167,c,h092,-0.001536,-0.00031189810273383046
B168,c,h092,-0.001152,-0.00023392357705037285
B169,c,h092,-0.006912,-0.0014035414623022372
B173,b,h092,-0.002304,-0.0004678471541007457
B176,c,h092,-0.00192,-0.00038987262841728813
B177,c,h092,-0.002304,-0.0004678471541007457
B178,b,h092,-0.004608,-0.0009356943082014914
B185,c,h092,-0.000384,-7.797452568345762e-5
B187,c,h092,-0.011904,-0.0024172102961871863
B188,c,h092,-0.003072,-0.0006237962054676609
B189,c,h092,-0.011904,-0.0024172102961871863
B190,a,h092,-0.000384,-7.797452568345762e-5
B199,b,h092,-0.004608,-0.0009356943082014914
B202,a,h092,-0.001152,-0.00023392357705037285
B204,a,h092,-0.002304,-0.0004678471541007457
B222,a,h092,-0.000384,-7.797452568345762e-5
B233,a,h092,-0.003072,-0.0006237962054676609
B259,b,h092,-0.003081,-0.000625623733413367
B268,b,h092,-0.000204,-4.142396676933686e-5
B269,b,h092,-0.004446,-0.0009027988051787827
B274,b,h092,-0.00747,-0.0015168481949360115
B277,b,h092,-0.00087,-0.00017666103475158369
B279,b,h092,-0.0030029999999999996,-0.0006097851578839147
B284,b,h092,-0.002208,-0.00044835352267988133
B285,b,h092,-0.000192,-3.898726284172881e-5
B287,a,h092,-0.00201,-0.0004081479078743485
B296,a,h092,-0.003612,-0.0007334478822100233
B13,a,h093,-0.001536,-0.00031189810273383046
B31,a,h093,-0.000384,-7.797452568345762e-5
B39,a,h093,-0.001536,-0.00031189810273383046
B55,c,h093,-0.0026880000000000003,-0.0005458216797842034
B56,c,h093,-0.008448,-0.0017154395650360679
B58,c,h093,-0.001152,-0.00023392357705037285
B59,c,h093,-0.002304,-0.0004678471541007457
B61,c,h093,-0.002304,-0.0004678471541007457
B69,a,h093,-0.002304,-0.0004678471541007457
B90,c,h093,-0.01728,-0.0035088536557555928
B99,c,h093,-0.0026880000000000003,-0.0005458216797842034
B110,c,h093,-0.003456,-0.0007017707311511186
B112,c,h093,-0.00192,-0.00038987262841728813
B118,c,h093,-0.008448,-0.0017154395650360679
B120,c,h093,-0.001536,-0.00031189810273383046
B123,c,h093,-0.00768,-0.0015594905136691525
B124,c,h093,-0.00192,-0.00038987262841728813
B126,b,h093,-0.000768,-0.00015594905136691523
B130,c,h093,-0.001152,-0.00023392357705037285
B131,b,h093,-0.000384,-7.797452568345762e-5
B137,c,h093,-0.00192,-0.00038987262841728813
B138,c,h093,-0.000768,-0.00015594905136691523
B139,c,h093,-0.000768,-0.00015594905136691523
B140,c,h093,-0.00768,-0.0015594905136691525
B145,a,h093,-0.002304,-0.0004678471541007457
B146,a,h093,-0.007296,-0.0014815159879856949
B151,a,h093,-0.009216,-0.0018713886164029828
B154,b,h093,-0.008832,-0.0017934140907195253
B155,b,h093,-0.00576,-0.0011696178852518642
B157,c,h093,-0.0026880000000000003,-0.0005458216797842034
B167,c,h093,-0.001536,-0.00031189810273383046
B168,c,h093,-0.001152,-0.00023392357705037285
B169,c,h093,-0.006144,-0.0012475924109353219
B173,b,h093,-0.002304,-0.0004678471541007457
B176,c,h093,-0.003072,-0.0006237962054676609
B177,c,h093,-0.00192,-0.00038987262841728813
B178,b,h093,-0.003456,-0.0007017707311511186
B185,c,h093,-0.001152,-0.00023392357705037285
B187,c,h093,-0.027648,-0.005614165849208949
B188,c,h093,-0.0026880000000000003,-0.0005458216797842034
B189,c,h093,-0.009600000000000001,-0.0019493631420864407
B190,a,h093,-0.000768,-0.00015594905136691523
B199,b,h093,-0.003072,-0.0006237962054676609
B202,a,h093,-0.001152,-0.00023392357705037285
B204,a,h093,-0.002304,-0.0004678471541007457
B222,a,h093,-0.000768,-0.00015594905136691523
B233,a,h093,-0.003456,-0.0007017707311511186
B259,b,h093,-0.00384,-0.0007797452568345763
B268,b,h093,-0.000384,-7.797452568345762e-5
B269,b,h093,-0.002304,-0.0004678471541007457
B274,b,h093,-0.005376000000000001,-0.0010916433595684067
B277,b,h093,-0.001536,-0.00031189810273383046
B279,b,h093,-0.00192,-0.00038987262841728813
B284,b,h093,-0.0026880000000000003,-0.0005458216797842034
B285,b,h093,-0.004224,-0.0008577197825180339
B287,a,h093,-0.003072,-0.0006237962054676609
B296,a,h093,-0.009984,-0.002027337667769898
B13,a,h094,-0.00192,-0.00038987262841728813
B31,a,h094,-0.000768,-0.00015594905136691523
B39,a,h094,-0.001536,-0.00031189810273383046
B55,c,h094,-0.003456,-0.0007017707311511186
B56,c,h094,-0.006912,-0.0014035414623022372
B58,c,h094,-0.001152,-0.00023392357705037285
B59,c,h094,-0.000768,-0.00015594905136691523
B61,c,h094,-0.0026880000000000003,-0.0005458216797842034
B69,a,h094,-0.004992,-0.001013668833884949
B90,c,h094,-0.004992,-0.001013668833884949
B99,c,h094,-0.003456,-0.0007017707311511186
B110,c,h094,-0.005376000000000001,-0.0010916433595684067
B112,c,h094,-0.001536,-0.00031189810273383046
B118,c,h094,-0.008832,-0.0017934140907195253
B120,c,h094,-0.001152,-0.00023392357705037285
B123,c,h094,-0.007296,-0.0014815159879856949
B124,c,h094,-0.0026880000000000003,-0.0005458216797842034
B126,b,h094,-0.001536,-0.00031189810273383046
B130,c,h094,-0.000384,-7.797452568345762e-5
B137,c,h094,-0.0026880000000000003,-0.0005458216797842034
B138,c,h094,-0.000768,-0.00015594905136691523
B139,c,h094,-0.002304,-0.0004678471541007457
B140,c,h094,-0.00384,-0.0007797452568345763
B145,a,h094,-0.00192,-0.00038987262841728813
B146,a,h094,-0.000768,-0.00015594905136691523
B151,a,h094,-0.001536,-0.00031189810273383046
B154,b,h094,-0.009216,-0.0018713886164029828
B155,b,h094,-0.00576,-0.0011696178852518642
B157,c,h094,-0.00192,-0.00038987262841728813
B167,c,h094,-0.001152,-0.00023392357705037285
B168,c,h094,-0.001152,-0.00023392357705037285
B169,c,h094,-0.006528,-0.0013255669366187795
B173,b,h094,-0.00192,-0.00038987262841728813
B176,c,h094,-0.00192,-0.0003898726284172881
B177,c,h094,-0.0038399999999999997,-0.0007017707311511186
B178,b,h094,-0.001536,-0.00031189810273383046
B185,c,h094,-0.000384,-7.797452568345762e-5
B187,c,h094,-0.006528,-0.0013255669366187795
B188,c,h094,-0.0026880000000000003,-0.0005458216797842034
B189,c,h094,-0.007296,-0.0014815159879856946
B190,a,h094,-0.001152,-0.00023392357705037285
B199,b,h094,-0.004992,-0.001013668833884949
B202,a,h094,-0.000384,-7.797452568345762e-5
B204,a,h094,-0.000768,-0.00015594905136691523
B222,a,h094,-0.000384,-7.797452568345762e-5
B233,a,h094,-0.00384,-0.0007797452568345763
B259,b,h094,-0.002304,-0.0004678471541007457
B269,b,h094,-0.001536,-0.00031189810273383046
B274,b,h094,-0.006528,-0.0013255669366187795
B277,b,h094,-0.001152,-0.00023392357705037285
B279,b,h094,-0.001152,-0.00023392357705037285
B284,b,h094,-0.001152,-0.00023392357705037285
B285,b,h094,-0.005376000000000001,-0.0010916433595684067
B287,a,h094,-0.003456,-0.0007017707311511186
B296,a,h094,-0.005376000000000001,-0.0010916433595684067
B13,a,h095,-0.001152,-0.00023392357705037285
B31,a,h095,-0.000384,-7.797452568345762e-5
B39,a,h095,-0.001536,-0.00031189810273383046
B55,c,h095,-0.0026880000000000003,-0.0005458216797842034
B56,c,h095,-0.004224,-0.0008577197825180339
B58,c,h095,-0.000768,-0.00015594905136691523
B59,c,h095,-0.000768,-0.00015594905136691523
B61,c,h095,-0.00192,-0.00038987262841728813
B69,a,h095,-0.006528,-0.0013255669366187795
B90,c,h095,-0.00384,-0.0007797452568345763
B99,c,h095,-0.003456,-0.0007017707311511186
B110,c,h095,-0.006144,-0.0012475924109353219
B112,c,h095,-0.00192,-0.00038987262841728813
B118,c,h095,-0.002304,-0.0004678471541007457
B120,c,h095,-0.001536,-0.00031189810273383046
B123,c,h095,-0.001152,-0.00023392357705037285
B124,c,h095,-0.00192,-0.00038987262841728813
B126,b,h095,-0.00192,-0.00038987262841728813
B130,c,h095,-0.000768,-0.00015594905136691523
B137,c,h095,-0.002304,-0.0004678471541007457
B138,c,h095,-0.000768,-0.00015594905136691523
B139,c,h095,-0.000768,-0.00015594905136691523
B140,c,h095,-0.004608,-0.0009356943082014914
B145,a,h095,-0.000768,-0.00015594905136691523
B146,a,h095,-0.000768,-0.00015594905136691523
B151,a,h095,-0.000768,-0.00015594905136691523
B154,b,h095,-0.009216,-0.0018713886164029828
B155,b,h095,-0.005376000000000001,-0.0010916433595684067
B157,c,h095,-0.002304,-0.0004678471541007457
B167,c,h095,-0.000768,-0.00015594905136691523
B168,c,h095,-0.001536,-0.00031189810273383046
B169,c,h095,-0.004608,-0.0009356943082014914
B173,b,h095,-0.00192,-0.00038987262841728813
B176,c,h095,-0.00192,-0.0003898726284172881
B177,c,h095,-0.00192,-0.00038987262841728813
B178,b,h095,-0.000768,-0.00015594905136691523
B185,c,h095,-0.001152,-0.00023392357705037285
B187,c,h095,-0.003072,-0.0006237962054676609
B188,c,h095,-0.002304,-0.0004678471541007457
B189,c,h095,-0.006528,-0.0013255669366187795
B190,a,h095,-0.001152,-0.00023392357705037285
B199,b,h095,-0.002304,-0.0004678471541007457
B202,a,h095,-0.000768,-0.00015594905136691523
B204,a,h095,-0.000768,-0.00015594905136691523
B222,a,h095,-0.000768,-0.00015594905136691523
B233,a,h095,-0.0026880000000000003,-0.0005458216797842034
B259,b,h095,-0.002304,-0.0004678471541007457
B268,b,h095,-0.000384,-7.797452568345762e-5
B269,b,h095,-0.001536,-0.00031189810273383046
B274,b,h095,-0.007296,-0.0014815159879856949
B277,b,h095,-0.001536,-0.00031189810273383046
B279,b,h095,-0.000768,-0.00015594905136691523
B284,b,h095,-0.001152,-0.00023392357705037285
B285,b,h095,-0.00192,-0.00038987262841728813
B287,a,h095,-0.003072,-0.0006237962054676609
B296,a,h095,-0.005376000000000001,-0.0010916433595684067
B13,a,h096,-0.000768,-0.00015594905136691523
B31,a,h096,-0.000768,-0.00015594905136691523
B39,a,h096,-0.001536,-0.00031189810273383046
B55,c,h096,-0.001536,-0.00031189810273383046
B56,c,h096,-0.006144,-0.0012475924109353219
B58,c,h096,-0.000768,-0.00015594905136691523
B59,c,h096,-0.000768,-0.00015594905136691523
B61,c,h096,-0.002304,-0.0004678471541007457
B69,a,h096,-0.001536,-0.00031189810273383046
B90,c,h096,-0.00384,-0.0007797452568345763
B99,c,h096,-0.002304,-0.0004678471541007457
B110,c,h096,-0.004992,-0.001013668833884949
B112,c,h096,-0.001536,-0.00031189810273383046
B118,c,h096,-0.00192,-0.00038987262841728813
B120,c,h096,-0.001536,-0.00031189810273383046
B123,c,h096,-0.001152,-0.00023392357705037285
B124,c,h096,-0.001536,-0.00031189810273383046
B126,b,h096,-0.000768,-0.00015594905136691523
B130,c,h096,-0.000384,-7.797452568345762e-5
B137,c,h096,-0.0026880000000000003,-0.0005458216797842034
B138,c,h096,-0.000768,-0.00015594905136691523
B139,c,h096,-0.000768,-0.00015594905136691523
B140,c,h096,-0.004992,-0.001013668833884949
B145,a,h096,-0.001152,-0.00023392357705037285
B146,a,h096,-0.000384,-7.797452568345762e-5
B151,a,h096,-0.003072,-0.0006237962054676609
B154,b,h096,-0.009600000000000001,-0.0019493631420864407
B155,b,h096,-0.005376000000000001,-0.0010916433595684067
B157,c,h096,-0.00192,-0.00038987262841728813
B167,c,h096,-0.001152,-0.00023392357705037285
B168,c,h096,-0.000768,-0.00015594905136691523
B169,c,h096,-0.003072,-0.0006237962054676609
B173,b,h096,-0.001536,-0.00031189810273383046
B176,c,h096,-0.00192,-0.00038987262841728813
B177,c,h096,-0.002304,-0.0004678471541007457
B178,b,h096,-0.000384,-7.797452568345762e-5
B185,c,h096,-0.000384,-7.797452568345762e-5
B187,c,h096,-0.004224,-0.0008577197825180339
B188,c,h096,-0.002304,-0.0004678471541007457
B189,c,h096,-0.006144,-0.0012475924109353219
B190,a,h096,-0.00192,-0.00038987262841728813
B199,b,h096,-0.001536,-0.00031189810273383046
B202,a,h096,-0.000768,-0.00015594905136691523
B204,a,h096,-0.001152,-0.00023392357705037285
B222,a,h096,-0.000384,-7.797452568345762e-5
B233,a,h096,-0.00384,-0.0007797452568345763
B259,b,h096,-0.00192,-0.00038987262841728813
B268,b,h096,-0.000384,-7.797452568345762e-5
B269,b,h096,-0.001152,-0.00023392357705037285
B274,b,h096,-0.006912,-0.0014035414623022372
B277,b,h096,-0.001152,-0.00023392357705037285
B279,b,h096,-0.001152,-0.00023392357705037285
B284,b,h096,-0.00192,-0.00038987262841728813
B285,b,h096,-0.001536,-0.00031189810273383046
B287,a,h096,-0.003072,-0.0006237962054676609
B296,a,h096,-0.002304,-0.0004678471541007457
B13,a,h097,-0.001152,-0.00023392357705037285
B31,a,h097,-0.000768,-0.00015594905136691523
B39,a,h097,-0.0026880000000000003,-0.0005458216797842034
B55,c,h097,-0.001536,-0.00031189810273383046
B56,c,h097,-0.003456,-0.0007017707311511186
B58,c,h097,-0.000384,-7.797452568345762e-5
B59,c,h097,-0.000768,-0.00015594905136691523
B61,c,h097,-0.00192,-0.00038987262841728813
B69,a,h097,-0.001152,-0.00023392357705037285
B90,c,h097,-0.004224,-0.0008577197825180339
B99,c,h097,-0.00192,-0.00038987262841728813
B110,c,h097,-0.00384,-0.0007797452568345763
B112,c,h097,-0.00192,-0.00038987262841728813
B118,c,h097,-0.001536,-0.00031189810273383046
B120,c,h097,-0.001152,-0.00023392357705037285
B123,c,h097,-0.0026880000000000003,-0.0005458216797842034
B124,c,h097,-0.002304,-0.0004678471541007457
B126,b,h097,-0.000768,-0.00015594905136691523
B130,c,h097,-0.000768,-0.00015594905136691523
B137,c,h097,-0.0026880000000000003,-0.0005458216797842034
B138,c,h097,-0.000768,-0.00015594905136691523
B139,c,h097,-0.000768,-0.00015594905136691523
B140,c,h097,-0.004224,-0.0008577197825180339
B145,a,h097,-0.000768,-0.00015594905136691523
B146,a,h097,-0.000384,-7.797452568345762e-5
B151,a,h097,-0.001152,-0.00023392357705037285
B154,b,h097,-0.009216,-0.0018713886164029828
B155,b,h097,-0.005376000000000001,-0.0010916433595684067
B157,c,h097,-0.002304,-0.0004678471541007457
B167,c,h097,-0.000768,-0.00015594905136691523
B168,c,h097,-0.000768,-0.00015594905136691523
B169,c,h097,-0.003072,-0.0006237962054676609
B173,b,h097,-0.001152,-0.00023392357705037285
B176,c,h097,-0.00192,-0.0003898726284172881
B177,c,h097,-0.003072,-0.0006237962054676609
B178,b,h097,-0.001536,-0.00031189810273383046
B185,c,h097,-0.001152,-0.00023392357705037285
B187,c,h097,-0.006528,-0.0013255669366187795
B188,c,h097,-0.002304,-0.0004678471541007457
B189,c,h097,-0.006912,-0.0014035414623022372
B190,a,h097,-0.001536,-0.00031189810273383046
B199,b,h097,-0.00192,-0.00038987262841728813
B202,a,h097,-0.000768,-0.00015594905136691523
B204,a,h097,-0.001152,-0.00023392357705037285
B222,a,h097,-0.000384,-7.797452568345762e-5
B233,a,h097,-0.003072,-0.0006237962054676609
B259,b,h097,-0.00192,-0.00038987262841728813
B269,b,h097,-0.000768,-0.00015594905136691523
B274,b,h097,-0.007296,-0.0014815159879856949
B277,b,h097,-0.001536,-0.00031189810273383046
B279,b,h097,-0.001152,-0.00023392357705037285
B284,b,h097,-0.001152,-0.00023392357705037285
B285,b,h097,-0.0026880000000000003,-0.0005458216797842034
B287,a,h097,-0.003456,-0.0007017707311511186
B296,a,h097,-0.00192,-0.00038987262841728813
B13,a,h098,-0.001152,-0.00023392357705037285
B39,a,h098,-0.001536,-0.00031189810273383046
B55,c,h098,-0.001152,-0.00023392357705037285
B56,c,h098,-0.0026880000000000003,-0.0005458216797842034
B58,c,h098,-0.000768,-0.00015594905136691523
B59,c,h098,-0.000384,-7.797452568345762e-5
B61,c,h098,-0.002304,-0.0004678471541007457
B69,a,h098,-0.000768,-0.00015594905136691523
B90,c,h098,-0.00384,-0.0007797452568345763
B99,c,h098,-0.001152,-0.00023392357705037285
B110,c,h098,-0.005376000000000001,-0.0010916433595684067
B112,c,h098,-0.001536,-0.00031189810273383046
B118,c,h098,-0.001536,-0.00031189810273383046
B120,c,h098,-0.001536,-0.00031189810273383046
B123,c,h098,-0.001536,-0.00031189810273383046
B124,c,h098,-0.001536,-0.00031189810273383046
B126,b,h098,-0.001152,-0.00023392357705037285
B130,c,h098,-0.000384,-7.797452568345762e-5
B137,c,h098,-0.0026880000000000003,-0.0005458216797842034
B138,c,h098,-0.00384,-0.0007797452568345763
B139,c,h098,-0.000384,-7.797452568345762e-5
B140,c,h098,-0.004992,-0.001013668833884949
B145,a,h098,-0.000768,-0.00015594905136691523
B146,a,h098,-0.000768,-0.00015594905136691523
B151,a,h098,-0.000768,-0.00015594905136691523
B154,b,h098,-0.009216,-0.0018713886164029828
B155,b,h098,-0.005376000000000001,-0.0010916433595684067
B157,c,h098,-0.003072,-0.0006237962054676609
B167,c,h098,-0.001152,-0.00023392357705037285
B168,c,h098,-0.000768,-0.00015594905136691523
B169,c,h098,-0.003072,-0.0006237962054676609
B173,b,h098,-0.000768,-0.00015594905136691523
B176,c,h098,-0.00192,-0.0003898726284172881
B177,c,h098,-0.001536,-0.00031189810273383046
B178,b,h098,-0.001152,-0.00023392357705037285
B185,c,h098,-0.000768,-0.00015594905136691523
B187,c,h098,-0.004608,-0.0009356943082014914
B188,c,h098,-0.002304,-0.0004678471541007457
B189,c,h098,-0.00576,-0.0011696178852518644
B190,a,h098,-0.001536,-0.00031189810273383046
B199,b,h098,-0.00192,-0.00038987262841728813
B202,a,h098,-0.000768,-0.00015594905136691523
B204,a,h098,-0.000768,-0.00015594905136691523
B222,a,h098,-0.000768,-0.00015594905136691523
B233,a,h098,-0.003456,-0.0007017707311511186
B259,b,h098,-0.00192,-0.00038987262841728813
B268,b,h098,-0.000384,-7.797452568345762e-5
B269,b,h098,-0.000768,-0.00015594905136691523
B274,b,h098,-0.00768,-0.0015594905136691525
B277,b,h098,-0.001536,-0.00031189810273383046
B279,b,h098,-0.000768,-0.00015594905136691523
B284,b,h098,-0.001536,-0.00031189810273383046
B285,b,h098,-0.00192,-0.00038987262841728813
B287,a,h098,-0.003456,-0.0007017707311511186
B296,a,h098,-0.00192,-0.00038987262841728813
B13,a,h099,-0.000768,-0.00015594905136691523
B31,a,h099,-0.000768,-0.00015594905136691523
B39,a,h099,-0.001152,-0.00023392357705037285
B55,c,h099,-0.00192,-0.00038987262841728813
B56,c,h099,-0.001152,-0.00023392357705037285
B58,c,h099,-0.000768,-0.00015594905136691523
B59,c,h099,-0.000768,-0.00015594905136691523
B61,c,h099,-0.00192,-0.00038987262841728813
B69,a,h099,-0.001152,-0.00023392357705037285
B90,c,h099,-0.004224,-0.0008577197825180339
B99,c,h099,-0.003072,-0.0006237962054676609
B110,c,h099,-0.004608,-0.0009356943082014914
B112,c,h099,-0.002304,-0.0004678471541007457
B118,c,h099,-0.00192,-0.00038987262841728813
B120,c,h099,-0.000768,-0.00015594905136691523
B123,c,h099,-0.00192,-0.00038987262841728813
B124,c,h099,-0.001536,-0.00031189810273383046
B126,b,h099,-0.000768,-0.00015594905136691523
B130,c,h099,-0.000768,-0.00015594905136691523
B137,c,h099,-0.0026880000000000003,-0.0005458216797842034
B138,c,h099,-0.006144,-0.0012475924109353219
B139,c,h099,-0.001152,-0.00023392357705037285
B140,c,h099,-0.004992,-0.001013668833884949
B145,a,h099,-0.00192,-0.00038987262841728813
B146,a,h099,-0.000384,-7.797452568345762e-5
B151,a,h099,-0.000384,-7.797452568345762e-5
B154,b,h099,-0.009216,-0.0018713886164029828
B155,b,h099,-0.005376000000000001,-0.0010916433595684067
B157,c,h099,-0.002304,-0.0004678471541007457
B167,c,h099,-0.000768,-0.00015594905136691523
B168,c,h099,-0.000768,-0.00015594905136691523
B169,c,h099,-0.003072,-0.0006237962054676609
B173,b,h099,-0.000768,-0.00015594905136691523
B176,c,h099,-0.00192,-0.00038987262841728813
B177,c,h099,-0.003072,-0.0006237962054676609
B178,b,h099,-0.000768,-0.00015594905136691523
B185,c,h099,-0.000384,-7.797452568345762e-5
B187,c,h099,-0.003456,-0.0007017707311511186
B188,c,h099,-0.003456,-0.0007017707311511186
B189,c,h099,-0.006144,-0.0012475924109353219
B190,a,h099,-0.001536,-0.00031189810273383046
B199,b,h099,-0.001152,-0.00023392357705037285
B202,a,h099,-0.000384,-7.797452568345762e-5
B204,a,h099,-0.000768,-0.00015594905136691523
B222,a,h099,-0.000384,-7.797452568345762e-5
B233,a,h099,-0.003456,-0.0007017707311511186
B259,b,h099,-0.00192,-0.00038987262841728813
B268,b,h099,-0.000384,-7.797452568345762e-5
B269,b,h099,-0.000768,-0.00015594905136691523
B274,b,h099,-0.005376000000000001,-0.0010916433595684067
B277,b,h099,-0.001536,-0.00031189810273383046
B279,b,h099,-0.000384,-7.797452568345762e-5
B284,b,h099,-0.001152,-0.00023392357705037285
B285,b,h099,-0.001152,-0.00023392357705037285
B287,a,h099,-0.003456,-0.0007017707311511186
B296,a,h099,-0.00192,-0.00038987262841728813
B13,a,h100,-0.001152,-0.00023392357705037285
B31,a,h100,-0.000768,-0.00015594905136691523
B39,a,h100,-0.001152,-0.00023392357705037285
B55,c,h100,-0.00192,-0.00038987262841728813
B56,c,h100,-0.001152,-0.00023392357705037285
B58,c,h100,-0.000384,-7.797452568345762e-5
B59,c,h100,-0.00192,-0.00038987262841728813
B61,c,h100,-0.002304,-0.0004678471541007457
B69,a,h100,-0.001536,-0.00031189810273383046
B90,c,h100,-0.00384,-0.0007797452568345763
B99,c,h100,-0.0026880000000000003,-0.0005458216797842034
B110,c,h100,-0.004992,-0.001013668833884949
B112,c,h100,-0.001536,-0.00031189810273383046
B118,c,h100,-0.001536,-0.00031189810273383046
B120,c,h100,-0.000768,-0.00015594905136691523
B123,c,h100,-0.001536,-0.00031189810273383046
B124,c,h100,-0.001536,-0.00031189810273383046
B126,b,h100,-0.000768,-0.00015594905136691523
B130,c,h100,-0.000768,-0.00015594905136691523
B137,c,h100,-0.0026880000000000003,-0.0005458216797842034
B138,c,h100,-0.00768,-0.0015594905136691525
B139,c,h100,-0.000768,-0.00015594905136691523
B140,c,h100,-0.004992,-0.001013668833884949
B145,a,h100,-0.001152,-0.00023392357705037285
B146,a,h100,-0.000384,-7.797452568345762e-5
B151,a,h100,-0.002304,-0.0004678471541007457
B154,b,h100,-0.009600000000000001,-0.0019493631420864407
B155,b,h100,-0.005376000000000001,-0.0010916433595684067
B157,c,h100,-0.002304,-0.0004678471541007457
B167,c,h100,-0.001152,-0.00023392357705037285
B168,c,h100,-0.000384,-7.797452568345762e-5
B169,c,h100,-0.003456,-0.0007017707311511186
B173,b,h100,-0.000768,-0.00015594905136691523
B176,c,h100,-0.0026880000000000003,-0.0005458216797842034
B177,c,h100,-0.00192,-0.00038987262841728813
B178,b,h100,-0.000768,-0.00015594905136691523
B185,c,h100,-0.000768,-0.00015594905136691523
B187,c,h100,-0.006528,-0.0013255669366187795
B188,c,h100,-0.002304,-0.0004678471541007457
B189,c,h100,-0.006144,-0.0012475924109353219
B190,a,h100,-0.001152,-0.00023392357705037285
B199,b,h100,-0.001536,-0.00031189810273383046
B202,a,h100,-0.000768,-0.00015594905136691523
B204,a,h100,-0.001152,-0.00023392357705037285
B222,a,h100,-0.000768,-0.00015594905136691523
B233,a,h100,-0.003072,-0.0006237962054676609
B259,b,h100,-0.00192,-0.00038987262841728813
B269,b,h100,-0.001152,-0.00023392357705037285
B274,b,h100,-0.009984,-0.002027337667769898
B277,b,h100,-0.001152,-0.00023392357705037285
B279,b,h100,-0.000768,-0.00015594905136691523
B284,b,h100,-0.001536,-0.00031189810273383046
B285,b,h100,-0.001536,-0.00031189810273383046
B287,a,h100,-0.003456,-0.0007017707311511186
B296,a,h100,-0.001536,-0.00031189810273383046
B13,a,h101,-0.000768,-0.00015594905136691523
B31,a,h101,-0.000384,-7.797452568345762e-5
B39,a,h101,-0.00192,-0.00038987262841728813
B55,c,h101,-0.001536,-0.00031189810273383046
B56,c,h101,-0.0026880000000000003,-0.0005458216797842034
B58,c,h101,-0.001152,-0.00023392357705037285
B59,c,h101,-0.001152,-0.00023392357705037285
B61,c,h101,-0.002304,-0.0004678471541007457
B69,a,h101,-0.001152,-0.00023392357705037285
B90,c,h101,-0.005376000000000001,-0.0010916433595684067
B99,c,h101,-0.004608,-0.0009356943082014914
B110,c,h101,-0.003456,-0.0007017707311511186
B112,c,h101,-0.001536,-0.00031189810273383046
B118,c,h101,-0.002304,-0.0004678471541007457
B120,c,h101,-0.000384,-7.797452568345762e-5
B123,c,h101,-0.005376000000000001,-0.0010916433595684067
B124,c,h101,-0.0026880000000000003,-0.0005458216797842034
B126,b,h101,-0.000768,-0.00015594905136691523
B130,c,h101,-0.000768,-0.00015594905136691523
B131,b,h101,-0.000384,-7.797452568345762e-5
B137,c,h101,-0.0026880000000000003,-0.0005458216797842034
B138,c,h101,-0.001152,-0.00023392357705037285
B139,c,h101,-0.000384,-7.797452568345762e-5
B140,c,h101,-0.004992,-0.001013668833884949
B145,a,h101,-0.001536,-0.00031189810273383046
B146,a,h101,-0.000768,-0.00015594905136691523
B151,a,h101,-0.000384,-7.797452568345762e-5
B154,b,h101,-0.009216,-0.0018713886164029828
B155,b,h101,-0.004992,-0.001013668833884949
B157,c,h101,-0.0026880000000000003,-0.0005458216797842034
B167,c,h101,-0.000768,-0.00015594905136691523
B168,c,h101,-0.000768,-0.00015594905136691523
B169,c,h101,-0.003072,-0.0006237962054676609
B173,b,h101,-0.000768,-0.00015594905136691523
B176,c,h101,-0.00192,-0.00038987262841728813
B177,c,h101,-0.001536,-0.00031189810273383046
B178,b,h101,-0.00192,-0.00038987262841728813
B185,c,h101,-0.001152,-0.00023392357705037285
B187,c,h101,-0.0026880000000000003,-0.0005458216797842034
B188,c,h101,-0.00192,-0.00038987262841728813
B189,c,h101,-0.00576,-0.0011696178852518644
B190,a,h101,-0.001152,-0.00023392357705037285
B199,b,h101,-0.001536,-0.00031189810273383046
B202,a,h101,-0.000768,-0.00015594905136691523
B204,a,h101,-0.000768,-0.00015594905136691523
B222,a,h101,-0.000384,-7.797452568345762e-5
B233,a,h101,-0.00384,-0.0007797452568345763
B259,b,h101,-0.003456,-0.0007017707311511186
B268,b,h101,-0.000384,-7.797452568345762e-5
B269,b,h101,-0.00192,-0.00038987262841728813
B274,b,h101,-0.007296,-0.0014815159879856949
B277,b,h101,-0.001536,-0.00031189810273383046
B279,b,h101,-0.002304,-0.0004678471541007457
B284,b,h101,-0.001152,-0.00023392357705037285
B285,b,h101,-0.001152,-0.00023392357705037285
B287,a,h101,-0.00384,-0.0007797452568345763
B296,a,h101,-0.002304,-0.0004678471541007457
B13,a,h102,-0.001152,-0.00023392357705037285
B31,a,h102,-0.000768,-0.00015594905136691523
B39,a,h102,-0.001536,-0.00031189810273383046
B55,c,h102,-0.001536,-0.00031189810273383046
B56,c,h102,-0.001536,-0.00031189810273383046
B58,c,h102,-0.001152,-0.00023392357705037285
B59,c,h102,-0.000768,-0.00015594905136691523
B61,c,h102,-0.002304,-0.0004678471541007457
B69,a,h102,-0.001536,-0.00031189810273383046
B90,c,h102,-0.004224,-0.0008577197825180339
B99,c,h102,-0.003456,-0.0007017707311511186
B110,c,h102,-0.004992,-0.001013668833884949
B112,c,h102,-0.00192,-0.00038987262841728813
B118,c,h102,-0.00192,-0.00038987262841728813
B120,c,h102,-0.001536,-0.00031189810273383046
B123,c,h102,-0.003072,-0.0006237962054676609
B124,c,h102,-0.001152,-0.00023392357705037285
B126,b,h102,-0.001152,-0.00023392357705037285
B130,c,h102,-0.000384,-7.797452568345762e-5
B137,c,h102,-0.003456,-0.0007017707311511186
B138,c,h102,-0.000768,-0.00015594905136691523
B139,c,h102,-0.000768,-0.00015594905136691523
B140,c,h102,-0.003456,-0.0007017707311511186
B145,a,h102,-0.001536,-0.00031189810273383046
B146,a,h102,-0.00192,-0.00038987262841728813
B151,a,h102,-0.000768,-0.00015594905136691523
B154,b,h102,-0.008832,-0.0017934140907195253
B155,b,h102,-0.005376000000000001,-0.0010916433595684067
B157,c,h102,-0.0026880000000000003,-0.0005458216797842034
B167,c,h102,-0.001152,-0.00023392357705037285
B168,c,h102,-0.001152,-0.00023392357705037285
B169,c,h102,-0.003456,-0.0007017707311511186
B173,b,h102,-0.002304,-0.0004678471541007457
B176,c,h102,-0.00192,-0.0003898726284172881
B177,c,h102,-0.003072,-0.0005458216797842034
B178,b,h102,-0.003456,-0.0007017707311511186
B185,c,h102,-0.000768,-0.00015594905136691523
B187,c,h102,-0.003456,-0.0007017707311511186
B188,c,h102,-0.002304,-0.0004678471541007457
B189,c,h102,-0.00576,-0.0011696178852518644
B190,a,h102,-0.000768,-0.00015594905136691523
B199,b,h102,-0.00384,-0.0007797452568345763
B202,a,h102,-0.000768,-0.00015594905136691523
B204,a,h102,-0.000768,-0.00015594905136691523
B222,a,h102,-0.000384,-7.797452568345762e-5
B233,a,h102,-0.0026880000000000003,-0.0005458216797842034
B259,b,h102,-0.006144,-0.0012475924109353219
B268,b,h102,-0.000384,-7.797452568345762e-5
B269,b,h102,-0.00192,-0.00038987262841728813
B274,b,h102,-0.007296,-0.0014815159879856949
B277,b,h102,-0.001536,-0.00031189810273383046
B279,b,h102,-0.001152,-0.00023392357705037285
B284,b,h102,-0.001536,-0.00031189810273383046
B285,b,h102,-0.00192,-0.00038987262841728813
B287,a,h102,-0.003456,-0.0007017707311511186
B296,a,h102,-0.00192,-0.00038987262841728813
B13,a,h103,-0.000768,-0.00015594905136691523
B31,a,h103,-0.000768,-0.00015594905136691523
B39,a,h103,-0.0026880000000000003,-0.0005458216797842034
B55,c,h103,-0.0026880000000000003,-0.0005458216797842034
B56,c,h103,-0.001152,-0.00023392357705037285
B58,c,h103,-0.000768,-0.00015594905136691523
B59,c,h103,-0.000768,-0.00015594905136691523
B61,c,h103,-0.003456,-0.0007017707311511186
B69,a,h103,-0.00192,-0.00038987262841728813
B90,c,h103,-0.004224,-0.0008577197825180339
B99,c,h103,-0.002304,-0.0004678471541007457
B110,c,h103,-0.004992,-0.001013668833884949
B112,c,h103,-0.001536,-0.00031189810273383046
B118,c,h103,-0.002304,-0.0004678471541007457
B120,c,h103,-0.000768,-0.00015594905136691523
B123,c,h103,-0.004992,-0.001013668833884949
B124,c,h103,-0.001536,-0.00031189810273383046
B126,b,h103,-0.000768,-0.00015594905136691523
B130,c,h103,-0.000768,-0.00015594905136691523
B137,c,h103,-0.00576,-0.0011696178852518642
B138,c,h103,-0.001152,-0.00023392357705037285
B139,c,h103,-0.00192,-0.00038987262841728813
B140,c,h103,-0.001536,-0.00031189810273383046
B145,a,h103,-0.003456,-0.0007017707311511186
B146,a,h103,-0.006912,-0.0014035414623022372
B151,a,h103,-0.000768,-0.00015594905136691523
B154,b,h103,-0.009216,-0.0018713886164029828
B155,b,h103,-0.00576,-0.0011696178852518642
B157,c,h103,-0.0026880000000000003,-0.0005458216797842034
B167,c,h103,-0.001536,-0.00031189810273383046
B168,c,h103,-0.001152,-0.00023392357705037285
B169,c,h103,-0.003072,-0.0006237962054676609
B173,b,h103,-0.00192,-0.00038987262841728813
B176,c,h103,-0.00384,-0.0007797452568345763
B177,c,h103,-0.001152,-0.00023392357705037285
B178,b,h103,-0.004992,-0.001013668833884949
B185,c,h103,-0.000768,-0.00015594905136691523
B187,c,h103,-0.00576,-0.0011696178852518642
B188,c,h103,-0.0026880000000000003,-0.0005458216797842034
B189,c,h103,-0.005376000000000001,-0.0010916433595684067
B190,a,h103,-0.000768,-0.00015594905136691523
B199,b,h103,-0.004608,-0.0009356943082014914
B202,a,h103,-0.000768,-0.00015594905136691523
B204,a,h103,-0.001536,-0.00031189810273383046
B222,a,h103,-0.000384,-7.797452568345762e-5
B233,a,h103,-0.003456,-0.0007017707311511186
B259,b,h103,-0.00576,-0.0011696178852518642
B268,b,h103,-0.000384,-7.797452568345762e-5
B269,b,h103,-0.00192,-0.00038987262841728813
B274,b,h103,-0.006528,-0.0013255669366187795
B277,b,h103,-0.001536,-0.00031189810273383046
B279,b,h103,-0.001536,-0.00031189810273383046
B284,b,h103,-0.010752000000000001,-0.0021832867191368135
B285,b,h103,-0.0026880000000000003,-0.0005458216797842034
B287,a,h103,-0.003456,-0.0007017707311511186
B296,a,h103,-0.002304,-0.0004678471541007457
B13,a,h104,-0.001152,-0.00023392357705037285
B31,a,h104,-0.000768,-0.00015594905136691523
B39,a,h104,-0.00192,-0.00038987262841728813
B55,c,h104,-0.0026880000000000003,-0.0005458216797842034
B56,c,h104,-0.001152,-0.00023392357705037285
B58,c,h104,-0.000768,-0.00015594905136691523
B59,c,h104,-0.001152,-0.00023392357705037285
B61,c,h104,-0.003072,-0.0006237962054676609
B69,a,h104,-0.00192,-0.00038987262841728813
B90,c,h104,-0.004224,-0.0008577197825180339
B99,c,h104,-0.001152,-0.00023392357705037285
B110,c,h104,-0.004992,-0.001013668833884949
B112,c,h104,-0.001152,-0.00023392357705037285
B118,c,h104,-0.001536,-0.00031189810273383046
B120,c,h104,-0.000768,-0.00015594905136691523
B123,c,h104,-0.00576,-0.0011696178852518642
B124,c,h104,-0.00192,-0.00038987262841728813
B126,b,h104,-0.000768,-0.00015594905136691523
B130,c,h104,-0.000384,-7.797452568345762e-5
B137,c,h104,-0.010752000000000001,-0.0021832867191368135
B138,c,h104,-0.000768,-0.00015594905136691523
B139,c,h104,-0.000768,-0.00015594905136691523
B140,c,h104,-0.000384,-7.797452568345762e-5
B145,a,h104,-0.00192,-0.00038987262841728813
B146,a,h104,-0.005376000000000001,-0.0010916433595684067
B151,a,h104,-0.000384,-7.797452568345762e-5
B154,b,h104,-0.009216,-0.0018713886164029828
B155,b,h104,-0.005376000000000001,-0.0010916433595684067
B157,c,h104,-0.002304,-0.0004678471541007457
B167,c,h104,-0.004224,-0.0008577197825180339
B168,c,h104,-0.001536,-0.00031189810273383046
B169,c,h104,-0.004992,-0.001013668833884949
B173,b,h104,-0.002304,-0.0004678471541007457
B176,c,h104,-0.003072,-0.0006237962054676609
B177,c,h104,-0.00192,-0.00038987262841728813
B178,b,h104,-0.005376000000000001,-0.0010916433595684067
B185,c,h104,-0.000768,-0.00015594905136691523
B187,c,h104,-0.008064,-0.00163746503935261
B188,c,h104,-0.002304,-0.0004678471541007457
B189,c,h104,-0.005376000000000001,-0.0010916433595684067
B190,a,h104,-0.000768,-0.00015594905136691523
B199,b,h104,-0.001536,-0.00031189810273383046
B202,a,h104,-0.000768,-0.00015594905136691523
B204,a,h104,-0.003456,-0.0007017707311511186
B222,a,h104,-0.000768,-0.00015594905136691523
B233,a,h104,-0.003456,-0.0007017707311511186
B259,b,h104,-0.004608,-0.0009356943082014914
B268,b,h104,-0.000384,-7.797452568345762e-5
B269,b,h104,-0.0026880000000000003,-0.0005458216797842034
B274,b,h104,-0.006144,-0.0012475924109353219
B277,b,h104,-0.001536,-0.00031189810273383046
B279,b,h104,-0.001152,-0.00023392357705037285
B284,b,h104,-0.00384,-0.0007797452568345763
B285,b,h104,-0.002304,-0.0004678471541007457
B287,a,h104,-0.00384,-0.0007797452568345763
B296,a,h104,-0.00192,-0.00038987262841728813
B13,a,h105,-0.001536,-0.00031189810273383046
B31,a,h105,-0.000768,-0.00015594905136691523
B39,a,h105,-0.001536,-0.00031189810273383046
B55,c,h105,-0.008832,-0.0017934140907195253
B56,c,h105,-0.00192,-0.00038987262841728813
B58,c,h105,-0.000384,-7.797452568345762e-5
B59,c,h105,-0.0026880000000000003,-0.0005458216797842034
B61,c,h105,-0.008832,-0.0017934140907195253
B69,a,h105,-0.0026880000000000003,-0.0005458216797842034
B90,c,h105,-0.00384,-0.0007797452568345763
B99,c,h105,-0.0026880000000000003,-0.0005458216797842034
B110,c,h105,-0.00384,-0.0007797452568345763
B112,c,h105,-0.001536,-0.00031189810273383046
B118,c,h105,-0.001536,-0.00031189810273383046
B120,c,h105,-0.0026880000000000003,-0.0005458216797842034
B123,c,h105,-0.001152,-0.00023392357705037285
B124,c,h105,-0.003072,-0.0006237962054676609
B126,b,h105,-0.000768,-0.00015594905136691523
B130,c,h105,-0.000384,-7.797452568345762e-5
B137,c,h105,-0.016896,-0.0034308791300721357
B138,c,h105,-0.000768,-0.00015594905136691523
B139,c,h105,-0.001152,-0.00023392357705037285
B140,c,h105,-0.000384,-7.797452568345762e-5
B145,a,h105,-0.00192,-0.00038987262841728813
B146,a,h105,-0.00192,-0.00038987262841728813
B151,a,h105,-0.002304,-0.0004678471541007457
B154,b,h105,-0.009600000000000001,-0.0019493631420864407
B155,b,h105,-0.005376000000000001,-0.0010916433595684067
B157,c,h105,-0.0026880000000000003,-0.0005458216797842034
B167,c,h105,-0.00768,-0.0015594905136691525
B168,c,h105,-0.00192,-0.00038987262841728813
B169,c,h105,-0.006144,-0.0012475924109353219
B173,b,h105,-0.00192,-0.00038987262841728813
B176,c,h105,-0.004224,-0.0008577197825180339
B177,c,h105,-0.003456,-0.0007017707311511186
B178,b,h105,-0.004992,-0.001013668833884949
B185,c,h105,-0.000768,-0.00015594905136691523
B187,c,h105,-0.00384,-0.0007797452568345763
B188,c,h105,-0.003072,-0.0006237962054676609
B189,c,h105,-0.00576,-0.0011696178852518644
B190,a,h105,-0.001152,-0.00023392357705037285
B199,b,h105,-0.001152,-0.00023392357705037285
B202,a,h105,-0.000384,-7.797452568345762e-5
B204,a,h105,-0.001536,-0.00031189810273383046
B222,a,h105,-0.000384,-7.797452568345762e-5
B233,a,h105,-0.003456,-0.0007017707311511186
B259,b,h105,-0.0026880000000000003,-0.0005458216797842034
B268,b,h105,-0.000384,-7.797452568345762e-5
B269,b,h105,-0.012672000000000001,-0.002573159347554101
B274,b,h105,-0.008832,-0.0017934140907195253
B277,b,h105,-0.00192,-0.00038987262841728813
B279,b,h105,-0.001152,-0.00023392357705037285
B284,b,h105,-0.004608,-0.0009356943082014914
B285,b,h105,-0.002304,-0.0004678471541007457
B287,a,h105,-0.003456,-0.0007017707311511186
B296,a,h105,-0.005376000000000001,-0.0010916433595684067
B13,a,h106,-0.002304,-0.0004678471541007457
B31,a,h106,-0.0026880000000000003,-0.0005458216797842034
B39,a,h106,-0.001152,-0.00023392357705037285
B55,c,h106,-0.005376000000000001,-0.0010916433595684067
B56,c,h106,-0.000768,-0.00015594905136691523
B58,c,h106,-0.000768,-0.00015594905136691523
B59,c,h106,-0.00384,-0.0007797452568345763
B61,c,h106,-0.010368,-0.0021053121934533556
B69,a,h106,-0.002304,-0.0004678471541007457
B90,c,h106,-0.004224,-0.0008577197825180339
B99,c,h106,-0.000768,-0.00015594905136691523
B110,c,h106,-0.00576,-0.0011696178852518642
B112,c,h106,-0.001152,-0.00023392357705037285
B118,c,h106,-0.004608,-0.0009356943082014914
B120,c,h106,-0.00384,-0.0007797452568345763
B123,c,h106,-0.0026880000000000003,-0.0005458216797842034
B124,c,h106,-0.0026880000000000003,-0.0005458216797842034
B126,b,h106,-0.001536,-0.00031189810273383046
B130,c,h106,-0.000768,-0.00015594905136691523
B137,c,h106,-0.016512,-0.003352904604388678
B138,c,h106,-0.000768,-0.00015594905136691523
B139,c,h106,-0.00384,-0.0007797452568345763
B140,c,h106,-0.000768,-0.00015594905136691523
B145,a,h106,-0.0026880000000000003,-0.0005458216797842034
B146,a,h106,-0.001152,-0.00023392357705037285
B151,a,h106,-0.000768,-0.00015594905136691523
B154,b,h106,-0.008448,-0.0017154395650360679
B155,b,h106,-0.005376000000000001,-0.0010916433595684067
B157,c,h106,-0.002304,-0.0004678471541007457
B167,c,h106,-0.006528,-0.0013255669366187795
B168,c,h106,-0.001152,-0.00023392357705037285
B169,c,h106,-0.006144,-0.0012475924109353219
B173,b,h106,-0.001536,-0.00031189810273383046
B176,c,h106,-0.00192,-0.0003898726284172881
B177,c,h106,-0.001536,-0.00031189810273383046
B178,b,h106,-0.006912,-0.0014035414623022372
B185,c,h106,-0.000768,-0.00015594905136691523
B187,c,h106,-0.011136,-0.002261261244820271
B188,c,h106,-0.0026880000000000003,-0.0005458216797842034
B189,c,h106,-0.008064000000000002,-0.00163746503935261
B190,a,h106,-0.000384,-7.797452568345762e-5
B199,b,h106,-0.001152,-0.00023392357705037285
B202,a,h106,-0.000768,-0.00015594905136691523
B204,a,h106,-0.003072,-0.0006237962054676609
B222,a,h106,-0.000384,-7.797452568345762e-5
B233,a,h106,-0.00384,-0.0007797452568345763
B259,b,h106,-0.001536,-0.00031189810273383046
B269,b,h106,-0.003456,-0.0007017707311511186
B274,b,h106,-0.007296,-0.0014815159879856949
B277,b,h106,-0.004992,-0.001013668833884949
B279,b,h106,-0.00192,-0.00038987262841728813
B284,b,h106,-0.001152,-0.00023392357705037285
B285,b,h106,-0.004992,-0.001013668833884949
B287,a,h106,-0.003456,-0.0007017707311511186
B296,a,h106,-0.002304,-0.0004678471541007457
B13,a,h107,-0.002304,-0.0004678471541007457
B31,a,h107,-0.000768,-0.00015594905136691523
B39,a,h107,-0.001152,-0.00023392357705037285
B55,c,h107,-0.00768,-0.0015594905136691525
B56,c,h107,-0.001152,-0.00023392357705037285
B58,c,h107,-0.000384,-7.797452568345762e-5
B59,c,h107,-0.001152,-0.00023392357705037285
B61,c,h107,-0.005376000000000001,-0.0010916433595684067
B69,a,h107,-0.0026880000000000003,-0.0005458216797842034
B90,c,h107,-0.004224,-0.0008577197825180339
B99,c,h107,-0.001152,-0.00023392357705037285
B110,c,h107,-0.004608,-0.0009356943082014914
B112,c,h107,-0.001536,-0.00031189810273383046
B118,c,h107,-0.004608,-0.0009356943082014914
B120,c,h107,-0.005376000000000001,-0.0010916433595684067
B123,c,h107,-0.001152,-0.00023392357705037285
B124,c,h107,-0.00192,-0.00038987262841728813
B126,b,h107,-0.000384,-7.797452568345762e-5
B130,c,h107,-0.000384,-7.797452568345762e-5
B137,c,h107,-0.020352000000000002,-0.004132649861223254
B138,c,h107,-0.000384,-7.797452568345762e-5
B139,c,h107,-0.000768,-0.00015594905136691523
B140,c,h107,-0.000768,-0.00015594905136691523
B145,a,h107,-0.0026880000000000003,-0.0005458216797842034
B146,a,h107,-0.002304,-0.0004678471541007457
B151,a,h107,-0.007296,-0.0014815159879856949
B154,b,h107,-0.008448,-0.0017154395650360679
B155,b,h107,-0.00576,-0.0011696178852518642
B157,c,h107,-0.001536,-0.00031189810273383046
B167,c,h107,-0.001152,-0.00023392357705037285
B168,c,h107,-0.00192,-0.00038987262841728813
B169,c,h107,-0.006912,-0.0014035414623022372
B173,b,h107,-0.001536,-0.00031189810273383046
B176,c,h107,-0.004992,-0.001013668833884949
B177,c,h107,-0.00192,-0.00038987262841728813
B178,b,h107,-0.006912,-0.0014035414623022372
B185,c,h107,-0.000384,-7.797452568345762e-5
B187,c,h107,-0.007296,-0.0014815159879856949
B188,c,h107,-0.0026880000000000003,-0.0005458216797842034
B189,c,h107,-0.010752000000000001,-0.0021832867191368135
B190,a,h107,-0.000384,-7.797452568345762e-5
B199,b,h107,-0.001152,-0.00023392357705037285
B202,a,h107,-0.000384,-7.797452568345762e-5
B204,a,h107,-0.005376000000000001,-0.0010916433595684067
B222,a,h107,-0.000384,-7.797452568345762e-5
B233,a,h107,-0.0026880000000000003,-0.0005458216797842034
B259,b,h107,-0.003456,-0.0007017707311511186
B268,b,h107,-0.000384,-7.797452568345762e-5
B269,b,h107,-0.004992,-0.001013668833884949
B274,b,h107,-0.00576,-0.0011696178852518642
B277,b,h107,-0.00576,-0.0011696178852518642
B279,b,h107,-0.002304,-0.0004678471541007457
B284,b,h107,-0.001536,-0.00031189810273383046
B285,b,h107,-0.00192,-0.00038987262841728813
B287,a,h107,-0.003072,-0.0006237962054676609
B296,a,h107,-0.001536,-0.00031189810273383046
B13,a,h108,-0.001536,-0.00031189810273383046
B31,a,h108,-0.000384,-7.797452568345762e-5
B39,a,h108,-0.0026880000000000003,-0.0005458216797842034
B55,c,h108,-0.003456,-0.0007017707311511186
B56,c,h108,-0.001536,-0.00031189810273383046
B58,c,h108,-0.000768,-0.00015594905136691523
B59,c,h108,-0.000384,-7.797452568345762e-5
B61,c,h108,-0.001536,-0.00031189810273383046
B69,a,h108,-0.001536,-0.00031189810273383046
B90,c,h108,-0.00384,-0.0007797452568345763
B99,c,h108,-0.001536,-0.00031189810273383046
B110,c,h108,-0.003456,-0.0007017707311511186
B112,c,h108,-0.001152,-0.00023392357705037285
B118,c,h108,-0.00384,-0.0007797452568345763
B120,c,h108,-0.006912,-0.0014035414623022372
B123,c,h108,-0.001152,-0.00023392357705037285
B124,c,h108,-0.001536,-0.00031189810273383046
B126,b,h108,-0.006528,-0.0013255669366187795
B130,c,h108,-0.000768,-0.00015594905136691523
B137,c,h108,-0.017664,-0.0035868281814390507
B138,c,h108,-0.000768,-0.00015594905136691523
B139,c,h108,-0.000768,-0.00015594905136691523
B140,c,h108,-0.000768,-0.00015594905136691523
B145,a,h108,-0.00192,-0.00038987262841728813
B146,a,h108,-0.001152,-0.00023392357705037285
B151,a,h108,-0.0026880000000000003,-0.0005458216797842034
B154,b,h108,-0.008832,-0.0017934140907195253
B155,b,h108,-0.00576,-0.0011696178852518642
B157,c,h108,-0.002304,-0.0004678471541007457
B167,c,h108,-0.000768,-0.00015594905136691523
B168,c,h108,-0.009600000000000001,-0.0019493631420864407
B169,c,h108,-0.006912,-0.0014035414623022372
B173,b,h108,-0.00192,-0.00038987262841728813
B176,c,h108,-0.011904000000000001,-0.0024172102961871863
B177,c,h108,-0.003072,-0.0006237962054676609
B178,b,h108,-0.004608,-0.0009356943082014914
B185,c,h108,-0.000768,-0.00015594905136691523
B187,c,h108,-0.003072,-0.0006237962054676609
B188,c,h108,-0.00384,-0.0007797452568345763
B189,c,h108,-0.011904000000000001,-0.0024172102961871863
B190,a,h108,-0.000384,-7.797452568345762e-5
B199,b,h108,-0.001152,-0.00023392357705037285
B202,a,h108,-0.000384,-7.797452568345762e-5
B204,a,h108,-0.01152,-0.0023392357705037284
B233,a,h108,-0.00384,-0.0007797452568345763
B259,b,h108,-0.00384,-0.0007797452568345763
B268,b,h108,-0.000384,-7.797452568345762e-5
B269,b,h108,-0.009984,-0.002027337667769898
B274,b,h108,-0.006528,-0.0013255669366187795
B277,b,h108,-0.001152,-0.00023392357705037285
B279,b,h108,-0.001152,-0.00023392357705037285
B284,b,h108,-0.003072,-0.0006237962054676609
B285,b,h108,-0.007296,-0.0014815159879856949
B287,a,h108,-0.003072,-0.0006237962054676609
B296,a,h108,-0.001152,-0.00023392357705037285
B13,a,h109,-0.00192,-0.00038987262841728813
B31,a,h109,-0.00192,-0.00038987262841728813
B39,a,h109,-0.001536,-0.00031189810273383046
B55,c,h109,-0.002304,-0.0004678471541007457
B56,c,h109,-0.002304,-0.0004678471541007457
B58,c,h109,-0.000384,-7.797452568345762e-5
B59,c,h109,-0.000768,-0.00015594905136691523
B61,c,h109,-0.001152,-0.00023392357705037285
B69,a,h109,-0.001152,-0.00023392357705037285
B90,c,h109,-0.00576,-0.0011696178852518642
B99,c,h109,-0.001152,-0.00023392357705037285
B110,c,h109,-0.004224,-0.0008577197825180339
B112,c,h109,-0.001152,-0.00023392357705037285
B118,c,h109,-0.009600000000000001,-0.0019493631420864407
B120,c,h109,-0.0026880000000000003,-0.0005458216797842034
B123,c,h109,-0.002304,-0.0004678471541007457
B124,c,h109,-0.001536,-0.00031189810273383046
B126,b,h109,-0.008832,-0.0017934140907195253
B130,c,h109,-0.000384,-7.797452568345762e-5
B137,c,h109,-0.016128,-0.00327493007870522
B138,c,h109,-0.000768,-0.00015594905136691523
B139,c,h109,-0.002304,-0.0004678471541007457
B140,c,h109,-0.003072,-0.0006237962054676609
B145,a,h109,-0.002304,-0.0004678471541007457
B146,a,h109,-0.001536,-0.00031189810273383046
B151,a,h109,-0.002304,-0.0004678471541007457
B154,b,h109,-0.00768,-0.0015594905136691525
B155,b,h109,-0.006144,-0.0012475924109353219
B157,c,h109,-0.00192,-0.00038987262841728813
B167,c,h109,-0.000768,-0.00015594905136691523
B168,c,h109,-0.001152,-0.00023392357705037285
B169,c,h109,-0.006912,-0.0014035414623022372
B173,b,h109,-0.001536,-0.00031189810273383046
B176,c,h109,-0.010752000000000001,-0.002183286719136813
B177,c,h109,-0.00192,-0.00038987262841728813
B178,b,h109,-0.005376000000000001,-0.0010916433595684067
B185,c,h109,-0.000384,-7.797452568345762e-5
B187,c,h109,-0.00576,-0.0011696178852518642
B188,c,h109,-0.003072,-0.0006237962054676609
B189,c,h109,-0.014592,-0.0029630319759713897
B190,a,h109,-0.000384,-7.797452568345762e-5
B199,b,h109,-0.001152,-0.00023392357705037285
B202,a,h109,-0.000384,-7.797452568345762e-5
B204,a,h109,-0.007296,-0.0014815159879856949
B222,a,h109,-0.000384,-7.797452568345762e-5
B233,a,h109,-0.003072,-0.0006237962054676609
B259,b,h109,-0.003456,-0.0007017707311511186
B268,b,h109,-0.000384,-7.797452568345762e-5
B269,b,h109,-0.001152,-0.00023392357705037285
B274,b,h109,-0.005376000000000001,-0.0010916433595684067
B277,b,h109,-0.001152,-0.00023392357705037285
B279,b,h109,-0.001536,-0.00031189810273383046
B284,b,h109,-0.002304,-0.0004678471541007457
B285,b,h109,-0.008448,-0.0017154395650360679
B287,a,h109,-0.003072,-0.0006237962054676609
B296,a,h109,-0.00192,-0.00038987262841728813
B13,a,h110,-0.006528,-0.0013255669366187795
B31,a,h110,-0.001152,-0.00023392357705037285
B39,a,h110,-0.002304,-0.0004678471541007457
B55,c,h110,-0.0026880000000000003,-0.0005458216797842034
B56,c,h110,-0.00192,-0.00038987262841728813
B58,c,h110,-0.000768,-0.00015594905136691523
B59,c,h110,-0.000768,-0.00015594905136691523
B61,c,h110,-0.001536,-0.00031189810273383046
B69,a,h110,-0.001152,-0.00023392357705037285
B90,c,h110,-0.00384,-0.0007797452568345763
B99,c,h110,-0.001536,-0.00031189810273383046
B110,c,h110,-0.003456,-0.0007017707311511186
B112,c,h110,-0.001152,-0.00023392357705037285
B118,c,h110,-0.004992,-0.001013668833884949
B120,c,h110,-0.002304,-0.0004678471541007457
B123,c,h110,-0.001536,-0.00031189810273383046
B124,c,h110,-0.003072,-0.0006237962054676609
B126,b,h110,-0.001536,-0.00031189810273383046
B130,c,h110,-0.000768,-0.00015594905136691523
B137,c,h110,-0.013824,-0.0028070829246044744
B138,c,h110,-0.000768,-0.00015594905136691523
B139,c,h110,-0.002304,-0.0004678471541007457
B140,c,h110,-0.004608,-0.0009356943082014914
B145,a,h110,-0.002304,-0.0004678471541007457
B146,a,h110,-0.001152,-0.00023392357705037285
B151,a,h110,-0.002304,-0.0004678471541007457
B154,b,h110,-0.00768,-0.0015594905136691525
B155,b,h110,-0.005376000000000001,-0.0010916433595684067
B157,c,h110,-0.0026880000000000003,-0.0005458216797842034
B167,c,h110,-0.000768,-0.00015594905136691523
B168,c,h110,-0.001152,-0.00023392357705037285
B169,c,h110,-0.00576,-0.0011696178852518642
B173,b,h110,-0.001536,-0.00031189810273383046
B176,c,h110,-0.010367999999999999,-0.0021053121934533556
B177,c,h110,-0.00192,-0.00031189810273383046
B178,b,h110,-0.004608,-0.0009356943082014914
B185,c,h110,-0.000384,-7.797452568345762e-5
B187,c,h110,-0.002304,-0.0004678471541007457
B188,c,h110,-0.003456,-0.0007017707311511186
B189,c,h110,-0.012672,-0.0025731593475541016
B190,a,h110,-0.000384,-7.797452568345762e-5
B199,b,h110,-0.001152,-0.00023392357705037285
B202,a,h110,-0.000384,-7.797452568345762e-5
B204,a,h110,-0.011904,-0.0024172102961871863
B222,a,h110,-0.000384,-7.797452568345762e-5
B233,a,h110,-0.004224,-0.0008577197825180339
B259,b,h110,-0.00384,-0.0007797452568345763
B268,b,h110,-0.000384,-7.797452568345762e-5
B269,b,h110,-0.003072,-0.0006237962054676609
B274,b,h110,-0.006912,-0.0014035414623022372
B277,b,h110,-0.001536,-0.00031189810273383046
B279,b,h110,-0.000768,-0.00015594905136691523
B284,b,h110,-0.000768,-0.00015594905136691523
B285,b,h110,-0.004992,-0.001013668833884949
B287,a,h110,-0.003456,-0.0007017707311511186
B296,a,h110,-0.00192,-0.00038987262841728813
B13,a,h111,-0.00384,-0.0007797452568345763
B31,a,h111,-0.000384,-7.797452568345762e-5
B39,a,h111,-0.001536,-0.00031189810273383046
B55,c,h111,-0.0026880000000000003,-0.0005458216797842034
B56,c,h111,-0.00192,-0.00038987262841728813
B58,c,h111,-0.000384,-7.797452568345762e-5
B61,c,h111,-0.001536,-0.00031189810273383046
B69,a,h111,-0.002304,-0.0004678471541007457
B90,c,h111,-0.00384,-0.0007797452568345763
B99,c,h111,-0.001152,-0.00023392357705037285
B110,c,h111,-0.004992,-0.001013668833884949
B112,c,h111,-0.001152,-0.00023392357705037285
B118,c,h111,-0.00192,-0.00038987262841728813
B120,c,h111,-0.004224,-0.0008577197825180339
B123,c,h111,-0.001536,-0.00031189810273383046
B124,c,h111,-0.003072,-0.0006237962054676609
B126,b,h111,-0.000768,-0.00015594905136691523
B130,c,h111,-0.000384,-7.797452568345762e-5
B137,c,h111,-0.01344,-0.0027291083989210165
B138,c,h111,-0.00192,-0.00038987262841728813
B139,c,h111,-0.001152,-0.00023392357705037285
B140,c,h111,-0.00384,-0.0007797452568345763
B145,a,h111,-0.00192,-0.00038987262841728813
B146,a,h111,-0.001152,-0.00023392357705037285
B151,a,h111,-0.006144,-0.0012475924109353219
B154,b,h111,-0.008064,-0.00163746503935261
B155,b,h111,-0.006144,-0.0012475924109353219
B157,c,h111,-0.0026880000000000003,-0.0005458216797842034
B167,c,h111,-0.00384,-0.0007797452568345763
B168,c,h111,-0.000768,-0.00015594905136691523
B169,c,h111,-0.006528,-0.0013255669366187795
B173,b,h111,-0.001536,-0.00031189810273383046
B176,c,h111,-0.01152,-0.002339235770503729
B177,c,h111,-0.003072,-0.0006237962054676609
B178,b,h111,-0.005376000000000001,-0.0010916433595684067
B185,c,h111,-0.000768,-0.00015594905136691523
B187,c,h111,-0.018816,-0.0038207517584894234
B188,c,h111,-0.0026880000000000003,-0.0005458216797842034
B189,c,h111,-0.011519999999999999,-0.002339235770503729
B190,a,h111,-0.000384,-7.797452568345762e-5
B199,b,h111,-0.000768,-0.00015594905136691523
B202,a,h111,-0.000768,-0.00015594905136691523
B204,a,h111,-0.00576,-0.0011696178852518642
B222,a,h111,-0.000384,-7.797452568345762e-5
B233,a,h111,-0.004608,-0.0009356943082014914
B259,b,h111,-0.003072,-0.0006237962054676609
B269,b,h111,-0.001152,-0.00023392357705037285
B274,b,h111,-0.004992,-0.001013668833884949
B277,b,h111,-0.001536,-0.00031189810273383046
B279,b,h111,-0.001152,-0.00023392357705037285
B284,b,h111,-0.001536,-0.00031189810273383046
B285,b,h111,-0.002304,-0.0004678471541007457
B287,a,h111,-0.003456,-0.0007017707311511186
B296,a,h111,-0.00192,-0.00038987262841728813
B13,a,h112,-0.005376000000000001,-0.0010916433595684067
B31,a,h112,-0.000768,-0.00015594905136691523
B39,a,h112,-0.001152,-0.00023392357705037285
B55,c,h112,-0.00384,-0.0007797452568345763
B56,c,h112,-0.002304,-0.0004678471541007457
B58,c,h112,-0.000768,-0.00015594905136691523
B59,c,h112,-0.00192,-0.00038987262841728813
B61,c,h112,-0.006144,-0.0012475924109353219
B69,a,h112,-0.008064000000000002,-0.0020273376677698986
B90,c,h112,-0.004224,-0.0008577197825180339
B99,c,h112,-0.001536,-0.00031189810273383046
B110,c,h112,-0.003072,-0.0006237962054676609
B112,c,h112,-0.001152,-0.00023392357705037285
B118,c,h112,-0.002304,-0.0004678471541007457
B120,c,h112,-0.007296,-0.0014815159879856949
B123,c,h112,-0.001152,-0.00023392357705037285
B124,c,h112,-0.0026880000000000003,-0.0005458216797842034
B126,b,h112,-0.001536,-0.00031189810273383046
B130,c,h112,-0.000768,-0.00015594905136691523
B131,b,h112,-0.000384,-7.797452568345762e-5
B137,c,h112,-0.01344,-0.0027291083989210165
B138,c,h112,-0.000768,-0.00015594905136691523
B139,c,h112,-0.000768,-0.00015594905136691523
B140,c,h112,-0.000384,-7.797452568345762e-5
B145,a,h112,-0.003072,-0.0006237962054676609
B146,a,h112,-0.001152,-0.00023392357705037285
B151,a,h112,-0.002304,-0.0004678471541007457
B154,b,h112,-0.00768,-0.0015594905136691525
B155,b,h112,-0.006144,-0.0012475924109353219
B157,c,h112,-0.002304,-0.0004678471541007457
B167,c,h112,-0.003072,-0.0006237962054676609
B168,c,h112,-0.000768,-0.00015594905136691523
B169,c,h112,-0.00576,-0.0011696178852518642
B173,b,h112,-0.002304,-0.0004678471541007457
B176,c,h112,-0.010752000000000001,-0.002183286719136813
B177,c,h112,-0.00192,-0.00038987262841728813
B178,b,h112,-0.003456,-0.0007017707311511186
B185,c,h112,-0.000768,-0.00015594905136691523
B187,c,h112,-0.007296,-0.0014815159879856949
B188,c,h112,-0.0026880000000000003,-0.0005458216797842034
B189,c,h112,-0.009600000000000001,-0.0019493631420864407
B190,a,h112,-0.000384,-7.797452568345762e-5
B199,b,h112,-0.001152,-0.00023392357705037285
B202,a,h112,-0.000768,-0.00015594905136691523
B204,a,h112,-0.011904,-0.0024172102961871863
B222,a,h112,-0.000384,-7.797452568345762e-5
B233,a,h112,-0.003456,-0.0007017707311511186
B259,b,h112,-0.002304,-0.0004678471541007457
B268,b,h112,-0.000384,-7.797452568345762e-5
B269,b,h112,-0.001152,-0.00023392357705037285
B274,b,h112,-0.005376000000000001,-0.0010916433595684067
B277,b,h112,-0.001536,-0.00031189810273383046
B279,b,h112,-0.00192,-0.00038987262841728813
B284,b,h112,-0.003072,-0.0006237962054676609
B285,b,h112,-0.003456,-0.0007017707311511186
B287,a,h112,-0.003456,-0.0007017707311511186
B296,a,h112,-0.001536,-0.00031189810273383046
B13,a,h113,-0.004992,-0.001013668833884949
B31,a,h113,-0.000384,-7.797452568345762e-5
B39,a,h113,-0.001152,-0.00023392357705037285
B55,c,h113,-0.0026880000000000003,-0.0005458216797842034
B56,c,h113,-0.002304,-0.0004678471541007457
B58,c,h113,-0.000384,-7.797452568345762e-5
B59,c,h113,-0.000384,-7.797452568345762e-5
B61,c,h113,-0.009600000000000001,-0.0019493631420864407
B69,a,h113,0.0019199999999999998,-0.0006237962054676609
B90,c,h113,-0.00384,-0.0007797452568345763
B99,c,h113,-0.001152,-0.00023392357705037285
B110,c,h113,-0.003072,-0.0006237962054676609
B112,c,h113,-0.000768,-0.00015594905136691523
B118,c,h113,-0.002304,-0.0004678471541007457
B120,c,h113,-0.00192,-0.00038987262841728813
B123,c,h113,-0.001152,-0.00023392357705037285
B124,c,h113,-0.001536,-0.00031189810273383046
B126,b,h113,-0.000384,-7.797452568345762e-5
B130,c,h113,-0.000384,-7.797452568345762e-5
B137,c,h113,-0.01344,-0.0027291083989210165
B138,c,h113,-0.001536,-0.00031189810273383046
B139,c,h113,-0.00192,-0.00038987262841728813
B140,c,h113,-0.000768,-0.00015594905136691523
B145,a,h113,-0.00384,-0.0007797452568345763
B146,a,h113,-0.006912,-0.0014035414623022372
B151,a,h113,-0.004224,-0.0008577197825180339
B154,b,h113,-0.00768,-0.0015594905136691525
B155,b,h113,-0.00576,-0.0011696178852518642
B157,c,h113,-0.0026880000000000003,-0.0005458216797842034
B167,c,h113,-0.001536,-0.00031189810273383046
B168,c,h113,-0.001536,-0.00031189810273383046
B169,c,h113,-0.006144,-0.0012475924109353219
B173,b,h113,-0.0026880000000000003,-0.0005458216797842034
B176,c,h113,-0.01152,-0.002339235770503729
B177,c,h113,-0.00192,-0.00038987262841728813
B178,b,h113,-0.004608,-0.0009356943082014914
B185,c,h113,-0.000384,-7.797452568345762e-5
B187,c,h113,-0.008064,-0.00163746503935261
B188,c,h113,-0.003456,-0.0007017707311511186
B189,c,h113,-0.009600000000000001,-0.0019493631420864407
B190,a,h113,-0.000384,-7.797452568345762e-5
B199,b,h113,-0.000768,-0.00015594905136691523
B202,a,h113,-0.000384,-7.797452568345762e-5
B204,a,h113,-0.007296,-0.0014815159879856949
B222,a,h113,-0.000384,-7.797452568345762e-5
B233,a,h113,-0.004224,-0.0008577197825180339
B259,b,h113,-0.010368,-0.0021053121934533556
B268,b,h113,-0.000384,-7.797452568345762e-5
B269,b,h113,-0.0026880000000000003,-0.0005458216797842034
B274,b,h113,-0.008832,-0.0017934140907195253
B277,b,h113,-0.001152,-0.00023392357705037285
B279,b,h113,-0.003456,-0.0007017707311511186
B284,b,h113,-0.003456,-0.0007017707311511186
B285,b,h113,-0.001536,-0.00031189810273383046
B287,a,h113,-0.003456,-0.0007017707311511186
B296,a,h113,-0.001536,-0.00031189810273383046
B13,a,h114,-0.006912,-0.0014035414623022372
B31,a,h114,-0.001152,-0.00023392357705037285
B39,a,h114,-0.00192,-0.00038987262841728813
B55,c,h114,-0.002304,-0.0004678471541007457
B56,c,h114,-0.00192,-0.00038987262841728813
B58,c,h114,-0.000768,-0.00015594905136691523
B59,c,h114,-0.003456,-0.0007017707311511186
B61,c,h114,-0.009216,-0.0018713886164029828
B69,a,h114,-0.0057599999999999995,-0.00163746503935261
B90,c,h114,-0.004224,-0.0008577197825180339
B99,c,h114,-0.001152,-0.00023392357705037285
B110,c,h114,-0.004608,-0.0009356943082014914
B112,c,h114,-0.001152,-0.00023392357705037285
B118,c,h114,-0.002304,-0.0004678471541007457
B120,c,h114,-0.004608,-0.0009356943082014914
B123,c,h114,-0.00384,-0.0007797452568345763
B124,c,h114,-0.001536,-0.00031189810273383046
B126,b,h114,-0.007296,-0.0014815159879856949
B130,c,h114,-0.001536,-0.00031189810273383046
B137,c,h114,-0.008448,-0.0017154395650360679
B138,c,h114,-0.000768,-0.00015594905136691523
B139,c,h114,-0.003072,-0.0006237962054676609
B140,c,h114,-0.005376000000000001,-0.0010916433595684067
B145,a,h114,-0.001536,-0.00031189810273383046
B146,a,h114,-0.004608,-0.0009356943082014914
B151,a,h114,-0.001152,-0.00023392357705037285
B154,b,h114,-0.00768,-0.0015594905136691525
B155,b,h114,-0.006144,-0.0012475924109353219
B157,c,h114,-0.012288,-0.0024951848218706437
B167,c,h114,-0.00192,-0.00038987262841728813
B168,c,h114,-0.004224,-0.0008577197825180339
B169,c,h114,-0.006144,-0.0012475924109353219
B173,b,h114,-0.00192,-0.00038987262841728813
B176,c,h114,-0.011136,-0.002261261244820271
B177,c,h114,-0.006528,-0.0013255669366187795
B178,b,h114,-0.006912,-0.0014035414623022372
B185,c,h114,-0.000384,-7.797452568345762e-5
B187,c,h114,-0.003072,-0.0006237962054676609
B188,c,h114,-0.006144,-0.0012475924109353219
B189,c,h114,-0.012672000000000001,-0.0025731593475541016
B190,a,h114,-0.000384,-7.797452568345762e-5
B199,b,h114,-0.003072,-0.0006237962054676609
B202,a,h114,-0.000384,-7.797452568345762e-5
B204,a,h114,-0.000384,-7.797452568345762e-5
B222,a,h114,-0.000384,-7.797452568345762e-5
B233,a,h114,-0.004224,-0.0008577197825180339
B259,b,h114,-0.00192,-0.00038987262841728813
B269,b,h114,-0.001152,-0.00023392357705037285
B274,b,h114,-0.006144,-0.0012475924109353219
B277,b,h114,-0.0026880000000000003,-0.0005458216797842034
B279,b,h114,-0.006528,-0.0013255669366187795
B284,b,h114,-0.001152,-0.00023392357705037285
B285,b,h114,-0.007296,-0.0014815159879856949
B287,a,h114,-0.003456,-0.0007017707311511186
B296,a,h114,-0.001536,-0.00031189810273383046
B13,a,h115,-0.008448,-0.0017154395650360679
B39,a,h115,-0.00192,-0.00038987262841728813
B55,c,h115,-0.0026880000000000003,-0.0005458216797842034
B56,c,h115,-0.003072,-0.0006237962054676609
B58,c,h115,-0.001536,-0.00031189810273383046
B59,c,h115,-0.000768,-0.00015594905136691523
B61,c,h115,-0.003072,-0.0006237962054676609
B69,a,h115,-0.0023039999999999996,-0.0007017707311511186
B90,c,h115,-0.00768,-0.0015594905136691525
B99,c,h115,-0.001152,-0.00023392357705037285
B110,c,h115,-0.003072,-0.0006237962054676609
B112,c,h115,-0.001152,-0.00023392357705037285
B118,c,h115,-0.004992,-0.001013668833884949
B120,c,h115,-0.006912,-0.0014035414623022372
B123,c,h115,-0.00576,-0.0011696178852518642
B124,c,h115,-0.0026880000000000003,-0.0005458216797842034
B126,b,h115,-0.003456,-0.0007017707311511186
B130,c,h115,-0.000384,-7.797452568345762e-5
B137,c,h115,-0.002304,-0.0004678471541007457
B138,c,h115,-0.003072,-0.0006237962054676609
B139,c,h115,-0.001152,-0.00023392357705037285
B140,c,h115,-0.007296,-0.0014815159879856949
B145,a,h115,-0.002304,-0.0004678471541007457
B146,a,h115,-0.00384,-0.0007797452568345763
B151,a,h115,-0.00384,-0.0007797452568345763
B154,b,h115,-0.008832,-0.0017934140907195253
B155,b,h115,-0.00576,-0.0011696178852518642
B157,c,h115,-0.00384,-0.0007797452568345763
B167,c,h115,-0.001536,-0.00031189810273383046
B168,c,h115,-0.001536,-0.00031189810273383046
B169,c,h115,-0.00576,-0.0011696178852518642
B173,b,h115,-0.009984,-0.002027337667769898
B176,c,h115,-0.013824,-0.0028070829246044744
B177,c,h115,-0.00192,-0.00038987262841728813
B178,b,h115,-0.007296,-0.0014815159879856949
B185,c,h115,-0.000768,-0.00015594905136691523
B187,c,h115,-0.01536,-0.003118981027338305
B188,c,h115,-0.003456,-0.0007017707311511186
B189,c,h115,-0.012672000000000001,-0.0025731593475541016
B190,a,h115,-0.000384,-7.797452568345762e-5
B199,b,h115,-0.002304,-0.0004678471541007457
B202,a,h115,-0.000768,-0.00015594905136691523
B204,a,h115,-0.000384,-7.797452568345762e-5
B222,a,h115,-0.000384,-7.797452568345762e-5
B233,a,h115,-0.00384,-0.0007797452568345763
B259,b,h115,-0.002304,-0.0004678471541007457
B268,b,h115,-0.000384,-7.797452568345762e-5
B269,b,h115,-0.001152,-0.00023392357705037285
B274,b,h115,-0.006144,-0.0012475924109353219
B277,b,h115,-0.00192,-0.00038987262841728813
B279,b,h115,-0.00576,-0.0011696178852518642
B284,b,h115,-0.004224,-0.0008577197825180339
B285,b,h115,-0.004992,-0.001013668833884949
B287,a,h115,-0.003456,-0.0007017707311511186
B296,a,h115,-0.001536,-0.00031189810273383046
B13,a,h116,-0.003072,-0.0006237962054676609
B31,a,h116,-0.000768,-0.00015594905136691523
B39,a,h116,-0.001152,-0.00023392357705037285
B55,c,h116,-0.0026880000000000003,-0.0005458216797842034
B56,c,h116,-0.002304,-0.0004678471541007457
B58,c,h116,-0.001152,-0.00023392357705037285
B59,c,h116,-0.001152,-0.00023392357705037285
B61,c,h116,-0.00192,-0.00038987262841728813
B69,a,h116,-0.007296,-0.0014815159879856949
B90,c,h116,-0.01344,-0.0027291083989210165
B99,c,h116,-0.00192,-0.00038987262841728813
B110,c,h116,-0.006144,-0.0012475924109353219
B112,c,h116,-0.001152,-0.00023392357705037285
B118,c,h116,-0.006528,-0.0013255669366187795
B120,c,h116,-0.003072,-0.0006237962054676609
B123,c,h116,-0.001536,-0.00031189810273383046
B124,c,h116,-0.003072,-0.0006237962054676609
B126,b,h116,-0.001536,-0.00031189810273383046
B130,c,h116,-0.000384,-7.797452568345762e-5
B137,c,h116,-0.00192,-0.00038987262841728813
B138,c,h116,-0.001152,-0.00023392357705037285
B139,c,h116,-0.000768,-0.00015594905136691523
B140,c,h116,-0.008832,-0.0017934140907195253
B145,a,h116,-0.001536,-0.00031189810273383046
B146,a,h116,-0.00192,-0.00038987262841728813
B151,a,h116,-0.01152,-0.0023392357705037284
B154,b,h116,-0.009216,-0.0018713886164029828
B155,b,h116,-0.00576,-0.0011696178852518642
B157,c,h116,-0.010752000000000001,-0.0021832867191368135
B167,c,h116,-0.001536,-0.00031189810273383046
B168,c,h116,-0.00576,-0.0011696178852518642
B169,c,h116,-0.006528,-0.0013255669366187795
B173,b,h116,-0.008448,-0.0017154395650360679
B176,c,h116,-0.01344,-0.002729108398921017
B177,c,h116,-0.00192,-0.00038987262841728813
B178,b,h116,-0.004224,-0.0008577197825180339
B185,c,h116,-0.000768,-0.00015594905136691523
B187,c,h116,-0.007296,-0.0014815159879856949
B188,c,h116,-0.010368,-0.0021053121934533556
B189,c,h116,-0.014976,-0.003041006501654847
B190,a,h116,-0.000384,-7.797452568345762e-5
B199,b,h116,-0.0026880000000000003,-0.0005458216797842034
B202,a,h116,-0.000768,-0.00015594905136691523
B204,a,h116,-0.000768,-0.00015594905136691523
B222,a,h116,-0.000384,-7.797452568345762e-5
B233,a,h116,-0.004224,-0.0008577197825180339
B259,b,h116,-0.00192,-0.00038987262841728813
B268,b,h116,-0.000384,-7.797452568345762e-5
B269,b,h116,-0.002304,-0.0004678471541007457
B274,b,h116,-0.007296,-0.0014815159879856949
B277,b,h116,-0.00192,-0.00038987262841728813
B279,b,h116,-0.001536,-0.00031189810273383046
B284,b,h116,-0.004608,-0.0009356943082014914
B285,b,h116,-0.003456,-0.0007017707311511186
B287,a,h116,-0.003456,-0.0007017707311511186
B296,a,h116,-0.003072,-0.0006237962054676609
B13,a,h117,-0.00192,-0.00038987262841728813
B31,a,h117,-0.000768,-0.00015594905136691523
B39,a,h117,-0.001152,-0.00023392357705037285
B55,c,h117,-0.0026880000000000003,-0.0005458216797842034
B56,c,h117,-0.0026880000000000003,-0.0005458216797842034
B58,c,h117,-0.000768,-0.00015594905136691523
B59,c,h117,-0.000384,-7.797452568345762e-5
B61,c,h117,-0.00192,-0.00038987262841728813
B69,a,h117,-0.0026880000000000003,-0.0005458216797842034
B90,c,h117,-0.00384,-0.0007797452568345763
B99,c,h117,-0.001152,-0.00023392357705037285
B110,c,h117,-0.00384,-0.0007797452568345763
B112,c,h117,-0.001536,-0.00031189810273383046
B118,c,h117,-0.0026880000000000003,-0.0005458216797842034
B120,c,h117,-0.000768,-0.00015594905136691523
B123,c,h117,-0.003072,-0.0006237962054676609
B124,c,h117,-0.003072,-0.0006237962054676609
B126,b,h117,-0.009216,-0.0018713886164029828
B130,c,h117,-0.000768,-0.00015594905136691523
B137,c,h117,-0.002304,-0.0004678471541007457
B138,c,h117,-0.001536,-0.00031189810273383046
B139,c,h117,-0.001152,-0.00023392357705037285
B140,c,h117,-0.005376000000000001,-0.0010916433595684067
B145,a,h117,-0.003072,-0.0006237962054676609
B146,a,h117,-0.00192,-0.00038987262841728813
B151,a,h117,-0.001536,-0.00031189810273383046
B154,b,h117,-0.009216,-0.0018713886164029828
B155,b,h117,-0.006144,-0.0012475924109353219
B157,c,h117,-0.006912,-0.0014035414623022372
B167,c,h117,-0.001536,-0.00031189810273383046
B168,c,h117,-0.00192,-0.00038987262841728813
B169,c,h117,-0.006144,-0.0012475924109353219
B173,b,h117,-0.002304,-0.0004678471541007457
B176,c,h117,-0.011904,-0.0024172102961871863
B177,c,h117,-0.0026880000000000003,-0.0004678471541007457
B178,b,h117,-0.00192,-0.00038987262841728813
B185,c,h117,-0.000384,-7.797452568345762e-5
B187,c,h117,-0.010368,-0.0021053121934533556
B188,c,h117,-0.004992,-0.001013668833884949
B189,c,h117,-0.018432,-0.0037427772328059656
B190,a,h117,-0.001152,-0.00023392357705037285
B199,b,h117,-0.004608,-0.0009356943082014914
B202,a,h117,-0.000384,-7.797452568345762e-5
B204,a,h117,-0.001152,-0.00023392357705037285
B222,a,h117,-0.000768,-0.00015594905136691523
B233,a,h117,-0.00384,-0.0007797452568345763
B259,b,h117,-0.002304,-0.0004678471541007457
B268,b,h117,-0.000384,-7.797452568345762e-5
B269,b,h117,-0.001536,-0.00031189810273383046
B274,b,h117,-0.006912,-0.0014035414623022372
B277,b,h117,-0.002304,-0.0004678471541007457
B279,b,h117,-0.001536,-0.00031189810273383046
B284,b,h117,-0.00192,-0.00038987262841728813
B285,b,h117,-0.00192,-0.00038987262841728813
B287,a,h117,-0.003456,-0.0007017707311511186
B296,a,h117,-0.0026880000000000003,-0.0005458216797842034
B13,a,h118,-0.002304,-0.0004678471541007457
B31,a,h118,-0.000384,-7.797452568345762e-5
B39,a,h118,-0.001152,-0.00023392357705037285
B55,c,h118,-0.003072,-0.0006237962054676609
B56,c,h118,-0.002304,-0.0004678471541007457
B58,c,h118,-0.000384,-7.797452568345762e-5
B59,c,h118,-0.001152,-0.00023392357705037285
B61,c,h118,-0.002304,-0.0004678471541007457
B69,a,h118,-0.00192,-0.00038987262841728813
B90,c,h118,-0.00384,-0.0007797452568345763
B99,c,h118,-0.003072,-0.0006237962054676609
B110,c,h118,-0.004992,-0.001013668833884949
B112,c,h118,-0.001536,-0.00031189810273383046
B118,c,h118,-0.002304,-0.0004678471541007457
B120,c,h118,-0.001152,-0.00023392357705037285
B123,c,h118,-0.001536,-0.00031189810273383046
B124,c,h118,-0.002304,-0.0004678471541007457
B126,b,h118,-0.00192,-0.00038987262841728813
B130,c,h118,-0.000384,-7.797452568345762e-5
B137,c,h118,-0.0026880000000000003,-0.0005458216797842034
B138,c,h118,-0.001536,-0.00031189810273383046
B139,c,h118,-0.000384,-7.797452568345762e-5
B140,c,h118,-0.012288,-0.0024951848218706437
B145,a,h118,-0.002304,-0.0004678471541007457
B146,a,h118,-0.00192,-0.00038987262841728813
B151,a,h118,-0.0026880000000000003,-0.0005458216797842034
B154,b,h118,-0.009216,-0.0018713886164029828
B155,b,h118,-0.006144,-0.0012475924109353219
B157,c,h118,-0.013056,-0.002651133873237559
B167,c,h118,-0.0026880000000000003,-0.0005458216797842034
B168,c,h118,-0.001536,-0.00031189810273383046
B169,c,h118,-0.003456,-0.0007017707311511186
B173,b,h118,-0.00192,-0.00038987262841728813
B176,c,h118,-0.004992,-0.001013668833884949
B177,c,h118,-0.00192,-0.00038987262841728813
B178,b,h118,-0.002304,-0.0004678471541007457
B185,c,h118,-0.000768,-0.00015594905136691523
B187,c,h118,-0.006528,-0.0013255669366187795
B188,c,h118,-0.005376000000000001,-0.0010916433595684067
B189,c,h118,-0.016128,-0.00327493007870522
B190,a,h118,-0.000384,-7.797452568345762e-5
B199,b,h118,-0.00192,-0.00038987262841728813
B202,a,h118,-0.000768,-0.00015594905136691523
B204,a,h118,-0.005376000000000001,-0.0010916433595684067
B222,a,h118,-0.000768,-0.00015594905136691523
B233,a,h118,-0.00384,-0.0007797452568345763
B259,b,h118,-0.004608,-0.0009356943082014914
B269,b,h118,-0.000768,-0.00015594905136691523
B274,b,h118,-0.006528,-0.0013255669366187795
B277,b,h118,-0.001536,-0.00031189810273383046
B279,b,h118,-0.001152,-0.00023392357705037285
B284,b,h118,-0.001536,-0.00031189810273383046
B285,b,h118,-0.0026880000000000003,-0.0005458216797842034
B287,a,h118,-0.003456,-0.0007017707311511186
B296,a,h118,-0.003072,-0.0006237962054676609
B13,a,h119,-0.003072,-0.0006237962054676609
B31,a,h119,-0.000768,-0.00015594905136691523
B39,a,h119,-0.001152,-0.00023392357705037285
B55,c,h119,-0.0026880000000000003,-0.0005458216797842034
B56,c,h119,-0.002304,-0.0004678471541007457
B58,c,h119,-0.000768,-0.00015594905136691523
B61,c,h119,-0.002304,-0.0004678471541007457
B69,a,h119,-0.00192,-0.00038987262841728813
B90,c,h119,-0.00384,-0.0007797452568345763
B99,c,h119,-0.001152,-0.00023392357705037285
B110,c,h119,-0.004608,-0.0009356943082014914
B112,c,h119,-0.001536,-0.00031189810273383046
B118,c,h119,-0.00192,-0.00038987262841728813
B120,c,h119,-0.011904,-0.0024172102961871863
B123,c,h119,-0.001536,-0.00031189810273383046
B124,c,h119,-0.001536,-0.00031189810273383046
B126,b,h119,-0.001536,-0.00031189810273383046
B130,c,h119,-0.000384,-7.797452568345762e-5
B137,c,h119,-0.003456,-0.0007017707311511186
B138,c,h119,-0.001536,-0.00031189810273383046
B139,c,h119,-0.000768,-0.00015594905136691523
B140,c,h119,-0.005376000000000001,-0.0010916433595684067
B145,a,h119,-0.001152,-0.00023392357705037285
B146,a,h119,-0.000768,-0.00015594905136691523
B151,a,h119,-0.001152,-0.00023392357705037285
B154,b,h119,-0.009216,-0.0018713886164029828
B155,b,h119,-0.00576,-0.0011696178852518642
B157,c,h119,-0.004224,-0.0008577197825180339
B167,c,h119,-0.0026880000000000003,-0.0005458216797842034
B168,c,h119,-0.001536,-0.00031189810273383046
B169,c,h119,-0.003456,-0.0007017707311511186
B173,b,h119,-0.001152,-0.00023392357705037285
B176,c,h119,-0.002304,-0.00046784715410074575
B177,c,h119,-0.003456,-0.0007017707311511186
B178,b,h119,-0.002304,-0.0004678471541007457
B185,c,h119,-0.000384,-7.797452568345762e-5
B187,c,h119,-0.003072,-0.0006237962054676609
B188,c,h119,-0.002304,-0.0004678471541007457
B189,c,h119,-0.015360000000000002,-0.0031189810273383046
B190,a,h119,-0.000384,-7.797452568345762e-5
B199,b,h119,-0.0026880000000000003,-0.0005458216797842034
B202,a,h119,-0.000768,-0.00015594905136691523
B204,a,h119,-0.009984,-0.002027337667769898
B222,a,h119,-0.001152,-0.00023392357705037285
B233,a,h119,-0.004224,-0.0008577197825180339
B259,b,h119,-0.003456,-0.0007017707311511186
B268,b,h119,-0.000384,-7.797452568345762e-5
B269,b,h119,-0.002304,-0.0004678471541007457
B274,b,h119,-0.007296,-0.0014815159879856949
B277,b,h119,-0.001152,-0.00023392357705037285
B279,b,h119,-0.000768,-0.00015594905136691523
B284,b,h119,-0.000768,-0.00015594905136691523
B285,b,h119,-0.001536,-0.00031189810273383046
B287,a,h119,-0.003456,-0.0007017707311511186
B296,a,h119,-0.00192,-0.00038987262841728813
B13,a,h120,-0.001536,-0.00031189810273383046
B31,a,h120,-0.000384,-7.797452568345762e-5
B39,a,h120,-0.00192,-0.00038987262841728813
B55,c,h120,-0.002304,-0.0004678471541007457
B56,c,h120,-0.001536,-0.00031189810273383046
B58,c,h120,-0.000384,-7.797452568345762e-5
B59,c,h120,-0.001536,-0.00031189810273383046
B61,c,h120,-0.002304,-0.0004678471541007457
B69,a,h120,-0.00192,-0.00038987262841728813
B90,c,h120,-0.00384,-0.0007797452568345763
B99,c,h120,-0.00192,-0.00038987262841728813
B110,c,h120,-0.00384,-0.0007797452568345763
B112,c,h120,-0.001152,-0.00023392357705037285
B118,c,h120,-0.00192,-0.00038987262841728813
B120,c,h120,-0.004608,-0.0009356943082014914
B123,c,h120,-0.001536,-0.00031189810273383046
B124,c,h120,-0.001536,-0.00031189810273383046
B126,b,h120,-0.001536,-0.00031189810273383046
B130,c,h120,-0.000384,-7.797452568345762e-5
B137,c,h120,-0.003072,-0.0006237962054676609
B138,c,h120,-0.001536,-0.00031189810273383046
B139,c,h120,-0.000768,-0.00015594905136691523
B140,c,h120,-0.008064,-0.00163746503935261
B145,a,h120,-0.000768,-0.00015594905136691523
B146,a,h120,-0.000768,-0.00015594905136691523
B151,a,h120,-0.001152,-0.00023392357705037285
B154,b,h120,-0.009216,-0.0018713886164029828
B155,b,h120,-0.00576,-0.0011696178852518642
B157,c,h120,-0.00192,-0.00038987262841728813
B167,c,h120,-0.00192,-0.00038987262841728813
B168,c,h120,-0.000768,-0.00015594905136691523
B169,c,h120,-0.003072,-0.0006237962054676609
B173,b,h120,-0.000768,-0.00015594905136691523
B176,c,h120,-0.002304,-0.00046784715410074575
B177,c,h120,-0.00192,-0.00038987262841728813
B178,b,h120,-0.001536,-0.00031189810273383046
B185,c,h120,-0.001152,-0.00023392357705037285
B187,c,h120,-0.008448,-0.0017154395650360679
B188,c,h120,-0.00384,-0.0007797452568345763
B189,c,h120,-0.011136,-0.002261261244820271
B190,a,h120,-0.000768,-0.00015594905136691523
B199,b,h120,-0.0026880000000000003,-0.0005458216797842034
B202,a,h120,-0.000384,-7.797452568345762e-5
B204,a,h120,-0.000768,-0.00015594905136691523
B222,a,h120,-0.000384,-7.797452568345762e-5
B233,a,h120,-0.00384,-0.0007797452568345763
B259,b,h120,-0.00192,-0.00038987262841728813
B268,b,h120,-0.000384,-7.797452568345762e-5
B269,b,h120,-0.001152,-0.00023392357705037285
B274,b,h120,-0.006912,-0.0014035414623022372
B277,b,h120,-0.001152,-0.00023392357705037285
B279,b,h120,-0.000768,-0.00015594905136691523
B284,b,h120,-0.000384,-7.797452568345762e-5
B285,b,h120,-0.0026880000000000003,-0.0005458216797842034
B287,a,h120,-0.00384,-0.0007797452568345763
B296,a,h120,-0.0026880000000000003,-0.0005458216797842034
B13,a,h121,-0.001152,-0.00023392357705037285
B31,a,h121,-0.000384,-7.797452568345762e-5
B39,a,h121,-0.002304,-0.0004678471541007457
B55,c,h121,-0.0026880000000000003,-0.0005458216797842034
B56,c,h121,-0.000768,-0.00015594905136691523
B58,c,h121,-0.000768,-0.00015594905136691523
B61,c,h121,-0.00192,-0.00038987262841728813
B69,a,h121,-0.00192,-0.00038987262841728813
B90,c,h121,-0.00384,-0.0007797452568345763
B99,c,h121,-0.001536,-0.00031189810273383046
B110,c,h121,-0.004992,-0.001013668833884949
B112,c,h121,-0.001152,-0.00023392357705037285
B118,c,h121,-0.00192,-0.00038987262841728813
B120,c,h121,-0.00192,-0.00038987262841728813
B123,c,h121,-0.002304,-0.0004678471541007457
B124,c,h121,-0.0026880000000000003,-0.0005458216797842034
B126,b,h121,-0.001536,-0.00031189810273383046
B130,c,h121,-0.000768,-0.00015594905136691523
B137,c,h121,-0.003072,-0.0006237962054676609
B138,c,h121,-0.00192,-0.00038987262841728813
B139,c,h121,-0.000768,-0.00015594905136691523
B140,c,h121,-0.005376000000000001,-0.0010916433595684067
B145,a,h121,-0.000768,-0.00015594905136691523
B146,a,h121,-0.000768,-0.00015594905136691523
B151,a,h121,-0.000768,-0.00015594905136691523
B154,b,h121,-0.009600000000000001,-0.0019493631420864407
B155,b,h121,-0.005376000000000001,-0.0010916433595684067
B157,c,h121,-0.00192,-0.00038987262841728813
B167,c,h121,-0.001152,-0.00023392357705037285
B168,c,h121,-0.000384,-7.797452568345762e-5
B169,c,h121,-0.003072,-0.0006237962054676609
B173,b,h121,-0.000768,-0.00015594905136691523
B176,c,h121,-0.002304,-0.0004678471541007457
B177,c,h121,-0.00192,-0.00038987262841728813
B178,b,h121,-0.000768,-0.00015594905136691523
B185,c,h121,-0.000768,-0.00015594905136691523
B187,c,h121,-0.0026880000000000003,-0.0005458216797842034
B188,c,h121,-0.002304,-0.0004678471541007457
B189,c,h121,-0.010368,-0.002105312193453356
B190,a,h121,-0.000768,-0.00015594905136691523
B199,b,h121,-0.002304,-0.0004678471541007457
B202,a,h121,-0.000768,-0.00015594905136691523
B204,a,h121,-0.001152,-0.00023392357705037285
B222,a,h121,-0.000768,-0.00015594905136691523
B233,a,h121,-0.004992,-0.001013668833884949
B259,b,h121,-0.002304,-0.0004678471541007457
B268,b,h121,-0.000384,-7.797452568345762e-5
B269,b,h121,-0.001152,-0.00023392357705037285
B274,b,h121,-0.008064,-0.00163746503935261
B277,b,h121,-0.001536,-0.00031189810273383046
B279,b,h121,-0.000768,-0.00015594905136691523
B284,b,h121,-0.001152,-0.00023392357705037285
B285,b,h121,-0.001536,-0.00031189810273383046
B287,a,h121,-0.003456,-0.0007017707311511186
B296,a,h121,-0.00192,-0.00038987262841728813
B13,a,h122,-0.001152,-0.00023392357705037285
B31,a,h122,-0.000768,-0.00015594905136691523
B39,a,h122,-0.001536,-0.00031189810273383046
B55,c,h122,-0.001536,-0.00031189810273383046
B56,c,h122,-0.001536,-0.00031189810273383046
B58,c,h122,-0.000768,-0.00015594905136691523
B59,c,h122,-0.000768,-0.00015594905136691523
B61,c,h122,-0.002304,-0.0004678471541007457
B69,a,h122,-0.001536,-0.00031189810273383046
B90,c,h122,-0.004224,-0.0008577197825180339
B99,c,h122,-0.00192,-0.00038987262841728813
B110,c,h122,-0.004608,-0.0009356943082014914
B112,c,h122,-0.001152,-0.00023392357705037285
B118,c,h122,-0.00192,-0.00038987262841728813
B120,c,h122,-0.000768,-0.00015594905136691523
B123,c,h122,-0.001536,-0.00031189810273383046
B124,c,h122,-0.001152,-0.00023392357705037285
B126,b,h122,-0.001152,-0.00023392357705037285
B130,c,h122,-0.000768,-0.00015594905136691523
B137,c,h122,-0.0026880000000000003,-0.0005458216797842034
B138,c,h122,-0.001152,-0.00023392357705037285
B139,c,h122,-0.000768,-0.00015594905136691523
B140,c,h122,-0.00576,-0.0011696178852518642
B145,a,h122,-0.00192,-0.00038987262841728813
B146,a,h122,-0.001536,-0.00031189810273383046
B151,a,h122,-0.00192,-0.00038987262841728813
B154,b,h122,-0.009600000000000001,-0.0019493631420864407
B155,b,h122,-0.005376000000000001,-0.0010916433595684067
B157,c,h122,-0.00192,-0.00038987262841728813
B167,c,h122,-0.001152,-0.00023392357705037285
B168,c,h122,-0.000768,-0.00015594905136691523
B169,c,h122,-0.0026880000000000003,-0.0005458216797842034
B173,b,h122,-0.000768,-0.00015594905136691523
B176,c,h122,-0.0026880000000000003,-0.0005458216797842034
B177,c,h122,-0.003072,-0.0006237962054676609
B178,b,h122,-0.000768,-0.00015594905136691523
B185,c,h122,-0.000384,-7.797452568345762e-5
B187,c,h122,-0.0026880000000000003,-0.0005458216797842034
B188,c,h122,-0.00192,-0.00038987262841728813
B189,c,h122,-0.010368,-0.002105312193453356
B190,a,h122,-0.000384,-7.797452568345762e-5
B199,b,h122,-0.000768,-0.00015594905136691523
B202,a,h122,-0.000768,-0.00015594905136691523
B204,a,h122,-0.000768,-0.00015594905136691523
B222,a,h122,-0.000384,-7.797452568345762e-5
B233,a,h122,-0.003456,-0.0007017707311511186
B259,b,h122,-0.00192,-0.00038987262841728813
B269,b,h122,-0.000768,-0.00015594905136691523
B274,b,h122,-0.006912,-0.0014035414623022372
B277,b,h122,-0.001152,-0.00023392357705037285
B279,b,h122,-0.001152,-0.00023392357705037285
B284,b,h122,-0.000384,-7.797452568345762e-5
B285,b,h122,-0.00192,-0.00038987262841728813
B287,a,h122,-0.003456,-0.0007017707311511186
B296,a,h122,-0.00192,-0.00038987262841728813
B13,a,h123,-0.001536,-0.00031189810273383046
B39,a,h123,-0.001152,-0.00023392357705037285
B55,c,h123,-0.00192,-0.00038987262841728813
B56,c,h123,-0.001152,-0.00023392357705037285
B58,c,h123,-0.001152,-0.00023392357705037285
B59,c,h123,-0.001152,-0.00023392357705037285
B61,c,h123,-0.002304,-0.0004678471541007457
B69,a,h123,-0.001536,-0.00031189810273383046
B90,c,h123,-0.00576,-0.0011696178852518642
B99,c,h123,-0.00192,-0.00038987262841728813
B110,c,h123,-0.004224,-0.0008577197825180339
B112,c,h123,-0.00192,-0.00038987262841728813
B118,c,h123,-0.00192,-0.00038987262841728813
B120,c,h123,-0.00192,-0.00038987262841728813
B123,c,h123,-0.001152,-0.00023392357705037285
B124,c,h123,-0.001536,-0.00031189810273383046
B126,b,h123,-0.00192,-0.00038987262841728813
B130,c,h123,-0.000384,-7.797452568345762e-5
B137,c,h123,-0.0026880000000000003,-0.0005458216797842034
B138,c,h123,-0.000768,-0.00015594905136691523
B139,c,h123,-0.000768,-0.00015594905136691523
B140,c,h123,-0.006912,-0.0014035414623022372
B145,a,h123,-0.001536,-0.00031189810273383046
B146,a,h123,-0.000384,-7.797452568345762e-5
B151,a,h123,-0.000768,-0.00015594905136691523
B154,b,h123,-0.009984,-0.002027337667769898
B155,b,h123,-0.004992,-0.001013668833884949
B157,c,h123,-0.00192,-0.00038987262841728813
B167,c,h123,-0.000768,-0.00015594905136691523
B168,c,h123,-0.001152,-0.00023392357705037285
B169,c,h123,-0.00384,-0.0007797452568345763
B173,b,h123,-0.000768,-0.00015594905136691523
B176,c,h123,-0.001536,-0.00031189810273383046
B177,c,h123,-0.00192,-0.00038987262841728813
B178,b,h123,-0.001152,-0.00023392357705037285
B185,c,h123,-0.000768,-0.00015594905136691523
B187,c,h123,-0.00576,-0.0011696178852518642
B188,c,h123,-0.002304,-0.0004678471541007457
B189,c,h123,-0.010368,-0.002105312193453356
B190,a,h123,-0.00192,-0.00038987262841728813
B199,b,h123,-0.001152,-0.00023392357705037285
B202,a,h123,-0.000768,-0.00015594905136691523
B204,a,h123,-0.000768,-0.00015594905136691523
B222,a,h123,-0.000384,-7.797452568345762e-5
B233,a,h123,-0.004608,-0.0009356943082014914
B259,b,h123,-0.00192,-0.00038987262841728813
B268,b,h123,-0.000384,-7.797452568345762e-5
B269,b,h123,-0.000768,-0.00015594905136691523
B274,b,h123,-0.008832,-0.0017934140907195253
B277,b,h123,-0.001152,-0.00023392357705037285
B279,b,h123,-0.000768,-0.00015594905136691523
B284,b,h123,-0.000768,-0.00015594905136691523
B285,b,h123,-0.001536,-0.00031189810273383046
B287,a,h123,-0.00384,-0.0007797452568345763
B296,a,h123,-0.001536,-0.00031189810273383046
B13,a,h124,-0.001152,-0.00023392357705037285
B31,a,h124,-0.000768,-0.00015594905136691523
B39,a,h124,-0.001536,-0.00031189810273383046
B55,c,h124,-0.00192,-0.00038987262841728813
B56,c,h124,-0.001152,-0.00023392357705037285
B58,c,h124,-0.000768,-0.00015594905136691523
B59,c,h124,-0.000768,-0.00015594905136691523
B61,c,h124,-0.00192,-0.00038987262841728813
B69,a,h124,-0.001152,-0.00023392357705037285
B90,c,h124,-0.00384,-0.0007797452568345763
B99,c,h124,-0.001152,-0.00023392357705037285
B110,c,h124,-0.004608,-0.0009356943082014914
B112,c,h124,-0.001536,-0.00031189810273383046
B118,c,h124,-0.001536,-0.00031189810273383046
B120,c,h124,-0.000768,-0.00015594905136691523
B123,c,h124,-0.001536,-0.00031189810273383046
B124,c,h124,-0.002304,-0.0004678471541007457
B126,b,h124,-0.001152,-0.00023392357705037285
B130,c,h124,-0.000768,-0.00015594905136691523
B131,b,h124,-0.000384,-7.797452568345762e-5
B137,c,h124,-0.0026880000000000003,-0.0005458216797842034
B138,c,h124,-0.001536,-0.00031189810273383046
B139,c,h124,-0.000768,-0.00015594905136691523
B140,c,h124,-0.007296,-0.0014815159879856949
B145,a,h124,-0.001152,-0.00023392357705037285
B146,a,h124,-0.001152,-0.00023392357705037285
B151,a,h124,-0.000768,-0.00015594905136691523
B154,b,h124,-0.009984,-0.002027337667769898
B155,b,h124,-0.005376000000000001,-0.0010916433595684067
B157,c,h124,-0.00192,-0.00038987262841728813
B167,c,h124,-0.00192,-0.00038987262841728813
B168,c,h124,-0.000768,-0.00015594905136691523
B169,c,h124,-0.003072,-0.0006237962054676609
B173,b,h124,-0.000768,-0.00015594905136691523
B176,c,h124,-0.002304,-0.00046784715410074575
B177,c,h124,-0.00192,-0.00038987262841728813
B178,b,h124,-0.001152,-0.00023392357705037285
B185,c,h124,-0.000384,-7.797452568345762e-5
B187,c,h124,-0.0026880000000000003,-0.0005458216797842034
B188,c,h124,-0.00192,-0.00038987262841728813
B189,c,h124,-0.010368,-0.002105312193453356
B190,a,h124,-0.001536,-0.00031189810273383046
B199,b,h124,-0.00192,-0.00038987262841728813
B202,a,h124,-0.000768,-0.00015594905136691523
B204,a,h124,-0.001152,-0.00023392357705037285
B222,a,h124,-0.000768,-0.00015594905136691523
B233,a,h124,-0.00384,-0.0007797452568345763
B259,b,h124,-0.002304,-0.0004678471541007457
B268,b,h124,-0.000384,-7.797452568345762e-5
B269,b,h124,-0.001152,-0.00023392357705037285
B274,b,h124,-0.009600000000000001,-0.0019493631420864407
B277,b,h124,-0.001152,-0.00023392357705037285
B279,b,h124,-0.000384,-7.797452568345762e-5
B284,b,h124,-0.000768,-0.00015594905136691523
B285,b,h124,-0.00192,-0.00038987262841728813
B287,a,h124,-0.003456,-0.0007017707311511186
B296,a,h124,-0.00192,-0.00038987262841728813
B13,a,h125,-0.001152,-0.00023392357705037285
B31,a,h125,-0.000768,-0.00015594905136691523
B39,a,h125,-0.001152,-0.00023392357705037285
B55,c,h125,-0.001152,-0.00023392357705037285
B56,c,h125,-0.001152,-0.00023392357705037285
B58,c,h125,-0.001152,-0.00023392357705037285
B59,c,h125,-0.001152,-0.00023392357705037285
B61,c,h125,-0.001536,-0.00031189810273383046
B69,a,h125,-0.000768,-0.00015594905136691523
B90,c,h125,-0.003456,-0.0007017707311511186
B99,c,h125,-0.002304,-0.0004678471541007457
B110,c,h125,-0.005376000000000001,-0.0010916433595684067
B112,c,h125,-0.001536,-0.00031189810273383046
B118,c,h125,-0.00192,-0.00038987262841728813
B120,c,h125,-0.000768,-0.00015594905136691523
B123,c,h125,-0.001152,-0.00023392357705037285
B124,c,h125,-0.001536,-0.00031189810273383046
B126,b,h125,-0.000768,-0.00015594905136691523
B130,c,h125,-0.000768,-0.00015594905136691523
B137,c,h125,-0.0026880000000000003,-0.0005458216797842034
B138,c,h125,-0.00384,-0.0007797452568345763
B139,c,h125,-0.000768,-0.00015594905136691523
B140,c,h125,-0.006912,-0.0014035414623022372
B145,a,h125,-0.000768,-0.00015594905136691523
B146,a,h125,-0.001152,-0.00023392357705037285
B151,a,h125,-0.000768,-0.00015594905136691523
B154,b,h125,-0.009600000000000001,-0.0019493631420864407
B155,b,h125,-0.005376000000000001,-0.0010916433595684067
B157,c,h125,-0.002304,-0.0004678471541007457
B167,c,h125,-0.001152,-0.00023392357705037285
B168,c,h125,-0.000768,-0.00015594905136691523
B169,c,h125,-0.003072,-0.0006237962054676609
B173,b,h125,-0.000768,-0.00015594905136691523
B176,c,h125,-0.002304,-0.00046784715410074575
B177,c,h125,-0.0026880000000000003,-0.0004678471541007457
B178,b,h125,-0.001152,-0.00023392357705037285
B185,c,h125,-0.000768,-0.00015594905136691523
B187,c,h125,-0.004992,-0.001013668833884949
B188,c,h125,-0.00192,-0.00038987262841728813
B189,c,h125,-0.009984,-0.002027337667769898
B190,a,h125,-0.001536,-0.00031189810273383046
B199,b,h125,-0.001536,-0.00031189810273383046
B202,a,h125,-0.000768,-0.00015594905136691523
B204,a,h125,-0.000768,-0.00015594905136691523
B222,a,h125,-0.000768,-0.00015594905136691523
B233,a,h125,-0.00384,-0.0007797452568345763
B259,b,h125,-0.00192,-0.00038987262841728813
B269,b,h125,-0.0026880000000000003,-0.0005458216797842034
B274,b,h125,-0.00768,-0.0015594905136691525
B277,b,h125,-0.001536,-0.00031189810273383046
B279,b,h125,-0.001152,-0.00023392357705037285
B284,b,h125,-0.001536,-0.00031189810273383046
B285,b,h125,-0.0026880000000000003,-0.0005458216797842034
B287,a,h125,-0.003456,-0.0007017707311511186
B296,a,h125,-0.00192,-0.00038987262841728813
B13,a,h126,-0.001152,-0.00023392357705037285
B31,a,h126,-0.000768,-0.00015594905136691523
B39,a,h126,-0.0026880000000000003,-0.0005458216797842034
B55,c,h126,-0.00192,-0.00038987262841728813
B56,c,h126,-0.001152,-0.00023392357705037285
B58,c,h126,-0.000384,-7.797452568345762e-5
B59,c,h126,-0.005376000000000001,-0.0010916433595684067
B61,c,h126,-0.002304,-0.0004678471541007457
B69,a,h126,-0.003072,-0.0006237962054676609
B90,c,h126,-0.004224,-0.0008577197825180339
B99,c,h126,-0.00192,-0.00038987262841728813
B110,c,h126,-0.003456,-0.0007017707311511186
B112,c,h126,-0.001152,-0.00023392357705037285
B118,c,h126,-0.001152,-0.00023392357705037285
B120,c,h126,-0.001536,-0.00031189810273383046
B123,c,h126,-0.001536,-0.00031189810273383046
B124,c,h126,-0.001536,-0.00031189810273383046
B126,b,h126,-0.001536,-0.00031189810273383046
B130,c,h126,-0.000384,-7.797452568345762e-5
B137,c,h126,-0.0026880000000000003,-0.0005458216797842034
B138,c,h126,-0.000768,-0.00015594905136691523
B139,c,h126,-0.00192,-0.00038987262841728813
B140,c,h126,-0.005376000000000001,-0.0010916433595684067
B145,a,h126,-0.00192,-0.00038987262841728813
B146,a,h126,-0.000384,-7.797452568345762e-5
B151,a,h126,-0.000768,-0.00015594905136691523
B154,b,h126,-0.009984,-0.002027337667769898
B155,b,h126,-0.005376000000000001,-0.0010916433595684067
B157,c,h126,-0.0026880000000000003,-0.0005458216797842034
B167,c,h126,-0.000768,-0.00015594905136691523
B168,c,h126,-0.001152,-0.00023392357705037285
B169,c,h126,-0.003456,-0.0007017707311511186
B173,b,h126,-0.00192,-0.00038987262841728813
B176,c,h126,-0.00192,-0.00038987262841728813
B177,c,h126,-0.001152,-0.00023392357705037285
B178,b,h126,-0.000768,-0.00015594905136691523
B185,c,h126,-0.000768,-0.00015594905136691523
B187,c,h126,-0.009600000000000001,-0.0019493631420864407
B188,c,h126,-0.003072,-0.0006237962054676609
B189,c,h126,-0.010368,-0.002105312193453356
B190,a,h126,-0.001152,-0.00023392357705037285
B199,b,h126,-0.001536,-0.00031189810273383046
B202,a,h126,-0.000768,-0.00015594905136691523
B204,a,h126,-0.001536,-0.00031189810273383046
B222,a,h126,-0.000384,-7.797452568345762e-5
B233,a,h126,-0.004224,-0.0008577197825180339
B259,b,h126,-0.002304,-0.0004678471541007457
B268,b,h126,-0.000384,-7.797452568345762e-5
B269,b,h126,-0.001536,-0.00031189810273383046
B274,b,h126,-0.007296,-0.0014815159879856949
B277,b,h126,-0.00192,-0.00038987262841728813
B279,b,h126,-0.001536,-0.00031189810273383046
B284,b,h126,-0.000768,-0.00015594905136691523
B285,b,h126,-0.001536,-0.00031189810273383046
B287,a,h126,-0.00384,-0.0007797452568345763
B296,a,h126,-0.00192,-0.00038987262841728813
B13,a,h127,-0.001152,-0.00023392357705037285
B31,a,h127,-0.008832,-0.0017934140907195253
B39,a,h127,-0.001536,-0.00031189810273383046
B55,c,h127,-0.00192,-0.00038987262841728813
B56,c,h127,-0.001536,-0.00031189810273383046
B58,c,h127,-0.000768,-0.00015594905136691523
B59,c,h127,-0.003456,-0.0007017707311511186
B61,c,h127,-0.00192,-0.00038987262841728813
B69,a,h127,-0.0026880000000000003,-0.0005458216797842034
B90,c,h127,-0.00384,-0.0007797452568345763
B99,c,h127,-0.002304,-0.0004678471541007457
B110,c,h127,-0.007296,-0.0014815159879856949
B112,c,h127,-0.00192,-0.00038987262841728813
B118,c,h127,-0.00192,-0.00038987262841728813
B120,c,h127,-0.001152,-0.00023392357705037285
B123,c,h127,-0.003456,-0.0007017707311511186
B124,c,h127,-0.001536,-0.00031189810273383046
B126,b,h127,-0.000768,-0.00015594905136691523
B130,c,h127,-0.000768,-0.00015594905136691523
B137,c,h127,-0.003072,-0.0006237962054676609
B138,c,h127,-0.001152,-0.00023392357705037285
B139,c,h127,-0.000768,-0.00015594905136691523
B140,c,h127,-0.003456,-0.0007017707311511186
B145,a,h127,-0.0026880000000000003,-0.0005458216797842034
B146,a,h127,-0.001536,-0.00031189810273383046
B151,a,h127,-0.000768,-0.00015594905136691523
B154,b,h127,-0.009600000000000001,-0.0019493631420864407
B155,b,h127,-0.005376000000000001,-0.0010916433595684067
B157,c,h127,-0.002304,-0.0004678471541007457
B167,c,h127,-0.001152,-0.00023392357705037285
B168,c,h127,-0.000384,-7.797452568345762e-5
B169,c,h127,-0.003072,-0.0006237962054676609
B173,b,h127,-0.003072,-0.0006237962054676609
B176,c,h127,-0.004224,-0.0008577197825180338
B177,c,h127,-0.003456,-0.0007017707311511186
B178,b,h127,-0.004992,-0.001013668833884949
B185,c,h127,-0.000768,-0.00015594905136691523
B187,c,h127,-0.004608,-0.0009356943082014914
B188,c,h127,-0.0026880000000000003,-0.0005458216797842034
B189,c,h127,-0.010368,-0.002105312193453356
B190,a,h127,-0.000768,-0.00015594905136691523
B199,b,h127,-0.001536,-0.00031189810273383046
B202,a,h127,-0.000768,-0.00015594905136691523
B204,a,h127,-0.003072,-0.0006237962054676609
B222,a,h127,-0.000384,-7.797452568345762e-5
B233,a,h127,-0.004608,-0.0009356943082014914
B259,b,h127,-0.005376000000000001,-0.0010916433595684067
B268,b,h127,-0.000384,-7.797452568345762e-5
B269,b,h127,-0.00384,-0.0007797452568345763
B274,b,h127,-0.008064,-0.00163746503935261
B277,b,h127,-0.002304,-0.0004678471541007457
B279,b,h127,-0.00192,-0.00038987262841728813
B284,b,h127,-0.00192,-0.00038987262841728813
B285,b,h127,-0.005376000000000001,-0.0010916433595684067
B287,a,h127,-0.003456,-0.0007017707311511186
B296,a,h127,-0.00192,-0.00038987262841728813
B13,a,h128,-0.0026880000000000003,-0.0005458216797842034
B31,a,h128,-0.001152,-0.00023392357705037285
B39,a,h128,-0.001536,-0.00031189810273383046
B55,c,h128,-0.001152,-0.00023392357705037285
B56,c,h128,-0.00384,-0.0007797452568345763
B58,c,h128,-0.000384,-7.797452568345762e-5
B59,c,h128,-0.0026880000000000003,-0.0005458216797842034
B61,c,h128,-0.003072,-0.0006237962054676609
B69,a,h128,-0.0023040000000000005,-0.0005458216797842034
B90,c,h128,-0.00384,-0.0007797452568345763
B99,c,h128,-0.002304,-0.0004678471541007457
B110,c,h128,-0.004608,-0.0009356943082014914
B112,c,h128,-0.001152,-0.00023392357705037285
B118,c,h128,-0.001536,-0.00031189810273383046
B120,c,h128,-0.000768,-0.00015594905136691523
B123,c,h128,-0.0026880000000000003,-0.0005458216797842034
B124,c,h128,-0.0026880000000000003,-0.0005458216797842034
B126,b,h128,-0.000768,-0.00015594905136691523
B130,c,h128,-0.001152,-0.00023392357705037285
B137,c,h128,-0.006144,-0.0012475924109353219
B138,c,h128,-0.001536,-0.00031189810273383046
B139,c,h128,-0.000768,-0.00015594905136691523
B140,c,h128,-0.003072,-0.0006237962054676609
B145,a,h128,-0.001536,-0.00031189810273383046
B146,a,h128,-0.002304,-0.0004678471541007457
B151,a,h128,-0.00192,-0.00038987262841728813
B154,b,h128,-0.009984,-0.002027337667769898
B155,b,h128,-0.005376000000000001,-0.0010916433595684067
B157,c,h128,-0.0026880000000000003,-0.0005458216797842034
B167,c,h128,-0.000768,-0.00015594905136691523
B168,c,h128,-0.00192,-0.00038987262841728813
B169,c,h128,-0.004608,-0.0009356943082014914
B173,b,h128,-0.00192,-0.00038987262841728813
B176,c,h128,-0.002304,-0.0004678471541007457
B177,c,h128,-0.001536,-0.00031189810273383046
B178,b,h128,-0.005376000000000001,-0.0010916433595684067
B185,c,h128,-0.000384,-7.797452568345762e-5
B187,c,h128,-0.01152,-0.0023392357705037284
B188,c,h128,-0.003072,-0.0006237962054676609
B189,c,h128,-0.010368,-0.002105312193453356
B190,a,h128,-0.000384,-7.797452568345762e-5
B199,b,h128,-0.000768,-0.00015594905136691523
B202,a,h128,-0.000768,-0.00015594905136691523
B204,a,h128,-0.001152,-0.00023392357705037285
B222,a,h128,-0.000768,-0.00015594905136691523
B233,a,h128,-0.003456,-0.0007017707311511186
B259,b,h128,-0.00768,-0.0015594905136691525
B268,b,h128,-0.000384,-7.797452568345762e-5
B269,b,h128,-0.0026880000000000003,-0.0005458216797842034
B274,b,h128,-0.009216,-0.0018713886164029828
B277,b,h128,-0.00192,-0.00038987262841728813
B279,b,h128,-0.001152,-0.00023392357705037285
B284,b,h128,-0.002304,-0.0004678471541007457
B285,b,h128,-0.00192,-0.00038987262841728813
B287,a,h128,-0.003456,-0.0007017707311511186
B296,a,h128,-0.001536,-0.00031189810273383046
B13,a,h129,-0.001536,-0.00031189810273383046
B31,a,h129,-0.000768,-0.00015594905136691523
B39,a,h129,-0.004608,-0.0009356943082014914
B55,c,h129,-0.001536,-0.00031189810273383046
B56,c,h129,-0.0026880000000000003,-0.0005458216797842034
B58,c,h129,-0.000768,-0.00015594905136691523
B59,c,h129,-0.000768,-0.00015594905136691523
B61,c,h129,-0.003456,-0.0007017707311511186
B69,a,h129,0.0003840000000000002,-0.0004678471541007457
B90,c,h129,-0.006912,-0.0014035414623022372
B99,c,h129,-0.002304,-0.0004678471541007457
B110,c,h129,-0.004992,-0.001013668833884949
B112,c,h129,-0.001536,-0.00031189810273383046
B118,c,h129,-0.001536,-0.00031189810273383046
B120,c,h129,-0.000768,-0.00015594905136691523
B123,c,h129,-0.002304,-0.0004678471541007457
B124,c,h129,-0.001536,-0.00031189810273383046
B126,b,h129,-0.00192,-0.00038987262841728813
B130,c,h129,-0.000768,-0.00015594905136691523
B137,c,h129,-0.012672000000000001,-0.002573159347554101
B138,c,h129,-0.000768,-0.00015594905136691523
B139,c,h129,-0.000384,-7.797452568345762e-5
B140,c,h129,-0.003072,-0.0006237962054676609
B145,a,h129,-0.00384,-0.0007797452568345763
B146,a,h129,-0.000768,-0.00015594905136691523
B151,a,h129,-0.003456,-0.0007017707311511186
B154,b,h129,-0.009600000000000001,-0.0019493631420864407
B155,b,h129,-0.00576,-0.0011696178852518642
B157,c,h129,-0.0026880000000000003,-0.0005458216797842034
B167,c,h129,-0.002304,-0.0004678471541007457
B168,c,h129,-0.001536,-0.00031189810273383046
B169,c,h129,-0.004224,-0.0008577197825180339
B173,b,h129,-0.00192,-0.00038987262841728813
B176,c,h129,-0.0038399999999999997,-0.0007797452568345763
B177,c,h129,-0.001536,-0.00031189810273383046
B178,b,h129,-0.0026880000000000003,-0.0005458216797842034
B185,c,h129,-0.000768,-0.00015594905136691523
B187,c,h129,-0.007296,-0.0014815159879856949
B188,c,h129,-0.002304,-0.0004678471541007457
B189,c,h129,-0.010368,-0.002105312193453356
B190,a,h129,-0.000768,-0.00015594905136691523
B199,b,h129,-0.001152,-0.00023392357705037285
B202,a,h129,-0.001152,-0.00023392357705037285
B204,a,h129,-0.001152,-0.00023392357705037285
B233,a,h129,-0.004224,-0.0008577197825180339
B259,b,h129,-0.004608,-0.0009356943082014914
B268,b,h129,-0.000384,-7.797452568345762e-5
B269,b,h129,-0.004608,-0.0009356943082014914
B274,b,h129,-0.008448,-0.0017154395650360679
B277,b,h129,-0.00192,-0.00038987262841728813
B279,b,h129,-0.0026880000000000003,-0.0005458216797842034
B284,b,h129,-0.003456,-0.0007017707311511186
B285,b,h129,-0.012288,-0.0024951848218706437
B287,a,h129,-0.00384,-0.0007797452568345763
B296,a,h129,-0.00192,-0.00038987262841728813
B13,a,h130,-0.002304,-0.0004678471541007457
B31,a,h130,-0.000384,-7.797452568345762e-5
B39,a,h130,-0.00384,-0.0007797452568345763
B55,c,h130,-0.001152,-0.00023392357705037285
B56,c,h130,-0.0026880000000000003,-0.0005458216797842034
B58,c,h130,-0.000384,-7.797452568345762e-5
B59,c,h130,-0.000384,-7.797452568345762e-5
B61,c,h130,-0.009216,-0.0018713886164029828
B69,a,h130,0.005376000000000001,-0.000389872628417288
B90,c,h130,-0.004992,-0.001013668833884949
B99,c,h130,-0.000768,-0.00015594905136691523
B110,c,h130,-0.003456,-0.0007017707311511186
B112,c,h130,-0.001152,-0.00023392357705037285
B118,c,h130,-0.00192,-0.00038987262841728813
B120,c,h130,-0.00576,-0.0011696178852518642
B123,c,h130,-0.00576,-0.0011696178852518642
B124,c,h130,-0.00192,-0.00038987262841728813
B126,b,h130,-0.000384,-7.797452568345762e-5
B130,c,h130,-0.000768,-0.00015594905136691523
B137,c,h130,-0.012288,-0.0024951848218706437
B138,c,h130,-0.000768,-0.00015594905136691523
B139,c,h130,-0.00192,-0.00038987262841728813
B140,c,h130,-0.004224,-0.0008577197825180339
B145,a,h130,-0.0026880000000000003,-0.0005458216797842034
B146,a,h130,-0.001536,-0.00031189810273383046
B151,a,h130,-0.01536,-0.003118981027338305
B154,b,h130,-0.008448,-0.0017154395650360679
B155,b,h130,-0.00576,-0.0011696178852518642
B157,c,h130,-0.002304,-0.0004678471541007457
B167,c,h130,-0.001152,-0.00023392357705037285
B168,c,h130,-0.001152,-0.00023392357705037285
B169,c,h130,-0.006528,-0.0013255669366187795
B173,b,h130,-0.001536,-0.00031189810273383046
B176,c,h130,-0.002304,-0.0004678471541007457
B177,c,h130,-0.00384,-0.0007797452568345763
B178,b,h130,-0.001536,-0.00031189810273383046
B185,c,h130,-0.001152,-0.00023392357705037285
B187,c,h130,-0.01344,-0.0027291083989210165
B188,c,h130,-0.002304,-0.0004678471541007457
B189,c,h130,-0.010368,-0.002105312193453356
B190,a,h130,-0.000384,-7.797452568345762e-5
B199,b,h130,-0.001536,-0.00031189810273383046
B202,a,h130,-0.000768,-0.00015594905136691523
B204,a,h130,-0.000768,-0.00015594905136691523
B222,a,h130,-0.000768,-0.00015594905136691523
B233,a,h130,-0.004224,-0.0008577197825180339
B259,b,h130,-0.004608,-0.0009356943082014914
B268,b,h130,-0.000384,-7.797452568345762e-5
B269,b,h130,-0.010368,-0.0021053121934533556
B274,b,h130,-0.008448,-0.0017154395650360679
B277,b,h130,-0.001536,-0.00031189810273383046
B279,b,h130,-0.001536,-0.00031189810273383046
B284,b,h130,-0.009216,-0.0018713886164029828
B285,b,h130,-0.00192,-0.00038987262841728813
B287,a,h130,-0.003456,-0.0007017707311511186
B296,a,h130,-0.00192,-0.00038987262841728813
B13,a,h131,-0.001536,-0.00031189810273383046
B31,a,h131,-0.013056,-0.002651133873237559
B39,a,h131,-0.001536,-0.00031189810273383046
B55,c,h131,-0.001152,-0.00023392357705037285
B56,c,h131,-0.003072,-0.0006237962054676609
B58,c,h131,-0.000768,-0.00015594905136691523
B59,c,h131,-0.001536,-0.00031189810273383046
B61,c,h131,-0.009600000000000001,-0.0019493631420864407
B69,a,h131,0.00768,-0.0002339235770503728
B90,c,h131,-0.006912,-0.0014035414623022372
B99,c,h131,-0.00192,-0.00038987262841728813
B110,c,h131,-0.004608,-0.0009356943082014914
B112,c,h131,-0.000768,-0.00015594905136691523
B118,c,h131,-0.002304,-0.0004678471541007457
B120,c,h131,-0.002304,-0.0004678471541007457
B123,c,h131,-0.00768,-0.0015594905136691525
B124,c,h131,-0.002304,-0.0004678471541007457
B126,b,h131,-0.002304,-0.0004678471541007457
B130,c,h131,-0.001152,-0.00023392357705037285
B137,c,h131,-0.013056,-0.002651133873237559
B138,c,h131,-0.006528,-0.0013255669366187795
B139,c,h131,-0.000768,-0.00015594905136691523
B140,c,h131,-0.000768,-0.00015594905136691523
B145,a,h131,-0.001536,-0.00031189810273383046
B146,a,h131,-0.00192,-0.00038987262841728813
B151,a,h131,-0.007296,-0.0014815159879856949
B154,b,h131,-0.008832,-0.0017934140907195253
B155,b,h131,-0.005376000000000001,-0.0010916433595684067
B157,c,h131,-0.002304,-0.0004678471541007457
B167,c,h131,-0.001536,-0.00031189810273383046
B168,c,h131,-0.001152,-0.00023392357705037285
B169,c,h131,-0.006912,-0.0014035414623022372
B173,b,h131,-0.002304,-0.0004678471541007457
B176,c,h131,-0.003456,-0.0007017707311511186
B177,c,h131,-0.0026880000000000003,-0.0005458216797842034
B178,b,h131,-0.002304,-0.0004678471541007457
B185,c,h131,-0.000384,-7.797452568345762e-5
B187,c,h131,-0.00576,-0.0011696178852518642
B188,c,h131,-0.003456,-0.0007017707311511186
B189,c,h131,-0.010368,-0.002105312193453356
B190,a,h131,-0.000384,-7.797452568345762e-5
B199,b,h131,-0.00192,-0.00038987262841728813
B202,a,h131,-0.000384,-7.797452568345762e-5
B204,a,h131,-0.000768,-0.00015594905136691523
B233,a,h131,-0.003456,-0.0007017707311511186
B259,b,h131,-0.003456,-0.0007017707311511186
B268,b,h131,-0.000384,-7.797452568345762e-5
B269,b,h131,-0.000768,-0.00015594905136691523
B274,b,h131,-0.007296,-0.0014815159879856949
B277,b,h131,-0.001536,-0.00031189810273383046
B279,b,h131,-0.001152,-0.00023392357705037285
B284,b,h131,-0.006912,-0.0014035414623022372
B285,b,h131,-0.010752000000000001,-0.0021832867191368135
B287,a,h131,-0.003456,-0.0007017707311511186
B296,a,h131,-0.002304,-0.0004678471541007457
B13,a,h132,-0.001536,-0.00031189810273383046
B31,a,h132,-0.011904,-0.0024172102961871863
B39,a,h132,-0.002304,-0.0004678471541007457
B55,c,h132,-0.001536,-0.00031189810273383046
B56,c,h132,-0.002304,-0.0004678471541007457
B58,c,h132,-0.000384,-7.797452568345762e-5
B61,c,h132,-0.004992,-0.001013668833884949
B69,a,h132,0.008832,-0.0002339235770503728
B90,c,h132,-0.00768,-0.0015594905136691525
B99,c,h132,-0.001536,-0.00031189810273383046
B110,c,h132,-0.00384,-0.0007797452568345763
B112,c,h132,-0.001536,-0.00031189810273383046
B118,c,h132,-0.00192,-0.00038987262841728813
B120,c,h132,-0.006528,-0.0013255669366187795
B123,c,h132,-0.003072,-0.0006237962054676609
B124,c,h132,-0.001536,-0.00031189810273383046
B126,b,h132,-0.009984,-0.002027337667769898
B130,c,h132,-0.001152,-0.00023392357705037285
B137,c,h132,-0.012672000000000001,-0.002573159347554101
B138,c,h132,-0.000768,-0.00015594905136691523
B139,c,h132,-0.00192,-0.00038987262841728813
B140,c,h132,-0.001152,-0.00023392357705037285
B145,a,h132,-0.001536,-0.00031189810273383046
B146,a,h132,-0.000768,-0.00015594905136691523
B151,a,h132,-0.003072,-0.0006237962054676609
B154,b,h132,-0.008064,-0.00163746503935261
B155,b,h132,-0.00576,-0.0011696178852518642
B157,c,h132,-0.0026880000000000003,-0.0005458216797842034
B167,c,h132,-0.00192,-0.00038987262841728813
B168,c,h132,-0.000768,-0.00015594905136691523
B169,c,h132,-0.006528,-0.0013255669366187795
B173,b,h132,-0.0026880000000000003,-0.0005458216797842034
B176,c,h132,-0.014976,-0.003041006501654847
B177,c,h132,-0.011136,-0.002261261244820271
B178,b,h132,-0.006144,-0.0012475924109353219
B185,c,h132,-0.000768,-0.00015594905136691523
B187,c,h132,-0.003456,-0.0007017707311511186
B188,c,h132,-0.00192,-0.00038987262841728813
B189,c,h132,-0.009984,-0.002027337667769898
B190,a,h132,-0.000384,-7.797452568345762e-5
B199,b,h132,-0.00192,-0.00038987262841728813
B202,a,h132,-0.000768,-0.00015594905136691523
B204,a,h132,-0.00768,-0.0015594905136691525
B222,a,h132,-0.000384,-7.797452568345762e-5
B233,a,h132,-0.004608,-0.0009356943082014914
B259,b,h132,-0.004224,-0.0008577197825180339
B268,b,h132,-0.000384,-7.797452568345762e-5
B269,b,h132,-0.001536,-0.00031189810273383046
B274,b,h132,-0.00768,-0.0015594905136691525
B277,b,h132,-0.001152,-0.00023392357705037285
B279,b,h132,-0.001536,-0.00031189810273383046
B284,b,h132,-0.001536,-0.00031189810273383046
B285,b,h132,-0.003456,-0.0007017707311511186
B287,a,h132,-0.003456,-0.0007017707311511186
B296,a,h132,-0.00192,-0.00038987262841728813
B13,a,h133,-0.005376000000000001,-0.0010916433595684067
B31,a,h133,-0.012288,-0.0024951848218706437
B39,a,h133,-0.003456,-0.0007017707311511186
B55,c,h133,-0.000768,-0.00015594905136691523
B56,c,h133,-0.00192,-0.00038987262841728813
B58,c,h133,-0.000384,-7.797452568345762e-5
B59,c,h133,-0.000384,-7.797452568345762e-5
B61,c,h133,-0.003072,-0.0006237962054676609
B69,a,h133,0.011904000000000001,-0.00038987262841728786
B90,c,h133,-0.006144,-0.0012475924109353219
B99,c,h133,-0.000384,-7.797452568345762e-5
B110,c,h133,-0.004224,-0.0008577197825180339
B112,c,h133,-0.001152,-0.00023392357705037285
B118,c,h133,-0.003072,-0.0006237962054676609
B120,c,h133,-0.01152,-0.0023392357705037284
B123,c,h133,-0.001152,-0.00023392357705037285
B124,c,h133,-0.00576,-0.0011696178852518642
B126,b,h133,-0.006528,-0.0013255669366187795
B130,c,h133,-0.001152,-0.00023392357705037285
B137,c,h133,-0.012288,-0.0024951848218706437
B138,c,h133,-0.008448,-0.0017154395650360679
B139,c,h133,-0.000384,-7.797452568345762e-5
B140,c,h133,-0.0026880000000000003,-0.0005458216797842034
B145,a,h133,-0.0026880000000000003,-0.0005458216797842034
B146,a,h133,-0.000768,-0.00015594905136691523
B151,a,h133,-0.002304,-0.0004678471541007457
B154,b,h133,-0.00768,-0.0015594905136691525
B155,b,h133,-0.005376000000000001,-0.0010916433595684067
B157,c,h133,-0.00192,-0.00038987262841728813
B167,c,h133,-0.002304,-0.0004678471541007457
B168,c,h133,-0.001536,-0.00031189810273383046
B169,c,h133,-0.006528,-0.0013255669366187795
B173,b,h133,-0.002304,-0.0004678471541007457
B176,c,h133,-0.02688,-0.005458216797842033
B177,c,h133,-0.003072,-0.0005458216797842034
B178,b,h133,-0.008064,-0.00163746503935261
B185,c,h133,-0.000384,-7.797452568345762e-5
B187,c,h133,-0.002304,-0.0004678471541007457
B188,c,h133,-0.00192,-0.00038987262841728813
B189,c,h133,-0.010752000000000001,-0.0021832867191368135
B190,a,h133,-0.000384,-7.797452568345762e-5
B199,b,h133,-0.0026880000000000003,-0.0005458216797842034
B202,a,h133,-0.000768,-0.00015594905136691523
B204,a,h133,-0.002304,-0.0004678471541007457
B233,a,h133,-0.003456,-0.0007017707311511186
B259,b,h133,-0.003072,-0.0006237962054676609
B268,b,h133,-0.000384,-7.797452568345762e-5
B269,b,h133,-0.000384,-7.797452568345762e-5
B274,b,h133,-0.006912,-0.0014035414623022372
B277,b,h133,-0.001152,-0.00023392357705037285
B279,b,h133,-0.000768,-0.00015594905136691523
B284,b,h133,-0.001152,-0.00023392357705037285
B285,b,h133,-0.004224,-0.0008577197825180339
B287,a,h133,-0.00384,-0.0007797452568345763
B296,a,h133,-0.003072,-0.0006237962054676609
B13,a,h134,-0.002304,-0.0004678471541007457
B31,a,h134,-0.006912,-0.0014035414623022372
B39,a,h134,-0.001152,-0.00023392357705037285
B55,c,h134,-0.001152,-0.00023392357705037285
B56,c,h134,-0.00192,-0.00038987262841728813
B58,c,h134,-0.000768,-0.00015594905136691523
B61,c,h134,-0.003072,-0.0006237962054676609
B69,a,h134,0.009600000000000001,-0.0004678471541007456
B90,c,h134,-0.004608,-0.0009356943082014914
B99,c,h134,-0.000384,-7.797452568345762e-5
B110,c,h134,-0.003072,-0.0006237962054676609
B112,c,h134,-0.001536,-0.00031189810273383046
B118,c,h134,-0.00192,-0.00038987262841728813
B120,c,h134,-0.008832,-0.0017934140907195253
B123,c,h134,-0.003072,-0.0006237962054676609
B124,c,h134,-0.001536,-0.00031189810273383046
B126,b,h134,-0.020736,-0.004210624386906711
B130,c,h134,-0.001152,-0.00023392357705037285
B131,b,h134,-0.000384,-7.797452568345762e-5
B137,c,h134,-0.011904,-0.0024172102961871863
B138,c,h134,-0.002304,-0.0004678471541007457
B139,c,h134,-0.002304,-0.0004678471541007457
B140,c,h134,-0.004608,-0.0009356943082014914
B145,a,h134,-0.00192,-0.00038987262841728813
B146,a,h134,-0.001152,-0.00023392357705037285
B151,a,h134,-0.0026880000000000003,-0.0005458216797842034
B154,b,h134,-0.00768,-0.0015594905136691525
B155,b,h134,-0.00576,-0.0011696178852518642
B157,c,h134,-0.002304,-0.0004678471541007457
B167,c,h134,-0.002304,-0.0004678471541007457
B168,c,h134,-0.000768,-0.00015594905136691523
B169,c,h134,-0.006144,-0.0012475924109353219
B173,b,h134,-0.00192,-0.00038987262841728813
B176,c,h134,-0.02688,-0.005458216797842034
B177,c,h134,-0.003456,-0.0007017707311511186
B178,b,h134,-0.008064,-0.00163746503935261
B185,c,h134,-0.000384,-7.797452568345762e-5
B187,c,h134,-0.005376000000000001,-0.0010916433595684067
B188,c,h134,-0.002304,-0.0004678471541007457
B189,c,h134,-0.014592,-0.0029630319759713897
B190,a,h134,-0.000384,-7.797452568345762e-5
B199,b,h134,-0.0026880000000000003,-0.0005458216797842034
B202,a,h134,-0.000768,-0.00015594905136691523
B204,a,h134,-0.000768,-0.00015594905136691523
B222,a,h134,-0.000384,-7.797452568345762e-5
B233,a,h134,-0.004224,-0.0008577197825180339
B259,b,h134,-0.00384,-0.0007797452568345763
B269,b,h134,-0.00192,-0.00038987262841728813
B274,b,h134,-0.006912,-0.0014035414623022372
B277,b,h134,-0.001152,-0.00023392357705037285
B279,b,h134,-0.0026880000000000003,-0.0005458216797842034
B284,b,h134,-0.000768,-0.00015594905136691523
B285,b,h134,-0.00768,-0.0015594905136691525
B287,a,h134,-0.003456,-0.0007017707311511186
B296,a,h134,-0.004224,-0.0008577197825180339
B13,a,h135,-0.006144,-0.0012475924109353219
B31,a,h135,-0.000768,-0.00015594905136691523
B39,a,h135,-0.001152,-0.00023392357705037285
B55,c,h135,-0.001152,-0.00023392357705037285
B56,c,h135,-0.009216,-0.0018713886164029828
B58,c,h135,-0.000384,-7.797452568345762e-5
B59,c,h135,-0.00576,-0.0011696178852518642
B61,c,h135,-0.002304,-0.0004678471541007457
B69,a,h135,0.009984,-0.0005458216797842036
B90,c,h135,-0.00384,-0.0007797452568345763
B99,c,h135,-0.000768,-0.00015594905136691523
B110,c,h135,-0.003072,-0.0006237962054676609
B112,c,h135,-0.001152,-0.00023392357705037285
B118,c,h135,-0.002304,-0.0004678471541007457
B120,c,h135,-0.004992,-0.001013668833884949
B123,c,h135,-0.01344,-0.0027291083989210165
B124,c,h135,-0.001536,-0.00031189810273383046
B126,b,h135,-0.016896,-0.0034308791300721357
B130,c,h135,-0.001152,-0.00023392357705037285
B137,c,h135,-0.012288,-0.0024951848218706437
B138,c,h135,-0.005376000000000001,-0.0010916433595684067
B139,c,h135,-0.002304,-0.0004678471541007457
B140,c,h135,-0.003456,-0.0007017707311511186
B145,a,h135,-0.001536,-0.00031189810273383046
B146,a,h135,-0.000768,-0.00015594905136691523
B151,a,h135,-0.004224,-0.0008577197825180339
B154,b,h135,-0.00768,-0.0015594905136691525
B155,b,h135,-0.005376000000000001,-0.0010916433595684067
B157,c,h135,-0.00192,-0.00038987262841728813
B167,c,h135,-0.002304,-0.0004678471541007457
B168,c,h135,-0.001152,-0.00023392357705037285
B169,c,h135,-0.006144,-0.0012475924109353219
B173,b,h135,-0.00192,-0.00038987262841728813
B176,c,h135,-0.027264,-0.005536191323525491
B177,c,h135,-0.000384,-0.00023392357705037285
B178,b,h135,-0.00576,-0.0011696178852518642
B185,c,h135,-0.001152,-0.00023392357705037285
B187,c,h135,-0.004224,-0.0008577197825180339
B188,c,h135,-0.002304,-0.0004678471541007457
B189,c,h135,-0.014592,-0.0029630319759713897
B190,a,h135,-0.000384,-7.797452568345762e-5
B199,b,h135,-0.001536,-0.00031189810273383046
B202,a,h135,-0.000384,-7.797452568345762e-5
B204,a,h135,-0.001152,-0.00023392357705037285
B222,a,h135,-0.000384,-7.797452568345762e-5
B233,a,h135,-0.00384,-0.0007797452568345763
B259,b,h135,-0.00384,-0.0007797452568345763
B268,b,h135,-0.000384,-7.797452568345762e-5
B269,b,h135,-0.000768,-0.00015594905136691523
B274,b,h135,-0.008064,-0.00163746503935261
B277,b,h135,-0.00192,-0.00038987262841728813
B279,b,h135,-0.001152,-0.00023392357705037285
B284,b,h135,-0.002304,-0.0004678471541007457
B285,b,h135,-0.002304,-0.0004678471541007457
B287,a,h135,-0.003456,-0.0007017707311511186
B296,a,h135,-0.003456,-0.0007017707311511186
B13,a,h136,-0.008064,-0.00163746503935261
B31,a,h136,-0.000384,-7.797452568345762e-5
B39,a,h136,-0.001536,-0.00031189810273383046
B55,c,h136,-0.001152,-0.00023392357705037285
B56,c,h136,-0.004224,-0.0008577197825180339
B58,c,h136,-0.000768,-0.00015594905136691523
B59,c,h136,-0.001152,-0.00023392357705037285
B61,c,h136,-0.003072,-0.0006237962054676609
B69,a,h136,0.00384,-0.0004678471541007457
B90,c,h136,-0.004224,-0.0008577197825180339
B99,c,h136,-0.000384,-7.797452568345762e-5
B110,c,h136,-0.004224,-0.0008577197825180339
B112,c,h136,-0.001512,-0.00030702469487861437
B118,c,h136,-0.001152,-0.00023392357705037285
B120,c,h136,-0.00192,-0.00038987262841728813
B123,c,h136,-0.009216,-0.0018713886164029828
B124,c,h136,-0.002088,-0.00042398648340380077
B126,b,h136,-0.003456,-0.0007017707311511186
B130,c,h136,-0.000768,-0.00015594905136691523
B137,c,h136,-0.006912,-0.0014035414623022372
B138,c,h136,-0.000768,-0.00015594905136691523
B139,c,h136,-0.000768,-0.00015594905136691523
B140,c,h136,-0.008448,-0.0017154395650360679
B145,a,h136,-0.003072,-0.0006237962054676609
B146,a,h136,-0.001536,-0.00031189810273383046
B151,a,h136,-0.000384,-7.797452568345762e-5
B154,b,h136,-0.007296,-0.0014815159879856949
B155,b,h136,-0.006144,-0.0012475924109353219
B157,c,h136,-0.00192,-0.00038987262841728813
B167,c,h136,-0.00192,-0.00038987262841728813
B168,c,h136,-0.001152,-0.00023392357705037285
B169,c,h136,-0.006144,-0.0012475924109353219
B173,b,h136,-0.002304,-0.0004678471541007457
B176,c,h136,-0.027648,-0.005614165849208949
B177,c,h136,-0.001152,-0.00023392357705037285
B178,b,h136,-0.008448,-0.0017154395650360679
B185,c,h136,-0.000384,-7.797452568345762e-5
B187,c,h136,-0.000936,-0.00019006290635342795
B188,c,h136,-0.004992,-0.001013668833884949
B189,c,h136,-0.014976,-0.003041006501654847
B190,a,h136,-0.000768,-0.00015594905136691523
B199,b,h136,-0.001536,-0.00031189810273383046
B202,a,h136,-0.000768,-0.00015594905136691523
B204,a,h136,-0.00192,-0.00038987262841728813
B222,a,h136,-0.000384,-7.797452568345762e-5
B233,a,h136,-0.004224,-0.0008577197825180339
B259,b,h136,-0.00384,-0.0007797452568345763
B268,b,h136,-0.000384,-7.797452568345762e-5
B269,b,h136,-0.003456,-0.0007017707311511186
B274,b,h136,-0.006528,-0.0013255669366187795
B277,b,h136,-0.001536,-0.00031189810273383046
B279,b,h136,-0.001536,-0.00031189810273383046
B284,b,h136,-0.00192,-0.00038987262841728813
B285,b,h136,-0.010368,-0.0021053121934533556
B287,a,h136,-0.003456,-0.0007017707311511186
B296,a,h136,-0.004992,-0.001013668833884949
B13,a,h137,-0.004992,-0.001013668833884949
B31,a,h137,-0.000768,-0.00015594905136691523
B39,a,h137,-0.002304,-0.0004678471541007457
B55,c,h137,-0.001536,-0.00031189810273383046
B56,c,h137,-0.002304,-0.0004678471541007457
B58,c,h137,-0.00264,-0.0005360748640737712
B59,c,h137,-0.004224,-0.0008577197825180339
B61,c,h137,-0.004656,-0.0009454411239119237
B69,a,h137,0.001152,-0.00038987262841728813
B90,c,h137,-0.018816,-0.0038207517584894234
B99,c,h137,-0.000384,-7.797452568345762e-5
B110,c,h137,-0.004992,-0.001013668833884949
B112,c,h137,-0.001152,-0.00023392357705037285
B118,c,h137,-0.001152,-0.00023392357705037285
B120,c,h137,-0.003456,-0.0007017707311511186
B123,c,h137,-0.002304,-0.0004678471541007457
B124,c,h137,-0.003072,-0.0006237962054676609
B126,b,h137,-0.00192,-0.00038987262841728813
B130,c,h137,-0.000384,-7.797452568345762e-5
B137,c,h137,-0.00192,-0.00038987262841728813
B138,c,h137,-0.001536,-0.00031189810273383046
B139,c,h137,-0.004608,-0.0009356943082014914
B140,c,h137,-0.004608,-0.0009356943082014914
B145,a,h137,-0.002304,-0.0004678471541007457
B146,a,h137,-0.001536,-0.00031189810273383046
B151,a,h137,-0.004224,-0.0008577197825180339
B154,b,h137,-0.00768,-0.0015594905136691525
B155,b,h137,-0.00576,-0.0011696178852518642
B157,c,h137,-0.001536,-0.00031189810273383046
B167,c,h137,-0.003456,-0.0007017707311511186
B168,c,h137,-0.001536,-0.00031189810273383046
B169,c,h137,-0.00576,-0.0011696178852518642
B173,b,h137,-0.001536,-0.00031189810273383046
B176,c,h137,-0.016896,-0.0034308791300721353
B177,c,h137,-0.0013440000000000004,-0.00035088536557555935
B178,b,h137,-0.006912,-0.0014035414623022372
B185,c,h137,-0.000384,-7.797452568345762e-5
B187,c,h137,-0.008448,-0.0017154395650360679
B188,c,h137,-0.00384,-0.0007797452568345763
B189,c,h137,-0.016896,-0.0034308791300721353
B190,a,h137,-0.00192,-0.00038987262841728813
B199,b,h137,-0.000936,-0.00019006290635342795
B202,a,h137,-0.001152,-0.00023392357705037285
B204,a,h137,-0.007296,-0.0014815159879856949
B222,a,h137,-0.000384,-7.797452568345762e-5
B233,a,h137,-0.00384,-0.0007797452568345763
B259,b,h137,-0.004608,-0.0009356943082014914
B269,b,h137,-0.001536,-0.00031189810273383046
B274,b,h137,-0.008832,-0.0017934140907195253
B277,b,h137,-0.001536,-0.00031189810273383046
B279,b,h137,-0.001152,-0.00023392357705037285
B284,b,h137,-0.002304,-0.0004678471541007457
B285,b,h137,-0.003456,-0.0007017707311511186
B287,a,h137,-0.00384,-0.0007797452568345763
B296,a,h137,-0.003456,-0.0007017707311511186
B13,a,h138,-0.001152,-0.00023392357705037285
B31,a,h138,-0.000384,-7.797452568345762e-5
B39,a,h138,-0.001536,-0.00031189810273383046
B55,c,h138,-0.001536,-0.00031189810273383046
B56,c,h138,-0.011136,-0.002261261244820271
B58,c,h138,-0.001152,-0.00023392357705037285
B59,c,h138,-0.003072,-0.0006237962054676609
B61,c,h138,-0.004992,-0.001013668833884949
B69,a,h138,-0.003072,-0.001013668833884949
B90,c,h138,-0.003456,-0.0007017707311511186
B99,c,h138,-0.000384,-7.797452568345762e-5
B110,c,h138,-0.003456,-0.0007017707311511186
B112,c,h138,-0.001152,-0.00023392357705037285
B118,c,h138,-0.001152,-0.00023392357705037285
B120,c,h138,-0.002304,-0.0004678471541007457
B123,c,h138,-0.002304,-0.0004678471541007457
B124,c,h138,-0.006912,-0.0014035414623022372
B126,b,h138,-0.01344,-0.0027291083989210165
B130,c,h138,-0.000384,-7.797452568345762e-5
B137,c,h138,-0.0026880000000000003,-0.0005458216797842034
B138,c,h138,-0.0026880000000000003,-0.0005458216797842034
B139,c,h138,-0.0026880000000000003,-0.0005458216797842034
B140,c,h138,-0.001152,-0.00023392357705037285
B145,a,h138,-0.003456,-0.0007017707311511186
B146,a,h138,-0.001152,-0.00023392357705037285
B151,a,h138,-0.0026880000000000003,-0.0005458216797842034
B154,b,h138,-0.007296,-0.0014815159879856949
B155,b,h138,-0.005376000000000001,-0.0010916433595684067
B157,c,h138,-0.00192,-0.00038987262841728813
B167,c,h138,-0.003072,-0.0006237962054676609
B168,c,h138,-0.001152,-0.00023392357705037285
B169,c,h138,-0.00576,-0.0011696178852518642
B173,b,h138,-0.001536,-0.00031189810273383046
B176,c,h138,-0.01152,-0.0023392357705037284
B177,c,h138,-0.001536,-0.00031189810273383046
B178,b,h138,-0.004992,-0.001013668833884949
B185,c,h138,-0.000384,-7.797452568345762e-5
B187,c,h138,-0.003072,-0.0006237962054676609
B188,c,h138,-0.002304,-0.0004678471541007457
B189,c,h138,-0.015744,-0.003196955553021762
B190,a,h138,-0.005376000000000001,-0.0010916433595684067
B199,b,h138,-0.007296,-0.0014815159879856949
B202,a,h138,-0.000384,-7.797452568345762e-5
B204,a,h138,-0.000768,-0.00015594905136691523
B222,a,h138,-0.000384,-7.797452568345762e-5
B233,a,h138,-0.00384,-0.0007797452568345763
B259,b,h138,-0.002304,-0.0004678471541007457
B268,b,h138,-0.000384,-7.797452568345762e-5
B269,b,h138,-0.001536,-0.00031189810273383046
B274,b,h138,-0.008448,-0.0017154395650360679
B277,b,h138,-0.001536,-0.00031189810273383046
B279,b,h138,-0.001152,-0.00023392357705037285
B284,b,h138,-0.003072,-0.0006237962054676609
B285,b,h138,-0.003072,-0.0006237962054676609
B287,a,h138,-0.003456,-0.0007017707311511186
B296,a,h138,-0.00576,-0.0011696178852518642
B13,a,h139,-0.00192,-0.00038987262841728813
B31,a,h139,-0.003072,-0.0006237962054676609
B39,a,h139,-0.001152,-0.00023392357705037285
B55,c,h139,-0.004608,-0.0009356943082014914
B56,c,h139,-0.00192,-0.00038987262841728813
B58,c,h139,-0.000768,-0.00015594905136691523
B59,c,h139,-0.002304,-0.0004678471541007457
B61,c,h139,-0.0026880000000000003,-0.0005458216797842034
B69,a,h139,-0.001152,-0.00038987262841728813
B90,c,h139,-0.00384,-0.0007797452568345763
B99,c,h139,-0.000384,-7.797452568345762e-5
B110,c,h139,-0.004224,-0.0008577197825180339
B112,c,h139,-0.001536,-0.00031189810273383046
B118,c,h139,-0.00192,-0.00038987262841728813
B120,c,h139,-0.000384,-7.797452568345762e-5
B123,c,h139,-0.0026880000000000003,-0.0005458216797842034
B124,c,h139,-0.00192,-0.00038987262841728813
B126,b,h139,-0.00768,-0.0015594905136691525
B130,c,h139,-0.000384,-7.797452568345762e-5
B137,c,h139,-0.003456,-0.0007017707311511186
B138,c,h139,-0.002304,-0.0004678471541007457
B139,c,h139,-0.001152,-0.00023392357705037285
B140,c,h139,-0.00192,-0.00038987262841728813
B145,a,h139,-0.001536,-0.00031189810273383046
B146,a,h139,-0.001152,-0.00023392357705037285
B151,a,h139,-0.001152,-0.00023392357705037285
B154,b,h139,-0.00768,-0.0015594905136691525
B155,b,h139,-0.00576,-0.0011696178852518642
B157,c,h139,-0.002304,-0.0004678471541007457
B167,c,h139,-0.00192,-0.00038987262841728813
B168,c,h139,-0.0026880000000000003,-0.0005458216797842034
B169,c,h139,-0.005376000000000001,-0.0010916433595684067
B173,b,h139,-0.00192,-0.00038987262841728813
B176,c,h139,-0.010752,-0.0021832867191368135
B177,c,h139,-0.001536,-0.00031189810273383046
B178,b,h139,-0.001536,-0.00031189810273383046
B185,c,h139,-0.000384,-7.797452568345762e-5
B187,c,h139,-0.005376000000000001,-0.0010916433595684067
B188,c,h139,-0.002304,-0.0004678471541007457
B189,c,h139,-0.013056000000000002,-0.002651133873237559
B190,a,h139,-0.001536,-0.00031189810273383046
B199,b,h139,-0.00384,-0.0007797452568345763
B202,a,h139,-0.000768,-0.00015594905136691523
B204,a,h139,-0.001152,-0.00023392357705037285
B222,a,h139,-0.000384,-7.797452568345762e-5
B233,a,h139,-0.004224,-0.0008577197825180339
B259,b,h139,-0.002304,-0.0004678471541007457
B268,b,h139,-0.000384,-7.797452568345762e-5
B269,b,h139,-0.002304,-0.0004678471541007457
B274,b,h139,-0.010752000000000001,-0.0021832867191368135
B277,b,h139,-0.00192,-0.00038987262841728813
B279,b,h139,-0.001152,-0.00023392357705037285
B284,b,h139,-0.002304,-0.0004678471541007457
B285,b,h139,-0.00384,-0.0007797452568345763
B287,a,h139,-0.003456,-0.0007017707311511186
B296,a,h139,-0.004608,-0.0009356943082014914
B13,a,h140,-0.002304,-0.0004678471541007457
B39,a,h140,-0.001536,-0.00031189810273383046
B55,c,h140,-0.0026880000000000003,-0.0005458216797842034
B56,c,h140,-0.003072,-0.0006237962054676609
B58,c,h140,-0.000384,-7.797452568345762e-5
B59,c,h140,-0.002304,-0.0004678471541007457
B61,c,h140,-0.00192,-0.00038987262841728813
B69,a,h140,-0.002304,-0.0004678471541007457
B90,c,h140,-0.00384,-0.0007797452568345763
B99,c,h140,-0.000768,-0.00015594905136691523
B110,c,h140,-0.003456,-0.0007017707311511186
B112,c,h140,-0.001152,-0.00023392357705037285
B118,c,h140,-0.001152,-0.00023392357705037285
B120,c,h140,-0.001536,-0.00031189810273383046
B123,c,h140,-0.00192,-0.00038987262841728813
B124,c,h140,-0.003072,-0.0006237962054676609
B126,b,h140,-0.001536,-0.00031189810273383046
B130,c,h140,-0.001152,-0.00023392357705037285
B137,c,h140,-0.0026880000000000003,-0.0005458216797842034
B138,c,h140,-0.001152,-0.00023392357705037285
B139,c,h140,-0.00192,-0.00038987262841728813
B140,c,h140,-0.001536,-0.00031189810273383046
B145,a,h140,-0.00384,-0.0007797452568345763
B146,a,h140,-0.00192,-0.00038987262841728813
B151,a,h140,-0.003072,-0.0006237962054676609
B154,b,h140,-0.008064,-0.00163746503935261
B155,b,h140,-0.00576,-0.0011696178852518642
B157,c,h140,-0.009216,-0.0018713886164029828
B167,c,h140,-0.001536,-0.00031189810273383046
B168,c,h140,-0.00192,-0.00038987262841728813
B169,c,h140,-0.00576,-0.0011696178852518642
B173,b,h140,-0.001152,-0.00023392357705037285
B176,c,h140,-0.011136,-0.002261261244820271
B177,c,h140,-0.004608,-0.0009356943082014914
B178,b,h140,-0.003456,-0.0007017707311511186
B185,c,h140,-0.000768,-0.00015594905136691523
B187,c,h140,-0.011904,-0.0024172102961871863
B188,c,h140,-0.003456,-0.0007017707311511186
B189,c,h140,-0.014592,-0.0029630319759713893
B190,a,h140,-0.000384,-7.797452568345762e-5
B199,b,h140,-0.001536,-0.00031189810273383046
B202,a,h140,-0.000768,-0.00015594905136691523
B204,a,h140,-0.002304,-0.0004678471541007457
B222,a,h140,-0.000768,-0.00015594905136691523
B233,a,h140,-0.003456,-0.0007017707311511186
B259,b,h140,-0.0026880000000000003,-0.0005458216797842034
B268,b,h140,-0.000384,-7.797452568345762e-5
B269,b,h140,-0.000768,-0.00015594905136691523
B274,b,h140,-0.008832,-0.0017934140907195253
B277,b,h140,-0.002304,-0.0004678471541007457
B279,b,h140,-0.00384,-0.0007797452568345763
B284,b,h140,-0.002304,-0.0004678471541007457
B285,b,h140,-0.004224,-0.0008577197825180339
B287,a,h140,-0.003456,-0.0007017707311511186
B296,a,h140,-0.005376000000000001,-0.0010916433595684067
B13,a,h141,-0.00192,-0.00038987262841728813
B31,a,h141,-0.000768,-0.00015594905136691523
B39,a,h141,-0.001152,-0.00023392357705037285
B55,c,h141,-0.002304,-0.0004678471541007457
B56,c,h141,-0.004224,-0.0008577197825180339
B58,c,h141,-0.000384,-7.797452568345762e-5
B59,c,h141,-0.001152,-0.00023392357705037285
B61,c,h141,-0.00192,-0.00038987262841728813
B69,a,h141,-0.00576,-0.0011696178852518642
B90,c,h141,-0.00384,-0.0007797452568345763
B99,c,h141,-0.000384,-7.797452568345762e-5
B110,c,h141,-0.004608,-0.0009356943082014914
B112,c,h141,-0.00192,-0.00038987262841728813
B118,c,h141,-0.001536,-0.00031189810273383046
B120,c,h141,-0.002304,-0.0004678471541007457
B123,c,h141,-0.003072,-0.0006237962054676609
B124,c,h141,-0.00192,-0.00038987262841728813
B126,b,h141,-0.002304,-0.0004678471541007457
B130,c,h141,-0.001152,-0.00023392357705037285
B137,c,h141,-0.003072,-0.0006237962054676609
B138,c,h141,-0.001536,-0.00031189810273383046
B139,c,h141,-0.001152,-0.00023392357705037285
B140,c,h141,-0.0026880000000000003,-0.0005458216797842034
B145,a,h141,-0.003072,-0.0006237962054676609
B146,a,h141,-0.0026880000000000003,-0.0005458216797842034
B151,a,h141,-0.001152,-0.00023392357705037285
B154,b,h141,-0.008448,-0.0017154395650360679
B155,b,h141,-0.00576,-0.0011696178852518642
B157,c,h141,-0.004992,-0.001013668833884949
B167,c,h141,-0.001536,-0.00031189810273383046
B168,c,h141,-0.003072,-0.0006237962054676609
B169,c,h141,-0.005376000000000001,-0.0010916433595684067
B173,b,h141,-0.000768,-0.00015594905136691523
B176,c,h141,-0.011136,-0.002261261244820271
B177,c,h141,-0.00192,-0.00031189810273383046
B178,b,h141,-0.001152,-0.00023392357705037285
B185,c,h141,-0.000768,-0.00015594905136691523
B187,c,h141,-0.015744,-0.0031969555530217625
B188,c,h141,-0.002304,-0.0004678471541007457
B189,c,h141,-0.017664,-0.0035868281814390507
B190,a,h141,-0.000768,-0.00015594905136691523
B199,b,h141,-0.003456,-0.0007017707311511186
B202,a,h141,-0.000768,-0.00015594905136691523
B204,a,h141,-0.000768,-0.00015594905136691523
B222,a,h141,-0.000384,-7.797452568345762e-5
B233,a,h141,-0.004224,-0.0008577197825180339
B259,b,h141,-0.003072,-0.0006237962054676609
B269,b,h141,-0.004608,-0.0009356943082014914
B274,b,h141,-0.010752000000000001,-0.0021832867191368135
B277,b,h141,-0.0026880000000000003,-0.0005458216797842034
B279,b,h141,-0.001536,-0.00031189810273383046
B284,b,h141,-0.00192,-0.00038987262841728813
B285,b,h141,-0.009216,-0.0018713886164029828
B287,a,h141,-0.002208,-0.00044835352267988133
B296,a,h141,-0.007296,-0.0014815159879856949
B13,a,h142,-0.00192,-0.00038987262841728813
B31,a,h142,-0.000384,-7.797452568345762e-5
B39,a,h142,-0.001536,-0.00031189810273383046
B55,c,h142,-0.0026880000000000003,-0.0005458216797842034
B56,c,h142,-0.004224,-0.0008577197825180339
B58,c,h142,-0.000384,-7.797452568345762e-5
B59,c,h142,-0.000768,-0.00015594905136691523
B61,c,h142,-0.00192,-0.00038987262841728813
B69,a,h142,-0.005376000000000001,-0.0010916433595684067
B90,c,h142,-0.00384,-0.0007797452568345763
B99,c,h142,-0.000768,-0.00015594905136691523
B110,c,h142,-0.00384,-0.0007797452568345763
B112,c,h142,-0.001152,-0.00023392357705037285
B118,c,h142,-0.00192,-0.00038987262841728813
B120,c,h142,-0.009216,-0.0018713886164029828
B123,c,h142,-0.001536,-0.00031189810273383046
B124,c,h142,-0.002304,-0.0004678471541007457
B126,b,h142,-0.000768,-0.00015594905136691523
B130,c,h142,-0.001152,-0.00023392357705037285
B137,c,h142,-0.003072,-0.0006237962054676609
B138,c,h142,-0.001536,-0.00031189810273383046
B139,c,h142,-0.000768,-0.00015594905136691523
B140,c,h142,-0.002304,-0.0004678471541007457
B145,a,h142,-0.00192,-0.00038987262841728813
B146,a,h142,-0.000768,-0.00015594905136691523
B151,a,h142,-0.001152,-0.00023392357705037285
B154,b,h142,-0.008448,-0.0017154395650360679
B155,b,h142,-0.00576,-0.0011696178852518642
B157,c,h142,-0.002304,-0.0004678471541007457
B167,c,h142,-0.0026880000000000003,-0.0005458216797842034
B168,c,h142,-0.001152,-0.00023392357705037285
B169,c,h142,-0.00576,-0.0011696178852518642
B173,b,h142,-0.000768,-0.00015594905136691523
B176,c,h142,-0.00192,-0.00038987262841728813
B177,c,h142,-0.00192,-0.00038987262841728813
B178,b,h142,-0.003456,-0.0007017707311511186
B185,c,h142,-0.000384,-7.797452568345762e-5
B187,c,h142,-0.010752000000000001,-0.0021832867191368135
B188,c,h142,-0.00192,-0.00038987262841728813
B189,c,h142,-0.013056000000000002,-0.002651133873237559
B190,a,h142,-0.000384,-7.797452568345762e-5
B199,b,h142,-0.007296,-0.0014815159879856949
B202,a,h142,-0.000384,-7.797452568345762e-5
B204,a,h142,-0.00384,-0.0007797452568345763
B222,a,h142,-0.000384,-7.797452568345762e-5
B233,a,h142,-0.003456,-0.0007017707311511186
B259,b,h142,-0.003072,-0.0006237962054676609
B268,b,h142,-0.000384,-7.797452568345762e-5
B269,b,h142,-0.004224,-0.0008577197825180339
B274,b,h142,-0.011136,-0.002261261244820271
B277,b,h142,-0.001536,-0.00031189810273383046
B279,b,h142,-0.002304,-0.0004678471541007457
B284,b,h142,-0.000768,-0.00015594905136691523
B285,b,h142,-0.00384,-0.0007797452568345763
B287,a,h142,-0.003456,-0.0007017707311511186
B296,a,h142,-0.004608,-0.0009356943082014914
B13,a,h143,-0.001536,-0.00031189810273383046
B31,a,h143,-0.000768,-0.00015594905136691523
B39,a,h143,-0.001536,-0.00031189810273383046
B55,c,h143,-0.003456,-0.0007017707311511186
B56,c,h143,-0.003072,-0.0006237962054676609
B58,c,h143,-0.000768,-0.00015594905136691523
B59,c,h143,-0.000768,-0.00015594905136691523
B61,c,h143,-0.00192,-0.00038987262841728813
B69,a,h143,-0.00192,-0.00038987262841728813
B90,c,h143,-0.00576,-0.0011696178852518642
B99,c,h143,-0.000384,-7.797452568345762e-5
B110,c,h143,-0.004608,-0.0009356943082014914
B112,c,h143,-0.001536,-0.00031189810273383046
B118,c,h143,-0.001536,-0.00031189810273383046
B120,c,h143,-0.002304,-0.0004678471541007457
B123,c,h143,-0.001152,-0.00023392357705037285
B124,c,h143,-0.003072,-0.0006237962054676609
B126,b,h143,-0.00192,-0.00038987262841728813
B130,c,h143,-0.000768,-0.00015594905136691523
B137,c,h143,-0.002304,-0.0004678471541007457
B138,c,h143,-0.00192,-0.00038987262841728813
B139,c,h143,-0.000768,-0.00015594905136691523
B140,c,h143,-0.006528,-0.0013255669366187795
B145,a,h143,-0.000768,-0.00015594905136691523
B146,a,h143,-0.000384,-7.797452568345762e-5
B151,a,h143,-0.001152,-0.00023392357705037285
B154,b,h143,-0.008448,-0.0017154395650360679
B155,b,h143,-0.00576,-0.0011696178852518642
B157,c,h143,-0.002304,-0.0004678471541007457
B167,c,h143,-0.004992,-0.001013668833884949
B168,c,h143,-0.001152,-0.00023392357705037285
B169,c,h143,-0.004992,-0.001013668833884949
B173,b,h143,-0.000768,-0.00015594905136691523
B176,c,h143,-0.00192,-0.00038987262841728813
B177,c,h143,-0.004224,-0.0008577197825180339
B178,b,h143,-0.001536,-0.00031189810273383046
B185,c,h143,-0.000768,-0.00015594905136691523
B187,c,h143,-0.003072,-0.0006237962054676609
B188,c,h143,-0.00192,-0.00038987262841728813
B189,c,h143,-0.010368,-0.0021053121934533556
B190,a,h143,-0.000384,-7.797452568345762e-5
B199,b,h143,-0.004992,-0.001013668833884949
B202,a,h143,-0.000768,-0.00015594905136691523
B204,a,h143,-0.001152,-0.00023392357705037285
B222,a,h143,-0.000768,-0.00015594905136691523
B233,a,h143,-0.004224,-0.0008577197825180339
B259,b,h143,-0.0026880000000000003,-0.0005458216797842034
B268,b,h143,-0.000384,-7.797452568345762e-5
B269,b,h143,-0.004224,-0.0008577197825180339
B274,b,h143,-0.008448,-0.0017154395650360679
B277,b,h143,-0.001536,-0.00031189810273383046
B279,b,h143,-0.000768,-0.00015594905136691523
B284,b,h143,-0.000384,-7.797452568345762e-5
B285,b,h143,-0.003072,-0.0006237962054676609
B287,a,h143,-0.003456,-0.0007017707311511186
B296,a,h143,-0.004992,-0.001013668833884949
B13,a,h144,-0.001536,-0.00031189810273383046
B31,a,h144,-0.000768,-0.00015594905136691523
B39,a,h144,-0.0026880000000000003,-0.0005458216797842034
B55,c,h144,-0.0026880000000000003,-0.0005458216797842034
B56,c,h144,-0.003072,-0.0006237962054676609
B58,c,h144,-0.000768,-0.00015594905136691523
B59,c,h144,-0.000768,-0.00015594905136691523
B61,c,h144,-0.00192,-0.00038987262841728813
B69,a,h144,-0.001536,-0.00031189810273383046
B90,c,h144,-0.00384,-0.0007797452568345763
B99,c,h144,-0.000384,-7.797452568345762e-5
B110,c,h144,-0.004992,-0.001013668833884949
B112,c,h144,-0.001536,-0.00031189810273383046
B118,c,h144,-0.001152,-0.00023392357705037285
B120,c,h144,-0.001152,-0.00023392357705037285
B123,c,h144,-0.001152,-0.00023392357705037285
B124,c,h144,-0.001536,-0.00031189810273383046
B126,b,h144,-0.001152,-0.00023392357705037285
B130,c,h144,-0.000384,-7.797452568345762e-5
B137,c,h144,-0.002304,-0.0004678471541007457
B138,c,h144,-0.001536,-0.00031189810273383046
B139,c,h144,-0.00192,-0.00038987262841728813
B140,c,h144,-0.007296,-0.0014815159879856949
B145,a,h144,-0.001536,-0.00031189810273383046
B146,a,h144,-0.001536,-0.00031189810273383046
B151,a,h144,-0.001152,-0.00023392357705037285
B154,b,h144,-0.008448,-0.0017154395650360679
B155,b,h144,-0.00576,-0.0011696178852518642
B157,c,h144,-0.002304,-0.0004678471541007457
B167,c,h144,-0.001536,-0.00031189810273383046
B168,c,h144,-0.000768,-0.00015594905136691523
B169,c,h144,-0.00576,-0.0011696178852518642
B173,b,h144,-0.002304,-0.0004678471541007457
B176,c,h144,-0.0026880000000000003,-0.0005458216797842033
B177,c,h144,-0.001536,-0.00031189810273383046
B178,b,h144,-0.001152,-0.00023392357705037285
B185,c,h144,-0.000768,-0.00015594905136691523
B187,c,h144,-0.007296,-0.0014815159879856949
B188,c,h144,-0.00192,-0.00038987262841728813
B189,c,h144,-0.009216,-0.0018713886164029828
B190,a,h144,-0.000384,-7.797452568345762e-5
B199,b,h144,-0.001152,-0.00023392357705037285
B202,a,h144,-0.000384,-7.797452568345762e-5
B204,a,h144,-0.001152,-0.00023392357705037285
B222,a,h144,-0.000384,-7.797452568345762e-5
B233,a,h144,-0.003456,-0.0007017707311511186
B259,b,h144,-0.0026880000000000003,-0.0005458216797842034
B269,b,h144,-0.004224,-0.0008577197825180339
B274,b,h144,-0.008064,-0.00163746503935261
B277,b,h144,-0.001536,-0.00031189810273383046
B279,b,h144,-0.000768,-0.00015594905136691523
B284,b,h144,-0.001152,-0.00023392357705037285
B285,b,h144,-0.001536,-0.00031189810273383046
B287,a,h144,-0.00384,-0.0007797452568345763
B296,a,h144,-0.0026880000000000003,-0.0005458216797842034
B13,a,h145,-0.001152,-0.00023392357705037285
B39,a,h145,-0.001152,-0.00023392357705037285
B55,c,h145,-0.0026880000000000003,-0.0005458216797842034
B56,c,h145,-0.001152,-0.00023392357705037285
B58,c,h145,-0.001152,-0.00023392357705037285
B59,c,h145,-0.000768,-0.00015594905136691523
B61,c,h145,-0.00192,-0.00038987262841728813
B69,a,h145,-0.001152,-0.00023392357705037285
B90,c,h145,-0.00384,-0.0007797452568345763
B99,c,h145,-0.000384,-7.797452568345762e-5
B110,c,h145,-0.00384,-0.0007797452568345763
B112,c,h145,-0.0026880000000000003,-0.0005458216797842034
B118,c,h145,-0.001152,-0.00023392357705037285
B120,c,h145,-0.0026880000000000003,-0.0005458216797842034
B123,c,h145,-0.002304,-0.0004678471541007457
B124,c,h145,-0.001536,-0.00031189810273383046
B126,b,h145,-0.001536,-0.00031189810273383046
B130,c,h145,-0.000768,-0.00015594905136691523
B131,b,h145,-0.000384,-7.797452568345762e-5
B137,c,h145,-0.002304,-0.0004678471541007457
B138,c,h145,-0.00192,-0.00038987262841728813
B139,c,h145,-0.000768,-0.00015594905136691523
B140,c,h145,-0.004608,-0.0009356943082014914
B145,a,h145,-0.001152,-0.00023392357705037285
B146,a,h145,-0.000384,-7.797452568345762e-5
B151,a,h145,-0.000768,-0.00015594905136691523
B154,b,h145,-0.009216,-0.0018713886164029828
B155,b,h145,-0.005376000000000001,-0.0010916433595684067
B157,c,h145,-0.001536,-0.00031189810273383046
B167,c,h145,-0.001536,-0.00031189810273383046
B168,c,h145,-0.000768,-0.00015594905136691523
B169,c,h145,-0.0026880000000000003,-0.0005458216797842034
B173,b,h145,-0.00192,-0.00038987262841728813
B176,c,h145,-0.002304,-0.0004678471541007457
B177,c,h145,-0.002304,-0.0004678471541007457
B178,b,h145,-0.000768,-0.00015594905136691523
B185,c,h145,-0.000768,-0.00015594905136691523
B187,c,h145,-0.004224,-0.0008577197825180339
B188,c,h145,-0.00192,-0.00038987262841728813
B189,c,h145,-0.009600000000000001,-0.0019493631420864405
B190,a,h145,-0.000768,-0.00015594905136691523
B199,b,h145,-0.001152,-0.00023392357705037285
B202,a,h145,-0.000384,-7.797452568345762e-5
B204,a,h145,-0.001152,-0.00023392357705037285
B222,a,h145,-0.000384,-7.797452568345762e-5
B233,a,h145,-0.004608,-0.0009356943082014914
B259,b,h145,-0.0026880000000000003,-0.0005458216797842034
B268,b,h145,-0.000384,-7.797452568345762e-5
B269,b,h145,-0.004608,-0.0009356943082014914
B274,b,h145,-0.007296,-0.0014815159879856949
B277,b,h145,-0.001152,-0.00023392357705037285
B279,b,h145,-0.000768,-0.00015594905136691523
B284,b,h145,-0.000384,-7.797452568345762e-5
B285,b,h145,-0.001536,-0.00031189810273383046
B287,a,h145,-0.003456,-0.0007017707311511186
B296,a,h145,-0.002304,-0.0004678471541007457
B13,a,h146,-0.001152,-0.00023392357705037285
B31,a,h146,-0.000768,-0.00015594905136691523
B39,a,h146,-0.001536,-0.00031189810273383046
B55,c,h146,-0.0026880000000000003,-0.0005458216797842034
B56,c,h146,-0.001152,-0.00023392357705037285
B58,c,h146,-0.000768,-0.00015594905136691523
B59,c,h146,-0.00192,-0.00038987262841728813
B61,c,h146,-0.00192,-0.00038987262841728813
B69,a,h146,-0.001152,-0.00023392357705037285
B90,c,h146,-0.00384,-0.0007797452568345763
B99,c,h146,-0.000384,-7.797452568345762e-5
B110,c,h146,-0.004608,-0.0009356943082014914
B112,c,h146,-0.001536,-0.00031189810273383046
B118,c,h146,-0.001152,-0.00023392357705037285
B120,c,h146,-0.000384,-7.797452568345762e-5
B123,c,h146,-0.001152,-0.00023392357705037285
B124,c,h146,-0.001536,-0.00031189810273383046
B126,b,h146,-0.00192,-0.00038987262841728813
B130,c,h146,-0.000384,-7.797452568345762e-5
B137,c,h146,-0.00192,-0.00038987262841728813
B138,c,h146,-0.001536,-0.00031189810273383046
B139,c,h146,-0.000768,-0.00015594905136691523
B140,c,h146,-0.003456,-0.0007017707311511186
B145,a,h146,-0.001152,-0.00023392357705037285
B146,a,h146,-0.000768,-0.00015594905136691523
B151,a,h146,-0.00192,-0.00038987262841728813
B154,b,h146,-0.008448,-0.0017154395650360679
B155,b,h146,-0.005376000000000001,-0.0010916433595684067
B157,c,h146,-0.00192,-0.00038987262841728813
B167,c,h146,-0.001152,-0.00023392357705037285
B168,c,h146,-0.000768,-0.00015594905136691523
B169,c,h146,-0.003072,-0.0006237962054676609
B173,b,h146,-0.000768,-0.00015594905136691523
B176,c,h146,-0.0026880000000000003,-0.0005458216797842033
B177,c,h146,-0.002304,-0.0004678471541007457
B178,b,h146,-0.001152,-0.00023392357705037285
B185,c,h146,-0.000384,-7.797452568345762e-5
B187,c,h146,-0.003072,-0.0006237962054676609
B188,c,h146,-0.003072,-0.0006237962054676609
B189,c,h146,-0.009600000000000001,-0.0019493631420864405
B190,a,h146,-0.000768,-0.00015594905136691523
B199,b,h146,-0.001152,-0.00023392357705037285
B202,a,h146,-0.000768,-0.00015594905136691523
B204,a,h146,-0.000768,-0.00015594905136691523
B222,a,h146,-0.000768,-0.00015594905136691523
B233,a,h146,-0.003456,-0.0007017707311511186
B259,b,h146,-0.002304,-0.0004678471541007457
B268,b,h146,-0.000384,-7.797452568345762e-5
B269,b,h146,-0.004608,-0.0009356943082014914
B274,b,h146,-0.008832,-0.0017934140907195253
B277,b,h146,-0.001152,-0.00023392357705037285
B279,b,h146,-0.000768,-0.00015594905136691523
B284,b,h146,-0.001152,-0.00023392357705037285
B285,b,h146,-0.003072,-0.0006237962054676609
B287,a,h146,-0.003456,-0.0007017707311511186
B296,a,h146,-0.001536,-0.00031189810273383046
B13,a,h147,-0.001152,-0.00023392357705037285
B31,a,h147,-0.000384,-7.797452568345762e-5
B39,a,h147,-0.0026880000000000003,-0.0005458216797842034
B55,c,h147,-0.0026880000000000003,-0.0005458216797842034
B56,c,h147,-0.001152,-0.00023392357705037285
B58,c,h147,-0.001152,-0.00023392357705037285
B59,c,h147,-0.000768,-0.00015594905136691523
B61,c,h147,-0.00192,-0.00038987262841728813
B69,a,h147,-0.000768,-0.00015594905136691523
B90,c,h147,-0.004224,-0.0008577197825180339
B99,c,h147,-0.000384,-7.797452568345762e-5
B110,c,h147,-0.004992,-0.001013668833884949
B112,c,h147,-0.001152,-0.00023392357705037285
B118,c,h147,-0.001152,-0.00023392357705037285
B120,c,h147,-0.00192,-0.00038987262841728813
B123,c,h147,-0.000768,-0.00015594905136691523
B124,c,h147,-0.0026880000000000003,-0.0005458216797842034
B126,b,h147,-0.000768,-0.00015594905136691523
B130,c,h147,-0.000768,-0.00015594905136691523
B137,c,h147,-0.0026880000000000003,-0.0005458216797842034
B138,c,h147,-0.00192,-0.00038987262841728813
B139,c,h147,-0.000768,-0.00015594905136691523
B140,c,h147,-0.006144,-0.0012475924109353219
B145,a,h147,-0.000768,-0.00015594905136691523
B146,a,h147,-0.001152,-0.00023392357705037285
B151,a,h147,-0.000768,-0.00015594905136691523
B154,b,h147,-0.008448,-0.0017154395650360679
B155,b,h147,-0.005376000000000001,-0.0010916433595684067
B157,c,h147,-0.002304,-0.0004678471541007457
B167,c,h147,-0.000768,-0.00015594905136691523
B168,c,h147,-0.000768,-0.00015594905136691523
B169,c,h147,-0.003072,-0.0006237962054676609
B173,b,h147,-0.000768,-0.00015594905136691523
B176,c,h147,-0.00192,-0.00038987262841728813
B177,c,h147,-0.001536,-0.00031189810273383046
B178,b,h147,-0.001152,-0.00023392357705037285
B185,c,h147,-0.000384,-7.797452568345762e-5
B187,c,h147,-0.005376000000000001,-0.0010916433595684067
B188,c,h147,-0.00192,-0.00038987262841728813
B189,c,h147,-0.009216,-0.0018713886164029828
B190,a,h147,-0.000768,-0.00015594905136691523
B199,b,h147,-0.001152,-0.00023392357705037285
B202,a,h147,-0.000384,-7.797452568345762e-5
B204,a,h147,-0.001152,-0.00023392357705037285
B222,a,h147,-0.000384,-7.797452568345762e-5
B233,a,h147,-0.004224,-0.0008577197825180339
B259,b,h147,-0.002304,-0.0004678471541007457
B268,b,h147,-0.000384,-7.797452568345762e-5
B269,b,h147,-0.006144,-0.0012475924109353219
B274,b,h147,-0.008832,-0.0017934140907195253
B277,b,h147,-0.001536,-0.00031189810273383046
B279,b,h147,-0.000768,-0.00015594905136691523
B284,b,h147,-0.001152,-0.00023392357705037285
B285,b,h147,-0.001536,-0.00031189810273383046
B287,a,h147,-0.003456,-0.0007017707311511186
B296,a,h147,-0.00192,-0.00038987262841728813
B13,a,h148,-0.001152,-0.00023392357705037285
B31,a,h148,-0.000768,-0.00015594905136691523
B39,a,h148,-0.001152,-0.00023392357705037285
B55,c,h148,-0.003456,-0.0007017707311511186
B56,c,h148,-0.001152,-0.00023392357705037285
B58,c,h148,-0.000768,-0.00015594905136691523
B59,c,h148,-0.000768,-0.00015594905136691523
B61,c,h148,-0.001536,-0.00031189810273383046
B69,a,h148,-0.00192,-0.00038987262841728813
B90,c,h148,-0.00384,-0.0007797452568345763
B99,c,h148,-0.000384,-7.797452568345762e-5
B110,c,h148,-0.004992,-0.001013668833884949
B112,c,h148,-0.001536,-0.00031189810273383046
B118,c,h148,-0.001536,-0.00031189810273383046
B120,c,h148,-0.000768,-0.00015594905136691523
B123,c,h148,-0.001152,-0.00023392357705037285
B124,c,h148,-0.001536,-0.00031189810273383046
B126,b,h148,-0.000768,-0.00015594905136691523
B130,c,h148,-0.000384,-7.797452568345762e-5
B137,c,h148,-0.0026880000000000003,-0.0005458216797842034
B138,c,h148,-0.00384,-0.0007797452568345763
B139,c,h148,-0.000768,-0.00015594905136691523
B140,c,h148,-0.00384,-0.0007797452568345763
B145,a,h148,-0.000768,-0.00015594905136691523
B146,a,h148,-0.000768,-0.00015594905136691523
B151,a,h148,-0.000768,-0.00015594905136691523
B154,b,h148,-0.008064,-0.00163746503935261
B155,b,h148,-0.005376000000000001,-0.0010916433595684067
B157,c,h148,-0.002304,-0.0004678471541007457
B167,c,h148,-0.001152,-0.00023392357705037285
B168,c,h148,-0.000768,-0.00015594905136691523
B169,c,h148,-0.0026880000000000003,-0.0005458216797842034
B173,b,h148,-0.000768,-0.00015594905136691523
B176,c,h148,-0.003072,-0.0006237962054676609
B177,c,h148,-0.003456,-0.0007017707311511186
B178,b,h148,-0.000768,-0.00015594905136691523
B185,c,h148,-0.000384,-7.797452568345762e-5
B187,c,h148,-0.0026880000000000003,-0.0005458216797842034
B188,c,h148,-0.002304,-0.0004678471541007457
B189,c,h148,-0.008448,-0.0017154395650360674
B190,a,h148,-0.000384,-7.797452568345762e-5
B199,b,h148,-0.001152,-0.00023392357705037285
B202,a,h148,-0.000384,-7.797452568345762e-5
B204,a,h148,-0.000768,-0.00015594905136691523
B222,a,h148,-0.000768,-0.00015594905136691523
B233,a,h148,-0.00384,-0.0007797452568345763
B259,b,h148,-0.002304,-0.0004678471541007457
B269,b,h148,-0.004608,-0.0009356943082014914
B274,b,h148,-0.008832,-0.0017934140907195253
B277,b,h148,-0.001152,-0.00023392357705037285
B279,b,h148,-0.001152,-0.00023392357705037285
B284,b,h148,-0.001152,-0.00023392357705037285
B285,b,h148,-0.001536,-0.00031189810273383046
B287,a,h148,-0.003456,-0.0007017707311511186
B296,a,h148,-0.00192,-0.00038987262841728813
B13,a,h149,-0.001152,-0.00023392357705037285
B31,a,h149,-0.000384,-7.797452568345762e-5
B39,a,h149,-0.001536,-0.00031189810273383046
B55,c,h149,-0.002304,-0.0004678471541007457
B56,c,h149,-0.001152,-0.00023392357705037285
B58,c,h149,-0.000768,-0.00015594905136691523
B59,c,h149,-0.000384,-7.797452568345762e-5
B61,c,h149,-0.00192,-0.00038987262841728813
B69,a,h149,-0.001536,-0.00031189810273383046
B90,c,h149,-0.003456,-0.0007017707311511186
B99,c,h149,-0.000384,-7.797452568345762e-5
B110,c,h149,-0.005376000000000001,-0.0010916433595684067
B112,c,h149,-0.001536,-0.00031189810273383046
B118,c,h149,-0.001152,-0.00023392357705037285
B120,c,h149,-0.001536,-0.00031189810273383046
B123,c,h149,-0.00192,-0.00038987262841728813
B124,c,h149,-0.001152,-0.00023392357705037285
B126,b,h149,-0.001536,-0.00031189810273383046
B130,c,h149,-0.000384,-7.797452568345762e-5
B137,c,h149,-0.0026880000000000003,-0.0005458216797842034
B138,c,h149,-0.00192,-0.00038987262841728813
B139,c,h149,-0.000384,-7.797452568345762e-5
B140,c,h149,-0.004224,-0.0008577197825180339
B145,a,h149,-0.001536,-0.00031189810273383046
B146,a,h149,-0.000384,-7.797452568345762e-5
B151,a,h149,-0.000384,-7.797452568345762e-5
B154,b,h149,-0.009216,-0.0018713886164029828
B155,b,h149,-0.005376000000000001,-0.0010916433595684067
B157,c,h149,-0.002304,-0.0004678471541007457
B167,c,h149,-0.000768,-0.00015594905136691523
B168,c,h149,-0.001152,-0.00023392357705037285
B169,c,h149,-0.003072,-0.0006237962054676609
B173,b,h149,-0.000768,-0.00015594905136691523
B176,c,h149,-0.00192,-0.00038987262841728813
B177,c,h149,-0.001536,-0.00023392357705037285
B178,b,h149,-0.001536,-0.00031189810273383046
B185,c,h149,-0.000768,-0.00015594905136691523
B187,c,h149,-0.00768,-0.0015594905136691525
B188,c,h149,-0.00192,-0.00038987262841728813
B189,c,h149,-0.009216,-0.0018713886164029828
B190,a,h149,-0.001152,-0.00023392357705037285
B199,b,h149,-0.000768,-0.00015594905136691523
B202,a,h149,-0.000768,-0.00015594905136691523
B204,a,h149,-0.000768,-0.00015594905136691523
B222,a,h149,-0.000384,-7.797452568345762e-5
B233,a,h149,-0.00384,-0.0007797452568345763
B259,b,h149,-0.0026880000000000003,-0.0005458216797842034
B268,b,h149,-0.000384,-7.797452568345762e-5
B269,b,h149,-0.005376000000000001,-0.0010916433595684067
B274,b,h149,-0.009984,-0.002027337667769898
B277,b,h149,-0.001536,-0.00031189810273383046
B279,b,h149,-0.000384,-7.797452568345762e-5
B284,b,h149,-0.000768,-0.00015594905136691523
B285,b,h149,-0.001536,-0.00031189810273383046
B287,a,h149,-0.00384,-0.0007797452568345763
B296,a,h149,-0.00192,-0.00038987262841728813
B13,a,h150,-0.001536,-0.00031189810273383046
B31,a,h150,-0.000384,-7.797452568345762e-5
B39,a,h150,-0.0026880000000000003,-0.0005458216797842034
B55,c,h150,-0.0026880000000000003,-0.0005458216797842034
B56,c,h150,-0.001536,-0.00031189810273383046
B58,c,h150,-0.000384,-7.797452568345762e-5
B59,c,h150,-0.000768,-0.00015594905136691523
B61,c,h150,-0.00192,-0.00038987262841728813
B69,a,h150,-0.001152,-0.00023392357705037285
B90,c,h150,-0.004224,-0.0008577197825180339
B99,c,h150,-0.000384,-7.797452568345762e-5
B110,c,h150,-0.004608,-0.0009356943082014914
B112,c,h150,-0.001536,-0.00031189810273383046
B118,c,h150,-0.001536,-0.00031189810273383046
B120,c,h150,-0.000384,-7.797452568345762e-5
B123,c,h150,-0.002304,-0.0004678471541007457
B124,c,h150,-0.001536,-0.00031189810273383046
B126,b,h150,-0.001152,-0.00023392357705037285
B130,c,h150,-0.000768,-0.00015594905136691523
B137,c,h150,-0.0026880000000000003,-0.0005458216797842034
B138,c,h150,-0.000768,-0.00015594905136691523
B139,c,h150,-0.000768,-0.00015594905136691523
B140,c,h150,-0.004224,-0.0008577197825180339
B145,a,h150,-0.000768,-0.00015594905136691523
B146,a,h150,-0.00192,-0.00038987262841728813
B151,a,h150,-0.000384,-7.797452568345762e-5
B154,b,h150,-0.008832,-0.0017934140907195253
B155,b,h150,-0.005376000000000001,-0.0010916433595684067
B157,c,h150,-0.0026880000000000003,-0.0005458216797842034
B167,c,h150,-0.001152,-0.00023392357705037285
B168,c,h150,-0.000384,-7.797452568345762e-5
B169,c,h150,-0.003072,-0.0006237962054676609
B173,b,h150,-0.000768,-0.00015594905136691523
B176,c,h150,-0.002304,-0.00046784715410074575
B177,c,h150,-0.001536,-0.00031189810273383046
B178,b,h150,-0.000768,-0.00015594905136691523
B185,c,h150,-0.000768,-0.00015594905136691523
B187,c,h150,-0.006912,-0.0014035414623022372
B188,c,h150,-0.00192,-0.00038987262841728813
B189,c,h150,-0.008448,-0.0017154395650360677
B190,a,h150,-0.001152,-0.00023392357705037285
B199,b,h150,-0.001536,-0.00031189810273383046
B202,a,h150,-0.000384,-7.797452568345762e-5
B204,a,h150,-0.001536,-0.00031189810273383046
B222,a,h150,-0.000384,-7.797452568345762e-5
B233,a,h150,-0.004608,-0.0009356943082014914
B259,b,h150,-0.002304,-0.0004678471541007457
B268,b,h150,-0.000384,-7.797452568345762e-5
B269,b,h150,-0.006528,-0.0013255669366187795
B274,b,h150,-0.009600000000000001,-0.0019493631420864407
B277,b,h150,-0.00192,-0.00038987262841728813
B279,b,h150,-0.001536,-0.00031189810273383046
B284,b,h150,-0.001152,-0.00023392357705037285
B285,b,h150,-0.00192,-0.00038987262841728813
B287,a,h150,-0.003456,-0.0007017707311511186
B296,a,h150,-0.00192,-0.00038987262841728813
B13,a,h151,-0.003072,-0.0006237962054676609
B31,a,h151,-0.001152,-0.00023392357705037285
B39,a,h151,-0.001152,-0.00023392357705037285
B55,c,h151,-0.003072,-0.0006237962054676609
B56,c,h151,-0.00192,-0.00038987262841728813
B58,c,h151,-0.000768,-0.00015594905136691523
B59,c,h151,-0.001152,-0.00023392357705037285
B61,c,h151,-0.002304,-0.0004678471541007457
B69,a,h151,-0.001536,-0.00031189810273383046
B90,c,h151,-0.00576,-0.0011696178852518642
B99,c,h151,-0.001152,-0.00023392357705037285
B110,c,h151,-0.00384,-0.0007797452568345763
B112,c,h151,-0.001536,-0.00031189810273383046
B118,c,h151,-0.001152,-0.00023392357705037285
B120,c,h151,-0.000768,-0.00015594905136691523
B123,c,h151,-0.002304,-0.0004678471541007457
B124,c,h151,-0.0026880000000000003,-0.0005458216797842034
B126,b,h151,-0.000768,-0.00015594905136691523
B130,c,h151,-0.000384,-7.797452568345762e-5
B137,c,h151,-0.003072,-0.0006237962054676609
B138,c,h151,-0.001536,-0.00031189810273383046
B139,c,h151,-0.000768,-0.00015594905136691523
B140,c,h151,-0.004992,-0.001013668833884949
B145,a,h151,-0.002304,-0.0004678471541007457
B146,a,h151,-0.001152,-0.00023392357705037285
B151,a,h151,-0.000768,-0.00015594905136691523
B154,b,h151,-0.009216,-0.0018713886164029828
B155,b,h151,-0.005376000000000001,-0.0010916433595684067
B157,c,h151,-0.0026880000000000003,-0.0005458216797842034
B167,c,h151,-0.001152,-0.00023392357705037285
B168,c,h151,-0.000768,-0.00015594905136691523
B169,c,h151,-0.00384,-0.0007797452568345763
B173,b,h151,-0.000768,-0.00015594905136691523
B176,c,h151,-0.007296,-0.0014815159879856949
B177,c,h151,-0.003456,-0.0007017707311511186
B178,b,h151,-0.004224,-0.0008577197825180339
B185,c,h151,-0.000768,-0.00015594905136691523
B187,c,h151,-0.006144,-0.0012475924109353219
B188,c,h151,-0.00192,-0.00038987262841728813
B189,c,h151,-0.008448,-0.0017154395650360674
B190,a,h151,-0.00192,-0.00038987262841728813
B199,b,h151,-0.0026880000000000003,-0.0005458216797842034
B202,a,h151,-0.000384,-7.797452568345762e-5
B204,a,h151,-0.001152,-0.00023392357705037285
B222,a,h151,-0.000384,-7.797452568345762e-5
B233,a,h151,-0.003456,-0.0007017707311511186
B259,b,h151,-0.004608,-0.0009356943082014914
B268,b,h151,-0.000384,-7.797452568345762e-5
B269,b,h151,-0.005376000000000001,-0.0010916433595684067
B274,b,h151,-0.009216,-0.0018713886164029828
B277,b,h151,-0.0026880000000000003,-0.0005458216797842034
B279,b,h151,-0.00192,-0.00038987262841728813
B284,b,h151,-0.001536,-0.00031189810273383046
B285,b,h151,-0.003072,-0.0006237962054676609
B287,a,h151,-0.00384,-0.0007797452568345763
B296,a,h151,-0.00192,-0.00038987262841728813
B13,a,h152,-0.004224,-0.0008577197825180339
B31,a,h152,-0.000384,-7.797452568345762e-5
B39,a,h152,-0.0026880000000000003,-0.0005458216797842034
B55,c,h152,-0.003072,-0.0006237962054676609
B56,c,h152,-0.003456,-0.0007017707311511186
B58,c,h152,-0.000768,-0.00015594905136691523
B59,c,h152,-0.00768,-0.0015594905136691525
B61,c,h152,-0.00192,-0.00038987262841728813
B69,a,h152,-0.000384,-0.00038987262841728813
B90,c,h152,-0.00384,-0.0007797452568345763
B99,c,h152,-0.001152,-0.00023392357705037285
B110,c,h152,-0.004608,-0.0009356943082014914
B112,c,h152,-0.001536,-0.00031189810273383046
B118,c,h152,-0.001152,-0.00023392357705037285
B120,c,h152,-0.000768,-0.00015594905136691523
B123,c,h152,-0.001536,-0.00031189810273383046
B124,c,h152,-0.004608,-0.0009356943082014914
B126,b,h152,-0.000768,-0.00015594905136691523
B130,c,h152,-0.000768,-0.00015594905136691523
B137,c,h152,-0.01152,-0.0023392357705037284
B138,c,h152,-0.00192,-0.00038987262841728813
B139,c,h152,-0.00192,-0.00038987262841728813
B140,c,h152,-0.000768,-0.00015594905136691523
B145,a,h152,-0.003456,-0.0007017707311511186
B146,a,h152,-0.001152,-0.00023392357705037285
B151,a,h152,-0.00384,-0.0007797452568345763
B154,b,h152,-0.008832,-0.0017934140907195253
B155,b,h152,-0.005376000000000001,-0.0010916433595684067
B157,c,h152,-0.0026880000000000003,-0.0005458216797842034
B167,c,h152,-0.00192,-0.00038987262841728813
B168,c,h152,-0.001152,-0.00023392357705037285
B169,c,h152,-0.006144,-0.0012475924109353219
B173,b,h152,-0.001536,-0.00031189810273383046
B176,c,h152,-0.0026880000000000003,-0.0005458216797842033
B177,c,h152,-0.001152,-0.00023392357705037285
B178,b,h152,-0.005376000000000001,-0.0010916433595684067
B185,c,h152,-0.000768,-0.00015594905136691523
B187,c,h152,-0.006528,-0.0013255669366187795
B188,c,h152,-0.004224,-0.0008577197825180339
B189,c,h152,-0.008448,-0.0017154395650360677
B190,a,h152,-0.00192,-0.00038987262841728813
B199,b,h152,-0.000768,-0.00015594905136691523
B202,a,h152,-0.000384,-7.797452568345762e-5
B204,a,h152,-0.001536,-0.00031189810273383046
B222,a,h152,-0.000768,-0.00015594905136691523
B233,a,h152,-0.004608,-0.0009356943082014914
B259,b,h152,-0.00576,-0.0011696178852518642
B269,b,h152,-0.005376000000000001,-0.0010916433595684067
B274,b,h152,-0.01152,-0.0023392357705037284
B277,b,h152,-0.001536,-0.00031189810273383046
B279,b,h152,-0.00192,-0.00038987262841728813
B284,b,h152,-0.00192,-0.00038987262841728813
B285,b,h152,-0.004224,-0.0008577197825180339
B287,a,h152,-0.003456,-0.0007017707311511186
B296,a,h152,-0.00192,-0.00038987262841728813
B13,a,h153,-0.004608,-0.0009356943082014914
B31,a,h153,-0.003072,-0.0006237962054676609
B39,a,h153,-0.001152,-0.00023392357705037285
B55,c,h153,-0.004608,-0.0009356943082014914
B56,c,h153,-0.00192,-0.00038987262841728813
B58,c,h153,-0.000768,-0.00015594905136691523
B61,c,h153,-0.002304,-0.0004678471541007457
B69,a,h153,0.004224,-0.00023392357705037293
B90,c,h153,-0.006528,-0.0013255669366187795
B99,c,h153,-0.003456,-0.0007017707311511186
B110,c,h153,-0.004992,-0.001013668833884949
B112,c,h153,-0.001152,-0.00023392357705037285
B118,c,h153,-0.00192,-0.00038987262841728813
B120,c,h153,-0.00192,-0.00038987262841728813
B123,c,h153,-0.001536,-0.00031189810273383046
B124,c,h153,-0.003072,-0.0006237962054676609
B126,b,h153,-0.001152,-0.00023392357705037285
B130,c,h153,-0.001152,-0.00023392357705037285
B137,c,h153,-0.012672000000000001,-0.002573159347554101
B138,c,h153,-0.001152,-0.00023392357705037285
B139,c,h153,-0.000768,-0.00015594905136691523
B140,c,h153,-0.000768,-0.00015594905136691523
B145,a,h153,-0.00192,-0.00038987262841728813
B146,a,h153,-0.002304,-0.0004678471541007457
B151,a,h153,-0.0026880000000000003,-0.0005458216797842034
B154,b,h153,-0.008832,-0.0017934140907195253
B155,b,h153,-0.005376000000000001,-0.0010916433595684067
B157,c,h153,-0.002304,-0.0004678471541007457
B167,c,h153,-0.008448,-0.0017154395650360679
B168,c,h153,-0.001152,-0.00023392357705037285
B169,c,h153,-0.006144,-0.0012475924109353219
B173,b,h153,-0.004224,-0.0008577197825180339
B176,c,h153,-0.002304,-0.0004678471541007457
B177,c,h153,-0.001536,-0.0004678471541007457
B178,b,h153,-0.005376000000000001,-0.0010916433595684067
B185,c,h153,-0.000768,-0.00015594905136691523
B187,c,h153,-0.002304,-0.0004678471541007457
B188,c,h153,-0.002304,-0.0004678471541007457
B189,c,h153,-0.009216,-0.0018713886164029828
B190,a,h153,-0.001536,-0.00031189810273383046
B199,b,h153,-0.002304,-0.0004678471541007457
B202,a,h153,-0.000768,-0.00015594905136691523
B204,a,h153,-0.000768,-0.00015594905136691523
B222,a,h153,-0.000384,-7.797452568345762e-5
B233,a,h153,-0.004224,-0.0008577197825180339
B259,b,h153,-0.006144,-0.0012475924109353219
B268,b,h153,-0.000768,-0.00015594905136691523
B269,b,h153,-0.008832,-0.0017934140907195253
B274,b,h153,-0.012288,-0.0024951848218706437
B277,b,h153,-0.0026880000000000003,-0.0005458216797842034
B279,b,h153,-0.004224,-0.0008577197825180339
B284,b,h153,-0.003072,-0.0006237962054676609
B285,b,h153,-0.011136,-0.002261261244820271
B287,a,h153,-0.003456,-0.0007017707311511186
B296,a,h153,-0.001536,-0.00031189810273383046
B13,a,h154,-0.003072,-0.0006237962054676609
B31,a,h154,-0.002304,-0.0004678471541007457
B39,a,h154,-0.0026880000000000003,-0.0005458216797842034
B55,c,h154,-0.010368,-0.0021053121934533556
B56,c,h154,-0.002304,-0.0004678471541007457
B58,c,h154,-0.000384,-7.797452568345762e-5
B59,c,h154,-0.000384,-7.797452568345762e-5
B61,c,h154,-0.001536,-0.00031189810273383046
B69,a,h154,0.010752,-0.0002339235770503728
B90,c,h154,-0.008448,-0.0017154395650360679
B99,c,h154,-0.002304,-0.0004678471541007457
B110,c,h154,-0.003456,-0.0007017707311511186
B112,c,h154,-0.001152,-0.00023392357705037285
B118,c,h154,-0.001152,-0.00023392357705037285
B120,c,h154,-0.000768,-0.00015594905136691523
B123,c,h154,-0.004608,-0.0009356943082014914
B124,c,h154,-0.001536,-0.00031189810273383046
B126,b,h154,-0.000768,-0.00015594905136691523
B130,c,h154,-0.000768,-0.00015594905136691523
B137,c,h154,-0.012672000000000001,-0.002573159347554101
B138,c,h154,-0.000768,-0.00015594905136691523
B139,c,h154,-0.001536,-0.00031189810273383046
B140,c,h154,-0.000768,-0.00015594905136691523
B145,a,h154,-0.001536,-0.00031189810273383046
B146,a,h154,-0.001536,-0.00031189810273383046
B151,a,h154,-0.000768,-0.00015594905136691523
B154,b,h154,-0.008448,-0.0017154395650360679
B155,b,h154,-0.005376000000000001,-0.0010916433595684067
B157,c,h154,-0.0026880000000000003,-0.0005458216797842034
B167,c,h154,-0.004224,-0.0008577197825180339
B168,c,h154,-0.001152,-0.00023392357705037285
B169,c,h154,-0.006528,-0.0013255669366187795
B173,b,h154,-0.00768,-0.0015594905136691525
B176,c,h154,-0.004224,-0.0008577197825180338
B177,c,h154,-0.003072,-0.0008577197825180339
B178,b,h154,-0.008832,-0.0017934140907195253
B185,c,h154,-0.000384,-7.797452568345762e-5
B187,c,h154,-0.00384,-0.0007797452568345763
B188,c,h154,-0.003072,-0.0006237962054676609
B189,c,h154,-0.008064000000000002,-0.00163746503935261
B190,a,h154,-0.000768,-0.00015594905136691523
B199,b,h154,-0.0026880000000000003,-0.0005458216797842034
B202,a,h154,-0.000768,-0.00015594905136691523
B204,a,h154,-0.000768,-0.00015594905136691523
B222,a,h154,-0.000384,-7.797452568345762e-5
B233,a,h154,-0.00384,-0.0007797452568345763
B259,b,h154,-0.004224,-0.0008577197825180339
B268,b,h154,-0.000768,-0.00015594905136691523
B269,b,h154,-0.008064,-0.00163746503935261
B274,b,h154,-0.011904,-0.0024172102961871863
B277,b,h154,-0.001152,-0.00023392357705037285
B279,b,h154,-0.006144,-0.0012475924109353219
B284,b,h154,-0.002304,-0.0004678471541007457
B285,b,h154,-0.016512,-0.003352904604388678
B287,a,h154,-0.003456,-0.0007017707311511186
B296,a,h154,-0.003072,-0.0006237962054676609
B13,a,h155,-0.003456,-0.0007017707311511186
B31,a,h155,-0.000384,-7.797452568345762e-5
B39,a,h155,-0.001152,-0.00023392357705037285
B55,c,h155,-0.0026880000000000003,-0.0005458216797842034
B56,c,h155,-0.002304,-0.0004678471541007457
B58,c,h155,-0.000768,-0.00015594905136691523
B59,c,h155,-0.001536,-0.00031189810273383046
B61,c,h155,-0.002304,-0.0004678471541007457
B69,a,h155,0.016512,-0.00015594905136691537
B90,c,h155,-0.00384,-0.0007797452568345763
B99,c,h155,-0.003072,-0.0006237962054676609
B110,c,h155,-0.004224,-0.0008577197825180339
B112,c,h155,-0.001152,-0.00023392357705037285
B118,c,h155,-0.001152,-0.00023392357705037285
B120,c,h155,-0.006144,-0.0012475924109353219
B123,c,h155,-0.00576,-0.0011696178852518642
B124,c,h155,-0.001536,-0.00031189810273383046
B126,b,h155,-0.005376000000000001,-0.0010916433595684067
B130,c,h155,-0.001152,-0.00023392357705037285
B131,b,h155,-0.000384,-7.797452568345762e-5
B137,c,h155,-0.01344,-0.0027291083989210165
B138,c,h155,-0.000768,-0.00015594905136691523
B139,c,h155,-0.001152,-0.00023392357705037285
B140,c,h155,-0.000768,-0.00015594905136691523
B145,a,h155,-0.00192,-0.00038987262841728813
B146,a,h155,-0.002304,-0.0004678471541007457
B151,a,h155,-0.000768,-0.00015594905136691523
B154,b,h155,-0.008064,-0.00163746503935261
B155,b,h155,-0.00576,-0.0011696178852518642
B157,c,h155,-0.0026880000000000003,-0.0005458216797842034
B167,c,h155,-0.0026880000000000003,-0.0005458216797842034
B168,c,h155,-0.000768,-0.00015594905136691523
B169,c,h155,-0.006144,-0.0012475924109353219
B173,b,h155,-0.0026880000000000003,-0.0005458216797842034
B176,c,h155,-0.011904000000000001,-0.0024172102961871863
B177,c,h155,-0.0057599999999999995,-0.00163746503935261
B178,b,h155,-0.011136,-0.002261261244820271
B185,c,h155,-0.000384,-7.797452568345762e-5
B187,c,h155,-0.005376000000000001,-0.0010916433595684067
B188,c,h155,-0.00768,-0.0015594905136691525
B189,c,h155,-0.009216,-0.0018713886164029828
B190,a,h155,-0.000384,-7.797452568345762e-5
B199,b,h155,-0.00192,-0.00038987262841728813
B202,a,h155,-0.000768,-0.00015594905136691523
B204,a,h155,-0.001536,-0.00031189810273383046
B222,a,h155,-0.000384,-7.797452568345762e-5
B233,a,h155,-0.004224,-0.0008577197825180339
B259,b,h155,-0.005376000000000001,-0.0010916433595684067
B268,b,h155,-0.000384,-7.797452568345762e-5
B269,b,h155,-0.009600000000000001,-0.0019493631420864407
B274,b,h155,-0.010368,-0.0021053121934533556
B277,b,h155,-0.001536,-0.00031189810273383046
B279,b,h155,-0.003072,-0.0006237962054676609
B284,b,h155,-0.004224,-0.0008577197825180339
B285,b,h155,-0.021888,-0.004444547963957084
B287,a,h155,-0.003456,-0.0007017707311511186
B296,a,h155,-0.00192,-0.00038987262841728813
B13,a,h156,-0.006912,-0.0014035414623022372
B31,a,h156,-0.000768,-0.00015594905136691523
B39,a,h156,-0.00192,-0.00038987262841728813
B55,c,h156,-0.006144,-0.0012475924109353219
B56,c,h156,-0.0026880000000000003,-0.0005458216797842034
B58,c,h156,-0.000768,-0.00015594905136691523
B61,c,h156,-0.001536,-0.00031189810273383046
B69,a,h156,0.020736,-0.000233923577050373
B90,c,h156,-0.003456,-0.0007017707311511186
B99,c,h156,-0.0026880000000000003,-0.0005458216797842034
B110,c,h156,-0.00384,-0.0007797452568345763
B112,c,h156,-0.001152,-0.00023392357705037285
B118,c,h156,-0.001152,-0.00023392357705037285
B120,c,h156,-0.003072,-0.0006237962054676609
B123,c,h156,-0.004608,-0.0009356943082014914
B124,c,h156,-0.0026880000000000003,-0.0005458216797842034
B126,b,h156,-0.004992,-0.001013668833884949
B130,c,h156,-0.000768,-0.00015594905136691523
B137,c,h156,-0.018816,-0.0038207517584894234
B138,c,h156,-0.009216,-0.0018713886164029828
B139,c,h156,-0.000768,-0.00015594905136691523
B140,c,h156,-0.000768,-0.00015594905136691523
B145,a,h156,-0.0026880000000000003,-0.0005458216797842034
B146,a,h156,-0.001152,-0.00023392357705037285
B151,a,h156,-0.00192,-0.00038987262841728813
B154,b,h156,-0.007296,-0.0014815159879856949
B155,b,h156,-0.005376000000000001,-0.0010916433595684067
B157,c,h156,-0.00192,-0.00038987262841728813
B167,c,h156,-0.00384,-0.0007797452568345763
B168,c,h156,-0.000768,-0.00015594905136691523
B169,c,h156,-0.006144,-0.0012475924109353219
B173,b,h156,-0.002304,-0.0004678471541007457
B176,c,h156,-0.012288,-0.002495184821870644
B177,c,h156,-0.004607999999999999,-0.0017934140907195253
B178,b,h156,-0.005376000000000001,-0.0010916433595684067
B185,c,h156,-0.000384,-7.797452568345762e-5
B187,c,h156,-0.0026880000000000003,-0.0005458216797842034
B188,c,h156,-0.002304,-0.0004678471541007457
B189,c,h156,-0.010752000000000001,-0.002183286719136813
B190,a,h156,-0.000384,-7.797452568345762e-5
B199,b,h156,-0.001152,-0.00023392357705037285
B202,a,h156,-0.000384,-7.797452568345762e-5
B204,a,h156,-0.000384,-7.797452568345762e-5
B233,a,h156,-0.004224,-0.0008577197825180339
B259,b,h156,-0.00384,-0.0007797452568345763
B268,b,h156,-0.000384,-7.797452568345762e-5
B269,b,h156,-0.01152,-0.0023392357705037284
B274,b,h156,-0.00768,-0.0015594905136691525
B277,b,h156,-0.00192,-0.00038987262841728813
B279,b,h156,-0.001536,-0.00031189810273383046
B284,b,h156,-0.0026880000000000003,-0.0005458216797842034
B285,b,h156,-0.00384,-0.0007797452568345763
B287,a,h156,-0.00384,-0.0007797452568345763
B296,a,h156,-0.005376000000000001,-0.0010916433595684067
B13,a,h157,-0.004992,-0.001013668833884949
B31,a,h157,-0.000384,-7.797452568345762e-5
B39,a,h157,-0.001152,-0.00023392357705037285
B55,c,h157,-0.00768,-0.0015594905136691525
B56,c,h157,-0.011904,-0.0024172102961871863
B58,c,h157,-0.000768,-0.00015594905136691523
B59,c,h157,-0.001536,-0.00031189810273383046
B61,c,h157,-0.001536,-0.00031189810273383046
B69,a,h157,0.023039999999999998,-0.0005458216797842038
B90,c,h157,-0.004224,-0.0008577197825180339
B99,c,h157,-0.000768,-0.00015594905136691523
B110,c,h157,-0.004224,-0.0008577197825180339
B112,c,h157,-0.001152,-0.00023392357705037285
B118,c,h157,-0.00192,-0.00038987262841728813
B120,c,h157,-0.00384,-0.0007797452568345763
B123,c,h157,-0.001536,-0.00031189810273383046
B124,c,h157,-0.001536,-0.00031189810273383046
B126,b,h157,-0.002304,-0.0004678471541007457
B130,c,h157,-0.000768,-0.00015594905136691523
B137,c,h157,-0.021504000000000002,-0.004366573438273627
B138,c,h157,-0.008064,-0.00163746503935261
B139,c,h157,-0.004224,-0.0008577197825180339
B140,c,h157,-0.000768,-0.00015594905136691523
B145,a,h157,-0.003072,-0.0006237962054676609
B146,a,h157,-0.001152,-0.00023392357705037285
B151,a,h157,-0.00192,-0.00038987262841728813
B154,b,h157,-0.006912,-0.0014035414623022372
B155,b,h157,-0.005376000000000001,-0.0010916433595684067
B157,c,h157,-0.00192,-0.00038987262841728813
B167,c,h157,-0.001536,-0.00031189810273383046
B168,c,h157,-0.00192,-0.00038987262841728813
B169,c,h157,-0.00576,-0.0011696178852518642
B173,b,h157,-0.001536,-0.00031189810273383046
B176,c,h157,-0.019584,-0.003976700809856338
B177,c,h157,0.003072,-0.00031189810273383046
B178,b,h157,-0.005376000000000001,-0.0010916433595684067
B185,c,h157,-0.000384,-7.797452568345762e-5
B187,c,h157,-0.00576,-0.0011696178852518642
B188,c,h157,-0.0026880000000000003,-0.0005458216797842034
B189,c,h157,-0.013056000000000002,-0.002651133873237559
B190,a,h157,-0.000384,-7.797452568345762e-5
B199,b,h157,-0.006912,-0.0014035414623022372
B202,a,h157,-0.000768,-0.00015594905136691523
B204,a,h157,-0.000384,-7.797452568345762e-5
B222,a,h157,-0.000384,-7.797452568345762e-5
B233,a,h157,-0.00384,-0.0007797452568345763
B259,b,h157,-0.003456,-0.0007017707311511186
B268,b,h157,-0.000384,-7.797452568345762e-5
B269,b,h157,-0.018432,-0.0037427772328059656
B274,b,h157,-0.009984,-0.002027337667769898
B277,b,h157,-0.001536,-0.00031189810273383046
B279,b,h157,-0.001152,-0.00023392357705037285
B284,b,h157,-0.001536,-0.00031189810273383046
B285,b,h157,-0.004224,-0.0008577197825180339
B287,a,h157,-0.00384,-0.0007797452568345763
B296,a,h157,-0.002304,-0.0004678471541007457
B13,a,h158,-0.002304,-0.0004678471541007457
B31,a,h158,-0.000768,-0.00015594905136691523
B39,a,h158,-0.001152,-0.00023392357705037285
B55,c,h158,-0.00192,-0.00038987262841728813
B56,c,h158,-0.003072,-0.0006237962054676609
B58,c,h158,-0.000384,-7.797452568345762e-5
B59,c,h158,-0.00576,-0.0011696178852518642
B61,c,h158,-0.00192,-0.00038987262841728813
B69,a,h158,0.020736,-0.00038987262841728786
B90,c,h158,-0.00384,-0.0007797452568345763
B99,c,h158,-0.000384,-7.797452568345762e-5
B110,c,h158,-0.003072,-0.0006237962054676609
B112,c,h158,-0.001536,-0.00031189810273383046
B118,c,h158,-0.00192,-0.00038987262841728813
B120,c,h158,-0.003072,-0.0006237962054676609
B123,c,h158,-0.002304,-0.0004678471541007457
B124,c,h158,-0.00192,-0.00038987262841728813
B126,b,h158,-0.000768,-0.00015594905136691523
B130,c,h158,-0.000768,-0.00015594905136691523
B137,c,h158,-0.025728,-0.005224293220791661
B138,c,h158,-0.000384,-7.797452568345762e-5
B139,c,h158,-0.002304,-0.0004678471541007457
B140,c,h158,-0.000768,-0.00015594905136691523
B145,a,h158,-0.001536,-0.00031189810273383046
B146,a,h158,-0.00192,-0.00038987262841728813
B151,a,h158,-0.000768,-0.00015594905136691523
B154,b,h158,-0.006144,-0.0012475924109353219
B155,b,h158,-0.006144,-0.0012475924109353219
B157,c,h158,-0.00192,-0.00038987262841728813
B167,c,h158,-0.0026880000000000003,-0.0005458216797842034
B168,c,h158,-0.004608,-0.0009356943082014914
B169,c,h158,-0.006528,-0.0013255669366187795
B173,b,h158,-0.00192,-0.00038987262841728813
B176,c,h158,-0.014208,-0.002885057450287932
B177,c,h158,0.0019199999999999998,-0.0005458216797842034
B178,b,h158,-0.00576,-0.0011696178852518642
B185,c,h158,-0.000384,-7.797452568345762e-5
B187,c,h158,-0.002304,-0.0004678471541007457
B188,c,h158,-0.003456,-0.0007017707311511186
B189,c,h158,-0.013824,-0.0028070829246044744
B190,a,h158,-0.000384,-7.797452568345762e-5
B199,b,h158,-0.002304,-0.0004678471541007457
B202,a,h158,-0.000384,-7.797452568345762e-5
B204,a,h158,-0.009216,-0.0018713886164029828
B233,a,h158,-0.004608,-0.0009356943082014914
B259,b,h158,-0.0026880000000000003,-0.0005458216797842034
B268,b,h158,-0.000384,-7.797452568345762e-5
B269,b,h158,-0.012672000000000001,-0.002573159347554101
B274,b,h158,-0.006912,-0.0014035414623022372
B277,b,h158,-0.001536,-0.00031189810273383046
B279,b,h158,-0.000768,-0.00015594905136691523
B284,b,h158,-0.00192,-0.00038987262841728813
B285,b,h158,-0.006912,-0.0014035414623022372
B287,a,h158,-0.003456,-0.0007017707311511186
B296,a,h158,-0.00192,-0.00038987262841728813
B13,a,h159,-0.001536,-0.00031189810273383046
B31,a,h159,-0.000384,-7.797452568345762e-5
B39,a,h159,-0.00384,-0.0007797452568345763
B55,c,h159,-0.001152,-0.00023392357705037285
B56,c,h159,-0.00192,-0.00038987262841728813
B58,c,h159,-0.001152,-0.00023392357705037285
B59,c,h159,-0.008448,-0.0017154395650360679
B61,c,h159,-0.001536,-0.00031189810273383046
B69,a,h159,0.015744,-0.00031189810273383025
B90,c,h159,-0.00384,-0.0007797452568345763
B99,c,h159,-0.000384,-7.797452568345762e-5
B110,c,h159,-0.004608,-0.0009356943082014914
B112,c,h159,-0.000768,-0.00015594905136691523
B118,c,h159,-0.01152,-0.0023392357705037284
B120,c,h159,-0.009216,-0.0018713886164029828
B123,c,h159,-0.001152,-0.00023392357705037285
B124,c,h159,-0.001536,-0.00031189810273383046
B126,b,h159,-0.001536,-0.00031189810273383046
B130,c,h159,-0.000768,-0.00015594905136691523
B137,c,h159,-0.02496,-0.005068344169424746
B138,c,h159,-0.000768,-0.00015594905136691523
B139,c,h159,-0.000768,-0.00015594905136691523
B140,c,h159,-0.000768,-0.00015594905136691523
B145,a,h159,-0.002304,-0.0004678471541007457
B146,a,h159,-0.001152,-0.00023392357705037285
B151,a,h159,-0.004224,-0.0008577197825180339
B154,b,h159,-0.00576,-0.0011696178852518642
B155,b,h159,-0.005376000000000001,-0.0010916433595684067
B157,c,h159,-0.0026880000000000003,-0.0005458216797842034
B167,c,h159,-0.007296,-0.0014815159879856949
B168,c,h159,-0.0026880000000000003,-0.0005458216797842034
B169,c,h159,-0.006144,-0.0012475924109353219
B173,b,h159,-0.003072,-0.0006237962054676609
B176,c,h159,-0.024192,-0.004912395118057831
B177,c,h159,0.0026880000000000003,-0.00038987262841728813
B178,b,h159,-0.00384,-0.0007797452568345763
B185,c,h159,-0.000768,-0.00015594905136691523
B187,c,h159,-0.002304,-0.0004678471541007457
B188,c,h159,-0.002304,-0.0004678471541007457
B189,c,h159,-0.014592,-0.0029630319759713893
B190,a,h159,-0.000384,-7.797452568345762e-5
B199,b,h159,-0.0026880000000000003,-0.0005458216797842034
B202,a,h159,-0.000768,-0.00015594905136691523
B204,a,h159,-0.004224,-0.0008577197825180339
B222,a,h159,-0.000384,-7.797452568345762e-5
B233,a,h159,-0.003456,-0.0007017707311511186
B259,b,h159,-0.00384,-0.0007797452568345763
B268,b,h159,-0.000768,-0.00015594905136691523
B269,b,h159,-0.007296,-0.0014815159879856949
B274,b,h159,-0.006528,-0.0013255669366187795
B277,b,h159,-0.001152,-0.00023392357705037285
B279,b,h159,-0.001536,-0.00031189810273383046
B284,b,h159,-0.00384,-0.0007797452568345763
B285,b,h159,-0.003456,-0.0007017707311511186
B287,a,h159,-0.00384,-0.0007797452568345763
B296,a,h159,-0.001536,-0.00031189810273383046
B13,a,h160,-0.00192,-0.00038987262841728813
B39,a,h160,-0.001152,-0.00023392357705037285
B55,c,h160,-0.001152,-0.00023392357705037285
B56,c,h160,-0.00192,-0.00038987262841728813
B58,c,h160,-0.000768,-0.00015594905136691523
B59,c,h160,-0.001152,-0.00023392357705037285
B61,c,h160,-0.001536,-0.00031189810273383046
B69,a,h160,0.008832,-0.00031189810273383046
B90,c,h160,-0.005376000000000001,-0.0010916433595684067
B99,c,h160,-0.000384,-7.797452568345762e-5
B110,c,h160,-0.003456,-0.0007017707311511186
B112,c,h160,-0.001536,-0.00031189810273383046
B118,c,h160,-0.009984,-0.002027337667769898
B120,c,h160,-0.006528,-0.0013255669366187795
B123,c,h160,-0.001536,-0.00031189810273383046
B124,c,h160,-0.002304,-0.0004678471541007457
B126,b,h160,-0.000768,-0.00015594905136691523
B130,c,h160,-0.001536,-0.00031189810273383046
B137,c,h160,-0.021888,-0.004444547963957084
B138,c,h160,-0.01152,-0.0023392357705037284
B139,c,h160,-0.003072,-0.0006237962054676609
B140,c,h160,-0.000384,-7.797452568345762e-5
B145,a,h160,-0.002304,-0.0004678471541007457
B146,a,h160,-0.000768,-0.00015594905136691523
B151,a,h160,-0.00384,-0.0007797452568345763
B154,b,h160,-0.006144,-0.0012475924109353219
B155,b,h160,-0.00576,-0.0011696178852518642
B157,c,h160,-0.001536,-0.00031189810273383046
B167,c,h160,-0.005376000000000001,-0.0010916433595684067
B168,c,h160,-0.001536,-0.00031189810273383046
B169,c,h160,-0.006528,-0.0013255669366187795
B173,b,h160,-0.001536,-0.00031189810273383046
B176,c,h160,-0.021888,-0.004444547963957084
B177,c,h160,0.00192,-0.00038987262841728813
B178,b,h160,-0.004608,-0.0009356943082014914
B185,c,h160,-0.000384,-7.797452568345762e-5
B187,c,h160,-0.00768,-0.0015594905136691525
B188,c,h160,-0.01344,-0.0027291083989210165
B189,c,h160,-0.01152,-0.0023392357705037284
B190,a,h160,-0.000384,-7.797452568345762e-5
B199,b,h160,-0.001536,-0.00031189810273383046
B202,a,h160,-0.001536,-0.00031189810273383046
B204,a,h160,-0.005376000000000001,-0.0010916433595684067
B222,a,h160,-0.000384,-7.797452568345762e-5
B233,a,h160,-0.004608,-0.0009356943082014914
B259,b,h160,-0.0026880000000000003,-0.0005458216797842034
B268,b,h160,-0.000384,-7.797452568345762e-5
B269,b,h160,-0.008064,-0.00163746503935261
B274,b,h160,-0.009216,-0.0018713886164029828
B277,b,h160,-0.001152,-0.00023392357705037285
B279,b,h160,-0.001536,-0.00031189810273383046
B284,b,h160,-0.0026880000000000003,-0.0005458216797842034
B285,b,h160,-0.004992,-0.001013668833884949
B287,a,h160,-0.00384,-0.0007797452568345763
B296,a,h160,-0.001536,-0.00031189810273383046
B13,a,h161,-0.005376000000000001,-0.0010916433595684067
B31,a,h161,-0.000768,-0.00015594905136691523
B39,a,h161,-0.001152,-0.00023392357705037285
B55,c,h161,-0.00384,-0.0007797452568345763
B56,c,h161,-0.004608,-0.0009356943082014914
B58,c,h161,-0.000384,-7.797452568345762e-5
B59,c,h161,-0.001152,-0.00023392357705037285
B61,c,h161,-0.00192,-0.00038987262841728813
B69,a,h161,0.00192,-0.00038987262841728813
B90,c,h161,-0.009984,-0.002027337667769898
B99,c,h161,-0.000768,-0.00015594905136691523
B110,c,h161,-0.00384,-0.0007797452568345763
B112,c,h161,-0.001152,-0.00023392357705037285
B118,c,h161,-0.004224,-0.0008577197825180339
B120,c,h161,-0.003072,-0.0006237962054676609
B123,c,h161,-0.00192,-0.00038987262841728813
B124,c,h161,-0.001536,-0.00031189810273383046
B126,b,h161,-0.00384,-0.0007797452568345763
B130,c,h161,-0.001536,-0.00031189810273383046
B137,c,h161,-0.017664,-0.0035868281814390507
B138,c,h161,-0.00192,-0.00038987262841728813
B139,c,h161,-0.000768,-0.00015594905136691523
B140,c,h161,-0.004992,-0.001013668833884949
B145,a,h161,-0.00192,-0.00038987262841728813
B146,a,h161,-0.000768,-0.00015594905136691523
B151,a,h161,-0.001536,-0.00031189810273383046
B154,b,h161,-0.00576,-0.0011696178852518642
B155,b,h161,-0.00576,-0.0011696178852518642
B157,c,h161,-0.00192,-0.00038987262841728813
B167,c,h161,-0.00192,-0.00038987262841728813
B168,c,h161,-0.001536,-0.00031189810273383046
B169,c,h161,-0.006144,-0.0012475924109353219
B173,b,h161,-0.004992,-0.001013668833884949
B176,c,h161,-0.011136,-0.002261261244820271
B177,c,h161,-0.001536,-0.0008577197825180339
B178,b,h161,-0.00384,-0.0007797452568345763
B185,c,h161,-0.000384,-7.797452568345762e-5
B187,c,h161,-0.011136,-0.002261261244820271
B188,c,h161,-0.003456,-0.0007017707311511186
B189,c,h161,-0.009984,-0.002027337667769898
B190,a,h161,-0.000384,-7.797452568345762e-5
B199,b,h161,-0.000768,-0.00015594905136691523
B202,a,h161,-0.000768,-0.00015594905136691523
B204,a,h161,-0.000384,-7.797452568345762e-5
B233,a,h161,-0.003456,-0.0007017707311511186
B259,b,h161,-0.003072,-0.0006237962054676609
B269,b,h161,-0.004608,-0.0009356943082014914
B274,b,h161,-0.008832,-0.0017934140907195253
B277,b,h161,-0.001536,-0.00031189810273383046
B279,b,h161,-0.004608,-0.0009356943082014914
B284,b,h161,-0.00192,-0.00038987262841728813
B285,b,h161,-0.00384,-0.0007797452568345763
B287,a,h161,-0.003456,-0.0007017707311511186
B296,a,h161,-0.00192,-0.00038987262841728813
B13,a,h162,-0.005376000000000001,-0.0010916433595684067
B31,a,h162,-0.000384,-7.797452568345762e-5
B39,a,h162,-0.00192,-0.00038987262841728813
B55,c,h162,-0.007296,-0.0014815159879856949
B56,c,h162,-0.003072,-0.0006237962054676609
B58,c,h162,-0.000384,-7.797452568345762e-5
B59,c,h162,-0.000384,-7.797452568345762e-5
B61,c,h162,-0.003456,-0.0007017707311511186
B69,a,h162,-0.0026880000000000003,-0.0008577197825180339
B90,c,h162,-0.003456,-0.0007017707311511186
B99,c,h162,-0.000384,-7.797452568345762e-5
B110,c,h162,-0.003072,-0.0006237962054676609
B112,c,h162,-0.001152,-0.00023392357705037285
B118,c,h162,-0.003456,-0.0007017707311511186
B120,c,h162,-0.001536,-0.00031189810273383046
B123,c,h162,-0.00192,-0.00038987262841728813
B124,c,h162,-0.0026880000000000003,-0.0005458216797842034
B126,b,h162,-0.010368,-0.0021053121934533556
B130,c,h162,-0.001536,-0.00031189810273383046
B137,c,h162,-0.014208,-0.002885057450287932
B138,c,h162,-0.0026880000000000003,-0.0005458216797842034
B139,c,h162,-0.001536,-0.00031189810273383046
B140,c,h162,-0.00576,-0.0011696178852518642
B145,a,h162,-0.00192,-0.00038987262841728813
B146,a,h162,-0.000768,-0.00015594905136691523
B151,a,h162,-0.0026880000000000003,-0.0005458216797842034
B154,b,h162,-0.005376000000000001,-0.0010916433595684067
B155,b,h162,-0.00576,-0.0011696178852518642
B157,c,h162,-0.00192,-0.00038987262841728813
B167,c,h162,-0.001152,-0.00023392357705037285
B168,c,h162,-0.002304,-0.0004678471541007457
B169,c,h162,-0.014976,-0.003041006501654847
B173,b,h162,-0.00192,-0.00038987262841728813
B176,c,h162,-0.01536,-0.0031189810273383046
B177,c,h162,-0.005376000000000001,-0.0012475924109353219
B178,b,h162,-0.004224,-0.0008577197825180339
B185,c,h162,-0.000384,-7.797452568345762e-5
B187,c,h162,-0.011904,-0.0024172102961871863
B188,c,h162,-0.002304,-0.0004678471541007457
B189,c,h162,-0.009216,-0.001871388616402983
B190,a,h162,-0.000384,-7.797452568345762e-5
B199,b,h162,-0.001152,-0.00023392357705037285
B202,a,h162,-0.000768,-0.00015594905136691523
B204,a,h162,-0.000384,-7.797452568345762e-5
B222,a,h162,-0.000384,-7.797452568345762e-5
B233,a,h162,-0.004608,-0.0009356943082014914
B259,b,h162,-0.002304,-0.0004678471541007457
B268,b,h162,-0.000768,-0.00015594905136691523
B269,b,h162,-0.018816,-0.0038207517584894234
B274,b,h162,-0.006144,-0.0012475924109353219
B277,b,h162,-0.000768,-0.00015594905136691523
B279,b,h162,-0.00192,-0.00038987262841728813
B284,b,h162,-0.0026880000000000003,-0.0005458216797842034
B285,b,h162,-0.00384,-0.0007797452568345763
B287,a,h162,-0.00384,-0.0007797452568345763
B296,a,h162,-0.003456,-0.0007017707311511186
B13,a,h163,-0.00384,-0.0007797452568345763
B31,a,h163,-0.000768,-0.00015594905136691523
B39,a,h163,-0.004224,-0.0008577197825180339
B55,c,h163,-0.006912,-0.0014035414623022372
B56,c,h163,-0.00192,-0.00038987262841728813
B58,c,h163,-0.000768,-0.00015594905136691523
B59,c,h163,-0.004608,-0.0009356943082014914
B61,c,h163,-0.00192,-0.00038987262841728813
B69,a,h163,-0.001536,-0.0004678471541007457
B90,c,h163,-0.007296,-0.0014815159879856949
B99,c,h163,-0.001536,-0.00031189810273383046
B110,c,h163,-0.003072,-0.0006237962054676609
B112,c,h163,-0.001152,-0.00023392357705037285
B118,c,h163,-0.002304,-0.0004678471541007457
B120,c,h163,-0.001536,-0.00031189810273383046
B123,c,h163,-0.001536,-0.00031189810273383046
B124,c,h163,-0.001536,-0.00031189810273383046
B126,b,h163,-0.011904,-0.0024172102961871863
B130,c,h163,-0.001536,-0.00031189810273383046
B137,c,h163,-0.01152,-0.0023392357705037284
B138,c,h163,-0.000768,-0.00015594905136691523
B139,c,h163,-0.000384,-7.797452568345762e-5
B140,c,h163,-0.00192,-0.00038987262841728813
B145,a,h163,-0.001152,-0.00023392357705037285
B146,a,h163,-0.000768,-0.00015594905136691523
B151,a,h163,-0.002304,-0.0004678471541007457
B154,b,h163,-0.006144,-0.0012475924109353219
B155,b,h163,-0.00576,-0.0011696178852518642
B157,c,h163,-0.003072,-0.0006237962054676609
B167,c,h163,-0.000768,-0.00015594905136691523
B168,c,h163,-0.002304,-0.0004678471541007457
B169,c,h163,-0.00768,-0.0015594905136691525
B173,b,h163,-0.001536,-0.00031189810273383046
B176,c,h163,-0.016896,-0.0034308791300721353
B177,c,h163,-0.0026880000000000003,-0.0006237962054676609
B178,b,h163,-0.00384,-0.0007797452568345763
B185,c,h163,-0.000384,-7.797452568345762e-5
B187,c,h163,-0.0026880000000000003,-0.0005458216797842034
B188,c,h163,-0.00384,-0.0007797452568345763
B189,c,h163,-0.010752000000000001,-0.002183286719136813
B190,a,h163,-0.000768,-0.00015594905136691523
B199,b,h163,-0.003072,-0.0006237962054676609
B202,a,h163,-0.001152,-0.00023392357705037285
B204,a,h163,-0.000384,-7.797452568345762e-5
B222,a,h163,-0.000384,-7.797452568345762e-5
B233,a,h163,-0.003456,-0.0007017707311511186
B259,b,h163,-0.003456,-0.0007017707311511186
B268,b,h163,-0.000384,-7.797452568345762e-5
B269,b,h163,-0.006528,-0.0013255669366187795
B274,b,h163,-0.009984,-0.002027337667769898
B277,b,h163,-0.001536,-0.00031189810273383046
B279,b,h163,-0.001152,-0.00023392357705037285
B284,b,h163,-0.002304,-0.0004678471541007457
B285,b,h163,-0.003072,-0.0006237962054676609
B287,a,h163,-0.003456,-0.0007017707311511186
B296,a,h163,-0.006144,-0.0012475924109353219
B13,a,h164,-0.00192,-0.00038987262841728813
B31,a,h164,-0.000384,-7.797452568345762e-5
B39,a,h164,-0.004224,-0.0008577197825180339
B55,c,h164,-0.0026880000000000003,-0.0005458216797842034
B56,c,h164,-0.002304,-0.0004678471541007457
B58,c,h164,-0.000768,-0.00015594905136691523
B59,c,h164,-0.001536,-0.00031189810273383046
B61,c,h164,-0.00192,-0.00038987262841728813
B69,a,h164,-0.001992,-0.0004044928519829364
B90,c,h164,-0.00384,-0.0007797452568345763
B99,c,h164,-0.003072,-0.0006237962054676609
B110,c,h164,-0.003456,-0.0007017707311511186
B112,c,h164,-0.001152,-0.00023392357705037285
B118,c,h164,-0.00192,-0.00038987262841728813
B120,c,h164,-0.001152,-0.00023392357705037285
B123,c,h164,-0.0026880000000000003,-0.0005458216797842034
B124,c,h164,-0.002304,-0.0004678471541007457
B126,b,h164,-0.006528,-0.0013255669366187795
B130,c,h164,-0.001152,-0.00023392357705037285
B137,c,h164,-0.00384,-0.0007797452568345763
B138,c,h164,-0.000768,-0.00015594905136691523
B139,c,h164,-0.000768,-0.00015594905136691523
B140,c,h164,-0.001152,-0.00023392357705037285
B145,a,h164,-0.000768,-0.00015594905136691523
B146,a,h164,-0.00192,-0.00038987262841728813
B151,a,h164,-0.001536,-0.00031189810273383046
B154,b,h164,-0.006144,-0.0012475924109353219
B155,b,h164,-0.006144,-0.0012475924109353219
B157,c,h164,-0.002304,-0.0004678471541007457
B167,c,h164,-0.001152,-0.00023392357705037285
B168,c,h164,-0.00192,-0.00038987262841728813
B169,c,h164,-0.00576,-0.0011696178852518642
B173,b,h164,-0.001536,-0.00031189810273383046
B176,c,h164,-0.015744,-0.0031969555530217625
B177,c,h164,-0.0026880000000000003,-0.0004678471541007457
B178,b,h164,-0.004992,-0.001013668833884949
B185,c,h164,-0.000768,-0.00015594905136691523
B187,c,h164,-0.003072,-0.0006237962054676609
B188,c,h164,-0.002304,-0.0004678471541007457
B189,c,h164,-0.01152,-0.0023392357705037284
B190,a,h164,-0.000384,-7.797452568345762e-5
B199,b,h164,-0.00192,-0.00038987262841728813
B202,a,h164,-0.000768,-0.00015594905136691523
B204,a,h164,-0.005376000000000001,-0.0010916433595684067
B233,a,h164,-0.004224,-0.0008577197825180339
B259,b,h164,-0.016896,-0.0034308791300721357
B269,b,h164,-0.006144,-0.0012475924109353219
B274,b,h164,-0.008448,-0.0017154395650360679
B277,b,h164,-0.00192,-0.00038987262841728813
B279,b,h164,-0.001152,-0.00023392357705037285
B284,b,h164,-0.003072,-0.0006237962054676609
B285,b,h164,-0.003456,-0.0007017707311511186
B287,a,h164,-0.003456,-0.0007017707311511186
B296,a,h164,-0.00576,-0.0011696178852518642
B13,a,h165,-0.003072,-0.0006237962054676609
B31,a,h165,-0.000384,-7.797452568345762e-5
B39,a,h165,-0.001536,-0.00031189810273383046
B55,c,h165,-0.00192,-0.00038987262841728813
B56,c,h165,-0.0026880000000000003,-0.0005458216797842034
B58,c,h165,-0.001536,-0.00031189810273383046
B59,c,h165,-0.000384,-7.797452568345762e-5
B61,c,h165,-0.003072,-0.0006237962054676609
B69,a,h165,-0.00192,-0.00038987262841728813
B90,c,h165,-0.003456,-0.0007017707311511186
B99,c,h165,-0.000384,-7.797452568345762e-5
B110,c,h165,-0.003072,-0.0006237962054676609
B112,c,h165,-0.001152,-0.00023392357705037285
B118,c,h165,-0.001536,-0.00031189810273383046
B120,c,h165,-0.005376000000000001,-0.0010916433595684067
B123,c,h165,-0.001536,-0.00031189810273383046
B124,c,h165,-0.003072,-0.0006237962054676609
B126,b,h165,-0.002304,-0.0004678471541007457
B130,c,h165,-0.001152,-0.00023392357705037285
B137,c,h165,-0.003072,-0.0006237962054676609
B138,c,h165,-0.000768,-0.00015594905136691523
B139,c,h165,-0.001536,-0.00031189810273383046
B140,c,h165,-0.003072,-0.0006237962054676609
B145,a,h165,-0.00384,-0.0007797452568345763
B146,a,h165,-0.000768,-0.00015594905136691523
B151,a,h165,-0.004224,-0.0008577197825180339
B154,b,h165,-0.005376000000000001,-0.0010916433595684067
B155,b,h165,-0.006144,-0.0012475924109353219
B157,c,h165,-0.002304,-0.0004678471541007457
B167,c,h165,-0.002304,-0.0004678471541007457
B168,c,h165,-0.001536,-0.00031189810273383046
B169,c,h165,-0.010368,-0.0021053121934533556
B173,b,h165,-0.001152,-0.00023392357705037285
B176,c,h165,-0.01152,-0.002339235770503729
B177,c,h165,-0.0026880000000000003,-0.0005458216797842034
B178,b,h165,-0.003072,-0.0006237962054676609
B185,c,h165,-0.000384,-7.797452568345762e-5
B187,c,h165,-0.006528,-0.0013255669366187795
B188,c,h165,-0.00192,-0.00038987262841728813
B189,c,h165,-0.011904000000000001,-0.0024172102961871863
B190,a,h165,-0.000384,-7.797452568345762e-5
B199,b,h165,-0.00192,-0.00038987262841728813
B202,a,h165,-0.000384,-7.797452568345762e-5
B204,a,h165,-0.011904,-0.0024172102961871863
B222,a,h165,-0.000384,-7.797452568345762e-5
B233,a,h165,-0.003456,-0.0007017707311511186
B259,b,h165,-0.012672000000000001,-0.002573159347554101
B268,b,h165,-0.000384,-7.797452568345762e-5
B269,b,h165,-0.004992,-0.001013668833884949
B274,b,h165,-0.008832,-0.0017934140907195253
B277,b,h165,-0.001152,-0.00023392357705037285
B279,b,h165,-0.00192,-0.00038987262841728813
B284,b,h165,-0.0026880000000000003,-0.0005458216797842034
B285,b,h165,-0.003456,-0.0007017707311511186
B287,a,h165,-0.003072,-0.0006237962054676609
B296,a,h165,-0.005376000000000001,-0.0010916433595684067
B13,a,h166,-0.002304,-0.0004678471541007457
B31,a,h166,-0.000384,-7.797452568345762e-5
B39,a,h166,-0.003072,-0.0006237962054676609
B55,c,h166,-0.001152,-0.00023392357705037285
B56,c,h166,-0.00192,-0.00038987262841728813
B58,c,h166,-0.00192,-0.00038987262841728813
B59,c,h166,-0.00384,-0.0007797452568345763
B61,c,h166,-0.00192,-0.00038987262841728813
B69,a,h166,-0.00192,-0.00038987262841728813
B90,c,h166,-0.00384,-0.0007797452568345763
B99,c,h166,-0.000384,-7.797452568345762e-5
B110,c,h166,-0.004224,-0.0008577197825180339
B112,c,h166,-0.001536,-0.00031189810273383046
B118,c,h166,-0.0026880000000000003,-0.0005458216797842034
B120,c,h166,-0.001536,-0.00031189810273383046
B123,c,h166,-0.002304,-0.0004678471541007457
B124,c,h166,-0.0026880000000000003,-0.0005458216797842034
B126,b,h166,-0.00192,-0.00038987262841728813
B130,c,h166,-0.000768,-0.00015594905136691523
B131,b,h166,-0.000384,-7.797452568345762e-5
B137,c,h166,-0.01536,-0.003118981027338305
B138,c,h166,-0.000768,-0.00015594905136691523
B139,c,h166,-0.001152,-0.00023392357705037285
B140,c,h166,-0.0026880000000000003,-0.0005458216797842034
B145,a,h166,-0.00192,-0.00038987262841728813
B146,a,h166,-0.001152,-0.00023392357705037285
B151,a,h166,-0.000768,-0.00015594905136691523
B154,b,h166,-0.005376000000000001,-0.0010916433595684067
B155,b,h166,-0.00576,-0.0011696178852518642
B157,c,h166,-0.0026880000000000003,-0.0005458216797842034
B167,c,h166,-0.0026880000000000003,-0.0005458216797842034
B168,c,h166,-0.00192,-0.00038987262841728813
B169,c,h166,-0.002304,-0.0004678471541007457
B173,b,h166,-0.001152,-0.00023392357705037285
B176,c,h166,-0.013824,-0.0028070829246044744
B177,c,h166,-0.0026880000000000003,-0.0005458216797842034
B178,b,h166,-0.00192,-0.00038987262841728813
B185,c,h166,-0.000384,-7.797452568345762e-5
B187,c,h166,-0.009216,-0.0018713886164029828
B188,c,h166,-0.002304,-0.0004678471541007457
B189,c,h166,-0.011519999999999999,-0.002339235770503729
B190,a,h166,-0.000768,-0.00015594905136691523
B199,b,h166,-0.00192,-0.00038987262841728813
B202,a,h166,-0.000768,-0.00015594905136691523
B204,a,h166,-0.001152,-0.00023392357705037285
B222,a,h166,-0.000384,-7.797452568345762e-5
B233,a,h166,-0.004224,-0.0008577197825180339
B259,b,h166,-0.010368,-0.0021053121934533556
B269,b,h166,-0.004992,-0.001013668833884949
B274,b,h166,-0.010368,-0.0021053121934533556
B277,b,h166,-0.001536,-0.00031189810273383046
B279,b,h166,-0.001536,-0.00031189810273383046
B284,b,h166,-0.0026880000000000003,-0.0005458216797842034
B285,b,h166,-0.003072,-0.0006237962054676609
B287,a,h166,-0.003456,-0.0007017707311511186
B296,a,h166,-0.003072,-0.0006237962054676609
B13,a,h167,-0.0026880000000000003,-0.0005458216797842034
B31,a,h167,-0.000768,-0.00015594905136691523
B39,a,h167,-0.00192,-0.00038987262841728813
B55,c,h167,-0.001536,-0.00031189810273383046
B56,c,h167,-0.001536,-0.00031189810273383046
B58,c,h167,-0.001152,-0.00023392357705037285
B59,c,h167,-0.000384,-7.797452568345762e-5
B61,c,h167,-0.001536,-0.00031189810273383046
B69,a,h167,-0.00192,-0.00038987262841728813
B90,c,h167,-0.006144,-0.0012475924109353219
B99,c,h167,-0.000384,-7.797452568345762e-5
B110,c,h167,-0.003456,-0.0007017707311511186
B112,c,h167,-0.001152,-0.00023392357705037285
B118,c,h167,-0.00192,-0.00038987262841728813
B120,c,h167,-0.000768,-0.00015594905136691523
B123,c,h167,-0.001152,-0.00023392357705037285
B124,c,h167,-0.001536,-0.00031189810273383046
B126,b,h167,-0.001536,-0.00031189810273383046
B130,c,h167,-0.000768,-0.00015594905136691523
B137,c,h167,-0.009216,-0.0018713886164029828
B138,c,h167,-0.005376000000000001,-0.0010916433595684067
B139,c,h167,-0.000384,-7.797452568345762e-5
B140,c,h167,-0.0026880000000000003,-0.0005458216797842034
B145,a,h167,-0.003072,-0.0006237962054676609
B146,a,h167,-0.00192,-0.00038987262841728813
B151,a,h167,-0.002304,-0.0004678471541007457
B154,b,h167,-0.00576,-0.0011696178852518642
B155,b,h167,-0.006528,-0.0013255669366187795
B157,c,h167,-0.0026880000000000003,-0.0005458216797842034
B167,c,h167,-0.003072,-0.0006237962054676609
B168,c,h167,-0.001152,-0.00023392357705037285
B169,c,h167,-0.002304,-0.0004678471541007457
B173,b,h167,-0.000768,-0.00015594905136691523
B176,c,h167,-0.01152,-0.002339235770503729
B177,c,h167,-0.00192,-0.00038987262841728813
B178,b,h167,-0.00192,-0.00038987262841728813
B185,c,h167,-0.000768,-0.00015594905136691523
B187,c,h167,-0.02304,-0.004678471541007457
B188,c,h167,-0.00192,-0.00038987262841728813
B189,c,h167,-0.017664,-0.0035868281814390507
B190,a,h167,-0.000384,-7.797452568345762e-5
B199,b,h167,-0.002304,-0.0004678471541007457
B202,a,h167,-0.000384,-7.797452568345762e-5
B204,a,h167,-0.001152,-0.00023392357705037285
B222,a,h167,-0.000384,-7.797452568345762e-5
B233,a,h167,-0.003456,-0.0007017707311511186
B259,b,h167,-0.002304,-0.0004678471541007457
B268,b,h167,-0.000384,-7.797452568345762e-5
B269,b,h167,-0.006528,-0.0013255669366187795
B274,b,h167,-0.009216,-0.0018713886164029828
B277,b,h167,-0.001536,-0.00031189810273383046
B279,b,h167,-0.000768,-0.00015594905136691523
B284,b,h167,-0.001536,-0.00031189810273383046
B285,b,h167,-0.0026880000000000003,-0.0005458216797842034
B287,a,h167,-0.003456,-0.0007017707311511186
B296,a,h167,-0.0026880000000000003,-0.0005458216797842034
B13,a,h168,-0.0026880000000000003,-0.0005458216797842034
B31,a,h168,-0.000384,-7.797452568345762e-5
B39,a,h168,-0.001536,-0.00031189810273383046
B55,c,h168,-0.001536,-0.00031189810273383046
B56,c,h168,-0.001152,-0.00023392357705037285
B58,c,h168,-0.001536,-0.00031189810273383046
B59,c,h168,-0.000768,-0.00015594905136691523
B61,c,h168,-0.00192,-0.00038987262841728813
B69,a,h168,-0.00192,-0.00038987262841728813
B90,c,h168,-0.003456,-0.0007017707311511186
B99,c,h168,-0.000384,-7.797452568345762e-5
B110,c,h168,-0.004992,-0.001013668833884949
B112,c,h168,-0.001152,-0.00023392357705037285
B118,c,h168,-0.001152,-0.00023392357705037285
B120,c,h168,-0.002304,-0.0004678471541007457
B123,c,h168,-0.00192,-0.00038987262841728813
B124,c,h168,-0.001536,-0.00031189810273383046
B126,b,h168,-0.001152,-0.00023392357705037285
B130,c,h168,-0.000384,-7.797452568345762e-5
B137,c,h168,-0.0026880000000000003,-0.0005458216797842034
B138,c,h168,-0.001536,-0.00031189810273383046
B139,c,h168,-0.000768,-0.00015594905136691523
B140,c,h168,-0.003072,-0.0006237962054676609
B145,a,h168,-0.000768,-0.00015594905136691523
B146,a,h168,-0.009216,-0.0018713886164029828
B151,a,h168,-0.001152,-0.00023392357705037285
B154,b,h168,-0.006144,-0.0012475924109353219
B155,b,h168,-0.00576,-0.0011696178852518642
B157,c,h168,-0.00192,-0.00038987262841728813
B167,c,h168,-0.00192,-0.00038987262841728813
B168,c,h168,-0.000768,-0.00015594905136691523
B169,c,h168,-0.0026880000000000003,-0.0005458216797842034
B173,b,h168,-0.000768,-0.00015594905136691523
B176,c,h168,-0.01152,-0.002339235770503729
B177,c,h168,-0.002304,-0.0004678471541007457
B178,b,h168,-0.001152,-0.00023392357705037285
B185,c,h168,-0.000384,-7.797452568345762e-5
B187,c,h168,-0.008448,-0.0017154395650360679
B188,c,h168,-0.003072,-0.0006237962054676609
B189,c,h168,-0.007296,-0.0014815159879856949
B190,a,h168,-0.000384,-7.797452568345762e-5
B199,b,h168,-0.001536,-0.00031189810273383046
B202,a,h168,-0.000768,-0.00015594905136691523
B204,a,h168,-0.000768,-0.00015594905136691523
B222,a,h168,-0.000384,-7.797452568345762e-5
B233,a,h168,-0.004224,-0.0008577197825180339
B259,b,h168,-0.0026880000000000003,-0.0005458216797842034
B268,b,h168,-0.000384,-7.797452568345762e-5
B269,b,h168,-0.004992,-0.001013668833884949
B274,b,h168,-0.010752000000000001,-0.0021832867191368135
B277,b,h168,-0.001536,-0.00031189810273383046
B279,b,h168,-0.000768,-0.00015594905136691523
B284,b,h168,-0.002304,-0.0004678471541007457
B285,b,h168,-0.00192,-0.00038987262841728813
B287,a,h168,-0.003456,-0.0007017707311511186
B296,a,h168,-0.0026880000000000003,-0.0005458216797842034
