row,col,g,b
1,1,0.10335328537386168,-70.82198565705508
2,1,-0.0016766426869549624,35.460992828527544
3,1,-0.001676642686906709,35.46099282852752
4,1,-0.001936020213261959,40.946827510563516
5,1,0.0038720404265440525,-81.89365502112703
6,1,0.0009680101065992579,-20.473413755281744
1,2,-0.0016766426869271988,35.46099282852753
2,2,0.1033532853738648,-70.82198565705508
3,2,-0.0016766426869376007,35.46099282852754
4,2,0.0009680101066268244,-20.473413755281754
5,2,-0.001936020213269882,40.94682751056351
6,2,0.0038720404265415475,-81.89365502112703
1,3,-0.001676642686927368,35.46099282852754
2,3,-0.0016766426869323995,35.46099282852754
3,3,0.10335328537385978,-70.82198565705508
4,3,0.003872040426530958,-81.89365502112703
5,3,0.0009680101066339582,-20.47341375528175
6,3,-0.0019360202132717565,40.94682751056352
1,4,-0.0029040303198969025,61.42024126584529
3,4,0.0029040303198969025,-61.42024126584529
4,4,1.5552000050299284e6,-106.38297848558261
7,4,-1.5552000000000002e6,0.0
1,5,0.002904030319905009,-61.42024126584529
2,5,-0.0029040303199317687,61.420241265845306
5,5,1.5552000050299284e6,-106.3829784855826
8,5,-1.5552000000000002e6,0.0
2,6,0.002904030319892689,-61.42024126584529
3,6,-0.0029040303198968886,61.42024126584529
6,6,1.5552000050299284e6,-106.3829784855826
9,6,-1.5552000000000002e6,0.0
4,7,-1.5552000000000002e6,0.0
7,7,4.665600000000001e6,0.0
10,7,-1.5552000000000002e6,0.0
145,7,-1.5552000000000002e6,0.0
5,8,-1.5552000000000002e6,0.0
8,8,4.665600000000001e6,0.0
11,8,-1.5552000000000002e6,0.0
146,8,-1.5552000000000002e6,0.0
6,9,-1.5552000000000002e6,0.0
9,9,4.665600000000001e6,0.0
12,9,-1.5552000000000002e6,0.0
147,9,-1.5552000000000002e6,0.0
7,10,-1.5552000000000002e6,0.0
10,10,1.5623933850848852e6,-7584.5787996312565
11,10,-2212.9939108255667,1306.1032982651902
12,10,-1593.1475264273054,1306.278456513992
13,10,-7193.385084885005,7584.5787996312565
14,10,2212.9939108255667,-1306.1032982651902
15,10,1593.1475264273054,-1306.278456513992
8,11,-1.5552000000000002e6,0.0
10,11,-2212.9939108255703,1306.103298265196
11,11,1.562721092761404e6,-7508.767257086178
12,11,-2212.993910825572,1306.1032982651918
13,11,2212.9939108255703,-1306.103298265196
14,11,-7521.09276140394,7508.767257086178
15,11,2212.993910825572,-1306.1032982651918
9,12,-1.5552000000000002e6,0.0
10,12,-1593.147526427306,1306.2784565139896
11,12,-2212.9939108255703,1306.1032982651914
12,12,1.5623933850848852e6,-7584.578799631257
13,12,1593.147526427306,-1306.2784565139896
14,12,2212.9939108255703,-1306.1032982651914
15,12,-7193.385084885009,7584.578799631257
10,13,-7193.385084885005,7584.5787996312565
11,13,2212.9939108255667,-1306.1032982651902
12,13,1593.1475264273054,-1306.278456513992
13,13,8304.244277882102,-10282.600159528267
14,13,-2622.1286311127296,2052.152567448755
15,13,-1780.1565960375935,1840.4637139692634
16,13,-1110.8591929970976,2698.021359897011
17,13,409.1347202871632,-746.0492691835643
18,13,187.00906961028818,-534.1852574552713
10,14,2212.9939108255703,-1306.103298265196
11,14,-7521.09276140394,7508.767257086178
12,14,2212.993910825572,-1306.1032982651918
13,14,-2622.1286311127337,2052.1525674487602
14,14,8772.88122477991,-10327.022913980549
15,14,-2622.1286311127346,2052.1525674487552
16,14,409.13472028716353,-746.0492691835643
17,14,-1251.7884633759695,2818.25565689437
18,14,409.13472028716257,-746.0492691835635
10,15,1593.147526427306,-1306.2784565139896
11,15,2212.9939108255703,-1306.1032982651914
12,15,-7193.385084885009,7584.578799631257
13,15,-1780.1565960375945,1840.4637139692613
14,15,-2622.1286311127333,2052.152567448755
15,15,11992.703176746541,-13785.94763916984
16,15,187.0090696102884,-534.1852574552719
17,15,409.13472028716274,-746.0492691835636
18,15,-1110.859192997097,2698.0213598970095
219,15,-3688.4588988644346,3503.347479641574
13,16,-1110.8591929970976,2698.021359897011
14,16,409.1347202871632,-746.0492691835643
15,16,187.00906961028818,-534.1852574552713
16,16,2239.5778585504186,-5439.419268988506
17,16,-824.8471691963063,1504.0928996080204
18,16,-377.0247159024138,1076.9587023294384
19,16,-1128.718665553321,2741.3979090914945
20,16,415.71244890914306,-758.0436304244561
21,16,190.0156462921256,-542.773444874167
13,17,409.13472028716353,-746.0492691835643
14,17,-1251.7884633759695,2818.25565689437
15,17,409.13472028716257,-746.0492691835635
16,17,-824.8471691963058,1504.0928996080193
17,17,2523.7021432049287,-5681.82089026614
18,17,-824.8471691963059,1504.092899608021
19,17,415.71244890914227,-758.0436304244549
20,17,-1271.9136798289592,2863.56523337177
21,17,415.7124489091433,-758.0436304244574
13,18,187.0090696102884,-534.1852574552719
14,18,409.13472028716274,-746.0492691835636
15,18,-1110.859192997097,2698.0213598970095
16,18,-377.0247159024155,1076.9587023294393
17,18,-824.8471691963055,1504.0928996080208
18,18,2239.579191883159,-5441.4192680996175
19,18,190.0156462921271,-542.7734448741675
20,18,415.7124489091427,-758.0436304244572
21,18,-1128.7186655533214,2741.3979090914963
217,18,-0.0013333327407410048,1.9999991111115067
16,19,-1128.718665553321,2741.3979090914945
17,19,415.71244890914306,-758.0436304244561
18,19,190.0156462921256,-542.773444874167
19,19,1.5574325913227457e6,-5422.450581190411
20,19,-822.2739948548772,1499.4007658395699
21,19,-375.8485582319093,1073.5990466221729
22,19,-1.5552000000000002e6,0.0
28,19,-1103.872657192084,2681.052672098916
29,19,406.5615459457341,-741.3571354151137
30,19,185.83291193978368,-530.8256017480057
16,20,415.71244890914227,-758.0436304244549
17,20,-1271.9136798289592,2863.56523337177
18,20,415.7124489091433,-758.0436304244574
19,20,-822.2739948548763,1499.400765839569
20,20,2515.829259787469,-5664.096011920891
21,20,-822.273994854877,1499.40076583957
28,20,406.561545945734,-741.357135415114
29,20,-1243.9155799585099,2800.5307785491214
30,20,406.5615459457336,-741.3571354151127
16,21,190.0156462921271,-542.7734448741675
17,21,415.7124489091427,-758.0436304244572
18,21,-1128.7186655533214,2741.3979090914963
19,21,-375.84855823191083,1073.5990466221738
20,21,-822.2739948548767,1499.40076583957
21,21,2232.5913227454053,-5422.450581190411
28,21,185.83291193978374,-530.8256017480062
29,21,406.56154594573405,-741.3571354151129
30,21,-1103.8726571920838,2681.0526720989146
19,22,-1.5552000000000002e6,0.0
22,22,1.5565199473883165e6,-1577.6631096462481
23,22,-1319.9473883163207,1577.6631096462481
22,23,-1319.9473883163207,1577.6631096462481
23,23,2338.25357618739,-2588.1503423294166
24,23,-1018.3061878710693,1010.4872326831686
23,24,-1018.3061878710693,1010.4872326831686
24,24,2083.049791475673,-2067.0553163681757
25,24,-1064.7436036046035,1056.5680836850072
24,25,-1064.7436036046035,1056.5680836850072
25,25,1064.7449369373444,-1058.5680827961187
26,25,-0.0013333327407410048,1.9999991111115067
25,26,-0.0013333327407410048,1.9999991111115067
26,26,19.058372791606274,-20.100627662444705
27,26,-19.057039458865532,18.100628551333198
26,27,-19.057039458865532,18.100628551333198
27,27,19.057039458865532,-18.100628551333198
19,28,-1103.872657192084,2681.052672098916
20,28,406.5615459457341,-741.3571354151137
21,28,185.83291193978368,-530.8256017480057
28,28,2078.9601710450916,-5049.315865786291
29,28,-765.6909115311323,1396.2226050317972
30,28,-349.9853174865926,999.7215499587437
31,28,-975.0875138530075,2368.2631936873754
32,28,359.1293655853982,-654.8654696166835
33,28,164.1524055468089,-468.89594821073797
19,29,406.561545945734,-741.357135415114
20,29,-1243.9155799585099,2800.5307785491214
21,29,406.5615459457336,-741.3571354151127
28,29,-765.6909115311323,1396.2226050317977
29,29,2342.7076755885273,-5274.332966267513
30,29,-765.6909115311325,1396.222605031797
31,29,359.12936558539826,-654.8654696166836
32,29,-1098.7920956300175,2473.8021877183924
33,29,359.129365585399,-654.8654696166843
19,30,185.83291193978374,-530.8256017480062
20,30,406.56154594573405,-741.3571354151129
21,30,-1103.8726571920838,2681.0526720989146
28,30,-349.98531748659315,999.7215499587447
29,30,-765.6909115311328,1396.2226050317972
30,30,2078.960171045092,-5049.3158657862905
31,30,164.1524055468094,-468.89594821073854
32,30,359.1293655853987,-654.8654696166843
33,30,-975.0875138530082,2368.263193687376
28,31,-975.0875138530075,2368.2631936873754
29,31,359.1293655853982,-654.8654696166835
30,31,164.1524055468089,-468.89594821073797
31,31,3412.806298485527,-8288.921177905815
32,31,-1256.9527795488953,2292.0291436583934
33,31,-574.5334194138302,1641.1358187375831
34,31,-2437.7187846325196,5920.65798421844
35,31,897.8234139634969,-1637.16367404171
36,31,410.38101386702124,-1172.2398705268452
28,32,359.12936558539826,-654.8654696166836
29,32,-1098.7920956300175,2473.8021877183924
30,32,359.129365585399,-654.8654696166843
31,32,-1256.9527795488948,2292.0291436583943
32,32,3845.7723347050614,-8658.307657014373
33,32,-1256.9527795488953,2292.0291436583934
34,32,897.8234139634965,-1637.1636740417107
35,32,-2746.9802390750438,6184.50546929598
36,32,897.8234139634961,-1637.163674041709
28,33,164.1524055468094,-468.89594821073854
29,33,359.1293655853987,-654.8654696166843
30,33,-975.0875138530082,2368.263193687376
31,33,-574.5334194138318,1641.135818737584
32,33,-1256.952779548894,2292.029143658392
33,33,3412.807631818267,-8290.921177016924
34,33,410.3810138670224,-1172.2398705268456
35,33,897.8234139634951,-1637.1636740417077
36,33,-2437.7187846325182,5920.6579842184365
284,33,-0.0013333327407410048,1.9999991111115067
31,34,-2437.7187846325196,5920.65798421844
32,34,897.8234139634969,-1637.16367404171
33,34,410.38101386702124,-1172.2398705268452
34,34,1.5593500675894478e6,-10079.55920240115
35,34,-1528.4896169427332,2787.171328002716
36,34,-698.6486528760516,1995.6669015310695
37,34,-1712.3488048150375,4158.901218182709
38,34,630.6662029792362,-1150.0076539610059
39,34,288.2676390090304,-823.4270310042243
275,34,-1.5552000000000002e6,0.0
31,35,897.8234139634965,-1637.1636740417107
32,35,-2746.9802390750438,6184.50546929598
33,35,897.8234139634961,-1637.163674041709
34,35,-1528.4896169427338,2787.171328002718
35,35,4676.567691562937,-10530.743456595486
36,35,-1528.489616942732,2787.1713280027143
37,35,630.6662029792373,-1150.007653961007
38,35,-1929.586119155153,4344.237988188395
39,35,630.6662029792359,-1150.007653961005
280,35,-0.0013333327407410048,1.9999991111115067
31,36,410.3810138670224,-1172.2398705268456
32,36,897.8234139634951,-1637.1636740417077
33,36,-2437.7187846325182,5920.6579842184365
34,36,-698.6486528760527,1995.6669015310704
35,36,-1528.4896169427313,2787.1713280027125
36,36,4150.067589447556,-10079.559202401144
37,36,288.2676390090303,-823.4270310042247
38,36,630.6662029792362,-1150.0076539610047
39,36,-1712.348804815038,4158.901218182707
34,37,-1712.3488048150375,4158.901218182709
35,37,630.6662029792362,-1150.0076539610059
36,37,288.2676390090304,-823.4270310042243
37,37,2690.15377320929,-6535.761244389796
38,37,-990.7959289144552,1806.6972613760652
39,37,-452.8772935963592,1293.6290960623458
40,37,-977.8036350615118,2374.860027095975
41,37,360.12972593521897,-656.6896074150593
42,37,164.6096545873288,-470.20206505812143
274,37,-0.0013333327407410048,1.9999991111115067
34,38,630.6662029792373,-1150.007653961007
35,38,-1929.586119155153,4344.237988188395
36,38,630.6662029792359,-1150.007653961005
37,38,-990.7959289144555,1806.6972613760654
38,38,3031.43891700141,-6824.930989800152
39,38,-990.7959289144542,1806.6972613760636
40,38,360.12972593521835,-656.6896074150583
41,38,-1101.8527978462569,2480.693001611757
42,38,360.1297259352183,-656.6896074150585
34,39,288.2676390090303,-823.4270310042247
35,39,630.6662029792362,-1150.0076539610047
36,39,-1712.348804815038,4158.901218182707
37,39,-452.87729359635966,1293.629096062347
38,39,-990.7959289144547,1806.6972613760636
39,39,2690.1524398765496,-6533.761245278682
40,39,164.60965458732937,-470.2020650581221
41,39,360.1297259352185,-656.6896074150588
42,39,-977.8036350615114,2374.860027095974
37,40,-977.8036350615118,2374.860027095975
38,40,360.12972593521897,-656.6896074150593
39,40,164.6096545873288,-470.20206505812143
40,40,1.5571894218050533e6,-4831.847778471927
41,40,-732.7135057932694,1336.0889418876995
42,40,-334.9118620710494,956.6647202623456
43,40,-1011.6181699915933,2456.987751375952
44,40,372.5837798580504,-679.3993344726402
45,40,170.30220748372062,-486.4626552042241
269,40,-1.5552000000000002e6,0.0
37,41,360.12972593521835,-656.6896074150583
38,41,-1101.8527978462569,2480.693001611757
39,41,360.1297259352183,-656.6896074150585
40,41,-732.7135057932694,1336.088941887699
41,41,2241.810015214576,-5047.173657457928
42,41,-732.7135057932691,1336.0889418876986
43,41,372.583779858051,-679.3993344726409
44,41,-1139.957217368319,2566.480655846171
45,41,372.5837798580508,-679.3993344726401
37,42,164.60965458732937,-470.2020650581221
38,42,360.1297259352185,-656.6896074150588
39,42,-977.8036350615114,2374.860027095974
40,42,-334.9118620710505,956.6647202623469
41,42,-732.7135057932694,1336.0889418877
42,42,1989.4218050531044,-4831.847778471925
43,42,170.30220748372113,-486.4626552042248
44,42,372.5837798580509,-679.399334472641
45,42,-1011.618169991593,2456.987751375951
40,43,-1011.6181699915933,2456.987751375952
41,43,372.5837798580504,-679.3993344726402
42,43,170.30220748372062,-486.4626552042241
43,43,2098.4030151528386,-5096.538060129681
44,43,-772.8518034207236,1409.2803532404614
45,43,-353.2584489600392,1009.0711423740864
46,43,-1086.7848451612454,2639.550308753729
47,43,400.2680235626733,-729.8810187678212
48,43,182.95624147631855,-522.6084871698623
40,44,372.583779858051,-679.3993344726409
41,44,-1139.957217368319,2566.480655846171
42,44,372.5837798580508,-679.3993344726401
43,44,-772.8518034207235,1409.2803532404614
44,44,2364.6171381943445,-5323.659564758309
45,44,-772.8518034207241,1409.2803532404614
46,44,400.2680235626725,-729.8810187678206
47,44,-1224.6599208260254,2757.1789089121385
48,44,400.2680235626733,-729.8810187678214
40,45,170.30220748372113,-486.4626552042248
41,45,372.5837798580509,-679.399334472641
42,45,-1011.618169991593,2456.987751375951
43,45,-353.25844896003997,1009.0711423740863
44,45,-772.8518034207241,1409.2803532404623
45,45,2098.4043484855797,-5098.538059240792
46,45,182.95624147631884,-522.6084871698615
47,45,400.2680235626732,-729.8810187678212
48,45,-1086.784845161246,2639.5503087537295
268,45,-0.0013333327407410048,1.9999991111115067
43,46,-1086.7848451612454,2639.550308753729
44,46,400.2680235626733,-729.8810187678212
45,46,182.95624147631855,-522.6084871698623
46,46,2233.946626164783,-5425.742301327112
47,46,-822.7731595454949,1500.3109830227434
48,46,-376.0767185902113,1074.2507791824953
49,46,-1147.161781003538,2786.191992573383
50,46,422.50513598282157,-770.4299642549222
51,46,193.12047711389278,-551.642292012633
43,47,400.2680235626725,-729.8810187678206
44,47,-1224.6599208260254,2757.1789089121385
45,47,400.2680235626733,-729.8810187678214
46,47,-822.7731595454945,1500.3109830227427
47,47,2517.3565039201635,-5667.534423874953
48,47,-822.7731595454952,1500.3109830227438
49,47,422.50513598282197,-770.4299642549222
50,47,-1292.696583094138,2910.355514962814
51,47,422.5051359828219,-770.4299642549224
43,48,182.95624147631884,-522.6084871698615
44,48,400.2680235626732,-729.8810187678212
45,48,-1086.784845161246,2639.5503087537295
46,48,-376.0767185902118,1074.2507791824953
47,48,-822.773159545495,1500.310983022744
48,48,2233.9479594975255,-5427.742300438224
49,48,193.12047711389295,-551.6422920126338
50,48,422.5051359828218,-770.4299642549228
51,48,-1147.1617810035386,2786.1919925733832
266,48,-0.0013333327407410048,1.9999991111115067
46,49,-1147.161781003538,2786.191992573383
47,49,422.50513598282157,-770.4299642549222
48,49,193.12047711389278,-551.642292012633
49,49,2124.96541606505,-5161.052019669358
50,49,-782.6348619180405,1427.1195716699815
51,49,-357.7301317012216,1021.8443570707544
52,49,-977.8036350615118,2374.860027095975
53,49,360.12972593521897,-656.6896074150593
54,49,164.6096545873288,-470.20206505812143
46,50,422.50513598282197,-770.4299642549222
47,50,-1292.696583094138,2910.355514962814
48,50,422.5051359828219,-770.4299642549224
49,50,-782.6348619180403,1427.1195716699804
50,50,2394.549380940395,-5391.048516574571
51,50,-782.6348619180402,1427.1195716699808
52,50,360.12972593521835,-656.6896074150583
53,50,-1101.8527978462569,2480.693001611757
54,50,360.1297259352183,-656.6896074150585
46,51,193.12047711389295,-551.6422920126338
47,51,422.5051359828218,-770.4299642549228
48,51,-1147.1617810035386,2786.1919925733832
49,51,-357.7301317012223,1021.8443570707559
50,51,-782.6348619180403,1427.1195716699817
51,51,1.557324966541065e6,-5163.302019106858
52,51,164.60965458732937,-470.2020650581221
53,51,360.1297259352185,-656.6896074150588
54,51,-977.8036350615114,2374.860027095974
260,51,-0.0011249997187500705,2.249999437500141
262,51,-1.5552000000000002e6,0.0
49,52,-977.8036350615118,2374.860027095975
50,52,360.12972593521897,-656.6896074150593
51,52,164.6096545873288,-470.20206505812143
52,52,1936.9061077038145,-4704.29923400159
53,52,-713.3717248716762,1300.8195775298295
54,52,-326.07103709238675,931.4111944457321
55,52,-959.1024726423027,2329.439206905615
56,52,353.2419989364572,-644.1299701147703
57,52,161.46138250505794,-461.2091293876107
49,53,360.12972593521835,-656.6896074150583
50,53,-1101.8527978462569,2480.693001611757
51,53,360.1297259352183,-656.6896074150585
52,53,-713.3717248716755,1300.8195775298286
53,53,2182.6332416347514,-4915.941054216369
54,53,-713.3717248716753,1300.8195775298295
55,53,353.2419989364572,-644.1299701147702
56,53,-1080.779110455754,2433.2480534934994
57,53,353.241998936457,-644.129970114771
259,53,-0.0013333327407410048,1.9999991111115067
49,54,164.60965458732937,-470.2020650581221
50,54,360.1297259352185,-656.6896074150588
51,54,-977.8036350615114,2374.860027095974
52,54,-326.07103709238737,931.4111944457331
53,54,-713.3717248716756,1300.8195775298295
54,54,1936.9061077038134,-4704.299234001588
55,54,161.461382505058,-461.20912938761103
56,54,353.2419989364571,-644.1299701147707
57,54,-959.102472642302,2329.439206905614
52,55,-959.1024726423027,2329.439206905615
53,55,353.2419989364572,-644.1299701147703
54,55,161.46138250505794,-461.2091293876107
55,55,1920.8326232918446,-4665.26043903563
56,55,-707.4517841713705,1290.0246798736907
57,55,-323.3651249621843,923.6818454310786
58,55,-961.7301506495419,2335.8212321300152
59,55,354.2097852349133,-645.8947097589205
60,55,161.90374245712638,-462.4727160434679
52,56,353.2419989364572,-644.1299701147702
53,56,-1080.779110455754,2433.2480534934994
54,56,353.241998936457,-644.129970114771
55,56,-707.4517841713706,1290.0246798736916
56,56,2164.520592903032,-4875.162539121381
57,56,-707.4517841713706,1290.0246798736925
58,56,354.2097852349134,-645.8947097589214
59,56,-1083.7401491145374,2439.9144865167705
60,56,354.2097852349136,-645.8947097589216
254,56,-0.0013333327407410048,1.9999991111115067
52,57,161.461382505058,-461.20912938761103
53,57,353.2419989364571,-644.1299701147707
54,57,-959.102472642302,2329.439206905614
55,57,-323.36512496218467,923.6818454310796
56,57,-707.4517841713705,1290.0246798736916
57,57,1.557120832623292e6,-4665.260439035628
58,57,161.90374245712667,-462.4727160434686
59,57,354.2097852349134,-645.894709758921
60,57,-961.7301506495415,2335.8212321300143
255,57,-1.5552000000000002e6,0.0
55,58,-961.7301506495419,2335.8212321300152
56,58,354.2097852349133,-645.8947097589205
57,58,161.90374245712638,-462.4727160434679
58,58,1920.8326232918446,-4665.26043903563
59,58,-707.4517841713705,1290.0246798736907
60,58,-323.3651249621843,923.6818454310786
61,58,-959.1024726423027,2329.439206905615
62,58,353.2419989364572,-644.1299701147703
63,58,161.46138250505794,-461.2091293876107
55,59,354.2097852349134,-645.8947097589214
56,59,-1083.7401491145374,2439.9144865167705
57,59,354.2097852349136,-645.8947097589216
58,59,-707.4517841713706,1290.0246798736916
59,59,2164.5192595702915,-4873.162540010269
60,59,-707.4517841713706,1290.0246798736925
61,59,353.2419989364572,-644.1299701147702
62,59,-1080.779110455754,2433.2480534934994
63,59,353.241998936457,-644.129970114771
55,60,161.90374245712667,-462.4727160434686
56,60,354.2097852349134,-645.894709758921
57,60,-961.7301506495415,2335.8212321300143
58,60,-323.36512496218467,923.6818454310796
59,60,-707.4517841713705,1290.0246798736916
60,60,1920.8326232918434,-4665.260439035628
61,60,161.461382505058,-461.20912938761103
62,60,353.2419989364571,-644.1299701147707
63,60,-959.102472642302,2329.439206905614
58,61,-959.1024726423027,2329.439206905615
59,61,353.2419989364572,-644.1299701147703
60,61,161.46138250505794,-461.2091293876107
61,61,1939.637402773818,-4710.932921228114
62,61,-714.3776738268016,1302.6539060421615
63,61,-326.5308405968207,932.7246080352799
64,61,-980.5349301315151,2381.493714322499
65,61,361.13567489034443,-658.523935927391
66,61,165.06945809176278,-471.51547864766917
58,62,353.2419989364572,-644.1299701147702
59,62,-1080.779110455754,2433.2480534934994
60,62,353.241998936457,-644.129970114771
61,62,-714.3776738268016,1302.6539060421605
62,62,2185.7097094133132,-4920.870365165624
63,62,-714.3776738268014,1302.6539060421624
64,62,361.1356748903444,-658.5239359273904
65,62,-1104.930598957559,2487.622311672125
66,62,361.1356748903444,-658.5239359273914
58,63,161.461382505058,-461.20912938761103
59,63,353.2419989364571,-644.1299701147707
60,63,-959.102472642302,2329.439206905614
61,63,-326.53084059682084,932.72460803528
62,63,-714.3776738268017,1302.6539060421615
63,63,1939.6374027738175,-4710.932921228113
64,63,165.06945809176284,-471.51547864766894
65,63,361.1356748903446,-658.5239359273909
66,63,-980.5349301315155,2381.493714322499
61,64,-980.5349301315151,2381.493714322499
62,64,361.13567489034443,-658.523935927391
63,64,165.06945809176278,-471.51547864766917
64,64,1435.8287109189118,-3487.2975401687436
65,64,-528.8225381987017,964.2976960596951
66,64,-241.71649570116756,690.4552210028771
67,64,-455.2937807873966,1105.803825846245
68,64,167.68686330835726,-305.7737601323041
69,64,76.64703760940479,-218.93974235520795
61,65,361.1356748903444,-658.5239359273904
62,65,-1104.930598957559,2487.622311672125
63,65,361.1356748903444,-658.5239359273914
64,65,-528.8225381987014,964.2976960596941
65,65,1617.9852739599016,-3642.705045237133
66,65,-528.8225381987017,964.2976960596952
67,65,167.68686330835703,-305.77376013230366
68,65,-513.0546750023427,1155.082733565008
69,65,167.68686330835732,-305.77376013230383
61,66,165.06945809176284,-471.51547864766894
62,66,361.1356748903446,-658.5239359273909
63,66,-980.5349301315155,2381.493714322499
64,66,-241.71649570116764,690.4552210028775
65,66,-528.8225381987019,964.2976960596945
66,66,1435.8287109189116,-3487.2975401687436
67,66,76.6470376094048,-218.93974235520852
68,66,167.68686330835723,-305.77376013230366
69,66,-455.2937807873962,1105.8038258462448
64,67,-455.2937807873966,1105.803825846245
65,67,167.68686330835726,-305.7737601323041
66,67,76.64703760940479,-218.93974235520795
67,67,1708.9777271698358,-4150.713646301441
68,67,-629.4246190610127,1147.7436496394682
69,67,-287.70013045530175,821.8059614832991
70,67,-1253.6839463824392,3044.909820455196
71,67,461.7377557526554,-841.9698895071641
72,67,211.05309284589697,-602.8662191280912
64,68,167.68686330835703,-305.77376013230366
65,68,-513.0546750023427,1155.082733565008
66,68,167.68686330835732,-305.77376013230383
67,68,-629.4246190610121,1147.7436496394687
68,68,1925.7873693837928,-4335.685546345797
69,68,-629.424619061012,1147.7436496394675
70,68,461.73775575265506,-841.969889507165
71,68,-1412.73269438145,3180.6028127807886
72,68,461.7377557526547,-841.9698895071638
64,69,76.6470376094048,-218.93974235520852
65,69,167.68686330835723,-305.77376013230366
66,69,-455.2937807873962,1105.8038258462448
67,69,-287.700130455302,821.8059614832991
68,69,-629.4246190610115,1147.7436496394675
69,69,1708.9790605025753,-4152.713645412551
70,69,211.0530928458972,-602.8662191280906
71,69,461.7377557526543,-841.9698895071638
72,69,-1253.6839463824383,3044.909820455195
253,69,-0.0013333327407410048,1.9999991111115067
67,70,-1253.6839463824392,3044.909820455196
68,70,461.7377557526554,-841.9698895071641
69,70,211.05309284589697,-602.8662191280912
70,70,2220.712885740793,-5393.600591054244
71,70,-817.8991100522236,1491.423247804701
72,70,-373.8488669419057,1067.8869942131205
73,70,-967.0289393583536,2348.6907705990484
74,70,356.1613542995682,-649.4533582975371
75,70,162.79577409600876,-465.0207750850294
67,71,461.73775575265506,-841.969889507165
68,71,-1412.73269438145,3180.6028127807886
69,71,461.7377557526547,-841.9698895071638
70,71,-817.8991100522231,1491.4232478047024
71,71,2502.4438636013015,-5633.960354319688
72,71,-817.8991100522233,1491.4232478047015
73,71,356.1613542995681,-649.4533582975373
74,71,-1089.7111692198514,2453.3575415389
75,71,356.16135429956853,-649.4533582975378
67,72,211.0530928458972,-602.8662191280906
68,72,461.7377557526543,-841.9698895071638
69,72,-1253.6839463824383,3044.909820455195
70,72,-373.8488669419059,1067.88699421312
71,72,-817.899110052223,1491.4232478047015
72,72,2220.7128857407924,-5393.600591054244
73,72,162.7957740960087,-465.0207750850294
74,72,356.1613542995687,-649.4533582975378
75,72,-967.0289393583544,2348.690770599049
70,73,-967.0289393583536,2348.6907705990484
71,73,356.1613542995682,-649.4533582975371
72,73,162.79577409600876,-465.0207750850294
73,73,1978.6471093499467,-4805.678521975
74,73,-728.7451341576186,1328.8526927701773
75,73,-333.0979815797294,951.4834302892535
76,73,-1011.6181699915933,2456.987751375952
77,73,372.5837798580504,-679.3993344726402
78,73,170.30220748372062,-486.4626552042241
70,74,356.1613542995681,-649.4533582975373
71,74,-1089.7111692198514,2453.3575415389
72,74,356.16135429956853,-649.4533582975378
73,74,-728.7451341576191,1328.8526927701782
74,74,2229.6683865881705,-5019.838197385071
75,74,-728.7451341576193,1328.8526927701778
76,74,372.583779858051,-679.3993344726409
77,74,-1139.957217368319,2566.480655846171
78,74,372.5837798580508,-679.3993344726401
70,75,162.7957740960087,-465.0207750850294
71,75,356.1613542995687,-649.4533582975378
72,75,-967.0289393583544,2348.690770599049
73,75,-333.09798157972983,951.4834302892542
74,75,-728.7451341576195,1328.8526927701787
75,75,1978.6484426826883,-4807.678521086112
76,75,170.30220748372113,-486.4626552042248
77,75,372.5837798580509,-679.399334472641
78,75,-1011.618169991593,2456.987751375951
252,75,-0.0013333327407410048,1.9999991111115067
73,76,-1011.6181699915933,2456.987751375952
74,76,372.5837798580504,-679.3993344726402
75,76,170.30220748372062,-486.4626552042241
76,76,2085.109010930685,-5064.249982958385
77,76,-767.9555584841771,1400.352145059815
78,76,-351.02045212240984,1002.6783780050373
357,76,-1073.4908409390916,2607.2622315824324
358,76,395.3717786261267,-720.9528105871747
359,76,180.7182446386892,-516.2157228008132
73,77,372.583779858051,-679.3993344726409
74,77,-1139.957217368319,2566.480655846171
75,77,372.5837798580508,-679.3993344726401
76,77,-767.9555584841781,1400.352145059816
77,77,2349.636588704119,-5289.932605627888
78,77,-767.9555584841776,1400.3521450598155
357,77,395.37177862612714,-720.9528105871751
358,77,-1209.6793713357997,2723.4519497817164
359,77,395.37177862612685,-720.9528105871755
73,78,170.30220748372113,-486.4626552042248
74,78,372.5837798580509,-679.399334472641
75,78,-1011.618169991593,2456.987751375951
76,78,-351.0204521224107,1002.6783780050391
77,78,-767.9555584841775,1400.3521450598164
78,78,2085.1103442634258,-5066.249982069497
317,78,-0.0013333327407410048,1.9999991111115067
357,78,180.71824463868955,-516.2157228008143
358,78,395.37177862612657,-720.9528105871752
359,78,-1073.4908409390919,2607.2622315824337
79,79,0.6663300510092844,-0.6328891101864755
216,79,-0.6663300510092844,0.6328891101864755
80,80,1.557088452965183e6,-1079.7316669463553
81,80,-472.34245259582286,15.62941001066747
82,80,-400.66371032581526,65.76169771824453
83,80,-1888.4529651827054,1079.7316669463553
84,80,472.34245259582286,-15.62941001066747
85,80,400.66371032581526,-65.76169771824453
213,80,-1.5552000000000002e6,0.0
80,81,-472.34245259582264,15.62941001066713
81,81,1.557110591217712e6,-1042.054232408066
82,81,-472.3424525958233,15.629410010667357
83,81,472.34245259582264,-15.62941001066713
84,81,-1910.5912177119064,1042.054232408066
85,81,472.3424525958233,-15.629410010667357
214,81,-1.5552000000000002e6,0.0
80,82,-400.66371032581475,65.76169771824394
81,82,-472.3424525958239,15.629410010667812
82,82,1.557088452965183e6,-1079.7316669463553
83,82,400.66371032581475,-65.76169771824394
84,82,472.3424525958239,-15.629410010667812
85,82,-1888.4529651827047,1079.7316669463553
215,82,-1.5552000000000002e6,0.0
80,83,-1888.4529651827054,1079.7316669463553
81,83,472.34245259582286,-15.62941001066747
82,83,400.66371032581526,-65.76169771824453
83,83,3927.518743539492,-2245.5769024221745
84,83,-982.3563891410064,32.50533738414879
85,83,-833.2821950947937,136.7681934140175
86,83,-2039.0657783567863,1165.8452354758194
87,83,510.0139365451835,-16.875927373481318
88,83,432.6184847689785,-71.00649569577297
80,84,472.34245259582264,-15.62941001066713
81,84,-1910.5912177119064,1042.054232408066
82,84,472.3424525958233,-15.629410010667357
83,84,-982.3563891410072,32.50533738414896
84,84,3973.560876100224,-2167.2170845787386
85,84,-982.3563891410058,32.50533738414833
86,84,510.01393654518455,-16.87592737348183
87,84,-2062.969658388318,1125.162852170673
88,84,510.01393654518245,-16.875927373480977
80,85,400.66371032581475,-65.76169771824394
81,85,472.3424525958239,-15.629410010667812
82,85,-1888.4529651827047,1079.7316669463553
83,85,-833.282195094793,136.76819341401682
84,85,-982.3563891410065,32.505337384149016
85,85,3927.518743539491,-2245.576902422175
86,85,432.6184847689782,-71.00649569577288
87,85,510.0139365451826,-16.875927373481204
88,85,-2039.0657783567863,1165.8452354758197
83,86,-2039.0657783567863,1165.8452354758194
84,86,510.0139365451835,-16.875927373481318
85,86,432.6184847689785,-71.00649569577297
86,86,3855.282837767476,-2204.275691118216
87,86,-964.2886450526416,31.9074910995879
88,86,-817.9562608200358,134.25271863790945
89,86,-1816.2170594106897,1038.4304556423967
90,86,454.2747085074582,-15.031563726106583
91,86,385.3377760510573,-63.246222942136484
83,87,510.01393654518455,-16.87592737348183
84,87,-2062.969658388318,1125.162852170673
85,87,510.01393654518245,-16.875927373480977
86,87,-964.2886450526426,31.907491099588185
87,87,3900.478151925452,-2127.3570866177747
88,87,-964.28864505264,31.907491099587105
89,87,454.27470850745806,-15.031563726106356
90,87,-1837.5084935371342,1002.1942344471016
91,87,454.2747085074576,-15.031563726106128
83,88,432.6184847689782,-71.00649569577288
84,88,510.0139365451826,-16.875927373481204
85,88,-2039.0657783567863,1165.8452354758197
86,88,-817.956260820036,134.25271863790965
87,88,-964.288645052641,31.907491099587276
88,88,3855.2828377674764,-2204.275691118216
89,88,385.3377760510578,-63.24622294213677
90,88,454.2747085074583,-15.031563726106071
91,88,-1816.2170594106901,1038.4304556423965
86,89,-1816.2170594106897,1038.4304556423967
87,89,454.2747085074582,-15.031563726106583
88,89,385.3377760510573,-63.246222942136484
89,89,1.5592772219701058e6,-2331.1704106257885
90,89,-1019.8003660371505,33.744326732075365
91,89,-865.043987053394,141.98131680887778
92,89,-1.5552000000000002e6,0.0
97,89,-2261.00491069494,1292.7399549833917
98,89,565.5256575296924,-18.71276300596878
99,89,479.70621100233666,-78.7350938667413
86,90,454.27470850745806,-15.031563726106356
87,90,-1837.5084935371342,1002.1942344471016
88,90,454.2747085074576,-15.031563726106128
89,90,-1019.8003660371503,33.74432673207491
90,90,4125.01906712418,-2249.8237916159433
91,90,-1019.8003660371511,33.74432673207593
97,90,565.5256575296922,-18.712763005968554
98,90,-2287.5105735870457,1247.6295571688418
99,90,565.5256575296935,-18.712763005969805
86,91,385.3377760510578,-63.24622294213677
87,91,454.2747085074583,-15.031563726106071
88,91,-1816.2170594106901,1038.4304556423965
89,91,-865.0439870533942,141.98131680887778
90,91,-1019.8003660371515,33.74432673207548
91,91,4077.221970105631,-2331.1704106257894
97,91,479.7062110023364,-78.73509386674101
98,91,565.5256575296933,-18.712763005969407
99,91,-2261.004910694941,1292.7399549833926
89,92,-1.5552000000000002e6,0.0
92,92,1.5575330778965347e6,-1605.892674082424
93,92,-2333.0778965343557,1605.892674082424
92,93,-2333.0778965343557,1605.892674082424
93,93,2333.0797715338867,-1609.6426731449242
94,93,-0.0018749995312501173,3.749999062500234
93,94,-0.0018749995312501173,3.749999062500234
94,94,13.235930179298983,-16.319880000926066
95,94,-5.293622071907093,5.027952375370333
96,94,-7.940433107860639,7.5419285630554995
94,95,-5.293622071907093,5.027952375370333
95,95,5.293622071907093,-5.027952375370333
94,96,-7.940433107860639,7.5419285630554995
96,96,7.940433107860639,-7.5419285630554995
89,97,-2261.00491069494,1292.7399549833917
90,97,565.5256575296924,-18.71276300596878
91,97,479.70621100233666,-78.7350938667413
97,97,4635.060066924627,-2650.116907715953
98,97,-1159.3275979358693,38.361164162235866
99,97,-983.3977325547894,161.40694242681977
100,97,-2374.0551562296873,1357.3769527325614
101,97,593.801940406177,-19.648401156267084
102,97,503.69152155245274,-82.67184856007847
89,98,565.5256575296922,-18.712763005968554
90,98,-2287.5105735870457,1247.6295571688418
91,98,565.5256575296935,-18.712763005969805
97,98,-1159.32759793587,38.36116416223632
98,98,4689.396675853444,-2557.640592196126
99,98,-1159.3275979358716,38.361164162237344
100,98,593.8019404061778,-19.648401156267767
101,98,-2401.886102266398,1310.0110350272844
102,98,593.8019404061781,-19.64840115626754
89,99,479.7062110023364,-78.73509386674101
90,99,565.5256575296933,-18.712763005969407
91,99,-2261.004910694941,1292.7399549833926
97,99,-983.3977325547903,161.4069424268198
98,99,-1159.3275979358705,38.361164162237
99,99,4635.060066924629,-2650.116907715955
100,99,503.6915215524539,-82.67184856007879
101,99,593.8019404061771,-19.648401156267596
102,99,-2374.0551562296882,1357.3769527325626
97,100,-2374.0551562296873,1357.3769527325614
98,100,593.801940406177,-19.648401156267084
99,100,503.69152155245274,-82.67184856007847
100,100,4141.968570443283,-2368.189577107873
101,100,-1035.994874751203,34.280189251360014
102,100,-878.7809524957688,144.23599110481757
103,100,-1767.9134142135963,1010.8126243753114
104,100,442.192934345026,-14.63178809509293
105,100,375.0894309433161,-61.5641425447391
97,101,593.8019404061778,-19.648401156267767
98,101,-2401.886102266398,1310.0110350272844
99,101,593.8019404061781,-19.64840115626754
100,101,-1035.9948747512035,34.280189251360355
101,101,4190.524689060524,-2285.55116749441
102,101,-1035.9948747512037,34.2801892513603
103,101,442.1929343450256,-14.631788095092588
104,101,-1788.6385867941256,975.5401324671259
105,101,442.19293434502566,-14.631788095092759
97,102,503.6915215524539,-82.67184856007879
98,102,593.8019404061771,-19.648401156267596
99,102,-2374.0551562296882,1357.3769527325626
100,102,-878.7809524957696,144.23599110481794
101,102,-1035.994874751203,34.28018925136041
102,102,4141.968570443285,-2368.1895771078744
103,102,375.08943094331573,-61.564142544739155
104,102,442.19293434502583,-14.631788095092816
105,102,-1767.9134142135972,1010.8126243753118
100,103,-1767.9134142135963,1010.8126243753114
101,103,442.192934345026,-14.63178809509293
102,103,375.0894309433161,-61.5641425447391
103,103,3285.5742446800627,-1878.54218319978
104,103,-821.7923483033123,27.192409838825256
105,103,-697.0840109311868,114.41372609912773
106,103,-1517.6608304664665,867.7295588244688
107,103,379.5994139582864,-12.560621743732327
108,103,321.9945799878707,-52.84958355438863
100,104,442.1929343450256,-14.631788095092588
101,104,-1788.6385867941256,975.5401324671259
102,104,442.19293434502566,-14.631788095092759
103,104,-821.7923483033121,27.19240983882537
104,104,3324.0908896128267,-1812.9901091968961
105,104,-821.7923483033121,27.192409838825085
106,104,379.5994139582865,-12.560621743732781
107,104,-1535.4523028187014,837.4499767297702
108,104,379.59941395828645,-12.560621743732327
100,105,375.08943094331573,-61.564142544739155
101,105,442.19293434502583,-14.631788095092816
102,105,-1767.9134142135972,1010.8126243753118
103,105,-697.0840109311853,114.41372609912716
104,105,-821.7923483033126,27.19240983882537
105,105,3285.5742446800637,-1878.5421831997803
106,105,321.9945799878696,-52.849583554388005
107,105,379.5994139582868,-12.560621743732554
108,105,-1517.6608304664665,867.7295588244685
103,106,-1517.6608304664665,867.7295588244688
104,106,379.5994139582864,-12.560621743732327
105,106,321.9945799878707,-52.84958355438863
106,106,3213.4145134876712,-1837.284525062012
107,106,-803.7436571055564,26.595193998209254
108,106,-681.7742382396228,111.90090395444432
109,106,-1695.7536830212048,969.5549662375432
110,106,424.14424314727,-14.034572254476927
111,106,359.77965825175215,-59.05132040005569
103,107,379.5994139582865,-12.560621743732781
104,107,-1535.4523028187014,837.4499767297702
105,107,379.59941395828645,-12.560621743732327
106,107,-803.7436571055562,26.595193998209766
107,107,3251.0852330089856,-1773.1721446064018
108,107,-803.7436571055562,26.595193998209538
109,107,424.1442431472696,-14.034572254476984
110,107,-1715.6329301902842,935.7221678766316
111,107,424.1442431472698,-14.034572254477212
103,108,321.9945799878696,-52.849583554388005
104,108,379.5994139582868,-12.560621743732554
105,108,-1517.6608304664665,867.7295588244685
106,108,-681.7742382396215,111.90090395444375
107,108,-803.7436571055564,26.595193998209368
108,108,3213.4145134876712,-1837.284525062012
109,108,359.77965825175187,-59.051320400055744
110,108,424.1442431472696,-14.034572254476814
111,108,-1695.7536830212048,969.5549662375436
106,109,-1695.7536830212048,969.5549662375432
107,109,424.14424314727,-14.034572254476927
108,109,359.77965825175215,-59.05132040005569
109,109,3374.3785409613884,-1929.3164479676375
110,109,-844.0042010102243,27.927381152847715
111,109,-715.9251785413658,117.50616281627299
112,109,-1678.6248579401833,959.7614817300943
113,109,419.8599578629543,-13.892808898370788
114,109,356.1455202896136,-58.4548424162173
106,110,424.1442431472696,-14.034572254476984
107,110,-1715.6329301902842,935.7221678766316
108,110,424.1442431472698,-14.034572254477212
109,110,-844.0042010102237,27.92738115284783
110,110,3413.936234823092,-1861.9925966838018
111,110,-844.0042010102243,27.927381152848625
112,110,419.8599578629541,-13.892808898370845
113,110,-1698.3033046328078,926.2704288071702
114,110,419.85995786295456,-13.892808898371413
106,111,359.77965825175187,-59.051320400055744
107,111,424.1442431472696,-14.034572254476814
108,111,-1695.7536830212048,969.5549662375436
109,111,-715.9251785413651,117.50616281627279
110,111,-844.0042010102236,27.927381152848056
111,111,3374.378540961388,-1929.316447967638
112,111,356.1455202896133,-58.45484241621705
113,111,419.85995786295405,-13.892808898371243
114,111,-1678.6248579401831,959.7614817300944
109,112,-1678.6248579401833,959.7614817300943
110,112,419.8599578629543,-13.892808898370788
111,112,356.1455202896136,-58.4548424162173
112,112,3494.841917350873,-1998.1919373724909
113,112,-874.1346663704124,28.92437262447737
114,112,-741.4832963406709,121.70106535835379
115,112,-1816.2170594106897,1038.4304556423967
116,112,454.2747085074582,-15.031563726106583
117,112,385.3377760510573,-63.246222942136484
109,113,419.8599578629541,-13.892808898370845
110,113,-1698.3033046328078,926.2704288071702
111,113,419.85995786295456,-13.892808898371413
112,113,-874.1346663704121,28.9243726244772
113,113,3535.811798169942,-1928.4646632542717
114,113,-874.1346663704121,28.92437262447754
115,113,454.27470850745806,-15.031563726106356
116,113,-1837.5084935371342,1002.1942344471016
117,113,454.2747085074576,-15.031563726106128
109,114,356.1455202896133,-58.45484241621705
110,114,419.85995786295405,-13.892808898371243
111,114,-1678.6248579401831,959.7614817300944
112,114,-741.4832963406711,121.70106535835382
113,114,-874.1346663704123,28.924372624477314
114,114,3494.8419173508732,-1998.1919373724909
115,114,385.3377760510578,-63.24622294213677
116,114,454.2747085074583,-15.031563726106071
117,114,-1816.2170594106901,1038.4304556423965
112,115,-1816.2170594106897,1038.4304556423967
113,115,454.2747085074582,-15.031563726106583
114,115,385.3377760510573,-63.246222942136484
115,115,3612.799339800724,-2065.63463608866
116,115,-903.6383390851058,29.900624060579105
117,115,-766.5097383069683,125.80870293354735
118,115,-1796.582280390034,1027.204180446263
119,115,449.36363057764765,-14.869060334472522
120,115,381.171962255911,-62.56247999141087
112,116,454.27470850745806,-15.031563726106356
113,116,-1837.5084935371342,1002.1942344471016
114,116,454.2747085074576,-15.031563726106128
115,116,-903.6383390851058,29.90062406057865
116,116,3655.1520303873813,-1993.5539366299108
117,116,-903.638339085106,29.900624060579275
118,116,449.3636305776478,-14.869060334472294
119,116,-1817.643536850247,991.3597021828091
120,116,449.36363057764845,-14.869060334473147
112,117,385.3377760510578,-63.24622294213677
113,117,454.2747085074583,-15.031563726106071
114,117,-1816.2170594106901,1038.4304556423965
115,117,-766.5097383069682,125.80870293354741
116,117,-903.6383390851067,29.900624060578934
117,117,3612.7993398007247,-2065.63463608866
118,117,381.1719622559104,-62.56247999141064
119,117,449.3636305776484,-14.869060334472863
120,117,-1796.5822803900348,1027.2041804462638
115,118,-1796.582280390034,1027.204180446263
116,118,449.36363057764765,-14.869060334472522
117,118,381.171962255911,-62.56247999141087
118,118,3583.505516261842,-2048.8857577718472
119,118,-896.3113276575666,29.658179484351763
120,118,-760.2946128867904,124.78860256351291
121,118,-1786.923235871808,1021.6815773255844
122,118,446.947697079919,-14.789119149879241
123,118,379.12265063087943,-62.22612257210204
115,119,449.3636305776478,-14.869060334472294
116,119,-1817.643536850247,991.3597021828091
117,119,449.36363057764845,-14.869060334473147
118,119,-896.3113276575662,29.658179484351024
119,119,3625.514796620654,-1977.3895134936683
120,119,-896.3113276575666,29.658179484352104
121,119,446.9476970799184,-14.78911914987873
122,119,-1807.871259770407,986.0298113108591
123,119,446.9476970799182,-14.789119149878957
115,120,381.1719622559104,-62.56247999141064
116,120,449.3636305776484,-14.869060334472863
117,120,-1796.5822803900348,1027.2041804462638
118,120,-760.2946128867895,124.78860256351288
119,120,-896.3113276575666,29.658179484351592
120,120,3583.505516261843,-2048.885757771848
121,120,379.1226506308792,-62.22612257210224
122,120,446.94769707991827,-14.78911914987873
123,120,-1786.923235871808,1021.6815773255844
118,121,-1786.923235871808,1021.6815773255844
119,121,446.947697079919,-14.789119149879241
120,121,379.12265063087943,-62.22612257210204
121,121,3719.293711872716,-2126.5232830381337
122,121,-930.274857875645,30.78200381195768
123,121,-789.1041216619458,129.51716209774702
124,121,-1932.3704760009077,1104.8417057125494
125,121,483.32716079572594,-15.992884662078438
126,121,409.9814710310663,-67.29103952564498
118,122,446.9476970799184,-14.78911914987873
119,122,-1807.871259770407,986.0298113108591
120,122,446.9476970799182,-14.789119149878957
121,122,-930.2748578756449,30.782003811956997
122,122,3762.8948313825904,-2052.3178630772522
123,122,-930.2748578756434,30.78200381195711
124,122,483.3271607957265,-15.992884662078268
125,122,-1955.0235716121836,1066.2880517663932
126,122,483.3271607957252,-15.992884662078154
118,123,379.1226506308792,-62.22612257210224
119,123,446.94769707991827,-14.78911914987873
120,123,-1786.923235871808,1021.6815773255844
121,123,-789.1041216619451,129.51716209774693
122,123,-930.2748578756436,30.782003811956656
123,123,3719.293711872715,-2126.5232830381337
124,123,409.9814710310659,-67.29103952564469
125,123,483.3271607957254,-15.992884662077927
126,123,-1932.3704760009073,1104.8417057125494
121,124,-1932.3704760009077,1104.8417057125494
122,124,483.32716079572594,-15.992884662078438
123,124,409.9814710310663,-67.29103952564498
124,124,3123.65263324878,-1785.9627572629388
125,124,-781.2922921823384,25.8522974286642
126,124,-662.7299047849857,108.77512124037969
127,124,-1191.2821572478722,681.1210515503893
128,124,297.9651313866125,-9.859412766585763
129,124,252.74843375391941,-41.484081714734714
121,125,483.3271607957265,-15.992884662078268
122,125,-1955.0235716121836,1066.2880517663932
123,125,483.3271607957252,-15.992884662078154
124,125,-781.292292182339,25.852297428664116
125,125,1.558360271078126e6,-1723.6412593069658
126,125,-781.2922921823377,25.852297428664002
127,125,297.9651313866125,-9.859412766585848
128,125,-1205.247506513605,657.3532075405726
129,125,297.96513138661254,-9.859412766585848
466,125,-1.5552000000000002e6,0.0
121,126,409.9814710310659,-67.29103952564469
122,126,483.3271607957254,-15.992884662077927
123,126,-1932.3704760009073,1104.8417057125494
124,126,-662.7299047849853,108.77512124037942
125,126,-781.2922921823375,25.85229742866386
126,126,3123.6526332487792,-1785.9627572629388
127,126,252.74843375391936,-41.48408171473473
128,126,297.96513138661214,-9.859412766585933
129,126,-1191.282157247872,681.1210515503894
124,127,-1191.2821572478722,681.1210515503893
125,127,297.9651313866125,-9.859412766585763
126,127,252.74843375391941,-41.484081714734714
127,127,2157.4673952483263,-1233.541904406664
128,127,-539.6287117844754,17.855855097624982
129,127,-457.73916926945253,75.1296014775572
130,127,-966.1852380004539,552.4208528562747
131,127,241.66358039786297,-7.996442331039219
132,127,204.99073551553315,-33.64551976282249
124,128,297.9651313866125,-9.859412766585848
125,128,-1205.247506513605,657.3532075405726
126,128,297.96513138661254,-9.859412766585848
127,128,-539.6287117844757,17.855855097624982
128,128,2182.7606256524373,-1192.4972325348806
129,128,-539.6287117844752,17.855855097624925
130,128,241.66358039786326,-7.996442331039134
131,128,-977.5117858060918,533.1440258831966
132,128,241.6635803978626,-7.996442331039077
464,128,-0.0013333327407410048,1.9999991111115067
124,129,252.74843375391936,-41.48408171473473
125,129,297.96513138661214,-9.859412766585933
126,129,-1191.282157247872,681.1210515503894
127,129,-457.7391692694523,75.12960147755707
128,129,-539.6287117844748,17.855855097624897
129,129,2157.4673952483254,-1233.5419044066641
130,129,204.99073551553295,-33.645519762822346
131,129,241.6635803978627,-7.996442331038963
132,129,-966.1852380004536,552.4208528562747
127,130,-966.1852380004539,552.4208528562747
128,130,241.66358039786297,-7.996442331039219
129,130,204.99073551553315,-33.64551976282249
130,130,2201.7529773021506,-1258.8623895944108
131,130,-550.7054824679922,18.222376018315884
132,130,-467.13502182536024,76.67176064910866
133,130,-1235.5677393016965,706.4415367381362
134,130,309.04190207012925,-10.225933687276665
135,130,262.14428630982707,-43.026240886286175
127,131,241.66358039786326,-7.996442331039134
128,131,-977.5117858060918,533.1440258831966
129,131,241.6635803978626,-7.996442331039077
130,131,-550.7054824679927,18.222376018315856
131,131,1.5574275655323374e6,-1216.434154137175
132,131,-550.7054824679923,18.22237601831594
133,131,309.0419020701295,-10.225933687276722
134,131,-1250.0522465326974,681.7901297539769
135,131,309.0419020701297,-10.225933687276864
402,131,-0.0014999985000015,1.4999985000015001
403,131,-1.5552000000000002e6,0.0
127,132,204.99073551553295,-33.645519762822346
128,132,241.6635803978627,-7.996442331038963
129,132,-966.1852380004536,552.4208528562747
130,132,-467.1350218253599,76.6717606491083
131,132,-550.7054824679923,18.222376018315828
132,132,2201.7529773021497,-1258.862389594411
133,132,262.14428630982695,-43.02624088628595
134,132,309.0419020701296,-10.225933687276864
135,132,-1235.5677393016963,706.4415367381364
130,133,-1235.5677393016965,706.4415367381362
131,133,309.04190207012925,-10.225933687276665
132,133,262.14428630982707,-43.026240886286175
133,133,1235.567739304144,-706.4415367381367
134,133,-309.0419020701299,10.225933687276763
135,133,-262.14428630982684,43.02624088628649
130,134,309.0419020701295,-10.225933687276722
131,134,-1250.0522465326974,681.7901297539769
132,134,309.0419020701297,-10.225933687276864
133,134,-309.04190207012925,10.225933687276672
134,134,1250.0522465333343,-681.7901297539734
135,134,-309.04190207013073,10.225933687277108
130,135,262.14428630982695,-43.02624088628595
131,135,309.0419020701296,-10.225933687276864
132,135,-1235.5677393016963,706.4415367381364
133,135,-262.144286309827,43.02624088628568
134,135,-309.04190207012965,10.225933687276232
135,135,1235.567739302256,-706.4415367381389
136,136,48.31494989533122,-47.88891680219126
137,136,-47.642594110332276,45.25157161203698
138,136,-0.6710224522582011,0.6373460790427744
230,136,-0.0013333327407410048,1.9999991111115067
136,137,-47.642594110332276,45.25157161203698
137,137,47.642594110332276,-45.25157161203698
136,138,-0.6710224522582011,0.6373460790427744
138,138,0.6710224522582011,-0.6373460790427744
139,139,1.2550858093284323,-3.190829943007217
140,139,-1.2537524765876913,1.1908308318957102
224,139,-0.0013333327407410048,1.9999991111115067
139,140,-1.2537524765876913,1.1908308318957102
140,140,1.2537524765876913,-1.1908308318957102
141,141,0.0013333327407410048,-1.9999991111115067
223,141,-0.0013333327407410048,1.9999991111115067
142,142,7.941765684462787,-9.541927713117673
143,142,-7.940432351722046,7.541928602006165
222,142,-0.0013333327407410048,1.9999991111115067
142,143,-7.940432351722046,7.541928602006165
143,143,7.940432351722046,-7.541928602006165
144,144,0.0011249997187500705,-2.249999437500141
221,144,-0.0011249997187500705,2.249999437500141
7,145,-1.5552000000000002e6,0.0
145,145,1.5570196295940082e6,-3375.3522128617797
146,145,-623.7649607263236,823.4111638817549
147,145,-355.53146857996444,659.8840694732226
148,145,-1819.6295940079644,3375.3522128617797
149,145,623.7649607263236,-823.4111638817549
150,145,355.53146857996444,-659.8840694732226
8,146,-1.5552000000000002e6,0.0
145,146,-623.7649607263238,823.4111638817568
146,146,1.5571823252776463e6,-3453.259232584965
147,146,-623.7649607263229,823.4111638817565
148,146,623.7649607263238,-823.4111638817568
149,146,-1982.32527764613,3453.259232584965
150,146,623.7649607263229,-823.4111638817565
9,147,-1.5552000000000002e6,0.0
145,147,-355.5314685799647,659.884069473224
146,147,-623.7649607263234,823.4111638817545
147,147,1.5570196295940082e6,-3375.352212861779
148,147,355.5314685799647,-659.884069473224
149,147,623.7649607263234,-823.4111638817545
150,147,-1819.6295940079635,3375.352212861779
145,148,-1819.6295940079644,3375.3522128617797
146,148,623.7649607263236,-823.4111638817549
147,148,355.53146857996444,-659.8840694732226
148,148,2751.397026864588,-5103.749726686443
149,148,-943.1727556290784,1245.0506606683905
150,148,-537.5864565123317,997.787172072111
151,148,-931.7674328566236,1728.3975138246628
152,148,319.40779490275486,-421.6394967866357
153,148,182.0549879323672,-337.9031025988885
145,149,623.7649607263238,-823.4111638817568
146,149,-1982.32527764613,3453.259232584965
147,149,623.7649607263229,-823.4111638817565
148,149,-943.1727556290786,1245.0506606683919
149,149,2997.4033688804743,-5221.55015329201
150,149,-943.172755629078,1245.050660668392
151,149,319.40779490275474,-421.63949678663505
152,149,-1015.0780912343445,1768.2909207070447
153,149,319.4077949027551,-421.63949678663573
145,150,355.5314685799647,-659.884069473224
146,150,623.7649607263234,-823.4111638817545
147,150,-1819.6295940079635,3375.352212861779
148,150,-537.5864565123321,997.7871720721128
149,150,-943.1727556290784,1245.0506606683907
150,150,2751.397026864587,-5103.749726686443
151,150,182.0549879323674,-337.9031025988888
152,150,319.40779490275514,-421.6394967866361
153,150,-931.7674328566238,1728.3975138246642
148,151,-931.7674328566236,1728.3975138246628
149,151,319.40779490275486,-421.6394967866357
150,151,182.0549879323672,-337.9031025988885
151,151,1796.3178120992118,-3332.109634860979
152,151,-615.773733954316,812.862213954335
153,151,-350.9766558397622,651.4301107316874
154,151,-864.5503792425882,1603.7121210363161
155,151,296.36593905156116,-391.2227171676993
156,151,168.92166790739498,-313.5270081327988
148,152,319.40779490275474,-421.63949678663505
149,152,-1015.0780912343445,1768.2909207070447
150,152,319.4077949027551,-421.63949678663573
151,152,-615.7737339543152,812.8622139543336
152,152,1956.9291559866097,-3409.018566039702
153,152,-615.7737339543164,812.8622139543352
154,152,296.3659390515604,-391.22271716769853
155,152,-941.8510647522651,1640.727645332657
156,152,296.3659390515613,-391.2227171676995
148,153,182.0549879323674,-337.9031025988888
149,153,319.40779490275514,-421.6394967866361
150,153,-931.7674328566238,1728.3975138246642
151,153,-350.9766558397627,651.4301107316882
152,153,-615.7737339543169,812.8622139543356
153,153,1796.3178120992127,-3332.1096348609813
154,153,168.92166790739532,-313.5270081327994
155,153,296.36593905156167,-391.2227171676996
156,153,-864.5503792425889,1603.712121036317
151,154,-864.5503792425882,1603.7121210363161
152,154,296.36593905156116,-391.2227171676993
153,154,168.92166790739498,-313.5270081327988
154,154,1636.882051365969,-3036.3616158287605
155,154,-561.1195112709561,740.7150111708443
156,154,-319.8250245713356,593.6111353981005
157,154,-772.3316721233806,1432.6494947924443
158,154,264.753572219395,-349.492294003145
159,154,150.90335666394063,-280.0841272653016
151,155,296.3659390515604,-391.22271716769853
152,155,-941.8510647522651,1640.727645332657
153,155,296.3659390515613,-391.2227171676995
154,155,-561.1195112709556,740.7150111708436
155,155,1783.2380159309564,-3106.4443418298315
156,155,-561.1195112709564,740.7150111708447
157,155,264.7535722193952,-349.492294003145
158,155,-841.3869511786914,1465.7166964971743
159,155,264.7535722193951,-349.4922940031452
151,156,168.92166790739532,-313.5270081327994
152,156,296.36593905156167,-391.2227171676996
153,156,-864.5503792425889,1603.712121036317
154,156,-319.8250245713359,593.6111353981009
155,156,-561.1195112709571,740.7150111708453
156,156,1636.8820513659698,-3036.361615828762
157,156,150.9033566639406,-280.0841272653016
158,156,264.75357221939544,-349.4922940031457
159,156,-772.3316721233809,1432.6494947924448
154,157,-772.3316721233806,1432.6494947924443
155,157,264.753572219395,-349.492294003145
156,157,150.90335666394063,-280.0841272653016
157,157,2109.060899515817,-3914.2351579673996
158,157,-722.9809087529636,954.3828028547427
159,157,-412.0822431976826,764.8451167629365
160,157,-0.0013333327407410048,1.9999991111115067
162,157,-1336.7278940596955,2479.585664063844
163,157,458.2273365335687,-604.8905088515977
164,157,261.17888653374195,-484.7609894976349
154,158,264.7535722193952,-349.492294003145
155,158,-841.3869511786914,1465.7166964971743
156,158,264.7535722193951,-349.4922940031452
157,158,-722.9809087529641,954.382802854743
158,158,2297.633597449502,-4002.534055819206
159,158,-722.9809087529619,954.3828028547421
162,158,458.22733653356886,-604.890508851598
163,158,-1456.2466462708103,2536.8173593220317
164,158,458.2273365335668,-604.8905088515969
154,159,150.9033566639406,-280.0841272653016
155,159,264.75357221939544,-349.4922940031457
156,159,-772.3316721233809,1432.6494947924448
157,159,-412.0822431976829,764.8451167629369
158,159,-722.9809087529624,954.3828028547414
159,159,2109.0595661830757,-3912.235158856288
162,159,261.1788865337423,-484.76098949763525
163,159,458.2273365335669,-604.8905088515958
164,159,-1336.7278940596948,2479.585664063843
157,160,-0.0013333327407410048,1.9999991111115067
160,160,4.765593197457124,-6.525156248944806
161,160,-4.764259864716383,4.5251571378332995
160,161,-4.764259864716383,4.5251571378332995
161,161,4.764259864716383,-4.5251571378332995
157,162,-1336.7278940596955,2479.585664063844
158,162,458.2273365335687,-604.8905088515977
159,162,261.17888653374195,-484.7609894976349
162,162,2678.616899679468,-4968.74501795033
163,162,-918.2238905827107,1212.116502293356
164,162,-523.3661857568044,971.3936430473861
165,162,-1341.8890056197727,2489.159353886486
166,162,459.99655404914205,-607.2259934417582
167,162,262.18729922306244,-486.63265354975124
157,163,458.22733653356886,-604.890508851598
158,163,-1456.2466462708103,2536.8173593220317
159,163,458.2273365335668,-604.8905088515969
162,163,-918.2238905827106,1212.116502293356
163,163,2918.115866465447,-5083.429380263067
164,163,-918.2238905827086,1212.1165022933544
165,163,459.99655404914176,-607.225993441758
166,163,-1461.869220194637,2546.6120209410356
167,163,459.99655404914176,-607.2259934417575
157,164,261.1788865337423,-484.76098949763525
158,164,458.2273365335669,-604.8905088515958
159,164,-1336.7278940596948,2479.585664063843
162,164,-523.3661857568047,971.3936430473863
163,164,-918.2238905827086,1212.1165022933535
164,164,2678.6168996794668,-4968.7450179503285
165,164,262.1872992230624,-486.632653549751
166,164,459.99655404914165,-607.2259934417577
167,164,-1341.8890056197718,2489.1593538864854
162,165,-1341.8890056197727,2489.159353886486
163,165,459.99655404914205,-607.2259934417582
164,165,262.18729922306244,-486.63265354975124
165,165,2431.3850948220324,-4510.138265035701
166,165,-833.4733800639624,1100.2402012831853
167,165,-475.0603728869281,881.7356543942198
168,165,-1089.49608920226,2020.9789111492148
169,165,373.4768260148204,-493.01420784142715
170,165,212.87307366386568,-395.1030008444685
162,166,459.99655404914176,-607.225993441758
163,166,-1461.869220194637,2546.6120209410356
164,166,459.99655404914176,-607.2259934417575
165,166,-833.4733800639626,1100.2402012831856
166,166,2648.778712452978,-4614.237454871218
167,166,-833.473380063962,1100.240201283185
168,166,373.47682601482086,-493.01420784142755
169,166,-1186.9094922583413,2067.6254339301827
170,166,373.4768260148203,-493.0142078414273
162,167,262.1872992230624,-486.632653549751
163,167,459.99655404914165,-607.2259934417577
164,167,-1341.8890056197718,2489.1593538864854
165,167,-475.06037288692784,881.7356543942194
166,167,-833.4733800639622,1100.2402012831858
167,167,2431.3850948220315,-4510.138265035701
168,167,212.87307366386545,-395.10300084446834
169,167,373.47682601482046,-493.01420784142795
170,167,-1089.49608920226,2020.9789111492153
165,168,-1089.49608920226,2020.9789111492148
166,168,373.4768260148204,-493.01420784142715
167,168,212.87307366386568,-395.1030008444685
168,168,2283.8245422278233,-4238.666273667813
169,168,-782.8895665602763,1033.4662088772182
170,168,-446.2287798452162,828.2227852753467
171,168,-1194.3273280258443,2215.437363081098
172,168,409.41274054545596,-540.452001035791
173,168,233.3557061813505,-433.1197844308782
492,168,-0.0011249997187500705,2.249999437500141
165,169,373.47682601482086,-493.01420784142755
166,169,-1186.9094922583413,2067.6254339301827
167,169,373.4768260148203,-493.0142078414273
168,169,-782.8895665602763,1033.466208877218
169,169,2488.023334287245,-4334.197645008286
170,169,-782.889566560277,1033.466208877219
171,169,409.41274054545545,-540.4520010357903
172,169,-1301.1138420289035,2266.5722110781035
173,169,409.4127405454567,-540.4520010357917
165,170,212.87307366386545,-395.10300084446834
166,170,373.47682601482046,-493.01420784142795
167,170,-1089.49608920226,2020.9789111492153
168,170,-446.22877984521625,828.2227852753466
169,170,-782.8895665602772,1033.46620887722
170,170,2283.8234172281054,-4236.416274230314
171,170,233.3557061813508,-433.11978443087827
172,170,409.41274054545676,-540.452001035792
173,170,-1194.3273280258456,2215.437363081099
168,171,-1194.3273280258443,2215.437363081098
169,171,409.41274054545596,-540.452001035791
170,171,233.3557061813505,-433.1197844308782
171,171,2352.8248362109134,-4364.411605269763
172,171,-806.5430988745481,1064.690442040508
173,171,-459.71074117726056,853.2459753288297
174,171,-1158.4975081850694,2148.9742421886654
175,171,397.13035832909213,-524.2384410047172
176,171,226.35503499591005,-420.1261908979514
168,172,409.41274054545545,-540.4520010357903
169,172,-1301.1138420289035,2266.5722110781035
170,172,409.4127405454567,-540.4520010357917
171,172,-806.5430988745478,1064.6904420405076
172,172,2563.1942687969386,-4465.147255823864
173,172,-806.5430988745491,1064.6904420405092
174,172,397.13035832909236,-524.2384410047173
175,172,-1262.0804267680353,2198.5750447457604
176,172,397.13035832909236,-524.2384410047175
168,173,233.3557061813508,-433.11978443087827
169,173,409.41274054545676,-540.452001035792
170,173,-1194.3273280258456,2215.437363081099
171,173,-459.7107411772606,853.2459753288299
172,173,-806.5430988745495,1064.6904420405099
173,173,2352.8248362109157,-4364.4116052697655
174,173,226.35503499590982,-420.1261908979517
175,173,397.1303583290927,-524.2384410047177
176,173,-1158.49750818507,2148.9742421886663
171,174,-1158.4975081850694,2148.9742421886654
172,174,397.13035832909213,-524.2384410047172
173,174,226.35503499591005,-420.1261908979514
174,174,2332.650388102369,-4326.98867683934
175,174,-799.6273431220908,1055.561185266255
176,174,-455.76892181608935,845.929762753984
177,174,-1174.1528799172995,2178.0144346506745
178,174,402.49698479299866,-531.3227442615378
179,174,229.4138868201793,-425.80357185603265
171,175,397.13035832909236,-524.2384410047173
172,175,-1262.0804267680353,2198.5750447457604
173,175,397.13035832909236,-524.2384410047175
174,175,-799.6273431220907,1055.561185266255
175,175,2541.2159944383416,-4426.860563069166
176,175,-799.6273431220911,1055.561185266255
177,175,402.4969847929983,-531.3227442615379
178,175,-1279.1355676703063,2228.285518323406
179,175,402.4969847929988,-531.3227442615375
171,176,226.35503499590982,-420.1261908979517
172,176,397.1303583290927,-524.2384410047177
173,176,-1158.49750818507,2148.9742421886663
174,176,-455.768921816089,845.9297627539835
175,176,-799.6273431220922,1055.561185266256
176,176,2332.650388102371,-4326.988676839341
177,176,229.4138868201792,-425.8035718560318
178,176,402.49698479299946,-531.3227442615381
179,176,-1174.1528799173007,2178.0144346506745
174,177,-1174.1528799172995,2178.0144346506745
175,177,402.49698479299866,-531.3227442615378
176,177,229.4138868201793,-425.80357185603265
177,177,2091.1693771614177,-3879.049454852785
178,177,-716.8481919136518,946.2872094367756
179,177,-408.58673774042495,758.3572849678678
180,177,-917.0164972441182,1701.0350202021104
181,177,314.3512071206532,-414.9644651752379
182,177,179.17285092024562,-332.5537131118351
174,178,402.4969847929983,-531.3227442615379
175,178,-1279.1355676703063,2228.285518323406
176,178,402.4969847929988,-531.3227442615375
177,178,-716.8481919136514,946.2872094367757
178,178,2278.1438210486986,-3968.582387515301
179,178,-716.848191913652,946.2872094367758
180,178,314.3512071206531,-414.9644651752378
181,178,-999.0082533783923,1740.296869191895
182,178,314.35120712065327,-414.9644651752382
174,179,229.4138868201792,-425.8035718560318
175,179,402.49698479299946,-531.3227442615381
176,179,-1174.1528799173007,2178.0144346506745
177,179,-408.5867377404246,758.3572849678669
178,179,-716.8481919136537,946.2872094367767
179,179,2091.16937716142,-3879.049454852786
180,179,179.1728509202454,-332.5537131118351
181,179,314.3512071206543,-414.96446517523856
182,179,-917.0164972441194,1701.0350202021111
177,180,-917.0164972441182,1701.0350202021104
178,180,314.3512071206532,-414.9644651752379
179,180,179.17285092024562,-332.5537131118351
180,180,1887.8244649969695,-3501.851424270824
181,180,-647.1420101897252,854.2704213244426
182,180,-368.85584114028154,684.6147669369333
183,180,-970.8079677528513,1800.8164040687134
184,180,332.790803069072,-439.3059561492048
185,180,189.6829902200359,-352.06105382509816
177,181,314.3512071206531,-414.9644651752378
178,181,-999.0082533783923,1740.296869191895
179,181,314.35120712065327,-414.9644651752382
180,181,-647.1420101897253,854.2704213244427
181,181,2056.617549552725,-3582.678191604544
182,181,-647.1420101897254,854.2704213244431
183,181,332.7908030690722,-439.3059561492049
184,181,-1057.6092961743327,1842.381322412649
185,181,332.7908030690721,-439.3059561492048
177,182,179.1728509202454,-332.5537131118351
178,182,314.3512071206543,-414.96446517523856
179,182,-917.0164972441194,1701.0350202021111
180,182,-368.85584114028137,684.6147669369334
181,182,-647.1420101897268,854.2704213244433
182,182,1887.8244649969713,-3501.8514242708243
183,182,189.68299022003598,-352.0610538250983
184,182,332.79080306907247,-439.3059561492048
185,182,-970.8079677528519,1800.8164040687134
180,183,-970.8079677528513,1800.8164040687134
181,183,332.790803069072,-439.3059561492048
182,183,189.6829902200359,-352.06105382509816
183,183,1895.1410859856192,-3515.423512197968
184,183,-649.6501315231349,857.5813080146705
185,183,-370.2854117593256,687.2681210309106
186,183,-924.3331182327678,1714.6071081292546
187,183,316.85932845406285,-418.2753518654657
188,183,180.60242153928974,-335.2070672058125
180,184,332.7908030690722,-439.3059561492049
181,184,-1057.6092961743327,1842.381322412649
182,184,332.7908030690721,-439.3059561492048
183,184,-649.6501315231349,857.5813080146709
184,184,2064.5883600849997,-3596.563538965117
185,184,-649.6501315231355,857.5813080146711
186,184,316.8593284540626,-418.275351865466
187,184,-1006.9790639106669,1754.182216552468
188,184,316.8593284540634,-418.27535186546623
180,185,189.68299022003598,-352.0610538250983
181,185,332.79080306907247,-439.3059561492048
182,185,-970.8079677528519,1800.8164040687134
183,185,-370.28541175932605,687.2681210309111
184,185,-649.6501315231358,857.5813080146709
185,185,1895.1410859856203,-3515.4235121979673
186,185,180.60242153929005,-335.20706720581273
187,185,316.85932845406325,-418.27535186546606
188,185,-924.3331182327684,1714.6071081292541
183,186,-924.3331182327678,1714.6071081292546
184,186,316.85932845406285,-418.2753518654657
185,186,180.60242153928974,-335.2070672058125
186,186,1895.1410859856192,-3515.423512197968
187,186,-649.6501315231349,857.5813080146705
188,186,-370.2854117593256,687.2681210309106
189,186,-970.8079677528513,1800.8164040687134
190,186,332.790803069072,-439.3059561492048
191,186,189.6829902200359,-352.06105382509816
183,187,316.8593284540626,-418.275351865466
184,187,-1006.9790639106669,1754.182216552468
185,187,316.8593284540634,-418.27535186546623
186,187,-649.6501315231349,857.5813080146709
187,187,2064.5883600849997,-3596.563538965117
188,187,-649.6501315231355,857.5813080146711
189,187,332.7908030690722,-439.3059561492049
190,187,-1057.6092961743327,1842.381322412649
191,187,332.7908030690721,-439.3059561492048
183,188,180.60242153929005,-335.20706720581273
184,188,316.85932845406325,-418.27535186546606
185,188,-924.3331182327684,1714.6071081292541
186,188,-370.28541175932605,687.2681210309111
187,188,-649.6501315231358,857.5813080146709
188,188,1895.1410859856203,-3515.4235121979673
189,188,189.68299022003598,-352.0610538250983
190,188,332.79080306907247,-439.3059561492048
191,188,-970.8079677528519,1800.8164040687134
186,189,-970.8079677528513,1800.8164040687134
187,189,332.790803069072,-439.3059561492048
188,189,189.6829902200359,-352.06105382509816
189,189,1938.9117350384251,-3596.6166064547847
190,189,-664.6546122577283,877.3882188272414
191,189,-378.83761556480727,703.1414361910736
192,189,-968.1037672855739,1795.8002023860713
193,189,331.86380918865626,-438.0822626780366
194,189,189.15462534477135,-351.08038236597537
186,190,332.7908030690722,-439.3059561492049
187,190,-1057.6092961743327,1842.381322412649
188,190,332.7908030690721,-439.3059561492048
189,190,-664.6546122577283,877.3882188272413
190,190,2112.272605451243,-3679.630663425819
191,190,-664.6546122577289,877.3882188272413
192,190,331.8638091886562,-438.0822626780364
193,190,-1054.6633092769102,1837.2493410131697
194,190,331.8638091886568,-438.0822626780365
186,191,189.68299022003598,-352.0610538250983
187,191,332.79080306907247,-439.3059561492048
188,191,-970.8079677528519,1800.8164040687134
189,191,-378.8376155648079,703.141436191074
190,191,-664.6546122577291,877.3882188272414
191,191,1938.9117350384258,-3596.616606454785
192,191,189.15462534477192,-351.0803823659757
193,191,331.86380918865666,-438.08226267803656
194,191,-968.1037672855739,1795.8002023860715
189,192,-968.1037672855739,1795.8002023860713
190,192,331.86380918865626,-438.0822626780366
191,192,189.15462534477135,-351.08038236597537
192,192,1907.426071219414,-3538.211750106611
193,192,-653.8613970230551,863.1404580872667
194,192,-372.68573480091476,691.7232398508006
195,192,-939.3223039338403,1742.4115477205396
196,192,321.99758783439887,-425.05819540923005
197,192,183.5311094561434,-340.6428574848252
189,193,331.8638091886562,-438.0822626780364
190,193,-1054.6633092769102,1837.2493410131697
191,193,331.8638091886568,-438.0822626780365
192,193,-653.861397023056,863.1404580872669
193,193,2077.9717634131557,-3619.8777556718946
194,193,-653.8613970230556,863.1404580872669
195,193,321.9975878343998,-425.0581954092305
196,193,-1023.3084541362456,1782.628414658725
197,193,321.99758783439887,-425.0581954092304
189,194,189.15462534477192,-351.0803823659757
190,194,331.86380918865666,-438.08226267803656
191,194,-968.1037672855739,1795.8002023860715
192,194,-372.68573480091504,691.723239850801
193,194,-653.8613970230563,863.1404580872677
194,194,1907.4260712194146,-3538.2117501066114
195,194,183.53110945614316,-340.64285748482524
196,194,321.9975878343996,-425.0581954092311
197,194,-939.3223039338407,1742.41154772054
192,195,-939.3223039338403,1742.4115477205396
193,195,321.99758783439887,-425.05819540923005
194,195,183.5311094561434,-340.6428574848252
195,195,1835.0677999532238,-3403.989570031363
196,195,-629.0571432434908,830.3971961860734
197,195,-358.5478890921563,665.4826958079836
198,195,-895.7454960193835,1661.5780223108236
199,195,307.059555409092,-405.33900077684336
200,195,175.01677963601293,-324.83983832315846
192,196,321.9975878343998,-425.0581954092305
193,196,-1023.3084541362456,1782.628414658725
194,196,321.99758783439887,-425.0581954092304
195,196,-629.0571432434913,830.3971961860739
196,196,1.5571991438356582e6,-3482.557572967303
197,196,-629.0571432434908,830.3971961860739
198,196,307.05955540909156,-405.33900077684336
199,196,-975.8353815216769,1699.9291583085778
200,196,307.0595554090919,-405.33900077684353
503,196,-1.5552000000000002e6,0.0
192,197,183.53110945614316,-340.64285748482524
193,197,321.9975878343996,-425.0581954092311
194,197,-939.3223039338407,1742.41154772054
195,197,-358.5478890921565,665.4826958079836
196,197,-629.0571432434913,830.3971961860743
197,197,1835.0677999532245,-3403.9895700313637
198,197,175.01677963601333,-324.8398383231584
199,197,307.05955540909173,-405.3390007768433
200,197,-895.7454960193837,1661.5780223108236
195,198,-895.7454960193835,1661.5780223108236
196,198,307.059555409092,-405.33900077684336
197,198,175.01677963601293,-324.83983832315846
198,198,1872.0074411191613,-3472.5113724698112
199,198,-641.7199697313608,847.1129679156502
200,198,-365.7654046325663,678.8787632371624
201,198,-976.2619450997779,1810.9333501589877
202,198,334.6604143222688,-441.7739671388069
203,198,190.74862499655336,-354.0389249140039
195,199,307.05955540909156,-405.33900077684336
196,199,-975.8353815216769,1699.9291583085778
197,199,307.0595554090919,-405.33900077684353
198,199,-641.7199697313608,847.1129679156509
199,199,2039.3863029554154,-3552.660937588713
200,199,-641.7199697313606,847.1129679156498
201,199,334.6604143222693,-441.77396713880756
202,199,-1063.5509214337385,1852.731779280135
203,199,334.6604143222687,-441.7739671388063
195,200,175.01677963601333,-324.8398383231584
196,200,307.05955540909173,-405.3390007768433
197,200,-895.7454960193837,1661.5780223108236
198,200,-365.76540463256674,678.8787632371623
199,200,-641.7199697313605,847.1129679156504
200,200,1872.0074411191613,-3472.5113724698112
201,200,190.74862499655342,-354.03892491400387
202,200,334.66041432226876,-441.77396713880717
203,200,-976.2619450997777,1810.9333501589877
198,201,-976.2619450997779,1810.9333501589877
199,201,334.6604143222688,-441.7739671388069
200,201,190.74862499655336,-354.0389249140039
201,201,1903.0599516478333,-3530.1127439099196
202,201,-652.3647009855425,861.1647199425806
203,201,-371.8326529932811,690.1398776323645
204,201,-926.7980065480554,1719.179393750932
205,201,317.7042866632737,-419.3907528037738
206,201,181.08402799672774,-336.1009527183605
198,202,334.6604143222693,-441.77396713880756
199,202,-1063.5509214337385,1852.731779280135
200,202,334.6604143222687,-441.7739671388063
201,202,-652.364700985543,861.1647199425819
202,202,2073.215262848167,-3611.591815076744
203,202,-652.3647009855429,861.1647199425809
204,202,317.7042866632737,-419.3907528037743
205,202,-1009.6643414144285,1758.8600357966086
206,202,317.70428666327416,-419.3907528037745
198,203,190.74862499655342,-354.03892491400387
199,203,334.66041432226876,-441.77396713880717
200,203,-976.2619450997777,1810.9333501589877
201,203,-371.83265299328116,690.1398776323645
202,203,-652.3647009855426,861.1647199425815
203,203,1903.0599516478328,-3530.11274390992
204,203,181.0840279967277,-336.1009527183606
205,203,317.7042866632738,-419.3907528037743
206,203,-926.7980065480552,1719.1793937509321
201,204,-926.7980065480554,1719.179393750932
202,204,317.7042866632737,-419.3907528037738
203,204,181.08402799672774,-336.1009527183605
204,204,1.558706494726645e6,-4439.166273618693
205,204,-1111.3296891662374,887.7864183885325
206,204,-752.4196926465193,804.5594336751005
207,204,-1.5552000000000002e6,0.0
404,204,-2579.696720096693,2719.9868798677608
405,204,793.6254025029637,-468.3956655847587
406,204,571.3356646497915,-468.4584809567401
201,205,317.7042866632737,-419.3907528037743
202,205,-1009.6643414144285,1758.8600357966086
203,205,317.70428666327416,-419.3907528037745
204,205,-1111.329689166237,887.7864183885335
205,205,1.5589068838144697e6,-4451.659327993031
206,205,-1111.3296891662376,887.7864183885331
208,205,-1.5552000000000002e6,0.0
404,205,793.6254025029632,-468.3956655847593
405,205,-2697.2194730552064,2692.7992921964224
406,205,793.6254025029635,-468.3956655847586
201,206,181.0840279967277,-336.1009527183606
202,206,317.7042866632738,-419.3907528037743
203,206,-926.7980065480552,1719.1793937509321
204,206,-752.4196926465205,804.5594336751012
205,206,-1111.3296891662367,887.7864183885326
206,206,1.558706494726645e6,-4439.166273618692
209,206,-1.5552000000000002e6,0.0
404,206,571.3356646497928,-468.4584809567407
405,206,793.6254025029627,-468.39566558475826
406,206,-2579.696720096692,2719.98687986776
204,207,-1.5552000000000002e6,0.0
207,207,1.557591134689728e6,-1367.1422545507805
208,207,-598.0738968119775,19.789756560269666
209,207,-507.31520156362194,83.2666100605106
210,207,-2391.1346897277413,1367.1422545507805
211,207,598.0738968119775,-19.789756560269666
212,207,507.31520156362194,-83.2666100605106
205,208,-1.5552000000000002e6,0.0
207,208,-598.073896811977,19.78975656026961
208,208,1.557619165858398e6,-1319.4355748476237
209,208,-598.073896811977,19.789756560269268
210,208,598.073896811977,-19.78975656026961
211,208,-2419.16585839781,1319.4355748476237
212,208,598.073896811977,-19.789756560269268
206,209,-1.5552000000000002e6,0.0
207,209,-507.3152015636217,83.2666100605104
208,209,-598.0738968119765,19.789756560268927
209,209,1.557591134689728e6,-1367.1422545507805
210,209,507.3152015636217,-83.2666100605104
211,209,598.0738968119765,-19.789756560268927
212,209,-2391.1346897277417,1367.1422545507805
207,210,-2391.1346897277413,1367.1422545507805
208,210,598.0738968119775,-19.789756560269666
209,210,507.31520156362194,-83.2666100605106
210,210,4563.472741179743,-2609.1865250250194
211,210,-1141.4220775758,37.768685722867474
212,210,-968.2094042913571,158.91405318738012
213,210,-2172.3380514520013,1242.044270474239
214,210,543.3481807638223,-17.978929162597808
215,210,460.8942027277352,-75.64744312686952
207,211,598.073896811977,-19.78975656026961
208,211,-2419.16585839781,1319.4355748476237
209,211,598.073896811977,-19.789756560269268
210,211,-1141.4220775758,37.76868572286787
211,211,4616.970134981442,-2518.1384827157267
212,211,-1141.4220775757997,37.7686857228673
213,211,543.3481807638229,-17.978929162598263
214,211,-2197.804276583632,1198.702907868103
215,211,543.3481807638227,-17.978929162598035
207,212,507.3152015636217,-83.2666100605104
208,212,598.0738968119765,-19.789756560268927
209,212,-2391.1346897277417,1367.1422545507805
210,212,-968.2094042913563,158.9140531873795
211,212,-1141.4220775757997,37.76868572286742
212,212,4563.472741179744,-2609.1865250250207
213,212,460.89420272773464,-75.64744312686909
214,212,543.3481807638232,-17.97892916259849
215,212,-2172.338051452002,1242.0442704742402
80,213,-1.5552000000000002e6,0.0
210,213,-2172.3380514520013,1242.044270474239
211,213,543.3481807638223,-17.978929162597808
212,213,460.8942027277352,-75.64744312686952
213,213,1.5573723393847852e6,-1244.0442695853505
214,213,-543.3481807638223,17.978929162597808
215,213,-460.8942027277352,75.64744312686952
216,213,-0.0013333327407410048,1.9999991111115067
81,214,-1.5552000000000002e6,0.0
210,214,543.3481807638229,-17.978929162598263
211,214,-2197.804276583632,1198.702907868103
212,214,543.3481807638227,-17.978929162598035
213,214,-543.3481807638229,17.978929162598263
214,214,1.557397804276584e6,-1198.702907868103
215,214,-543.3481807638227,17.978929162598035
82,215,-1.5552000000000002e6,0.0
210,215,460.89420272773464,-75.64744312686909
211,215,543.3481807638232,-17.97892916259849
212,215,-2172.338051452002,1242.0442704742402
213,215,-460.89420272773464,75.64744312686909
214,215,-543.3481807638232,17.97892916259849
215,215,1.5573723380514523e6,-1242.0442704742402
79,216,-0.6663300510092844,0.6328891101864755
213,216,-0.0013333327407410048,1.9999991111115067
216,216,0.6676633837500254,-2.632888221297982
18,217,-0.0013333327407410048,1.9999991111115067
217,217,1.2550858093284323,-3.190829943007217
218,217,-1.2537524765876913,1.1908308318957102
217,218,-1.2537524765876913,1.1908308318957102
218,218,1.2537524765876913,-1.1908308318957102
15,219,-3688.4588988644346,3503.347479641574
219,219,1.5588884588988647e6,-3503.347479641574
220,219,-1.5552000000000002e6,0.0
219,220,-1.5552000000000002e6,0.0
220,220,1.5569862090454507e6,-1772.4939996183793
221,220,-1786.2090454503593,1772.4939996183793
144,221,-0.0011249997187500705,2.249999437500141
220,221,-1786.2090454503593,1772.4939996183793
221,221,2816.6753029501306,-2857.9357801842225
222,221,-1030.4651325000523,1083.1917811283433
142,222,-0.0013333327407410048,1.9999991111115067
221,222,-1030.4651325000523,1083.1917811283433
222,222,2064.412899456156,-2172.0429930607993
223,222,-1033.9464336233632,1086.8512128213445
141,223,-0.0013333327407410048,1.9999991111115067
222,223,-1033.9464336233632,1086.8512128213445
223,223,2119.224874589138,-2229.659577163371
224,223,-1085.277107633034,1140.8083652309151
139,224,-0.0013333327407410048,1.9999991111115067
223,224,-1085.277107633034,1140.8083652309151
224,224,4997.843971854549,-4968.238368727503
225,224,-2834.9312197883673,2692.65550088154
228,224,-1077.634311100407,1132.7745035039368
224,225,-2834.9312197883673,2692.65550088154
225,225,2834.932553121108,-2694.6554999926516
226,225,-0.0013333327407410048,1.9999991111115067
225,226,-0.0013333327407410048,1.9999991111115067
226,226,23.82263038790688,-24.625784917129998
227,226,-23.821297055166138,22.62578580601849
226,227,-23.821297055166138,22.62578580601849
227,227,23.821297055166138,-22.62578580601849
224,228,-1077.634311100407,1132.7745035039368
228,228,2396.807347102629,-2519.446740551859
229,228,-1319.1730360022223,1386.6722370479224
228,229,-1319.1730360022223,1386.6722370479224
229,229,2408.3123397478294,-2531.5404185252105
230,229,-1089.1393037456069,1144.868181477288
136,230,-0.0013333327407410048,1.9999991111115067
229,230,-1089.1393037456069,1144.868181477288
230,230,2338.3167364763704,-2459.961890772555
231,230,-1249.1760993980226,1313.093710184155
230,231,-1249.1760993980226,1313.093710184155
231,231,3621.3318295537792,-3806.627464428954
232,231,-974.6756189570558,1024.5476401118408
249,231,-1397.480111198701,1468.9861141329586
231,232,-974.6756189570558,1024.5476401118408
232,232,1971.576445294733,-2074.456300444835
233,232,-996.8994930049365,1047.9086612218825
247,232,-0.0013333327407410048,1.9999991111115067
232,233,-996.8994930049365,1047.9086612218825
233,233,1.557542069267974e6,-2382.749821428317
234,233,-1345.1697749687892,1334.841160206434
241,233,-1.5552000000000002e6,0.0
233,234,-1345.1697749687892,1334.841160206434
234,234,2612.133338213994,-2594.075275325931
235,234,-1266.9622299124644,1257.2341160083856
239,234,-0.0013333327407410048,1.9999991111115067
234,235,-1266.9622299124644,1257.2341160083856
235,235,2298.1176094626717,-2280.4719769868193
236,235,-1031.1553795502075,1023.2378609784338
235,236,-1031.1553795502075,1023.2378609784338
236,236,1031.1567128829483,-1025.2378600895454
237,236,-0.0013333327407410048,1.9999991111115067
236,237,-0.0013333327407410048,1.9999991111115067
237,237,0.9836548607888292,-2.9330212062050527
238,237,-0.9823215280480883,0.9330220950935461
237,238,-0.9823215280480883,0.9330220950935461
238,238,0.9823215280480883,-0.9330220950935461
234,239,-0.0013333327407410048,1.9999991111115067
239,239,2.80383886864264,-4.6618562647607416
240,239,-2.802505535901899,2.6618571536492346
239,240,-2.802505535901899,2.6618571536492346
240,240,2.802505535901899,-2.6618571536492346
233,241,-1.5552000000000002e6,0.0
241,241,1.5564241925774103e6,-1286.8318359804719
242,241,-1224.192577410062,1286.8318359804719
241,242,-1224.192577410062,1286.8318359804719
242,242,2521.006748395297,-2650.0011537563955
243,242,-1296.8141709852353,1363.1693177759237
242,243,-1296.8141709852353,1363.1693177759237
243,243,2551.1098445611187,-2681.644559559194
244,243,-1254.2956735758835,1318.4752417832703
243,244,-1254.2956735758835,1318.4752417832703
244,244,1254.2970069086243,-1320.4752408943818
245,244,-0.0013333327407410048,1.9999991111115067
244,245,-0.0013333327407410048,1.9999991111115067
245,245,5.606344404544539,-7.323713418409976
246,245,-5.605011071803798,5.323714307298469
245,246,-5.605011071803798,5.323714307298469
246,246,5.605011071803798,-5.323714307298469
232,247,-0.0013333327407410048,1.9999991111115067
247,247,3.6661482643047627,-5.480889235114352
248,247,-3.6648149315640217,3.4808901240028454
247,248,-3.6648149315640217,3.4808901240028454
248,248,3.6648149315640217,-3.4808901240028454
231,249,-1397.480111198701,1468.9861141329586
249,249,1397.4814445314419,-1470.98611324407
250,249,-0.0013333327407410048,1.9999991111115067
249,250,-0.0013333327407410048,1.9999991111115067
250,250,23.82263038790688,-24.625784917129998
251,250,-23.821297055166138,22.62578580601849
250,251,-23.821297055166138,22.62578580601849
251,251,23.821297055166138,-22.62578580601849
75,252,-0.0013333327407410048,1.9999991111115067
252,252,0.0013333327407410048,-1.9999991111115067
69,253,-0.0013333327407410048,1.9999991111115067
253,253,0.0013333327407410048,-1.9999991111115067
56,254,-0.0013333327407410048,1.9999991111115067
254,254,0.0013333327407410048,-1.9999991111115067
57,255,-1.5552000000000002e6,0.0
255,255,1.5562523904852795e6,-1257.8665333666033
256,255,-1052.3904852792289,1257.8665333666033
255,256,-1052.3904852792289,1257.8665333666033
256,256,1052.3918186119697,-1259.8665324777148
257,256,-0.0013333327407410048,1.9999991111115067
256,257,-0.0013333327407410048,1.9999991111115067
257,257,9.529852154807195,-11.050313433518903
258,257,-9.528518822066454,9.050314322407397
257,258,-9.528518822066454,9.050314322407397
258,258,9.528518822066454,-9.050314322407397
53,259,-0.0013333327407410048,1.9999991111115067
259,259,0.0013333327407410048,-1.9999991111115067
51,260,-0.0011249997187500705,2.249999437500141
260,260,3.591032095428303,-4.840567002519251
261,260,-3.589907095709553,2.5905675650191093
260,261,-3.589907095709553,2.5905675650191093
261,261,3.589907095709553,-2.5905675650191093
51,262,-1.5552000000000002e6,0.0
262,262,1.5564027319831764e6,-1437.5617524189754
263,262,-1202.7319831762618,1437.5617524189754
262,263,-1202.7319831762618,1437.5617524189754
263,263,1202.7333165090026,-1439.561751530087
264,263,-0.0013333327407410048,1.9999991111115067
263,264,-0.0013333327407410048,1.9999991111115067
264,264,23.82263038790688,-24.625784917129998
265,264,-23.821297055166138,22.62578580601849
264,265,-23.821297055166138,22.62578580601849
265,265,23.821297055166138,-22.62578580601849
48,266,-0.0013333327407410048,1.9999991111115067
266,266,1.135680811558176,-3.0774174828266734
267,266,-1.134347478817435,1.0774183717151664
266,267,-1.134347478817435,1.0774183717151664
267,267,1.134347478817435,-1.0774183717151664
45,268,-0.0013333327407410048,1.9999991111115067
268,268,0.0013333327407410048,-1.9999991111115067
40,269,-1.5552000000000002e6,0.0
269,269,1.5561968694472467e6,-692.8399038653113
270,269,-996.8694472465312,692.8399038653113
269,270,-996.8694472465312,692.8399038653113
270,270,2158.869333458195,-1492.6619360931334
271,270,-1161.9998862116636,799.8220322278221
270,271,-1161.9998862116636,799.8220322278221
271,271,1162.0012195444044,-801.8220313389336
272,271,-0.0013333327407410048,1.9999991111115067
271,272,-0.0013333327407410048,1.9999991111115067
272,272,47.64393197990458,-47.251570489444504
273,272,-47.64259864716384,45.251571378333
272,273,-47.64259864716384,45.251571378333
273,273,47.64259864716384,-45.251571378333
37,274,-0.0013333327407410048,1.9999991111115067
274,274,0.0013333327407410048,-1.9999991111115067
34,275,-1.5552000000000002e6,0.0
275,275,1.5563787858394403e6,-1119.6266263637585
276,275,-1178.7858394400614,1119.6266263637585
275,276,-1178.7858394400614,1119.6266263637585
276,276,2513.5200000511813,-2387.3750632192205
277,276,-1334.73416061112,1267.748436855462
276,277,-1334.73416061112,1267.748436855462
277,277,1334.7354939438608,-1269.7484359665734
278,277,-0.0013333327407410048,1.9999991111115067
277,278,-0.0013333327407410048,1.9999991111115067
278,278,19.058372791606274,-20.100627662444705
279,278,-19.057039458865532,18.100628551333198
278,279,-19.057039458865532,18.100628551333198
279,279,19.057039458865532,-18.100628551333198
35,280,-0.0013333327407410048,1.9999991111115067
280,280,1.2777796828989556,-5.598140368303715
281,280,-1.2764463501582146,3.598141257192209
280,281,-1.2764463501582146,3.598141257192209
281,281,2.2571545034149088,-5.5589259153068316
282,281,-0.3109493970549604,1.4774699051749
283,281,-0.669758756201734,0.4833147529397228
281,282,-0.3109493970549604,1.4774699051749
282,282,0.3109493970549604,-1.4774699051749
281,283,-0.669758756201734,0.4833147529397228
283,283,0.669758756201734,-0.4833147529397228
33,284,-0.0013333327407410048,1.9999991111115067
284,284,2.5808482141488907,-4.450056765613601
285,284,-1.3420449045164022,1.2746921580855488
286,284,-1.2374699768917474,1.1753654964165452
284,285,-1.3420449045164022,1.2746921580855488
285,285,1.3420449045164022,-1.2746921580855488
284,286,-1.2374699768917474,1.1753654964165452
286,286,1.2374699768917474,-1.1753654964165452
287,287,2514.169202977742,-1921.87009337885
288,287,-1213.9592757708738,835.5863312315163
328,287,-1300.209927206868,1086.2837621473336
287,288,-1213.9592757708738,835.5863312315163
288,288,2399.016092594229,-1653.2777489257749
289,288,-1185.0554834906147,815.691418583147
296,288,-0.0013333327407410048,1.9999991111115067
288,289,-1185.0554834906147,815.691418583147
289,289,2303.53481622333,-1585.5574765717352
290,289,-1118.4793327327152,769.8660579885881
289,290,-1118.4793327327152,769.8660579885881
290,290,2267.071570577465,-1560.4592790768688
291,290,-1148.59223784475,790.5932210882809
290,291,-1148.59223784475,790.5932210882809
291,291,2207.57932238187,-1521.508955954545
292,291,-1058.9857512043793,728.9157357551526
294,291,-0.0013333327407410048,1.9999991111115067
291,292,-1058.9857512043793,728.9157357551526
292,292,1868.2919350516286,-1285.973289909497
293,292,-809.3061838472491,557.0575541543443
292,293,-809.3061838472491,557.0575541543443
293,293,809.3061838472495,-557.0575541543443
291,294,-0.0013333327407410048,1.9999991111115067
294,294,13.613503078549961,-14.929019571693502
295,294,-13.61216974580922,12.929020460581995
294,295,-13.61216974580922,12.929020460581995
295,295,13.61216974580922,-12.929020460581995
288,296,-0.0013333327407410048,1.9999991111115067
296,296,0.0013333327407410048,-1.9999991111115067
297,297,0.0013333327407410048,-1.9999991111115067
388,297,-0.0013333327407410048,1.9999991111115067
298,298,1.5563125272055059e6,-1329.744642694956
299,298,-1112.5272055056507,1329.744642694956
379,298,-1.5552000000000002e6,0.0
298,299,-1112.5272055056507,1329.744642694956
299,299,2472.8224786129967,-2955.633288784858
300,299,-1360.2952731073458,1625.888646089902
299,300,-1360.2952731073458,1625.888646089902
300,300,1360.2966064400866,-1627.8886452010136
301,300,-0.0013333327407410048,1.9999991111115067
300,301,-0.0013333327407410048,1.9999991111115067
301,301,0.0013333327407410048,-1.9999991111115067
302,302,1.5567893244063403e6,-1899.6351728393597
303,302,-1589.3244063400593,1899.6351728393597
371,302,-1.5552000000000002e6,0.0
302,303,-1589.3244063400593,1899.6351728393597
303,303,1589.325531339778,-1901.8851722768597
304,303,-0.0011249997187500705,2.249999437500141
303,304,-0.0011249997187500705,2.249999437500141
304,304,0.7765362972930466,-4.435786017270019
305,304,-0.7754112975742966,2.1857865797698786
304,305,-0.7754112975742966,2.1857865797698786
305,305,0.7754112975742966,-2.1857865797698786
306,306,0.0013333327407410048,-1.9999991111115067
367,306,-0.0013333327407410048,1.9999991111115067
307,307,1.556371081141514e6,-1399.7311799868971
308,307,-1171.0811415137282,1399.7311799868971
362,307,-1.5552000000000002e6,0.0
307,308,-1171.0811415137282,1399.7311799868971
308,308,3319.528387361828,-2880.5386430041463
309,308,-2148.4459125153594,1478.8074639061372
314,308,-0.0013333327407410048,1.9999991111115067
308,309,-2148.4459125153594,1478.8074639061372
309,309,3178.2182636865145,-2187.615179364596
310,309,-1029.772351171155,708.8077154584587
309,310,-1029.772351171155,708.8077154584587
310,310,1891.4950595252667,-1428.7494463830844
311,310,-861.7227083541119,719.9417309246256
310,311,-861.7227083541119,719.9417309246256
311,311,861.7240416868526,-721.9417300357371
312,311,-0.0013333327407410048,1.9999991111115067
311,312,-0.0013333327407410048,1.9999991111115067
312,312,23.82263038790688,-24.625784917129998
313,312,-23.821297055166138,22.62578580601849
312,313,-23.821297055166138,22.62578580601849
313,313,23.821297055166138,-22.62578580601849
308,314,-0.0013333327407410048,1.9999991111115067
314,314,31.763062739628925,-32.16771351913617
315,314,-31.761729406888183,30.16771440802466
314,315,-31.761729406888183,30.16771440802466
315,315,31.761729406888183,-30.16771440802466
316,316,0.0013333327407410048,-1.9999991111115067
359,316,-0.0013333327407410048,1.9999991111115067
78,317,-0.0013333327407410048,1.9999991111115067
317,317,0.0013333327407410048,-1.9999991111115067
318,318,0.0013333327407423212,-1.9999991111115065
351,318,-0.0013333327407410048,1.9999991111115067
319,319,1.5552000000000002e6,2.2737367544323206e-13
353,319,-1.5552000000000002e6,0.0
320,320,1.5562704729125143e6,-1279.4793812872426
321,320,-1070.4729125140282,1279.4793812872426
343,320,-1.5552000000000002e6,0.0
320,321,-1070.4729125140282,1279.4793812872426
321,321,2928.5616871009465,-2833.8519425893555
322,321,-973.0047799627555,812.9143385605873
324,321,-885.0826612914223,739.4582236304138
326,321,-0.0013333327407410048,1.9999991111115067
321,322,-973.0047799627555,812.9143385605873
322,322,1756.597962759428,-1467.581352548047
323,322,-783.5931827966724,654.6670139874597
322,323,-783.5931827966724,654.6670139874597
323,323,783.5931827966724,-654.6670139874597
321,324,-885.0826612914223,739.4582236304138
324,324,885.083994624163,-741.4582227415253
325,324,-0.0013333327407410048,1.9999991111115067
324,325,-0.0013333327407410048,1.9999991111115067
325,325,0.0013333327407387685,-1.999999111111503
321,326,-0.0013333327407410048,1.9999991111115067
326,326,31.7630657641833,-32.167713363333505
327,326,-31.761732431442557,30.167714252221998
326,327,-31.761732431442557,30.167714252221998
327,327,31.761732431442557,-30.167714252221998
287,328,-1300.209927206868,1086.2837621473336
328,328,1.556500209927207e6,-1086.2837621473336
391,328,-1.5552000000000002e6,0.0
329,329,1.0150056443825248,-2.9627985021398686
330,329,-1.0136723116417838,0.9627993910283618
394,329,-0.0013333327407410048,1.9999991111115067
329,330,-1.0136723116417838,0.9627993910283618
330,330,1.0136723116417838,-0.9627993910283618
331,331,11.9119829945317,-13.312891955694756
332,331,-11.91064966179096,11.31289284458325
393,331,-0.0013333327407410048,1.9999991111115067
331,332,-11.91064966179096,11.31289284458325
332,332,11.91064966179096,-11.31289284458325
333,333,2630.014363935069,-6387.699697194029
334,333,-968.6467897309886,1766.3087333888234
335,333,-442.7532691467558,1264.7101531556455
336,333,-1588.3778506202839,3857.8042974092973
337,333,585.0071113608299,-1066.7491812760454
338,333,267.397583696159,-763.8124043251836
389,333,-1041.6365133147854,2529.8953997847316
390,333,383.6396783701588,-699.5595521127779
391,333,175.3556854505968,-500.89774883046175
333,334,-968.6467897309893,1766.3087333888247
334,334,2963.6714176209825,-6672.360372583084
335,334,-968.646789730989,1766.3087333888245
336,334,585.0071113608308,-1066.749181276047
337,334,-1789.8875765918838,4029.723020717741
338,334,585.0071113608302,-1066.7491812760468
389,334,383.63967837015855,-699.5595521127777
390,334,-1173.783841029099,2642.6373518653436
391,334,383.6396783701588,-699.5595521127777
333,335,-442.7532691467558,1264.7101531556464
334,335,-968.6467897309888,1766.3087333888227
335,335,2630.014363935068,-6387.69969719403
336,335,267.39758369615896,-763.812404325185
337,335,585.0071113608303,-1066.749181276045
338,335,-1588.3778506202832,3857.8042974092978
389,335,175.35568545059687,-500.8977488304614
390,335,383.63967837015844,-699.5595521127777
391,335,-1041.6365133147851,2529.8953997847316
333,336,-1588.3778506202839,3857.8042974092973
334,336,585.0071113608299,-1066.7491812760454
335,336,267.397583696159,-763.8124043251836
336,336,2851.0811059695025,-6924.619943910933
337,336,-1050.0667214714185,1914.7764081177947
338,336,-479.9690441164871,1371.015790497362
339,336,-1262.7032553492186,3066.8156465016355
340,336,465.05961011058855,-848.0272268417494
341,336,212.5714604203281,-607.2033861721785
333,337,585.0071113608308,-1066.749181276047
334,337,-1789.8875765918838,4029.723020717741
335,337,585.0071113608302,-1066.7491812760468
336,337,-1050.066721471418,1914.7764081177957
337,337,3212.78381553723,-7233.207868122853
338,337,-1050.066721471419,1914.776408117797
339,337,465.05961011058724,-848.0272268417488
340,337,-1422.8962389453463,3203.4848474051123
341,337,465.05961011058866,-848.0272268417502
333,338,267.39758369615896,-763.812404325185
334,338,585.0071113608303,-1066.749181276045
335,338,-1588.3778506202832,3857.8042974092978
336,338,-479.96904411648717,1371.015790497363
337,338,-1050.0667214714183,1914.7764081177943
338,338,2851.0811059695016,-6924.619943910933
339,338,212.5714604203282,-607.2033861721779
340,338,465.059610110588,-848.0272268417494
341,338,-1262.7032553492186,3066.8156465016355
336,339,-1262.7032553492186,3066.8156465016355
337,339,465.05961011058855,-848.0272268417494
338,339,212.5714604203281,-607.2033861721785
339,339,2135.915954322061,-5187.648357266449
340,339,-786.6679972019898,1434.4739160507202
341,339,-359.5736146413511,1027.110205465377
342,339,-873.2126989728426,2120.8327107648133
343,339,321.60838709140126,-586.4466892089706
344,339,147.00215422102303,-419.9068192931984
336,340,465.05961011058724,-848.0272268417488
337,340,-1422.8962389453463,3203.4848474051123
338,340,465.05961011058866,-848.0272268417502
339,340,-786.6679972019883,1434.4739160507188
340,340,2406.8891604050614,-5418.830090137999
341,340,-786.6679972019894,1434.4739160507197
342,340,321.60838709140114,-586.44668920897
343,340,-983.9929214597153,2215.345242732886
344,340,321.6083870914007,-586.4466892089696
336,341,212.5714604203282,-607.2033861721779
337,341,465.059610110588,-848.0272268417494
338,341,-1262.7032553492186,3066.8156465016355
339,341,-359.57361464135124,1027.1102054653775
340,341,-786.6679972019887,1434.473916050718
341,341,2135.9159543220608,-5187.648357266448
342,341,147.002154221023,-419.9068192931995
343,341,321.6083870914007,-586.4466892089686
344,341,-873.2126989728422,2120.832710764813
339,342,-873.2126989728426,2120.8327107648133
340,342,321.60838709140126,-586.4466892089706
341,342,147.00215422102303,-419.9068192931984
342,342,2239.094041335033,-5438.244188303552
343,342,-824.668977016473,1503.7679696058817
344,342,-376.9432670492381,1076.7260463588248
345,342,-1365.8813423621905,3317.411477538738
346,342,503.0605899250718,-917.3212803969111
347,342,229.94111282821507,-656.8192270656264
320,343,-1.5552000000000002e6,0.0
339,343,321.60838709140114,-586.44668920897
340,343,-983.9929214597153,2215.345242732886
341,343,321.6083870914007,-586.4466892089696
342,343,-824.6689770164727,1503.7679696058813
343,343,1.557723156946467e6,-5680.59344342791
344,343,-824.6689770164726,1503.7679696058813
345,343,503.06058992507155,-917.3212803969111
346,343,-1539.1640250070277,3465.2482006950236
347,343,503.0605899250719,-917.3212803969116
339,344,147.002154221023,-419.9068192931995
340,344,321.6083870914007,-586.4466892089686
341,344,-873.2126989728422,2120.832710764813
342,344,-376.9432670492381,1076.7260463588268
343,344,-824.6689770164724,1503.76796960588
344,344,2239.0940413350327,-5438.244188303551
345,344,229.94111282821513,-656.8192270656273
346,344,503.0605899250716,-917.3212803969113
347,344,-1365.8813423621903,3317.411477538738
342,345,-1365.8813423621905,3317.411477538738
343,345,503.0605899250718,-917.3212803969111
344,345,229.94111282821507,-656.8192270656264
345,345,2758.8635050093444,-6700.644611377845
346,345,-1016.1025407613555,1852.8433798493165
347,345,-464.4445493236557,1326.6705816523936
348,345,-1392.9821626471537,3383.233133839107
349,345,513.0419508362837,-935.5220994524054
350,345,234.5034364954406,-669.8513545867673
342,346,503.06058992507155,-917.3212803969111
343,346,-1539.1640250070277,3465.2482006950236
344,346,503.0605899250719,-917.3212803969116
345,346,-1016.1025407613549,1852.843379849316
346,346,3108.8670187641947,-6999.251326007012
347,346,-1016.1025407613555,1852.8433798493174
348,346,513.0419508362834,-935.5220994524051
349,346,-1569.7029937571672,3534.003125311988
350,346,513.0419508362836,-935.522099452406
342,347,229.94111282821513,-656.8192270656273
343,347,503.0605899250716,-917.3212803969113
344,347,-1365.8813423621903,3317.411477538738
345,347,-464.4445493236561,1326.6705816523954
346,347,-1016.1025407613547,1852.843379849317
347,347,2758.8635050093435,-6700.644611377844
348,347,234.50343649544095,-669.8513545867681
349,347,513.041950836283,-935.5220994524058
350,347,-1392.982162647153,3383.233133839106
345,348,-1392.9821626471537,3383.233133839107
346,348,513.0419508362837,-935.5220994524054
347,348,234.5034364954406,-669.8513545867673
348,348,2476.4127335949397,-6014.636682380635
349,348,-912.0745792645042,1663.1503990264985
350,348,-416.8949982141173,1190.8468525986991
351,348,-1083.430570947786,2631.4035485415284
352,348,399.0326284282205,-727.628299574093
353,348,182.3915617186767,-520.9954980119318
345,349,513.0419508362834,-935.5220994524051
346,349,-1569.7029937571672,3534.003125311988
347,349,513.0419508362836,-935.522099452406
348,349,-912.0745792645035,1663.1503990264973
349,349,2790.583100012742,-6282.672222776867
350,349,-912.0745792645038,1663.1503990264991
351,349,399.03262842822016,-727.6282995740921
352,349,-1220.8801062555747,2748.669097464879
353,349,399.03262842822016,-727.6282995740933
345,350,234.50343649544095,-669.8513545867681
346,350,513.041950836283,-935.5220994524058
347,350,-1392.982162647153,3383.233133839106
348,350,-416.8949982141182,1190.8468525987007
349,350,-912.074579264503,1663.1503990264987
350,350,2476.4127335949397,-6014.636682380635
351,350,182.39156171867722,-520.9954980119326
352,350,399.03262842821994,-727.628299574093
353,350,-1083.4305709477865,2631.403548541529
318,351,-0.0013333327407410048,1.9999991111115067
348,351,-1083.430570947786,2631.4035485415284
349,351,399.0326284282205,-727.628299574093
350,351,182.3915617186767,-520.9954980119318
351,351,3136.247722918436,-7619.220797520797
352,351,-1155.09445071327,2106.292446135534
353,351,-527.9755733961687,1508.1448626661163
354,351,-2052.815818637909,4985.817249868157
355,351,756.0618222850494,-1378.6641465614412
356,351,345.58401167749196,-987.1493646541846
348,352,399.03262842822016,-727.6282995740921
349,352,-1220.8801062555747,2748.669097464879
350,352,399.03262842822016,-727.6282995740933
351,352,-1155.0944507132688,2106.2924461355324
352,352,3534.1266233713986,-7956.673703187809
353,352,-1155.0944507132695,2106.2924461355333
354,352,756.0618222850486,-1378.6641465614402
355,352,-2313.2465171158237,5208.00460572293
356,352,756.0618222850494,-1378.66414656144
319,353,-1.5552000000000002e6,0.0
348,353,182.39156171867722,-520.9954980119326
349,353,399.03262842821994,-727.628299574093
350,353,-1083.4305709477865,2631.403548541529
351,353,-527.9755733961704,1508.1448626661204
352,353,-1155.0944507132676,2106.292446135531
353,353,1.5583362463895858e6,-7617.220798409687
354,353,345.5840116774932,-987.1493646541878
355,353,756.0618222850477,-1378.664146561438
356,353,-2052.81581863791,4985.817249868158
351,354,-2052.815818637909,4985.817249868157
352,354,756.0618222850494,-1378.6641465614412
353,354,345.58401167749196,-987.1493646541846
354,354,2052.8158186377314,-4985.8172498681415
355,354,-756.0618222850499,1378.664146561443
356,354,-345.5840116774971,987.1493646541821
351,355,756.0618222850486,-1378.6641465614402
352,355,-2313.2465171158237,5208.00460572293
353,355,756.0618222850494,-1378.66414656144
354,355,-756.0618222850444,1378.6641465614357
355,355,2313.2465171165077,-5208.004605722934
356,355,-756.061822285048,1378.6641465614393
351,356,345.5840116774932,-987.1493646541878
352,356,756.0618222850477,-1378.664146561438
353,356,-2052.81581863791,4985.817249868158
354,356,-345.58401167748934,987.1493646541912
355,356,-756.0618222850435,1378.6641465614357
356,356,2052.815818639132,-4985.8172498681415
76,357,-1073.4908409390916,2607.2622315824324
77,357,395.3717786261267,-720.9528105871747
78,357,180.7182446386892,-516.2157228008132
357,357,1971.2696260722955,-4787.760312726819
358,357,-726.0279720039871,1323.898000004071
359,357,-331.856009336518,947.9357774193944
360,357,-897.7787851332039,2180.4980811443866
361,357,330.6561933778604,-602.9451894168963
362,357,151.13776469782883,-431.72005461858123
76,358,395.37177862612714,-720.9528105871751
77,358,-1209.6793713357997,2723.4519497817164
78,358,395.37177862612685,-720.9528105871755
357,358,-726.0279720039882,1323.8980000040715
358,358,2221.354958105125,-5001.121483230876
359,358,-726.0279720039869,1323.8980000040706
360,358,330.6561933778611,-602.9451894168965
361,358,-1011.6755867693256,2277.669533449159
362,358,330.65619337785995,-602.9451894168952
76,359,180.71824463868955,-516.2157228008143
77,359,395.37177862612657,-720.9528105871752
78,359,-1073.4908409390919,2607.2622315824337
316,359,-0.0013333327407410048,1.9999991111115067
357,359,-331.8560093365184,947.9357774193963
358,359,-726.0279720039867,1323.89800000407
359,359,1971.2709594050361,-4789.76031183793
360,359,151.13776469782886,-431.720054618582
361,359,330.6561933778602,-602.9451894168947
362,359,-897.7787851332034,2180.498081144385
357,360,-897.7787851332039,2180.4980811443866
358,360,330.6561933778604,-602.9451894168963
359,360,151.13776469782883,-431.72005461858123
360,360,1897.86854293116,-4609.485972105796
361,360,-698.9940042346791,1274.602081331443
362,360,-319.49920628429913,912.6389758603628
363,360,-1000.0897577979559,2428.987890961409
364,360,368.33781085681863,-671.6568919145468
365,360,168.36144158647028,-480.9189212417816
357,361,330.6561933778611,-602.9451894168965
358,361,-1011.6755867693256,2277.669533449159
359,361,330.65619337785995,-602.9451894168952
360,361,-698.9940042346798,1274.6020813314435
361,361,2138.6418386975483,-4814.902546493662
362,361,-698.9940042346786,1274.6020813314412
363,361,368.3378108568187,-671.656891914547
364,361,-1126.9662519282226,2537.2330130445025
365,361,368.3378108568187,-671.6568919145461
307,362,-1.5552000000000002e6,0.0
357,362,151.13776469782886,-431.720054618582
358,362,330.6561933778602,-602.9451894168947
359,362,-897.7787851332034,2180.498081144385
360,362,-319.49920628429925,912.6389758603642
361,362,-698.9940042346788,1274.6020813314412
362,362,1.5570978685429315e6,-4609.485972105794
363,362,168.3614415864704,-480.9189212417822
364,362,368.3378108568186,-671.6568919145465
365,362,-1000.0897577979563,2428.9878909614085
360,363,-1000.0897577979559,2428.987890961409
361,363,368.33781085681863,-671.6568919145468
362,363,168.36144158647028,-480.9189212417816
363,363,1994.5132846735441,-4844.213810869215
364,363,-734.5887219354117,1339.5083623451599
365,363,-335.76899398548244,959.1130893887106
366,363,-994.4235268755883,2415.225919907806
367,363,366.25091107859316,-667.8514704306131
368,363,167.40755239901216,-478.194168146929
360,364,368.3378108568187,-671.656891914547
361,364,-1126.9662519282226,2537.2330130445025
362,364,368.3378108568187,-671.6568919145461
363,364,-734.5887219354115,1339.5083623451594
364,364,2247.547425941837,-5060.090768224732
365,364,-734.5887219354115,1339.5083623451587
366,364,366.2509110785928,-667.8514704306124
367,364,-1120.5811740136146,2522.857755180229
368,364,366.2509110785928,-667.8514704306125
360,365,168.3614415864704,-480.9189212417822
361,365,368.3378108568186,-671.6568919145465
362,365,-1000.0897577979563,2428.9878909614085
363,365,-335.76899398548255,959.1130893887115
364,365,-734.5887219354114,1339.508362345158
365,365,1994.5132846735444,-4844.2138108692125
366,365,167.40755239901216,-478.1941681469293
367,365,366.2509110785928,-667.8514704306116
368,365,-994.4235268755881,2415.2259199078044
363,366,-994.4235268755883,2415.225919907806
364,366,366.25091107859316,-667.8514704306131
365,366,167.40755239901216,-478.194168146929
366,366,1956.1536775251302,-4751.047152037821
367,366,-720.4606963135064,1313.7461801895336
368,366,-329.31129485613855,940.6668841903969
369,366,-961.7301506495419,2335.8212321300152
370,366,354.2097852349133,-645.8947097589205
371,366,161.90374245712638,-462.4727160434679
306,367,-0.0013333327407410048,1.9999991111115067
363,367,366.2509110785928,-667.8514704306124
364,367,-1120.5811740136146,2522.857755180229
365,367,366.2509110785928,-667.8514704306125
366,367,-720.4606963135062,1313.7461801895338
367,367,2204.322656460893,-4964.772240808112
368,367,-720.4606963135064,1313.7461801895342
369,367,354.2097852349134,-645.8947097589214
370,367,-1083.7401491145374,2439.9144865167705
371,367,354.2097852349136,-645.8947097589216
363,368,167.40755239901216,-478.1941681469293
364,368,366.2509110785928,-667.8514704306116
365,368,-994.4235268755881,2415.2259199078044
366,368,-329.31129485613883,940.6668841903979
367,368,-720.4606963135062,1313.7461801895324
368,368,1956.1536775251298,-4751.047152037819
369,368,161.90374245712667,-462.4727160434686
370,368,354.2097852349134,-645.894709758921
371,368,-961.7301506495415,2335.8212321300143
366,369,-961.7301506495419,2335.8212321300152
367,369,354.2097852349133,-645.8947097589205
368,369,161.90374245712638,-462.4727160434679
369,369,1958.9787443628447,-4757.908589310284
370,369,-721.5011818563432,1315.6434855032558
371,369,-329.7868844936354,942.0253903499046
372,369,-997.2485937133029,2422.087357180269
373,369,367.29139662142995,-669.7487757443354
374,369,167.883142036509,-479.55267430643664
366,370,354.2097852349134,-645.8947097589214
367,370,-1083.7401491145374,2439.9144865167705
368,370,354.2097852349136,-645.8947097589216
369,370,-721.5011818563434,1315.643485503257
370,370,2207.50479237251,-4969.939451228762
371,370,-721.5011818563439,1315.6434855032574
372,370,367.29139662142995,-669.7487757443355
373,370,-1123.7646432579727,2530.024964711991
374,370,367.2913966214303,-669.7487757443357
302,371,-1.5552000000000002e6,0.0
366,371,161.90374245712667,-462.4727160434686
367,371,354.2097852349134,-645.894709758921
368,371,-961.7301506495415,2335.8212321300143
369,371,-329.7868844936358,942.0253903499054
370,371,-721.501181856344,1315.643485503257
371,371,1.5571589787443632e6,-4757.908589310284
372,371,167.88314203650913,-479.55267430643676
373,371,367.29139662143064,-669.748775744336
374,371,-997.2485937133032,2422.08735718027
369,372,-997.2485937133029,2422.087357180269
370,372,367.29139662142995,-669.7487757443354
371,372,167.883142036509,-479.55267430643664
372,372,2216.1079860295627,-5382.4163492894895
373,372,-816.2031036031784,1488.3306127651904
374,372,-373.07364897001963,1065.672609569859
375,372,-1218.8593923162598,2960.32899210922
376,372,448.91170698174847,-818.581837020855
377,372,205.19050693351062,-586.1199352634226
369,373,367.29139662142995,-669.7487757443355
370,373,-1123.7646432579727,2530.024964711991
371,373,367.2913966214303,-669.7487757443357
372,373,-816.2031036031782,1488.3306127651908
373,373,2497.2547627954946,-5622.277699359981
374,373,-816.2031036031783,1488.3306127651904
375,373,448.91170698174824,-818.5818370208553
376,373,-1373.4901195375219,3092.25273464799
377,373,448.91170698174807,-818.5818370208546
369,374,167.88314203650913,-479.55267430643676
370,374,367.29139662143064,-669.748775744336
371,374,-997.2485937133032,2422.08735718027
372,374,-373.0736489700203,1065.6726095698596
373,374,-816.2031036031782,1488.33061276519
374,374,2216.107986029562,-5382.416349289488
375,374,205.1905069335112,-586.1199352634228
376,374,448.91170698174756,-818.5818370208539
377,374,-1218.8593923162591,2960.3289921092182
372,375,-1218.8593923162598,2960.32899210922
373,375,448.91170698174847,-818.581837020855
374,375,205.19050693351062,-586.1199352634226
375,375,2269.8519222177047,-5512.9480032692645
376,375,-835.997250726489,1524.4248581645859
377,375,-382.12124345102916,1091.516765670206
378,375,-1050.9925299014449,2552.619011160045
379,375,387.08554374474056,-705.8430211437309
380,375,176.93073651751854,-505.39683040678347
372,376,448.91170698174824,-818.5818370208553
373,376,-1373.4901195375219,3092.25273464799
374,376,448.91170698174807,-818.5818370208546
375,376,-835.9972507264896,1524.4248581645863
376,376,2557.8169291986187,-5758.626350152843
377,376,-835.9972507264888,1524.4248581645852
378,376,387.08554374474136,-705.843021143731
379,376,-1184.326809661097,2666.3736155048528
380,376,387.0855437447407,-705.8430211437305
372,377,205.1905069335112,-586.1199352634228
373,377,448.91170698174756,-818.5818370208539
374,377,-1218.8593923162591,2960.3289921092182
375,377,-382.1212434510295,1091.5167656702072
376,377,-835.9972507264888,1524.4248581645838
377,377,2269.8519222177047,-5512.948003269263
378,377,176.9307365175183,-505.3968304067844
379,377,387.08554374474124,-705.8430211437301
380,377,-1050.9925299014453,2552.619011160045
375,378,-1050.9925299014449,2552.619011160045
376,378,387.08554374474056,-705.8430211437309
377,378,176.93073651751854,-505.39683040678347
378,378,1997.1704265416856,-4852.664157784513
379,378,-735.5668688410838,1341.2919943566858
380,378,-336.21608960876154,960.3902033336453
381,378,-0.0013333327407410048,1.9999991111115067
383,378,-946.1765633074999,2298.045147513356
384,378,348.4813250963432,-635.4489732129548
385,378,159.285353091243,-454.99337292686187
298,379,-1.5552000000000002e6,0.0
375,379,387.08554374474136,-705.843021143731
376,379,-1184.326809661097,2666.3736155048528
377,379,387.0855437447407,-705.8430211437305
378,379,-735.5668688410847,1341.2919943566853
379,379,1.5574505401639114e6,-5066.828568546958
380,379,-735.5668688410839,1341.2919943566847
383,379,348.48132509634326,-635.4489732129543
384,379,-1066.2133542501513,2400.454953042105
385,379,348.4813250963432,-635.4489732129541
375,380,176.9307365175183,-505.3968304067844
376,380,387.08554374474124,-705.8430211437301
377,380,-1050.9925299014453,2552.619011160045
378,380,-336.21608960876154,960.390203333646
379,380,-735.5668688410844,1341.2919943566844
380,380,1997.169093208946,-4850.6641586734
383,380,159.28535309124322,-454.99337292686164
384,380,348.48132509634314,-635.4489732129543
385,380,-946.1765633075006,2298.045147513355
378,381,-0.0013333327407410048,1.9999991111115067
381,381,1.1223356538504785,-3.0647419670722833
382,381,-1.1210023211097375,1.0647428559607768
381,382,-1.1210023211097375,1.0647428559607768
382,382,1.1210023211097375,-1.0647428559607768
378,383,-946.1765633074999,2298.045147513356
379,383,348.4813250963432,-635.4489732129548
380,383,159.285353091243,-454.99337292686187
383,383,2050.049220499584,-4979.097819612272
384,383,-755.0428710420773,1376.8061086280686
385,383,-345.1182650310267,985.8189746748676
386,383,-1103.872657192084,2681.052672098916
387,383,406.5615459457341,-741.3571354151137
388,383,185.83291193978368,-530.8256017480057
378,384,348.48132509634326,-635.4489732129543
379,384,-1066.2133542501513,2400.454953042105
380,384,348.4813250963432,-635.4489732129541
383,384,-755.0428710420772,1376.8061086280684
384,384,2310.128934208661,-5200.985731591227
385,384,-755.0428710420767,1376.8061086280668
386,384,406.561545945734,-741.357135415114
387,384,-1243.9155799585099,2800.5307785491214
388,384,406.5615459457336,-741.3571354151127
378,385,159.28535309124322,-454.99337292686164
379,385,348.48132509634314,-635.4489732129543
380,385,-946.1765633075006,2298.045147513355
383,385,-345.11826503102697,985.8189746748678
384,385,-755.0428710420772,1376.8061086280672
385,385,2050.0492204995844,-4979.09781961227
386,385,185.83291193978374,-530.8256017480062
387,385,406.56154594573405,-741.3571354151129
388,385,-1103.8726571920838,2681.0526720989146
383,386,-1103.872657192084,2681.052672098916
384,386,406.5615459457341,-741.3571354151137
385,386,185.83291193978368,-530.8256017480057
386,386,2190.6575023533296,-5320.6029808526455
387,386,-806.8295695084074,1471.238154182935
388,386,-368.78915341610224,1053.434088917868
389,386,-1086.7848451612454,2639.550308753729
390,386,400.2680235626733,-729.8810187678212
391,386,182.95624147631855,-522.6084871698623
383,387,406.561545945734,-741.357135415114
384,387,-1243.9155799585099,2800.5307785491214
385,387,406.5615459457336,-741.3571354151127
386,387,-806.8295695084065,1471.2381541829345
387,387,2468.5755007845355,-5557.70968746126
388,387,-806.8295695084068,1471.238154182934
389,387,400.2680235626725,-729.8810187678206
390,387,-1224.6599208260254,2757.1789089121385
391,387,400.2680235626733,-729.8810187678214
297,388,-0.0013333327407410048,1.9999991111115067
383,388,185.83291193978374,-530.8256017480062
384,388,406.56154594573405,-741.3571354151129
385,388,-1103.8726571920838,2681.0526720989146
386,388,-368.7891534161026,1053.4340889178677
387,388,-806.8295695084073,1471.238154182934
388,388,2190.6588356860707,-5322.602979963756
389,388,182.95624147631884,-522.6084871698615
390,388,400.2680235626732,-729.8810187678212
391,388,-1086.784845161246,2639.5503087537295
333,389,-1041.6365133147854,2529.8953997847316
334,389,383.6396783701588,-699.5595521127779
335,389,175.3556854505968,-500.89774883046175
386,389,-1086.7848451612454,2639.550308753729
387,389,400.2680235626733,-729.8810187678212
388,389,182.95624147631855,-522.6084871698623
389,389,1.5573284213584762e6,-5169.44570853846
390,389,-783.9077019328321,1429.440570880599
391,389,-358.31192692691536,1023.5062360003241
392,389,-1.5552000000000002e6,0.0
333,390,383.63967837015855,-699.5595521127777
334,390,-1173.783841029099,2642.6373518653436
335,390,383.6396783701588,-699.5595521127777
386,390,400.2680235626725,-729.8810187678206
387,390,-1224.6599208260254,2757.1789089121385
388,390,400.2680235626733,-729.8810187678214
389,390,-783.9077019328311,1429.4405708805984
390,390,2398.4437618551246,-5399.816260777482
391,390,-783.9077019328321,1429.4405708805991
328,391,-1.5552000000000002e6,0.0
333,391,175.35568545059687,-500.8977488304614
334,391,383.63967837015844,-699.5595521127777
335,391,-1041.6365133147851,2529.8953997847316
386,391,182.95624147631884,-522.6084871698615
387,391,400.2680235626732,-729.8810187678212
388,391,-1086.784845161246,2639.5503087537295
389,391,-358.3119269269157,1023.5062360003229
390,391,-783.9077019328316,1429.440570880599
391,391,1.5573284213584762e6,-5169.445708538461
389,392,-1.5552000000000002e6,0.0
392,392,1.5561411105246004e6,-1124.8594981163583
393,392,-941.1105246001565,1124.8594981163583
331,393,-0.0013333327407410048,1.9999991111115067
392,393,-941.1105246001565,1124.8594981163583
393,393,1914.1166378956527,-1939.773835788057
394,393,-973.0047799627555,812.9143385605873
329,394,-0.0013333327407410048,1.9999991111115067
393,394,-973.0047799627555,812.9143385605873
394,394,1.5561730061132957e6,-814.9143376716988
395,394,-1.5552000000000002e6,0.0
394,395,-1.5552000000000002e6,0.0
395,395,1.5589329246344552e6,-2569.428278531878
396,395,-3732.9246344549683,2569.428278531878
395,396,-3732.9246344549683,2569.428278531878
396,396,5521.152004253756,-3800.2921245351727
397,396,-1788.2273697987875,1230.8638460032948
396,397,-1788.2273697987875,1230.8638460032948
397,397,3103.7968562434116,-2138.3892296190334
398,397,-0.0013333327407410048,1.9999991111115067
400,397,-1315.5681531118835,905.5253845046269
397,398,-0.0013333327407410048,1.9999991111115067
398,398,0.8020492763905535,-2.7605297225120617
399,398,-0.8007159436498125,0.7605306114005548
398,399,-0.8007159436498125,0.7605306114005548
399,399,0.8007159436498125,-0.7605306114005548
397,400,-1315.5681531118835,905.5253845046269
400,400,2201.7223690062383,-1515.4786850463192
401,400,-886.1542158943546,609.9533005416922
400,401,-886.1542158943546,609.9533005416922
401,401,886.1542158943553,-609.9533005416926
131,402,-0.0014999985000015,1.4999985000015001
402,402,0.0014999984999999327,-1.4999985000014977
131,403,-1.5552000000000002e6,0.0
403,403,1.555200000000001e6,-5.5706550483591855e-12
204,404,-2579.696720096693,2719.9868798677608
205,404,793.6254025029637,-468.3956655847587
206,404,571.3356646497915,-468.4584809567401
404,404,1.5583438837855782e6,-3314.855805329036
405,404,-967.1935523716359,570.8351399584992
406,404,-696.2884118205604,570.9116932323471
407,404,-564.1870654811769,594.868925461275
408,404,173.56814986867215,-102.43947437374055
409,404,124.95274717076893,-102.45321227560704
498,404,-1.5552000000000002e6,0.0
204,405,793.6254025029632,-468.3956655847593
205,405,-2697.2194730552064,2692.7992921964224
206,405,793.6254025029635,-468.3956655847586
404,405,-967.1935523716353,570.8351399584997
405,405,3287.1091014006133,-3281.7222143208282
406,405,-967.1935523716357,570.8351399584993
407,405,173.56814986867212,-102.43947437374041
408,405,-589.8896283454071,588.9229221244058
409,405,173.56814986867224,-102.43947437374075
204,406,571.3356646497928,-468.4584809567407
205,406,793.6254025029627,-468.39566558475826
206,406,-2579.696720096692,2719.98687986776
404,406,-696.2884118205616,570.9116932323475
405,406,-967.1935523716351,570.835139958499
406,406,3143.883785577869,-3314.8558053290344
407,406,124.95274717076884,-102.45321227560679
408,406,173.56814986867232,-102.4394743737407
409,406,-564.1870654811768,594.8689254612747
404,407,-564.1870654811769,594.868925461275
405,407,173.56814986867215,-102.43947437374055
406,407,124.95274717076893,-102.45321227560704
407,407,2443.865580124495,-2576.7689133046183
408,407,-751.8379155115344,443.73279854353973
409,407,-541.2526033226267,443.7923064400657
410,407,-1879.678514643318,1981.8999878433433
411,407,578.2697656428622,-341.2933241697992
412,407,416.29985615185774,-341.3390941644587
404,408,173.56814986867212,-102.43947437374041
405,408,-589.8896283454071,588.9229221244058
406,408,173.56814986867224,-102.43947437374075
407,408,-751.8379155115343,443.7327985435387
408,408,2555.20029966704,-2551.0128586494375
409,408,-751.8379155115351,443.7327985435404
410,408,578.2697656428622,-341.2933241697983
411,408,-1965.3106713216325,1962.0899365250318
412,408,578.2697656428629,-341.29332416979963
404,409,124.95274717076884,-102.45321227560679
405,409,173.56814986867232,-102.4394743737407
406,409,-564.1870654811768,594.8689254612747
407,409,-541.2526033226258,443.79230644006503
408,409,-751.837915511535,443.7327985435387
409,409,2443.865580124494,-2576.7689133046174
410,409,416.29985615185694,-341.33909416445823
411,409,578.2697656428627,-341.293324169798
412,409,-1879.6785146433174,1981.8999878433428
407,410,-1879.678514643318,1981.8999878433433
408,410,578.2697656428622,-341.2933241697992
409,410,416.29985615185774,-341.3390941644587
410,410,2733.6877028031813,-2882.352265425136
411,410,-840.9996363344821,496.35581620128323
412,410,-605.440658376104,496.42238123917855
413,410,-854.0091881598635,900.4522775817928
414,410,262.7298706916199,-155.06249203148406
415,410,189.14080222424627,-155.0832870747199
407,411,578.2697656428622,-341.2933241697983
408,411,-1965.3106713216325,1962.0899365250318
409,411,578.2697656428629,-341.29332416979963
410,411,-840.9996363344823,496.3558162012822
411,411,2858.22579368009,-2853.5417570010154
412,411,-840.9996363344825,496.35581620128335
413,411,262.72987069162,-155.0624920314839
414,411,-892.9151223584578,891.4518204759836
415,411,262.72987069161957,-155.06249203148374
407,412,416.29985615185694,-341.33909416445823
408,412,578.2697656428627,-341.293324169798
409,412,-1879.6785146433174,1981.8999878433428
410,412,-605.4406583761029,496.422381239178
411,412,-840.9996363344826,496.3558162012822
412,412,2733.6877028031804,-2882.3522654251356
413,412,189.14080222424587,-155.08328707471975
414,412,262.7298706916199,-155.0624920314842
415,412,-854.0091881598631,900.4522775817925
410,413,-854.0091881598635,900.4522775817928
411,413,262.7298706916199,-155.06249203148406
412,413,189.14080222424627,-155.0832870747199
413,413,1713.9080948587612,-1807.114570871047
414,413,-527.271671525941,311.19438055973706
415,413,-379.5860237741767,311.2361140602999
416,413,-859.8989066988977,906.662293289254
417,413,264.541800834321,-156.131888528253
418,413,190.4452215499304,-156.15282698558002
410,414,262.72987069162,-155.0624920314839
411,414,-892.9151223584578,891.4518204759836
412,414,262.72987069161957,-155.06249203148374
413,414,-527.271671525941,311.19438055973694
414,414,1791.9882800435262,-1789.051584541458
415,414,-527.2716715259403,311.1943805597364
416,414,264.54180083432095,-156.13188852825303
417,414,-899.0731576850685,897.5997640654743
418,414,264.5418008343207,-156.1318885282526
410,415,189.14080222424587,-155.08328707471975
411,415,262.7298706916199,-155.0624920314842
412,415,-854.0091881598631,900.4522775817925
413,415,-379.5860237741765,311.2361140603
414,415,-527.2716715259407,311.19438055973706
415,415,1713.9080948587607,-1807.1145708710465
416,415,190.44522154993066,-156.15282698558028
417,415,264.54180083432084,-156.13188852825283
418,415,-859.8989066988976,906.6622932892539
413,416,-859.8989066988977,906.662293289254
414,416,264.541800834321,-156.131888528253
415,416,190.4452215499304,-156.15282698558002
416,416,1752.634048498469,-1847.9465357255915
417,416,-539.1854365453698,318.2258539454126
418,416,-388.1628143284981,318.2685304192969
419,416,-892.7351417995712,941.2842424363375
420,416,274.6436357110489,-162.0939654171596
421,416,197.71759277856768,-162.11570343371687
413,417,264.54180083432095,-156.13188852825303
414,417,-899.0731576850685,897.5997640654743
415,417,264.5418008343207,-156.1318885282526
416,417,-539.1854365453705,318.22585394541295
417,417,1832.4784645896145,-1829.4754141095816
418,417,-539.1854365453695,318.22585394541215
419,417,274.64363571104957,-162.0939654171599
420,417,-933.405306904546,931.8756500441073
421,417,274.6436357110488,-162.09396541715955
413,418,190.44522154993066,-156.15282698558028
414,418,264.54180083432084,-156.13188852825283
415,418,-859.8989066988976,906.6622932892539
416,418,-388.1628143284983,318.2685304192971
417,418,-539.1854365453694,318.2258539454123
418,418,1752.6340484984685,-1847.9465357255908
419,418,197.71759277856765,-162.11570343371685
420,418,274.6436357110486,-162.0939654171595
421,418,-892.7351417995708,941.284242436337
416,419,-892.7351417995712,941.2842424363375
417,419,274.6436357110489,-162.0939654171596
418,419,197.71759277856768,-162.11570343371687
419,419,1851.8531531175727,-1952.561415720505
420,419,-569.7094904877916,336.24107185251853
421,419,-410.13726296887467,336.2861643022485
422,419,-959.1180113180013,1011.2771732841676
423,419,295.06585477674275,-174.14710643535892
424,419,212.41967019030702,-174.17046086853162
416,420,274.64363571104957,-162.0939654171599
417,420,-933.405306904546,931.8756500441073
418,420,274.6436357110488,-162.09396541715955
419,420,-569.7094904877924,336.241071852519
420,420,1936.2176750917383,-1933.0446176555974
421,420,-569.7094904877915,336.24107185251876
422,420,295.0658547767429,-174.14710643535906
423,420,-1002.8123681871923,1001.1689676114901
424,420,295.0658547767427,-174.14710643535918
416,421,197.71759277856765,-162.11570343371685
417,421,274.6436357110486,-162.0939654171595
418,421,-892.7351417995708,941.284242436337
419,421,-410.13726296887495,336.2861643022483
420,421,-569.7094904877911,336.24107185251853
421,421,1851.853153117571,-1952.561415720504
422,421,212.4196701903073,-174.17046086853148
423,421,295.0658547767424,-174.147106435359
424,421,-959.1180113180003,1011.277173284167
419,422,-959.1180113180013,1011.2771732841676
420,422,295.06585477674275,-174.14710643535892
421,422,212.41967019030702,-174.17046086853162
422,422,2128.043087611814,-2243.7712282242464
423,422,-654.6773652858976,386.38889240345236
424,422,-471.3061432347432,386.44071005205427
425,422,-1168.9250762938127,1232.494054940079
426,422,359.6115105091549,-212.24178596809344
427,422,258.8864730444362,-212.27024918352265
419,423,295.0658547767429,-174.14710643535906
420,423,-1002.8123681871923,1001.1689676114901
421,423,295.0658547767427,-174.14710643535918
422,423,-654.6773652858976,386.3888924034528
423,423,2224.9899419153326,-2221.343646887994
424,423,-654.6773652858981,386.3888924034529
425,423,359.61151050915475,-212.24178596809378
426,423,-1222.17757372814,1220.1746792765039
427,423,359.61151050915544,-212.24178596809378
419,424,212.4196701903073,-174.17046086853148
420,424,295.0658547767424,-174.147106435359
421,424,-959.1180113180003,1011.277173284167
422,424,-471.3061432347438,386.44071005205365
423,424,-654.6773652858976,386.3888924034537
424,424,2128.043087611813,-2243.7712282242455
425,424,258.88647304443646,-212.27024918352217
426,424,359.6115105091552,-212.2417859680947
427,424,-1168.9250762938127,1232.4940549400785
422,425,-1168.9250762938127,1232.494054940079
423,425,359.6115105091549,-212.24178596809344
424,425,258.8864730444362,-212.27024918352265
425,425,1980.3264307710797,-2088.0213815796133
426,425,-609.2333833137745,359.5679714557075
427,425,-438.5907493442621,359.61619221763874
428,425,-811.4013544772671,855.5273266395345
429,425,249.62187280461956,-147.32618548761403
430,425,179.70427629982598,-147.34594303411606
422,426,359.61151050915475,-212.24178596809378
423,426,-1222.17757372814,1220.1746792765039
424,426,359.61151050915544,-212.24178596809378
425,426,-609.233383313774,359.5679714557074
426,426,2070.543785426632,-2067.1505954771133
427,426,-609.2333833137753,359.5679714557076
428,426,249.6218728046192,-147.32618548761357
429,426,-848.366211698492,846.9759162006094
430,426,249.62187280461993,-147.32618548761386
422,427,258.88647304443646,-212.27024918352217
423,427,359.6115105091552,-212.2417859680947
424,427,-1168.9250762938127,1232.4940549400785
425,427,-438.59074934426224,359.6161922176381
426,427,-609.2333833137748,359.5679714557085
427,427,1980.3264307710797,-2088.021381579613
428,427,179.70427629982578,-147.34594303411595
429,427,249.6218728046196,-147.32618548761383
430,427,-811.4013544772671,855.5273266395343
425,428,-811.4013544772671,855.5273266395345
426,428,249.62187280461956,-147.32618548761403
427,428,179.70427629982598,-147.34594303411606
428,428,1585.8444692060878,-1672.0865348814093
429,428,-487.87380523304535,287.94186149132014
430,428,-351.22326465224785,287.9804766546698
431,428,-774.4431147288207,816.5592082418748
432,428,238.25193242842576,-140.6156760037061
433,428,171.51898835242184,-140.63453362055375
425,429,249.6218728046192,-147.32618548761357
426,429,-848.366211698492,846.9759162006094
427,429,249.62187280461993,-147.32618548761386
428,429,-487.87380523304466,287.9418614913197
429,429,1658.0904841477768,-1655.3732192409432
430,429,-487.8738052330456,287.94186149131997
431,429,238.2519324284255,-140.6156760037061
432,429,-809.724272449285,808.3973030403338
433,429,238.25193242842568,-140.61567600370608
425,430,179.70427629982578,-147.34594303411595
426,430,249.6218728046196,-147.32618548761383
427,430,-811.4013544772671,855.5273266395343
428,430,-351.22326465224796,287.9804766546698
429,430,-487.8738052330451,287.94186149131986
430,430,1585.8444692060875,-1672.0865348814086
431,430,171.51898835242216,-140.63453362055387
432,430,238.25193242842553,-140.615676003706
433,430,-774.4431147288203,816.5592082418744
428,431,-774.4431147288207,816.5592082418748
429,431,238.25193242842576,-140.6156760037061
430,431,171.51898835242184,-140.63453362055375
431,431,1575.4196124033824,-1661.0947491001732
432,431,-484.66667196360686,286.04901970775325
433,431,-348.9144302672395,286.0873810268223
434,431,-800.9764976745619,844.5355408582984
435,431,246.41473953518113,-145.43334370404716
436,431,177.39544191481764,-145.45284740626855
428,432,238.2519324284255,-140.6156760037061
429,432,-809.724272449285,808.3973030403338
430,432,238.25193242842568,-140.61567600370608
431,432,-484.6666719636068,286.0490197077535
432,432,1647.1907041259547,-1644.491301688045
433,432,-484.66667196360663,286.04901970775325
434,432,246.4147395351813,-145.43334370404733
435,432,-837.4664316766696,836.0939986477111
436,432,246.41473953518096,-145.43334370404713
428,433,171.51898835242216,-140.63453362055387
429,433,238.25193242842553,-140.615676003706
430,433,-774.4431147288203,816.5592082418744
431,433,-348.91443026724016,286.0873810268227
432,433,-484.6666719636065,286.04901970775325
433,433,1575.4196124033817,-1661.094749100173
434,433,177.39544191481798,-145.45284740626883
435,433,246.41473953518098,-145.43334370404727
436,433,-800.9764976745614,844.5355408582985
431,434,-800.9764976745619,844.5355408582984
432,434,246.41473953518113,-145.43334370404716
433,434,177.39544191481764,-145.45284740626855
434,434,2156.2519484499976,-2273.5141552815785
435,434,-663.3556212849257,391.5107767105324
436,434,-477.5536715315557,391.56328124223705
437,434,-1355.2754507754357,1428.9786144232803
438,434,416.9408817497447,-246.07743300648525
439,434,300.1582296167381,-246.11043383596854
431,435,246.4147395351813,-145.43334370404733
432,435,-837.4664316766696,836.0939986477111
433,435,246.41473953518096,-145.43334370404713
434,435,-663.3556212849267,391.5107767105328
435,435,2254.483908462919,-2250.789278968295
436,435,-663.3556212849256,391.5107767105326
437,435,416.94088174974536,-246.07743300648548
438,435,-1417.0174767862493,1414.6952803205838
439,435,416.9408817497447,-246.07743300648542
431,436,177.39544191481798,-145.45284740626883
432,436,246.41473953518098,-145.43334370404727
433,436,-800.9764976745614,844.5355408582985
434,436,-477.55367153155674,391.5632812422375
435,436,-663.3556212849259,391.51077671053264
436,436,2156.251948449997,-2273.5141552815785
437,436,300.15822961673877,-246.1104338359687
438,436,416.94088174974485,-246.07743300648536
439,436,-1355.2754507754357,1428.97861442328
434,437,-1355.2754507754357,1428.9786144232803
435,437,416.9408817497447,-246.07743300648525
436,437,300.1582296167381,-246.11043383596854
437,437,2235.4072729260724,-2356.9741381428694
438,437,-687.7071955448735,405.88301302952084
439,437,-495.08451520313747,405.9374449859151
440,437,-880.1318221506366,927.9955237195893
441,437,270.7663137951288,-159.80558002303562
442,437,194.92628558639936,-159.82701114994654
434,438,416.94088174974536,-246.07743300648548
435,438,-1417.0174767862493,1414.6952803205838
436,438,416.9408817497447,-246.07743300648542
437,438,-687.707195544874,405.88301302952095
438,438,2337.245297005085,-2333.415038834658
439,438,-687.7071955448737,405.88301302952107
440,438,270.76631379512867,-159.8055800230355
441,438,-920.2278202188357,918.7197585140741
442,438,270.766313795129,-159.80558002303565
434,439,300.15822961673877,-246.1104338359687
435,439,416.94088174974485,-246.07743300648536
436,439,-1355.2754507754357,1428.97861442328
437,439,-495.08451520313827,405.93744498591565
438,439,-687.7071955448738,405.8830130295206
439,439,2235.407272926072,-2356.974138142869
440,439,194.92628558639953,-159.82701114994694
441,439,270.76631379512895,-159.80558002303522
442,439,-880.1318221506363,927.9955237195888
437,440,-880.1318221506366,927.9955237195893
438,440,270.7663137951288,-159.80558002303562
439,440,194.92628558639936,-159.82701114994654
440,440,1822.3384327652966,-1921.441613343834
441,440,-560.6294960695103,330.88208256658686
442,440,-403.6005207859455,330.9264563356578
443,440,-942.2066106146601,993.4460896242447
444,440,289.86318227438153,-171.07650254355127
445,440,208.67423519954616,-171.09944518571123
437,441,270.76631379512867,-159.8055800230355
438,441,-920.2278202188357,918.7197585140741
439,441,270.766313795129,-159.80558002303565
440,441,-560.6294960695102,330.88208256658686
441,441,1905.3583582364795,-1902.2358727923636
442,441,-560.6294960695107,330.88208256658714
443,441,289.86318227438153,-171.07650254355138
444,441,-985.1305380176437,983.5161142782895
445,441,289.8631822743817,-171.0765025435515
437,442,194.92628558639953,-159.82701114994694
438,442,270.76631379512895,-159.80558002303522
439,442,-880.1318221506363,927.9955237195888
440,442,-403.6005207859452,330.9264563356578
441,442,-560.6294960695109,330.8820825665874
442,442,1822.3384327652966,-1921.4416133438338
443,442,208.67423519954568,-171.09944518571086
444,442,289.863182274382,-171.07650254355218
445,442,-942.2066106146603,993.4460896242449
440,443,-942.2066106146601,993.4460896242447
441,443,289.86318227438153,-171.07650254355127
442,443,208.67423519954616,-171.09944518571123
443,443,1908.759645276211,-2012.5626208408476
444,443,-587.2163692586959,346.57358654817654
445,443,-422.7405694998552,346.6200646656268
446,443,-966.5530346615508,1019.116531216603
447,443,297.35318698431433,-175.49708400462526
448,443,214.06633430030905,-175.52061947991555
440,444,289.86318227438153,-171.07650254355138
441,444,-985.1305380176437,983.5161142782895
442,444,289.8631822743817,-171.0765025435515
443,444,-587.216369258696,346.573586548177
444,444,1995.716645493109,-1992.4460816387063
445,444,-587.216369258696,346.57358654817705
446,444,297.35318698431445,-175.49708400462563
447,444,-1010.586107475465,1008.9299673604169
448,444,297.3531869843142,-175.49708400462555
440,445,208.67423519954568,-171.09944518571086
441,445,289.863182274382,-171.07650254355218
442,445,-942.2066106146603,993.4460896242449
443,445,-422.74056949985504,346.6200646656266
444,445,-587.2163692586957,346.57358654817693
445,445,1908.759645276211,-2012.5626208408476
446,445,214.0663343003094,-175.52061947991572
447,445,297.35318698431377,-175.49708400462475
448,445,-966.5530346615507,1019.1165312166027
443,446,-966.5530346615508,1019.116531216603
444,446,297.35318698431433,-175.49708400462526
445,446,214.06633430030905,-175.52061947991555
446,446,1857.1626165996945,-1958.1596206947584
447,446,-571.3429092770041,337.2051114088873
448,446,-411.31317090559395,337.25033314355176
449,446,-890.6095819381437,939.0430894781554
450,446,273.98972229268975,-161.70802740426205
451,446,197.2468366052849,-161.72971366363623
443,447,297.35318698431445,-175.49708400462563
444,447,-1010.586107475465,1008.9299673604169
445,447,297.3531869843142,-175.49708400462555
446,447,-571.3429092770044,337.20511140888755
447,447,1.5571417690207923e6,-1938.5868658568006
448,447,-571.3429092770036,337.2051114088875
449,447,273.98972229269,-161.70802740426188
450,447,-931.1829133166782,929.6568984963839
451,447,273.9897222926894,-161.70802740426194
494,447,-1.5552000000000002e6,0.0
443,448,214.0663343003094,-175.52061947991572
444,448,297.35318698431377,-175.49708400462475
445,448,-966.5530346615507,1019.1165312166027
446,448,-411.3131709055944,337.2503331435521
447,448,-571.3429092770032,337.2051114088865
448,448,1857.1626165996936,-1958.1596206947575
449,448,197.246836605285,-161.7297136636364
450,448,273.9897222926894,-161.70802740426174
451,448,-890.609581938143,939.0430894781549
446,449,-890.6095819381437,939.0430894781554
447,449,273.98972229268975,-161.70802740426205
448,449,197.2468366052849,-161.72971366363623
449,449,1791.9493998032526,-1889.399951118698
450,449,-551.2805255768578,325.36434429532227
451,449,-396.870141121477,325.40797809430444
452,449,-901.3398178651089,950.3568616405428
453,449,277.290803284168,-163.65631689106021
454,449,199.6233045161921,-163.6782644306682
446,450,273.98972229269,-161.70802740426188
447,450,-931.1829133166782,929.6568984963839
448,450,273.9897222926894,-161.70802740426194
449,450,-551.2805255768578,325.36434429532204
450,450,1873.584897878136,-1870.51448251682
451,450,-551.2805255768571,325.364344295322
452,450,277.2908032841679,-163.65631689106016
453,450,-942.4019845614579,940.8575840204361
454,450,277.29080328416774,-163.65631689106007
446,451,197.246836605285,-161.7297136636364
447,451,273.9897222926894,-161.70802740426174
448,451,-890.609581938143,939.0430894781549
449,451,-396.87014112147705,325.40797809430467
450,451,-551.2805255768571,325.36434429532187
451,451,1791.9493998032517,-1889.3999511186973
452,451,199.62330451619204,-163.67826443066824
453,451,277.2908032841678,-163.65631689106016
454,451,-901.3398178651087,950.3568616405424
449,452,-901.3398178651089,950.3568616405428
450,452,277.290803284168,-163.65631689106021
451,452,199.6233045161921,-163.6782644306682
452,452,1783.547422615157,-1880.5410540481494
453,452,-548.695716875983,323.8387968669799
454,452,-395.00932190822004,323.8822260786101
455,452,-882.2076047500482,930.1841924076066
456,452,271.404913591815,-160.18247997591973
457,452,195.38601739202795,-160.20396164794184
449,453,277.2908032841679,-163.65631689106016
450,453,-942.4019845614579,940.8575840204361
451,453,277.29080328416774,-163.65631689106007
452,453,-548.6957168759827,323.8387968669797
453,453,1864.800153412884,-1861.7441344177973
454,453,-548.6957168759827,323.83879686697986
455,453,271.4049135918149,-160.1824799759195
456,453,-922.3981688514261,920.8865503973612
457,453,271.404913591815,-160.1824799759198
449,454,199.62330451619204,-163.67826443066824
450,454,277.2908032841678,-163.65631689106016
451,454,-901.3398178651087,950.3568616405424
452,454,-395.00932190822004,323.88222607860996
453,454,-548.6957168759827,323.83879686698015
454,454,1783.5474226151566,-1880.5410540481494
455,454,195.38601739202804,-160.20396164794175
456,454,271.4049135918149,-160.18247997592
457,454,-882.207604750048,930.1841924076068
452,455,-882.2076047500482,930.1841924076066
453,455,271.404913591815,-160.18247997591973
454,455,195.38601739202795,-160.20396164794184
455,455,1762.3394269006849,-1858.179716127196
456,455,-542.1712273869438,319.98805999895535
457,455,-390.3123029784273,320.03097279788835
458,455,-880.1318221506366,927.9955237195893
459,455,270.7663137951288,-159.80558002303562
460,455,194.92628558639936,-159.82701114994654
452,456,271.4049135918149,-160.1824799759195
453,456,-922.3981688514261,920.8865503973612
454,456,271.404913591815,-160.1824799759198
455,456,-542.1712273869435,319.988059998955
456,456,1842.6259890702618,-1839.6063089114355
457,456,-542.171227386944,319.98805999895546
458,456,270.76631379512867,-159.8055800230355
459,456,-920.2278202188357,918.7197585140741
460,456,270.766313795129,-159.80558002303565
452,457,195.38601739202804,-160.20396164794175
453,457,271.4049135918149,-160.18247997592
454,457,-882.207604750048,930.1841924076068
455,457,-390.31230297842757,320.0309727978887
456,457,-542.1712273869439,319.98805999895524
457,457,1762.3394269006842,-1858.1797161271957
458,457,194.92628558639953,-159.82701114994694
459,457,270.76631379512895,-159.80558002303522
460,457,-880.1318221506363,927.9955237195888
455,458,-880.1318221506366,927.9955237195893
456,458,270.7663137951288,-159.80558002303562
457,458,194.92628558639936,-159.82701114994654
458,458,1572.8281636580814,-1658.3623710914876
459,458,-483.869431133887,285.57849022635025
460,458,-348.3404918349546,285.6167884438861
461,458,-692.6963415074447,730.3668473718984
462,458,213.10311733875824,-125.77291020331467
463,458,153.41420624855527,-125.78977729393952
455,459,270.76631379512867,-159.8055800230355
456,459,-920.2278202188357,918.7197585140741
457,459,270.766313795129,-159.80558002303565
458,459,-483.8694311338872,285.57849022635037
459,459,1644.4811972429184,-1641.7862351223725
460,459,-483.86943113388713,285.5784902263507
461,459,213.10311733875852,-125.77291020331484
462,459,-724.2533770240825,723.0664766082986
463,459,213.10311733875812,-125.77291020331506
455,460,194.92628558639953,-159.82701114994694
456,460,270.76631379512895,-159.80558002303522
457,460,-880.1318221506363,927.9955237195888
458,460,-348.34049183495426,285.61678844388626
459,460,-483.8694311338874,285.57849022635025
460,460,1572.8281636580807,-1658.3623710914876
461,460,153.41420624855476,-125.78977729393932
462,460,213.10311733875847,-125.77291020331504
463,460,-692.6963415074445,730.3668473718986
458,461,-692.6963415074447,730.3668473718984
459,461,213.10311733875824,-125.77291020331467
460,461,153.41420624855527,-125.78977729393952
461,461,692.696341509632,-730.3668473719154
462,461,-213.10311733875506,125.77291020331688
463,461,-153.414206248556,125.78977729393694
458,462,213.10311733875852,-125.77291020331484
459,462,-724.2533770240825,723.0664766082986
460,462,213.10311733875812,-125.77291020331506
461,462,-213.10311733875824,125.77291020331376
462,462,724.2533770258926,-723.0664766082855
463,462,-213.10311733875562,125.77291020331637
458,463,153.41420624855476,-125.78977729393932
459,463,213.10311733875847,-125.77291020331504
460,463,-692.6963415074445,730.3668473718986
461,463,-153.41420624855414,125.7897772939404
462,463,-213.10311733875733,125.77291020331177
463,463,692.6963415093539,-730.3668473719006
128,464,-0.0013333327407410048,1.9999991111115067
464,464,0.9088114022105284,-2.8619338040321356
465,464,-0.9074780694697874,0.8619346929206286
464,465,-0.9074780694697874,0.8619346929206286
465,465,0.9074780694697874,-0.8619346929206286
125,466,-1.5552000000000002e6,0.0
466,466,1.5562724359253605e6,-895.9858768076548
467,466,-1072.4359253604093,895.9858768076548
466,467,-1072.4359253604093,895.9858768076548
467,467,2089.2090864287557,-1745.4672963415558
468,467,-1016.7731610683466,849.481419533901
467,468,-1016.7731610683466,849.481419533901
468,468,1016.7731610683463,-849.4814195339009
469,469,1930.454078977239,-1612.8325708671641
470,469,-950.9626004813986,794.4988033828395
506,469,-979.4914784958406,818.3337674843247
469,470,-950.9626004813986,794.4988033828395
470,470,1920.7561435465873,-1604.7302563376165
471,470,-969.7935430651887,810.231452954777
470,471,-969.7935430651887,810.231452954777
471,471,1933.2277842086387,-1615.1499127754241
472,471,-963.4342411434499,804.9184598206473
471,472,-963.4342411434499,804.9184598206473
472,472,2638.246979827538,-2204.1708763733545
473,472,-871.9508710645465,728.4870333688349
476,472,-802.8618676195413,670.7653831838726
472,473,-871.9508710645465,728.4870333688349
473,473,871.9522043972872,-730.4870324799464
474,473,-0.0013333327407410048,1.9999991111115067
473,474,-0.0013333327407410048,1.9999991111115067
474,474,1.0009600682728375,-4.81782051608905
475,474,-0.9996267355320965,2.8178214049775434
474,475,-0.9996267355320965,2.8178214049775434
475,475,0.9996267355320965,-2.8178214049775434
472,476,-802.8618676195413,670.7653831838726
476,476,1775.8679809150376,-1485.6797208555715
477,476,-973.0047799627555,812.9143385605873
484,476,-0.0013333327407410048,1.9999991111115067
476,477,-973.0047799627555,812.9143385605873
477,477,1905.853807101651,-1592.2798314028014
478,477,-932.8490271388956,779.3654928422139
477,478,-932.8490271388956,779.3654928422139
478,478,3520.5634542217294,-3309.9820519483324
479,478,-1024.696110334152,1224.764802482196
481,478,-1563.0183167486819,1305.8517566239225
478,479,-1024.696110334152,1224.764802482196
479,479,1024.6979853336834,-1228.5148015446962
480,479,-0.0018749995312501173,3.749999062500234
479,480,-0.0018749995312501173,3.749999062500234
480,480,0.0018749995312501173,-3.749999062500234
478,481,-1563.0183167486819,1305.8517566239225
481,481,1563.0194417484006,-1308.1017560614225
482,481,-0.0011249997187500705,2.249999437500141
481,482,-0.0011249997187500705,2.249999437500141
482,482,1.1354725865559845,-3.3274178036509268
483,482,-1.1343475868372344,1.077418366150786
482,483,-1.1343475868372344,1.077418366150786
483,483,1.1343475868372344,-1.077418366150786
476,484,-0.0013333327407410048,1.9999991111115067
484,484,47.64393197990458,-47.251570489444504
485,484,-47.64259864716384,45.251571378333
484,485,-47.64259864716384,45.251571378333
485,485,47.64259864716384,-45.251571378333
486,486,2148.9725603129505,-1795.3977651769837
487,486,-1084.3079097739933,905.9045396505439
505,486,-1064.6646505389572,889.4932255264398
486,487,-1084.3079097739933,905.9045396505439
487,487,2141.313102395404,-1788.9985333386642
488,487,-1057.0051926214105,883.0939936881202
487,488,-1057.0051926214105,883.0939936881202
488,488,1057.0063176211293,-885.3439931256204
489,488,-0.0011249997187500705,2.249999437500141
488,489,-0.0011249997187500705,2.249999437500141
489,489,0.9000419553256149,-3.103802671053594
490,489,-0.8989169556068649,0.8538032335534529
489,490,-0.8989169556068649,0.8538032335534529
490,490,1.773093077573174,-1.6841072955412144
491,490,-0.8741761219663089,0.8303040619877615
490,491,-0.8741761219663089,0.8303040619877615
491,491,0.8741761219663089,-0.8303040619877615
168,492,-0.0011249997187500705,2.249999437500141
492,492,1.796078506956464,-3.5452830976941394
493,492,-1.7949535072377139,1.2952836601939988
492,493,-1.7949535072377139,1.2952836601939988
493,493,1.7949535072377139,-1.2952836601939988
447,494,-1.5552000000000002e6,0.0
494,494,1.5713545819306932e6,-11657.55404258599
495,494,-16154.581930692986,11657.55404258599
494,495,-16154.581930692986,11657.55404258599
495,495,17828.631871697442,-12865.59073093687
496,495,-1674.0499410044547,1208.0366883508798
495,496,-1674.0499410044547,1208.0366883508798
496,496,1674.0566076681584,-1218.0366839064372
497,496,-0.006666663703705022,9.99999555555753
496,497,-0.006666663703705022,9.99999555555753
497,497,0.006666663703705389,-9.999995555557533
404,498,-1.5552000000000002e6,0.0
498,498,1.556109744407272e6,-760.0623227408588
499,498,-909.7444072716786,760.0623227408588
498,499,-909.7444072716786,760.0623227408588
499,499,909.7457406044193,-762.0623218519703
500,499,-0.0013333327407410048,1.9999991111115067
499,500,-0.0013333327407410048,1.9999991111115067
500,500,51.97507731146493,-51.3653497056566
501,500,-4.331145331560349,4.113779216212091
502,500,-47.64259864716384,45.251571378333
500,501,-4.331145331560349,4.113779216212091
501,501,4.331145331560349,-4.113779216212091
500,502,-47.64259864716384,45.251571378333
502,502,47.64259864716384,-45.251571378333
196,503,-1.5552000000000002e6,0.0
503,503,1.5566127280939845e6,-1180.2890877177763
504,503,-1412.7280939843856,1180.2890877177763
503,504,-1412.7280939843856,1180.2890877177763
504,504,2812.0016346927296,-2349.3373269810972
505,504,-1399.2735407083437,1169.048239263321
486,505,-1064.6646505389572,889.4932255264398
504,505,-1399.2735407083437,1169.048239263321
505,505,3443.4296697431414,-2876.875232274085
506,505,-979.4914784958406,818.3337674843247
469,506,-979.4914784958406,818.3337674843247
505,506,-979.4914784958406,818.3337674843247
506,506,1958.9829569916812,-1636.6675349686493
