bus_id,phase,scenario,p_pu,q_pu
B13,a,h001,-0.001536,-0.00031189810273383046
B26,c,h001,-0.0026880000000000003,-0.0005458216797842034
B27,c,h001,-0.001152,-0.00023392357705037285
B29,c,h001,-0.000768,-0.00015594905136691523
B30,c,h001,-0.002304,-0.0004678471541007457
B32,c,h001,-0.00192,-0.00038987262841728813
B40,a,h001,-0.00192,-0.00038987262841728813
B52,c,h001,-0.008064,-0.00163746503935261
B61,c,h001,-0.001536,-0.00031189810273383046
B78,c,h001,-0.003456,-0.0007017707311511186
B79,c,h001,-0.000768,-0.00015594905136691523
B80,c,h001,-0.004224,-0.0008577197825180339
B85,a,h001,-0.000768,-0.00015594905136691523
B86,a,h001,-0.000768,-0.00015594905136691523
B91,a,h001,-0.000768,-0.00015594905136691523
B94,b,h001,-0.008064,-0.00163746503935261
B95,b,h001,-0.005376000000000001,-0.0010916433595684067
B97,c,h001,-0.002304,-0.0004678471541007457
B100,a,h001,-0.003456,-0.0007017707311511186
B13,a,h002,-0.001152,-0.00023392357705037285
B26,c,h002,-0.0026880000000000003,-0.0005458216797842034
B27,c,h002,-0.001152,-0.00023392357705037285
B29,c,h002,-0.001152,-0.00023392357705037285
B30,c,h002,-0.000768,-0.00015594905136691523
B32,c,h002,-0.001536,-0.00031189810273383046
B40,a,h002,-0.00192,-0.00038987262841728813
B52,c,h002,-0.008064,-0.00163746503935261
B61,c,h002,-0.001536,-0.00031189810273383046
B78,c,h002,-0.00384,-0.0007797452568345763
B79,c,h002,-0.00192,-0.00038987262841728813
B80,c,h002,-0.004224,-0.0008577197825180339
B85,a,h002,-0.001152,-0.00023392357705037285
B86,a,h002,-0.000768,-0.00015594905136691523
B91,a,h002,-0.00192,-0.00038987262841728813
B94,b,h002,-0.00768,-0.0015594905136691525
B95,b,h002,-0.005376000000000001,-0.0010916433595684067
B97,c,h002,-0.00192,-0.00038987262841728813
B100,a,h002,-0.003456,-0.0007017707311511186
B13,a,h003,-0.001152,-0.00023392357705037285
B26,c,h003,-0.004992,-0.001013668833884949
B27,c,h003,-0.001152,-0.00023392357705037285
B29,c,h003,-0.001536,-0.00031189810273383046
B30,c,h003,-0.00192,-0.00038987262841728813
B32,c,h003,-0.00192,-0.00038987262841728813
B40,a,h003,-0.001536,-0.00031189810273383046
B52,c,h003,-0.007296,-0.0014815159879856949
B61,c,h003,-0.001536,-0.00031189810273383046
B73,b,h003,-0.000384,-7.797452568345762e-5
B78,c,h003,-0.003456,-0.0007017707311511186
B79,c,h003,-0.000768,-0.00015594905136691523
B80,c,h003,-0.004608,-0.0009356943082014914
B85,a,h003,-0.001152,-0.00023392357705037285
B86,a,h003,-0.001536,-0.00031189810273383046
B91,a,h003,-0.000384,-7.797452568345762e-5
B94,b,h003,-0.008064,-0.00163746503935261
B95,b,h003,-0.005376000000000001,-0.0010916433595684067
B97,c,h003,-0.002304,-0.0004678471541007457
B100,a,h003,-0.003456,-0.0007017707311511186
B13,a,h004,-0.001536,-0.00031189810273383046
B26,c,h004,-0.0026880000000000003,-0.0005458216797842034
B27,c,h004,-0.001152,-0.00023392357705037285
B29,c,h004,-0.001152,-0.00023392357705037285
B30,c,h004,-0.000768,-0.00015594905136691523
B32,c,h004,-0.001536,-0.00031189810273383046
B40,a,h004,-0.00192,-0.00038987262841728813
B52,c,h004,-0.004224,-0.0008577197825180339
B61,c,h004,-0.001536,-0.00031189810273383046
B78,c,h004,-0.004608,-0.0009356943082014914
B79,c,h004,-0.000768,-0.00015594905136691523
B80,c,h004,-0.004224,-0.0008577197825180339
B85,a,h004,-0.000768,-0.00015594905136691523
B86,a,h004,-0.000768,-0.00015594905136691523
B91,a,h004,-0.000768,-0.00015594905136691523
B94,b,h004,-0.008448,-0.0017154395650360679
B95,b,h004,-0.005376000000000001,-0.0010916433595684067
B97,c,h004,-0.00192,-0.00038987262841728813
B100,a,h004,-0.003456,-0.0007017707311511186
B13,a,h005,-0.002304,-0.0004678471541007457
B26,c,h005,-0.002304,-0.0004678471541007457
B27,c,h005,-0.001536,-0.00031189810273383046
B29,c,h005,-0.000768,-0.00015594905136691523
B30,c,h005,-0.001536,-0.00031189810273383046
B32,c,h005,-0.00192,-0.00038987262841728813
B40,a,h005,-0.001536,-0.00031189810273383046
B52,c,h005,-0.00384,-0.0007797452568345763
B61,c,h005,-0.001536,-0.00031189810273383046
B78,c,h005,-0.004608,-0.0009356943082014914
B79,c,h005,-0.000768,-0.00015594905136691523
B80,c,h005,-0.003456,-0.0007017707311511186
B85,a,h005,-0.000768,-0.00015594905136691523
B86,a,h005,-0.000384,-7.797452568345762e-5
B91,a,h005,-0.000768,-0.00015594905136691523
B94,b,h005,-0.008064,-0.00163746503935261
B95,b,h005,-0.004992,-0.001013668833884949
B97,c,h005,-0.002304,-0.0004678471541007457
B100,a,h005,-0.003456,-0.0007017707311511186
B13,a,h006,-0.001536,-0.00031189810273383046
B26,c,h006,-0.003072,-0.0006237962054676609
B27,c,h006,-0.003072,-0.0006237962054676609
B29,c,h006,-0.000768,-0.00015594905136691523
B30,c,h006,-0.000768,-0.00015594905136691523
B32,c,h006,-0.00192,-0.00038987262841728813
B40,a,h006,-0.00192,-0.00038987262841728813
B52,c,h006,-0.004224,-0.0008577197825180339
B61,c,h006,-0.003072,-0.0006237962054676609
B78,c,h006,-0.003456,-0.0007017707311511186
B79,c,h006,-0.000384,-7.797452568345762e-5
B80,c,h006,-0.00192,-0.00038987262841728813
B85,a,h006,-0.001152,-0.00023392357705037285
B86,a,h006,-0.001152,-0.00023392357705037285
B91,a,h006,-0.000384,-7.797452568345762e-5
B94,b,h006,-0.00768,-0.0015594905136691525
B95,b,h006,-0.005376000000000001,-0.0010916433595684067
B97,c,h006,-0.002304,-0.0004678471541007457
B100,a,h006,-0.003456,-0.0007017707311511186
B13,a,h007,-0.00192,-0.00038987262841728813
B26,c,h007,-0.003456,-0.0007017707311511186
B27,c,h007,-0.002304,-0.0004678471541007457
B29,c,h007,-0.000768,-0.00015594905136691523
B30,c,h007,-0.000768,-0.00015594905136691523
B32,c,h007,-0.002304,-0.0004678471541007457
B40,a,h007,-0.001152,-0.00038987262841728813
B52,c,h007,-0.004224,-0.0008577197825180339
B61,c,h007,-0.001536,-0.00031189810273383046
B78,c,h007,-0.006528,-0.0013255669366187795
B79,c,h007,-0.000768,-0.00015594905136691523
B80,c,h007,-0.002304,-0.0004678471541007457
B85,a,h007,-0.00384,-0.0007797452568345763
B86,a,h007,-0.001536,-0.00031189810273383046
B91,a,h007,-0.000768,-0.00015594905136691523
B94,b,h007,-0.00768,-0.0015594905136691525
B95,b,h007,-0.00576,-0.0011696178852518642
B97,c,h007,-0.003072,-0.0006237962054676609
B100,a,h007,-0.003456,-0.0007017707311511186
B13,a,h008,-0.001152,-0.00023392357705037285
B26,c,h008,-0.004608,-0.0009356943082014914
B27,c,h008,-0.004992,-0.001013668833884949
B29,c,h008,-0.000768,-0.00015594905136691523
B30,c,h008,-0.001536,-0.00031189810273383046
B32,c,h008,-0.002304,-0.0004678471541007457
B40,a,h008,0.003456,-0.0003898726284172882
B52,c,h008,-0.00384,-0.0007797452568345763
B61,c,h008,-0.001536,-0.00031189810273383046
B78,c,h008,-0.000384,-7.797452568345762e-5
B79,c,h008,-0.000768,-0.00015594905136691523
B80,c,h008,-0.000384,-7.797452568345762e-5
B85,a,h008,-0.002304,-0.0004678471541007457
B86,a,h008,-0.00192,-0.00038987262841728813
B91,a,h008,-0.00192,-0.00038987262841728813
B94,b,h008,-0.00768,-0.0015594905136691525
B95,b,h008,-0.00576,-0.0011696178852518642
B97,c,h008,-0.003072,-0.0006237962054676609
B100,a,h008,-0.003456,-0.0007017707311511186
B13,a,h009,-0.0026880000000000003,-0.0005458216797842034
B26,c,h009,-0.004608,-0.0009356943082014914
B27,c,h009,-0.002304,-0.0004678471541007457
B29,c,h009,-0.000384,-7.797452568345762e-5
B32,c,h009,-0.002304,-0.0004678471541007457
B40,a,h009,0.006912,-0.00046784715410074586
B52,c,h009,-0.005376000000000001,-0.0010916433595684067
B61,c,h009,-0.001536,-0.00031189810273383046
B78,c,h009,-0.001152,-0.00023392357705037285
B79,c,h009,-0.000768,-0.00015594905136691523
B80,c,h009,-0.000768,-0.00015594905136691523
B85,a,h009,-0.00192,-0.00038987262841728813
B86,a,h009,-0.000768,-0.00015594905136691523
B91,a,h009,-0.003456,-0.0007017707311511186
B94,b,h009,-0.00768,-0.0015594905136691525
B95,b,h009,-0.00576,-0.0011696178852518642
B97,c,h009,-0.003072,-0.0006237962054676609
B100,a,h009,-0.003456,-0.0007017707311511186
B13,a,h010,-0.001152,-0.00023392357705037285
B26,c,h010,-0.004992,-0.001013668833884949
B27,c,h010,-0.001536,-0.00031189810273383046
B29,c,h010,-0.000768,-0.00015594905136691523
B30,c,h010,-0.000384,-7.797452568345762e-5
B32,c,h010,-0.001536,-0.00031189810273383046
B40,a,h010,0.010368,-0.000779745256834576
B52,c,h010,-0.004224,-0.0008577197825180339
B61,c,h010,-0.001152,-0.00023392357705037285
B78,c,h010,-0.000768,-0.00015594905136691523
B79,c,h010,-0.002304,-0.0004678471541007457
B80,c,h010,-0.000768,-0.00015594905136691523
B85,a,h010,-0.0026880000000000003,-0.0005458216797842034
B86,a,h010,-0.000768,-0.00015594905136691523
B91,a,h010,-0.010368,-0.0021053121934533556
B94,b,h010,-0.006144,-0.0012475924109353219
B95,b,h010,-0.00576,-0.0011696178852518642
B97,c,h010,-0.0026880000000000003,-0.0005458216797842034
B100,a,h010,-0.003456,-0.0007017707311511186
B13,a,h011,-0.001536,-0.00031189810273383046
B26,c,h011,-0.004608,-0.0009356943082014914
B27,c,h011,-0.00192,-0.00038987262841728813
B29,c,h011,-0.000768,-0.00015594905136691523
B30,c,h011,-0.000384,-7.797452568345762e-5
B32,c,h011,-0.001536,-0.00031189810273383046
B40,a,h011,0.014207999999999998,-0.0009356943082014917
B52,c,h011,-0.003456,-0.0007017707311511186
B61,c,h011,-0.001536,-0.00031189810273383046
B78,c,h011,-0.000384,-7.797452568345762e-5
B79,c,h011,-0.000384,-7.797452568345762e-5
B80,c,h011,-0.000768,-0.00015594905136691523
B85,a,h011,-0.001536,-0.00031189810273383046
B86,a,h011,-0.000384,-7.797452568345762e-5
B91,a,h011,-0.003072,-0.0006237962054676609
B94,b,h011,-0.005376000000000001,-0.0010916433595684067
B95,b,h011,-0.00576,-0.0011696178852518642
B97,c,h011,-0.0026880000000000003,-0.0005458216797842034
B100,a,h011,-0.00384,-0.0007797452568345763
B13,a,h012,-0.00192,-0.00038987262841728813
B26,c,h012,-0.004608,-0.0009356943082014914
B27,c,h012,-0.001536,-0.00031189810273383046
B29,c,h012,-0.000384,-7.797452568345762e-5
B30,c,h012,-0.003072,-0.0006237962054676609
B32,c,h012,-0.001152,-0.00023392357705037285
B40,a,h012,0.014976,-0.001481515987985695
B52,c,h012,-0.00384,-0.0007797452568345763
B61,c,h012,-0.000768,-0.00015594905136691523
B78,c,h012,-0.000768,-0.00015594905136691523
B79,c,h012,-0.001152,-0.00023392357705037285
B80,c,h012,-0.000768,-0.00015594905136691523
B85,a,h012,-0.001536,-0.00031189810273383046
B86,a,h012,-0.000384,-7.797452568345762e-5
B91,a,h012,-0.000384,-7.797452568345762e-5
B94,b,h012,-0.00576,-0.0011696178852518642
B95,b,h012,-0.00576,-0.0011696178852518642
B97,c,h012,-0.0026880000000000003,-0.0005458216797842034
B100,a,h012,-0.00384,-0.0007797452568345763
B13,a,h013,-0.004992,-0.001013668833884949
B26,c,h013,-0.00384,-0.0007797452568345763
B27,c,h013,-0.000768,-0.00015594905136691523
B29,c,h013,-0.000768,-0.00015594905136691523
B30,c,h013,-0.004224,-0.0008577197825180339
B32,c,h013,-0.001536,-0.00031189810273383046
B40,a,h013,0.014976,-0.0005458216797842033
B52,c,h013,-0.003456,-0.0007017707311511186
B61,c,h013,-0.000768,-0.00015594905136691523
B78,c,h013,-0.000384,-7.797452568345762e-5
B79,c,h013,-0.005376000000000001,-0.0010916433595684067
B80,c,h013,-0.000768,-0.00015594905136691523
B85,a,h013,-0.000768,-0.00015594905136691523
B86,a,h013,-0.001536,-0.00031189810273383046
B91,a,h013,-0.001536,-0.00031189810273383046
B94,b,h013,-0.004608,-0.0009356943082014914
B95,b,h013,-0.00576,-0.0011696178852518642
B97,c,h013,-0.002304,-0.0004678471541007457
B100,a,h013,-0.003456,-0.0007017707311511186
B13,a,h014,-0.00384,-0.0007797452568345763
B26,c,h014,-0.003456,-0.0007017707311511186
B27,c,h014,-0.001536,-0.00031189810273383046
B29,c,h014,-0.000768,-0.00015594905136691523
B30,c,h014,-0.003072,-0.0006237962054676609
B32,c,h014,-0.001152,-0.00023392357705037285
B40,a,h014,0.0030719999999999983,-0.0020273376677698986
B52,c,h014,-0.00576,-0.0011696178852518642
B73,b,h014,-0.000384,-7.797452568345762e-5
B78,c,h014,-0.000768,-0.00015594905136691523
B79,c,h014,-0.000768,-0.00015594905136691523
B80,c,h014,-0.000384,-7.797452568345762e-5
B85,a,h014,-0.001152,-0.00023392357705037285
B86,a,h014,-0.000768,-0.00015594905136691523
B91,a,h014,-0.000384,-7.797452568345762e-5
B94,b,h014,-0.004992,-0.001013668833884949
B95,b,h014,-0.00576,-0.0011696178852518642
B97,c,h014,-0.002304,-0.0004678471541007457
B100,a,h014,-0.00384,-0.0007797452568345763
B13,a,h015,-0.001536,-0.00031189810273383046
B26,c,h015,-0.003456,-0.0007017707311511186
B27,c,h015,-0.001536,-0.00031189810273383046
B29,c,h015,-0.000768,-0.00015594905136691523
B30,c,h015,-0.002304,-0.0004678471541007457
B32,c,h015,-0.002304,-0.0004678471541007457
B40,a,h015,0.009600000000000001,-0.0011696178852518642
B52,c,h015,-0.004224,-0.0008577197825180339
B61,c,h015,-0.000768,-0.00015594905136691523
B78,c,h015,-0.00192,-0.00038987262841728813
B79,c,h015,-0.000384,-7.797452568345762e-5
B80,c,h015,-0.001152,-0.00023392357705037285
B85,a,h015,-0.001152,-0.00023392357705037285
B86,a,h015,-0.000384,-7.797452568345762e-5
B91,a,h015,-0.000384,-7.797452568345762e-5
B94,b,h015,-0.004608,-0.0009356943082014914
B95,b,h015,-0.005376000000000001,-0.0010916433595684067
B97,c,h015,-0.00192,-0.00038987262841728813
B100,a,h015,-0.00384,-0.0007797452568345763
B13,a,h016,-0.00192,-0.00038987262841728813
B26,c,h016,-0.003456,-0.0007017707311511186
B27,c,h016,-0.005376000000000001,-0.0010916433595684067
B29,c,h016,-0.000384,-7.797452568345762e-5
B30,c,h016,-0.000384,-7.797452568345762e-5
B32,c,h016,-0.001536,-0.00031189810273383046
B40,a,h016,0.0072959999999999995,-0.0003898726284172882
B52,c,h016,-0.003072,-0.0006237962054676609
B61,c,h016,-0.000768,-0.00015594905136691523
B78,c,h016,-0.000768,-0.00015594905136691523
B79,c,h016,-0.000384,-7.797452568345762e-5
B80,c,h016,-0.004224,-0.0008577197825180339
B85,a,h016,-0.00192,-0.00038987262841728813
B86,a,h016,-0.000768,-0.00015594905136691523
B91,a,h016,-0.000384,-7.797452568345762e-5
B94,b,h016,-0.004608,-0.0009356943082014914
B95,b,h016,-0.00576,-0.0011696178852518642
B97,c,h016,-0.002304,-0.0004678471541007457
B100,a,h016,-0.00384,-0.0007797452568345763
B13,a,h017,-0.00192,-0.00038987262841728813
B26,c,h017,-0.003456,-0.0007017707311511186
B27,c,h017,-0.003456,-0.0007017707311511186
B29,c,h017,-0.001152,-0.00023392357705037285
B32,c,h017,-0.0026880000000000003,-0.0005458216797842034
B40,a,h017,0.004992,-0.000389872628417288
B52,c,h017,-0.003456,-0.0007017707311511186
B78,c,h017,-0.009984,-0.002027337667769898
B79,c,h017,-0.002304,-0.0004678471541007457
B80,c,h017,-0.004992,-0.001013668833884949
B85,a,h017,-0.001536,-0.00031189810273383046
B86,a,h017,-0.000384,-7.797452568345762e-5
B91,a,h017,-0.000384,-7.797452568345762e-5
B94,b,h017,-0.005376000000000001,-0.0010916433595684067
B95,b,h017,-0.005376000000000001,-0.0010916433595684067
B97,c,h017,-0.00192,-0.00038987262841728813
B100,a,h017,-0.00384,-0.0007797452568345763
B13,a,h018,-0.001152,-0.00023392357705037285
B26,c,h018,-0.003456,-0.0007017707311511186
B27,c,h018,-0.002304,-0.0004678471541007457
B29,c,h018,-0.000768,-0.00015594905136691523
B30,c,h018,-0.002304,-0.0004678471541007457
B32,c,h018,-0.00384,-0.0007797452568345763
B40,a,h018,-0.000384,-0.0004678471541007457
B52,c,h018,-0.003456,-0.0007017707311511186
B78,c,h018,-0.006912,-0.0014035414623022372
B79,c,h018,-0.001536,-0.00031189810273383046
B80,c,h018,-0.004224,-0.0008577197825180339
B85,a,h018,-0.001152,-0.00023392357705037285
B86,a,h018,-0.001152,-0.00023392357705037285
B91,a,h018,-0.002304,-0.0004678471541007457
B94,b,h018,-0.00576,-0.0011696178852518642
B95,b,h018,-0.00576,-0.0011696178852518642
B97,c,h018,-0.00192,-0.00038987262841728813
B100,a,h018,-0.003456,-0.0007017707311511186
B13,a,h019,-0.005376000000000001,-0.0010916433595684067
B26,c,h019,-0.004992,-0.001013668833884949
B27,c,h019,-0.002304,-0.0004678471541007457
B29,c,h019,-0.000768,-0.00015594905136691523
B30,c,h019,-0.003456,-0.0007017707311511186
B32,c,h019,-0.001536,-0.00031189810273383046
B40,a,h019,-0.006912,-0.0014035414623022372
B52,c,h019,-0.003456,-0.0007017707311511186
B61,c,h019,-0.000768,-0.00015594905136691523
B78,c,h019,-0.003456,-0.0007017707311511186
B79,c,h019,-0.000768,-0.00015594905136691523
B80,c,h019,-0.004608,-0.0009356943082014914
B85,a,h019,-0.002304,-0.0004678471541007457
B86,a,h019,-0.002304,-0.0004678471541007457
B91,a,h019,-0.010752000000000001,-0.0021832867191368135
B94,b,h019,-0.004992,-0.001013668833884949
B95,b,h019,-0.005376000000000001,-0.0010916433595684067
B97,c,h019,-0.00192,-0.00038987262841728813
B100,a,h019,-0.003456,-0.0007017707311511186
B13,a,h020,-0.002304,-0.0004678471541007457
B26,c,h020,-0.004608,-0.0009356943082014914
B27,c,h020,-0.002304,-0.0004678471541007457
B29,c,h020,-0.00192,-0.00038987262841728813
B30,c,h020,-0.001152,-0.00023392357705037285
B32,c,h020,-0.001536,-0.00031189810273383046
B40,a,h020,-0.002304,-0.0004678471541007457
B52,c,h020,-0.003456,-0.0007017707311511186
B61,c,h020,-0.000384,-7.797452568345762e-5
B78,c,h020,-0.001152,-0.00023392357705037285
B79,c,h020,-0.000384,-7.797452568345762e-5
B80,c,h020,-0.003072,-0.0006237962054676609
B85,a,h020,-0.0026880000000000003,-0.0005458216797842034
B86,a,h020,-0.002304,-0.0004678471541007457
B91,a,h020,-0.010752000000000001,-0.0021832867191368135
B94,b,h020,-0.006144,-0.0012475924109353219
B95,b,h020,-0.006144,-0.0012475924109353219
B97,c,h020,-0.002304,-0.0004678471541007457
B100,a,h020,-0.003072,-0.0006237962054676609
B13,a,h021,-0.0026880000000000003,-0.0005458216797842034
B26,c,h021,-0.004224,-0.0008577197825180339
B27,c,h021,-0.00192,-0.00038987262841728813
B29,c,h021,-0.001536,-0.00031189810273383046
B30,c,h021,-0.000768,-0.00015594905136691523
B32,c,h021,-0.001536,-0.00031189810273383046
B40,a,h021,-0.0026880000000000003,-0.0005458216797842034
B52,c,h021,-0.00576,-0.0011696178852518642
B61,c,h021,-0.000768,-0.00015594905136691523
B78,c,h021,-0.003072,-0.0006237962054676609
B79,c,h021,-0.001536,-0.00031189810273383046
B80,c,h021,-0.0026880000000000003,-0.0005458216797842034
B85,a,h021,-0.0026880000000000003,-0.0005458216797842034
B86,a,h021,-0.003072,-0.0006237962054676609
B91,a,h021,-0.001152,-0.00023392357705037285
B94,b,h021,-0.005376000000000001,-0.0010916433595684067
B95,b,h021,-0.00576,-0.0011696178852518642
B97,c,h021,-0.00192,-0.00038987262841728813
B100,a,h021,-0.003456,-0.0007017707311511186
B13,a,h022,-0.004992,-0.001013668833884949
B26,c,h022,-0.003072,-0.0006237962054676609
B27,c,h022,-0.00192,-0.00038987262841728813
B29,c,h022,-0.001536,-0.00031189810273383046
B30,c,h022,-0.000768,-0.00015594905136691523
B32,c,h022,-0.00192,-0.00038987262841728813
B40,a,h022,-0.002304,-0.0004678471541007457
B52,c,h022,-0.006528,-0.0013255669366187795
B61,c,h022,-0.000384,-7.797452568345762e-5
B78,c,h022,-0.003456,-0.0007017707311511186
B79,c,h022,-0.000384,-7.797452568345762e-5
B80,c,h022,-0.004224,-0.0008577197825180339
B85,a,h022,-0.0026880000000000003,-0.0005458216797842034
B86,a,h022,-0.00192,-0.00038987262841728813
B91,a,h022,-0.0026880000000000003,-0.0005458216797842034
B94,b,h022,-0.00576,-0.0011696178852518642
B95,b,h022,-0.00576,-0.0011696178852518642
B97,c,h022,-0.002304,-0.0004678471541007457
B100,a,h022,-0.003456,-0.0007017707311511186
B13,a,h023,-0.001152,-0.00023392357705037285
B26,c,h023,-0.0026880000000000003,-0.0005458216797842034
B27,c,h023,-0.002304,-0.0004678471541007457
B29,c,h023,-0.001536,-0.00031189810273383046
B30,c,h023,-0.000768,-0.00015594905136691523
B32,c,h023,-0.001536,-0.00031189810273383046
B40,a,h023,-0.002304,-0.0004678471541007457
B52,c,h023,-0.003456,-0.0007017707311511186
B61,c,h023,-0.000768,-0.00015594905136691523
B78,c,h023,-0.003456,-0.0007017707311511186
B79,c,h023,-0.000768,-0.00015594905136691523
B80,c,h023,-0.0026880000000000003,-0.0005458216797842034
B85,a,h023,-0.001536,-0.00031189810273383046
B86,a,h023,-0.000768,-0.00015594905136691523
B91,a,h023,-0.000768,-0.00015594905136691523
B94,b,h023,-0.004992,-0.001013668833884949
B95,b,h023,-0.00576,-0.0011696178852518642
B97,c,h023,-0.002304,-0.0004678471541007457
B100,a,h023,-0.003456,-0.0007017707311511186
B13,a,h024,-0.001152,-0.00023392357705037285
B26,c,h024,-0.002304,-0.0004678471541007457
B27,c,h024,-0.001536,-0.00031189810273383046
B29,c,h024,-0.001536,-0.00031189810273383046
B30,c,h024,-0.000384,-7.797452568345762e-5
B32,c,h024,-0.001536,-0.00031189810273383046
B40,a,h024,-0.00192,-0.00038987262841728813
B52,c,h024,-0.004224,-0.0008577197825180339
B61,c,h024,-0.001152,-0.00023392357705037285
B78,c,h024,-0.003072,-0.0006237962054676609
B79,c,h024,-0.000384,-7.797452568345762e-5
B80,c,h024,-0.003072,-0.0006237962054676609
B85,a,h024,-0.001152,-0.00023392357705037285
B86,a,h024,-0.000768,-0.00015594905136691523
B91,a,h024,-0.000768,-0.00015594905136691523
B94,b,h024,-0.006144,-0.0012475924109353219
B95,b,h024,-0.005376000000000001,-0.0010916433595684067
B97,c,h024,-0.00192,-0.00038987262841728813
B100,a,h024,-0.003456,-0.0007017707311511186
B13,a,h025,-0.000768,-0.00015594905136691523
B26,c,h025,-0.0026880000000000003,-0.0005458216797842034
B27,c,h025,-0.001152,-0.00023392357705037285
B29,c,h025,-0.001152,-0.00023392357705037285
B30,c,h025,-0.00192,-0.00038987262841728813
B32,c,h025,-0.001536,-0.00031189810273383046
B40,a,h025,-0.001536,-0.00031189810273383046
B52,c,h025,-0.00384,-0.0007797452568345763
B61,c,h025,-0.001536,-0.00031189810273383046
B78,c,h025,-0.003456,-0.0007017707311511186
B79,c,h025,-0.000768,-0.00015594905136691523
B80,c,h025,-0.003072,-0.0006237962054676609
B85,a,h025,-0.001152,-0.00023392357705037285
B86,a,h025,-0.001536,-0.00031189810273383046
B91,a,h025,-0.002304,-0.0004678471541007457
B94,b,h025,-0.007296,-0.0014815159879856949
B95,b,h025,-0.005376000000000001,-0.0010916433595684067
B97,c,h025,-0.002304,-0.0004678471541007457
B100,a,h025,-0.003456,-0.0007017707311511186
B13,a,h026,-0.000768,-0.00015594905136691523
B26,c,h026,-0.0026880000000000003,-0.0005458216797842034
B27,c,h026,-0.001536,-0.00031189810273383046
B29,c,h026,-0.000768,-0.00015594905136691523
B30,c,h026,-0.001536,-0.00031189810273383046
B32,c,h026,-0.00192,-0.00038987262841728813
B40,a,h026,-0.001536,-0.00031189810273383046
B52,c,h026,-0.00384,-0.0007797452568345763
B61,c,h026,-0.001152,-0.00023392357705037285
B73,b,h026,-0.000384,-7.797452568345762e-5
B78,c,h026,-0.003072,-0.0006237962054676609
B79,c,h026,-0.000768,-0.00015594905136691523
B80,c,h026,-0.00192,-0.00038987262841728813
B85,a,h026,-0.001536,-0.00031189810273383046
B86,a,h026,-0.000384,-7.797452568345762e-5
B91,a,h026,-0.000768,-0.00015594905136691523
B94,b,h026,-0.00768,-0.0015594905136691525
B95,b,h026,-0.005376000000000001,-0.0010916433595684067
B97,c,h026,-0.00192,-0.00038987262841728813
B100,a,h026,-0.003456,-0.0007017707311511186
B13,a,h027,-0.001152,-0.00023392357705037285
B26,c,h027,-0.003072,-0.0006237962054676609
B27,c,h027,-0.000768,-0.00015594905136691523
B29,c,h027,-0.001152,-0.00023392357705037285
B30,c,h027,-0.001152,-0.00023392357705037285
B32,c,h027,-0.001536,-0.00031189810273383046
B40,a,h027,-0.001152,-0.00023392357705037285
B52,c,h027,-0.003456,-0.0007017707311511186
B61,c,h027,-0.001536,-0.00031189810273383046
B78,c,h027,-0.003456,-0.0007017707311511186
B79,c,h027,-0.000768,-0.00015594905136691523
B80,c,h027,-0.002304,-0.0004678471541007457
B85,a,h027,-0.000768,-0.00015594905136691523
B86,a,h027,-0.000384,-7.797452568345762e-5
B91,a,h027,-0.000384,-7.797452568345762e-5
B94,b,h027,-0.008064,-0.00163746503935261
B95,b,h027,-0.005376000000000001,-0.0010916433595684067
B97,c,h027,-0.00192,-0.00038987262841728813
B100,a,h027,-0.003456,-0.0007017707311511186
B13,a,h028,-0.000768,-0.00015594905136691523
B26,c,h028,-0.003072,-0.0006237962054676609
B27,c,h028,-0.001152,-0.00023392357705037285
B29,c,h028,-0.000768,-0.00015594905136691523
B30,c,h028,-0.000768,-0.00015594905136691523
B32,c,h028,-0.001536,-0.00031189810273383046
B40,a,h028,-0.001536,-0.00031189810273383046
B52,c,h028,-0.00384,-0.0007797452568345763
B61,c,h028,-0.001152,-0.00023392357705037285
B78,c,h028,-0.005376000000000001,-0.0010916433595684067
B79,c,h028,-0.000768,-0.00015594905136691523
B80,c,h028,-0.0026880000000000003,-0.0005458216797842034
B85,a,h028,-0.001152,-0.00023392357705037285
B86,a,h028,-0.00192,-0.00038987262841728813
B91,a,h028,-0.000768,-0.00015594905136691523
B94,b,h028,-0.00768,-0.0015594905136691525
B95,b,h028,-0.005376000000000001,-0.0010916433595684067
B97,c,h028,-0.00192,-0.00038987262841728813
B100,a,h028,-0.003456,-0.0007017707311511186
B13,a,h029,-0.000768,-0.00015594905136691523
B26,c,h029,-0.0026880000000000003,-0.0005458216797842034
B27,c,h029,-0.001536,-0.00031189810273383046
B29,c,h029,-0.001152,-0.00023392357705037285
B30,c,h029,-0.000768,-0.00015594905136691523
B32,c,h029,-0.00192,-0.00038987262841728813
B40,a,h029,-0.001536,-0.00031189810273383046
B52,c,h029,-0.00576,-0.0011696178852518642
B61,c,h029,-0.001152,-0.00023392357705037285
B78,c,h029,-0.003456,-0.0007017707311511186
B79,c,h029,-0.000768,-0.00015594905136691523
B80,c,h029,-0.0026880000000000003,-0.0005458216797842034
B85,a,h029,-0.001536,-0.00031189810273383046
B86,a,h029,-0.000384,-7.797452568345762e-5
B91,a,h029,-0.000384,-7.797452568345762e-5
B94,b,h029,-0.008064,-0.00163746503935261
B95,b,h029,-0.005376000000000001,-0.0010916433595684067
B97,c,h029,-0.002304,-0.0004678471541007457
B100,a,h029,-0.003456,-0.0007017707311511186
B13,a,h030,-0.001152,-0.00023392357705037285
B26,c,h030,-0.003072,-0.0006237962054676609
B27,c,h030,-0.002304,-0.0004678471541007457
B29,c,h030,-0.001536,-0.00031189810273383046
B30,c,h030,-0.000768,-0.00015594905136691523
B32,c,h030,-0.00192,-0.00038987262841728813
B40,a,h030,-0.00192,-0.00038987262841728813
B52,c,h030,-0.00384,-0.0007797452568345763
B61,c,h030,-0.001536,-0.00031189810273383046
B78,c,h030,-0.003456,-0.0007017707311511186
B79,c,h030,-0.000768,-0.00015594905136691523
B80,c,h030,-0.001536,-0.00031189810273383046
B85,a,h030,-0.000768,-0.00015594905136691523
B86,a,h030,-0.000768,-0.00015594905136691523
B91,a,h030,-0.000768,-0.00015594905136691523
B94,b,h030,-0.00768,-0.0015594905136691525
B95,b,h030,-0.005376000000000001,-0.0010916433595684067
B97,c,h030,-0.0026880000000000003,-0.0005458216797842034
B100,a,h030,-0.003456,-0.0007017707311511186
B13,a,h031,-0.001152,-0.00023392357705037285
B26,c,h031,-0.0026880000000000003,-0.0005458216797842034
B27,c,h031,-0.002304,-0.0004678471541007457
B29,c,h031,-0.001536,-0.00031189810273383046
B30,c,h031,-0.000768,-0.00015594905136691523
B32,c,h031,-0.003072,-0.0006237962054676609
B40,a,h031,-0.001152,-0.00031189810273383046
B52,c,h031,-0.00384,-0.0007797452568345763
B61,c,h031,-0.00192,-0.00038987262841728813
B78,c,h031,-0.00384,-0.0007797452568345763
B79,c,h031,-0.000384,-7.797452568345762e-5
B80,c,h031,-0.002304,-0.0004678471541007457
B85,a,h031,-0.001536,-0.00031189810273383046
B86,a,h031,-0.001536,-0.00031189810273383046
B91,a,h031,-0.000768,-0.00015594905136691523
B94,b,h031,-0.008064,-0.00163746503935261
B95,b,h031,-0.005376000000000001,-0.0010916433595684067
B97,c,h031,-0.0026880000000000003,-0.0005458216797842034
B100,a,h031,-0.003456,-0.0007017707311511186
B13,a,h032,-0.001536,-0.00031189810273383046
B26,c,h032,-0.0026880000000000003,-0.0005458216797842034
B27,c,h032,-0.002304,-0.0004678471541007457
B29,c,h032,-0.000768,-0.00015594905136691523
B30,c,h032,-0.000384,-7.797452568345762e-5
B32,c,h032,-0.0026880000000000003,-0.0005458216797842034
B40,a,h032,0.006144,-0.0005458216797842033
B52,c,h032,-0.00384,-0.0007797452568345763
B61,c,h032,-0.001536,-0.00031189810273383046
B78,c,h032,-0.003456,-0.0007017707311511186
B79,c,h032,-0.00192,-0.00038987262841728813
B80,c,h032,-0.003456,-0.0007017707311511186
B85,a,h032,-0.003456,-0.0007017707311511186
B86,a,h032,-0.001536,-0.00031189810273383046
B91,a,h032,-0.001536,-0.00031189810273383046
B94,b,h032,-0.009600000000000001,-0.0019493631420864407
B95,b,h032,-0.005376000000000001,-0.0010916433595684067
B97,c,h032,-0.0026880000000000003,-0.0005458216797842034
B100,a,h032,-0.003456,-0.0007017707311511186
B13,a,h033,-0.00576,-0.0011696178852518642
B26,c,h033,-0.001536,-0.00031189810273383046
B27,c,h033,-0.004224,-0.0008577197825180339
B29,c,h033,-0.000768,-0.00015594905136691523
B32,c,h033,-0.00192,-0.00038987262841728813
B40,a,h033,0.012288,-0.00031189810273383025
B52,c,h033,-0.00384,-0.0007797452568345763
B61,c,h033,-0.001536,-0.00031189810273383046
B78,c,h033,-0.003456,-0.0007017707311511186
B79,c,h033,-0.000768,-0.00015594905136691523
B80,c,h033,-0.001152,-0.00023392357705037285
B85,a,h033,-0.001152,-0.00023392357705037285
B86,a,h033,-0.00192,-0.00038987262841728813
B91,a,h033,-0.000384,-7.797452568345762e-5
B94,b,h033,-0.009600000000000001,-0.0019493631420864407
B95,b,h033,-0.00576,-0.0011696178852518642
B97,c,h033,-0.002304,-0.0004678471541007457
B100,a,h033,-0.003456,-0.0007017707311511186
B13,a,h034,-0.00192,-0.00038987262841728813
B26,c,h034,-0.001152,-0.00023392357705037285
B27,c,h034,-0.005376000000000001,-0.0010916433595684067
B29,c,h034,-0.000768,-0.00015594905136691523
B30,c,h034,-0.001152,-0.00023392357705037285
B32,c,h034,-0.003072,-0.0006237962054676609
B40,a,h034,0.021504000000000002,-0.00038987262841728786
B52,c,h034,-0.006144,-0.0012475924109353219
B61,c,h034,-0.000768,-0.00015594905136691523
B78,c,h034,-0.004608,-0.0009356943082014914
B79,c,h034,-0.000768,-0.00015594905136691523
B80,c,h034,-0.000768,-0.00015594905136691523
B85,a,h034,-0.001536,-0.00031189810273383046
B86,a,h034,-0.006144,-0.0012475924109353219
B91,a,h034,-0.000768,-0.00015594905136691523
B94,b,h034,-0.006912,-0.0014035414623022372
B95,b,h034,-0.005376000000000001,-0.0010916433595684067
B97,c,h034,-0.0026880000000000003,-0.0005458216797842034
B100,a,h034,-0.00384,-0.0007797452568345763
B13,a,h035,-0.003456,-0.0007017707311511186
B26,c,h035,-0.001536,-0.00031189810273383046
B27,c,h035,-0.005376000000000001,-0.0010916433595684067
B29,c,h035,-0.000768,-0.00015594905136691523
B30,c,h035,-0.000384,-7.797452568345762e-5
B32,c,h035,-0.008448,-0.0017154395650360679
B40,a,h035,0.023424,-0.00038987262841728846
B52,c,h035,-0.00384,-0.0007797452568345763
B61,c,h035,-0.001152,-0.00023392357705037285
B78,c,h035,-0.0026880000000000003,-0.0005458216797842034
B79,c,h035,-0.00192,-0.00038987262841728813
B80,c,h035,-0.000768,-0.00015594905136691523
B85,a,h035,-0.001152,-0.00023392357705037285
B86,a,h035,-0.001536,-0.00031189810273383046
B91,a,h035,-0.012288,-0.0024951848218706437
B94,b,h035,-0.00576,-0.0011696178852518642
B95,b,h035,-0.00576,-0.0011696178852518642
B97,c,h035,-0.003072,-0.0006237962054676609
B100,a,h035,-0.00384,-0.0007797452568345763
B13,a,h036,-0.002304,-0.0004678471541007457
B26,c,h036,-0.00192,-0.00038987262841728813
B27,c,h036,-0.0026880000000000003,-0.0005458216797842034
B29,c,h036,-0.001536,-0.00031189810273383046
B30,c,h036,-0.000384,-7.797452568345762e-5
B32,c,h036,-0.001536,-0.00031189810273383046
B40,a,h036,0.024576,-0.00038987262841728846
B52,c,h036,-0.00576,-0.0011696178852518642
B61,c,h036,-0.000768,-0.00015594905136691523
B78,c,h036,-0.001152,-0.00023392357705037285
B79,c,h036,-0.000384,-7.797452568345762e-5
B80,c,h036,-0.000768,-0.00015594905136691523
B85,a,h036,-0.001152,-0.00023392357705037285
B86,a,h036,-0.001152,-0.00023392357705037285
B91,a,h036,-0.006144,-0.0012475924109353219
B94,b,h036,-0.006528,-0.0013255669366187795
B95,b,h036,-0.00576,-0.0011696178852518642
B97,c,h036,-0.002304,-0.0004678471541007457
B100,a,h036,-0.00384,-0.0007797452568345763
B13,a,h037,-0.003072,-0.0006237962054676609
B26,c,h037,-0.001536,-0.00031189810273383046
B27,c,h037,-0.000768,-0.00015594905136691523
B29,c,h037,-0.002304,-0.0004678471541007457
B30,c,h037,-0.003456,-0.0007017707311511186
B32,c,h037,-0.001152,-0.00023392357705037285
B40,a,h037,0.018816,-0.0006237962054676609
B52,c,h037,-0.003456,-0.0007017707311511186
B61,c,h037,-0.000768,-0.00015594905136691523
B73,b,h037,-0.000384,-7.797452568345762e-5
B78,c,h037,-0.001536,-0.00031189810273383046
B79,c,h037,-0.00192,-0.00038987262841728813
B80,c,h037,-0.001152,-0.00023392357705037285
B85,a,h037,-0.001152,-0.00023392357705037285
B86,a,h037,-0.001152,-0.00023392357705037285
B91,a,h037,-0.002304,-0.0004678471541007457
B94,b,h037,-0.00576,-0.0011696178852518642
B95,b,h037,-0.005376000000000001,-0.0010916433595684067
B97,c,h037,-0.00192,-0.00038987262841728813
B100,a,h037,-0.003456,-0.0007017707311511186
B13,a,h038,-0.006528,-0.0013255669366187795
B26,c,h038,-0.001152,-0.00023392357705037285
B27,c,h038,-0.001536,-0.00031189810273383046
B29,c,h038,-0.0026880000000000003,-0.0005458216797842034
B30,c,h038,-0.003456,-0.0007017707311511186
B32,c,h038,-0.001152,-0.00023392357705037285
B40,a,h038,0.018816,-0.0004678471541007456
B52,c,h038,-0.003072,-0.0006237962054676609
B61,c,h038,-0.000384,-7.797452568345762e-5
B78,c,h038,-0.001152,-0.00023392357705037285
B79,c,h038,-0.000768,-0.00015594905136691523
B80,c,h038,-0.001536,-0.00031189810273383046
B85,a,h038,-0.0026880000000000003,-0.0005458216797842034
B86,a,h038,-0.000384,-7.797452568345762e-5
B91,a,h038,-0.000384,-7.797452568345762e-5
B94,b,h038,-0.004992,-0.001013668833884949
B95,b,h038,-0.00576,-0.0011696178852518642
B97,c,h038,-0.0026880000000000003,-0.0005458216797842034
B100,a,h038,-0.004608,-0.0009356943082014914
B13,a,h039,-0.00192,-0.00038987262841728813
B26,c,h039,-0.001152,-0.00023392357705037285
B27,c,h039,-0.001152,-0.00023392357705037285
B29,c,h039,-0.000768,-0.00015594905136691523
B30,c,h039,-0.001536,-0.00031189810273383046
B32,c,h039,-0.001152,-0.00023392357705037285
B40,a,h039,0.013824,-0.00038987262841728846
B52,c,h039,-0.003456,-0.0007017707311511186
B61,c,h039,-0.000384,-7.797452568345762e-5
B78,c,h039,-0.001152,-0.00023392357705037285
B79,c,h039,-0.002304,-0.0004678471541007457
B80,c,h039,-0.001152,-0.00023392357705037285
B85,a,h039,-0.00192,-0.00038987262841728813
B86,a,h039,-0.000768,-0.00015594905136691523
B91,a,h039,-0.000768,-0.00015594905136691523
B94,b,h039,-0.00576,-0.0011696178852518642
B95,b,h039,-0.005376000000000001,-0.0010916433595684067
B97,c,h039,-0.002304,-0.0004678471541007457
B100,a,h039,-0.00384,-0.0007797452568345763
B13,a,h040,-0.002304,-0.0004678471541007457
B26,c,h040,-0.001536,-0.00031189810273383046
B27,c,h040,-0.001152,-0.00023392357705037285
B29,c,h040,-0.000768,-0.00015594905136691523
B32,c,h040,-0.001152,-0.00023392357705037285
B40,a,h040,0.0072959999999999995,-0.0003898726284172882
B52,c,h040,-0.003456,-0.0007017707311511186
B61,c,h040,-0.000384,-7.797452568345762e-5
B78,c,h040,-0.005376000000000001,-0.0010916433595684067
B79,c,h040,-0.000384,-7.797452568345762e-5
B80,c,h040,-0.000768,-0.00015594905136691523
B85,a,h040,-0.001536,-0.00031189810273383046
B86,a,h040,-0.000384,-7.797452568345762e-5
B91,a,h040,-0.00192,-0.00038987262841728813
B94,b,h040,-0.006144,-0.0012475924109353219
B95,b,h040,-0.00576,-0.0011696178852518642
B97,c,h040,-0.006912,-0.0014035414623022372
B100,a,h040,-0.00384,-0.0007797452568345763
B13,a,h041,-0.0026880000000000003,-0.0005458216797842034
B26,c,h041,-0.00576,-0.0011696178852518642
B27,c,h041,-0.001152,-0.00023392357705037285
B29,c,h041,-0.001152,-0.00023392357705037285
B30,c,h041,-0.00192,-0.00038987262841728813
B32,c,h041,-0.004224,-0.0008577197825180339
B40,a,h041,0.00192,-0.00038987262841728813
B52,c,h041,-0.004992,-0.001013668833884949
B78,c,h041,-0.004992,-0.001013668833884949
B79,c,h041,-0.003456,-0.0007017707311511186
B80,c,h041,-0.003072,-0.0006237962054676609
B85,a,h041,-0.002304,-0.0004678471541007457
B86,a,h041,-0.000768,-0.00015594905136691523
B91,a,h041,-0.00192,-0.00038987262841728813
B94,b,h041,-0.006144,-0.0012475924109353219
B95,b,h041,-0.005376000000000001,-0.0010916433595684067
B97,c,h041,-0.004608,-0.0009356943082014914
B100,a,h041,-0.003456,-0.0007017707311511186
B13,a,h042,-0.008064,-0.00163746503935261
B26,c,h042,-0.003456,-0.0007017707311511186
B27,c,h042,-0.001152,-0.00023392357705037285
B29,c,h042,-0.000768,-0.00015594905136691523
B30,c,h042,-0.000768,-0.00015594905136691523
B32,c,h042,-0.003072,-0.0006237962054676609
B40,a,h042,-0.000384,-0.0004678471541007457
B52,c,h042,-0.003456,-0.0007017707311511186
B61,c,h042,-0.000384,-7.797452568345762e-5
B78,c,h042,-0.0026880000000000003,-0.0005458216797842034
B79,c,h042,-0.000384,-7.797452568345762e-5
B80,c,h042,-0.00192,-0.00038987262841728813
B85,a,h042,-0.002304,-0.0004678471541007457
B86,a,h042,-0.001152,-0.00023392357705037285
B91,a,h042,-0.012672000000000001,-0.002573159347554101
B94,b,h042,-0.00576,-0.0011696178852518642
B95,b,h042,-0.00576,-0.0011696178852518642
B97,c,h042,-0.003072,-0.0006237962054676609
B100,a,h042,-0.00384,-0.0007797452568345763
B13,a,h043,-0.006144,-0.0012475924109353219
B26,c,h043,-0.001152,-0.00023392357705037285
B27,c,h043,-0.00192,-0.00038987262841728813
B29,c,h043,-0.000768,-0.00015594905136691523
B30,c,h043,-0.000768,-0.00015594905136691523
B32,c,h043,-0.004224,-0.0008577197825180339
B40,a,h043,-0.00192,-0.0004678471541007457
B52,c,h043,-0.003072,-0.0006237962054676609
B78,c,h043,-0.000768,-0.00015594905136691523
B79,c,h043,-0.001536,-0.00031189810273383046
B80,c,h043,-0.00192,-0.00038987262841728813
B85,a,h043,-0.003456,-0.0007017707311511186
B86,a,h043,-0.000768,-0.00015594905136691523
B91,a,h043,-0.001152,-0.00023392357705037285
B94,b,h043,-0.004992,-0.001013668833884949
B95,b,h043,-0.005376000000000001,-0.0010916433595684067
B97,c,h043,-0.005376000000000001,-0.0010916433595684067
B100,a,h043,-0.00384,-0.0007797452568345763
B13,a,h044,-0.003456,-0.0007017707311511186
B26,c,h044,-0.001152,-0.00023392357705037285
B27,c,h044,-0.001536,-0.00031189810273383046
B29,c,h044,-0.001536,-0.00031189810273383046
B30,c,h044,-0.001152,-0.00023392357705037285
B32,c,h044,-0.0026880000000000003,-0.0005458216797842034
B40,a,h044,-0.00192,-0.00038987262841728813
B52,c,h044,-0.003456,-0.0007017707311511186
B78,c,h044,-0.001536,-0.00031189810273383046
B79,c,h044,-0.001536,-0.00031189810273383046
B80,c,h044,-0.002304,-0.0004678471541007457
B85,a,h044,-0.00192,-0.00038987262841728813
B86,a,h044,-0.001536,-0.00031189810273383046
B91,a,h044,-0.003072,-0.0006237962054676609
B94,b,h044,-0.005376000000000001,-0.0010916433595684067
B95,b,h044,-0.006144,-0.0012475924109353219
B97,c,h044,-0.0026880000000000003,-0.0005458216797842034
B100,a,h044,-0.003072,-0.0006237962054676609
B13,a,h045,-0.003072,-0.0006237962054676609
B26,c,h045,-0.000768,-0.00015594905136691523
B27,c,h045,-0.004224,-0.0008577197825180339
B29,c,h045,-0.002304,-0.0004678471541007457
B30,c,h045,-0.000768,-0.00015594905136691523
B32,c,h045,-0.0026880000000000003,-0.0005458216797842034
B40,a,h045,-0.0026880000000000003,-0.0005458216797842034
B52,c,h045,-0.003072,-0.0006237962054676609
B61,c,h045,-0.000768,-0.00015594905136691523
B78,c,h045,-0.001536,-0.00031189810273383046
B79,c,h045,-0.001152,-0.00023392357705037285
B80,c,h045,-0.003456,-0.0007017707311511186
B85,a,h045,-0.00384,-0.0007797452568345763
B86,a,h045,-0.001152,-0.00023392357705037285
B91,a,h045,-0.010752000000000001,-0.0021832867191368135
B94,b,h045,-0.004992,-0.001013668833884949
B95,b,h045,-0.006144,-0.0012475924109353219
B97,c,h045,-0.003072,-0.0006237962054676609
B100,a,h045,-0.00384,-0.0007797452568345763
B13,a,h046,-0.002304,-0.0004678471541007457
B26,c,h046,-0.00192,-0.00038987262841728813
B27,c,h046,-0.006144,-0.0012475924109353219
B29,c,h046,-0.001536,-0.00031189810273383046
B30,c,h046,-0.000768,-0.00015594905136691523
B32,c,h046,-0.0026880000000000003,-0.0005458216797842034
B40,a,h046,-0.001152,-0.00023392357705037285
B52,c,h046,-0.003072,-0.0006237962054676609
B61,c,h046,-0.000384,-7.797452568345762e-5
B78,c,h046,-0.001536,-0.00031189810273383046
B79,c,h046,-0.001536,-0.00031189810273383046
B80,c,h046,-0.0026880000000000003,-0.0005458216797842034
B85,a,h046,-0.00192,-0.00038987262841728813
B86,a,h046,-0.003072,-0.0006237962054676609
B91,a,h046,-0.001536,-0.00031189810273383046
B94,b,h046,-0.004608,-0.0009356943082014914
B95,b,h046,-0.00576,-0.0011696178852518642
B97,c,h046,-0.002304,-0.0004678471541007457
B100,a,h046,-0.003072,-0.0006237962054676609
B13,a,h047,-0.001536,-0.00031189810273383046
B26,c,h047,-0.001536,-0.00031189810273383046
B27,c,h047,-0.0026880000000000003,-0.0005458216797842034
B29,c,h047,-0.004608,-0.0009356943082014914
B30,c,h047,-0.00192,-0.00038987262841728813
B32,c,h047,-0.0026880000000000003,-0.0005458216797842034
B40,a,h047,-0.001536,-0.00031189810273383046
B52,c,h047,-0.003456,-0.0007017707311511186
B61,c,h047,-0.000768,-0.00015594905136691523
B78,c,h047,-0.001536,-0.00031189810273383046
B79,c,h047,-0.000768,-0.00015594905136691523
B80,c,h047,-0.003072,-0.0006237962054676609
B85,a,h047,-0.00192,-0.00038987262841728813
B86,a,h047,-0.000384,-7.797452568345762e-5
B91,a,h047,-0.003456,-0.0007017707311511186
B94,b,h047,-0.004608,-0.0009356943082014914
B95,b,h047,-0.005376000000000001,-0.0010916433595684067
B97,c,h047,-0.0026880000000000003,-0.0005458216797842034
B100,a,h047,-0.003456,-0.0007017707311511186
B13,a,h048,-0.001536,-0.00031189810273383046
B26,c,h048,-0.001536,-0.00031189810273383046
B27,c,h048,-0.000768,-0.00015594905136691523
B29,c,h048,-0.00384,-0.0007797452568345763
B30,c,h048,-0.000768,-0.00015594905136691523
B32,c,h048,-0.002304,-0.0004678471541007457
B40,a,h048,-0.001536,-0.00031189810273383046
B52,c,h048,-0.003456,-0.0007017707311511186
B78,c,h048,-0.001152,-0.00023392357705037285
B79,c,h048,-0.000768,-0.00015594905136691523
B80,c,h048,-0.0026880000000000003,-0.0005458216797842034
B85,a,h048,-0.00192,-0.00038987262841728813
B86,a,h048,-0.000768,-0.00015594905136691523
B91,a,h048,-0.000768,-0.00015594905136691523
B94,b,h048,-0.005376000000000001,-0.0010916433595684067
B95,b,h048,-0.00576,-0.0011696178852518642
B97,c,h048,-0.00192,-0.00038987262841728813
B100,a,h048,-0.003456,-0.0007017707311511186
B13,a,h049,-0.001536,-0.00031189810273383046
B26,c,h049,-0.001536,-0.00031189810273383046
B27,c,h049,-0.001152,-0.00023392357705037285
B29,c,h049,-0.000768,-0.00015594905136691523
B30,c,h049,-0.000384,-7.797452568345762e-5
B32,c,h049,-0.0026880000000000003,-0.0005458216797842034
B40,a,h049,-0.001536,-0.00031189810273383046
B52,c,h049,-0.005376000000000001,-0.0010916433595684067
B61,c,h049,-0.000768,-0.00015594905136691523
B73,b,h049,-0.000384,-7.797452568345762e-5
B78,c,h049,-0.004608,-0.0009356943082014914
B79,c,h049,-0.000384,-7.797452568345762e-5
B80,c,h049,-0.002304,-0.0004678471541007457
B85,a,h049,-0.000768,-0.00015594905136691523
B86,a,h049,-0.000384,-7.797452568345762e-5
B91,a,h049,-0.00192,-0.00038987262841728813
B94,b,h049,-0.004608,-0.0009356943082014914
B95,b,h049,-0.005376000000000001,-0.0010916433595684067
B97,c,h049,-0.002304,-0.0004678471541007457
B100,a,h049,-0.003456,-0.0007017707311511186
B13,a,h050,-0.00192,-0.00038987262841728813
B26,c,h050,-0.001152,-0.00023392357705037285
B27,c,h050,-0.000768,-0.00015594905136691523
B29,c,h050,-0.001152,-0.00023392357705037285
B30,c,h050,-0.000384,-7.797452568345762e-5
B32,c,h050,-0.0026880000000000003,-0.0005458216797842034
B40,a,h050,-0.001536,-0.00031189810273383046
B52,c,h050,-0.003456,-0.0007017707311511186
B61,c,h050,-0.001152,-0.00023392357705037285
B78,c,h050,-0.003456,-0.0007017707311511186
B79,c,h050,-0.000768,-0.00015594905136691523
B80,c,h050,-0.003072,-0.0006237962054676609
B85,a,h050,-0.000768,-0.00015594905136691523
B86,a,h050,-0.000384,-7.797452568345762e-5
B91,a,h050,-0.000768,-0.00015594905136691523
B94,b,h050,-0.004992,-0.001013668833884949
B95,b,h050,-0.005376000000000001,-0.0010916433595684067
B97,c,h050,-0.0026880000000000003,-0.0005458216797842034
B100,a,h050,-0.003456,-0.0007017707311511186
B13,a,h051,-0.001152,-0.00023392357705037285
B26,c,h051,-0.00192,-0.00038987262841728813
B27,c,h051,-0.001152,-0.00023392357705037285
B29,c,h051,-0.001536,-0.00031189810273383046
B30,c,h051,-0.000768,-0.00015594905136691523
B32,c,h051,-0.0026880000000000003,-0.0005458216797842034
B40,a,h051,-0.001536,-0.00031189810273383046
B52,c,h051,-0.00384,-0.0007797452568345763
B61,c,h051,-0.001152,-0.00023392357705037285
B78,c,h051,-0.008832,-0.0017934140907195253
B79,c,h051,-0.000384,-7.797452568345762e-5
B80,c,h051,-0.003072,-0.0006237962054676609
B85,a,h051,-0.001536,-0.00031189810273383046
B86,a,h051,-0.001536,-0.00031189810273383046
B91,a,h051,-0.000384,-7.797452568345762e-5
B94,b,h051,-0.005376000000000001,-0.0010916433595684067
B95,b,h051,-0.005376000000000001,-0.0010916433595684067
B97,c,h051,-0.002304,-0.0004678471541007457
B100,a,h051,-0.003456,-0.0007017707311511186
B13,a,h052,-0.001536,-0.00031189810273383046
B26,c,h052,-0.00192,-0.00038987262841728813
B27,c,h052,-0.001152,-0.00023392357705037285
B29,c,h052,-0.00192,-0.00038987262841728813
B30,c,h052,-0.000768,-0.00015594905136691523
B32,c,h052,-0.0026880000000000003,-0.0005458216797842034
B40,a,h052,-0.001536,-0.00031189810273383046
B52,c,h052,-0.003072,-0.0006237962054676609
B61,c,h052,-0.001152,-0.00023392357705037285
B78,c,h052,-0.004224,-0.0008577197825180339
B79,c,h052,-0.002304,-0.0004678471541007457
B80,c,h052,-0.0026880000000000003,-0.0005458216797842034
B85,a,h052,-0.001152,-0.00023392357705037285
B86,a,h052,-0.000768,-0.00015594905136691523
B91,a,h052,-0.000384,-7.797452568345762e-5
B94,b,h052,-0.004992,-0.001013668833884949
B95,b,h052,-0.004992,-0.001013668833884949
B97,c,h052,-0.002304,-0.0004678471541007457
B100,a,h052,-0.003072,-0.0006237962054676609
B13,a,h053,-0.00192,-0.00038987262841728813
B26,c,h053,-0.001152,-0.00023392357705037285
B27,c,h053,-0.00384,-0.0007797452568345763
B29,c,h053,-0.001152,-0.00023392357705037285
B30,c,h053,-0.000384,-7.797452568345762e-5
B32,c,h053,-0.002304,-0.0004678471541007457
B40,a,h053,-0.001536,-0.00031189810273383046
B52,c,h053,-0.00384,-0.0007797452568345763
B61,c,h053,-0.000768,-0.00015594905136691523
B78,c,h053,-0.003456,-0.0007017707311511186
B79,c,h053,-0.000768,-0.00015594905136691523
B80,c,h053,-0.0026880000000000003,-0.0005458216797842034
B85,a,h053,-0.000768,-0.00015594905136691523
B86,a,h053,-0.000768,-0.00015594905136691523
B91,a,h053,-0.00192,-0.00038987262841728813
B94,b,h053,-0.005376000000000001,-0.0010916433595684067
B95,b,h053,-0.005376000000000001,-0.0010916433595684067
B97,c,h053,-0.0026880000000000003,-0.0005458216797842034
B100,a,h053,-0.003456,-0.0007017707311511186
B13,a,h054,-0.00192,-0.00038987262841728813
B26,c,h054,-0.00192,-0.00038987262841728813
B27,c,h054,-0.00576,-0.0011696178852518642
B29,c,h054,-0.001152,-0.00023392357705037285
B32,c,h054,-0.002304,-0.0004678471541007457
B40,a,h054,-0.00192,-0.00038987262841728813
B52,c,h054,-0.003456,-0.0007017707311511186
B61,c,h054,-0.001152,-0.00023392357705037285
B78,c,h054,-0.011904,-0.0024172102961871863
B79,c,h054,-0.000768,-0.00015594905136691523
B80,c,h054,-0.001536,-0.00031189810273383046
B85,a,h054,-0.002304,-0.0004678471541007457
B86,a,h054,-0.001536,-0.00031189810273383046
B91,a,h054,-0.000384,-7.797452568345762e-5
B94,b,h054,-0.004992,-0.001013668833884949
B95,b,h054,-0.005376000000000001,-0.0010916433595684067
B97,c,h054,-0.00192,-0.00038987262841728813
B100,a,h054,-0.003456,-0.0007017707311511186
B13,a,h055,-0.003072,-0.0006237962054676609
B26,c,h055,-0.002304,-0.0004678471541007457
B27,c,h055,-0.004608,-0.0009356943082014914
B29,c,h055,-0.000768,-0.00015594905136691523
B30,c,h055,-0.001536,-0.00031189810273383046
B32,c,h055,-0.0026880000000000003,-0.0005458216797842034
B40,a,h055,-0.0023040000000000005,-0.0005458216797842034
B52,c,h055,-0.007296,-0.0014815159879856949
B61,c,h055,-0.001152,-0.00023392357705037285
B78,c,h055,-0.00192,-0.00038987262841728813
B79,c,h055,-0.000768,-0.00015594905136691523
B80,c,h055,-0.00192,-0.00038987262841728813
B85,a,h055,-0.001536,-0.00031189810273383046
B86,a,h055,-0.001536,-0.00031189810273383046
B91,a,h055,-0.000384,-7.797452568345762e-5
B94,b,h055,-0.005376000000000001,-0.0010916433595684067
B95,b,h055,-0.00576,-0.0011696178852518642
B97,c,h055,-0.0026880000000000003,-0.0005458216797842034
B100,a,h055,-0.003456,-0.0007017707311511186
B13,a,h056,-0.0026880000000000003,-0.0005458216797842034
B26,c,h056,-0.001152,-0.00023392357705037285
B27,c,h056,-0.0026880000000000003,-0.0005458216797842034
B29,c,h056,-0.000768,-0.00015594905136691523
B30,c,h056,-0.0026880000000000003,-0.0005458216797842034
B32,c,h056,-0.002304,-0.0004678471541007457
B40,a,h056,-0.001536,-0.0006237962054676609
B52,c,h056,-0.006912,-0.0014035414623022372
B61,c,h056,-0.001536,-0.00031189810273383046
B78,c,h056,-0.000384,-7.797452568345762e-5
B79,c,h056,-0.000384,-7.797452568345762e-5
B80,c,h056,-0.000768,-0.00015594905136691523
B85,a,h056,-0.0026880000000000003,-0.0005458216797842034
B86,a,h056,-0.00192,-0.00038987262841728813
B91,a,h056,-0.000384,-7.797452568345762e-5
B94,b,h056,-0.006912,-0.0014035414623022372
B95,b,h056,-0.00576,-0.0011696178852518642
B97,c,h056,-0.0026880000000000003,-0.0005458216797842034
B100,a,h056,-0.003456,-0.0007017707311511186
B13,a,h057,-0.004224,-0.0008577197825180339
B26,c,h057,-0.001536,-0.00031189810273383046
B27,c,h057,-0.004224,-0.0008577197825180339
B29,c,h057,-0.000768,-0.00015594905136691523
B30,c,h057,-0.005376000000000001,-0.0010916433595684067
B32,c,h057,-0.00768,-0.0015594905136691525
B40,a,h057,0.0011519999999999998,-0.0005458216797842034
B52,c,h057,-0.00384,-0.0007797452568345763
B61,c,h057,-0.001536,-0.00031189810273383046
B78,c,h057,-0.000768,-0.00015594905136691523
B79,c,h057,-0.001152,-0.00023392357705037285
B80,c,h057,-0.000384,-7.797452568345762e-5
B85,a,h057,-0.00192,-0.00038987262841728813
B86,a,h057,-0.001152,-0.00023392357705037285
B91,a,h057,-0.000768,-0.00015594905136691523
B94,b,h057,-0.006912,-0.0014035414623022372
B95,b,h057,-0.005376000000000001,-0.0010916433595684067
B97,c,h057,-0.002304,-0.0004678471541007457
B100,a,h057,-0.003456,-0.0007017707311511186
B13,a,h058,-0.003456,-0.0007017707311511186
B26,c,h058,-0.001152,-0.00023392357705037285
B27,c,h058,-0.0026880000000000003,-0.0005458216797842034
B29,c,h058,-0.004608,-0.0009356943082014914
B30,c,h058,-0.000384,-7.797452568345762e-5
B32,c,h058,-0.006144,-0.0012475924109353219
B40,a,h058,0.004224,-0.00031189810273383046
B52,c,h058,-0.003456,-0.0007017707311511186
B61,c,h058,-0.001152,-0.00023392357705037285
B78,c,h058,-0.000768,-0.00015594905136691523
B79,c,h058,-0.00192,-0.00038987262841728813
B80,c,h058,-0.000768,-0.00015594905136691523
B85,a,h058,-0.001536,-0.00031189810273383046
B86,a,h058,-0.002304,-0.0004678471541007457
B91,a,h058,-0.00192,-0.00038987262841728813
B94,b,h058,-0.006528,-0.0013255669366187795
B95,b,h058,-0.005376000000000001,-0.0010916433595684067
B97,c,h058,-0.00192,-0.00038987262841728813
B100,a,h058,-0.003456,-0.0007017707311511186
B13,a,h059,-0.0026880000000000003,-0.0005458216797842034
B26,c,h059,-0.001152,-0.00023392357705037285
B27,c,h059,-0.004992,-0.001013668833884949
B29,c,h059,-0.000768,-0.00015594905136691523
B30,c,h059,-0.00192,-0.00038987262841728813
B32,c,h059,-0.00576,-0.0011696178852518642
B40,a,h059,0.011136,-0.0003898726284172882
B52,c,h059,-0.003072,-0.0006237962054676609
B61,c,h059,-0.001152,-0.00023392357705037285
B78,c,h059,-0.000384,-7.797452568345762e-5
B79,c,h059,-0.000768,-0.00015594905136691523
B80,c,h059,-0.000384,-7.797452568345762e-5
B85,a,h059,-0.003456,-0.0007017707311511186
B86,a,h059,-0.000384,-7.797452568345762e-5
B91,a,h059,-0.008448,-0.0017154395650360679
B94,b,h059,-0.006144,-0.0012475924109353219
B95,b,h059,-0.00576,-0.0011696178852518642
B97,c,h059,-0.002304,-0.0004678471541007457
B100,a,h059,-0.003456,-0.0007017707311511186
B13,a,h060,-0.003072,-0.0006237962054676609
B26,c,h060,-0.001152,-0.00023392357705037285
B27,c,h060,-0.004992,-0.001013668833884949
B29,c,h060,-0.001152,-0.00023392357705037285
B30,c,h060,-0.00192,-0.00038987262841728813
B32,c,h060,-0.001536,-0.00031189810273383046
B40,a,h060,0.017664,-0.000233923577050373
B52,c,h060,-0.00384,-0.0007797452568345763
B61,c,h060,-0.001152,-0.00023392357705037285
B78,c,h060,-0.000768,-0.00015594905136691523
B79,c,h060,-0.000384,-7.797452568345762e-5
B80,c,h060,-0.000384,-7.797452568345762e-5
B85,a,h060,-0.002304,-0.0004678471541007457
B86,a,h060,-0.000384,-7.797452568345762e-5
B91,a,h060,-0.003072,-0.0006237962054676609
B94,b,h060,-0.006528,-0.0013255669366187795
B95,b,h060,-0.005376000000000001,-0.0010916433595684067
B97,c,h060,-0.002304,-0.0004678471541007457
B100,a,h060,-0.003456,-0.0007017707311511186
B13,a,h061,-0.002304,-0.0004678471541007457
B26,c,h061,-0.001152,-0.00023392357705037285
B27,c,h061,-0.004992,-0.001013668833884949
B29,c,h061,-0.001152,-0.00023392357705037285
B30,c,h061,-0.00384,-0.0007797452568345763
B32,c,h061,-0.001152,-0.00023392357705037285
B40,a,h061,0.009216000000000002,-0.00031189810273383046
B52,c,h061,-0.003072,-0.0006237962054676609
B61,c,h061,-0.000768,-0.00015594905136691523
B73,b,h061,-0.000384,-7.797452568345762e-5
B78,c,h061,-0.000768,-0.00015594905136691523
B79,c,h061,-0.000768,-0.00015594905136691523
B80,c,h061,-0.000768,-0.00015594905136691523
B85,a,h061,-0.003456,-0.0007017707311511186
B86,a,h061,-0.000384,-7.797452568345762e-5
B91,a,h061,-0.003072,-0.0006237962054676609
B94,b,h061,-0.006144,-0.0012475924109353219
B95,b,h061,-0.00576,-0.0011696178852518642
B97,c,h061,-0.00192,-0.00038987262841728813
B100,a,h061,-0.00384,-0.0007797452568345763
B13,a,h062,-0.001536,-0.00031189810273383046
B26,c,h062,-0.001152,-0.00023392357705037285
B27,c,h062,-0.004992,-0.001013668833884949
B29,c,h062,-0.001536,-0.00031189810273383046
B30,c,h062,-0.003072,-0.0006237962054676609
B32,c,h062,-0.001152,-0.00023392357705037285
B40,a,h062,0.004992,-0.0005458216797842034
B52,c,h062,-0.003072,-0.0006237962054676609
B61,c,h062,-0.000768,-0.00015594905136691523
B78,c,h062,-0.00192,-0.00038987262841728813
B79,c,h062,-0.002304,-0.0004678471541007457
B80,c,h062,-0.001152,-0.00023392357705037285
B85,a,h062,-0.001536,-0.00031189810273383046
B86,a,h062,-0.00192,-0.00038987262841728813
B91,a,h062,-0.00384,-0.0007797452568345763
B94,b,h062,-0.004608,-0.0009356943082014914
B95,b,h062,-0.00576,-0.0011696178852518642
B97,c,h062,-0.00192,-0.00038987262841728813
B100,a,h062,-0.003456,-0.0007017707311511186
B13,a,h063,-0.003456,-0.0007017707311511186
B26,c,h063,-0.001152,-0.00023392357705037285
B27,c,h063,-0.003456,-0.0007017707311511186
B29,c,h063,-0.001536,-0.00031189810273383046
B30,c,h063,-0.003072,-0.0006237962054676609
B32,c,h063,-0.00192,-0.00038987262841728813
B40,a,h063,0.003456,-0.0003898726284172882
B52,c,h063,-0.005376000000000001,-0.0010916433595684067
B61,c,h063,-0.001152,-0.00023392357705037285
B78,c,h063,-0.000768,-0.00015594905136691523
B79,c,h063,-0.002304,-0.0004678471541007457
B80,c,h063,-0.000768,-0.00015594905136691523
B85,a,h063,-0.001536,-0.00031189810273383046
B86,a,h063,-0.000768,-0.00015594905136691523
B91,a,h063,-0.003072,-0.0006237962054676609
B94,b,h063,-0.005376000000000001,-0.0010916433595684067
B95,b,h063,-0.00576,-0.0011696178852518642
B97,c,h063,-0.002304,-0.0004678471541007457
B100,a,h063,-0.003456,-0.0007017707311511186
B13,a,h064,-0.003072,-0.0006237962054676609
B26,c,h064,-0.001152,-0.00023392357705037285
B27,c,h064,-0.001536,-0.00031189810273383046
B29,c,h064,-0.001536,-0.00031189810273383046
B30,c,h064,-0.001152,-0.00023392357705037285
B32,c,h064,-0.003072,-0.0006237962054676609
B40,a,h064,0.000768,-0.00031189810273383046
B52,c,h064,-0.003456,-0.0007017707311511186
B61,c,h064,-0.001152,-0.00023392357705037285
B78,c,h064,-0.001536,-0.00031189810273383046
B79,c,h064,-0.000768,-0.00015594905136691523
B80,c,h064,-0.00576,-0.0011696178852518642
B85,a,h064,-0.0026880000000000003,-0.0005458216797842034
B86,a,h064,-0.000384,-7.797452568345762e-5
B91,a,h064,-0.004224,-0.0008577197825180339
B94,b,h064,-0.004608,-0.0009356943082014914
B95,b,h064,-0.00576,-0.0011696178852518642
B97,c,h064,-0.00192,-0.00038987262841728813
B100,a,h064,-0.003456,-0.0007017707311511186
B13,a,h065,-0.003072,-0.0006237962054676609
B26,c,h065,-0.001152,-0.00023392357705037285
B27,c,h065,-0.00192,-0.00038987262841728813
B29,c,h065,-0.000768,-0.00015594905136691523
B30,c,h065,-0.000768,-0.00015594905136691523
B32,c,h065,-0.00384,-0.0007797452568345763
B40,a,h065,-0.000384,-0.0004678471541007457
B52,c,h065,-0.00768,-0.0015594905136691525
B61,c,h065,-0.000384,-7.797452568345762e-5
B78,c,h065,-0.003456,-0.0007017707311511186
B79,c,h065,-0.0026880000000000003,-0.0005458216797842034
B80,c,h065,-0.004608,-0.0009356943082014914
B85,a,h065,-0.001536,-0.00031189810273383046
B86,a,h065,-0.000768,-0.00015594905136691523
B91,a,h065,-0.004608,-0.0009356943082014914
B94,b,h065,-0.005376000000000001,-0.0010916433595684067
B95,b,h065,-0.006144,-0.0012475924109353219
B97,c,h065,-0.0026880000000000003,-0.0005458216797842034
B100,a,h065,-0.003456,-0.0007017707311511186
B13,a,h066,-0.0026880000000000003,-0.0005458216797842034
B26,c,h066,-0.00192,-0.00038987262841728813
B27,c,h066,-0.009600000000000001,-0.0019493631420864407
B29,c,h066,-0.001152,-0.00023392357705037285
B30,c,h066,-0.000768,-0.00015594905136691523
B32,c,h066,-0.002304,-0.0004678471541007457
B40,a,h066,-0.001152,-0.00038987262841728813
B52,c,h066,-0.00384,-0.0007797452568345763
B61,c,h066,-0.001536,-0.00031189810273383046
B78,c,h066,-0.006912,-0.0014035414623022372
B79,c,h066,-0.003072,-0.0006237962054676609
B80,c,h066,-0.00576,-0.0011696178852518642
B85,a,h066,-0.00384,-0.0007797452568345763
B86,a,h066,-0.001536,-0.00031189810273383046
B91,a,h066,-0.006912,-0.0014035414623022372
B94,b,h066,-0.004608,-0.0009356943082014914
B95,b,h066,-0.00576,-0.0011696178852518642
B97,c,h066,-0.00192,-0.00038987262841728813
B100,a,h066,-0.003456,-0.0007017707311511186
B13,a,h067,-0.0026880000000000003,-0.0005458216797842034
B26,c,h067,-0.003456,-0.0007017707311511186
B27,c,h067,-0.011136,-0.002261261244820271
B29,c,h067,-0.001536,-0.00031189810273383046
B30,c,h067,-0.002304,-0.0004678471541007457
B32,c,h067,-0.00192,-0.00038987262841728813
B40,a,h067,-0.00192,-0.0004678471541007457
B52,c,h067,-0.006912,-0.0014035414623022372
B61,c,h067,-0.001152,-0.00023392357705037285
B78,c,h067,-0.004224,-0.0008577197825180339
B79,c,h067,-0.000768,-0.00015594905136691523
B80,c,h067,-0.006912,-0.0014035414623022372
B85,a,h067,-0.00384,-0.0007797452568345763
B86,a,h067,-0.002304,-0.0004678471541007457
B91,a,h067,-0.00192,-0.00038987262841728813
B94,b,h067,-0.00768,-0.0015594905136691525
B95,b,h067,-0.00636,-0.0012914530816322668
B97,c,h067,-0.0026880000000000003,-0.0005458216797842034
B100,a,h067,-0.003456,-0.0007017707311511186
B13,a,h068,-0.0026880000000000003,-0.0005458216797842034
B26,c,h068,-0.004224,-0.0008577197825180339
B27,c,h068,-0.005064,-0.0010282890574505974
B29,c,h068,-0.000768,-0.00015594905136691523
B30,c,h068,-0.002904,-0.0005896823504811482
B32,c,h068,-0.002304,-0.0004678471541007457
B40,a,h068,-0.002304,-0.0004678471541007457
B52,c,h068,-0.00768,-0.0015594905136691525
B61,c,h068,-0.001152,-0.00023392357705037285
B78,c,h068,-0.001728,-0.0003508853655755593
B79,c,h068,-0.001536,-0.00031189810273383046
B80,c,h068,-0.008424000000000001,-0.0017105661571808514
B85,a,h068,-0.00192,-0.00038987262841728813
B86,a,h068,-0.00192,-0.00038987262841728813
B91,a,h068,-0.001536,-0.00031189810273383046
B94,b,h068,-0.006528,-0.0013255669366187795
B95,b,h068,-0.00576,-0.0011696178852518642
B97,c,h068,-0.002088,-0.00042398648340380077
B100,a,h068,-0.001128,-0.00022905016919515678
B13,a,h069,-0.002304,-0.0004678471541007457
B26,c,h069,-0.00984,-0.0019980972206386015
B27,c,h069,-0.002304,-0.0004678471541007457
B29,c,h069,-0.000576,-0.00011696178852518642
B30,c,h069,-0.001152,-0.00023392357705037285
B32,c,h069,-0.001488,-0.0003021512870233983
B40,a,h069,-0.001416,-0.00028753106345775
B52,c,h069,-0.002784,-0.0005653153112050677
B61,c,h069,-0.001968,-0.0003996194441277203
B78,c,h069,-0.003456,-0.0007017707311511186
B79,c,h069,-0.000816,-0.00016569586707734744
B80,c,h069,-0.005376000000000001,-0.0010916433595684067
B85,a,h069,-0.003072,-0.0006237962054676609
B86,a,h069,-0.004608,-0.0009356943082014914
B91,a,h069,-0.0026880000000000003,-0.0005458216797842034
B94,b,h069,-0.006528,-0.0013255669366187795
B95,b,h069,-0.00576,-0.0011696178852518642
B97,c,h069,-0.003072,-0.0006237962054676609
B100,a,h069,-0.003456,-0.0007017707311511186
B13,a,h070,-0.002304,-0.0004678471541007457
B26,c,h070,-0.00384,-0.0007797452568345763
B27,c,h070,-0.00576,-0.0011696178852518642
B29,c,h070,-0.000384,-7.797452568345762e-5
B30,c,h070,-0.001152,-0.00023392357705037285
B32,c,h070,-0.00192,-0.00038987262841728813
B40,a,h070,-0.002304,-0.0004678471541007457
B52,c,h070,-0.00384,-0.0007797452568345763
B61,c,h070,-0.003072,-0.0006237962054676609
B78,c,h070,-0.001536,-0.00031189810273383046
B79,c,h070,-0.001152,-0.00023392357705037285
B80,c,h070,-0.004608,-0.0009356943082014914
B85,a,h070,-0.002304,-0.0004678471541007457
B86,a,h070,-0.006912,-0.0014035414623022372
B91,a,h070,-0.001536,-0.00031189810273383046
B94,b,h070,-0.00768,-0.0015594905136691525
B95,b,h070,-0.00576,-0.0011696178852518642
B97,c,h070,-0.0026880000000000003,-0.0005458216797842034
B100,a,h070,-0.003456,-0.0007017707311511186
B13,a,h071,-0.001536,-0.00031189810273383046
B26,c,h071,-0.004224,-0.0008577197825180339
B27,c,h071,-0.003072,-0.0006237962054676609
B29,c,h071,-0.000384,-7.797452568345762e-5
B30,c,h071,-0.001152,-0.00023392357705037285
B32,c,h071,-0.00192,-0.00038987262841728813
B40,a,h071,-0.001152,-0.00023392357705037285
B52,c,h071,-0.004608,-0.0009356943082014914
B61,c,h071,-0.001536,-0.00031189810273383046
B78,c,h071,-0.002304,-0.0004678471541007457
B79,c,h071,-0.002304,-0.0004678471541007457
B80,c,h071,-0.00768,-0.0015594905136691525
B85,a,h071,-0.001536,-0.00031189810273383046
B86,a,h071,-0.002304,-0.0004678471541007457
B91,a,h071,-0.0026880000000000003,-0.0005458216797842034
B94,b,h071,-0.00768,-0.0015594905136691525
B95,b,h071,-0.00576,-0.0011696178852518642
B97,c,h071,-0.003072,-0.0006237962054676609
B100,a,h071,-0.00384,-0.0007797452568345763
B13,a,h072,-0.001536,-0.00031189810273383046
B26,c,h072,-0.0026880000000000003,-0.0005458216797842034
B27,c,h072,-0.001152,-0.00023392357705037285
B29,c,h072,-0.000768,-0.00015594905136691523
B30,c,h072,-0.001152,-0.00023392357705037285
B32,c,h072,-0.001536,-0.00031189810273383046
B40,a,h072,-0.001536,-0.00031189810273383046
B52,c,h072,-0.004224,-0.0008577197825180339
B61,c,h072,-0.001536,-0.00031189810273383046
B73,b,h072,-0.000384,-7.797452568345762e-5
B78,c,h072,-0.00192,-0.00038987262841728813
B79,c,h072,-0.000768,-0.00015594905136691523
B80,c,h072,-0.009216,-0.0018713886164029828
B85,a,h072,-0.001152,-0.00023392357705037285
B86,a,h072,-0.000768,-0.00015594905136691523
B91,a,h072,-0.002304,-0.0004678471541007457
B94,b,h072,-0.008448,-0.0017154395650360679
B95,b,h072,-0.005376000000000001,-0.0010916433595684067
B97,c,h072,-0.002304,-0.0004678471541007457
B100,a,h072,-0.003456,-0.0007017707311511186
B13,a,h073,-0.00192,-0.00038987262841728813
B26,c,h073,-0.0026880000000000003,-0.0005458216797842034
B27,c,h073,-0.001152,-0.00023392357705037285
B29,c,h073,-0.000768,-0.00015594905136691523
B30,c,h073,-0.002304,-0.0004678471541007457
B32,c,h073,-0.00192,-0.00038987262841728813
B40,a,h073,-0.001536,-0.00031189810273383046
B52,c,h073,-0.006528,-0.0013255669366187795
B61,c,h073,-0.001152,-0.00023392357705037285
B78,c,h073,-0.002304,-0.0004678471541007457
B79,c,h073,-0.000768,-0.00015594905136691523
B80,c,h073,-0.00768,-0.0015594905136691525
B85,a,h073,-0.000384,-7.797452568345762e-5
B86,a,h073,-0.001536,-0.00031189810273383046
B91,a,h073,-0.001152,-0.00023392357705037285
B94,b,h073,-0.008064,-0.00163746503935261
B95,b,h073,-0.005376000000000001,-0.0010916433595684067
B97,c,h073,-0.0026880000000000003,-0.0005458216797842034
B100,a,h073,-0.003456,-0.0007017707311511186
B13,a,h074,-0.001536,-0.00031189810273383046
B26,c,h074,-0.002304,-0.0004678471541007457
B27,c,h074,-0.001152,-0.00023392357705037285
B29,c,h074,-0.001152,-0.00023392357705037285
B30,c,h074,-0.000768,-0.00015594905136691523
B32,c,h074,-0.00192,-0.00038987262841728813
B40,a,h074,-0.00192,-0.00038987262841728813
B52,c,h074,-0.00384,-0.0007797452568345763
B61,c,h074,-0.00192,-0.00038987262841728813
B78,c,h074,-0.001536,-0.00031189810273383046
B79,c,h074,-0.000384,-7.797452568345762e-5
B80,c,h074,-0.004608,-0.0009356943082014914
B85,a,h074,-0.00192,-0.00038987262841728813
B86,a,h074,-0.000384,-7.797452568345762e-5
B91,a,h074,-0.000768,-0.00015594905136691523
B94,b,h074,-0.008448,-0.0017154395650360679
B95,b,h074,-0.005376000000000001,-0.0010916433595684067
B97,c,h074,-0.0026880000000000003,-0.0005458216797842034
B100,a,h074,-0.003072,-0.0006237962054676609
B13,a,h075,-0.001536,-0.00031189810273383046
B26,c,h075,-0.003072,-0.0006237962054676609
B27,c,h075,-0.001152,-0.00023392357705037285
B29,c,h075,-0.001152,-0.00023392357705037285
B30,c,h075,-0.001152,-0.00023392357705037285
B32,c,h075,-0.001536,-0.00031189810273383046
B40,a,h075,-0.001536,-0.00031189810273383046
B52,c,h075,-0.00384,-0.0007797452568345763
B61,c,h075,-0.001536,-0.00031189810273383046
B78,c,h075,-0.007296,-0.0014815159879856949
B79,c,h075,-0.000384,-7.797452568345762e-5
B80,c,h075,-0.004992,-0.001013668833884949
B85,a,h075,-0.001152,-0.00023392357705037285
B86,a,h075,-0.000384,-7.797452568345762e-5
B91,a,h075,-0.000768,-0.00015594905136691523
B94,b,h075,-0.008832,-0.0017934140907195253
B95,b,h075,-0.00576,-0.0011696178852518642
B97,c,h075,-0.0026880000000000003,-0.0005458216797842034
B100,a,h075,-0.003456,-0.0007017707311511186
B13,a,h076,-0.001536,-0.00031189810273383046
B26,c,h076,-0.003072,-0.0006237962054676609
B27,c,h076,-0.001152,-0.00023392357705037285
B29,c,h076,-0.001152,-0.00023392357705037285
B30,c,h076,-0.000768,-0.00015594905136691523
B32,c,h076,-0.002304,-0.0004678471541007457
B40,a,h076,-0.001152,-0.00023392357705037285
B52,c,h076,-0.004224,-0.0008577197825180339
B61,c,h076,-0.0026880000000000003,-0.0005458216797842034
B78,c,h076,-0.003456,-0.0007017707311511186
B79,c,h076,-0.000768,-0.00015594905136691523
B80,c,h076,-0.004608,-0.0009356943082014914
B85,a,h076,-0.001152,-0.00023392357705037285
B86,a,h076,-0.00192,-0.00038987262841728813
B91,a,h076,-0.006144,-0.0012475924109353219
B94,b,h076,-0.008832,-0.0017934140907195253
B95,b,h076,-0.004992,-0.001013668833884949
B97,c,h076,-0.002304,-0.0004678471541007457
B100,a,h076,-0.003456,-0.0007017707311511186
B13,a,h077,-0.001536,-0.00031189810273383046
B26,c,h077,-0.002304,-0.0004678471541007457
B27,c,h077,-0.003456,-0.0007017707311511186
B29,c,h077,-0.001152,-0.00023392357705037285
B30,c,h077,-0.000384,-7.797452568345762e-5
B32,c,h077,-0.00192,-0.00038987262841728813
B40,a,h077,-0.001152,-0.00023392357705037285
B52,c,h077,-0.004224,-0.0008577197825180339
B61,c,h077,-0.001536,-0.00031189810273383046
B78,c,h077,-0.001152,-0.00023392357705037285
B79,c,h077,-0.000768,-0.00015594905136691523
B80,c,h077,-0.006528,-0.0013255669366187795
B85,a,h077,-0.001152,-0.00023392357705037285
B86,a,h077,-0.000384,-7.797452568345762e-5
B91,a,h077,-0.000768,-0.00015594905136691523
B94,b,h077,-0.008832,-0.0017934140907195253
B95,b,h077,-0.005376000000000001,-0.0010916433595684067
B97,c,h077,-0.003072,-0.0006237962054676609
B100,a,h077,-0.003456,-0.0007017707311511186
B13,a,h078,-0.0026880000000000003,-0.0005458216797842034
B26,c,h078,-0.003072,-0.0006237962054676609
B27,c,h078,-0.006528,-0.0013255669366187795
B29,c,h078,-0.000384,-7.797452568345762e-5
B30,c,h078,-0.000768,-0.00015594905136691523
B32,c,h078,-0.00192,-0.00038987262841728813
B40,a,h078,-0.001536,-0.00031189810273383046
B52,c,h078,-0.004224,-0.0008577197825180339
B61,c,h078,-0.003072,-0.0006237962054676609
B78,c,h078,-0.004224,-0.0008577197825180339
B79,c,h078,-0.001536,-0.00031189810273383046
B80,c,h078,-0.00384,-0.0007797452568345763
B85,a,h078,-0.0026880000000000003,-0.0005458216797842034
B86,a,h078,-0.000768,-0.00015594905136691523
B91,a,h078,-0.001152,-0.00023392357705037285
B94,b,h078,-0.008832,-0.0017934140907195253
B95,b,h078,-0.005376000000000001,-0.0010916433595684067
B97,c,h078,-0.002304,-0.0004678471541007457
B100,a,h078,-0.003456,-0.0007017707311511186
B13,a,h079,-0.00384,-0.0007797452568345763
B26,c,h079,-0.00384,-0.0007797452568345763
B27,c,h079,-0.004608,-0.0009356943082014914
B29,c,h079,-0.000768,-0.00015594905136691523
B30,c,h079,-0.000768,-0.00015594905136691523
B32,c,h079,-0.002304,-0.0004678471541007457
B40,a,h079,-0.002304,-0.0004678471541007457
B52,c,h079,-0.004224,-0.0008577197825180339
B61,c,h079,-0.002304,-0.0004678471541007457
B78,c,h079,-0.00192,-0.00038987262841728813
B79,c,h079,-0.000768,-0.00015594905136691523
B80,c,h079,-0.0026880000000000003,-0.0005458216797842034
B85,a,h079,-0.00192,-0.00038987262841728813
B86,a,h079,-0.001536,-0.00031189810273383046
B91,a,h079,-0.000768,-0.00015594905136691523
B94,b,h079,-0.008448,-0.0017154395650360679
B95,b,h079,-0.00576,-0.0011696178852518642
B97,c,h079,-0.0026880000000000003,-0.0005458216797842034
B100,a,h079,-0.00384,-0.0007797452568345763
B13,a,h080,-0.006144,-0.0012475924109353219
B26,c,h080,-0.0026880000000000003,-0.0005458216797842034
B27,c,h080,-0.002304,-0.0004678471541007457
B29,c,h080,-0.001152,-0.00023392357705037285
B30,c,h080,-0.001152,-0.00023392357705037285
B32,c,h080,-0.00192,-0.00038987262841728813
B40,a,h080,-0.002304,-0.0004678471541007457
B52,c,h080,-0.006528,-0.0013255669366187795
B61,c,h080,-0.003456,-0.0007017707311511186
B78,c,h080,-0.001536,-0.00031189810273383046
B79,c,h080,-0.001152,-0.00023392357705037285
B80,c,h080,-0.000384,-7.797452568345762e-5
B85,a,h080,-0.001536,-0.00031189810273383046
B86,a,h080,-0.00192,-0.00038987262841728813
B91,a,h080,-0.000768,-0.00015594905136691523
B94,b,h080,-0.009984,-0.002027337667769898
B95,b,h080,-0.00576,-0.0011696178852518642
B97,c,h080,-0.002304,-0.0004678471541007457
B100,a,h080,-0.003456,-0.0007017707311511186
B13,a,h081,-0.00384,-0.0007797452568345763
B26,c,h081,-0.00192,-0.00038987262841728813
B27,c,h081,-0.003072,-0.0006237962054676609
B29,c,h081,-0.001152,-0.00023392357705037285
B30,c,h081,-0.001152,-0.00023392357705037285
B32,c,h081,-0.003456,-0.0007017707311511186
B40,a,h081,-0.00192,-0.00038987262841728813
B52,c,h081,-0.004992,-0.001013668833884949
B61,c,h081,-0.002304,-0.0004678471541007457
B78,c,h081,-0.001536,-0.00031189810273383046
B79,c,h081,-0.001152,-0.00023392357705037285
B80,c,h081,-0.001152,-0.00023392357705037285
B85,a,h081,-0.0026880000000000003,-0.0005458216797842034
B86,a,h081,-0.00192,-0.00038987262841728813
B91,a,h081,-0.002304,-0.0004678471541007457
B94,b,h081,-0.009984,-0.002027337667769898
B95,b,h081,-0.005376000000000001,-0.0010916433595684067
B97,c,h081,-0.0026880000000000003,-0.0005458216797842034
B100,a,h081,-0.003456,-0.0007017707311511186
B13,a,h082,-0.003072,-0.0006237962054676609
B26,c,h082,-0.0026880000000000003,-0.0005458216797842034
B27,c,h082,-0.001536,-0.00031189810273383046
B29,c,h082,-0.001152,-0.00023392357705037285
B30,c,h082,-0.00576,-0.0011696178852518642
B32,c,h082,-0.001536,-0.00031189810273383046
B40,a,h082,-0.00192,-0.00038987262841728813
B52,c,h082,-0.004224,-0.0008577197825180339
B61,c,h082,-0.002304,-0.0004678471541007457
B78,c,h082,-0.0026880000000000003,-0.0005458216797842034
B79,c,h082,-0.000768,-0.00015594905136691523
B80,c,h082,-0.008832,-0.0017934140907195253
B85,a,h082,-0.002304,-0.0004678471541007457
B86,a,h082,-0.00192,-0.00038987262841728813
B91,a,h082,-0.000768,-0.00015594905136691523
B94,b,h082,-0.009984,-0.002027337667769898
B95,b,h082,-0.00576,-0.0011696178852518642
B97,c,h082,-0.00192,-0.00038987262841728813
B100,a,h082,-0.003456,-0.0007017707311511186
B13,a,h083,-0.005376000000000001,-0.0010916433595684067
B26,c,h083,-0.002304,-0.0004678471541007457
B27,c,h083,-0.001536,-0.00031189810273383046
B29,c,h083,-0.00192,-0.00038987262841728813
B30,c,h083,-0.003072,-0.0006237962054676609
B32,c,h083,-0.0026880000000000003,-0.0005458216797842034
B40,a,h083,-0.008064,-0.00163746503935261
B52,c,h083,-0.00384,-0.0007797452568345763
B61,c,h083,-0.0026880000000000003,-0.0005458216797842034
B73,b,h083,-0.000384,-7.797452568345762e-5
B78,c,h083,-0.020736,-0.004210624386906711
B79,c,h083,-0.001152,-0.00023392357705037285
B80,c,h083,-0.008832,-0.0017934140907195253
B85,a,h083,-0.0026880000000000003,-0.0005458216797842034
B86,a,h083,-0.00192,-0.00038987262841728813
B91,a,h083,-0.001152,-0.00023392357705037285
B94,b,h083,-0.009984,-0.002027337667769898
B95,b,h083,-0.006144,-0.0012475924109353219
B97,c,h083,-0.00192,-0.00038987262841728813
B100,a,h083,-0.00384,-0.0007797452568345763
B13,a,h084,-0.004224,-0.0008577197825180339
B26,c,h084,-0.002304,-0.0004678471541007457
B27,c,h084,-0.001536,-0.00031189810273383046
B29,c,h084,-0.001152,-0.00023392357705037285
B30,c,h084,-0.003456,-0.0007017707311511186
B32,c,h084,-0.0026880000000000003,-0.0005458216797842034
B40,a,h084,-0.006144,-0.0012475924109353219
B52,c,h084,-0.004224,-0.0008577197825180339
B61,c,h084,-0.002304,-0.0004678471541007457
B78,c,h084,-0.009984,-0.002027337667769898
B79,c,h084,-0.00192,-0.00038987262841728813
B80,c,h084,-0.008832,-0.0017934140907195253
B85,a,h084,-0.002304,-0.0004678471541007457
B86,a,h084,-0.001152,-0.00023392357705037285
B91,a,h084,-0.0026880000000000003,-0.0005458216797842034
B94,b,h084,-0.009984,-0.002027337667769898
B95,b,h084,-0.006528,-0.0013255669366187795
B97,c,h084,-0.00192,-0.00038987262841728813
B100,a,h084,-0.003456,-0.0007017707311511186
B13,a,h085,-0.003072,-0.0006237962054676609
B26,c,h085,-0.002304,-0.0004678471541007457
B27,c,h085,-0.001536,-0.00031189810273383046
B29,c,h085,-0.000768,-0.00015594905136691523
B30,c,h085,-0.000768,-0.00015594905136691523
B32,c,h085,-0.0026880000000000003,-0.0005458216797842034
B40,a,h085,-0.0026880000000000003,-0.0005458216797842034
B52,c,h085,-0.00384,-0.0007797452568345763
B61,c,h085,-0.00192,-0.00038987262841728813
B78,c,h085,-0.004224,-0.0008577197825180339
B79,c,h085,-0.001152,-0.00023392357705037285
B80,c,h085,-0.008064,-0.00163746503935261
B85,a,h085,-0.003456,-0.0007017707311511186
B86,a,h085,-0.002304,-0.0004678471541007457
B91,a,h085,-0.00192,-0.00038987262841728813
B94,b,h085,-0.009600000000000001,-0.0019493631420864407
B95,b,h085,-0.006144,-0.0012475924109353219
B97,c,h085,-0.002304,-0.0004678471541007457
B100,a,h085,-0.003456,-0.0007017707311511186
B13,a,h086,-0.0026880000000000003,-0.0005458216797842034
B26,c,h086,-0.00192,-0.00038987262841728813
B27,c,h086,-0.00192,-0.00038987262841728813
B29,c,h086,-0.001152,-0.00023392357705037285
B30,c,h086,-0.000768,-0.00015594905136691523
B32,c,h086,-0.002304,-0.0004678471541007457
B40,a,h086,-0.002304,-0.0004678471541007457
B52,c,h086,-0.00384,-0.0007797452568345763
B61,c,h086,-0.0026880000000000003,-0.0005458216797842034
B78,c,h086,-0.003072,-0.0006237962054676609
B79,c,h086,-0.000384,-7.797452568345762e-5
B80,c,h086,-0.008448,-0.0017154395650360679
B85,a,h086,-0.003456,-0.0007017707311511186
B86,a,h086,-0.001152,-0.00023392357705037285
B91,a,h086,-0.00768,-0.0015594905136691525
B94,b,h086,-0.009216,-0.0018713886164029828
B95,b,h086,-0.00576,-0.0011696178852518642
B97,c,h086,-0.00192,-0.00038987262841728813
B100,a,h086,-0.003456,-0.0007017707311511186
B13,a,h087,-0.001152,-0.00023392357705037285
B26,c,h087,-0.002304,-0.0004678471541007457
B27,c,h087,-0.001152,-0.00023392357705037285
B29,c,h087,-0.00192,-0.00038987262841728813
B30,c,h087,-0.00192,-0.00038987262841728813
B32,c,h087,-0.002304,-0.0004678471541007457
B40,a,h087,-0.005376000000000001,-0.0010916433595684067
B52,c,h087,-0.005376000000000001,-0.0010916433595684067
B61,c,h087,-0.0026880000000000003,-0.0005458216797842034
B78,c,h087,-0.010368,-0.0021053121934533556
B79,c,h087,-0.000768,-0.00015594905136691523
B80,c,h087,-0.009216,-0.0018713886164029828
B85,a,h087,-0.003072,-0.0006237962054676609
B86,a,h087,-0.001536,-0.00031189810273383046
B91,a,h087,-0.005376000000000001,-0.0010916433595684067
B94,b,h087,-0.009216,-0.0018713886164029828
B95,b,h087,-0.00576,-0.0011696178852518642
B97,c,h087,-0.00192,-0.00038987262841728813
B100,a,h087,-0.003456,-0.0007017707311511186
B13,a,h088,-0.001536,-0.00031189810273383046
B26,c,h088,-0.0026880000000000003,-0.0005458216797842034
B27,c,h088,-0.001536,-0.00031189810273383046
B29,c,h088,-0.001152,-0.00023392357705037285
B30,c,h088,-0.004608,-0.0009356943082014914
B32,c,h088,-0.0026880000000000003,-0.0005458216797842034
B40,a,h088,-0.002304,-0.0004678471541007457
B52,c,h088,-0.00576,-0.0011696178852518642
B61,c,h088,-0.00192,-0.00038987262841728813
B78,c,h088,-0.003072,-0.0006237962054676609
B79,c,h088,-0.002304,-0.0004678471541007457
B80,c,h088,-0.008832,-0.0017934140907195253
B85,a,h088,-0.0026880000000000003,-0.0005458216797842034
B86,a,h088,-0.007296,-0.0014815159879856949
B91,a,h088,-0.0026880000000000003,-0.0005458216797842034
B94,b,h088,-0.009216,-0.0018713886164029828
B95,b,h088,-0.006144,-0.0012475924109353219
B97,c,h088,-0.002304,-0.0004678471541007457
B100,a,h088,-0.00384,-0.0007797452568345763
B13,a,h089,-0.002304,-0.0004678471541007457
B26,c,h089,-0.003456,-0.0007017707311511186
B27,c,h089,-0.004608,-0.0009356943082014914
B29,c,h089,-0.000768,-0.00015594905136691523
B30,c,h089,-0.000768,-0.00015594905136691523
B32,c,h089,-0.003072,-0.0006237962054676609
B40,a,h089,-0.002304,-0.0004678471541007457
B52,c,h089,-0.004224,-0.0008577197825180339
B61,c,h089,-0.001536,-0.00031189810273383046
B78,c,h089,-0.006528,-0.0013255669366187795
B79,c,h089,-0.000768,-0.00015594905136691523
B80,c,h089,-0.008832,-0.0017934140907195253
B85,a,h089,-0.002304,-0.0004678471541007457
B86,a,h089,-0.001536,-0.00031189810273383046
B91,a,h089,-0.000768,-0.00015594905136691523
B94,b,h089,-0.009216,-0.0018713886164029828
B95,b,h089,-0.00576,-0.0011696178852518642
B97,c,h089,-0.00192,-0.00038987262841728813
B100,a,h089,-0.003456,-0.0007017707311511186
B13,a,h090,-0.00192,-0.00038987262841728813
B26,c,h090,-0.011136,-0.002261261244820271
B27,c,h090,-0.003456,-0.0007017707311511186
B29,c,h090,-0.000384,-7.797452568345762e-5
B30,c,h090,-0.000768,-0.00015594905136691523
B32,c,h090,-0.004224,-0.0008577197825180339
B40,a,h090,-0.00114,-0.0002314868731227648
B52,c,h090,-0.00384,-0.0007797452568345763
B61,c,h090,-0.001536,-0.00031189810273383046
B78,c,h090,-0.010368,-0.0021053121934533556
B79,c,h090,-0.00192,-0.00038987262841728813
B80,c,h090,-0.01152,-0.0023392357705037284
B85,a,h090,-0.001152,-0.00023392357705037285
B86,a,h090,-0.002304,-0.0004678471541007457
B91,a,h090,-0.002304,-0.0004678471541007457
B94,b,h090,-0.009216,-0.0018713886164029828
B95,b,h090,-0.00576,-0.0011696178852518642
B97,c,h090,-0.00192,-0.00038987262841728813
B100,a,h090,-0.000798,-0.00016204081118593536
B13,a,h091,-0.00192,-0.00038987262841728813
B26,c,h091,-0.0026880000000000003,-0.0005458216797842034
B27,c,h091,-0.006144,-0.0012475924109353219
B29,c,h091,-0.000768,-0.00015594905136691523
B30,c,h091,-0.000768,-0.00015594905136691523
B32,c,h091,-0.003072,-0.0006237962054676609
B52,c,h091,-0.004608,-0.0009356943082014914
B61,c,h091,-0.003072,-0.0006237962054676609
B78,c,h091,-0.003456,-0.0007017707311511186
B79,c,h091,-0.000768,-0.00015594905136691523
B80,c,h091,-0.010368,-0.0021053121934533556
B85,a,h091,-0.001536,-0.00031189810273383046
B86,a,h091,-0.001536,-0.00031189810273383046
B91,a,h091,-0.00384,-0.0007797452568345763
B94,b,h091,-0.009600000000000001,-0.0019493631420864407
B95,b,h091,-0.00576,-0.0011696178852518642
B97,c,h091,-0.002304,-0.0004678471541007457
B13,a,h092,-0.003072,-0.0006237962054676609
B26,c,h092,-0.004992,-0.001013668833884949
B27,c,h092,-0.007296,-0.0014815159879856949
B29,c,h092,-0.000384,-7.797452568345762e-5
B30,c,h092,-0.000768,-0.00015594905136691523
B32,c,h092,-0.00192,-0.00038987262841728813
B40,a,h092,-0.003036,-0.0006164860936848368
B52,c,h092,-0.009216,-0.0018713886164029828
B61,c,h092,-0.001536,-0.00031189810273383046
B78,c,h092,-0.001152,-0.00023392357705037285
B79,c,h092,-0.003456,-0.0007017707311511186
B80,c,h092,-0.005376000000000001,-0.0010916433595684067
B85,a,h092,-0.003456,-0.0007017707311511186
B86,a,h092,-0.004224,-0.0008577197825180339
B91,a,h092,-0.0026880000000000003,-0.0005458216797842034
B94,b,h092,-0.009600000000000001,-0.0019493631420864407
B95,b,h092,-0.006144,-0.0012475924109353219
B97,c,h092,-0.00192,-0.00038987262841728813
B100,a,h092,-0.00201,-0.0004081479078743485
B13,a,h093,-0.001536,-0.00031189810273383046
B26,c,h093,-0.0026880000000000003,-0.0005458216797842034
B27,c,h093,-0.008448,-0.0017154395650360679
B29,c,h093,-0.001152,-0.00023392357705037285
B30,c,h093,-0.002304,-0.0004678471541007457
B32,c,h093,-0.002304,-0.0004678471541007457
B40,a,h093,-0.002304,-0.0004678471541007457
B52,c,h093,-0.01728,-0.0035088536557555928
B61,c,h093,-0.0026880000000000003,-0.0005458216797842034
B73,b,h093,-0.000384,-7.797452568345762e-5
B78,c,h093,-0.000768,-0.00015594905136691523
B79,c,h093,-0.000768,-0.00015594905136691523
B80,c,h093,-0.00768,-0.0015594905136691525
B85,a,h093,-0.002304,-0.0004678471541007457
B86,a,h093,-0.007296,-0.0014815159879856949
B91,a,h093,-0.009216,-0.0018713886164029828
B94,b,h093,-0.008832,-0.0017934140907195253
B95,b,h093,-0.00576,-0.0011696178852518642
B97,c,h093,-0.0026880000000000003,-0.0005458216797842034
B100,a,h093,-0.003072,-0.0006237962054676609
B13,a,h094,-0.00192,-0.00038987262841728813
B26,c,h094,-0.003456,-0.0007017707311511186
B27,c,h094,-0.006912,-0.0014035414623022372
B29,c,h094,-0.001152,-0.00023392357705037285
B30,c,h094,-0.000768,-0.00015594905136691523
B32,c,h094,-0.0026880000000000003,-0.0005458216797842034
B40,a,h094,-0.004992,-0.001013668833884949
B52,c,h094,-0.004992,-0.001013668833884949
B61,c,h094,-0.003456,-0.0007017707311511186
B78,c,h094,-0.000768,-0.00015594905136691523
B79,c,h094,-0.002304,-0.0004678471541007457
B80,c,h094,-0.00384,-0.0007797452568345763
B85,a,h094,-0.00192,-0.00038987262841728813
B86,a,h094,-0.000768,-0.00015594905136691523
B91,a,h094,-0.001536,-0.00031189810273383046
B94,b,h094,-0.009216,-0.0018713886164029828
B95,b,h094,-0.00576,-0.0011696178852518642
B97,c,h094,-0.00192,-0.00038987262841728813
B100,a,h094,-0.003456,-0.0007017707311511186
B13,a,h095,-0.001152,-0.00023392357705037285
B26,c,h095,-0.0026880000000000003,-0.0005458216797842034
B27,c,h095,-0.004224,-0.0008577197825180339
B29,c,h095,-0.000768,-0.00015594905136691523
B30,c,h095,-0.000768,-0.00015594905136691523
B32,c,h095,-0.00192,-0.00038987262841728813
B40,a,h095,-0.006528,-0.0013255669366187795
B52,c,h095,-0.00384,-0.0007797452568345763
B61,c,h095,-0.003456,-0.0007017707311511186
B78,c,h095,-0.000768,-0.00015594905136691523
B79,c,h095,-0.000768,-0.00015594905136691523
B80,c,h095,-0.004608,-0.0009356943082014914
B85,a,h095,-0.000768,-0.00015594905136691523
B86,a,h095,-0.000768,-0.00015594905136691523
B91,a,h095,-0.000768,-0.00015594905136691523
B94,b,h095,-0.009216,-0.0018713886164029828
B95,b,h095,-0.005376000000000001,-0.0010916433595684067
B97,c,h095,-0.002304,-0.0004678471541007457
B100,a,h095,-0.003072,-0.0006237962054676609
B13,a,h096,-0.000768,-0.00015594905136691523
B26,c,h096,-0.001536,-0.00031189810273383046
B27,c,h096,-0.006144,-0.0012475924109353219
B29,c,h096,-0.000768,-0.00015594905136691523
B30,c,h096,-0.000768,-0.00015594905136691523
B32,c,h096,-0.002304,-0.0004678471541007457
B40,a,h096,-0.001536,-0.00031189810273383046
B52,c,h096,-0.00384,-0.0007797452568345763
B61,c,h096,-0.002304,-0.0004678471541007457
B78,c,h096,-0.000768,-0.00015594905136691523
B79,c,h096,-0.000768,-0.00015594905136691523
B80,c,h096,-0.004992,-0.001013668833884949
B85,a,h096,-0.001152,-0.00023392357705037285
B86,a,h096,-0.000384,-7.797452568345762e-5
B91,a,h096,-0.003072,-0.0006237962054676609
B94,b,h096,-0.009600000000000001,-0.0019493631420864407
B95,b,h096,-0.005376000000000001,-0.0010916433595684067
B97,c,h096,-0.00192,-0.00038987262841728813
B100,a,h096,-0.003072,-0.0006237962054676609
B13,a,h097,-0.001152,-0.00023392357705037285
B26,c,h097,-0.001536,-0.00031189810273383046
B27,c,h097,-0.003456,-0.0007017707311511186
B29,c,h097,-0.000384,-7.797452568345762e-5
B30,c,h097,-0.000768,-0.00015594905136691523
B32,c,h097,-0.00192,-0.00038987262841728813
B40,a,h097,-0.001152,-0.00023392357705037285
B52,c,h097,-0.004224,-0.0008577197825180339
B61,c,h097,-0.00192,-0.00038987262841728813
B78,c,h097,-0.000768,-0.00015594905136691523
B79,c,h097,-0.000768,-0.00015594905136691523
B80,c,h097,-0.004224,-0.0008577197825180339
B85,a,h097,-0.000768,-0.00015594905136691523
B86,a,h097,-0.000384,-7.797452568345762e-5
B91,a,h097,-0.001152,-0.00023392357705037285
B94,b,h097,-0.009216,-0.0018713886164029828
B95,b,h097,-0.005376000000000001,-0.0010916433595684067
B97,c,h097,-0.002304,-0.0004678471541007457
B100,a,h097,-0.003456,-0.0007017707311511186
B13,a,h098,-0.001152,-0.00023392357705037285
B26,c,h098,-0.001152,-0.00023392357705037285
B27,c,h098,-0.0026880000000000003,-0.0005458216797842034
B29,c,h098,-0.000768,-0.00015594905136691523
B30,c,h098,-0.000384,-7.797452568345762e-5
B32,c,h098,-0.002304,-0.0004678471541007457
B40,a,h098,-0.000768,-0.00015594905136691523
B52,c,h098,-0.00384,-0.0007797452568345763
B61,c,h098,-0.001152,-0.00023392357705037285
B78,c,h098,-0.00384,-0.0007797452568345763
B79,c,h098,-0.000384,-7.797452568345762e-5
B80,c,h098,-0.004992,-0.001013668833884949
B85,a,h098,-0.000768,-0.00015594905136691523
B86,a,h098,-0.000768,-0.00015594905136691523
B91,a,h098,-0.000768,-0.00015594905136691523
B94,b,h098,-0.009216,-0.0018713886164029828
B95,b,h098,-0.005376000000000001,-0.0010916433595684067
B97,c,h098,-0.003072,-0.0006237962054676609
B100,a,h098,-0.003456,-0.0007017707311511186
B13,a,h099,-0.000768,-0.00015594905136691523
B26,c,h099,-0.00192,-0.00038987262841728813
B27,c,h099,-0.001152,-0.00023392357705037285
B29,c,h099,-0.000768,-0.00015594905136691523
B30,c,h099,-0.000768,-0.00015594905136691523
B32,c,h099,-0.00192,-0.00038987262841728813
B40,a,h099,-0.001152,-0.00023392357705037285
B52,c,h099,-0.004224,-0.0008577197825180339
B61,c,h099,-0.003072,-0.0006237962054676609
B78,c,h099,-0.006144,-0.0012475924109353219
B79,c,h099,-0.001152,-0.00023392357705037285
B80,c,h099,-0.004992,-0.001013668833884949
B85,a,h099,-0.00192,-0.00038987262841728813
B86,a,h099,-0.000384,-7.797452568345762e-5
B91,a,h099,-0.000384,-7.797452568345762e-5
B94,b,h099,-0.009216,-0.0018713886164029828
B95,b,h099,-0.005376000000000001,-0.0010916433595684067
B97,c,h099,-0.002304,-0.0004678471541007457
B100,a,h099,-0.003456,-0.0007017707311511186
B13,a,h100,-0.001152,-0.00023392357705037285
B26,c,h100,-0.00192,-0.00038987262841728813
B27,c,h100,-0.001152,-0.00023392357705037285
B29,c,h100,-0.000384,-7.797452568345762e-5
B30,c,h100,-0.00192,-0.00038987262841728813
B32,c,h100,-0.002304,-0.0004678471541007457
B40,a,h100,-0.001536,-0.00031189810273383046
B52,c,h100,-0.00384,-0.0007797452568345763
B61,c,h100,-0.0026880000000000003,-0.0005458216797842034
B78,c,h100,-0.00768,-0.0015594905136691525
B79,c,h100,-0.000768,-0.00015594905136691523
B80,c,h100,-0.004992,-0.001013668833884949
B85,a,h100,-0.001152,-0.00023392357705037285
B86,a,h100,-0.000384,-7.797452568345762e-5
B91,a,h100,-0.002304,-0.0004678471541007457
B94,b,h100,-0.009600000000000001,-0.0019493631420864407
B95,b,h100,-0.005376000000000001,-0.0010916433595684067
B97,c,h100,-0.002304,-0.0004678471541007457
B100,a,h100,-0.003456,-0.0007017707311511186
B13,a,h101,-0.000768,-0.00015594905136691523
B26,c,h101,-0.001536,-0.00031189810273383046
B27,c,h101,-0.0026880000000000003,-0.0005458216797842034
B29,c,h101,-0.001152,-0.00023392357705037285
B30,c,h101,-0.001152,-0.00023392357705037285
B32,c,h101,-0.002304,-0.0004678471541007457
B40,a,h101,-0.001152,-0.00023392357705037285
B52,c,h101,-0.005376000000000001,-0.0010916433595684067
B61,c,h101,-0.004608,-0.0009356943082014914
B73,b,h101,-0.000384,-7.797452568345762e-5
B78,c,h101,-0.001152,-0.00023392357705037285
B79,c,h101,-0.000384,-7.797452568345762e-5
B80,c,h101,-0.004992,-0.001013668833884949
B85,a,h101,-0.001536,-0.00031189810273383046
B86,a,h101,-0.000768,-0.00015594905136691523
B91,a,h101,-0.000384,-7.797452568345762e-5
B94,b,h101,-0.009216,-0.0018713886164029828
B95,b,h101,-0.004992,-0.001013668833884949
B97,c,h101,-0.0026880000000000003,-0.0005458216797842034
B100,a,h101,-0.00384,-0.0007797452568345763
B13,a,h102,-0.001152,-0.00023392357705037285
B26,c,h102,-0.001536,-0.00031189810273383046
B27,c,h102,-0.001536,-0.00031189810273383046
B29,c,h102,-0.001152,-0.00023392357705037285
B30,c,h102,-0.000768,-0.00015594905136691523
B32,c,h102,-0.002304,-0.0004678471541007457
B40,a,h102,-0.001536,-0.00031189810273383046
B52,c,h102,-0.004224,-0.0008577197825180339
B61,c,h102,-0.003456,-0.0007017707311511186
B78,c,h102,-0.000768,-0.00015594905136691523
B79,c,h102,-0.000768,-0.00015594905136691523
B80,c,h102,-0.003456,-0.0007017707311511186
B85,a,h102,-0.001536,-0.00031189810273383046
B86,a,h102,-0.00192,-0.00038987262841728813
B91,a,h102,-0.000768,-0.00015594905136691523
B94,b,h102,-0.008832,-0.0017934140907195253
B95,b,h102,-0.005376000000000001,-0.0010916433595684067
B97,c,h102,-0.0026880000000000003,-0.0005458216797842034
B100,a,h102,-0.003456,-0.0007017707311511186
B13,a,h103,-0.000768,-0.00015594905136691523
B26,c,h103,-0.0026880000000000003,-0.0005458216797842034
B27,c,h103,-0.001152,-0.00023392357705037285
B29,c,h103,-0.000768,-0.00015594905136691523
B30,c,h103,-0.000768,-0.00015594905136691523
B32,c,h103,-0.003456,-0.0007017707311511186
B40,a,h103,-0.00192,-0.00038987262841728813
B52,c,h103,-0.004224,-0.0008577197825180339
B61,c,h103,-0.002304,-0.0004678471541007457
B78,c,h103,-0.001152,-0.00023392357705037285
B79,c,h103,-0.00192,-0.00038987262841728813
B80,c,h103,-0.001536,-0.00031189810273383046
B85,a,h103,-0.003456,-0.0007017707311511186
B86,a,h103,-0.006912,-0.0014035414623022372
B91,a,h103,-0.000768,-0.00015594905136691523
B94,b,h103,-0.009216,-0.0018713886164029828
B95,b,h103,-0.00576,-0.0011696178852518642
B97,c,h103,-0.0026880000000000003,-0.0005458216797842034
B100,a,h103,-0.003456,-0.0007017707311511186
B13,a,h104,-0.001152,-0.00023392357705037285
B26,c,h104,-0.0026880000000000003,-0.0005458216797842034
B27,c,h104,-0.001152,-0.00023392357705037285
B29,c,h104,-0.000768,-0.00015594905136691523
B30,c,h104,-0.001152,-0.00023392357705037285
B32,c,h104,-0.003072,-0.0006237962054676609
B40,a,h104,-0.00192,-0.00038987262841728813
B52,c,h104,-0.004224,-0.0008577197825180339
B61,c,h104,-0.001152,-0.00023392357705037285
B78,c,h104,-0.000768,-0.00015594905136691523
B79,c,h104,-0.000768,-0.00015594905136691523
B80,c,h104,-0.000384,-7.797452568345762e-5
B85,a,h104,-0.00192,-0.00038987262841728813
B86,a,h104,-0.005376000000000001,-0.0010916433595684067
B91,a,h104,-0.000384,-7.797452568345762e-5
B94,b,h104,-0.009216,-0.0018713886164029828
B95,b,h104,-0.005376000000000001,-0.0010916433595684067
B97,c,h104,-0.002304,-0.0004678471541007457
B100,a,h104,-0.00384,-0.0007797452568345763
B13,a,h105,-0.001536,-0.00031189810273383046
B26,c,h105,-0.008832,-0.0017934140907195253
B27,c,h105,-0.00192,-0.00038987262841728813
B29,c,h105,-0.000384,-7.797452568345762e-5
B30,c,h105,-0.0026880000000000003,-0.0005458216797842034
B32,c,h105,-0.008832,-0.0017934140907195253
B40,a,h105,-0.0026880000000000003,-0.0005458216797842034
B52,c,h105,-0.00384,-0.0007797452568345763
B61,c,h105,-0.0026880000000000003,-0.0005458216797842034
B78,c,h105,-0.000768,-0.00015594905136691523
B79,c,h105,-0.001152,-0.00023392357705037285
B80,c,h105,-0.000384,-7.797452568345762e-5
B85,a,h105,-0.00192,-0.00038987262841728813
B86,a,h105,-0.00192,-0.00038987262841728813
B91,a,h105,-0.002304,-0.0004678471541007457
B94,b,h105,-0.009600000000000001,-0.0019493631420864407
B95,b,h105,-0.005376000000000001,-0.0010916433595684067
B97,c,h105,-0.0026880000000000003,-0.0005458216797842034
B100,a,h105,-0.003456,-0.0007017707311511186
B13,a,h106,-0.002304,-0.0004678471541007457
B26,c,h106,-0.005376000000000001,-0.0010916433595684067
B27,c,h106,-0.000768,-0.00015594905136691523
B29,c,h106,-0.000768,-0.00015594905136691523
B30,c,h106,-0.00384,-0.0007797452568345763
B32,c,h106,-0.010368,-0.0021053121934533556
B40,a,h106,-0.002304,-0.0004678471541007457
B52,c,h106,-0.004224,-0.0008577197825180339
B61,c,h106,-0.000768,-0.00015594905136691523
B78,c,h106,-0.000768,-0.00015594905136691523
B79,c,h106,-0.00384,-0.0007797452568345763
B80,c,h106,-0.000768,-0.00015594905136691523
B85,a,h106,-0.0026880000000000003,-0.0005458216797842034
B86,a,h106,-0.001152,-0.00023392357705037285
B91,a,h106,-0.000768,-0.00015594905136691523
B94,b,h106,-0.008448,-0.0017154395650360679
B95,b,h106,-0.005376000000000001,-0.0010916433595684067
B97,c,h106,-0.002304,-0.0004678471541007457
B100,a,h106,-0.003456,-0.0007017707311511186
B13,a,h107,-0.002304,-0.0004678471541007457
B26,c,h107,-0.00768,-0.0015594905136691525
B27,c,h107,-0.001152,-0.00023392357705037285
B29,c,h107,-0.000384,-7.797452568345762e-5
B30,c,h107,-0.001152,-0.00023392357705037285
B32,c,h107,-0.005376000000000001,-0.0010916433595684067
B40,a,h107,-0.0026880000000000003,-0.0005458216797842034
B52,c,h107,-0.004224,-0.0008577197825180339
B61,c,h107,-0.001152,-0.00023392357705037285
B78,c,h107,-0.000384,-7.797452568345762e-5
B79,c,h107,-0.000768,-0.00015594905136691523
B80,c,h107,-0.000768,-0.00015594905136691523
B85,a,h107,-0.0026880000000000003,-0.0005458216797842034
B86,a,h107,-0.002304,-0.0004678471541007457
B91,a,h107,-0.007296,-0.0014815159879856949
B94,b,h107,-0.008448,-0.0017154395650360679
B95,b,h107,-0.00576,-0.0011696178852518642
B97,c,h107,-0.001536,-0.00031189810273383046
B100,a,h107,-0.003072,-0.0006237962054676609
B13,a,h108,-0.001536,-0.00031189810273383046
B26,c,h108,-0.003456,-0.0007017707311511186
B27,c,h108,-0.001536,-0.00031189810273383046
B29,c,h108,-0.000768,-0.00015594905136691523
B30,c,h108,-0.000384,-7.797452568345762e-5
B32,c,h108,-0.001536,-0.00031189810273383046
B40,a,h108,-0.001536,-0.00031189810273383046
B52,c,h108,-0.00384,-0.0007797452568345763
B61,c,h108,-0.001536,-0.00031189810273383046
B78,c,h108,-0.000768,-0.00015594905136691523
B79,c,h108,-0.000768,-0.00015594905136691523
B80,c,h108,-0.000768,-0.00015594905136691523
B85,a,h108,-0.00192,-0.00038987262841728813
B86,a,h108,-0.001152,-0.00023392357705037285
B91,a,h108,-0.0026880000000000003,-0.0005458216797842034
B94,b,h108,-0.008832,-0.0017934140907195253
B95,b,h108,-0.00576,-0.0011696178852518642
B97,c,h108,-0.002304,-0.0004678471541007457
B100,a,h108,-0.003072,-0.0006237962054676609
B13,a,h109,-0.00192,-0.00038987262841728813
B26,c,h109,-0.002304,-0.0004678471541007457
B27,c,h109,-0.002304,-0.0004678471541007457
B29,c,h109,-0.000384,-7.797452568345762e-5
B30,c,h109,-0.000768,-0.00015594905136691523
B32,c,h109,-0.001152,-0.00023392357705037285
B40,a,h109,-0.001152,-0.00023392357705037285
B52,c,h109,-0.00576,-0.0011696178852518642
B61,c,h109,-0.001152,-0.00023392357705037285
B78,c,h109,-0.000768,-0.00015594905136691523
B79,c,h109,-0.002304,-0.0004678471541007457
B80,c,h109,-0.003072,-0.0006237962054676609
B85,a,h109,-0.002304,-0.0004678471541007457
B86,a,h109,-0.001536,-0.00031189810273383046
B91,a,h109,-0.002304,-0.0004678471541007457
B94,b,h109,-0.00768,-0.0015594905136691525
B95,b,h109,-0.006144,-0.0012475924109353219
B97,c,h109,-0.00192,-0.00038987262841728813
B100,a,h109,-0.003072,-0.0006237962054676609
B13,a,h110,-0.006528,-0.0013255669366187795
B26,c,h110,-0.0026880000000000003,-0.0005458216797842034
B27,c,h110,-0.00192,-0.00038987262841728813
B29,c,h110,-0.000768,-0.00015594905136691523
B30,c,h110,-0.000768,-0.00015594905136691523
B32,c,h110,-0.001536,-0.00031189810273383046
B40,a,h110,-0.001152,-0.00023392357705037285
B52,c,h110,-0.00384,-0.0007797452568345763
B61,c,h110,-0.001536,-0.00031189810273383046
B78,c,h110,-0.000768,-0.00015594905136691523
B79,c,h110,-0.002304,-0.0004678471541007457
B80,c,h110,-0.004608,-0.0009356943082014914
B85,a,h110,-0.002304,-0.0004678471541007457
B86,a,h110,-0.001152,-0.00023392357705037285
B91,a,h110,-0.002304,-0.0004678471541007457
B94,b,h110,-0.00768,-0.0015594905136691525
B95,b,h110,-0.005376000000000001,-0.0010916433595684067
B97,c,h110,-0.0026880000000000003,-0.0005458216797842034
B100,a,h110,-0.003456,-0.0007017707311511186
B13,a,h111,-0.00384,-0.0007797452568345763
B26,c,h111,-0.0026880000000000003,-0.0005458216797842034
B27,c,h111,-0.00192,-0.00038987262841728813
B29,c,h111,-0.000384,-7.797452568345762e-5
B32,c,h111,-0.001536,-0.00031189810273383046
B40,a,h111,-0.002304,-0.0004678471541007457
B52,c,h111,-0.00384,-0.0007797452568345763
B61,c,h111,-0.001152,-0.00023392357705037285
B78,c,h111,-0.00192,-0.00038987262841728813
B79,c,h111,-0.001152,-0.00023392357705037285
B80,c,h111,-0.00384,-0.0007797452568345763
B85,a,h111,-0.00192,-0.00038987262841728813
B86,a,h111,-0.001152,-0.00023392357705037285
B91,a,h111,-0.006144,-0.0012475924109353219
B94,b,h111,-0.008064,-0.00163746503935261
B95,b,h111,-0.006144,-0.0012475924109353219
B97,c,h111,-0.0026880000000000003,-0.0005458216797842034
B100,a,h111,-0.003456,-0.0007017707311511186
B13,a,h112,-0.005376000000000001,-0.0010916433595684067
B26,c,h112,-0.00384,-0.0007797452568345763
B27,c,h112,-0.002304,-0.0004678471541007457
B29,c,h112,-0.000768,-0.00015594905136691523
B30,c,h112,-0.00192,-0.00038987262841728813
B32,c,h112,-0.006144,-0.0012475924109353219
B40,a,h112,-0.008064000000000002,-0.0020273376677698986
B52,c,h112,-0.004224,-0.0008577197825180339
B61,c,h112,-0.001536,-0.00031189810273383046
B73,b,h112,-0.000384,-7.797452568345762e-5
B78,c,h112,-0.000768,-0.00015594905136691523
B79,c,h112,-0.000768,-0.00015594905136691523
B80,c,h112,-0.000384,-7.797452568345762e-5
B85,a,h112,-0.003072,-0.0006237962054676609
B86,a,h112,-0.001152,-0.00023392357705037285
B91,a,h112,-0.002304,-0.0004678471541007457
B94,b,h112,-0.00768,-0.0015594905136691525
B95,b,h112,-0.006144,-0.0012475924109353219
B97,c,h112,-0.002304,-0.0004678471541007457
B100,a,h112,-0.003456,-0.0007017707311511186
B13,a,h113,-0.004992,-0.001013668833884949
B26,c,h113,-0.0026880000000000003,-0.0005458216797842034
B27,c,h113,-0.002304,-0.0004678471541007457
B29,c,h113,-0.000384,-7.797452568345762e-5
B30,c,h113,-0.000384,-7.797452568345762e-5
B32,c,h113,-0.009600000000000001,-0.0019493631420864407
B40,a,h113,0.0019199999999999998,-0.0006237962054676609
B52,c,h113,-0.00384,-0.0007797452568345763
B61,c,h113,-0.001152,-0.00023392357705037285
B78,c,h113,-0.001536,-0.00031189810273383046
B79,c,h113,-0.00192,-0.00038987262841728813
B80,c,h113,-0.000768,-0.00015594905136691523
B85,a,h113,-0.00384,-0.0007797452568345763
B86,a,h113,-0.006912,-0.0014035414623022372
B91,a,h113,-0.004224,-0.0008577197825180339
B94,b,h113,-0.00768,-0.0015594905136691525
B95,b,h113,-0.00576,-0.0011696178852518642
B97,c,h113,-0.0026880000000000003,-0.0005458216797842034
B100,a,h113,-0.003456,-0.0007017707311511186
B13,a,h114,-0.006912,-0.0014035414623022372
B26,c,h114,-0.002304,-0.0004678471541007457
B27,c,h114,-0.00192,-0.00038987262841728813
B29,c,h114,-0.000768,-0.00015594905136691523
B30,c,h114,-0.003456,-0.0007017707311511186
B32,c,h114,-0.009216,-0.0018713886164029828
B40,a,h114,-0.0057599999999999995,-0.00163746503935261
B52,c,h114,-0.004224,-0.0008577197825180339
B61,c,h114,-0.001152,-0.00023392357705037285
B78,c,h114,-0.000768,-0.00015594905136691523
B79,c,h114,-0.003072,-0.0006237962054676609
B80,c,h114,-0.005376000000000001,-0.0010916433595684067
B85,a,h114,-0.001536,-0.00031189810273383046
B86,a,h114,-0.004608,-0.0009356943082014914
B91,a,h114,-0.001152,-0.00023392357705037285
B94,b,h114,-0.00768,-0.0015594905136691525
B95,b,h114,-0.006144,-0.0012475924109353219
B97,c,h114,-0.012288,-0.0024951848218706437
B100,a,h114,-0.003456,-0.0007017707311511186
B13,a,h115,-0.008448,-0.0017154395650360679
B26,c,h115,-0.0026880000000000003,-0.0005458216797842034
B27,c,h115,-0.003072,-0.0006237962054676609
B29,c,h115,-0.001536,-0.00031189810273383046
B30,c,h115,-0.000768,-0.00015594905136691523
B32,c,h115,-0.003072,-0.0006237962054676609
B40,a,h115,-0.0023039999999999996,-0.0007017707311511186
B52,c,h115,-0.00768,-0.0015594905136691525
B61,c,h115,-0.001152,-0.00023392357705037285
B78,c,h115,-0.003072,-0.0006237962054676609
B79,c,h115,-0.001152,-0.00023392357705037285
B80,c,h115,-0.007296,-0.0014815159879856949
B85,a,h115,-0.002304,-0.0004678471541007457
B86,a,h115,-0.00384,-0.0007797452568345763
B91,a,h115,-0.00384,-0.0007797452568345763
B94,b,h115,-0.008832,-0.0017934140907195253
B95,b,h115,-0.00576,-0.0011696178852518642
B97,c,h115,-0.00384,-0.0007797452568345763
B100,a,h115,-0.003456,-0.0007017707311511186
B13,a,h116,-0.003072,-0.0006237962054676609
B26,c,h116,-0.0026880000000000003,-0.0005458216797842034
B27,c,h116,-0.002304,-0.0004678471541007457
B29,c,h116,-0.001152,-0.00023392357705037285
B30,c,h116,-0.001152,-0.00023392357705037285
B32,c,h116,-0.00192,-0.00038987262841728813
B40,a,h116,-0.007296,-0.0014815159879856949
B52,c,h116,-0.01344,-0.0027291083989210165
B61,c,h116,-0.00192,-0.00038987262841728813
B78,c,h116,-0.001152,-0.00023392357705037285
B79,c,h116,-0.000768,-0.00015594905136691523
B80,c,h116,-0.008832,-0.0017934140907195253
B85,a,h116,-0.001536,-0.00031189810273383046
B86,a,h116,-0.00192,-0.00038987262841728813
B91,a,h116,-0.01152,-0.0023392357705037284
B94,b,h116,-0.009216,-0.0018713886164029828
B95,b,h116,-0.00576,-0.0011696178852518642
B97,c,h116,-0.010752000000000001,-0.0021832867191368135
B100,a,h116,-0.003456,-0.0007017707311511186
B13,a,h117,-0.00192,-0.00038987262841728813
B26,c,h117,-0.0026880000000000003,-0.0005458216797842034
B27,c,h117,-0.0026880000000000003,-0.0005458216797842034
B29,c,h117,-0.000768,-0.00015594905136691523
B30,c,h117,-0.000384,-7.797452568345762e-5
B32,c,h117,-0.00192,-0.00038987262841728813
B40,a,h117,-0.0026880000000000003,-0.0005458216797842034
B52,c,h117,-0.00384,-0.0007797452568345763
B61,c,h117,-0.001152,-0.00023392357705037285
B78,c,h117,-0.001536,-0.00031189810273383046
B79,c,h117,-0.001152,-0.00023392357705037285
B80,c,h117,-0.005376000000000001,-0.0010916433595684067
B85,a,h117,-0.003072,-0.0006237962054676609
B86,a,h117,-0.00192,-0.00038987262841728813
B91,a,h117,-0.001536,-0.00031189810273383046
B94,b,h117,-0.009216,-0.0018713886164029828
B95,b,h117,-0.006144,-0.0012475924109353219
B97,c,h117,-0.006912,-0.0014035414623022372
B100,a,h117,-0.003456,-0.0007017707311511186
B13,a,h118,-0.002304,-0.0004678471541007457
B26,c,h118,-0.003072,-0.0006237962054676609
B27,c,h118,-0.002304,-0.0004678471541007457
B29,c,h118,-0.000384,-7.797452568345762e-5
B30,c,h118,-0.001152,-0.00023392357705037285
B32,c,h118,-0.002304,-0.0004678471541007457
B40,a,h118,-0.00192,-0.00038987262841728813
B52,c,h118,-0.00384,-0.0007797452568345763
B61,c,h118,-0.003072,-0.0006237962054676609
B78,c,h118,-0.001536,-0.00031189810273383046
B79,c,h118,-0.000384,-7.797452568345762e-5
B80,c,h118,-0.012288,-0.0024951848218706437
B85,a,h118,-0.002304,-0.0004678471541007457
B86,a,h118,-0.00192,-0.00038987262841728813
B91,a,h118,-0.0026880000000000003,-0.0005458216797842034
B94,b,h118,-0.009216,-0.0018713886164029828
B95,b,h118,-0.006144,-0.0012475924109353219
B97,c,h118,-0.013056,-0.002651133873237559
B100,a,h118,-0.003456,-0.0007017707311511186
B13,a,h119,-0.003072,-0.0006237962054676609
B26,c,h119,-0.0026880000000000003,-0.0005458216797842034
B27,c,h119,-0.002304,-0.0004678471541007457
B29,c,h119,-0.000768,-0.00015594905136691523
B32,c,h119,-0.002304,-0.0004678471541007457
B40,a,h119,-0.00192,-0.00038987262841728813
B52,c,h119,-0.00384,-0.0007797452568345763
B61,c,h119,-0.001152,-0.00023392357705037285
B78,c,h119,-0.001536,-0.00031189810273383046
B79,c,h119,-0.000768,-0.00015594905136691523
B80,c,h119,-0.005376000000000001,-0.0010916433595684067
B85,a,h119,-0.001152,-0.00023392357705037285
B86,a,h119,-0.000768,-0.00015594905136691523
B91,a,h119,-0.001152,-0.00023392357705037285
B94,b,h119,-0.009216,-0.0018713886164029828
B95,b,h119,-0.00576,-0.0011696178852518642
B97,c,h119,-0.004224,-0.0008577197825180339
B100,a,h119,-0.003456,-0.0007017707311511186
B13,a,h120,-0.001536,-0.00031189810273383046
B26,c,h120,-0.002304,-0.0004678471541007457
B27,c,h120,-0.001536,-0.00031189810273383046
B29,c,h120,-0.000384,-7.797452568345762e-5
B30,c,h120,-0.001536,-0.00031189810273383046
B32,c,h120,-0.002304,-0.0004678471541007457
B40,a,h120,-0.00192,-0.00038987262841728813
B52,c,h120,-0.00384,-0.0007797452568345763
B61,c,h120,-0.00192,-0.00038987262841728813
B78,c,h120,-0.001536,-0.00031189810273383046
B79,c,h120,-0.000768,-0.00015594905136691523
B80,c,h120,-0.008064,-0.00163746503935261
B85,a,h120,-0.000768,-0.00015594905136691523
B86,a,h120,-0.000768,-0.00015594905136691523
B91,a,h120,-0.001152,-0.00023392357705037285
B94,b,h120,-0.009216,-0.0018713886164029828
B95,b,h120,-0.00576,-0.0011696178852518642
B97,c,h120,-0.00192,-0.00038987262841728813
B100,a,h120,-0.00384,-0.0007797452568345763
B13,a,h121,-0.001152,-0.00023392357705037285
B26,c,h121,-0.0026880000000000003,-0.0005458216797842034
B27,c,h121,-0.000768,-0.00015594905136691523
B29,c,h121,-0.000768,-0.00015594905136691523
B32,c,h121,-0.00192,-0.00038987262841728813
B40,a,h121,-0.00192,-0.00038987262841728813
B52,c,h121,-0.00384,-0.0007797452568345763
B61,c,h121,-0.001536,-0.00031189810273383046
B78,c,h121,-0.00192,-0.00038987262841728813
B79,c,h121,-0.000768,-0.00015594905136691523
B80,c,h121,-0.005376000000000001,-0.0010916433595684067
B85,a,h121,-0.000768,-0.00015594905136691523
B86,a,h121,-0.000768,-0.00015594905136691523
B91,a,h121,-0.000768,-0.00015594905136691523
B94,b,h121,-0.009600000000000001,-0.0019493631420864407
B95,b,h121,-0.005376000000000001,-0.0010916433595684067
B97,c,h121,-0.00192,-0.00038987262841728813
B100,a,h121,-0.003456,-0.0007017707311511186
B13,a,h122,-0.001152,-0.00023392357705037285
B26,c,h122,-0.001536,-0.00031189810273383046
B27,c,h122,-0.001536,-0.00031189810273383046
B29,c,h122,-0.000768,-0.00015594905136691523
B30,c,h122,-0.000768,-0.00015594905136691523
B32,c,h122,-0.002304,-0.0004678471541007457
B40,a,h122,-0.001536,-0.00031189810273383046
B52,c,h122,-0.004224,-0.0008577197825180339
B61,c,h122,-0.00192,-0.00038987262841728813
B78,c,h122,-0.001152,-0.00023392357705037285
B79,c,h122,-0.000768,-0.00015594905136691523
B80,c,h122,-0.00576,-0.0011696178852518642
B85,a,h122,-0.00192,-0.00038987262841728813
B86,a,h122,-0.001536,-0.00031189810273383046
B91,a,h122,-0.00192,-0.00038987262841728813
B94,b,h122,-0.009600000000000001,-0.0019493631420864407
B95,b,h122,-0.005376000000000001,-0.0010916433595684067
B97,c,h122,-0.00192,-0.00038987262841728813
B100,a,h122,-0.003456,-0.0007017707311511186
B13,a,h123,-0.001536,-0.00031189810273383046
B26,c,h123,-0.00192,-0.00038987262841728813
B27,c,h123,-0.001152,-0.00023392357705037285
B29,c,h123,-0.001152,-0.00023392357705037285
B30,c,h123,-0.001152,-0.00023392357705037285
B32,c,h123,-0.002304,-0.0004678471541007457
B40,a,h123,-0.001536,-0.00031189810273383046
B52,c,h123,-0.00576,-0.0011696178852518642
B61,c,h123,-0.00192,-0.00038987262841728813
B78,c,h123,-0.000768,-0.00015594905136691523
B79,c,h123,-0.000768,-0.00015594905136691523
B80,c,h123,-0.006912,-0.0014035414623022372
B85,a,h123,-0.001536,-0.00031189810273383046
B86,a,h123,-0.000384,-7.797452568345762e-5
B91,a,h123,-0.000768,-0.00015594905136691523
B94,b,h123,-0.009984,-0.002027337667769898
B95,b,h123,-0.004992,-0.001013668833884949
B97,c,h123,-0.00192,-0.00038987262841728813
B100,a,h123,-0.00384,-0.0007797452568345763
B13,a,h124,-0.001152,-0.00023392357705037285
B26,c,h124,-0.00192,-0.00038987262841728813
B27,c,h124,-0.001152,-0.00023392357705037285
B29,c,h124,-0.000768,-0.00015594905136691523
B30,c,h124,-0.000768,-0.00015594905136691523
B32,c,h124,-0.00192,-0.00038987262841728813
B40,a,h124,-0.001152,-0.00023392357705037285
B52,c,h124,-0.00384,-0.0007797452568345763
B61,c,h124,-0.001152,-0.00023392357705037285
B73,b,h124,-0.000384,-7.797452568345762e-5
B78,c,h124,-0.001536,-0.00031189810273383046
B79,c,h124,-0.000768,-0.00015594905136691523
B80,c,h124,-0.007296,-0.0014815159879856949
B85,a,h124,-0.001152,-0.00023392357705037285
B86,a,h124,-0.001152,-0.00023392357705037285
B91,a,h124,-0.000768,-0.00015594905136691523
B94,b,h124,-0.009984,-0.002027337667769898
B95,b,h124,-0.005376000000000001,-0.0010916433595684067
B97,c,h124,-0.00192,-0.00038987262841728813
B100,a,h124,-0.003456,-0.0007017707311511186
B13,a,h125,-0.001152,-0.00023392357705037285
B26,c,h125,-0.001152,-0.00023392357705037285
B27,c,h125,-0.001152,-0.00023392357705037285
B29,c,h125,-0.001152,-0.00023392357705037285
B30,c,h125,-0.001152,-0.00023392357705037285
B32,c,h125,-0.001536,-0.00031189810273383046
B40,a,h125,-0.000768,-0.00015594905136691523
B52,c,h125,-0.003456,-0.0007017707311511186
B61,c,h125,-0.002304,-0.0004678471541007457
B78,c,h125,-0.00384,-0.0007797452568345763
B79,c,h125,-0.000768,-0.00015594905136691523
B80,c,h125,-0.006912,-0.0014035414623022372
B85,a,h125,-0.000768,-0.00015594905136691523
B86,a,h125,-0.001152,-0.00023392357705037285
B91,a,h125,-0.000768,-0.00015594905136691523
B94,b,h125,-0.009600000000000001,-0.0019493631420864407
B95,b,h125,-0.005376000000000001,-0.0010916433595684067
B97,c,h125,-0.002304,-0.0004678471541007457
B100,a,h125,-0.003456,-0.0007017707311511186
B13,a,h126,-0.001152,-0.00023392357705037285
B26,c,h126,-0.00192,-0.00038987262841728813
B27,c,h126,-0.001152,-0.00023392357705037285
B29,c,h126,-0.000384,-7.797452568345762e-5
B30,c,h126,-0.005376000000000001,-0.0010916433595684067
B32,c,h126,-0.002304,-0.0004678471541007457
B40,a,h126,-0.003072,-0.0006237962054676609
B52,c,h126,-0.004224,-0.0008577197825180339
B61,c,h126,-0.00192,-0.00038987262841728813
B78,c,h126,-0.000768,-0.00015594905136691523
B79,c,h126,-0.00192,-0.00038987262841728813
B80,c,h126,-0.005376000000000001,-0.0010916433595684067
B85,a,h126,-0.00192,-0.00038987262841728813
B86,a,h126,-0.000384,-7.797452568345762e-5
B91,a,h126,-0.000768,-0.00015594905136691523
B94,b,h126,-0.009984,-0.002027337667769898
B95,b,h126,-0.005376000000000001,-0.0010916433595684067
B97,c,h126,-0.0026880000000000003,-0.0005458216797842034
B100,a,h126,-0.00384,-0.0007797452568345763
B13,a,h127,-0.001152,-0.00023392357705037285
B26,c,h127,-0.00192,-0.00038987262841728813
B27,c,h127,-0.001536,-0.00031189810273383046
B29,c,h127,-0.000768,-0.00015594905136691523
B30,c,h127,-0.003456,-0.0007017707311511186
B32,c,h127,-0.00192,-0.00038987262841728813
B40,a,h127,-0.0026880000000000003,-0.0005458216797842034
B52,c,h127,-0.00384,-0.0007797452568345763
B61,c,h127,-0.002304,-0.0004678471541007457
B78,c,h127,-0.001152,-0.00023392357705037285
B79,c,h127,-0.000768,-0.00015594905136691523
B80,c,h127,-0.003456,-0.0007017707311511186
B85,a,h127,-0.0026880000000000003,-0.0005458216797842034
B86,a,h127,-0.001536,-0.00031189810273383046
B91,a,h127,-0.000768,-0.00015594905136691523
B94,b,h127,-0.009600000000000001,-0.0019493631420864407
B95,b,h127,-0.005376000000000001,-0.0010916433595684067
B97,c,h127,-0.002304,-0.0004678471541007457
B100,a,h127,-0.003456,-0.0007017707311511186
B13,a,h128,-0.0026880000000000003,-0.0005458216797842034
B26,c,h128,-0.001152,-0.00023392357705037285
B27,c,h128,-0.00384,-0.0007797452568345763
B29,c,h128,-0.000384,-7.797452568345762e-5
B30,c,h128,-0.0026880000000000003,-0.0005458216797842034
B32,c,h128,-0.003072,-0.0006237962054676609
B40,a,h128,-0.0023040000000000005,-0.0005458216797842034
B52,c,h128,-0.00384,-0.0007797452568345763
B61,c,h128,-0.002304,-0.0004678471541007457
B78,c,h128,-0.001536,-0.00031189810273383046
B79,c,h128,-0.000768,-0.00015594905136691523
B80,c,h128,-0.003072,-0.0006237962054676609
B85,a,h128,-0.001536,-0.00031189810273383046
B86,a,h128,-0.002304,-0.0004678471541007457
B91,a,h128,-0.00192,-0.00038987262841728813
B94,b,h128,-0.009984,-0.002027337667769898
B95,b,h128,-0.005376000000000001,-0.0010916433595684067
B97,c,h128,-0.0026880000000000003,-0.0005458216797842034
B100,a,h128,-0.003456,-0.0007017707311511186
B13,a,h129,-0.001536,-0.00031189810273383046
B26,c,h129,-0.001536,-0.00031189810273383046
B27,c,h129,-0.0026880000000000003,-0.0005458216797842034
B29,c,h129,-0.000768,-0.00015594905136691523
B30,c,h129,-0.000768,-0.00015594905136691523
B32,c,h129,-0.003456,-0.0007017707311511186
B40,a,h129,0.0003840000000000002,-0.0004678471541007457
B52,c,h129,-0.006912,-0.0014035414623022372
B61,c,h129,-0.002304,-0.0004678471541007457
B78,c,h129,-0.000768,-0.00015594905136691523
B79,c,h129,-0.000384,-7.797452568345762e-5
B80,c,h129,-0.003072,-0.0006237962054676609
B85,a,h129,-0.00384,-0.0007797452568345763
B86,a,h129,-0.000768,-0.00015594905136691523
B91,a,h129,-0.003456,-0.0007017707311511186
B94,b,h129,-0.009600000000000001,-0.0019493631420864407
B95,b,h129,-0.00576,-0.0011696178852518642
B97,c,h129,-0.0026880000000000003,-0.0005458216797842034
B100,a,h129,-0.00384,-0.0007797452568345763
B13,a,h130,-0.002304,-0.0004678471541007457
B26,c,h130,-0.001152,-0.00023392357705037285
B27,c,h130,-0.0026880000000000003,-0.0005458216797842034
B29,c,h130,-0.000384,-7.797452568345762e-5
B30,c,h130,-0.000384,-7.797452568345762e-5
B32,c,h130,-0.009216,-0.0018713886164029828
B40,a,h130,0.005376000000000001,-0.000389872628417288
B52,c,h130,-0.004992,-0.001013668833884949
B61,c,h130,-0.000768,-0.00015594905136691523
B78,c,h130,-0.000768,-0.00015594905136691523
B79,c,h130,-0.00192,-0.00038987262841728813
B80,c,h130,-0.004224,-0.0008577197825180339
B85,a,h130,-0.0026880000000000003,-0.0005458216797842034
B86,a,h130,-0.001536,-0.00031189810273383046
B91,a,h130,-0.01536,-0.003118981027338305
B94,b,h130,-0.008448,-0.0017154395650360679
B95,b,h130,-0.00576,-0.0011696178852518642
B97,c,h130,-0.002304,-0.0004678471541007457
B100,a,h130,-0.003456,-0.0007017707311511186
B13,a,h131,-0.001536,-0.00031189810273383046
B26,c,h131,-0.001152,-0.00023392357705037285
B27,c,h131,-0.003072,-0.0006237962054676609
B29,c,h131,-0.000768,-0.00015594905136691523
B30,c,h131,-0.001536,-0.00031189810273383046
B32,c,h131,-0.009600000000000001,-0.0019493631420864407
B40,a,h131,0.00768,-0.0002339235770503728
B52,c,h131,-0.006912,-0.0014035414623022372
B61,c,h131,-0.00192,-0.00038987262841728813
B78,c,h131,-0.006528,-0.0013255669366187795
B79,c,h131,-0.000768,-0.00015594905136691523
B80,c,h131,-0.000768,-0.00015594905136691523
B85,a,h131,-0.001536,-0.00031189810273383046
B86,a,h131,-0.00192,-0.00038987262841728813
B91,a,h131,-0.007296,-0.0014815159879856949
B94,b,h131,-0.008832,-0.0017934140907195253
B95,b,h131,-0.005376000000000001,-0.0010916433595684067
B97,c,h131,-0.002304,-0.0004678471541007457
B100,a,h131,-0.003456,-0.0007017707311511186
B13,a,h132,-0.001536,-0.00031189810273383046
B26,c,h132,-0.001536,-0.00031189810273383046
B27,c,h132,-0.002304,-0.0004678471541007457
B29,c,h132,-0.000384,-7.797452568345762e-5
B32,c,h132,-0.004992,-0.001013668833884949
B40,a,h132,0.008832,-0.0002339235770503728
B52,c,h132,-0.00768,-0.0015594905136691525
B61,c,h132,-0.001536,-0.00031189810273383046
B78,c,h132,-0.000768,-0.00015594905136691523
B79,c,h132,-0.00192,-0.00038987262841728813
B80,c,h132,-0.001152,-0.00023392357705037285
B85,a,h132,-0.001536,-0.00031189810273383046
B86,a,h132,-0.000768,-0.00015594905136691523
B91,a,h132,-0.003072,-0.0006237962054676609
B94,b,h132,-0.008064,-0.00163746503935261
B95,b,h132,-0.00576,-0.0011696178852518642
B97,c,h132,-0.0026880000000000003,-0.0005458216797842034
B100,a,h132,-0.003456,-0.0007017707311511186
B13,a,h133,-0.005376000000000001,-0.0010916433595684067
B26,c,h133,-0.000768,-0.00015594905136691523
B27,c,h133,-0.00192,-0.00038987262841728813
B29,c,h133,-0.000384,-7.797452568345762e-5
B30,c,h133,-0.000384,-7.797452568345762e-5
B32,c,h133,-0.003072,-0.0006237962054676609
B40,a,h133,0.011904000000000001,-0.00038987262841728786
B52,c,h133,-0.006144,-0.0012475924109353219
B61,c,h133,-0.000384,-7.797452568345762e-5
B78,c,h133,-0.008448,-0.0017154395650360679
B79,c,h133,-0.000384,-7.797452568345762e-5
B80,c,h133,-0.0026880000000000003,-0.0005458216797842034
B85,a,h133,-0.0026880000000000003,-0.0005458216797842034
B86,a,h133,-0.000768,-0.00015594905136691523
B91,a,h133,-0.002304,-0.0004678471541007457
B94,b,h133,-0.00768,-0.0015594905136691525
B95,b,h133,-0.005376000000000001,-0.0010916433595684067
B97,c,h133,-0.00192,-0.00038987262841728813
B100,a,h133,-0.00384,-0.0007797452568345763
B13,a,h134,-0.002304,-0.0004678471541007457
B26,c,h134,-0.001152,-0.00023392357705037285
B27,c,h134,-0.00192,-0.00038987262841728813
B29,c,h134,-0.000768,-0.00015594905136691523
B32,c,h134,-0.003072,-0.0006237962054676609
B40,a,h134,0.009600000000000001,-0.0004678471541007456
B52,c,h134,-0.004608,-0.0009356943082014914
B61,c,h134,-0.000384,-7.797452568345762e-5
B73,b,h134,-0.000384,-7.797452568345762e-5
B78,c,h134,-0.002304,-0.0004678471541007457
B79,c,h134,-0.002304,-0.0004678471541007457
B80,c,h134,-0.004608,-0.0009356943082014914
B85,a,h134,-0.00192,-0.00038987262841728813
B86,a,h134,-0.001152,-0.00023392357705037285
B91,a,h134,-0.0026880000000000003,-0.0005458216797842034
B94,b,h134,-0.00768,-0.0015594905136691525
B95,b,h134,-0.00576,-0.0011696178852518642
B97,c,h134,-0.002304,-0.0004678471541007457
B100,a,h134,-0.003456,-0.0007017707311511186
B13,a,h135,-0.006144,-0.0012475924109353219
B26,c,h135,-0.001152,-0.00023392357705037285
B27,c,h135,-0.009216,-0.0018713886164029828
B29,c,h135,-0.000384,-7.797452568345762e-5
B30,c,h135,-0.00576,-0.0011696178852518642
B32,c,h135,-0.002304,-0.0004678471541007457
B40,a,h135,0.009984,-0.0005458216797842036
B52,c,h135,-0.00384,-0.0007797452568345763
B61,c,h135,-0.000768,-0.00015594905136691523
B78,c,h135,-0.005376000000000001,-0.0010916433595684067
B79,c,h135,-0.002304,-0.0004678471541007457
B80,c,h135,-0.003456,-0.0007017707311511186
B85,a,h135,-0.001536,-0.00031189810273383046
B86,a,h135,-0.000768,-0.00015594905136691523
B91,a,h135,-0.004224,-0.0008577197825180339
B94,b,h135,-0.00768,-0.0015594905136691525
B95,b,h135,-0.005376000000000001,-0.0010916433595684067
B97,c,h135,-0.00192,-0.00038987262841728813
B100,a,h135,-0.003456,-0.0007017707311511186
B13,a,h136,-0.008064,-0.00163746503935261
B26,c,h136,-0.001152,-0.00023392357705037285
B27,c,h136,-0.004224,-0.0008577197825180339
B29,c,h136,-0.000768,-0.00015594905136691523
B30,c,h136,-0.001152,-0.00023392357705037285
B32,c,h136,-0.003072,-0.0006237962054676609
B40,a,h136,0.00384,-0.0004678471541007457
B52,c,h136,-0.004224,-0.0008577197825180339
B61,c,h136,-0.000384,-7.797452568345762e-5
B78,c,h136,-0.000768,-0.00015594905136691523
B79,c,h136,-0.000768,-0.00015594905136691523
B80,c,h136,-0.008448,-0.0017154395650360679
B85,a,h136,-0.003072,-0.0006237962054676609
B86,a,h136,-0.001536,-0.00031189810273383046
B91,a,h136,-0.000384,-7.797452568345762e-5
B94,b,h136,-0.007296,-0.0014815159879856949
B95,b,h136,-0.006144,-0.0012475924109353219
B97,c,h136,-0.00192,-0.00038987262841728813
B100,a,h136,-0.003456,-0.0007017707311511186
B13,a,h137,-0.004992,-0.001013668833884949
B26,c,h137,-0.001536,-0.00031189810273383046
B27,c,h137,-0.002304,-0.0004678471541007457
B29,c,h137,-0.00264,-0.0005360748640737712
B30,c,h137,-0.004224,-0.0008577197825180339
B32,c,h137,-0.004656,-0.0009454411239119237
B40,a,h137,0.001152,-0.00038987262841728813
B52,c,h137,-0.018816,-0.0038207517584894234
B61,c,h137,-0.000384,-7.797452568345762e-5
B78,c,h137,-0.001536,-0.00031189810273383046
B79,c,h137,-0.004608,-0.0009356943082014914
B80,c,h137,-0.004608,-0.0009356943082014914
B85,a,h137,-0.002304,-0.0004678471541007457
B86,a,h137,-0.001536,-0.00031189810273383046
B91,a,h137,-0.004224,-0.0008577197825180339
B94,b,h137,-0.00768,-0.0015594905136691525
B95,b,h137,-0.00576,-0.0011696178852518642
B97,c,h137,-0.001536,-0.00031189810273383046
B100,a,h137,-0.00384,-0.0007797452568345763
B13,a,h138,-0.001152,-0.00023392357705037285
B26,c,h138,-0.001536,-0.00031189810273383046
B27,c,h138,-0.011136,-0.002261261244820271
B29,c,h138,-0.001152,-0.00023392357705037285
B30,c,h138,-0.003072,-0.0006237962054676609
B32,c,h138,-0.004992,-0.001013668833884949
B40,a,h138,-0.003072,-0.001013668833884949
B52,c,h138,-0.003456,-0.0007017707311511186
B61,c,h138,-0.000384,-7.797452568345762e-5
B78,c,h138,-0.0026880000000000003,-0.0005458216797842034
B79,c,h138,-0.0026880000000000003,-0.0005458216797842034
B80,c,h138,-0.001152,-0.00023392357705037285
B85,a,h138,-0.003456,-0.0007017707311511186
B86,a,h138,-0.001152,-0.00023392357705037285
B91,a,h138,-0.0026880000000000003,-0.0005458216797842034
B94,b,h138,-0.007296,-0.0014815159879856949
B95,b,h138,-0.005376000000000001,-0.0010916433595684067
B97,c,h138,-0.00192,-0.00038987262841728813
B100,a,h138,-0.003456,-0.0007017707311511186
B13,a,h139,-0.00192,-0.00038987262841728813
B26,c,h139,-0.004608,-0.0009356943082014914
B27,c,h139,-0.00192,-0.00038987262841728813
B29,c,h139,-0.000768,-0.00015594905136691523
B30,c,h139,-0.002304,-0.0004678471541007457
B32,c,h139,-0.0026880000000000003,-0.0005458216797842034
B40,a,h139,-0.001152,-0.00038987262841728813
B52,c,h139,-0.00384,-0.0007797452568345763
B61,c,h139,-0.000384,-7.797452568345762e-5
B78,c,h139,-0.002304,-0.0004678471541007457
B79,c,h139,-0.001152,-0.00023392357705037285
B80,c,h139,-0.00192,-0.00038987262841728813
B85,a,h139,-0.001536,-0.00031189810273383046
B86,a,h139,-0.001152,-0.00023392357705037285
B91,a,h139,-0.001152,-0.00023392357705037285
B94,b,h139,-0.00768,-0.0015594905136691525
B95,b,h139,-0.00576,-0.0011696178852518642
B97,c,h139,-0.002304,-0.0004678471541007457
B100,a,h139,-0.003456,-0.0007017707311511186
B13,a,h140,-0.002304,-0.0004678471541007457
B26,c,h140,-0.0026880000000000003,-0.0005458216797842034
B27,c,h140,-0.003072,-0.0006237962054676609
B29,c,h140,-0.000384,-7.797452568345762e-5
B30,c,h140,-0.002304,-0.0004678471541007457
B32,c,h140,-0.00192,-0.00038987262841728813
B40,a,h140,-0.002304,-0.0004678471541007457
B52,c,h140,-0.00384,-0.0007797452568345763
B61,c,h140,-0.000768,-0.00015594905136691523
B78,c,h140,-0.001152,-0.00023392357705037285
B79,c,h140,-0.00192,-0.00038987262841728813
B80,c,h140,-0.001536,-0.00031189810273383046
B85,a,h140,-0.00384,-0.0007797452568345763
B86,a,h140,-0.00192,-0.00038987262841728813
B91,a,h140,-0.003072,-0.0006237962054676609
B94,b,h140,-0.008064,-0.00163746503935261
B95,b,h140,-0.00576,-0.0011696178852518642
B97,c,h140,-0.009216,-0.0018713886164029828
B100,a,h140,-0.003456,-0.0007017707311511186
B13,a,h141,-0.00192,-0.00038987262841728813
B26,c,h141,-0.002304,-0.0004678471541007457
B27,c,h141,-0.004224,-0.0008577197825180339
B29,c,h141,-0.000384,-7.797452568345762e-5
B30,c,h141,-0.001152,-0.00023392357705037285
B32,c,h141,-0.00192,-0.00038987262841728813
B40,a,h141,-0.00576,-0.0011696178852518642
B52,c,h141,-0.00384,-0.0007797452568345763
B61,c,h141,-0.000384,-7.797452568345762e-5
B78,c,h141,-0.001536,-0.00031189810273383046
B79,c,h141,-0.001152,-0.00023392357705037285
B80,c,h141,-0.0026880000000000003,-0.0005458216797842034
B85,a,h141,-0.003072,-0.0006237962054676609
B86,a,h141,-0.0026880000000000003,-0.0005458216797842034
B91,a,h141,-0.001152,-0.00023392357705037285
B94,b,h141,-0.008448,-0.0017154395650360679
B95,b,h141,-0.00576,-0.0011696178852518642
B97,c,h141,-0.004992,-0.001013668833884949
B100,a,h141,-0.002208,-0.00044835352267988133
B13,a,h142,-0.00192,-0.00038987262841728813
B26,c,h142,-0.0026880000000000003,-0.0005458216797842034
B27,c,h142,-0.004224,-0.0008577197825180339
B29,c,h142,-0.000384,-7.797452568345762e-5
B30,c,h142,-0.000768,-0.00015594905136691523
B32,c,h142,-0.00192,-0.00038987262841728813
B40,a,h142,-0.005376000000000001,-0.0010916433595684067
B52,c,h142,-0.00384,-0.0007797452568345763
B61,c,h142,-0.000768,-0.00015594905136691523
B78,c,h142,-0.001536,-0.00031189810273383046
B79,c,h142,-0.000768,-0.00015594905136691523
B80,c,h142,-0.002304,-0.0004678471541007457
B85,a,h142,-0.00192,-0.00038987262841728813
B86,a,h142,-0.000768,-0.00015594905136691523
B91,a,h142,-0.001152,-0.00023392357705037285
B94,b,h142,-0.008448,-0.0017154395650360679
B95,b,h142,-0.00576,-0.0011696178852518642
B97,c,h142,-0.002304,-0.0004678471541007457
B100,a,h142,-0.003456,-0.0007017707311511186
B13,a,h143,-0.001536,-0.00031189810273383046
B26,c,h143,-0.003456,-0.0007017707311511186
B27,c,h143,-0.003072,-0.0006237962054676609
B29,c,h143,-0.000768,-0.00015594905136691523
B30,c,h143,-0.000768,-0.00015594905136691523
B32,c,h143,-0.00192,-0.00038987262841728813
B40,a,h143,-0.00192,-0.00038987262841728813
B52,c,h143,-0.00576,-0.0011696178852518642
B61,c,h143,-0.000384,-7.797452568345762e-5
B78,c,h143,-0.00192,-0.00038987262841728813
B79,c,h143,-0.000768,-0.00015594905136691523
B80,c,h143,-0.006528,-0.0013255669366187795
B85,a,h143,-0.000768,-0.00015594905136691523
B86,a,h143,-0.000384,-7.797452568345762e-5
B91,a,h143,-0.001152,-0.00023392357705037285
B94,b,h143,-0.008448,-0.0017154395650360679
B95,b,h143,-0.00576,-0.0011696178852518642
B97,c,h143,-0.002304,-0.0004678471541007457
B100,a,h143,-0.003456,-0.0007017707311511186
B13,a,h144,-0.001536,-0.00031189810273383046
B26,c,h144,-0.0026880000000000003,-0.0005458216797842034
B27,c,h144,-0.003072,-0.0006237962054676609
B29,c,h144,-0.000768,-0.00015594905136691523
B30,c,h144,-0.000768,-0.00015594905136691523
B32,c,h144,-0.00192,-0.00038987262841728813
B40,a,h144,-0.001536,-0.00031189810273383046
B52,c,h144,-0.00384,-0.0007797452568345763
B61,c,h144,-0.000384,-7.797452568345762e-5
B78,c,h144,-0.001536,-0.00031189810273383046
B79,c,h144,-0.00192,-0.00038987262841728813
B80,c,h144,-0.007296,-0.0014815159879856949
B85,a,h144,-0.001536,-0.00031189810273383046
B86,a,h144,-0.001536,-0.00031189810273383046
B91,a,h144,-0.001152,-0.00023392357705037285
B94,b,h144,-0.008448,-0.0017154395650360679
B95,b,h144,-0.00576,-0.0011696178852518642
B97,c,h144,-0.002304,-0.0004678471541007457
B100,a,h144,-0.00384,-0.0007797452568345763
B13,a,h145,-0.001152,-0.00023392357705037285
B26,c,h145,-0.0026880000000000003,-0.0005458216797842034
B27,c,h145,-0.001152,-0.00023392357705037285
B29,c,h145,-0.001152,-0.00023392357705037285
B30,c,h145,-0.000768,-0.00015594905136691523
B32,c,h145,-0.00192,-0.00038987262841728813
B40,a,h145,-0.001152,-0.00023392357705037285
B52,c,h145,-0.00384,-0.0007797452568345763
B61,c,h145,-0.000384,-7.797452568345762e-5
B73,b,h145,-0.000384,-7.797452568345762e-5
B78,c,h145,-0.00192,-0.00038987262841728813
B79,c,h145,-0.000768,-0.00015594905136691523
B80,c,h145,-0.004608,-0.0009356943082014914
B85,a,h145,-0.001152,-0.00023392357705037285
B86,a,h145,-0.000384,-7.797452568345762e-5
B91,a,h145,-0.000768,-0.00015594905136691523
B94,b,h145,-0.009216,-0.0018713886164029828
B95,b,h145,-0.005376000000000001,-0.0010916433595684067
B97,c,h145,-0.001536,-0.00031189810273383046
B100,a,h145,-0.003456,-0.0007017707311511186
B13,a,h146,-0.001152,-0.00023392357705037285
B26,c,h146,-0.0026880000000000003,-0.0005458216797842034
B27,c,h146,-0.001152,-0.00023392357705037285
B29,c,h146,-0.000768,-0.00015594905136691523
B30,c,h146,-0.00192,-0.00038987262841728813
B32,c,h146,-0.00192,-0.00038987262841728813
B40,a,h146,-0.001152,-0.00023392357705037285
B52,c,h146,-0.00384,-0.0007797452568345763
B61,c,h146,-0.000384,-7.797452568345762e-5
B78,c,h146,-0.001536,-0.00031189810273383046
B79,c,h146,-0.000768,-0.00015594905136691523
B80,c,h146,-0.003456,-0.0007017707311511186
B85,a,h146,-0.001152,-0.00023392357705037285
B86,a,h146,-0.000768,-0.00015594905136691523
B91,a,h146,-0.00192,-0.00038987262841728813
B94,b,h146,-0.008448,-0.0017154395650360679
B95,b,h146,-0.005376000000000001,-0.0010916433595684067
B97,c,h146,-0.00192,-0.00038987262841728813
B100,a,h146,-0.003456,-0.0007017707311511186
B13,a,h147,-0.001152,-0.00023392357705037285
B26,c,h147,-0.0026880000000000003,-0.0005458216797842034
B27,c,h147,-0.001152,-0.00023392357705037285
B29,c,h147,-0.001152,-0.00023392357705037285
B30,c,h147,-0.000768,-0.00015594905136691523
B32,c,h147,-0.00192,-0.00038987262841728813
B40,a,h147,-0.000768,-0.00015594905136691523
B52,c,h147,-0.004224,-0.0008577197825180339
B61,c,h147,-0.000384,-7.797452568345762e-5
B78,c,h147,-0.00192,-0.00038987262841728813
B79,c,h147,-0.000768,-0.00015594905136691523
B80,c,h147,-0.006144,-0.0012475924109353219
B85,a,h147,-0.000768,-0.00015594905136691523
B86,a,h147,-0.001152,-0.00023392357705037285
B91,a,h147,-0.000768,-0.00015594905136691523
B94,b,h147,-0.008448,-0.0017154395650360679
B95,b,h147,-0.005376000000000001,-0.0010916433595684067
B97,c,h147,-0.002304,-0.0004678471541007457
B100,a,h147,-0.003456,-0.0007017707311511186
B13,a,h148,-0.001152,-0.00023392357705037285
B26,c,h148,-0.003456,-0.0007017707311511186
B27,c,h148,-0.001152,-0.00023392357705037285
B29,c,h148,-0.000768,-0.00015594905136691523
B30,c,h148,-0.000768,-0.00015594905136691523
B32,c,h148,-0.001536,-0.00031189810273383046
B40,a,h148,-0.00192,-0.00038987262841728813
B52,c,h148,-0.00384,-0.0007797452568345763
B61,c,h148,-0.000384,-7.797452568345762e-5
B78,c,h148,-0.00384,-0.0007797452568345763
B79,c,h148,-0.000768,-0.00015594905136691523
B80,c,h148,-0.00384,-0.0007797452568345763
B85,a,h148,-0.000768,-0.00015594905136691523
B86,a,h148,-0.000768,-0.00015594905136691523
B91,a,h148,-0.000768,-0.00015594905136691523
B94,b,h148,-0.008064,-0.00163746503935261
B95,b,h148,-0.005376000000000001,-0.0010916433595684067
B97,c,h148,-0.002304,-0.0004678471541007457
B100,a,h148,-0.003456,-0.0007017707311511186
B13,a,h149,-0.001152,-0.00023392357705037285
B26,c,h149,-0.002304,-0.0004678471541007457
B27,c,h149,-0.001152,-0.00023392357705037285
B29,c,h149,-0.000768,-0.00015594905136691523
B30,c,h149,-0.000384,-7.797452568345762e-5
B32,c,h149,-0.00192,-0.00038987262841728813
B40,a,h149,-0.001536,-0.00031189810273383046
B52,c,h149,-0.003456,-0.0007017707311511186
B61,c,h149,-0.000384,-7.797452568345762e-5
B78,c,h149,-0.00192,-0.00038987262841728813
B79,c,h149,-0.000384,-7.797452568345762e-5
B80,c,h149,-0.004224,-0.0008577197825180339
B85,a,h149,-0.001536,-0.00031189810273383046
B86,a,h149,-0.000384,-7.797452568345762e-5
B91,a,h149,-0.000384,-7.797452568345762e-5
B94,b,h149,-0.009216,-0.0018713886164029828
B95,b,h149,-0.005376000000000001,-0.0010916433595684067
B97,c,h149,-0.002304,-0.0004678471541007457
B100,a,h149,-0.00384,-0.0007797452568345763
B13,a,h150,-0.001536,-0.00031189810273383046
B26,c,h150,-0.0026880000000000003,-0.0005458216797842034
B27,c,h150,-0.001536,-0.00031189810273383046
B29,c,h150,-0.000384,-7.797452568345762e-5
B30,c,h150,-0.000768,-0.00015594905136691523
B32,c,h150,-0.00192,-0.00038987262841728813
B40,a,h150,-0.001152,-0.00023392357705037285
B52,c,h150,-0.004224,-0.0008577197825180339
B61,c,h150,-0.000384,-7.797452568345762e-5
B78,c,h150,-0.000768,-0.00015594905136691523
B79,c,h150,-0.000768,-0.00015594905136691523
B80,c,h150,-0.004224,-0.0008577197825180339
B85,a,h150,-0.000768,-0.00015594905136691523
B86,a,h150,-0.00192,-0.00038987262841728813
B91,a,h150,-0.000384,-7.797452568345762e-5
B94,b,h150,-0.008832,-0.0017934140907195253
B95,b,h150,-0.005376000000000001,-0.0010916433595684067
B97,c,h150,-0.0026880000000000003,-0.0005458216797842034
B100,a,h150,-0.003456,-0.0007017707311511186
B13,a,h151,-0.003072,-0.0006237962054676609
B26,c,h151,-0.003072,-0.0006237962054676609
B27,c,h151,-0.00192,-0.00038987262841728813
B29,c,h151,-0.000768,-0.00015594905136691523
B30,c,h151,-0.001152,-0.00023392357705037285
B32,c,h151,-0.002304,-0.0004678471541007457
B40,a,h151,-0.001536,-0.00031189810273383046
B52,c,h151,-0.00576,-0.0011696178852518642
B61,c,h151,-0.001152,-0.00023392357705037285
B78,c,h151,-0.001536,-0.00031189810273383046
B79,c,h151,-0.000768,-0.00015594905136691523
B80,c,h151,-0.004992,-0.001013668833884949
B85,a,h151,-0.002304,-0.0004678471541007457
B86,a,h151,-0.001152,-0.00023392357705037285
B91,a,h151,-0.000768,-0.00015594905136691523
B94,b,h151,-0.009216,-0.0018713886164029828
B95,b,h151,-0.005376000000000001,-0.0010916433595684067
B97,c,h151,-0.0026880000000000003,-0.0005458216797842034
B100,a,h151,-0.00384,-0.0007797452568345763
B13,a,h152,-0.004224,-0.0008577197825180339
B26,c,h152,-0.003072,-0.0006237962054676609
B27,c,h152,-0.003456,-0.0007017707311511186
B29,c,h152,-0.000768,-0.00015594905136691523
B30,c,h152,-0.00768,-0.0015594905136691525
B32,c,h152,-0.00192,-0.00038987262841728813
B40,a,h152,-0.000384,-0.00038987262841728813
B52,c,h152,-0.00384,-0.0007797452568345763
B61,c,h152,-0.001152,-0.00023392357705037285
B78,c,h152,-0.00192,-0.00038987262841728813
B79,c,h152,-0.00192,-0.00038987262841728813
B80,c,h152,-0.000768,-0.00015594905136691523
B85,a,h152,-0.003456,-0.0007017707311511186
B86,a,h152,-0.001152,-0.00023392357705037285
B91,a,h152,-0.00384,-0.0007797452568345763
B94,b,h152,-0.008832,-0.0017934140907195253
B95,b,h152,-0.005376000000000001,-0.0010916433595684067
B97,c,h152,-0.0026880000000000003,-0.0005458216797842034
B100,a,h152,-0.003456,-0.0007017707311511186
B13,a,h153,-0.004608,-0.0009356943082014914
B26,c,h153,-0.004608,-0.0009356943082014914
B27,c,h153,-0.00192,-0.00038987262841728813
B29,c,h153,-0.000768,-0.00015594905136691523
B32,c,h153,-0.002304,-0.0004678471541007457
B40,a,h153,0.004224,-0.00023392357705037293
B52,c,h153,-0.006528,-0.0013255669366187795
B61,c,h153,-0.003456,-0.0007017707311511186
B78,c,h153,-0.001152,-0.00023392357705037285
B79,c,h153,-0.000768,-0.00015594905136691523
B80,c,h153,-0.000768,-0.00015594905136691523
B85,a,h153,-0.00192,-0.00038987262841728813
B86,a,h153,-0.002304,-0.0004678471541007457
B91,a,h153,-0.0026880000000000003,-0.0005458216797842034
B94,b,h153,-0.008832,-0.0017934140907195253
B95,b,h153,-0.005376000000000001,-0.0010916433595684067
B97,c,h153,-0.002304,-0.0004678471541007457
B100,a,h153,-0.003456,-0.0007017707311511186
B13,a,h154,-0.003072,-0.0006237962054676609
B26,c,h154,-0.010368,-0.0021053121934533556
B27,c,h154,-0.002304,-0.0004678471541007457
B29,c,h154,-0.000384,-7.797452568345762e-5
B30,c,h154,-0.000384,-7.797452568345762e-5
B32,c,h154,-0.001536,-0.00031189810273383046
B40,a,h154,0.010752,-0.0002339235770503728
B52,c,h154,-0.008448,-0.0017154395650360679
B61,c,h154,-0.002304,-0.0004678471541007457
B78,c,h154,-0.000768,-0.00015594905136691523
B79,c,h154,-0.001536,-0.00031189810273383046
B80,c,h154,-0.000768,-0.00015594905136691523
B85,a,h154,-0.001536,-0.00031189810273383046
B86,a,h154,-0.001536,-0.00031189810273383046
B91,a,h154,-0.000768,-0.00015594905136691523
B94,b,h154,-0.008448,-0.0017154395650360679
B95,b,h154,-0.005376000000000001,-0.0010916433595684067
B97,c,h154,-0.0026880000000000003,-0.0005458216797842034
B100,a,h154,-0.003456,-0.0007017707311511186
B13,a,h155,-0.003456,-0.0007017707311511186
B26,c,h155,-0.0026880000000000003,-0.0005458216797842034
B27,c,h155,-0.002304,-0.0004678471541007457
B29,c,h155,-0.000768,-0.00015594905136691523
B30,c,h155,-0.001536,-0.00031189810273383046
B32,c,h155,-0.002304,-0.0004678471541007457
B40,a,h155,0.016512,-0.00015594905136691537
B52,c,h155,-0.00384,-0.0007797452568345763
B61,c,h155,-0.003072,-0.0006237962054676609
B73,b,h155,-0.000384,-7.797452568345762e-5
B78,c,h155,-0.000768,-0.00015594905136691523
B79,c,h155,-0.001152,-0.00023392357705037285
B80,c,h155,-0.000768,-0.00015594905136691523
B85,a,h155,-0.00192,-0.00038987262841728813
B86,a,h155,-0.002304,-0.0004678471541007457
B91,a,h155,-0.000768,-0.00015594905136691523
B94,b,h155,-0.008064,-0.00163746503935261
B95,b,h155,-0.00576,-0.0011696178852518642
B97,c,h155,-0.0026880000000000003,-0.0005458216797842034
B100,a,h155,-0.003456,-0.0007017707311511186
B13,a,h156,-0.006912,-0.0014035414623022372
B26,c,h156,-0.006144,-0.0012475924109353219
B27,c,h156,-0.0026880000000000003,-0.0005458216797842034
B29,c,h156,-0.000768,-0.00015594905136691523
B32,c,h156,-0.001536,-0.00031189810273383046
B40,a,h156,0.020736,-0.000233923577050373
B52,c,h156,-0.003456,-0.0007017707311511186
B61,c,h156,-0.0026880000000000003,-0.0005458216797842034
B78,c,h156,-0.009216,-0.0018713886164029828
B79,c,h156,-0.000768,-0.00015594905136691523
B80,c,h156,-0.000768,-0.00015594905136691523
B85,a,h156,-0.0026880000000000003,-0.0005458216797842034
B86,a,h156,-0.001152,-0.00023392357705037285
B91,a,h156,-0.00192,-0.00038987262841728813
B94,b,h156,-0.007296,-0.0014815159879856949
B95,b,h156,-0.005376000000000001,-0.0010916433595684067
B97,c,h156,-0.00192,-0.00038987262841728813
B100,a,h156,-0.00384,-0.0007797452568345763
B13,a,h157,-0.004992,-0.001013668833884949
B26,c,h157,-0.00768,-0.0015594905136691525
B27,c,h157,-0.011904,-0.0024172102961871863
B29,c,h157,-0.000768,-0.00015594905136691523
B30,c,h157,-0.001536,-0.00031189810273383046
B32,c,h157,-0.001536,-0.00031189810273383046
B40,a,h157,0.023039999999999998,-0.0005458216797842038
B52,c,h157,-0.004224,-0.0008577197825180339
B61,c,h157,-0.000768,-0.00015594905136691523
B78,c,h157,-0.008064,-0.00163746503935261
B79,c,h157,-0.004224,-0.0008577197825180339
B80,c,h157,-0.000768,-0.00015594905136691523
B85,a,h157,-0.003072,-0.0006237962054676609
B86,a,h157,-0.001152,-0.00023392357705037285
B91,a,h157,-0.00192,-0.00038987262841728813
B94,b,h157,-0.006912,-0.0014035414623022372
B95,b,h157,-0.005376000000000001,-0.0010916433595684067
B97,c,h157,-0.00192,-0.00038987262841728813
B100,a,h157,-0.00384,-0.0007797452568345763
B13,a,h158,-0.002304,-0.0004678471541007457
B26,c,h158,-0.00192,-0.00038987262841728813
B27,c,h158,-0.003072,-0.0006237962054676609
B29,c,h158,-0.000384,-7.797452568345762e-5
B30,c,h158,-0.00576,-0.0011696178852518642
B32,c,h158,-0.00192,-0.00038987262841728813
B40,a,h158,0.020736,-0.00038987262841728786
B52,c,h158,-0.00384,-0.0007797452568345763
B61,c,h158,-0.000384,-7.797452568345762e-5
B78,c,h158,-0.000384,-7.797452568345762e-5
B79,c,h158,-0.002304,-0.0004678471541007457
B80,c,h158,-0.000768,-0.00015594905136691523
B85,a,h158,-0.001536,-0.00031189810273383046
B86,a,h158,-0.00192,-0.00038987262841728813
B91,a,h158,-0.000768,-0.00015594905136691523
B94,b,h158,-0.006144,-0.0012475924109353219
B95,b,h158,-0.006144,-0.0012475924109353219
B97,c,h158,-0.00192,-0.00038987262841728813
B100,a,h158,-0.003456,-0.0007017707311511186
B13,a,h159,-0.001536,-0.00031189810273383046
B26,c,h159,-0.001152,-0.00023392357705037285
B27,c,h159,-0.00192,-0.00038987262841728813
B29,c,h159,-0.001152,-0.00023392357705037285
B30,c,h159,-0.008448,-0.0017154395650360679
B32,c,h159,-0.001536,-0.00031189810273383046
B40,a,h159,0.015744,-0.00031189810273383025
B52,c,h159,-0.00384,-0.0007797452568345763
B61,c,h159,-0.000384,-7.797452568345762e-5
B78,c,h159,-0.000768,-0.00015594905136691523
B79,c,h159,-0.000768,-0.00015594905136691523
B80,c,h159,-0.000768,-0.00015594905136691523
B85,a,h159,-0.002304,-0.0004678471541007457
B86,a,h159,-0.001152,-0.00023392357705037285
B91,a,h159,-0.004224,-0.0008577197825180339
B94,b,h159,-0.00576,-0.0011696178852518642
B95,b,h159,-0.005376000000000001,-0.0010916433595684067
B97,c,h159,-0.0026880000000000003,-0.0005458216797842034
B100,a,h159,-0.00384,-0.0007797452568345763
B13,a,h160,-0.00192,-0.00038987262841728813
B26,c,h160,-0.001152,-0.00023392357705037285
B27,c,h160,-0.00192,-0.00038987262841728813
B29,c,h160,-0.000768,-0.00015594905136691523
B30,c,h160,-0.001152,-0.00023392357705037285
B32,c,h160,-0.001536,-0.00031189810273383046
B40,a,h160,0.008832,-0.00031189810273383046
B52,c,h160,-0.005376000000000001,-0.0010916433595684067
B61,c,h160,-0.000384,-7.797452568345762e-5
B78,c,h160,-0.01152,-0.0023392357705037284
B79,c,h160,-0.003072,-0.0006237962054676609
B80,c,h160,-0.000384,-7.797452568345762e-5
B85,a,h160,-0.002304,-0.0004678471541007457
B86,a,h160,-0.000768,-0.00015594905136691523
B91,a,h160,-0.00384,-0.0007797452568345763
B94,b,h160,-0.006144,-0.0012475924109353219
B95,b,h160,-0.00576,-0.0011696178852518642
B97,c,h160,-0.001536,-0.00031189810273383046
B100,a,h160,-0.00384,-0.0007797452568345763
B13,a,h161,-0.005376000000000001,-0.0010916433595684067
B26,c,h161,-0.00384,-0.0007797452568345763
B27,c,h161,-0.004608,-0.0009356943082014914
B29,c,h161,-0.000384,-7.797452568345762e-5
B30,c,h161,-0.001152,-0.00023392357705037285
B32,c,h161,-0.00192,-0.00038987262841728813
B40,a,h161,0.00192,-0.00038987262841728813
B52,c,h161,-0.009984,-0.002027337667769898
B61,c,h161,-0.000768,-0.00015594905136691523
B78,c,h161,-0.00192,-0.00038987262841728813
B79,c,h161,-0.000768,-0.00015594905136691523
B80,c,h161,-0.004992,-0.001013668833884949
B85,a,h161,-0.00192,-0.00038987262841728813
B86,a,h161,-0.000768,-0.00015594905136691523
B91,a,h161,-0.001536,-0.00031189810273383046
B94,b,h161,-0.00576,-0.0011696178852518642
B95,b,h161,-0.00576,-0.0011696178852518642
B97,c,h161,-0.00192,-0.00038987262841728813
B100,a,h161,-0.003456,-0.0007017707311511186
B13,a,h162,-0.005376000000000001,-0.0010916433595684067
B26,c,h162,-0.007296,-0.0014815159879856949
B27,c,h162,-0.003072,-0.0006237962054676609
B29,c,h162,-0.000384,-7.797452568345762e-5
B30,c,h162,-0.000384,-7.797452568345762e-5
B32,c,h162,-0.003456,-0.0007017707311511186
B40,a,h162,-0.0026880000000000003,-0.0008577197825180339
B52,c,h162,-0.003456,-0.0007017707311511186
B61,c,h162,-0.000384,-7.797452568345762e-5
B78,c,h162,-0.0026880000000000003,-0.0005458216797842034
B79,c,h162,-0.001536,-0.00031189810273383046
B80,c,h162,-0.00576,-0.0011696178852518642
B85,a,h162,-0.00192,-0.00038987262841728813
B86,a,h162,-0.000768,-0.00015594905136691523
B91,a,h162,-0.0026880000000000003,-0.0005458216797842034
B94,b,h162,-0.005376000000000001,-0.0010916433595684067
B95,b,h162,-0.00576,-0.0011696178852518642
B97,c,h162,-0.00192,-0.00038987262841728813
B100,a,h162,-0.00384,-0.0007797452568345763
B13,a,h163,-0.00384,-0.0007797452568345763
B26,c,h163,-0.006912,-0.0014035414623022372
B27,c,h163,-0.00192,-0.00038987262841728813
B29,c,h163,-0.000768,-0.00015594905136691523
B30,c,h163,-0.004608,-0.0009356943082014914
B32,c,h163,-0.00192,-0.00038987262841728813
B40,a,h163,-0.001536,-0.0004678471541007457
B52,c,h163,-0.007296,-0.0014815159879856949
B61,c,h163,-0.001536,-0.00031189810273383046
B78,c,h163,-0.000768,-0.00015594905136691523
B79,c,h163,-0.000384,-7.797452568345762e-5
B80,c,h163,-0.00192,-0.00038987262841728813
B85,a,h163,-0.001152,-0.00023392357705037285
B86,a,h163,-0.000768,-0.00015594905136691523
B91,a,h163,-0.002304,-0.0004678471541007457
B94,b,h163,-0.006144,-0.0012475924109353219
B95,b,h163,-0.00576,-0.0011696178852518642
B97,c,h163,-0.003072,-0.0006237962054676609
B100,a,h163,-0.003456,-0.0007017707311511186
B13,a,h164,-0.00192,-0.00038987262841728813
B26,c,h164,-0.0026880000000000003,-0.0005458216797842034
B27,c,h164,-0.002304,-0.0004678471541007457
B29,c,h164,-0.000768,-0.00015594905136691523
B30,c,h164,-0.001536,-0.00031189810273383046
B32,c,h164,-0.00192,-0.00038987262841728813
B40,a,h164,-0.001992,-0.0004044928519829364
B52,c,h164,-0.00384,-0.0007797452568345763
B61,c,h164,-0.003072,-0.0006237962054676609
B78,c,h164,-0.000768,-0.00015594905136691523
B79,c,h164,-0.000768,-0.00015594905136691523
B80,c,h164,-0.001152,-0.00023392357705037285
B85,a,h164,-0.000768,-0.00015594905136691523
B86,a,h164,-0.00192,-0.00038987262841728813
B91,a,h164,-0.001536,-0.00031189810273383046
B94,b,h164,-0.006144,-0.0012475924109353219
B95,b,h164,-0.006144,-0.0012475924109353219
B97,c,h164,-0.002304,-0.0004678471541007457
B100,a,h164,-0.003456,-0.0007017707311511186
B13,a,h165,-0.003072,-0.0006237962054676609
B26,c,h165,-0.00192,-0.00038987262841728813
B27,c,h165,-0.0026880000000000003,-0.0005458216797842034
B29,c,h165,-0.001536,-0.00031189810273383046
B30,c,h165,-0.000384,-7.797452568345762e-5
B32,c,h165,-0.003072,-0.0006237962054676609
B40,a,h165,-0.00192,-0.00038987262841728813
B52,c,h165,-0.003456,-0.0007017707311511186
B61,c,h165,-0.000384,-7.797452568345762e-5
B78,c,h165,-0.000768,-0.00015594905136691523
B79,c,h165,-0.001536,-0.00031189810273383046
B80,c,h165,-0.003072,-0.0006237962054676609
B85,a,h165,-0.00384,-0.0007797452568345763
B86,a,h165,-0.000768,-0.00015594905136691523
B91,a,h165,-0.004224,-0.0008577197825180339
B94,b,h165,-0.005376000000000001,-0.0010916433595684067
B95,b,h165,-0.006144,-0.0012475924109353219
B97,c,h165,-0.002304,-0.0004678471541007457
B100,a,h165,-0.003072,-0.0006237962054676609
B13,a,h166,-0.002304,-0.0004678471541007457
B26,c,h166,-0.001152,-0.00023392357705037285
B27,c,h166,-0.00192,-0.00038987262841728813
B29,c,h166,-0.00192,-0.00038987262841728813
B30,c,h166,-0.00384,-0.0007797452568345763
B32,c,h166,-0.00192,-0.00038987262841728813
B40,a,h166,-0.00192,-0.00038987262841728813
B52,c,h166,-0.00384,-0.0007797452568345763
B61,c,h166,-0.000384,-7.797452568345762e-5
B73,b,h166,-0.000384,-7.797452568345762e-5
B78,c,h166,-0.000768,-0.00015594905136691523
B79,c,h166,-0.001152,-0.00023392357705037285
B80,c,h166,-0.0026880000000000003,-0.0005458216797842034
B85,a,h166,-0.00192,-0.00038987262841728813
B86,a,h166,-0.001152,-0.00023392357705037285
B91,a,h166,-0.000768,-0.00015594905136691523
B94,b,h166,-0.005376000000000001,-0.0010916433595684067
B95,b,h166,-0.00576,-0.0011696178852518642
B97,c,h166,-0.0026880000000000003,-0.0005458216797842034
B100,a,h166,-0.003456,-0.0007017707311511186
B13,a,h167,-0.0026880000000000003,-0.0005458216797842034
B26,c,h167,-0.001536,-0.00031189810273383046
B27,c,h167,-0.001536,-0.00031189810273383046
B29,c,h167,-0.001152,-0.00023392357705037285
B30,c,h167,-0.000384,-7.797452568345762e-5
B32,c,h167,-0.001536,-0.00031189810273383046
B40,a,h167,-0.00192,-0.00038987262841728813
B52,c,h167,-0.006144,-0.0012475924109353219
B61,c,h167,-0.000384,-7.797452568345762e-5
B78,c,h167,-0.005376000000000001,-0.0010916433595684067
B79,c,h167,-0.000384,-7.797452568345762e-5
B80,c,h167,-0.0026880000000000003,-0.0005458216797842034
B85,a,h167,-0.003072,-0.0006237962054676609
B86,a,h167,-0.00192,-0.00038987262841728813
B91,a,h167,-0.002304,-0.0004678471541007457
B94,b,h167,-0.00576,-0.0011696178852518642
B95,b,h167,-0.006528,-0.0013255669366187795
B97,c,h167,-0.0026880000000000003,-0.0005458216797842034
B100,a,h167,-0.003456,-0.0007017707311511186
B13,a,h168,-0.0026880000000000003,-0.0005458216797842034
B26,c,h168,-0.001536,-0.00031189810273383046
B27,c,h168,-0.001152,-0.00023392357705037285
B29,c,h168,-0.001536,-0.00031189810273383046
B30,c,h168,-0.000768,-0.00015594905136691523
B32,c,h168,-0.00192,-0.00038987262841728813
B40,a,h168,-0.00192,-0.00038987262841728813
B52,c,h168,-0.003456,-0.0007017707311511186
B61,c,h168,-0.000384,-7.797452568345762e-5
B78,c,h168,-0.001536,-0.00031189810273383046
B79,c,h168,-0.000768,-0.00015594905136691523
B80,c,h168,-0.003072,-0.0006237962054676609
B85,a,h168,-0.000768,-0.00015594905136691523
B86,a,h168,-0.009216,-0.0018713886164029828
B91,a,h168,-0.001152,-0.00023392357705037285
B94,b,h168,-0.006144,-0.0012475924109353219
B95,b,h168,-0.00576,-0.0011696178852518642
B97,c,h168,-0.00192,-0.00038987262841728813
B100,a,h168,-0.003456,-0.0007017707311511186
