bus_id,phase,scenario,p_pu,q_pu
sourcebus,a,h001,0.004996380266216,0.001666288747653
sourcebus,b,h001,0.003899806366077,0.001856183116398
sourcebus,c,h001,0.004283969470294,0.00081165712054
1,a,h001,-0.000000000000019,0.000000000000028
1,b,h001,-0.000000000000061,-0.000000000000078
1,c,h001,0.00000000000003,-0.000000000000022
2,a,h001,0.000000000000262,0.000000000000124
2,b,h001,0.000000000000996,0.000000000000781
2,c,h001,0.000000000000716,0.000000000000596
3,a,h001,0.000000000000795,-0.000000000000115
3,b,h001,-0.000000000000712,-0.000000000000617
3,c,h001,-0.000000000000239,-0.000000000000447
4,a,h001,-0.000000000000207,0.000000000000327
4,b,h001,0.000000000000773,0.000000000001616
4,c,h001,-0.000000000000955,0.00000000000012
5,a,h001,0.000000000000044,0.000000000000388
5,b,h001,-0.000000000000846,-0.000000000000832
5,c,h001,0.000000000000835,0
6,a,h001,-0.000000000000197,-0.000000000000026
6,b,h001,0.000000000000497,-0.00000000000014
6,c,h001,-0.000000000000192,0.000000000000032
7,a,h001,-0.000000000000221,0.000000000000266
7,b,h001,-0.000000000000191,-0.000000000000041
7,c,h001,-0.00000000000006,-0.000000000000089
8,a,h001,0.000000000000084,0.000000000000055
8,b,h001,-0.000000000000095,0.000000000000255
8,c,h001,-0.000000000000179,0.000000000000276
9,a,h001,0.000000000000301,-0.000000000000381
9,b,h001,0.000000000000156,0.000000000000073
9,c,h001,0,-0.000000000000127
10,a,h001,0.00000000000003,0.000000000000224
10,b,h001,0.000000000000357,-0.00000000000062
10,c,h001,0.000000000000716,-0.000000000000164
11,a,h001,0.000000000000308,0.000000000000235
11,b,h001,-0.000000000000477,0.000000000000827
11,c,h001,-0.000000000000358,0.000000000000463
12,a,h001,-0.000000000000316,0.000000000000183
12,b,h001,-0.000000000000435,-0.00000000000032
12,c,h001,-0.000000000000477,-0.000000000000268
13,a,h001,0.000000000000034,-0.000000000000381
13,b,h001,0.000000000000836,0.000000000000207
13,c,h001,-0.000000000000239,-0.000000000000246
14,a,h001,0.000000000000293,0.000000000000145
14,b,h001,-0.000000000000002,0.000000000000141
14,c,h001,0.000000000000246,0.00000000000036
15,a,h001,-0.000000000000164,-0.000000000000002
15,b,h001,-0.000000000000137,-0.000000000000064
15,c,h001,-0.000000000000119,-0.000000000000022
16,a,h001,0.000000000000428,-0.000000000000213
16,b,h001,0.00000000000029,-0.000000000000384
16,c,h001,0.000000000000418,0.000000000000011
17,a,h001,-0.000000000000119,0.000000000000241
17,b,h001,-0.000000000000509,0.000000000000257
17,c,h001,-0.000000000000358,-0.000000000000059
18,a,h001,-0.000000000000465,0.000000000000269
18,b,h001,-0.000000000000208,0.000000000000362
18,c,h001,-0.000000000000656,-0.000000000000015
19,a,h001,0.00000000000004,-0.000000000000333
19,b,h001,0.000000000000562,-0.000000000000639
19,c,h001,0.000000000000418,0.000000000000045
20,a,h001,0,0
20,b,h001,0.00000000000031,0.000000000000179
20,c,h001,0,0.000000000000004
21,a,h001,-0.000000000000489,0.000000000000093
21,b,h001,-0.000000000000884,0.000000000000385
21,c,h001,-0.000000000000597,-0.00000000000003
22,a,h001,0.000000000000231,0.00000000000028
22,b,h001,-0.000000000000413,-0.000000000000238
22,c,h001,0.00000000000006,0.000000000000002
23,a,h001,0.000000000000215,0.000000000000048
23,b,h001,0.000000000000189,-0.000000000000123
23,c,h001,0.000000000000239,0.000000000000048
24,a,h001,-0.000000000000009,-0.000000000000373
24,b,h001,0.000000000000067,0.000000000000004
24,c,h001,0.000000000000119,-0.000000000000002
25,a,h001,-0.000000000000009,0.000000000000054
25,b,h001,0.000000000000034,0.000000000000023
25,c,h001,-0.000000000000021,-0.000000000000013
26,a,h001,0.000000000000118,-0.000000000000034
26,b,h001,0.000000000000067,0.000000000000004
26,c,h001,-0.00000000000006,0.000000000000004
27,a,h001,0.000000000000022,-0.00000000000005
27,b,h001,-0.000000000000038,-0.000000000000011
27,c,h001,0.000000000000022,-0.000000000000052
28,a,h001,0.000000000000043,-0.000000000000008
28,b,h001,0.000000000000017,-0.00000000000002
28,c,h001,-0.000000000000015,-0.000000000000026
29,a,h001,0.00000000000007,-0.000000000000058
29,b,h001,0.000000000000092,0.000000000000079
29,c,h001,0,0.000000000000007
30,a,h001,-0.000000000000046,0.000000000000021
30,b,h001,0.000000000000005,0.000000000000018
30,c,h001,-0.000000000000037,0.000000000000042
31,a,h001,-0.000000000000228,0.000000000001027
31,b,h001,0.000000000000511,0.000000000000363
31,c,h001,0.000000000000239,-0.000000000000075
32,a,h001,-0.000000000000052,0.00000000000002
32,b,h001,-0.000000000000008,-0.000000000000008
32,c,h001,0.000000000000006,0.000000000000029
33,a,h001,-0.00000000000009,0.000000000000052
33,b,h001,-0.00000000000001,-0.000000000000161
33,c,h001,-0.000000000000089,-0.000000000000002
34,a,h001,-0.000048964435758,-0.000016092625286
34,b,h001,-0.000000000000004,0
34,c,h001,-0.000000000000004,-0.000000000000017
35,a,h001,0.00000000000009,-0.000000000000805
35,b,h001,-0.000000000000907,-0.000000000000525
35,c,h001,-0.000000000000716,0.000000000000657
36,a,h001,-0.000000000000099,0.000000000000012
36,b,h001,0.000000000000002,0.000000000000061
36,c,h001,-0.00000000000003,0.0000000000001
37,a,h001,0.000000000000983,0.000000000000808
37,b,h001,-0.000000000000405,0.000000000000523
37,c,h001,0.000000000000238,-0.000000000000954
38,a,h001,0.000000000000133,-0.000000000000008
38,b,h001,0.000000000000022,0.000000000000081
38,c,h001,0.000000000000597,0.000000000000018
39,a,h001,-0.000000000000531,0.000000000000145
39,b,h001,0.000000000000298,0.000000000000273
39,c,h001,0.000000000001074,-0.000000000000701
40,a,h001,0.000000000000084,0.000000000000073
40,b,h001,0.000000000000154,-0.000000000000261
40,c,h001,0.000000000000239,-0.000000000000004
41,a,h001,0.000000000000058,0
41,b,h001,0,0.000000000000001
41,c,h001,0.000000000000015,0.000000000000016
42,a,h001,0.000000000000024,0.000000000000003
42,b,h001,0.000000000000053,0.000000000000041
42,c,h001,0.000000000000011,0.000000000000036
43,a,h001,-0.00000000000218,0.000000000000158
43,b,h001,-0.000000000000135,-0.000000000001316
43,c,h001,0.000000000001432,0.000000000001669
44,a,h001,0.000000000000179,0.00000000000031
44,b,h001,0.000000000000081,-0.000000000000022
44,c,h001,-0.000000000000418,-0.000000000000015
45,a,h001,0.000000000000275,-0.000000000000299
45,b,h001,-0.000000000000086,-0.000000000000152
45,c,h001,-0.000000000000477,0.000000000000213
46,a,h001,-0.000000000000281,-0.000000000000235
46,b,h001,-0.000000000000299,0.000000000000304
46,c,h001,-0.000000000000179,-0.000000000000071
47,a,h001,-0.00000000000001,0.000000000000007
47,b,h001,-0.001415103438665,-0.000465122067423
47,c,h001,-0.000000000000004,-0.000000000000012
48,a,h001,-0.000000000000238,0.000000000000008
48,b,h001,-0.000000000000255,-0.000000000000139
48,c,h001,-0.00000000000009,-0.000000000000157
49,a,h001,0.000000000000897,-0.000000000001069
49,b,h001,-0.000000000001068,0.000000000000898
49,c,h001,-0.000000000001432,-0.000000000000834
50,a,h001,-0.000000000000158,-0.000000000000632
50,b,h001,0.000000000000111,0.000000000000047
50,c,h001,-0.00000000000003,-0.000000000000001
51,a,h001,0.000000000000069,0.000000000000396
51,b,h001,-0.000000000000068,-0.000000000000122
51,c,h001,0.000000000000179,-0.000000000000283
52,a,h001,0.000000000000294,0.000000000000094
52,b,h001,-0.000000000000209,-0.000000000000255
52,c,h001,0.000000000000298,-0.000000000000157
53,a,h001,0.000000000000013,0.000000000000111
53,b,h001,-0.000000000000038,0.000000000000014
53,c,h001,-0.000000000000022,0.000000000000136
54,a,h001,0.000000000000642,-0.000000000000646
54,b,h001,0.000000000000789,-0.000000000001608
54,c,h001,0.000000000000954,0.000000000000238
55,a,h001,0.000000000002424,0.000000000003004
55,b,h001,0.000000000000795,0.000000000002796
55,c,h001,0.000000000000001,0.000000000002147
56,a,h001,-0.000000000000161,0.000000000000317
56,b,h001,-0.000000000000052,-0.00000000000003
56,c,h001,-0.000000000000119,-0.000000000000002
57,a,h001,-0.000000000000037,-0.000000000000196
57,b,h001,-0.000000000000102,0.000000000000263
57,c,h001,-0.000000000000194,0.000000000000248
58,a,h001,-0.000000000000423,0.000000000000298
58,b,h001,0.000000000000757,0.000000000000258
58,c,h001,-0.000000000000119,-0.000000000000149
59,a,h001,0.000000000000101,-0.000000000000056
59,b,h001,0.000000000000145,0.000000000000089
59,c,h001,-0.000000000000031,0.000000000000012
60,a,h001,0.000000000000579,0.000000000000079
60,b,h001,-0.00000000000169,0.000000000001501
60,c,h001,-0.000000000002385,-0.000000000000417
61,a,h001,-0.000000000000737,-0.000000000004254
61,b,h001,-0.000000000000112,-0.000000000003503
61,c,h001,0.000000000000477,-0.000000000001432
62,a,h001,-0.000000000000048,0.000000000000096
62,b,h001,-0.000000000000038,0.000000000000185
62,c,h001,-0.000000000000149,-0.000000000000006
63,a,h001,-0.000000000000008,0.000000000000026
63,b,h001,-0.000000000000041,-0.000000000000034
63,c,h001,0.000000000000052,-0.000000000000015
64,a,h001,0.000000000000373,-0.000000000000211
64,b,h001,-0.000000000000281,-0.000000000000259
64,c,h001,0.000000000000119,0.000000000000265
65,a,h001,-0.000000000000041,-0.000000000000003
65,b,h001,-0.000000000000046,-0.000000000000074
65,c,h001,0.000000000000134,-0.000000000000031
66,a,h001,0.000000000000016,-0.000000000000012
66,b,h001,-0.000000000000013,-0.000000000000026
66,c,h001,0.000000000000006,0.00000000000002
67,a,h001,0.000000000000762,-0.000000000000096
67,b,h001,0.000000000001786,-0.000000000000414
67,c,h001,0.000000000002028,0.000000000000461
68,a,h001,0.000000000001271,-0.000000000000183
68,b,h001,-0.000000000000214,0.000000000000014
68,c,h001,0.000000000001431,-0.000000000000895
69,a,h001,0.000000000000174,-0.000000000000101
69,b,h001,0.00000000000008,-0.000000000000259
69,c,h001,0.000000000000268,0.000000000000006
70,a,h001,-0.000685410426437,-0.000225282836238
70,b,h001,0.00000000000001,0.000000000000005
70,c,h001,-0.000000000000007,-0.00000000000001
71,a,h001,-0.000000000000383,0.000000000000001
71,b,h001,-0.0000000000002,0.000000000000088
71,c,h001,-0.000000000000209,0.000000000000014
72,a,h001,-0.000000000000033,-0.000000000000024
72,b,h001,-0.000000000000003,0.000000000000003
72,c,h001,-0.000000000000067,0.000000000000021
73,a,h001,-0.000065164955245,-0.000021415776808
73,b,h001,0.000000000000007,0.000000000000005
73,c,h001,0.000000000000004,-0.000000000000007
74,a,h001,-0.000471060654486,-0.000154828067329
74,b,h001,0.000000000000006,0.000000000000012
74,c,h001,0.000000000000006,-0.00000000000001
75,a,h001,0.000000000001141,-0.000000000000109
75,b,h001,0.000000000000544,0.000000000000726
75,c,h001,0.000000000000239,0.000000000000238
76,a,h001,-0.000000000000025,0.000000000002027
76,b,h001,-0.000000000000298,0.00000000000086
76,c,h001,0.000000000000239,0.000000000000656
77,a,h001,-0.000000000000014,-0.000000000000039
77,b,h001,-0.000000000000028,0.000000000000018
77,c,h001,0.000000000000015,0
78,a,h001,0.00000000000002,-0.000000000000025
78,b,h001,-0.00000000000002,-0.000000000000014
78,c,h001,0.000000000000009,-0.000000000000023
79,a,h001,-0.000000000000023,-0.000000000000021
79,b,h001,0.000000000000063,-0.000000000000084
79,c,h001,-0.00000000000006,-0.000000000000022
80,a,h001,-0.00000000000147,0.000000000000849
80,b,h001,-0.000000000000262,-0.000000000000976
80,c,h001,0.000000000001431,0.000000000000029
81,a,h001,0.000000000000076,-0.000000000000405
81,b,h001,-0.0000000000001,-0.000000000000333
81,c,h001,-0.000000000000358,-0.00000000000003
82,a,h001,-0.000000000000031,-0.000000000000008
82,b,h001,0.000000000000075,0.000000000000004
82,c,h001,-0.000000000000015,0
83,a,h001,0.000000000000008,0.000000000000002
83,b,h001,-0.000070635357163,-0.000023217762896
83,c,h001,0.000000000000009,0.000000000000004
84,a,h001,-0.000000000000028,0.000000000000119
84,b,h001,-0.000000000000009,0.000000000000167
84,c,h001,0.00000000000006,-0.000000000000116
85,a,h001,0.000000000000402,-0.000000000000645
85,b,h001,0.000000000000491,0.00000000000049
85,c,h001,-0.000000000000239,-0.000000000000209
86,a,h001,-0.000000000000339,-0.000000000000527
86,b,h001,-0.000000000000302,-0.000000000000312
86,c,h001,-0.000000000000477,-0.000000000000059
87,a,h001,0.000000000000107,0.000000000000007
87,b,h001,0.000000000000026,0.000000000000015
87,c,h001,0.00000000000006,0.000000000000003
88,a,h001,-0.000000000000016,0.000000000000035
88,b,h001,-0.000000000000045,-0.000000000000078
88,c,h001,0.00000000000003,0.00000000000013
89,a,h001,0.000000000000039,-0.000000000000022
89,b,h001,0.000000000000009,0.000000000000074
89,c,h001,0,-0.00000000000003
90,a,h001,-0.000000000000532,0.000000000000032
90,b,h001,-0.000000000004566,-0.000000000000431
90,c,h001,-0.000000000002863,-0.000000000000714
91,a,h001,-0.000000000000111,-0.000000000000073
91,b,h001,-0.000000000000052,-0.00000000000003
91,c,h001,0,0
92,a,h001,0.000000000000094,0.000000000000032
92,b,h001,-0.000000000000145,-0.000000000000084
92,c,h001,0,-0.000000000000186
93,a,h001,0.000000000002681,0.000000000001067
93,b,h001,0.000000000004394,-0.000000000001181
93,c,h001,0.000000000007634,-0.000000000000003
94,a,h001,-0.000000000000163,-0.000000000000044
94,b,h001,-0.000000000000052,-0.00000000000003
94,c,h001,-0.000000000000597,-0.000000000000018
95,a,h001,-0.000000000000024,-0.000000000000227
95,b,h001,0.000000000000011,0.000000000000092
95,c,h001,0.00000000000006,0.000000000000067
96,a,h001,-0.00000000000389,0.000000000002797
96,b,h001,-0.000000000006702,-0.000000000002213
96,c,h001,-0.000000000004772,-0.000000000000952
97,a,h001,0.000000000000107,0.000000000000007
97,b,h001,-0.000000000000004,0.000000000000187
97,c,h001,0.000000000000776,0.000000000000015
98,a,h001,-0.000000000000447,0.000000000000241
98,b,h001,-0.000000000000294,-0.000000000000358
98,c,h001,0.000000000000149,0.000000000000089
99,a,h001,0.000000000001104,-0.000000000002143
99,b,h001,-0.000000000000968,0.00000000000037
99,c,h001,0.000000000003176,0.000000000000043
100,a,h001,-0.000000000000003,0.00000000000001
100,b,h001,0.000000000000093,-0.000000000000161
100,c,h001,-0.000000000000015,0
101,a,h001,0.000000000001472,0.00000000000068
101,b,h001,-0.000000000000581,0.000000000000301
101,c,h001,-0.000000000000358,-0.000000000000283
102,a,h001,-0.000000000000866,-0.000000000001083
102,b,h001,-0.000000000000228,-0.0000000000002
102,c,h001,0.000000000000239,0
103,a,h001,0,0
103,b,h001,0,0
103,c,h001,0,0
104,a,h001,-0.000000000002029,-0.000000000002679
104,b,h001,0.000000000002182,-0.000000000000804
104,c,h001,-0.000000000001193,-0.000000000000596
105,a,h001,-0.000000000000916,0.000000000000082
105,b,h001,-0.000000000000035,-0.000000000000089
105,c,h001,-0.000000000000358,0.000000000000194
106,a,h001,0.000000000000245,0.00000000000096
106,b,h001,-0.000000000000584,-0.000000000000061
106,c,h001,-0.000000000000358,0.000000000000507
107,a,h001,0.000000000001269,0.000000000002912
107,b,h001,-0.000000000000111,0.000000000000073
107,c,h001,0.000000000001431,0.000000000000357
108,a,h001,0.000000000001117,-0.000000000000033
108,b,h001,0.00000000000007,0.000000000000227
108,c,h001,0.000000000000257,-0.000000000000319
109,a,h001,-0.000000000000154,0.000000000000288
109,b,h001,0.000000000000097,-0.000000000000166
109,c,h001,0.000000000000283,-0.000000000000265
110,a,h001,-0.000000000000783,-0.00000000000082
110,b,h001,-0.000000000001021,-0.000000000001448
110,c,h001,0,-0.000000000000894
111,a,h001,-0.000000000000006,0.000000000000004
111,b,h001,-0.000000000000151,0.000000000000042
111,c,h001,0,-0.000000000000171
112,a,h001,0.000000000000008,-0.000000000000013
112,b,h001,0.000000000000012,-0.000000000000002
112,c,h001,-0.000000000000045,0.000000000000019
113,a,h001,0.000000000000719,-0.000000000000243
113,b,h001,0.000000000001145,0.000000000000935
113,c,h001,-0.000000000000596,0.000000000000716
114,a,h001,0.000000000000048,-0.000000000000277
114,b,h001,0.000000000000055,0.000000000000062
114,c,h001,-0.00000000000047,-0.000000000000229
115,a,h001,0.000000000000113,0.000000000000107
115,b,h001,-0.000000000000203,-0.000000000000186
115,c,h001,0.00000000000006,-0.000000000000239
116,a,h001,-0.000000000000039,-0.000000000000425
116,b,h001,-0.000000000000367,-0.000000000000555
116,c,h001,-0.000000000001193,-0.000000000000715
117,a,h001,-0.000000000000508,0.000000000001084
117,b,h001,0.00000000000084,-0.000000000000444
117,c,h001,0.000000000001312,0.00000000000143
118,a,h001,-0.000000000000011,0.00000000000009
118,b,h001,-0.000000000000034,-0.000000000000024
118,c,h001,0.000000000000045,0
119,a,h001,-0.000000000000381,-0.000000000000004
119,b,h001,-0.000000000000168,0.00000000000035
119,c,h001,-0.000000000000477,0.000000000000567
120,a,h001,0.000000000000138,0.000000000000299
120,b,h001,0.000000000000563,0.000000000000634
120,c,h001,0.000000000000715,0.000000000000179
121,a,h001,0.000000000000099,-0.000000000000066
121,b,h001,-0.000000000000094,0.000000000000074
121,c,h001,-0.000000000000089,-0.000000000000001
122,a,h001,0.000000000000139,-0.000000000000742
122,b,h001,-0.000000000000942,-0.000000000000019
122,c,h001,-0.000000000000775,-0.00000000000158
123,a,h001,-0.000000000000007,-0.000000000000125
123,b,h001,0.000000000000025,-0.000000000000016
123,c,h001,-0.000000000000045,-0.000000000000011
124,a,h001,0.000000000000087,-0.000000000000326
124,b,h001,0.000000000000341,-0.000000000000353
124,c,h001,0.000000000000059,-0.000000000000567
125,a,h001,-0.000000000000419,0.000000000000465
125,b,h001,-0.000000000000931,-0.000000000000829
125,c,h001,0.000000000000417,-0.000000000000716
126,a,h001,-0.000000000000021,0.000000000000201
126,b,h001,0.000000000000114,0.0000000000001
126,c,h001,0.000000000000149,0.000000000000005
127,a,h001,-0.000000000000062,0.000000000000079
127,b,h001,-0.000000000000005,0.000000000000001
127,c,h001,-0.000000000000015,0.000000000000037
128,a,h001,0.000000000000071,0.000000000000182
128,b,h001,-0.000000000000214,0.000000000000014
128,c,h001,0.000000000000119,-0.000000000000089
129,a,h001,0.000000000000169,0.000000000000419
129,b,h001,-0.000000000000177,0.000000000000225
129,c,h001,0.00000000000009,0.000000000000171
130,a,h001,0.000000000000399,-0.000000000000024
130,b,h001,0.000000000000818,0.000000000000609
130,c,h001,-0.000000000000715,0.000000000000596
131,a,h001,-0.000000000000106,-0.000000000000154
131,b,h001,-0.000000000000146,-0.000000000000075
131,c,h001,-0.000000000000194,-0.000000000000003
132,a,h001,0.000000000000018,-0.000000000000077
132,b,h001,0.000000000000098,0.000000000000028
132,c,h001,-0.00000000000003,-0.000000000000019
133,a,h001,-0.000000000000027,-0.00000000000001
133,b,h001,-0.000000000000012,0.000000000000036
133,c,h001,-0.000000000000134,0.000000000000104
134,a,h001,-0.000000000000031,-0.000000000000128
134,b,h001,0.000000000000381,0.000000000000048
134,c,h001,-0.000000000000089,0.000000000000328
135,a,h001,0.000000000000115,0.00000000000014
135,b,h001,0.000000000000138,0.000000000000028
135,c,h001,0.000000000000268,0.000000000000253
136,a,h001,-0.000000000000463,-0.000000000000266
136,b,h001,-0.00000000000012,0
136,c,h001,-0.000000000000477,-0.000000000000268
137,a,h001,-0.000000000000054,-0.000000000000003
137,b,h001,-0.000000000000072,-0.000000000000024
137,c,h001,-0.00000000000003,0
138,a,h001,-0.00000000000007,0.000000000000068
138,b,h001,0.000000000000022,-0.000000000000015
138,c,h001,-0.000000000000209,0.00000000000005
139,a,h001,0.000000000000131,0.000000000000049
139,b,h001,0.000000000000091,-0.000000000000098
139,c,h001,0.000000000000253,-0.00000000000009
140,a,h001,0.000000000000156,0.000000000000039
140,b,h001,-0.000000000000226,-0.000000000000018
140,c,h001,-0.00000000000006,-0.000000000000313
141,a,h001,-0.000000000000207,-0.000000000000775
141,b,h001,0.00000000000055,0.000000000000179
141,c,h001,-0.000000000000954,-0.000000000000477
142,a,h001,0.000000000000297,0.000000000000061
142,b,h001,0.000000000000063,-0.00000000000008
142,c,h001,0.000000000000253,-0.000000000000104
143,a,h001,0.000000000000098,-0.000000000000039
143,b,h001,-0.000000000000009,-0.000000000000014
143,c,h001,0,-0.000000000000004
144,a,h001,0.000000000000004,0.00000000000004
144,b,h001,-0.000000000000013,-0.000000000000136
144,c,h001,0.000000000000089,0.000000000000019
145,a,h001,-0.000000000000016,0.000000000000037
145,b,h001,-0.000000000000106,-0.000000000000068
145,c,h001,-0.000000000000075,-0.000000000000083
146,a,h001,-0.000000000000107,0.000000000000045
146,b,h001,-0.000000000000024,0.000000000000012
146,c,h001,0.000000000000149,0.000000000000112
147,a,h001,-0.000000000000247,-0.000000000002335
147,b,h001,0.000000000000873,-0.000000000000322
147,c,h001,-0.000000000000477,-0.000000000000238
148,a,h001,-0.000000000000254,-0.000000000000232
148,b,h001,0.000000000000375,-0.000000000000024
148,c,h001,0.00000000000006,0.000000000000089
149,a,h001,-0.000000000000125,0.000000000000081
149,b,h001,0.00000000000003,0.000000000000008
149,c,h001,-0.000000000000015,-0.000000000000002
150,a,h001,-0.000000000000041,-0.000000000000018
150,b,h001,-0.000000000000132,0.000000000000201
150,c,h001,0.000000000000238,0.000000000000041
151,a,h001,-0.000000000000072,-0.000000000000021
151,b,h001,0.00000000000011,0.000000000000122
151,c,h001,0.000000000000022,0.000000000000022
152,a,h001,0.000000000000071,0.000000000000083
152,b,h001,0.000000000000042,-0.000000000000033
152,c,h001,0,-0.000000000000048
153,a,h001,-0.00000000000016,-0.000000000000217
153,b,h001,0.000000000000795,-0.000000000000366
153,c,h001,0.000000000000477,0.000000000000149
154,a,h001,-0.000000000001149,0.000000000003967
154,b,h001,-0.000000000001858,0.000000000000717
154,c,h001,0.000000000000955,0.000000000000715
155,a,h001,0.00000000000014,0.00000000000028
155,b,h001,-0.000000000000289,0.00000000000013
155,c,h001,0.000000000000045,-0.000000000000186
156,a,h001,0.000000000000149,-0.000000000000069
156,b,h001,0.000000000000048,-0.000000000000084
156,c,h001,0,0
157,a,h001,-0.000000000000007,0.000000000000052
157,b,h001,-0.000000000000055,-0.000000000000069
157,c,h001,-0.000000000000268,-0.000000000000095
158,a,h001,-0.000000000000079,-0.000000000000032
158,b,h001,-0.000000000000081,-0.000000000000128
158,c,h001,0.000000000000089,-0.000000000000045
159,a,h001,0.000000000000049,-0.000000000000128
159,b,h001,-0.000000000000128,0.000000000000122
159,c,h001,-0.000000000000149,0.000000000000045
160,a,h001,-0.000000000000133,0.000000000000249
160,b,h001,-0.000000000000649,0.000000000000373
160,c,h001,-0.000000000000522,-0.00000000000003
161,a,h001,0.000000000002686,-0.000000000000175
161,b,h001,0.000000000000494,0.000000000000216
161,c,h001,0.000000000000477,-0.000000000000656
162,a,h001,-0.000000000000004,-0.000000000000021
162,b,h001,0.000000000000017,-0.000000000000014
162,c,h001,0.000000000000037,0.000000000000001
163,a,h001,-0.000000000000115,-0.000000000000028
163,b,h001,0,-0.000000000000008
163,c,h001,-0.00000000000003,0.000000000000119
164,a,h001,-0.000000000000094,0.000000000000046
164,b,h001,0.000000000000029,0.000000000000128
164,c,h001,-0.00000000000003,0
165,a,h001,0.000000000000035,-0.000000000000034
165,b,h001,0.000000000000119,0.000000000000068
165,c,h001,0.00000000000003,-0.000000000000156
166,a,h001,-0.000000000000032,-0.000000000000112
166,b,h001,0.000000000000156,0.000000000000132
166,c,h001,-0.000000000000073,0.000000000000134
167,a,h001,-0.00000000000029,-0.000000000000262
167,b,h001,-0.000000000000028,-0.000000000000164
167,c,h001,-0.000000000000119,0.000000000000201
168,a,h001,0.000000000000018,-0.000000000000036
168,b,h001,0.000000000000164,0.000000000000043
168,c,h001,0.00000000000006,0.000000000000119
169,a,h001,-0.000000000000026,0.000000000000015
169,b,h001,-0.000000000000081,0.000000000000022
169,c,h001,0,-0.00000000000006
170,a,h001,-0.000000000000003,0.000000000000021
170,b,h001,-0.000000000000011,0.000000000000013
170,c,h001,-0.00000000000002,-0.000000000000008
171,a,h001,0.000000000000197,0.00000000000013
171,b,h001,0.000000000000237,0.000000000000517
171,c,h001,-0.000000000000298,0.000000000000372
172,a,h001,0.000000000000004,0.000000000000006
172,b,h001,-0.000000000000074,-0.000000000000051
172,c,h001,0.000000000000015,-0.000000000000001
173,a,h001,-0.000000000000188,0.00000000000009
173,b,h001,-0.000000000000147,-0.000000000000127
173,c,h001,0.00000000000006,0.000000000000199
174,a,h001,0.000000000000086,0.000000000000328
174,b,h001,0.000000000000177,-0.000000000000069
174,c,h001,0,-0.000000000000119
175,a,h001,-0.000000000000114,-0.000000000000059
175,b,h001,-0.000000000000027,-0.000000000000027
175,c,h001,-0.00000000000003,-0.000000000000117
176,a,h001,0.000000000000204,0.000000000000558
176,b,h001,0.000000000000272,0.000000000000121
176,c,h001,0.000000000000238,-0.000000000000291
177,a,h001,0.000000000000019,-0.000000000000183
177,b,h001,-0.000000000000004,0.000000000000118
177,c,h001,-0.000000000000179,-0.000000000000209
178,a,h001,0.000000000000006,-0.000000000000004
178,b,h001,-0.000074619284816,-0.000024528001992
178,c,h001,0.000000000000002,0.000000000000005
179,a,h001,-0.000000000000366,-0.00000000000009
179,b,h001,-0.000000000000334,-0.000000000000575
179,c,h001,0.000000000000313,-0.000000000000104
180,a,h001,-0.000000000000009,0.000000000000002
180,b,h001,-0.000000000000001,0
180,c,h001,0.000000000000004,-0.00000000000001
181,a,h001,-0.000000000000033,0.000000000000002
181,b,h001,-0.000000000000037,0.000000000000004
181,c,h001,0.000000000000075,0.000000000000002
182,a,h001,0.000000000000038,0.000000000000012
182,b,h001,-0.000000000000074,0.000000000000172
182,c,h001,-0.000000000000149,-0.000000000000045
183,a,h001,-0.000000000001403,-0.000000000001596
183,b,h001,-0.000000000000105,0.000000000000421
183,c,h001,0.000000000000954,0.000000000000238
184,a,h001,0.000000000000245,-0.00000000000001
184,b,h001,0.000000000000141,0.000000000000117
184,c,h001,0,0.000000000000076
185,a,h001,-0.000000000000267,-0.000000000000201
185,b,h001,-0.000000000000078,-0.000000000000015
185,c,h001,-0.000000000000253,0.000000000000105
186,a,h001,-0.000000000000017,0.000000000000216
186,b,h001,-0.00000000000012,-0.000000000000052
186,c,h001,0.000000000000119,0.000000000000149
187,a,h001,0.000000000000131,-0.000000000000022
187,b,h001,0.000000000000051,0.000000000000068
187,c,h001,0.000000000000015,-0.000000000000045
188,a,h001,-0.000000000000012,0.000000000000087
188,b,h001,-0.00000000000001,-0.000000000000029
188,c,h001,-0.000000000000015,0.000000000000026
189,a,h001,-0.000000000000017,0.000000000000001
189,b,h001,-0.00000000000002,0.000000000000005
189,c,h001,-0.000000000000119,-0.000000000000002
190,a,h001,-0.000000000000164,-0.000000000000107
190,b,h001,0.000000000000165,-0.000000000000154
190,c,h001,-0.000000000000179,0.000000000000084
191,a,h001,-0.000000000000144,-0.000000000000071
191,b,h001,-0.000000000000144,-0.000000000000049
191,c,h001,0,0
192,a,h001,0.000000000002646,0.000000000000535
192,b,h001,0.000000000003936,0.000000000001994
192,c,h001,-0.000000000000477,0.000000000000954
193,a,h001,-0.000000000000345,0.000000000000143
193,b,h001,-0.000000000000215,-0.000000000000104
193,c,h001,0.00000000000006,0.000000000000069
194,a,h001,0.000000000000068,0.000000000000094
194,b,h001,0.000000000000042,-0.000000000000088
194,c,h001,0.000000000000089,-0.00000000000003
195,a,h001,0.000000000000073,-0.000000000000283
195,b,h001,0.000000000000309,-0.00000000000032
195,c,h001,0.000000000000328,-0.000000000000127
196,a,h001,0.000000000000031,0.000000000000232
196,b,h001,0.000000000000053,0.000000000000013
196,c,h001,-0.000000000000089,0.00000000000003
197,a,h001,0.000000000000024,-0.000000000000029
197,b,h001,-0.000000000000004,0.000000000000024
197,c,h001,-0.000000000000002,0.000000000000008
198,a,h001,0.000000000000145,-0.000000000000012
198,b,h001,-0.000000000000008,0.000000000000053
198,c,h001,0,0.00000000000003
199,a,h001,-0.000000000000018,-0.000000000000002
199,b,h001,-0.000000000000018,0.000000000000002
199,c,h001,0,-0.000000000000001
200,a,h001,0.000000000000081,0.000000000000084
200,b,h001,-0.00000000000003,0.000000000000009
200,c,h001,0.000000000000179,-0.000000000000135
201,a,h001,-0.000000000000018,0.000000000000028
201,b,h001,0.000000000000026,0.000000000000015
201,c,h001,0,0.00000000000006
202,a,h001,-0.000000000004459,0.000000000000374
202,b,h001,-0.000000000001706,-0.000000000001808
202,c,h001,-0.000000000000954,0.000000000000954
203,a,h001,0.000000000000341,-0.000000000000138
203,b,h001,0.000000000000002,0.000000000000011
203,c,h001,-0.000000000000328,0.000000000000011
204,a,h001,0.00000000000023,0.000000000000024
204,b,h001,-0.000000000000064,0.000000000000131
204,c,h001,0.000000000000179,0.00000000000019
205,a,h001,-0.000000000000063,0.000000000000251
205,b,h001,-0.000000000000187,0.000000000000296
205,c,h001,-0.000000000000089,0.000000000000142
206,a,h001,-0.000000000000009,-0.00000000000002
206,b,h001,-0.000000000000007,0.000000000000004
206,c,h001,0.000000000000002,0.000000000000007
207,a,h001,-0.000000000000119,-0.000000000000198
207,b,h001,-0.000000000000223,-0.000000000000142
207,c,h001,0.000000000000089,-0.00000000000003
208,a,h001,-0.000000000000008,0.000000000000005
208,b,h001,-0.000000000000001,-0.000000000000004
208,c,h001,-0.000762278969297,-0.000250549741806
209,a,h001,-0.000000000000006,-0.000000000000286
209,b,h001,0.000000000000089,-0.000000000000231
209,c,h001,0.000000000000298,-0.00000000000006
210,a,h001,-0.000000000000005,-0.000000000000001
210,b,h001,0.000000000000006,0.000000000000005
210,c,h001,0,-0.000000000000001
211,a,h001,-0.000000000000059,-0.000000000000041
211,b,h001,-0.000000000000028,0.000000000000036
211,c,h001,-0.000000000000082,0.000000000000042
212,a,h001,0.000000000002821,-0.000000000000116
212,b,h001,-0.000000000001943,0.000000000002179
212,c,h001,-0.000000000000954,-0.000000000001907
213,a,h001,-0.000000000000343,0.000000000000062
213,b,h001,-0.000000000000066,-0.000000000000002
213,c,h001,0.000000000000209,-0.000000000000015
214,a,h001,-0.000000000000104,-0.000000000000109
214,b,h001,0.00000000000016,-0.000000000000005
214,c,h001,-0.00000000000009,-0.000000000000268
215,a,h001,-0.000000000000178,-0.000000000000086
215,b,h001,0.000000000000077,-0.000000000000119
215,c,h001,0,0.00000000000003
216,a,h001,0.000000000000005,-0.000000000000001
216,b,h001,-0.000000000000008,-0.000000000000005
216,c,h001,0.000000000000002,-0.000000000000014
217,a,h001,-0.000000000000241,-0.000000000000239
217,b,h001,0.000000000000285,-0.000000000000197
217,c,h001,-0.000000000000298,0.00000000000009
218,a,h001,-0.00000000000044,-0.000000000000492
218,b,h001,0.000000000000235,0.000000000000153
218,c,h001,0.000000000000238,-0.000000000000022
219,a,h001,0,0
219,b,h001,0,0
219,c,h001,0,0
220,a,h001,-0.000000000000025,0.000000000000285
220,b,h001,0.000000000000063,0.000000000000297
220,c,h001,-0.00000000000006,-0.000000000000067
221,a,h001,-0.00000000000102,-0.000000000000099
221,b,h001,-0.000000000003196,-0.000000000002323
221,c,h001,0.000000000000953,-0.000000000001908
222,a,h001,-0.000000000000023,-0.000000000000085
222,b,h001,0.000000000000051,0.000000000000008
222,c,h001,0.000000000000119,-0.000000000000136
223,a,h001,-0.000000000000065,0.000000000000005
223,b,h001,-0.000000000000142,-0.000000000000173
223,c,h001,0.000000000000179,0.000000000000268
224,a,h001,0.000000000000235,0.000000000000139
224,b,h001,-0.000000000000033,0.00000000000017
224,c,h001,0,-0.000000000000313
225,a,h001,-0.000381195034153,-0.000125289960308
225,b,h001,0.000000000000008,0.000000000000005
225,c,h001,0,0.000000000000009
226,a,h001,0.000000000000611,0.00000000000073
226,b,h001,-0.000000000000535,0.000000000000482
226,c,h001,0.000000000000238,-0.000000000000239
227,a,h001,0.000000000000456,0.000000000000763
227,b,h001,-0.000000000000088,-0.000000000000004
227,c,h001,-0.000000000000179,-0.00000000000025
228,a,h001,-0.000000000000091,-0.000000000000128
228,b,h001,0.000000000000749,-0.000000000000698
228,c,h001,0.000000000000596,0.000000000000447
229,a,h001,-0.000000000002159,-0.000000000003978
229,b,h001,0.000000000005585,-0.000000000000629
229,c,h001,-0.000000000001907,0.000000000002862
230,a,h001,0.000000000000132,0.000000000000049
230,b,h001,0.000000000000154,0.000000000000056
230,c,h001,-0.000000000000298,0.000000000000229
231,a,h001,0.000000000000259,0.000000000000441
231,b,h001,0.000000000000576,0.000000000000153
231,c,h001,0.000000000000179,-0.000000000000328
232,a,h001,-0.000000000000529,-0.000000000000158
232,b,h001,-0.000000000000062,-0.00000000000007
232,c,h001,-0.000000000000238,0.000000000000253
233,a,h001,-0.000000000000024,-0.000000000000003
233,b,h001,0.000000000000001,0.00000000000004
233,c,h001,0.000000000000007,-0.000000000000004
234,a,h001,-0.000000000000406,-0.000000000000436
234,b,h001,0.000000000000091,-0.000000000000188
234,c,h001,-0.000000000000179,0
235,a,h001,-0.000000000000127,-0.000000000000493
235,b,h001,-0.000000000000285,0.000000000000064
235,c,h001,-0.000000000000477,0.000000000000235
236,a,h001,0.000000000000385,-0.000000000001101
236,b,h001,-0.000000000001167,0.000000000000463
236,c,h001,-0.000000000000715,-0.000000000000164
237,a,h001,0.00000000000177,0.000000000002828
237,b,h001,-0.000000000004634,-0.000000000001022
237,c,h001,0.000000000001907,-0.000000000002147
238,a,h001,-0.000000000000076,-0.000000000000109
238,b,h001,-0.000000000000111,-0.000000000000115
238,c,h001,0.000000000000119,-0.000000000000266
239,a,h001,-0.00000000000006,-0.000000000000397
239,b,h001,-0.00000000000033,0.000000000000031
239,c,h001,-0.000000000000171,0.000000000000185
240,a,h001,0.000000000000312,0.000000000000086
240,b,h001,0.000000000000031,0.000000000000043
240,c,h001,0.000000000000268,-0.000000000000112
241,a,h001,0.000000000000015,0.000000000000006
241,b,h001,-0.000000000000009,-0.000000000000042
241,c,h001,-0.000000000000022,0.000000000000027
242,a,h001,-0.000000000000244,0.000000000000218
242,b,h001,0.000000000000109,0.000000000000026
242,c,h001,0.000000000000179,-0.000000000000056
243,a,h001,0.000000000001099,0.000000000001295
243,b,h001,0.000000000000375,0.000000000000377
243,c,h001,0.000000000000119,-0.000000000000566
244,a,h001,-0.000000000000211,-0.000000000000841
244,b,h001,0.000000000001873,0.000000000000805
244,c,h001,0.000000000000001,0.000000000002861
245,a,h001,-0.000000000000046,0.000000000000345
245,b,h001,-0.000000000000046,0.000000000000024
245,c,h001,0.000000000000089,0.000000000000184
246,a,h001,-0.000000000000031,-0.00000000000001
246,b,h001,-0.000000000000072,-0.000000000000044
246,c,h001,0.000000000000045,-0.000000000000061
247,a,h001,-0.000000000000264,0.000000000000152
247,b,h001,-0.000000000000027,0.000000000000122
247,c,h001,0,0.000000000000209
248,a,h001,0.000000000000003,-0.000000000000002
248,b,h001,-0.000077331035491,-0.000025419332981
248,c,h001,0.000000000000002,-0.000000000000008
249,a,h001,0.000000000000001,-0.000000000000004
249,b,h001,-0.000066477196443,-0.000021851862815
249,c,h001,0.000000000000006,-0.000000000000011
250,a,h001,0.000000000000098,0.000000000000089
250,b,h001,0.00000000000003,-0.000000000000093
250,c,h001,0.00000000000003,0.000000000000095
251,a,h001,-0.0000000000004,-0.000000000001427
251,b,h001,-0.000000000000759,-0.0000000000008
251,c,h001,-0.000000000001192,0.00000000000079
252,a,h001,0.000000000002836,0.00000000000015
252,b,h001,0.000000000001016,0.00000000000086
252,c,h001,0.000000000001908,0.000000000000476
253,a,h001,0.000000000000076,-0.000000000000212
253,b,h001,0.000000000000166,0.000000000000049
253,c,h001,-0.000000000000149,-0.000000000000068
254,a,h001,0.000000000000044,-0.000000000000191
254,b,h001,0.000000000000185,0.000000000000038
254,c,h001,-0.000000000000179,0.000000000000171
255,a,h001,-0.000000000000075,-0.000000000000041
255,b,h001,0.000000000000034,0.00000000000004
255,c,h001,0,0.000000000000007
256,a,h001,0.000000000000327,-0.000000000000111
256,b,h001,0.000000000000048,-0.000000000000088
256,c,h001,-0.000000000000037,-0.000000000000248
257,a,h001,-0.000000000000015,-0.000000000000069
257,b,h001,-0.000000000000039,0.000000000000048
257,c,h001,-0.000000000000043,-0.000000000000048
258,a,h001,-0.000000000000395,0.000000000000793
258,b,h001,0.000000000000221,-0.000000000000194
258,c,h001,0.000000000001073,-0.00000000000063
259,a,h001,-0.000000000002471,0.000000000002389
259,b,h001,-0.000000000001853,-0.00000000000203
259,c,h001,0,0.000000000000715
260,a,h001,0.000000000000051,0.000000000000115
260,b,h001,-0.000000000000188,-0.000000000000012
260,c,h001,0.00000000000006,0.000000000000127
261,a,h001,0.000000000000247,0.000000000000406
261,b,h001,0.000000000000319,-0.000000000000079
261,c,h001,-0.000000000000119,0.000000000000045
262,a,h001,0.000000000000168,0.000000000000221
262,b,h001,0.000000000000043,0.000000000000038
262,c,h001,-0.000000000000149,0.000000000000082
263,a,h001,-0.000000000000308,-0.000000000000183
263,b,h001,-0.000000000000037,-0.000000000000099
263,c,h001,-0.00000000000006,0.000000000000149
264,a,h001,0.000000000000002,0.00000000000001
264,b,h001,0.000000000000006,-0.000000000000008
264,c,h001,-0.000637271471798,-0.00020946189437
265,a,h001,-0.000000000000077,-0.000000000000183
265,b,h001,0.000000000000126,0.000000000000463
265,c,h001,-0.000000000000417,0.000000000000332
266,a,h001,0.000000000001506,-0.000000000003345
266,b,h001,0.000000000000313,-0.000000000000782
266,c,h001,-0.000000000000477,-0.000000000001192
267,a,h001,0.00000000000016,-0.000000000000141
267,b,h001,0.00000000000002,-0.000000000000076
267,c,h001,0.00000000000006,-0.000000000000224
268,a,h001,-0.000000000000017,0.000000000000016
268,b,h001,0.000000000000016,0.000000000000003
268,c,h001,-0.000000000000007,0.000000000000008
269,a,h001,-0.000000000000237,-0.000000000000276
269,b,h001,-0.000000000000121,0.000000000000263
269,c,h001,-0.000000000000119,-0.000000000000164
270,a,h001,-0.000000000000086,-0.00000000000015
270,b,h001,-0.000000000000045,-0.000000000000073
270,c,h001,0.000000000000209,-0.000000000000183
271,a,h001,0.000000000000256,0.000000000000078
271,b,h001,-0.000000000000064,-0.000000000000246
271,c,h001,0.00000000000006,-0.000000000000108
272,a,h001,0.000000000000116,0.000000000000053
272,b,h001,0.000000000000016,0.000000000000103
272,c,h001,-0.000000000000007,-0.000000000000048
273,a,h001,0.000000000000042,0.000000000000017
273,b,h001,-0.000000000000101,-0.000000000000165
273,c,h001,0.000000000000402,0.000000000000016
274,a,h001,0.000000000000526,0.000000000000315
274,b,h001,0.000000000000109,0.000000000000407
274,c,h001,-0.000000000000596,0.000000000000239
275,a,h001,-0.000000000000137,-0.000000000000358
275,b,h001,-0.00000000000001,0.000000000000271
275,c,h001,0.000000000000119,0.000000000000313
276,a,h001,0.00000000000001,-0.000000000000017
276,b,h001,-0.000075939356133,-0.000024962073921
276,c,h001,0,-0.000000000000006
277,a,h001,-0.000000000000286,0.000000000000669
277,b,h001,0.000000000000232,-0.000000000000089
277,c,h001,0,0.000000000000097
278,a,h001,0.00000000000008,-0.000000000000116
278,b,h001,-0.000000000000004,0.000000000000044
278,c,h001,-0.000000000000074,0.000000000000108
279,a,h001,-0.000000000000231,-0.000000000000182
279,b,h001,0.000000000000226,0.000000000000454
279,c,h001,0.00000000000006,0.000000000000052
280,a,h001,-0.00000000000022,0.000000000000161
280,b,h001,-0.000000000000125,-0.000000000000192
280,c,h001,0.00000000000003,0.000000000000224
281,a,h001,-0.000000000000018,-0.000000000000043
281,b,h001,-0.000000000000003,-0.000000000000067
281,c,h001,-0.000000000000041,-0.000000000000075
282,a,h001,-0.000000000000946,-0.00000000000021
282,b,h001,-0.000000000000381,-0.000000000000769
282,c,h001,0.000000000000238,-0.000000000000715
283,a,h001,0.000000000000261,0.000000000000674
283,b,h001,0.000000000000231,-0.000000000000212
283,c,h001,-0.000000000000835,-0.000000000000521
284,a,h001,0.000000000000276,-0.000000000000424
284,b,h001,0.000000000000095,0
284,c,h001,-0.000000000000298,-0.000000000000529
285,a,h001,0.000000000000028,0.000000000000078
285,b,h001,0.000000000000006,-0.00000000000011
285,c,h001,-0.00000000000006,0.000000000000058
286,a,h001,0.000000000000209,0.000000000000079
286,b,h001,-0.000000000000226,-0.000000000000235
286,c,h001,-0.000000000000268,0.000000000000037
287,a,h001,0.000000000000027,-0.000000000000127
287,b,h001,0.000000000000031,0.000000000000009
287,c,h001,-0.00000000000006,-0.000000000000011
288,a,h001,0.000000000000223,-0.000000000000088
288,b,h001,0.000000000000009,0.000000000000143
288,c,h001,-0.000000000000119,-0.00000000000019
289,a,h001,-0.000284805657562,-0.000093607742465
289,b,h001,0.000000000000011,0.000000000000016
289,c,h001,0.000000000000007,0.000000000000001
290,a,h001,-0.00000000000003,-0.000000000000052
290,b,h001,0,0
290,c,h001,0,0
291,a,h001,0.000000000000109,-0.000000000000132
291,b,h001,0.000000000000041,-0.00000000000016
291,c,h001,0.000000000000119,0.000000000000186
292,a,h001,-0.000000000000102,-0.000000000000132
292,b,h001,-0.000000000000778,-0.00000000000055
292,c,h001,0.000000000000835,-0.000000000000045
293,a,h001,0.000000000000073,-0.000000000000404
293,b,h001,-0.000000000000058,-0.000000000000147
293,c,h001,0,0.000000000000611
294,a,h001,-0.000000000000175,-0.000000000000033
294,b,h001,-0.000000000000024,0.000000000000045
294,c,h001,0.00000000000003,-0.00000000000016
295,a,h001,-0.000000000000016,0.000000000000026
295,b,h001,-0.000000000000004,0.000000000000044
295,c,h001,0.00000000000006,-0.000000000000011
296,a,h001,0.000000000000027,0.000000000000104
296,b,h001,0.000000000000009,0.000000000000028
296,c,h001,0.000000000000127,-0.000000000000013
297,a,h001,-0.000000000000058,-0.000000000000018
297,b,h001,-0.000000000000123,-0.000000000000294
297,c,h001,0.000000000000238,-0.000000000000149
298,a,h001,-0.000000000000144,0.000000000000117
298,b,h001,-0.000000000000149,0.000000000000034
298,c,h001,-0.00000000000006,-0.000000000000134
299,a,h001,-0.000000000000346,-0.000000000000183
299,b,h001,-0.000000000000257,0.000000000000487
299,c,h001,-0.000000000001192,0.000000000000172
300,a,h001,-0.000000000000032,0.000000000000402
300,b,h001,0.000000000000184,0.000000000000063
300,c,h001,0.000000000000194,-0.000000000000157
301,a,h001,0.000000000000219,-0.000000000000003
301,b,h001,0.00000000000012,0.000000000000004
301,c,h001,0.00000000000006,0.000000000000093
302,a,h001,-0.000000000000033,-0.000000000000067
302,b,h001,0.000000000000011,0.000000000000062
302,c,h001,0.000000000000119,0.000000000000175
303,a,h001,-0.000000000000146,0.000000000000119
303,b,h001,-0.000000000000358,-0.000000000000258
303,c,h001,-0.000000000000119,-0.000000000000142
304,a,h001,0.000000000000399,-0.000000000000231
304,b,h001,-0.000000000000071,-0.000000000000144
304,c,h001,-0.000000000000596,-0.000000000000179
305,a,h001,-0.000000000000032,0.000000000000009
305,b,h001,0.000000000000047,0.000000000000117
305,c,h001,-0.00000000000006,-0.000000000000019
306,a,h001,-0.000000000000048,-0.000000000000259
306,b,h001,0.000000000000867,0.000000000000384
306,c,h001,0.000000000000775,0.000000000000156
307,a,h001,-0.000000000000023,-0.000000000000057
307,b,h001,-0.0000000000001,0.00000000000004
307,c,h001,-0.000000000000089,-0.000000000000005
308,a,h001,-0.000000000000027,0.000000000000029
308,b,h001,0.000000000000139,-0.000000000000023
308,c,h001,-0.000000000000119,-0.000000000000011
309,a,h001,0.000000000000009,0.000000000000188
309,b,h001,0.000000000000062,-0.000000000000212
309,c,h001,-0.000000000000358,-0.00000000000013
310,a,h001,0.00000000000016,-0.000000000000228
310,b,h001,0.000000000000386,0.000000000000139
310,c,h001,0.000000000000116,0.000000000000122
311,a,h001,0.000000000001388,0.000000000000917
311,b,h001,0.00000000000025,0.000000000001174
311,c,h001,0.000000000001431,0.000000000000357
312,a,h001,0.000000000000021,-0.000000000000012
312,b,h001,0.000000000000001,-0.000000000000066
312,c,h001,0.000000000000022,0.000000000000014
313,a,h001,-0.000000000000064,0.000000000000383
313,b,h001,-0.000000000000201,-0.000000000000043
313,c,h001,-0.000000000000179,0.000000000000021
314,a,h001,-0.000000000000001,0.000000000000001
314,b,h001,-0.000071871365207,-0.000023624994064
314,c,h001,0,-0.000000000000001
315,a,h001,-0.000000000000127,0.000000000000035
315,b,h001,-0.000000000000207,0.000000000000011
315,c,h001,-0.000000000000104,0.000000000000002
316,a,h001,-0.000000000000207,-0.000000000000029
316,b,h001,-0.000000000000133,0.00000000000034
316,c,h001,0.000000000000089,-0.000000000000242
317,a,h001,0,0.000000000000047
317,b,h001,-0.000000000000087,-0.000000000000018
317,c,h001,0.00000000000003,0.000000000000005
318,a,h001,-0.000000000000033,0.000000000000017
318,b,h001,-0.000000000000027,-0.000000000000002
318,c,h001,-0.000000000000015,0.000000000000029
319,a,h001,-0.000000000001441,-0.000000000000474
319,b,h001,-0.000000000000038,-0.000000000001602
319,c,h001,-0.000000000001192,-0.000000000000119
320,a,h001,-0.000000000000007,-0.000000000000005
320,b,h001,0,0.000000000000008
320,c,h001,-0.000070709569097,-0.000023242799714
321,a,h001,-0.000000000000078,-0.000000000000053
321,b,h001,0.000000000000019,-0.000000000000028
321,c,h001,-0.000000000000007,-0.000000000000073
322,a,h001,0.000000000000079,-0.00000000000005
322,b,h001,0.000000000000207,0.000000000000056
322,c,h001,0.000000000000089,0.000000000000017
323,a,h001,0.000000000000149,-0.000000000000169
323,b,h001,-0.00000000000003,-0.00000000000024
323,c,h001,0.00000000000006,0.000000000000197
324,a,h001,-0.000000000000039,0
324,b,h001,-0.00000000000001,-0.000000000000014
324,c,h001,-0.00000000000006,0.000000000000012
325,a,h001,0.000000000000043,-0.000000000000029
325,b,h001,0.000000000000016,0.000000000000019
325,c,h001,0,-0.000000000000041
326,a,h001,0.000000000001443,0.00000000000006
326,b,h001,-0.00000000000041,0.000000000001069
326,c,h001,0.000000000000715,-0.000000000000894
327,a,h001,0.000000000000029,-0.000000000000009
327,b,h001,0.000000000000003,-0.000000000000009
327,c,h001,-0.000065271153138,-0.000021455281444
328,a,h001,0.000000000000034,0.000000000000002
328,b,h001,-0.000000000000085,0.000000000000012
328,c,h001,0.000000000000045,-0.000000000000018
329,a,h001,0.00000000000003,0.000000000000011
329,b,h001,0.000000000000098,0.000000000000104
329,c,h001,-0.000000000000026,0.000000000000027
330,a,h001,0.000000000000005,0.000000000000029
330,b,h001,-0.00000000000001,0.000000000000025
330,c,h001,0.000000000000045,-0.000000000000011
331,a,h001,-0.00000000000001,0.000000000000005
331,b,h001,0.000000000000006,-0.000000000000001
331,c,h001,0.000000000000022,0.000000000000003
332,a,h001,0.000000000000047,0.000000000000063
332,b,h001,0.000000000000005,0.00000000000002
332,c,h001,0.000000000000015,0.000000000000039
333,a,h001,-0.00000000000132,0.000000000000212
333,b,h001,0.000000000000321,-0.000000000000914
333,c,h001,-0.000000000000477,0.000000000000656
334,a,h001,0.00000000000011,0.000000000000064
334,b,h001,0.000000000000078,-0.000000000000106
334,c,h001,0.00000000000003,0.000000000000037
335,a,h001,-0.000000000000012,0.000000000000011
335,b,h001,-0.000000000000004,-0.000000000000031
335,c,h001,-0.000000000000028,-0.000000000000026
336,a,h001,0.000000000000047,-0.000000000000011
336,b,h001,0,-0.000000000000005
336,c,h001,0.000000000000015,0.000000000000007
337,a,h001,0.000000000000002,-0.000000000000003
337,b,h001,-0.000000000000005,-0.000000000000002
337,c,h001,-0.000066633051802,-0.000021903464391
338,a,h001,0.000000000000009,0.000000000000005
338,b,h001,0.000000000000007,-0.000000000000005
338,c,h001,-0.000000000000004,0.000000000000012
339,a,h001,0.000000000000006,-0.000000000000141
339,b,h001,0.000000000000042,-0.000000000000105
339,c,h001,0.00000000000003,-0.000000000000086
340,a,h001,0.000000000001907,-0.000000000001101
340,b,h001,0.000000000000501,0.000000000002349
340,c,h001,-0.000000000001907,0.000000000001074
341,a,h001,-0.000000000000344,0.000000000000089
341,b,h001,-0.000000000000357,0.000000000000174
341,c,h001,-0.000000000000119,-0.000000000000074
342,a,h001,0.000000000000003,-0.000000000000001
342,b,h001,0.000000000000001,0.000000000000018
342,c,h001,-0.000072064012745,-0.000023688363639
343,a,h001,0.000000000000003,-0.000000000000022
343,b,h001,0.000000000000019,0.000000000000001
343,c,h001,0,-0.000000000000017
344,a,h001,0.000000000000038,0.000000000000474
344,b,h001,0.000000000000168,0.00000000000026
344,c,h001,0.000000000000238,-0.000000000000253
345,a,h001,-0.000000000000208,0.000000000000007
345,b,h001,-0.000000000000142,0.000000000000106
345,c,h001,-0.000000000000179,0.000000000000022
346,a,h001,-0.000000000000182,0.000000000000157
346,b,h001,-0.000000000000184,0.000000000000117
346,c,h001,-0.000000000000089,0.000000000000198
347,a,h001,0.00000000000072,0.000000000001783
347,b,h001,-0.00000000000283,-0.000000000003966
347,c,h001,0.000000000003814,-0.000000000002624
348,a,h001,0.000000000000508,-0.000000000000411
348,b,h001,0.000000000000193,-0.0000000000003
348,c,h001,-0.00000000000006,0.000000000000015
349,a,h001,-0.000069091049035,-0.000022704055727
349,b,h001,-0.000000000000009,-0.000000000000003
349,c,h001,0,0.000000000000009
350,a,h001,0.000000000000452,-0.000000000000312
350,b,h001,-0.000000000000039,-0.000000000000162
350,c,h001,-0.000000000000536,0.000000000000432
351,a,h001,0.000000000000759,-0.000000000000333
351,b,h001,0.000000000000561,0.000000000000097
351,c,h001,0.000000000000835,-0.000000000000172
352,a,h001,0.000000000000248,-0.000000000000083
352,b,h001,0.000000000000065,0.000000000000029
352,c,h001,-0.00000000000006,-0.00000000000019
353,a,h001,-0.000000000001158,-0.000000000003317
353,b,h001,-0.000000000000843,0.000000000002536
353,c,h001,-0.000000000004768,0.000000000001552
354,a,h001,-0.000000000000365,-0.000000000000038
354,b,h001,0.00000000000035,0.000000000000491
354,c,h001,0,0.000000000000022
355,a,h001,-0.000000000000293,-0.000000000000215
355,b,h001,0.000000000000178,-0.000000000000322
355,c,h001,0.000000000000536,-0.000000000000365
356,a,h001,-0.000000000000705,0.000000000000299
356,b,h001,0.000000000000093,-0.000000000000348
356,c,h001,-0.000000000000835,0.000000000000231
357,a,h001,0.000000000000039,0.000000000000123
357,b,h001,-0.00000000000013,0.000000000000028
357,c,h001,0.00000000000003,0.000000000000175
358,a,h001,0.000000000000561,0.000000000004486
358,b,h001,0.000000000001549,0.000000000001305
358,c,h001,0.000000000003816,0.000000000002264
359,a,h001,-0.000000000000147,0.000000000000093
359,b,h001,-0.000000000000847,-0.000000000000707
359,c,h001,-0.000000000000239,-0.000000000000477
360,a,h001,0.000000000000019,0.000000000000043
360,b,h001,-0.000000000000292,0.000000000000291
360,c,h001,-0.000000000000358,0.000000000000022
361,a,h001,0.000000000000529,0.000000000000495
361,b,h001,0.000000000000575,0.000000000000364
361,c,h001,0.000000000000715,-0.000000000000619
362,a,h001,0.000000000000261,-0.000000000000099
362,b,h001,0.000000000000074,-0.000000000000009
362,c,h001,0.000000000000179,-0.000000000000186
363,a,h001,0.000000000001237,-0.0000000000025
363,b,h001,0.000000000002438,-0.000000000000655
363,c,h001,-0.000000000000954,-0.000000000000953
364,a,h001,0.000000000000501,-0.000000000000083
364,b,h001,0.000000000000756,0.000000000001517
364,c,h001,0.000000000000358,0.000000000000671
365,a,h001,0.000000000000142,0.000000000000198
365,b,h001,-0.000000000000155,-0.000000000000287
365,c,h001,0.000000000000358,0.000000000000231
366,a,h001,-0.000000000001164,-0.000000000000565
366,b,h001,-0.000000000000858,-0.000000000000173
366,c,h001,-0.000000000000357,0.00000000000079
367,a,h001,-0.00000000000035,0.000000000000082
367,b,h001,-0.000000000000123,-0.000000000000096
367,c,h001,-0.000000000000119,0.000000000000175
368,a,h001,-0.000000000000427,0.000000000000779
368,b,h001,-0.000000000002593,-0.000000000000893
368,c,h001,0.000000000000238,-0.000000000000686
369,a,h001,-0.000000000000126,0.000000000000088
369,b,h001,0.000000000000152,-0.000000000001149
369,c,h001,0.000000000000477,-0.000000000000403
370,a,h001,0.000000000000086,-0.000000000000264
370,b,h001,-0.000000000000046,0.000000000000187
370,c,h001,0.000000000000179,-0.000000000000093
371,a,h001,0.000000000000111,0.000000000000215
371,b,h001,0.000000000000276,-0.000000000000066
371,c,h001,-0.000000000000477,-0.000000000000462
372,a,h001,0.000000000000153,-0.000000000000123
372,b,h001,0.000000000000135,0.000000000000061
372,c,h001,0.000000000000075,-0.000000000000071
373,a,h001,0.000000000000197,-0.000000000000017
373,b,h001,0.000000000000161,0.00000000000011
373,c,h001,0.000000000000104,0.000000000000286
374,a,h001,-0.000000000000397,-0.000000000000126
374,b,h001,-0.000000000000241,0.000000000000189
374,c,h001,-0.000000000000313,0.000000000000142
375,a,h001,-0.00000000000004,0.000000000000135
375,b,h001,-0.000000000000021,-0.000000000000069
375,c,h001,-0.000000000000097,0.000000000000021
376,a,h001,0.000000000000168,-0.000000000000277
376,b,h001,-0.000000000000166,-0.000000000000032
376,c,h001,0.00000000000006,-0.000000000000142
377,a,h001,0.000000000000019,0.000000000000264
377,b,h001,-0.000000000000213,0.000000000000109
377,c,h001,0.00000000000006,-0.000000000000048
378,a,h001,0.000000000000042,-0.00000000000005
378,b,h001,0.000000000000075,0.00000000000003
378,c,h001,0.00000000000003,0.00000000000002
379,a,h001,-0.000000000000061,0.00000000000002
379,b,h001,0.000000000000021,0.000000000000067
379,c,h001,-0.000000000000015,-0.000000000000008
380,a,h001,0.000000000000119,0.000000000000041
380,b,h001,0.000000000000003,0.000000000000053
380,c,h001,0.000000000000067,-0.000000000000029
381,a,h001,-0.000000000000026,-0.000000000000017
381,b,h001,0.000000000000036,0.000000000000006
381,c,h001,0.00000000000003,-0.000000000000023
382,a,h001,-0.000000000000889,0.000000000000122
382,b,h001,0.000000000000071,0.000000000000228
382,c,h001,-0.000000000000358,0.000000000000507
383,a,h001,-0.000000000000196,-0.000000000000273
383,b,h001,0.000000000000096,-0.000000000000185
383,c,h001,-0.000000000000238,0.000000000000112
384,a,h001,0.000000000000619,0.000000000000536
384,b,h001,-0.000000000000753,0.000000000001008
384,c,h001,-0.000000000000954,-0.000000000000417
385,a,h001,-0.000000000000023,-0.000000000000007
385,b,h001,-0.00000000000001,0.000000000000014
385,c,h001,-0.000000000000015,-0.000000000000006
386,a,h001,0.000000000000027,-0.000000000000011
386,b,h001,0.000000000000006,-0.000000000000033
386,c,h001,0.000000000000002,-0.000000000000017
387,a,h001,-0.000060993798343,-0.000020042961418
387,b,h001,0.000000000000012,-0.000000000000012
387,c,h001,-0.000000000000015,-0.000000000000002
388,a,h001,-0.000073154562063,-0.000024039674767
388,b,h001,-0.000000000000004,-0.000000000000001
388,c,h001,0.000000000000002,0.000000000000004
389,a,h001,0.000000000000665,-0.000000000000036
389,b,h001,0.000000000000118,-0.000000000000153
389,c,h001,0.000000000000238,-0.000000000000391
390,a,h001,0.000000000000143,0.000000000000162
390,b,h001,0.000000000000036,0.000000000000068
390,c,h001,0.000000000000134,-0.000000000000013
391,a,h001,0.000000000000026,-0.000000000000676
391,b,h001,0.000000000000479,-0.000000000001359
391,c,h001,0.000000000001028,0.00000000000045
392,a,h001,0.000000000000132,-0.000000000000104
392,b,h001,-0.00000000000006,-0.000000000000077
392,c,h001,0.000000000000149,-0.000000000000022
393,a,h001,-0.000000000000097,-0.000000000000008
393,b,h001,-0.000000000000124,0.000000000000007
393,c,h001,0,0.000000000000015
394,a,h001,-0.000000000000416,-0.000000000000006
394,b,h001,-0.000000000000053,0.000000000000157
394,c,h001,-0.000000000000343,0.000000000000168
395,a,h001,0.000000000000014,-0.000000000000017
395,b,h001,-0.000000000000162,0.000000000000001
395,c,h001,0.00000000000003,-0.000000000000108
396,a,h001,-0.000000000000037,0.000000000000196
396,b,h001,-0.000000000000007,-0.000000000000172
396,c,h001,0.00000000000003,-0.000000000000142
397,a,h001,0.000000000000218,0.000000000000114
397,b,h001,-0.000000000000014,0.000000000000121
397,c,h001,0.000000000000119,-0.000000000000104
398,a,h001,-0.00000000000015,0.00000000000017
398,b,h001,0.000000000000301,-0.000000000000048
398,c,h001,-0.000000000000179,0.000000000000011
399,a,h001,0.000000000000198,-0.000000000000075
399,b,h001,0.000000000000233,0.000000000000043
399,c,h001,-0.000000000000179,-0.000000000000004
400,a,h001,0.000000000000068,0.00000000000001
400,b,h001,-0.000000000000024,-0.000000000000041
400,c,h001,0.000000000000022,-0.000000000000061
401,a,h001,0.000000000000073,-0.000000000000137
401,b,h001,0.000000000000159,-0.00000000000002
401,c,h001,-0.000000000000119,0.000000000000045
402,a,h001,0.000000000000074,-0.000000000000471
402,b,h001,-0.00000000000002,0.000000000000225
402,c,h001,-0.000000000000238,0.000000000000179
403,a,h001,-0.000000000000268,0.000000000000086
403,b,h001,-0.000000000000178,0.000000000000309
403,c,h001,-0.000000000000119,0.000000000000075
404,a,h001,0.0000000000002,0.000000000000199
404,b,h001,-0.000000000000253,0.000000000000259
404,c,h001,0.000000000000238,-0.000000000000015
405,a,h001,-0.000000000000147,0.00000000000016
405,b,h001,-0.000000000000299,-0.000000000000375
405,c,h001,-0.000000000000179,-0.000000000000011
406,a,h001,-0.000000000000008,-0.000000000000002
406,b,h001,-0.000817598660523,-0.000268732902928
406,c,h001,0,0.000000000000013
407,a,h001,0.000000000000037,-0.00000000000003
407,b,h001,-0.000000000000016,-0.000000000000103
407,c,h001,0.00000000000006,-0.000000000000015
408,a,h001,0.000000000000251,0.000000000000631
408,b,h001,-0.000000000000278,0.000000000000158
408,c,h001,0,0.000000000000112
409,a,h001,0.000000000000044,-0.000000000000023
409,b,h001,0.000000000000052,0.000000000000009
409,c,h001,0.000000000000022,-0.000000000000004
410,a,h001,0.000000000000567,-0.000000000000327
410,b,h001,0.000000000001125,-0.000000000000999
410,c,h001,0.00000000000143,-0.000000000000358
411,a,h001,-0.000000000000001,-0.000000000000222
411,b,h001,0.000000000000136,-0.000000000000078
411,c,h001,-0.000000000000119,0.00000000000004
412,a,h001,-0.000000000000293,0.000000000000161
412,b,h001,-0.000000000000071,0.000000000000432
412,c,h001,-0.00000000000003,0
413,a,h001,-0.000000000000037,0.000000000000116
413,b,h001,-0.000000000000069,0.000000000000046
413,c,h001,-0.00000000000003,0.000000000000045
414,a,h001,-0.000000000000218,-0.000000000000454
414,b,h001,0.00000000000015,-0.00000000000032
414,c,h001,0.000000000000298,-0.000000000000175
415,a,h001,-0.000000000000145,0.000000000000075
415,b,h001,-0.000000000000011,-0.000000000000032
415,c,h001,0.000000000000119,0.000000000000052
416,a,h001,-0.0000000000009,0.000000000001893
416,b,h001,-0.000000000002417,0.000000000001216
416,c,h001,0.000000000000477,0
417,a,h001,0.000000000000204,0.000000000000117
417,b,h001,0.000000000000112,0.000000000000194
417,c,h001,0.00000000000006,-0.000000000000004
418,a,h001,0.000000000000222,-0.00000000000013
418,b,h001,-0.000000000000034,-0.000000000000117
418,c,h001,-0.000000000000022,-0.000000000000011
419,a,h001,0.000000000000053,-0.000000000000095
419,b,h001,0.00000000000001,0.000000000000057
419,c,h001,-0.000000000000134,0.000000000000024
420,a,h001,0.000000000000025,0.000000000000278
420,b,h001,0.000000000000019,-0.000000000000028
420,c,h001,-0.000000000000253,0.00000000000006
421,a,h001,0.000000000000885,0.000000000000314
421,b,h001,0.000000000000096,-0.000000000000048
421,c,h001,0.000000000000119,-0.000000000000179
422,a,h001,-0.000000000002516,-0.000000000002396
422,b,h001,0.000000000000623,-0.000000000003761
422,c,h001,-0.000000000000477,-0.000000000000596
423,a,h001,-0.000000000000461,-0.000000000000167
423,b,h001,-0.000000000000116,-0.000000000000352
423,c,h001,-0.000000000000537,-0.000000000000246
424,a,h001,0.000000000000019,0.000000000000007
424,b,h001,-0.000000000000014,0.000000000000006
424,c,h001,0,0.000000000000002
425,a,h001,0.000000000000011,0.000000000000047
425,b,h001,-0.000000000000015,-0.000000000000085
425,c,h001,0.000000000000041,-0.00000000000005
426,a,h001,-0.000000000000001,0.000000000000005
426,b,h001,0.000000000000006,0.000000000000004
426,c,h001,0,0.000000000000002
427,a,h001,0.000000000000061,-0.000000000000085
427,b,h001,0.000000000000063,0.000000000000035
427,c,h001,0,-0.000000000000106
428,a,h001,-0.000000000000777,-0.000000000000513
428,b,h001,-0.000000000000183,0.000000000000169
428,c,h001,-0.000000000000477,0.00000000000006
429,a,h001,0.000000000004025,0.000000000002212
429,b,h001,-0.00000000000074,0.000000000002595
429,c,h001,0.00000000000143,-0.000000000000239
430,a,h001,0.000000000000203,0.000000000000156
430,b,h001,0.000000000000057,0.000000000000125
430,c,h001,0.000000000000537,0.000000000000529
431,a,h001,0.000000000000036,0.000000000000169
431,b,h001,-0.000000000000019,-0.000000000000147
431,c,h001,0.00000000000006,0.000000000000006
432,a,h001,0.000000000000023,-0.000000000000004
432,b,h001,0.000000000000005,0.000000000000022
432,c,h001,-0.000000000000009,0.000000000000011
433,a,h001,-0.000000000000008,0.000000000000002
433,b,h001,0.000000000000006,0.000000000000004
433,c,h001,-0.000000000000004,0.00000000000002
434,a,h001,0.000000000000053,0.00000000000008
434,b,h001,-0.000000000000076,-0.000000000000067
434,c,h001,0.00000000000003,0.000000000000151
435,a,h001,-0.000000000001011,0.000000000000034
435,b,h001,-0.000000000001171,-0.000000000000469
435,c,h001,-0.000000000000715,0.00000000000012
436,a,h001,-0.000000000000484,-0.000000000000958
436,b,h001,0.000000000002274,-0.000000000002397
436,c,h001,0.000000000000476,-0.000000000002861
437,a,h001,0.000000000000018,-0.000000000000094
437,b,h001,-0.000000000000036,0.000000000000098
437,c,h001,-0.000000000000268,-0.00000000000038
438,a,h001,-0.000000000000054,-0.000000000000155
438,b,h001,0.000000000000104,0.000000000000153
438,c,h001,0.000000000000045,0.000000000000008
439,a,h001,-0.000000000000023,0.000000000000011
439,b,h001,-0.000000000000017,-0.000000000000003
439,c,h001,-0.000000000000022,0.000000000000014
440,a,h001,0,-0.000000000000001
440,b,h001,0,0
440,c,h001,0.000000000000002,0
441,a,h001,-0.000000000000243,0.00000000000003
441,b,h001,-0.000000000000065,0.000000000000069
441,c,h001,-0.000000000000149,-0.000000000000117
442,a,h001,0.000000000003031,0.000000000000312
442,b,h001,0.000000000000735,-0.000000000000263
442,c,h001,0.000000000002622,-0.000000000000478
443,a,h001,0.00000000000134,0.000000000002799
443,b,h001,0.000000000000981,0.000000000004136
443,c,h001,0.000000000000478,0.000000000003934
444,a,h001,-0.000000000000078,0.000000000000027
444,b,h001,0.000000000000025,0.000000000000026
444,c,h001,-0.00000000000003,0.000000000000051
445,a,h001,-0.000000000000065,0.000000000000001
445,b,h001,-0.000000000000171,0.000000000000018
445,c,h001,-0.000000000000045,0.000000000000002
446,a,h001,0.000000000000006,-0.000000000000153
446,b,h001,0.000000000000094,-0.00000000000013
446,c,h001,0.000000000000015,-0.000000000000045
447,a,h001,0.000000000000001,0.000000000000002
447,b,h001,0.000000000000001,0.000000000000001
447,c,h001,0,0.000000000000001
448,a,h001,0.000000000000161,-0.000000000000087
448,b,h001,0.000000000000139,-0.000000000000093
448,c,h001,-0.00000000000003,-0.000000000000028
449,a,h001,-0.00000000000286,-0.000000000000342
449,b,h001,-0.000000000001608,0.000000000000378
449,c,h001,-0.000000000002622,0.000000000001014
450,a,h001,-0.000000000002236,-0.000000000001733
450,b,h001,-0.000000000000414,-0.000000000003809
450,c,h001,0,-0.000000000000715
451,a,h001,0.000000000000005,0.00000000000002
451,b,h001,0.000000000000008,-0.00000000000003
451,c,h001,0.000000000000022,0.000000000000044
452,a,h001,0.000000000000037,-0.000000000000042
452,b,h001,0.000000000000076,-0.00000000000008
452,c,h001,0,-0.000000000000097
453,a,h001,-0.000000000000039,0.000000000000105
453,b,h001,0,0.000000000000051
453,c,h001,-0.000000000000037,0.000000000000037
454,a,h001,0.000000000000029,0.000000000000065
454,b,h001,-0.000000000000057,0.000000000000066
454,c,h001,-0.000000000000015,0
455,a,h001,-0.000000000000068,0.000000000000098
455,b,h001,-0.000000000000031,0.000000000000071
455,c,h001,0.000000000000045,0.000000000000117
456,a,h001,0.000000000000182,0.000000000001269
456,b,h001,-0.000000000000733,-0.000000000000217
456,c,h001,0.000000000000715,-0.000000000000596
457,a,h001,0.000000000006796,0.0000000000013
457,b,h001,-0.000000000001038,0.000000000001324
457,c,h001,-0.000000000001909,-0.000000000004529
458,a,h001,0.000000000000006,-0.000000000000001
458,b,h001,-0.00000000000001,-0.000000000000007
458,c,h001,-0.000073417550968,-0.000024133373794
459,a,h001,-0.000000000000014,-0.000000000000006
459,b,h001,0.000000000000087,0.000000000000037
459,c,h001,-0.000000000000015,0.000000000000097
460,a,h001,0.000000000000042,0.00000000000001
460,b,h001,-0.000000000000042,0.00000000000001
460,c,h001,0,-0.000000000000007
461,a,h001,0.00000000000002,-0.000000000000009
461,b,h001,0.000000000000007,0.000000000000006
461,c,h001,0,-0.000000000000007
462,a,h001,0.000000000000041,-0.000000000000035
462,b,h001,0.000000000000073,0.000000000000005
462,c,h001,0.000000000000104,-0.00000000000003
463,a,h001,-0.000000000000003,-0.000000000000046
463,b,h001,0.000000000000017,-0.000000000000121
463,c,h001,-0.00000000000006,-0.000000000000138
464,a,h001,0.000000000000975,-0.000000000002418
464,b,h001,0.000000000002502,-0.000000000001304
464,c,h001,0.000000000001669,-0.000000000000656
465,a,h001,-0.00000000000868,-0.000000000001587
465,b,h001,-0.000000000001468,-0.000000000002219
465,c,h001,-0.000000000003813,0.000000000005843
466,a,h001,0.000000000000014,0.000000000000042
466,b,h001,-0.000000000000066,-0.000000000000024
466,c,h001,0.000000000000048,0
467,a,h001,0.00000000000001,0.000000000000028
467,b,h001,-0.000000000000002,-0.00000000000001
467,c,h001,0.000000000000015,0.000000000000073
468,a,h001,0,0.000000000000001
468,b,h001,0,0
468,c,h001,0,-0.000000000000001
469,a,h001,-0.000000000000009,-0.000000000000012
469,b,h001,0.000000000000002,0.000000000000001
469,c,h001,0,0
470,a,h001,0.000000000000016,-0.000000000000267
470,b,h001,0.000000000000064,0.000000000000164
470,c,h001,0,0.000000000000019
471,a,h001,-0.000000000000042,-0.000000000000043
471,b,h001,-0.000000000000152,0.000000000000149
471,c,h001,-0.000000000000149,0.000000000000173
472,a,h001,-0.00000000000011,0.000000000002399
472,b,h001,-0.000000000001863,0.000000000001535
472,c,h001,-0.000000000000477,0
473,a,h001,0.000000000003608,0.000000000001491
473,b,h001,0.000000000001459,0.000000000000566
473,c,h001,0.000000000004291,-0.000000000002148
474,a,h001,-0.000000000000078,-0.000000000000013
474,b,h001,-0.000000000000208,0.000000000000007
474,c,h001,0,-0.000000000000004
475,a,h001,-0.000000000000043,-0.000000000000044
475,b,h001,0,0.000000000000013
475,c,h001,-0.000000000000031,-0.000000000000029
476,a,h001,0.000000000000017,-0.00000000000001
476,b,h001,-0.000000000000016,-0.000000000000018
476,c,h001,0.000000000000015,-0.000000000000054
477,a,h001,-0.000000000000069,0.000000000000475
477,b,h001,0.000000000000013,-0.00000000000011
477,c,h001,-0.00000000000006,0.000000000000205
478,a,h001,0.000000000000101,0.000000000000068
478,b,h001,0.000000000000234,-0.000000000000197
478,c,h001,-0.000000000000179,-0.000000000000097
479,a,h001,-0.00000000000146,-0.000000000000119
479,b,h001,0.000000000000283,-0.000000000001622
479,c,h001,0.000000000000239,0.000000000000536
480,a,h001,-0.000000000003854,0.000000000003323
480,b,h001,-0.000000000003052,-0.000000000000661
480,c,h001,-0.000000000001669,0.000000000000418
481,a,h001,0.00000000000015,-0.00000000000003
481,b,h001,0.000000000000278,0.000000000000034
481,c,h001,0.000000000000238,0.000000000000004
482,a,h001,0.000000000000011,0.000000000000034
482,b,h001,-0.000000000000001,-0.000000000000006
482,c,h001,0.000000000000052,-0.000000000000001
483,a,h001,0,-0.000000000000001
483,b,h001,-0.000000000000001,-0.000000000000002
483,c,h001,0,0
484,a,h001,-0.000000000000099,-0.000000000000018
484,b,h001,0.000000000000033,0.000000000000008
484,c,h001,-0.000000000000019,0.000000000000011
485,a,h001,0.000000000000194,-0.000000000000311
485,b,h001,0.00000000000014,-0.000000000000005
485,c,h001,0.000000000000447,-0.000000000000283
486,a,h001,-0.000000000000217,0.000000000000113
486,b,h001,-0.000000000000345,0.000000000000486
486,c,h001,0.000000000000358,0.000000000000208
487,a,h001,0.000000000000705,-0.000000000000029
487,b,h001,0.000000000000494,0.000000000000662
487,c,h001,-0.000000000000596,-0.000000000000715
488,a,h001,0.000000000001544,-0.000000000001372
488,b,h001,-0.00000000000042,0.000000000000788
488,c,h001,0,-0.000000000000775
489,a,h001,0.000000000000061,-0.000000000000069
489,b,h001,-0.000000000000021,0.000000000000012
489,c,h001,-0.00000000000006,-0.000000000000007
490,a,h001,-0.000000000000029,0.000000000000019
490,b,h001,-0.000000000000013,0.000000000000003
490,c,h001,-0.00000000000003,-0.000000000000035
491,a,h001,-0.000000000000003,-0.000000000000005
491,b,h001,0.000000000000001,0.000000000000006
491,c,h001,-0.000000000000019,-0.000000000000003
492,a,h001,0.000000000000283,0.000000000000126
492,b,h001,-0.000000000000029,-0.000000000000082
492,c,h001,0,-0.000000000000104
493,a,h001,-0.000000000000009,0.000000000000007
493,b,h001,-0.000000000000004,0.000000000000016
493,c,h001,0.000000000000019,-0.000000000000003
494,a,h001,0.000000000000087,0.00000000000008
494,b,h001,-0.00000000000001,-0.000000000000129
494,c,h001,0.000000000000149,0.000000000000091
495,a,h001,0.000000000000304,-0.000000000000828
495,b,h001,0.000000000000042,-0.000000000001401
495,c,h001,0,-0.000000000000149
496,a,h001,-0.000000000000473,-0.000000000000138
496,b,h001,-0.000000000000198,0.000000000000043
496,c,h001,-0.000000000000406,0.000000000000266
497,a,h001,-0.000000000001249,-0.000000000000379
497,b,h001,-0.00000000000201,-0.000000000001159
497,c,h001,-0.000000000000477,-0.000000000000119
498,a,h001,0.000000000000247,-0.00000000000015
498,b,h001,-0.000000000000017,0.000000000000025
498,c,h001,0.00000000000006,0
499,a,h001,0.000000000000068,0.000000000000141
499,b,h001,-0.000000000000076,0.00000000000005
499,c,h001,0.000000000000089,-0.000000000000041
500,a,h001,0.000000000000018,-0.000000000000008
500,b,h001,0.000000000000012,0.000000000000013
500,c,h001,0,0.00000000000002
501,a,h001,-0.000000000000308,-0.000000000000325
501,b,h001,-0.000000000000174,0.000000000000193
501,c,h001,-0.000000000000238,-0.000000000000015
502,a,h001,-0.000067580749102,-0.000022206901897
502,b,h001,0.000000000000003,-0.000000000000006
502,c,h001,-0.000000000000011,0.000000000000002
503,a,h001,0.000000000000066,0.00000000000009
503,b,h001,0.000000000000021,0.000000000000164
503,c,h001,-0.000000000000089,0.000000000000097
504,a,h001,0.000000000000253,0.000000000000444
504,b,h001,0.000000000000274,0.000000000001392
504,c,h001,0.000000000000477,-0.000000000000574
505,a,h001,-0.000000000000021,0.00000000000009
505,b,h001,0.000000000000007,0.000000000000055
505,c,h001,0,-0.000000000000022
506,a,h001,0.000000000001812,0.000000000000878
506,b,h001,0.000000000002908,0.000000000000852
506,c,h001,0.000000000001431,0.000000000000357
507,a,h001,-0.000000000000177,0.000000000000092
507,b,h001,-0.000000000000023,-0.000000000000014
507,c,h001,-0.00000000000003,0
508,a,h001,-0.000000000000103,-0.000000000000164
508,b,h001,0.000000000000176,-0.000000000000109
508,c,h001,0.000000000000075,0.000000000000075
509,a,h001,-0.00000000000002,0.000000000000003
509,b,h001,-0.000000000000012,-0.000000000000016
509,c,h001,0.00000000000003,0.000000000000011
510,a,h001,-0.000000000000312,0.000000000000424
510,b,h001,0.000000000000117,-0.000000000000294
510,c,h001,0.000000000000358,0.000000000000171
511,a,h001,-0.000000000000222,-0.000000000000063
511,b,h001,-0.000000000000156,0.000000000000162
511,c,h001,0,-0.000000000000127
512,a,h001,0.000000000000309,-0.000000000000458
512,b,h001,0.000000000000523,-0.000000000000948
512,c,h001,0,0.000000000000574
513,a,h001,0.000000000000004,-0.000000000000025
513,b,h001,-0.000000000000001,-0.000000000000012
513,c,h001,-0.000000000000007,-0.000000000000005
514,a,h001,0.00000000000018,-0.000000000000052
514,b,h001,0.000000000000169,0.000000000000012
514,c,h001,-0.00000000000006,-0.000000000000074
515,a,h001,-0.0000000000036,-0.000000000001358
515,b,h001,-0.000000000003995,0.000000000000856
515,c,h001,-0.000000000001908,-0.000000000001311
516,a,h001,-0.000000000000024,-0.000000000000008
516,b,h001,0.000000000000089,0.000000000000069
516,c,h001,-0.000000000000015,0.000000000000034
517,a,h001,0.000000000000009,-0.000000000000005
517,b,h001,-0.000000000000004,-0.000000000000006
517,c,h001,0,0
518,a,h001,-0.000000000000012,0.000000000000006
518,b,h001,0.000000000000006,0.000000000000001
518,c,h001,0.000000000000004,0.000000000000012
519,a,h001,0.000000000000718,0.000000000000011
519,b,h001,0.000000000000162,0.000000000000511
519,c,h001,0.000000000000119,0.000000000000276
520,a,h001,0.000000000000411,-0.000000000000027
520,b,h001,0.000000000000127,-0.000000000000243
520,c,h001,-0.000000000000119,0.000000000000063
521,a,h001,0.000000000000073,0.000000000000365
521,b,h001,-0.000000000000141,0.000000000000505
521,c,h001,0.000000000000328,0.000000000000017
522,a,h001,-0.000000000000001,0.00000000000001
522,b,h001,-0.000046012615718,-0.000015126396882
522,c,h001,0,0.000000000000006
523,a,h001,0.000000000000297,0.000000000000515
523,b,h001,0.000000000000143,0.000000000001181
523,c,h001,-0.000000000000954,0
524,a,h001,-0.000000000000571,0.00000000000294
524,b,h001,0.000000000000455,-0.000000000001386
524,c,h001,0.000000000000477,0.000000000000238
525,a,h001,0.000000000000073,-0.000000000000029
525,b,h001,-0.000000000000109,-0.000000000000046
525,c,h001,0.000000000000037,-0.000000000000123
526,a,h001,-0.000000000000004,-0.000000000000011
526,b,h001,-0.000000000000006,-0.000000000000004
526,c,h001,0,-0.000000000000004
527,a,h001,0.000000000000004,-0.000000000000002
527,b,h001,-0.000000000000012,0.000000000000009
527,c,h001,-0.000000000000011,-0.000000000000025
528,a,h001,-0.000000000001299,-0.000000000000293
528,b,h001,-0.000000000000109,-0.000000000000146
528,c,h001,-0.000000000000238,-0.00000000000038
529,a,h001,-0.000000000000287,0.000000000000221
529,b,h001,-0.000000000000084,0.000000000000098
529,c,h001,0.000000000000343,0.000000000000067
530,a,h001,-0.000000000000003,-0.000000000000026
530,b,h001,0.000000000000111,-0.000000000000051
530,c,h001,0.000000000000088,-0.000000000000085
531,a,h001,-0.000000000002113,-0.000000000000567
531,b,h001,0.000000000000867,-0.000000000001148
531,c,h001,0.000000000003339,0.000000000002383
532,a,h001,-0.000000000001304,0.000000000000478
532,b,h001,0.000000000000162,-0.000000000000044
532,c,h001,-0.000000000001908,-0.000000000000238
533,a,h001,-0.000000000000066,0.000000000000025
533,b,h001,0.000000000000105,-0.000000000000043
533,c,h001,0.000000000000089,0.000000000000209
534,a,h001,-0.000000000000005,-0.000000000000002
534,b,h001,-0.000000000000002,-0.000000000000001
534,c,h001,-0.000000000000007,0
535,a,h001,-0.000000000000057,-0.000000000000009
535,b,h001,-0.000000000000025,0.000000000000002
535,c,h001,0,0.000000000000038
536,a,h001,0.000000000000684,0.000000000000142
536,b,h001,-0.000000000000006,-0.000000000000192
536,c,h001,-0.000000000000179,-0.000000000000065
537,a,h001,0.000000000000089,-0.000000000000098
537,b,h001,-0.00000000000003,0.000000000000014
537,c,h001,-0.000000000000091,-0.00000000000007
538,a,h001,0.000000000000019,0.000000000000017
538,b,h001,-0.000000000000019,0.000000000000039
538,c,h001,-0.000000000000041,0.000000000000008
539,a,h001,-0.000000000000002,-0.000000000000001
539,b,h001,0,0
539,c,h001,-0.000210704179853,-0.000069257151524
540,a,h001,-0.000000000002906,-0.000000000001346
540,b,h001,-0.000000000001205,-0.000000000001244
540,c,h001,-0.000000000001431,-0.000000000001787
541,a,h001,-0.000000000000064,-0.000000000001063
541,b,h001,-0.000000000002777,-0.000000000000364
541,c,h001,-0.000000000002384,0.000000000000716
542,a,h001,0.000000000000017,-0.0000000000001
542,b,h001,-0.00000000000002,0.000000000000017
542,c,h001,-0.000000000000082,-0.000000000000144
543,a,h001,-0.000000000000006,-0.000000000000001
543,b,h001,0.000000000000017,0.00000000000001
543,c,h001,0,0
544,a,h001,0.00000000000007,-0.000000000000022
544,b,h001,-0.000000000000081,-0.000000000000007
544,c,h001,0.000000000000205,0.000000000000051
545,a,h001,-0.000000000000081,-0.000000000000047
545,b,h001,-0.00000000000001,-0.00000000000005
545,c,h001,0.000000000000149,0.000000000000173
546,a,h001,-0.000000000000148,-0.000000000000037
546,b,h001,-0.000000000000147,-0.000000000000099
546,c,h001,0.000000000000179,-0.000000000000123
547,a,h001,-0.000000000000011,-0.000000000000035
547,b,h001,-0.000000000000032,-0.000000000000017
547,c,h001,-0.000000000000007,0.000000000000007
548,a,h001,0.000000000004379,-0.000000000000328
548,b,h001,-0.000000000002642,0.000000000002321
548,c,h001,-0.000000000001908,-0.000000000001906
549,a,h001,-0.000000000001174,-0.00000000000001
549,b,h001,-0.000000000002374,-0.000000000000407
549,c,h001,-0.000000000001431,0.000000000000001
550,a,h001,0.000000000000026,-0.000000000000036
550,b,h001,0.000000000000005,0.000000000000054
550,c,h001,-0.000000000000112,-0.000000000000024
551,a,h001,-0.000000000000001,0.000000000000039
551,b,h001,0.000000000000003,0.000000000000012
551,c,h001,0.000000000000007,0.000000000000033
552,a,h001,-0.000000000000257,-0.000000000000373
552,b,h001,0.000000000000385,0.000000000000191
552,c,h001,0,-0.00000000000047
553,a,h001,0.000000000000006,0.000000000000012
553,b,h001,0.000000000000001,0.000000000000023
553,c,h001,0.000000000000007,0.00000000000003
554,a,h001,0.000000000000056,-0.000000000000011
554,b,h001,0.000000000000023,0.00000000000012
554,c,h001,-0.000000000000078,-0.000000000000042
555,a,h001,0.000000000000161,-0.000000000000172
555,b,h001,0.000000000000028,0.000000000000256
555,c,h001,-0.000000000000417,0.000000000000212
556,a,h001,0.000000000000003,0.00000000000001
556,b,h001,0.000000000000006,-0.000000000000007
556,c,h001,-0.000038066689771,-0.000012514232374
557,a,h001,-0.000000000001213,0.000000000001112
557,b,h001,0.00000000000216,0.000000000000421
557,c,h001,0.000000000001908,0.000000000001549
558,a,h001,0.00000000000067,-0.000000000000387
558,b,h001,0.000000000002028,0.000000000001306
558,c,h001,-0.000000000000238,0.000000000000656
559,a,h001,0.000000000000021,-0.00000000000005
559,b,h001,-0.00000000000009,0.000000000000007
559,c,h001,0.00000000000003,0.000000000000039
560,a,h001,-0.00000000000004,0.000000000000027
560,b,h001,0.000000000000002,-0.000000000000021
560,c,h001,0.000000000000045,0.00000000000002
561,a,h001,0.000000000000086,0.000000000000649
561,b,h001,-0.000000000000468,-0.000000000000387
561,c,h001,-0.000000000000179,0.000000000000447
562,a,h001,-0.001111184461067,-0.000365227113454
562,b,h001,0.000000000000005,-0.000000000000011
562,c,h001,-0.000000000000015,-0.00000000000002
563,a,h001,-0.000071635609601,-0.000023539689593
563,b,h001,-0.000000000000006,-0.000000000000016
563,c,h001,0.000000000000011,-0.000000000000002
564,a,h001,0.00000000000036,0.000000000000422
564,b,h001,0.000000000000175,-0.000000000000232
564,c,h001,0.000000000000298,-0.000000000000112
565,a,h001,0.000000000002204,-0.000000000002371
565,b,h001,0.000000000002888,-0.000000000001081
565,c,h001,0.000000000004768,-0.00000000000036
566,a,h001,-0.000000000000464,0.000000000000268
566,b,h001,-0.000000000001085,-0.000000000001037
566,c,h001,0.000000000000238,-0.000000000000417
567,a,h001,0.000000000000338,0.000000000000422
567,b,h001,-0.000000000001042,-0.000000000000188
567,c,h001,-0.000000000000238,-0.000000000000447
568,a,h001,0.000000000000009,0.000000000000004
568,b,h001,-0.000000000000028,-0.000000000000007
568,c,h001,-0.00000000000003,0
569,a,h001,0.000000000000127,0.000000000000002
569,b,h001,0.000000000000101,0.000000000000042
569,c,h001,0.00000000000003,0.000000000000047
570,a,h001,0.00000000000039,-0.000000000000656
570,b,h001,0.000000000000083,0.000000000000052
570,c,h001,0,-0.000000000000082
571,a,h001,-0.000000000000187,-0.000000000000213
571,b,h001,0.000000000000318,0.000000000000275
571,c,h001,0.000000000000119,0.000000000000313
572,a,h001,-0.000000000001468,0.000000000000298
572,b,h001,-0.000000000001582,0.000000000000736
572,c,h001,-0.000000000003218,0.000000000000419
573,a,h001,0.000000000000081,-0.000000000000938
573,b,h001,0.000000000001183,0.000000000000441
573,c,h001,-0.000000000000239,0.000000000000306
574,a,h001,0.000000000000002,-0.00000000000007
574,b,h001,0.000000000000039,0.000000000000022
574,c,h001,0,-0.00000000000003
575,a,h001,-0.000000000000113,0.00000000000003
575,b,h001,0.000000000000039,-0.000000000000008
575,c,h001,0.000000000000089,0.000000000000022
576,a,h001,-0.000000000000419,0.000000000000439
576,b,h001,-0.000000000000411,0.000000000000233
576,c,h001,0.000000000000596,-0.000000000000246
577,a,h001,-0.000000000000253,0.000000000000097
577,b,h001,-0.000000000000327,-0.000000000000418
577,c,h001,-0.000000000000537,-0.000000000000563
578,a,h001,-0.000000000000021,0.000000000000424
578,b,h001,-0.000000000000121,0.000000000000462
578,c,h001,-0.000000000000179,-0.000000000000022
579,a,h001,0.000000000000031,0.000000000000006
579,b,h001,-0.000000000000013,-0.000000000000018
579,c,h001,0.000000000000037,-0.000000000000039
580,a,h001,0,-0.000000000000002
580,b,h001,0.000000000000002,0.000000000000003
580,c,h001,0,0
581,a,h001,-0.000000000001165,0.000000000001221
581,b,h001,-0.000000000000439,-0.000000000001145
581,c,h001,0.000000000001431,-0.00000000000003
582,a,h001,-0.000000000000098,0.000000000000023
582,b,h001,-0.000000000000072,-0.000000000000089
582,c,h001,0.000000000000179,-0.000000000000054
583,a,h001,-0.000000000000042,-0.000000000000651
583,b,h001,0.000000000000854,-0.000000000000122
583,c,h001,-0.000000000000596,0.000000000000604
584,a,h001,0.000000000000273,-0.000000000000185
584,b,h001,0.000000000000229,0.000000000000166
584,c,h001,0.000000000000596,0.000000000000302
585,a,h001,0.000000000000094,-0.000000000000125
585,b,h001,-0.000000000000144,-0.000000000000016
585,c,h001,-0.000000000000149,0.000000000000075
586,a,h001,0.000000000000046,-0.000000000000239
586,b,h001,0.000000000000168,-0.000000000000279
586,c,h001,0.000000000000127,0.000000000000011
587,a,h001,-0.000000000000192,0.000000000000094
587,b,h001,-0.000000000000053,-0.000000000000116
587,c,h001,0,0.000000000000142
588,a,h001,0.000000000000006,-0.000000000000001
588,b,h001,-0.000000000000003,0.000000000000001
588,c,h001,-0.000000000000007,0.000000000000002
589,a,h001,0.00000000000135,-0.000000000001465
589,b,h001,0.00000000000132,0.000000000001583
589,c,h001,0.000000000000238,0.000000000000358
590,a,h001,0.000000000000129,-0.000000000000034
590,b,h001,0.00000000000009,0.000000000000063
590,c,h001,-0.00000000000016,-0.000000000000025
591,a,h001,0.000000000000168,0.000000000000515
591,b,h001,-0.000000000000186,0.000000000000092
591,c,h001,0.000000000000537,-0.000000000000478
592,a,h001,-0.000000000000072,0.000000000000258
592,b,h001,-0.000000000000202,0.000000000000155
592,c,h001,-0.000000000000656,0.000000000000052
593,a,h001,-0.000000000000087,0.000000000000424
593,b,h001,0.000000000000041,0.000000000000206
593,c,h001,0.000000000000059,-0.000000000000231
594,a,h001,0.000000000000024,0.000000000000003
594,b,h001,-0.000000000000081,0.000000000000054
594,c,h001,-0.000000000000089,-0.000000000000032
595,a,h001,0.000000000000021,-0.000000000000029
595,b,h001,-0.000000000000036,-0.000000000000009
595,c,h001,0,-0.000000000000048
596,a,h001,0.000000000000169,-0.000000000000098
596,b,h001,0.000000000000104,0.000000000000083
596,c,h001,-0.000000000000006,-0.000000000000076
597,a,h001,-0.000000000000976,0.000000000000151
597,b,h001,-0.000000000000782,-0.000000000000519
597,c,h001,-0.000000000001192,-0.000000000000894
598,a,h001,0.000000000000003,-0.000000000000031
598,b,h001,0.000000000000023,0.000000000000024
598,c,h001,0.000000000000045,-0.000000000000011
599,a,h001,-0.000000000000093,-0.000000000000025
599,b,h001,-0.000000000000095,-0.000000000000007
599,c,h001,0.000000000000013,0.000000000000057
600,a,h001,-0.000000000000025,-0.000000000000337
600,b,h001,0.00000000000011,0.000000000000052
600,c,h001,0.000000000000477,-0.000000000000086
601,a,h001,0.000000000000161,-0.000000000000702
601,b,h001,-0.00000000000011,-0.000000000000275
601,c,h001,0.000000000000119,-0.000000000000045
602,a,h001,0.000000000000004,0.00000000000001
602,b,h001,0.000000000000005,0.000000000000007
602,c,h001,0,0.000000000000002
603,a,h001,-0.000000000000022,0.000000000000002
603,b,h001,0.000000000000024,-0.000000000000074
603,c,h001,0.000000000000037,0.000000000000026
604,a,h001,0.00000000000004,-0.000000000000049
604,b,h001,0.000000000000006,0.000000000000042
604,c,h001,-0.000000000000045,-0.000000000000009
605,a,h001,0.000000000000009,-0.000000000000004
605,b,h001,0.000000000000019,0.000000000000014
605,c,h001,0,0.000000000000007
606,a,h001,0,0
606,b,h001,0,-0.000000000000003
606,c,h001,0,-0.000000000000001
607,a,h001,0.000000000000017,-0.000000000000007
607,b,h001,0.000000000000008,0.000000000000011
607,c,h001,0,0.000000000000022
608,a,h001,-0.000000000000001,0
608,b,h001,0,0
608,c,h001,0,0
609,a,h001,0.000000000001081,0.000000000001846
609,b,h001,0.000000000000818,-0.000000000000765
609,c,h001,0.000000000004054,0.000000000002564
610,a,h001,-0.000000000000035,0.000000000000089
610,b,h001,0.000000000000017,-0.000000000000024
610,c,h001,-0.00000000000006,-0.000000000000034
611,a,h001,-0.000245774550209,-0.000080777051334
611,b,h001,0.000000000000008,0.000000000000003
611,c,h001,-0.000000000000006,0.000000000000004
612,a,h001,-0.00000000000019,0.000000000000247
612,b,h001,0.000000000000121,-0.000000000000191
612,c,h001,0,0.000000000000117
613,a,h001,0.000000000000301,0.000000000000565
613,b,h001,0.000000000000236,0.000000000000342
613,c,h001,0.000000000000239,0.000000000000574
614,a,h001,-0.000000000000007,-0.000000000000008
614,b,h001,-0.000000000000005,-0.000000000000008
614,c,h001,-0.000076125928254,-0.000025023840166
615,a,h001,0.000000000000016,-0.000000000000069
615,b,h001,-0.000000000000098,0.000000000000021
615,c,h001,0.00000000000003,-0.000000000000112
616,a,h001,-0.000000000000013,0.000000000000007
616,b,h001,0.000000000000007,-0.000000000000005
616,c,h001,0.000000000000002,0
617,a,h001,-0.000000000000035,0.000000000000012
617,b,h001,-0.000000000000008,-0.000000000000009
617,c,h001,0,0.000000000000009
618,a,h001,-0.000000000000035,0.000000000000012
618,b,h001,-0.000000000000008,-0.000000000000009
618,c,h001,0,0.000000000000009
619,a,h001,-0.000000000000016,0.000000000000008
619,b,h001,-0.000000000000005,-0.000000000000009
619,c,h001,-0.000339979054199,-0.000111747785022
620,a,h001,0.000000000000402,-0.000000000003318
620,b,h001,-0.000000000000104,0.000000000001313
620,c,h001,-0.000000000001669,-0.00000000000161
621,a,h001,0.000000000000054,-0.000000000000097
621,b,h001,-0.00000000000005,-0.000000000000017
621,c,h001,0.00000000000003,0.000000000000048
622,a,h001,0.000000000000042,-0.000000000000075
622,b,h001,-0.00000000000005,0.000000000000031
622,c,h001,-0.000000000000082,-0.000000000000069
623,a,h001,-0.000000000000663,0.000000000000164
623,b,h001,-0.00000000000101,-0.000000000000288
623,c,h001,0,-0.000000000000373
624,a,h001,0.000000000000058,0.000000000000022
624,b,h001,0.000000000000126,0.000000000000038
624,c,h001,-0.00000000000003,0.000000000000054
625,a,h001,0.000000000000025,-0.000000000000255
625,b,h001,0.000000000000788,-0.000000000000266
625,c,h001,0.000000000000119,0.000000000000149
626,a,h001,0.000000000000003,-0.000000000000002
626,b,h001,0.000000000000006,0.000000000000004
626,c,h001,0.000000000000007,0
627,a,h001,0.000000000000568,0.000000000001044
627,b,h001,-0.000000000001396,-0.000000000003
627,c,h001,-0.000000000000238,-0.000000000001789
628,a,h001,-0.000000000000046,0
628,b,h001,-0.000000000000003,0.000000000000088
628,c,h001,0,-0.00000000000002
629,a,h001,-0.000237964469647,-0.000078210155165
629,b,h001,0.000000000000001,-0.000000000000005
629,c,h001,0.000000000000019,0.000000000000006
630,a,h001,0.000000000000091,-0.000000000000178
630,b,h001,0.000000000000503,0.000000000000012
630,c,h001,0.000000000000149,-0.000000000000143
631,a,h001,-0.000000000000169,-0.00000000000007
631,b,h001,-0.000000000000181,-0.000000000000102
631,c,h001,-0.000000000000179,-0.000000000000086
632,a,h001,0.000000000000383,-0.000000000000289
632,b,h001,-0.000000000001218,0.00000000000122
632,c,h001,-0.000000000001192,0.000000000000537
633,a,h001,0.000000000000007,0
633,b,h001,-0.000000000000006,-0.000000000000012
633,c,h001,0.000000000000006,0
634,a,h001,0.00000000000113,0.000000000001543
634,b,h001,0.000000000001221,0.00000000000235
634,c,h001,0.000000000001192,0.000000000002027
635,a,h001,0.000000000000017,0.000000000000036
635,b,h001,-0.00000000000001,-0.000000000000025
635,c,h001,-0.000000000000015,0.000000000000007
636,a,h001,0.000000000000048,-0.000000000000073
636,b,h001,0.000000000000116,-0.000000000000021
636,c,h001,0,0.000000000000283
637,a,h001,-0.000000000000017,0.000000000000205
637,b,h001,-0.000000000000132,0.000000000000046
637,c,h001,0.000000000000179,0.000000000000169
638,a,h001,0.000000000000955,0.000000000000823
638,b,h001,0.000000000001788,-0.00000000000096
638,c,h001,0.000000000001907,-0.000000000000716
639,a,h001,0,0
639,b,h001,-0.000058227324118,-0.000019141330129
639,c,h001,0,0
640,a,h001,-0.000000000000198,0.000000000000251
640,b,h001,0.000000000000676,-0.00000000000016
640,c,h001,0.000000000001192,-0.00000000000006
641,a,h001,-0.000000000000018,-0.000000000000063
641,b,h001,0.000000000000004,-0.000000000000057
641,c,h001,0.000000000000179,0.000000000000151
642,a,h001,0.00000000000034,-0.000000000000093
642,b,h001,0.000000000000094,0.000000000000015
642,c,h001,0.000000000000447,-0.000000000000214
643,a,h001,-0.000000000000082,-0.000000000000139
643,b,h001,0.000000000000119,-0.000000000000011
643,c,h001,-0.000000000000179,-0.000000000000187
644,a,h001,-0.000000000001683,-0.00000000000006
644,b,h001,-0.000000000000065,-0.00000000000093
644,c,h001,-0.000000000000476,0.000000000001252
645,a,h001,-0.000000000000975,-0.000000000000055
645,b,h001,-0.000000000002188,-0.000000000000642
645,c,h001,-0.000000000001669,-0.000000000000954
646,a,h001,0.000000000000141,0.000000000000303
646,b,h001,0.000000000000122,-0.000000000000023
646,c,h001,-0.000000000000715,-0.000000000000157
647,a,h001,-0.000000000000124,0.000000000000041
647,b,h001,-0.000000000000049,0.000000000000199
647,c,h001,-0.000000000000358,-0.000000000000089
648,a,h001,-0.000000000000008,0.000000000000103
648,b,h001,-0.000000000000055,-0.000000000000075
648,c,h001,-0.000000000000015,0.000000000000138
649,a,h001,0.000000000001095,-0.000000000000632
649,b,h001,-0.000000000001857,0.000000000000989
649,c,h001,-0.000000000001193,-0.000000000001728
650,a,h001,0.000000000000734,-0.000000000000423
650,b,h001,0.000000000001144,-0.000000000000303
650,c,h001,0.000000000000835,-0.000000000000775
651,a,h001,0.000000000000085,-0.000000000000727
651,b,h001,-0.000000000000442,0.000000000000263
651,c,h001,0.000000000000805,-0.000000000000237
652,a,h001,0.000000000000059,-0.000000000000056
652,b,h001,0.000000000000269,-0.000000000000008
652,c,h001,0.000000000000179,0.000000000000156
653,a,h001,-0.000000000000029,-0.000000000000013
653,b,h001,0.000000000000048,0.000000000000034
653,c,h001,-0.00000000000003,-0.000000000000058
654,a,h001,0.000000000000267,-0.000000000000222
654,b,h001,0.000000000001454,-0.00000000000026
654,c,h001,0.000000000000239,0.000000000001103
655,a,h001,-0.000000000000313,0.000000000000609
655,b,h001,-0.000000000001059,0.000000000000283
655,c,h001,0.000000000000179,0.000000000000492
656,a,h001,0.00000000000008,0.000000000000925
656,b,h001,0.000000000000794,0.000000000000189
656,c,h001,0.000000000000715,0.000000000000194
657,a,h001,-0.000000000000098,0.000000000000058
657,b,h001,0.000000000000013,-0.000000000000008
657,c,h001,-0.000000000000149,0.000000000000102
658,a,h001,-0.000000000000086,0.000000000000049
658,b,h001,-0.000000000000221,-0.000000000000126
658,c,h001,0,0.000000000000019
659,a,h001,-0.000000000000009,0.000000000000016
659,b,h001,0.000000000000023,0.000000000000034
659,c,h001,0.000000000000015,-0.000000000000024
660,a,h001,0.000000000000476,-0.000000000000068
660,b,h001,-0.000000000000253,0.000000000000231
660,c,h001,0.000000000000238,-0.000000000000298
661,a,h001,0.000000000000332,-0.000000000000123
661,b,h001,0.000000000000217,0.000000000000056
661,c,h001,0.000000000000179,0.000000000000358
662,a,h001,-0.000000000000565,-0.00000000000039
662,b,h001,-0.000000000000739,-0.000000000000408
662,c,h001,-0.000000000000715,0
663,a,h001,0.000000000000078,-0.000000000000028
663,b,h001,0.000000000000026,-0.000000000000014
663,c,h001,0.000000000000123,-0.000000000000055
664,a,h001,-0.000000000000068,-0.000000000000155
664,b,h001,0.000000000000165,-0.000000000000141
664,c,h001,-0.000000000000089,0.000000000000048
665,a,h001,0.000000000000071,-0.00000000000003
665,b,h001,0.00000000000021,0.00000000000002
665,c,h001,0.000000000000119,0.000000000000028
666,a,h001,-0.000000000000371,0.000000000000644
666,b,h001,-0.000000000000157,-0.000000000000605
666,c,h001,0.000000000000507,0.000000000000141
667,a,h001,-0.000000000000039,-0.00000000000032
667,b,h001,-0.000000000000155,-0.000000000000879
667,c,h001,-0.000000000000358,-0.00000000000073
668,a,h001,-0.000000000000287,0.000000000000058
668,b,h001,-0.00000000000033,-0.000000000000143
668,c,h001,-0.00000000000006,0.00000000000008
669,a,h001,0.000000000000071,-0.000000000000009
669,b,h001,-0.00000000000003,-0.000000000000027
669,c,h001,-0.000000000000089,0.000000000000055
670,a,h001,0.000000000000169,0.000000000000124
670,b,h001,-0.000000000000267,0.00000000000033
670,c,h001,-0.000000000000417,-0.00000000000003
671,a,h001,-0.000000000000003,-0.000000000000016
671,b,h001,-0.000000000000052,-0.000000000000051
671,c,h001,-0.000000000000089,-0.000000000000037
672,a,h001,0.000000000000171,-0.000000000000259
672,b,h001,0.000000000000101,0.000000000000193
672,c,h001,0.00000000000006,0.000000000000101
673,a,h001,0.000000000000147,-0.000000000000312
673,b,h001,-0.000000000000036,0.000000000000213
673,c,h001,-0.000000000000283,-0.000000000000154
674,a,h001,-0.000000000000139,0.000000000000286
674,b,h001,-0.000000000000258,0.00000000000059
674,c,h001,-0.000000000000239,0.000000000000581
675,a,h001,0.000000000000086,0.000000000000011
675,b,h001,0.000000000000039,0.000000000000066
675,c,h001,-0.000000000000034,-0.000000000000038
676,a,h001,-0.000000000000038,0.000000000000007
676,b,h001,-0.000074475884683,-0.00002448193998
676,c,h001,0.000000000000052,-0.00000000000004
677,a,h001,-0.000000000000199,-0.000000000000338
677,b,h001,-0.000000000000176,-0.000000000000331
677,c,h001,0.000000000000656,-0.000000000000067
678,a,h001,0.000000000000064,0.000000000000045
678,b,h001,0.000000000000056,0.000000000000007
678,c,h001,0.000000000000011,0.000000000000036
679,a,h001,-0.000000000000264,0.000000000000243
679,b,h001,-0.000000000000206,-0.000000000000051
679,c,h001,-0.000000000000149,-0.000000000000041
680,a,h001,-0.000000000000032,0.000000000000014
680,b,h001,-0.000000000000046,-0.000000000000026
680,c,h001,0.000000000000015,-0.000000000000024
681,a,h001,0.000000000000008,-0.000000000000039
681,b,h001,-0.000000000000069,-0.000000000000022
681,c,h001,0,0.000000000000015
682,a,h001,-0.000000000000004,-0.000000000000003
682,b,h001,-0.000060933849561,-0.000020030916824
682,c,h001,0.000000000000002,0.000000000000008
683,a,h001,-0.000000000000322,0.000000000000636
683,b,h001,-0.00000000000038,-0.000000000000112
683,c,h001,-0.000000000000536,-0.000000000000015
684,a,h001,-0.00000000000002,-0.000000000000004
684,b,h001,-0.000000000000006,-0.000000000000009
684,c,h001,0.000000000000006,-0.000000000000013
685,a,h001,0.000000000000351,-0.00000000000024
685,b,h001,0.000000000000195,0.000000000000132
685,c,h001,0,-0.000000000000015
686,a,h001,0.000000000000005,0.000000000000034
686,b,h001,0.000000000000039,0.000000000000061
686,c,h001,-0.000000000000026,0.000000000000053
687,a,h001,-0.0000000000004,-0.000000000000444
687,b,h001,0.000000000000118,0.000000000000172
687,c,h001,-0.000000000000119,-0.000000000000048
688,a,h001,0.000000000000001,0
688,b,h001,-0.000308436640236,-0.000101380578537
688,c,h001,-0.000000000000002,0.000000000000001
689,a,h001,-0.000000000000218,0.000000000000287
689,b,h001,0.000000000000156,-0.000000000000164
689,c,h001,0,0.000000000000149
690,a,h001,-0.000000000000091,-0.000000000000043
690,b,h001,0.000000000000031,-0.000000000000023
690,c,h001,0.000000000000037,0.000000000000001
691,a,h001,-0.000000000000098,0.000000000000039
691,b,h001,-0.000000000000088,-0.000000000000012
691,c,h001,-0.000000000000045,0.000000000000093
692,a,h001,0.000000000000192,0.000000000000381
692,b,h001,0.000000000000048,0.000000000000095
692,c,h001,-0.000000000000209,0.000000000000104
693,a,h001,0.000000000000113,-0.000000000000105
693,b,h001,-0.000000000000131,0.000000000000124
693,c,h001,-0.000000000000179,-0.00000000000027
694,a,h001,0.000000000000132,0.000000000000226
694,b,h001,-0.000000000000078,0.000000000000199
694,c,h001,-0.000000000000238,-0.000000000000041
695,a,h001,0.000000000000019,0.000000000000026
695,b,h001,-0.00000000000001,0.000000000000012
695,c,h001,-0.000000000000026,0.000000000000007
696,a,h001,0.000000000000001,0.000000000000007
696,b,h001,-0.000000000000001,0.000000000000007
696,c,h001,0,-0.000000000000003
697,a,h001,0.000000000000074,-0.000000000000094
697,b,h001,0.0000000000001,-0.000000000000039
697,c,h001,-0.00000000000003,-0.000000000000091
698,a,h001,0.000000000000023,-0.000000000000196
698,b,h001,0.000000000000038,-0.00000000000018
698,c,h001,0.000000000000149,-0.000000000000037
699,a,h001,0.000000000000114,0.000000000000099
699,b,h001,0.000000000000129,-0.000000000000099
699,c,h001,0.000000000000388,0.000000000000223
700,a,h001,-0.000000000000022,-0.00000000000025
700,b,h001,-0.000000000000175,-0.000000000000433
700,c,h001,0.000000000000179,-0.000000000000097
701,a,h001,-0.000000000000002,-0.000000000000012
701,b,h001,-0.000000000000003,-0.000000000000005
701,c,h001,-0.000065246414092,-0.000021448056989
702,a,h001,-0.000000000000002,-0.000000000000003
702,b,h001,-0.000058147218494,-0.000019115023561
702,c,h001,0.000000000000006,0.000000000000001
703,a,h001,0.000000000000814,0.000000000000012
703,b,h001,-0.000000000001204,-0.000000000000351
703,c,h001,0.000000000000714,-0.000000000001312
704,a,h001,-0.000000000000021,-0.000000000000036
704,b,h001,0.000000000000035,0.000000000000134
704,c,h001,-0.000000000000089,0.000000000000003
705,a,h001,-0.000000000000112,-0.00000000000004
705,b,h001,0.000000000000011,0.000000000000064
705,c,h001,-0.000000000000093,-0.00000000000011
706,a,h001,0.00000000000004,0.000000000000451
706,b,h001,-0.000000000000515,0.000000000000668
706,c,h001,-0.000000000000596,0.000000000000045
707,a,h001,-0.000000000000027,0
707,b,h001,-0.000000000000006,-0.000000000000014
707,c,h001,-0.000000000000004,0.000000000000007
708,a,h001,-0.000000000000571,0.000000000000261
708,b,h001,0.000000000001249,0.00000000000072
708,c,h001,0.000000000000001,0.000000000001758
709,a,h001,-0.000000000000105,-0.000000000000073
709,b,h001,0.000000000000119,-0.000000000000511
709,c,h001,0.000000000000238,-0.00000000000009
710,a,h001,0.000000000000017,-0.000000000000019
710,b,h001,0.000000000000001,0.000000000000006
710,c,h001,0.000000000000011,0.00000000000002
711,a,h001,0.000000000000735,-0.000000000000087
711,b,h001,0.000000000000548,-0.000000000000885
711,c,h001,-0.000000000000357,0.000000000000231
712,a,h001,0.000000000000031,-0.000000000000022
712,b,h001,0.000000000000007,0.000000000000006
712,c,h001,0.000000000000002,0
713,a,h001,0.000000000000061,0.000000000000021
713,b,h001,-0.00000000000006,0.000000000000098
713,c,h001,-0.00000000000003,0.000000000000004
714,a,h001,-0.000000000000303,-0.000000000001062
714,b,h001,0.000000000001066,-0.000000000000003
714,c,h001,-0.000000000000239,-0.000000000000298
715,a,h001,0.000000000000046,0.000000000000184
715,b,h001,-0.000000000000663,0.000000000000963
715,c,h001,-0.000000000000477,0.000000000000254
716,a,h001,-0.000000000000005,0.000000000000029
716,b,h001,0.000000000000031,-0.000000000000035
716,c,h001,0.000000000000022,-0.000000000000017
717,a,h001,-0.000000000000817,-0.000000000000381
717,b,h001,-0.000000000000422,0.00000000000102
717,c,h001,0.000000000000596,0.000000000000216
718,a,h001,-0.000000000000018,0.000000000000068
718,b,h001,-0.000000000000015,-0.000000000000029
718,c,h001,0.000000000000042,0.000000000000027
719,a,h001,-0.000000000000394,-0.000000000000163
719,b,h001,0.000000000000184,-0.000000000000252
719,c,h001,-0.000000000000357,0.000000000000216
720,a,h001,0.000000000000582,0.000000000001038
720,b,h001,-0.000000000000059,0.000000000000103
720,c,h001,-0.000000000000239,-0.000000000001043
721,a,h001,-0.000000000000532,0.000000000000395
721,b,h001,0.000000000000658,0.000000000000135
721,c,h001,0.000000000000238,-0.00000000000073
722,a,h001,0.000000000000008,-0.000000000000038
722,b,h001,-0.000000000000054,0.000000000000025
722,c,h001,0,-0.000000000000006
723,a,h001,0.000000000001025,0.000000000000141
723,b,h001,0.000000000000167,-0.000000000000839
723,c,h001,0.000000000000477,-0.000000000000507
724,a,h001,-0.000000000000013,-0.000000000000042
724,b,h001,0.000000000000023,0.000000000000039
724,c,h001,-0.000000000000056,0.000000000000007
725,a,h001,-0.000000000000019,-0.000000000000056
725,b,h001,-0.000000000000046,0.000000000000037
725,c,h001,-0.000000000000022,-0.000000000000046
726,a,h001,0.000000000000278,0.000000000000179
726,b,h001,-0.000000000000192,0.000000000000362
726,c,h001,0.000000000000119,-0.000000000000332
727,a,h001,-0.000000000001755,-0.000000000001048
727,b,h001,0.000000000001002,0.000000000000852
727,c,h001,-0.000000000001906,0.000000000001581
728,a,h001,0.000000000000767,-0.000000000000417
728,b,h001,-0.000000000000092,-0.00000000000086
728,c,h001,-0.000000000000119,0.00000000000076
729,a,h001,-0.000000000000031,-0.000000000000022
729,b,h001,-0.000000000000034,-0.00000000000001
729,c,h001,0.00000000000006,-0.000000000000022
730,a,h001,-0.000000000000506,0.000000000000627
730,b,h001,0.000000000001223,0.000000000000073
730,c,h001,-0.000000000000834,-0.000000000000014
731,a,h001,0.000000000000006,-0.000000000000008
731,b,h001,-0.000000000000018,-0.000000000000034
731,c,h001,0.000000000000041,-0.000000000000039
732,a,h001,-0.000000000000041,0.000000000000033
732,b,h001,0.000000000000038,-0.000000000000017
732,c,h001,-0.000000000000089,0.000000000000048
733,a,h001,-0.000000000000613,-0.000000000000045
733,b,h001,-0.000000000000011,-0.000000000000212
733,c,h001,0.000000000000596,0.000000000000059
734,a,h001,0.000000000000609,-0.000000000000076
734,b,h001,-0.000000000000553,-0.000000000001005
734,c,h001,0.000000000000476,-0.000000000001669
735,a,h001,-0.0000000000007,-0.000000000000139
735,b,h001,0.000000000000478,-0.000000000000261
735,c,h001,-0.000000000000239,-0.000000000000313
736,a,h001,-0.000000000000088,0.000000000000048
736,b,h001,0.00000000000013,-0.000000000000087
736,c,h001,-0.00000000000003,0.000000000000142
737,a,h001,0.000000000001039,-0.000000000000473
737,b,h001,-0.000000000001413,-0.00000000000022
737,c,h001,0.000000000000477,0.000000000000857
738,a,h001,-0.000000000000023,0.000000000000024
738,b,h001,0,-0.000000000000004
738,c,h001,0,0.000000000000011
739,a,h001,-0.000000000000196,0.000000000000501
739,b,h001,0.000000000000285,-0.000000000000302
739,c,h001,0.000000000000358,0.000000000000328
740,a,h001,0.000000000000849,-0.000000000000039
740,b,h001,0.000000000000486,0.000000000000093
740,c,h001,-0.000000000000179,-0.000000000000026
741,a,h001,-0.000000000000149,0.000000000000635
741,b,h001,-0.000000000000176,0.000000000000276
741,c,h001,-0.000000000000357,0.000000000000924
742,a,h001,0.000000000001055,-0.000000000000106
742,b,h001,-0.000000000000795,0.000000000001391
742,c,h001,-0.000000000000238,0.000000000000984
743,a,h001,0.000000000000024,-0.000000000000019
743,b,h001,-0.000000000000188,0.00000000000019
743,c,h001,-0.000000000000209,-0.000000000000158
744,a,h001,-0.000000000001349,0.000000000000164
744,b,h001,0.000000000000709,0.000000000000364
744,c,h001,-0.000000000000954,-0.00000000000064
745,a,h001,0.000000000000063,0.000000000000002
745,b,h001,0.000000000000025,0.00000000000008
745,c,h001,-0.000000000000019,0.000000000000083
746,a,h001,-0.000000000000027,-0.000000000000025
746,b,h001,0.00000000000001,0.000000000000016
746,c,h001,0.000000000000007,0
747,a,h001,0.000000000000294,-0.000000000000534
747,b,h001,-0.000000000000565,0.000000000000079
747,c,h001,-0.000000000000477,-0.000000000000842
748,a,h001,-0.00000000000005,0.000000000000087
748,b,h001,-0.000000000000652,0.000000000000013
748,c,h001,0.000000000000298,0.000000000000138
749,a,h001,0.000000000000429,-0.000000000000179
749,b,h001,-0.000000000000504,0.00000000000019
749,c,h001,-0.000000000000001,-0.000000000000983
750,a,h001,-0.000000000000992,0.000000000000014
750,b,h001,0.000000000000291,-0.000000000000686
750,c,h001,-0.000000000000001,-0.000000000001423
751,a,h001,-0.000000000000099,0.000000000000066
751,b,h001,-0.00000000000003,-0.000000000000148
751,c,h001,0.000000000000179,0.000000000000119
752,a,h001,0.000000000000687,-0.000000000000366
752,b,h001,0.000000000000207,0.000000000000073
752,c,h001,0.000000000000596,-0.00000000000022
753,a,h001,-0.000000000000033,-0.000000000000049
753,b,h001,0.000000000000018,-0.00000000000011
753,c,h001,0.000000000000067,-0.000000000000119
754,a,h001,-0.000000000000004,-0.000000000000005
754,b,h001,0.000000000000002,-0.00000000000001
754,c,h001,0.000000000000004,-0.000000000000017
755,a,h001,0.000000000000022,0.000000000000009
755,b,h001,-0.000264753117034,-0.000087022774609
755,c,h001,0,-0.000000000000001
756,a,h001,-0.000000000000372,0.000000000000386
756,b,h001,0.000000000000309,0.000000000000013
756,c,h001,0.000000000001074,0.000000000001102
757,a,h001,-0.000000000000018,0.000000000000043
757,b,h001,-0.000000000000011,-0.000000000000172
757,c,h001,-0.000000000000119,0.000000000000089
758,a,h001,-0.000000000000557,-0.000000000000297
758,b,h001,0.000000000000889,-0.000000000000174
758,c,h001,0.000000000000358,0.000000000000953
759,a,h001,0.000000000000336,0.000000000000385
759,b,h001,-0.000000000000101,0.00000000000012
759,c,h001,0.000000000000596,0.000000000000685
760,a,h001,0.000000000000046,-0.000000000000019
760,b,h001,0.000000000000191,-0.000000000000043
760,c,h001,0.00000000000003,-0.000000000000184
761,a,h001,0.000000000000016,0.000000000000133
761,b,h001,0.000000000000086,-0.000000000000084
761,c,h001,0.00000000000009,0.000000000000306
762,a,h001,-0.000000000000017,0.000000000000032
762,b,h001,0.000000000000016,0.000000000000082
762,c,h001,-0.00000000000003,0.000000000000061
763,a,h001,-0.000000000000606,0.000000000000147
763,b,h001,-0.000000000000071,0.000000000000101
763,c,h001,-0.000000000000298,0.000000000000119
764,a,h001,0.000000000000128,-0.000000000001082
764,b,h001,0.00000000000028,0.000000000000265
764,c,h001,-0.000000000001192,-0.000000000000431
765,a,h001,0.000000000000082,-0.000000000000195
765,b,h001,0.000000000000185,0.000000000000223
765,c,h001,0.000000000000179,0.000000000000004
766,a,h001,-0.000000000000836,0.000000000001856
766,b,h001,-0.000000000000064,-0.000000000000037
766,c,h001,0.000000000000477,0.000000000000179
767,a,h001,-0.000000000000364,-0.000000000000183
767,b,h001,-0.000000000000137,-0.000000000000169
767,c,h001,-0.000000000000373,0
768,a,h001,0.000000000000038,-0.00000000000001
768,b,h001,-0.000000000000128,0.000000000000032
768,c,h001,0.00000000000006,0.000000000000145
769,a,h001,0.000000000000012,0.000000000000014
769,b,h001,-0.000000000000027,0.000000000000026
769,c,h001,-0.000000000000009,-0.000000000000044
770,a,h001,-0.000000000000008,-0.000000000000026
770,b,h001,-0.000000000000004,-0.000000000000043
770,c,h001,0.000000000000034,-0.000000000000029
771,a,h001,-0.000000000000003,0
771,b,h001,0.000000000000007,-0.000000000000007
771,c,h001,0.000000000000007,-0.000000000000018
772,a,h001,0.000000000001037,-0.000000000000058
772,b,h001,0.000000000000179,-0.000000000000309
772,c,h001,0.000000000000238,-0.000000000000097
773,a,h001,-0.000000000000055,0.000000000000744
773,b,h001,-0.000000000000177,0.000000000000247
773,c,h001,0.000000000000655,-0.000000000000179
774,a,h001,0.000000000000129,0.000000000000232
774,b,h001,-0.000000000000248,0.000000000000014
774,c,h001,-0.000000000000209,-0.000000000000205
775,a,h001,0.00000000000073,-0.000000000002069
775,b,h001,0.000000000000848,0.000000000000077
775,c,h001,-0.000000000001431,-0.000000000000714
776,a,h001,0.000000000000063,0.000000000000032
776,b,h001,-0.000000000000022,0.000000000000108
776,c,h001,0.000000000000069,-0.000000000000079
777,a,h001,0.00000000000011,0.000000000000044
777,b,h001,0.00000000000005,0.000000000000008
777,c,h001,-0.000000000000015,-0.000000000000036
778,a,h001,-0.000000000000005,-0.000000000000005
778,b,h001,0.000000000000006,-0.000000000000005
778,c,h001,-0.000073401428848,-0.000024128467186
779,a,h001,0.000000000000012,0.000000000000014
779,b,h001,-0.000000000000015,0.000000000000043
779,c,h001,-0.000000000000007,0.000000000000025
780,a,h001,0.000000000000005,-0.000000000000003
780,b,h001,-0.000000000000008,0
780,c,h001,-0.000067937993706,-0.000022332945532
781,a,h001,-0.000000000000529,-0.000000000000194
781,b,h001,0.000000000000059,0.000000000000627
781,c,h001,-0.000000000000596,-0.000000000000134
782,a,h001,-0.000000000000088,-0.000000000000088
782,b,h001,-0.000000000000269,-0.000000000000354
782,c,h001,-0.000000000000298,0.000000000000082
783,a,h001,-0.000000000000286,-0.00000000000024
783,b,h001,0.000000000000199,-0.000000000000322
783,c,h001,-0.000000000000059,0.000000000000171
784,a,h001,-0.000000000001592,0.000000000000575
784,b,h001,-0.000000000001183,-0.000000000001162
784,c,h001,-0.000000000000954,-0.000000000000148
785,a,h001,0.000000000000006,-0.000000000000001
785,b,h001,-0.000039242544733,-0.000012901220418
785,c,h001,0,0.000000000000007
786,a,h001,-0.000000000000261,-0.000000000000148
786,b,h001,-0.000000000000004,-0.000000000000057
786,c,h001,-0.000000000000011,0.000000000000176
787,a,h001,0.000000000000003,0.000000000000009
787,b,h001,0.00000000000002,-0.000000000000008
787,c,h001,0.000000000000022,-0.000000000000044
788,a,h001,-0.000000000000444,0.000000000000062
788,b,h001,-0.000000000000048,-0.000000000000527
788,c,h001,0.000000000000596,0.000000000000305
789,a,h001,-0.000000000000037,-0.000000000000385
789,b,h001,0.000000000000428,-0.000000000000019
789,c,h001,0.000000000000238,0.000000000000074
790,a,h001,0.000000000000274,0.000000000000228
790,b,h001,-0.000000000000185,0.000000000000356
790,c,h001,0.000000000000179,-0.000000000000052
791,a,h001,0.000000000000915,0.000000000000365
791,b,h001,0.000000000002089,0.000000000000929
791,c,h001,0.000000000001431,0.000000000000446
792,a,h001,0.000000000000416,-0.000000000000002
792,b,h001,0.000000000000303,0.00000000000003
792,c,h001,0.000000000000089,-0.000000000000164
793,a,h001,0,-0.000000000000003
793,b,h001,0.000000000000005,0.000000000000021
793,c,h001,-0.000000000000026,-0.000000000000009
794,a,h001,-0.000000000000058,0.000000000000083
794,b,h001,-0.000000000000055,-0.000000000000002
794,c,h001,0.00000000000006,0.000000000000043
795,a,h001,0.000000000000289,0.000000000000438
795,b,h001,0.000000000000187,0.000000000000212
795,c,h001,0,0.000000000000037
796,a,h001,0.000000000000011,0.000000000000087
796,b,h001,-0.000000000000159,0.000000000000023
796,c,h001,-0.000000000000164,-0.000000000000049
797,a,h001,-0.000000000000456,0.0000000000004
797,b,h001,0.000000000000317,-0.000000000000203
797,c,h001,0,-0.000000000000082
798,a,h001,0.000000000000414,0.000000000000242
798,b,h001,0.000000000000178,-0.000000000000309
798,c,h001,0.000000000000358,0.000000000000238
799,a,h001,-0.000000000000008,0.00000000000038
799,b,h001,-0.000000000000597,0.000000000000122
799,c,h001,0.000000000000238,0.000000000000033
800,a,h001,-0.000000000000003,0.000000000000022
800,b,h001,-0.000000000000004,-0.000000000000002
800,c,h001,0.000000000000034,0.000000000000024
801,a,h001,0.000000000000154,-0.000000000000258
801,b,h001,0.000000000000287,-0.000000000000162
801,c,h001,-0.000000000000358,0.000000000000093
802,a,h001,-0.000000000000039,-0.000000000000012
802,b,h001,-0.000000000000026,0.000000000000022
802,c,h001,-0.000000000000074,0.000000000000006
803,a,h001,-0.000000000000309,-0.000000000000534
803,b,h001,0.000000000000297,-0.000000000000594
803,c,h001,-0.000000000000239,-0.00000000000035
804,a,h001,0.000000000000025,0.000000000000007
804,b,h001,0.00000000000001,-0.000000000000007
804,c,h001,0.000000000000045,0.000000000000031
805,a,h001,0.000000000000354,-0.000000000000513
805,b,h001,-0.000000000000126,0.000000000000536
805,c,h001,0.000000000000179,0.000000000000097
806,a,h001,-0.000000000000719,-0.000000000000272
806,b,h001,-0.000000000000409,0.000000000000159
806,c,h001,-0.000000000001073,-0.000000000000372
807,a,h001,0.000000000000166,-0.00000000000038
807,b,h001,0.000000000000521,-0.000000000000033
807,c,h001,-0.000000000000358,-0.000000000000138
808,a,h001,0.000000000000029,-0.000000000000027
808,b,h001,0.000000000000013,0
808,c,h001,-0.000000000000045,-0.000000000000039
809,a,h001,-0.000000000000488,0.000000000000316
809,b,h001,-0.000000000000346,0.000000000000222
809,c,h001,0.000000000000179,0.000000000000056
810,a,h001,0.000000000000047,-0.000000000000006
810,b,h001,0.000000000000015,-0.000000000000004
810,c,h001,0.000000000000022,-0.00000000000005
811,a,h001,-0.000000000000001,0.000000000000001
811,b,h001,-0.000000000000002,-0.000000000000003
811,c,h001,0,0.000000000000002
812,a,h001,-0.000000000000034,0.000000000000076
812,b,h001,-0.000000000000098,0.000000000000622
812,c,h001,0.000000000000238,0.000000000000201
813,a,h001,-0.000000000000008,-0.000000000000007
813,b,h001,-0.000887387744578,-0.000291671539018
813,c,h001,-0.000000000000011,-0.000000000000008
814,a,h001,0.000000000000322,0.000000000000141
814,b,h001,0.000000000000249,-0.000000000000101
814,c,h001,-0.000000000000239,-0.000000000000197
815,a,h001,0.000000000000186,-0.000000000000142
815,b,h001,0.000000000000129,0.00000000000016
815,c,h001,0.00000000000003,0.000000000000186
816,a,h001,-0.000000000000041,-0.000000000000115
816,b,h001,-0.000000000000401,-0.000000000000136
816,c,h001,0.000000000000417,0.00000000000016
817,a,h001,-0.000066375460804,-0.000021810644992
817,b,h001,-0.000000000000012,-0.000000000000003
817,c,h001,0.000000000000037,0.000000000000016
818,a,h001,-0.000000000000095,-0.000000000000115
818,b,h001,-0.000000000000134,-0.000000000000275
818,c,h001,-0.000000000000238,-0.00000000000013
819,a,h001,-0.000000000000075,-0.000000000000004
819,b,h001,-0.000000000000021,-0.000000000000046
819,c,h001,0.000000000000022,0.000000000000038
820,a,h001,0.000000000000003,0.000000000000003
820,b,h001,-0.000000000000003,-0.000000000000002
820,c,h001,0,-0.000000000000002
821,a,h001,0.000000000000031,0.000000000000079
821,b,h001,-0.000000000000179,-0.000000000000148
821,c,h001,-0.000000000000149,-0.000000000000079
822,a,h001,-0.000000000000122,-0.000000000000082
822,b,h001,-0.000000000000013,-0.000000000000111
822,c,h001,0.000000000000179,0.000000000000261
823,a,h001,-0.000000000000055,-0.000000000000106
823,b,h001,0.00000000000022,0.000000000000144
823,c,h001,-0.000000000000179,0.000000000000119
824,a,h001,0.0000000000001,0.000000000000265
824,b,h001,0.000000000000264,0.000000000000009
824,c,h001,-0.00000000000006,-0.000000000000175
825,a,h001,0.000000000000183,-0.00000000000025
825,b,h001,0.000000000000131,0.000000000000378
825,c,h001,0.000000000000119,0.000000000000074
826,a,h001,0.000000000000056,-0.000000000000002
826,b,h001,-0.000000000000023,0.000000000000047
826,c,h001,-0.000000000000037,-0.000000000000003
827,a,h001,0.000000000000001,-0.000000000000005
827,b,h001,-0.000000000000003,-0.000000000000002
827,c,h001,0.000000000000007,-0.000000000000001
828,a,h001,0.00000000000002,-0.000000000000017
828,b,h001,0.000000000000048,0.000000000000038
828,c,h001,-0.000000000000048,0.00000000000001
829,a,h001,0.000000000000064,0.000000000000104
829,b,h001,-0.000000000000001,0.00000000000002
829,c,h001,-0.000000000000056,-0.000000000000057
830,a,h001,-0.000000000000097,0.000000000000022
830,b,h001,-0.00000000000022,-0.000000000000144
830,c,h001,0.00000000000006,-0.000000000000075
831,a,h001,0.000000000000216,-0.00000000000013
831,b,h001,-0.000000000000117,0.000000000000502
831,c,h001,-0.000000000000119,0.000000000000268
832,a,h001,0.000000000000178,0.000000000000179
832,b,h001,-0.000000000000209,-0.000000000000082
832,c,h001,0,-0.000000000000097
833,a,h001,-0.000000000000061,-0.00000000000004
833,b,h001,-0.000000000000032,-0.000000000000016
833,c,h001,0.000000000000007,-0.00000000000005
834,a,h001,0,-0.000000000000004
834,b,h001,-0.000000000000003,-0.000000000000002
834,c,h001,0.000000000000007,-0.000000000000001
835,a,h001,-0.000000000000004,-0.000000000000007
835,b,h001,-0.000000000000009,-0.000000000000018
835,c,h001,-0.000552939066291,-0.000181744133332
836,a,h001,-0.000000000000022,-0.000000000000015
836,b,h001,0.000000000000041,-0.000000000000037
836,c,h001,-0.000000000000015,0.000000000000002
837,a,h001,-0.000000000000524,0.00000000000014
837,b,h001,-0.000000000000277,-0.000000000000663
837,c,h001,0.000000000000119,-0.000000000000142
838,a,h001,-0.000000000000016,-0.00000000000003
838,b,h001,0.000000000000203,-0.000000000000079
838,c,h001,-0.000000000000298,-0.000000000000059
839,a,h001,-0.000000000000037,0.000000000000045
839,b,h001,-0.000000000000004,-0.000000000000017
839,c,h001,-0.000000000000022,0.000000000000035
840,a,h001,-0.000000000000005,0.000000000000001
840,b,h001,0,-0.000000000000002
840,c,h001,0.000000000000007,-0.000000000000002
841,a,h001,-0.00000000000017,0.000000000000028
841,b,h001,-0.000000000000031,0.000000000000099
841,c,h001,0.000000000000179,0.000000000000052
842,a,h001,0.000000000000132,-0.000000000000226
842,b,h001,0.000000000000003,0.000000000000151
842,c,h001,-0.000000000000179,-0.00000000000013
843,a,h001,0.000000000000283,0.000000000000421
843,b,h001,-0.000000000000224,-0.00000000000047
843,c,h001,0.000000000000477,-0.000000000000157
844,a,h001,-0.000000000000018,0.000000000000088
844,b,h001,0.000000000000002,0.000000000000027
844,c,h001,-0.00000000000006,-0.000000000000016
845,a,h001,0.00000000000002,-0.000000000000014
845,b,h001,0.000000000000043,0.000000000000004
845,c,h001,0.000000000000007,0.000000000000044
846,a,h001,-0.000000000000003,0.000000000000004
846,b,h001,0.000000000000003,0.000000000000004
846,c,h001,-0.000000000000007,0
847,a,h001,0.000000000000463,-0.000000000000156
847,b,h001,0.000000000000071,-0.0000000000001
847,c,h001,-0.000000000000835,-0.000000000000275
848,a,h001,-0.000000000000098,-0.000000000000078
848,b,h001,-0.00000000000013,0.000000000000131
848,c,h001,0.000000000000119,0.000000000000091
849,a,h001,-0.000000000000071,-0.000000000000376
849,b,h001,0.000000000000266,0.000000000000417
849,c,h001,-0.000000000000022,0.000000000000261
850,a,h001,0.00000000000003,-0.000000000000082
850,b,h001,-0.000000000000017,-0.000000000000023
850,c,h001,0.000000000000067,0.000000000000005
851,a,h001,0.000000000000007,0.000000000000007
851,b,h001,-0.000000000000027,0.000000000000005
851,c,h001,-0.000000000000011,-0.000000000000031
852,a,h001,0.000000000000005,-0.000000000000009
852,b,h001,-0.000000000000012,0.000000000000002
852,c,h001,-0.000000000000022,-0.000000000000031
853,a,h001,-0.000000000000767,0.000000000000129
853,b,h001,-0.000000000000612,-0.000000000000432
853,c,h001,0.000000000000716,0.000000000000491
854,a,h001,0.000000000000074,0.00000000000012
854,b,h001,-0.000000000000021,-0.000000000000083
854,c,h001,-0.000000000000037,0.000000000000061
855,a,h001,0.000000000000014,-0.000000000000018
855,b,h001,-0.000000000000014,0.000000000000009
855,c,h001,0.000000000000052,0.000000000000018
856,a,h001,0.000000000000018,0.000000000000001
856,b,h001,0.000000000000027,-0.000000000000002
856,c,h001,-0.000000000000019,0.000000000000027
857,a,h001,-0.000000000000004,0.000000000000011
857,b,h001,-0.000000000000005,0.00000000000001
857,c,h001,0,0.00000000000002
858,a,h001,0.000000000000001,-0.000000000000001
858,b,h001,-0.000000000000001,-0.000000000000001
858,c,h001,0,0
859,a,h001,0.00000000000069,0.000000000000345
859,b,h001,0.000000000000716,0.000000000001309
859,c,h001,0.000000000000238,-0.000000000000328
860,a,h001,-0.000062312064745,-0.00002047506075
860,b,h001,0.000000000000008,-0.000000000000002
860,c,h001,-0.000000000000007,-0.000000000000002
861,a,h001,-0.000073147830768,-0.000024036637462
861,b,h001,0.000000000000001,0.000000000000002
861,c,h001,-0.000000000000002,0
862,a,h001,-0.000000000000051,0.000000000000054
862,b,h001,-0.000000000000001,-0.000000000000027
862,c,h001,-0.000000000000075,-0.000000000000031
863,a,h001,-0.000000000000107,0.000000000000113
863,b,h001,-0.000000000000015,0.000000000000026
863,c,h001,-0.000000000000119,-0.000000000000033
864,a,h001,0.000000000000059,-0.000000000000009
864,b,h001,-0.000000000000002,-0.000000000000078
864,c,h001,0.00000000000006,-0.000000000000078
865,a,h001,0.000000000000002,-0.000000000000001
865,b,h001,0,0
865,c,h001,0,0.000000000000002
866,a,h001,0.000000000000873,-0.000000000000439
866,b,h001,0.000000000000385,-0.000000000001635
866,c,h001,0.000000000000477,-0.000000000000358
867,a,h001,0.000000000000057,-0.000000000000059
867,b,h001,-0.000000000000007,0.000000000000026
867,c,h001,0.000000000000037,0.000000000000002
868,a,h001,0.000000000000083,-0.000000000000125
868,b,h001,-0.000000000000033,0.000000000000058
868,c,h001,0.000000000000045,0.000000000000014
869,a,h001,-0.0000000000001,-0.000000000000058
869,b,h001,0.000000000000054,0.000000000000138
869,c,h001,-0.000000000000104,0.000000000000186
870,a,h001,0.000000000000003,-0.000000000000002
870,b,h001,-0.000000000000003,-0.000000000000002
870,c,h001,0,0
871,a,h001,-0.000000000000991,0.000000000000234
871,b,h001,-0.000000000000748,0.000000000001177
871,c,h001,-0.000000000000476,0.000000000000715
872,a,h001,-0.000000000000034,0.000000000000028
872,b,h001,-0.000000000000005,-0.000000000000022
872,c,h001,0.000000000000007,0.000000000000034
873,a,h001,-0.000000000000041,-0.000000000000011
873,b,h001,-0.000000000000217,-0.00000000000004
873,c,h001,-0.000000000000119,0
874,a,h001,0.000000000000003,-0.000000000000002
874,b,h001,0.00000000000006,-0.000000000000023
874,c,h001,-0.000000000000007,0
875,a,h001,-0.000000000000028,0.000000000000025
875,b,h001,-0.000000000000014,-0.000000000000128
875,c,h001,-0.000000000000045,-0.000000000000089
876,a,h001,-0.000000000000003,-0.000000000000002
876,b,h001,0.000000000000004,-0.000000000000002
876,c,h001,-0.000000000000015,0
877,a,h001,0.000000000000135,-0.000000000000355
877,b,h001,0.000000000000823,-0.000000000000407
877,c,h001,0.000000000000596,-0.000000000000373
878,a,h001,-0.000000000000001,0.000000000000012
878,b,h001,-0.000000000000016,-0.000000000000001
878,c,h001,-0.000000000000075,-0.000000000000035
879,a,h001,-0.000000000000004,-0.000000000000006
879,b,h001,0.000000000000061,-0.000000000000016
879,c,h001,-0.000000000000015,0.000000000000001
880,a,h001,0.000000000000008,0
880,b,h001,-0.000000000000009,0.000000000000001
880,c,h001,0.000000000000007,0.000000000000002
881,a,h001,0.000000000000009,0.000000000000003
881,b,h001,-0.000000000000011,-0.000000000000006
881,c,h001,0.000000000000015,0
882,a,h001,0.000000000000009,0.000000000000003
882,b,h001,-0.000000000000011,-0.000000000000006
882,c,h001,0.000000000000015,0
883,a,h001,-0.0000000000002,0.000000000000356
883,b,h001,-0.000000000001134,0.000000000000061
883,c,h001,-0.000000000001431,-0.000000000000312
884,a,h001,-0.000000000000028,0.000000000000096
884,b,h001,0.00000000000005,0.000000000000062
884,c,h001,-0.000000000000082,0.000000000000014
885,a,h001,0.000000000000017,-0.000000000000001
885,b,h001,0.000000000000052,-0.00000000000003
885,c,h001,-0.000000000000015,0.000000000000002
886,a,h001,0,0
886,b,h001,-0.000418654993805,-0.000137607639334
886,c,h001,0,0
887,a,h001,0.000000000000125,0.000000000000089
887,b,h001,0.000000000000761,0.00000000000013
887,c,h001,0.000000000000797,0.000000000000466
888,a,h001,-0.000000000000035,-0.000000000000098
888,b,h001,0.000000000000004,-0.000000000000103
888,c,h001,0.000000000000142,-0.000000000000059
889,a,h001,-0.000000000000003,-0.000000000000017
889,b,h001,0.000000000000009,-0.000000000000019
889,c,h001,0,0.00000000000001
890,a,h001,0.000000000000028,-0.000000000000018
890,b,h001,0.000000000000023,0.000000000000056
890,c,h001,0.000000000000007,-0.000000000000001
891,a,h001,0.000000000000048,-0.000000000000032
891,b,h001,0.000000000000045,0.000000000000004
891,c,h001,-0.000000000000067,-0.000000000000028
892,a,h001,0.000000000000154,-0.000000000000356
892,b,h001,0.00000000000002,0.000000000000287
892,c,h001,0,0.000000000000175
893,a,h001,0.00000000000001,0.000000000000004
893,b,h001,-0.000000000000002,0.000000000000024
893,c,h001,0,-0.000000000000008
894,a,h001,-0.000000000000014,0.00000000000001
894,b,h001,-0.000000000000001,-0.000000000000009
894,c,h001,0.00000000000002,0
895,a,h001,0.000000000000007,0.000000000000012
895,b,h001,-0.000000000000002,0.000000000000001
895,c,h001,0.000000000000007,0.000000000000005
896,a,h001,-0.000071786170158,-0.000023588871847
896,b,h001,-0.00000000000001,0.000000000000003
896,c,h001,0.000000000000007,0.000000000000003
897,a,h001,-0.000000000000094,0.000000000000404
897,b,h001,-0.000000000000031,-0.00000000000036
897,c,h001,0.00000000000006,-0.000000000000138
898,a,h001,-0.000736117232048,-0.000241946633327
898,b,h001,0.000000000000011,-0.00000000000001
898,c,h001,0.000000000000007,0
899,a,h001,0,0
899,b,h001,-0.000063473583004,-0.000020865955877
899,c,h001,-0.000000000000013,-0.000000000000001
900,a,h001,-0.000065013280998,-0.000021362684156
900,b,h001,0.000000000000002,-0.000000000000001
900,c,h001,-0.000000000000004,-0.000000000000003
901,a,h001,-0.000000000000242,0.000000000000319
901,b,h001,-0.000000000000197,0.000000000000226
901,c,h001,0,0.000000000000015
902,a,h001,0.00000000000031,-0.000000000000715
902,b,h001,0.000000000000078,-0.000000000000346
902,c,h001,-0.000000000000417,0.000000000000067
903,a,h001,-0.000000000000333,0.000000000000399
903,b,h001,0.000000000000009,0.000000000000161
903,c,h001,0.000000000000149,-0.000000000000089
904,a,h001,0.000000000000099,-0.000000000000061
904,b,h001,0.000000000000063,-0.000000000000085
904,c,h001,-0.000000000000089,-0.000000000000004
905,a,h001,-0.000000000000046,0.00000000000004
905,b,h001,-0.000000000000048,0.000000000000047
905,c,h001,-0.000000000000061,0.000000000000005
906,a,h001,-0.000074436302534,-0.000024459639247
906,b,h001,0.000000000000001,-0.000000000000003
906,c,h001,-0.000000000000002,-0.000000000000001
