bus_id,phase,scenario,v_re_pu,v_im_pu
sourcebus,a,h001,1.049886853564808,-0.000177676224585
sourcebus,b,h001,-0.525060502461355,-0.909164882731138
sourcebus,c,h001,-0.524826351000922,0.909342559133361
1,a,h001,0.908668873245382,-0.525470819698485
1,b,h001,-0.909359573197877,-0.524206999644877
1,c,h001,0.000486261583811,1.049759992297513
2,a,h001,0.908644554730334,-0.525439431025653
2,b,h001,-0.909324941554944,-0.524185375244362
2,c,h001,0.000485403026127,1.04974783327916
3,a,h001,0.908642005272896,-0.52543614036069
3,b,h001,-0.909321310909754,-0.524183108227292
3,c,h001,0.000485313018317,1.049746558575514
4,a,h001,0.90863961683149,-0.525433057524189
4,b,h001,-0.909317909565152,-0.524180984388174
4,c,h001,0.000485228695128,1.049745364378301
5,a,h001,0.908637534453436,-0.525430369733289
5,b,h001,-0.909314944080907,-0.524179132705332
5,c,h001,0.000485155177412,1.049744323209754
6,a,h001,0.908634253890185,-0.525426135407042
6,b,h001,-0.909310272278584,-0.524176215577642
6,c,h001,0.000485039358136,1.049742682960392
7,a,h001,0.908410862416284,-0.525137797000154
7,b,h001,-0.90899214373568,-0.523977572416514
7,c,h001,0.000477152590902,1.049630989420472
8,a,h001,0.908400857052739,-0.525124882762493
8,b,h001,-0.908977895243244,-0.523968675492167
8,c,h001,0.000476799354622,1.049625986837101
9,a,h001,0.908392529400955,-0.525114134000212
9,b,h001,-0.908966035955683,-0.523961270415124
9,c,h001,0.000476505349438,1.049621823093111
10,a,h001,0.908385221222073,-0.525104701103697
10,b,h001,-0.908955628484629,-0.523954771869188
10,c,h001,0.000476247336431,1.049618169075546
11,a,h001,0.908379767939035,-0.525097662379631
11,b,h001,-0.908947862543716,-0.523949922725385
11,c,h001,0.000476054809952,1.049615442487659
12,a,h001,0.908374648647988,-0.525091054749541
12,b,h001,-0.908940572235932,-0.523945370572439
12,c,h001,0.000475874074956,1.049612882892484
13,a,h001,0.908371500751317,-0.525086991660224
13,b,h001,-0.908936089362154,-0.523942571413928
13,c,h001,0.000475762939432,1.049611308975109
14,a,h001,0.908363663899436,-0.525076876388826
14,b,h001,-0.908924929015584,-0.523935602763765
14,c,h001,0.000475486261788,1.049607390626245
15,a,h001,0.908300178843383,-0.524994934228708
15,b,h001,-0.908834520872335,-0.52387915086792
15,c,h001,0.000473244941411,1.049575648722602
16,a,h001,0.908300178843383,-0.524994934228708
16,b,h001,-0.908834520872335,-0.52387915086792
16,c,h001,0.000473244941411,1.049575648722602
17,a,h001,0.908223192360397,-0.52489556535187
17,b,h001,-0.908724885543726,-0.523810693293975
17,c,h001,0.000470526957309,1.049537156238282
18,a,h001,0.908300178843382,-0.524994934228708
18,b,h001,-0.908834520872335,-0.523879150867919
18,c,h001,0.000473244941411,1.049575648722601
19,a,h001,0.90821789522083,-0.524888728167096
19,b,h001,-0.908717341964456,-0.523805982995368
19,c,h001,0.000470339943426,1.049534507720597
20,a,h001,0.908300178843382,-0.524994934228708
20,b,h001,-0.908834520872335,-0.523879150867919
20,c,h001,0.000473244941411,1.049575648722601
21,a,h001,0.908211947151247,-0.524881050806462
21,b,h001,-0.908708871405235,-0.5238006938797
21,c,h001,0.000470129948659,1.049531533744306
22,a,h001,0.908300178843382,-0.524994934228708
22,b,h001,-0.908834520872334,-0.523879150867919
22,c,h001,0.000473244941411,1.049575648722601
23,a,h001,0.908202262490887,-0.524868550510497
23,b,h001,-0.908695079621535,-0.523792082129597
23,c,h001,0.000469788034704,1.049526691509377
24,a,h001,0.908300178843382,-0.524994934228707
24,b,h001,-0.908834520872334,-0.523879150867919
24,c,h001,0.000473244941411,1.049575648722601
25,a,h001,0.908184643748881,-0.524845809445616
25,b,h001,-0.908669989027776,-0.523776415271117
25,c,h001,0.000469166010436,1.049517882311659
26,a,h001,0.908300178843382,-0.524994934228707
26,b,h001,-0.908834520872334,-0.523879150867919
26,c,h001,0.000473244941411,1.049575648722601
27,a,h001,0.908133762275639,-0.524796839609648
27,b,h001,-0.908670659324877,-0.523775665142511
27,c,h001,0.000468495713378,1.049518632440332
28,a,h001,0.908023806122158,-0.524616452915195
28,b,h001,-0.908331301826753,-0.523606640069985
28,c,h001,0.000485642269805,1.049380942221963
29,a,h001,0.908300178843382,-0.524994934228707
29,b,h001,-0.908834520872334,-0.523879150867919
29,c,h001,0.000473244941411,1.049575648722601
30,a,h001,0.908132827867441,-0.524795940316102
30,b,h001,-0.908670671634496,-0.523775651366963
30,c,h001,0.00046848340376,1.049518646215879
31,a,h001,0.908121017592053,-0.524784573740574
31,b,h001,-0.908670827219467,-0.52377547725177
31,c,h001,0.000468327818801,1.049518820331092
32,a,h001,0.907980988585713,-0.524555394555903
32,b,h001,-0.908241137902624,-0.523561443208964
32,c,h001,0.000490028512318,1.049344486590277
33,a,h001,0.908300178843381,-0.524994934228707
33,b,h001,-0.908834520872333,-0.523879150867919
33,c,h001,0.000473244941411,1.0495756487226
34,a,h001,0.908130688006604,-0.524793880870298
34,b,h001,-0.908670699824393,-0.523775619819985
34,c,h001,0.000468455213862,1.049518677762857
35,a,h001,0.908120585992262,-0.524784158355876
35,b,h001,-0.908670832905231,-0.523775470888834
35,c,h001,0.000468322133037,1.049518826694028
36,a,h001,0.907982922157051,-0.524554991659172
36,b,h001,-0.908107915203887,-0.523523031181026
36,c,h001,0.000491962083654,1.049344889487032
37,a,h001,0.907794268541024,-0.524383377824033
37,b,h001,-0.908095856858789,-0.52346403770362
37,c,h001,0.000446040400656,1.049221646411588
38,a,h001,0.908300178843381,-0.524994934228707
38,b,h001,-0.908834520872333,-0.523879150867918
38,c,h001,0.000473244941411,1.0495756487226
39,a,h001,0.908119965429837,-0.524783561107823
39,b,h001,-0.908670841080332,-0.523775461740083
39,c,h001,0.000468313957936,1.04951883584278
40,a,h001,0.907982928578132,-0.524554990321498
40,b,h001,-0.908107472791165,-0.523522903640524
40,c,h001,0.000491968504734,1.049344890824708
41,a,h001,0.907983503067022,-0.524554870614151
41,b,h001,-0.90806789062371,-0.523511490824862
41,c,h001,0.000492542993624,1.049345010532054
42,a,h001,0.907664697246226,-0.524264009650635
42,b,h001,-0.907995041475479,-0.523396444760075
42,c,h001,0.000415515576076,1.04913640349614
43,a,h001,0.907794268541026,-0.524383377824034
43,b,h001,-0.908095856858784,-0.52346403770362
43,c,h001,0.000446040400659,1.049221646411588
44,a,h001,0.908300178843381,-0.524994934228707
44,b,h001,-0.908834520872333,-0.523879150867918
44,c,h001,0.000473244941411,1.049575648722599
45,a,h001,0.90811916960087,-0.524782795177947
45,b,h001,-0.90867085156434,-0.523775450007434
45,c,h001,0.000468303473928,1.049518847575429
46,a,h001,0.907982931472305,-0.524554989718568
46,b,h001,-0.908107273382511,-0.523522846154202
46,c,h001,0.000491971398907,1.049344891427638
47,a,h001,0.907984900846461,-0.524554579356897
47,b,h001,-0.907971583901226,-0.523483722541634
47,c,h001,0.000493940773063,1.049345301789308
48,a,h001,0.907566785800523,-0.524173808264236
48,b,h001,-0.907918859633316,-0.523345367684461
48,c,h001,0.000392449281113,1.049071989097098
49,a,h001,0.907794268541027,-0.524383377824035
49,b,h001,-0.908095856858782,-0.52346403770362
49,c,h001,0.00044604040066,1.049221646411587
50,a,h001,0.908300178843381,-0.524994934228706
50,b,h001,-0.908834520872333,-0.523879150867918
50,c,h001,0.000473244941411,1.049575648722599
51,a,h001,0.908117231398847,-0.524780929793681
51,b,h001,-0.908670877097623,-0.523775421433148
51,c,h001,0.000468277940645,1.049518876149715
52,a,h001,0.907982934539509,-0.524554989079592
52,b,h001,-0.908107062052026,-0.523522785231008
52,c,h001,0.000491974466111,1.049344892066615
53,a,h001,0.907552668942332,-0.524160803041292
53,b,h001,-0.907907875746251,-0.523338003399031
53,c,h001,0.000389123586014,1.049062701838291
54,a,h001,0.907566785800528,-0.524173808264237
54,b,h001,-0.907918859633314,-0.523345367684461
54,c,h001,0.000392449281116,1.049071989097098
55,a,h001,0.907794268541028,-0.524383377824036
55,b,h001,-0.90809585685878,-0.52346403770362
55,c,h001,0.000446040400661,1.049221646411587
56,a,h001,0.90830017884338,-0.524994934228707
56,b,h001,-0.908834520872333,-0.523879150867918
56,c,h001,0.000473244941411,1.049575648722599
57,a,h001,0.908115571944053,-0.52477933268418
57,b,h001,-0.908670898958775,-0.523775396968342
57,c,h001,0.000468256079494,1.04951890061452
58,a,h001,0.907982937460808,-0.524554988471011
58,b,h001,-0.908106860774366,-0.523522727205882
58,c,h001,0.000491977387411,1.049344892675196
59,a,h001,0.907488723307079,-0.524101892819802
59,b,h001,-0.907858121641875,-0.523304645133076
59,c,h001,0.000374059066493,1.04902063301135
60,a,h001,0.907566785800528,-0.524173808264237
60,b,h001,-0.907918859633314,-0.52334536768446
60,c,h001,0.000392449281116,1.049071989097098
61,a,h001,0.907794268541028,-0.524383377824036
61,b,h001,-0.908095856858778,-0.52346403770362
61,c,h001,0.000446040400661,1.049221646411587
62,a,h001,0.90830017884338,-0.524994934228707
62,b,h001,-0.908834520872333,-0.523879150867918
62,c,h001,0.000473244941411,1.049575648722599
63,a,h001,0.908107617112581,-0.524771676713699
63,b,h001,-0.9086710037533,-0.523775279692834
63,c,h001,0.000468151284968,1.049519017890029
64,a,h001,0.907982939210378,-0.524554988106531
64,b,h001,-0.908106740228953,-0.52352269245457
64,c,h001,0.000491979136981,1.049344893039676
65,a,h001,0.907478179343984,-0.524092193874885
65,b,h001,-0.907847012381363,-0.523298950674163
65,c,h001,0.000371990906678,1.04901099338189
66,a,h001,0.907436703293611,-0.524051855169706
66,b,h001,-0.907858806967663,-0.523303878616358
66,c,h001,0.000373373740705,1.049021399528068
67,a,h001,0.907566785800528,-0.524173808264237
67,b,h001,-0.907918859633314,-0.52334536768446
67,c,h001,0.000392449281116,1.049071989097099
68,a,h001,0.907794268541028,-0.524383377824037
68,b,h001,-0.908095856858777,-0.52346403770362
68,c,h001,0.000446040400661,1.049221646411587
69,a,h001,0.908300178843381,-0.524994934228707
69,b,h001,-0.908834520872333,-0.523879150867919
69,c,h001,0.000473244941411,1.0495756487226
70,a,h001,0.908079499511287,-0.524744615483518
70,b,h001,-0.908671374166011,-0.52377486516413
70,c,h001,0.000467780872257,1.049519432418733
71,a,h001,0.907982942642904,-0.524554987391448
71,b,h001,-0.908106503727701,-0.523522624275046
71,c,h001,0.000491982569508,1.049344893754758
72,a,h001,0.907353606273887,-0.523977604385704
72,b,h001,-0.9077157605289,-0.523231672723459
72,c,h001,0.000347556354389,1.04889710468314
73,a,h001,0.907433613288814,-0.524048883075588
73,b,h001,-0.907858847676395,-0.523303833087269
73,c,h001,0.000373333031973,1.049021445057157
74,a,h001,0.907414366275126,-0.524030369206067
74,b,h001,-0.907859101241444,-0.523303549477369
74,c,h001,0.000373079466924,1.049021728667057
75,a,h001,0.907566785800528,-0.524173808264237
75,b,h001,-0.907918859633313,-0.523345367684459
75,c,h001,0.000392449281116,1.049071989097099
76,a,h001,0.907794268541028,-0.52438337782404
76,b,h001,-0.908095856858775,-0.523464037703621
76,c,h001,0.000446040400662,1.049221646411586
77,a,h001,0.908300178843382,-0.524994934228707
77,b,h001,-0.908834520872334,-0.523879150867919
77,c,h001,0.000473244941411,1.049575648722601
78,a,h001,0.907982960039083,-0.524554983767382
78,b,h001,-0.908105305130288,-0.523522278738607
78,c,h001,0.000491999965686,1.049344897378824
79,a,h001,0.907310183294207,-0.523937661426472
79,b,h001,-0.90767000949685,-0.523208221354041
79,c,h001,0.000339039095669,1.048857406001493
80,a,h001,0.907566785800528,-0.524173808264237
80,b,h001,-0.907918859633312,-0.523345367684459
80,c,h001,0.000392449281116,1.049071989097099
81,a,h001,0.907794268541029,-0.524383377824047
81,b,h001,-0.908095856858767,-0.523464037703626
81,c,h001,0.000446040400665,1.049221646411581
82,a,h001,0.908300178843383,-0.524994934228708
82,b,h001,-0.908834520872336,-0.52387915086792
82,c,h001,0.000473244941411,1.049575648722602
83,a,h001,0.907983025591761,-0.524554970111094
83,b,h001,-0.908100788548046,-0.523520976680278
83,c,h001,0.000492065518364,1.049344911035113
84,a,h001,0.907300706976262,-0.523928944563094
84,b,h001,-0.907660025121545,-0.523203103496296
84,c,h001,0.000337180350547,1.048848742447494
85,a,h001,0.907566785800529,-0.524173808264237
85,b,h001,-0.907918859633312,-0.523345367684459
85,c,h001,0.000392449281116,1.049071989097098
86,a,h001,0.90779426854103,-0.524383377824062
86,b,h001,-0.908095856858753,-0.523464037703635
86,c,h001,0.00044604040067,1.049221646411572
87,a,h001,0.908300178843384,-0.524994934228709
87,b,h001,-0.908834520872336,-0.52387915086792
87,c,h001,0.000473244941411,1.049575648722603
88,a,h001,0.907281490495947,-0.523911268137029
88,b,h001,-0.907639778380918,-0.523192725286829
88,c,h001,0.000333411108185,1.048831174124453
89,a,h001,0.907566785800529,-0.524173808264237
89,b,h001,-0.907918859633312,-0.523345367684459
89,c,h001,0.000392449281116,1.049071989097098
90,a,h001,0.90779426854103,-0.524383377824066
90,b,h001,-0.90809585685875,-0.523464037703637
90,c,h001,0.000446040400671,1.04922164641157
91,a,h001,0.908300178843384,-0.524994934228709
91,b,h001,-0.908834520872336,-0.52387915086792
91,c,h001,0.000473244941411,1.049575648722603
92,a,h001,0.90726336846043,-0.523894598444363
92,b,h001,-0.907620684761966,-0.523182938152167
92,c,h001,0.000329856537168,1.048814606377972
93,a,h001,0.90779426854103,-0.524383377824067
93,b,h001,-0.90809585685875,-0.523464037703638
93,c,h001,0.000446040400671,1.04922164641157
94,a,h001,0.908300178843384,-0.524994934228709
94,b,h001,-0.908834520872336,-0.52387915086792
94,c,h001,0.000473244941411,1.049575648722603
95,a,h001,0.907252835254941,-0.523884909394911
95,b,h001,-0.907609586835811,-0.523177249503094
95,c,h001,0.000327790487419,1.04880497658346
96,a,h001,0.90779426854103,-0.524383377824068
96,b,h001,-0.908095856858749,-0.523464037703638
96,c,h001,0.000446040400672,1.049221646411569
97,a,h001,0.908300178843384,-0.524994934228709
97,b,h001,-0.908834520872336,-0.52387915086792
97,c,h001,0.000473244941411,1.049575648722604
98,a,h001,0.90724587885887,-0.523878510500899
98,b,h001,-0.907602257483888,-0.523173492574959
98,c,h001,0.000326426015761,1.048798616822912
99,a,h001,0.90779426854103,-0.524383377824068
99,b,h001,-0.908095856858749,-0.523464037703638
99,c,h001,0.000446040400672,1.049221646411569
100,a,h001,0.908300178843384,-0.524994934228709
100,b,h001,-0.908834520872336,-0.523879150867921
100,c,h001,0.000473244941411,1.049575648722604
101,a,h001,0.907236274015852,-0.52386967541275
101,b,h001,-0.907592137692846,-0.523168305304912
101,c,h001,0.000324542060916,1.048789835767164
102,a,h001,0.907794268541027,-0.524383377824088
102,b,h001,-0.908095856858746,-0.523464037703648
102,c,h001,0.000446040400677,1.049221646411558
103,a,h001,0.908300178843384,-0.524994934228709
103,b,h001,-0.908834520872336,-0.523879150867921
103,c,h001,0.000473244941411,1.049575648722604
104,a,h001,0.907235970385032,-0.523869956157652
104,b,h001,-0.907592208949902,-0.523168544827351
104,c,h001,0.000324610473121,1.04878892861874
105,a,h001,0.90723132762301,-0.523862689483352
105,b,h001,-0.907585117622516,-0.523163382976086
105,c,h001,0.000324539264864,1.048788619192034
106,a,h001,0.907794268541027,-0.52438337782409
106,b,h001,-0.908095856858746,-0.523464037703649
106,c,h001,0.000446040400677,1.049221646411557
107,a,h001,0.907235603033646,-0.523870295820238
107,b,h001,-0.907592295161105,-0.523168834616444
107,c,h001,0.000324693242448,1.048787831094345
108,a,h001,0.907228522773026,-0.523858728115019
108,b,h001,-0.907581136894581,-0.523160591771591
108,c,h001,0.000324537679364,1.048787929333617
109,a,h001,0.907794268541026,-0.524383377824092
109,b,h001,-0.908095856858747,-0.52346403770365
109,c,h001,0.000446040400676,1.049221646411556
110,a,h001,0.907235177247172,-0.523870689513414
110,b,h001,-0.907592395086042,-0.523169170502684
110,c,h001,0.000324789178005,1.048786558985244
111,a,h001,0.907117850876532,-0.52370242309032
111,b,h001,-0.907424067991672,-0.523050458289718
111,c,h001,0.000324475119769,1.048760709361179
112,a,h001,0.907794268541017,-0.524383377824143
112,b,h001,-0.908095856858764,-0.523464037703675
112,c,h001,0.000446040400668,1.049221646411523
113,a,h001,0.907234528049145,-0.523871289778685
113,b,h001,-0.907592547441922,-0.523169682629531
113,c,h001,0.000324935451262,1.048784619396346
114,a,h001,0.907106763961371,-0.523686764728957
114,b,h001,-0.907408333106339,-0.523039425311984
114,c,h001,0.00032446885266,1.048757982512406
115,a,h001,0.907794268541009,-0.524383377824188
115,b,h001,-0.908095856858779,-0.523464037703696
115,c,h001,0.00044604040066,1.049221646411495
116,a,h001,0.907233693417107,-0.523872061501034
116,b,h001,-0.90759274331605,-0.523170341037991
116,c,h001,0.000325123505355,1.048782125791981
117,a,h001,0.907106174305098,-0.523686540887032
117,b,h001,-0.907408274424241,-0.523039103273875
117,c,h001,0.000324436377264,1.048757891614572
118,a,h001,0.907074664371366,-0.52364614783948
118,b,h001,-0.907363028451829,-0.5230031675155
118,c,h001,0.000328366094935,1.048750536444053
119,a,h001,0.907794268541008,-0.524383377824192
119,b,h001,-0.908095856858781,-0.523464037703698
119,c,h001,0.00044604040066,1.049221646411492
120,a,h001,0.907233094231091,-0.523872615523907
120,b,h001,-0.90759288393495,-0.523170813712324
120,c,h001,0.000325258510216,1.048780335622427
121,a,h001,0.907106174305098,-0.523686540887032
121,b,h001,-0.907408274424241,-0.523039103273874
121,c,h001,0.000324436377264,1.048757891614571
122,a,h001,0.907105887205,-0.523686431899742
122,b,h001,-0.90740824585228,-0.523038946475453
122,c,h001,0.000324420565188,1.048757847356961
123,a,h001,0.907016776928224,-0.523572900552524
123,b,h001,-0.907281327389244,-0.522937781286826
123,c,h001,0.000335394265406,1.048737108426487
124,a,h001,0.907794268541008,-0.524383377824195
124,b,h001,-0.908095856858782,-0.5234640377037
124,c,h001,0.000446040400659,1.04922164641149
125,a,h001,0.907232247585641,-0.523873398354167
125,b,h001,-0.907593082628424,-0.523171481597693
125,c,h001,0.000325449271096,1.048777806125963
126,a,h001,0.907106174305097,-0.523686540887032
126,b,h001,-0.907408274424241,-0.523039103273874
126,c,h001,0.000324436377264,1.048757891614571
127,a,h001,0.907104538504943,-0.523685919913977
127,b,h001,-0.907408111630782,-0.523038209889011
127,c,h001,0.000324346285357,1.04875763944954
128,a,h001,0.906990744965063,-0.523539961272914
128,b,h001,-0.907244586449656,-0.522908377122405
128,c,h001,0.000338554831236,1.048731069851632
129,a,h001,0.907794268541008,-0.524383377824198
129,b,h001,-0.908095856858783,-0.523464037703701
129,c,h001,0.000446040400659,1.049221646411489
130,a,h001,0.907231331576164,-0.523874245320199
130,b,h001,-0.907593297600472,-0.523172204201622
130,c,h001,0.000325655660648,1.048775069392735
131,a,h001,0.907106174305097,-0.523686540887031
131,b,h001,-0.90740827442424,-0.523039103273874
131,c,h001,0.000324436377264,1.04875789161457
132,a,h001,0.907091745992597,-0.523673618713562
132,b,h001,-0.907408280166875,-0.523038021445118
132,c,h001,0.000324177749233,1.048757827893373
133,a,h001,0.90710535096238,-0.523686649271988
133,b,h001,-0.907406214100261,-0.523037693587608
133,c,h001,0.000325651968265,1.048755474729978
134,a,h001,0.906982999740376,-0.523530160931694
134,b,h001,-0.907233655010082,-0.522899628575139
134,c,h001,0.000339495186458,1.048729273209605
135,a,h001,0.907794268541007,-0.524383377824205
135,b,h001,-0.908095856858786,-0.523464037703705
135,c,h001,0.000446040400658,1.049221646411484
136,a,h001,0.907230467705525,-0.523875044077314
136,b,h001,-0.907593500336409,-0.523172885675267
136,c,h001,0.000325850302601,1.048772488433104
137,a,h001,0.907106174305097,-0.523686540887031
137,b,h001,-0.90740827442424,-0.523039103273874
137,c,h001,0.000324436377264,1.04875789161457
138,a,h001,0.907090644307272,-0.523672559339797
138,b,h001,-0.907408294681126,-0.523038005216416
138,c,h001,0.000324163234979,1.04875784412207
139,a,h001,0.907105955387612,-0.523687191875656
139,b,h001,-0.907404802438217,-0.523037309486754
139,c,h001,0.000326623327081,1.048753864293462
140,a,h001,0.906974256913539,-0.523519098284748
140,b,h001,-0.907221315576799,-0.522889753195544
140,c,h001,0.000340556661521,1.048727245156093
141,a,h001,0.907794268541006,-0.52438337782421
141,b,h001,-0.908095856858788,-0.523464037703708
141,c,h001,0.000446040400657,1.049221646411479
142,a,h001,0.907229047364394,-0.523876357361426
142,b,h001,-0.907593833666629,-0.523174006126646
142,c,h001,0.00032617032502,1.048768244923766
143,a,h001,0.907106174305097,-0.523686540887031
143,b,h001,-0.90740827442424,-0.523039103273874
143,c,h001,0.000324436377264,1.04875789161457
144,a,h001,0.907089563344666,-0.523671519892869
144,b,h001,-0.907408308922364,-0.523037989292976
144,c,h001,0.000324148993738,1.048757860045506
145,a,h001,0.907106360156256,-0.523687555243927
145,b,h001,-0.907403857083024,-0.523037052263902
145,c,h001,0.000327273822082,1.048752785823915
146,a,h001,0.906966034444975,-0.523508694067846
146,b,h001,-0.907209710565725,-0.522880465581848
146,c,h001,0.000341554959384,1.048725337808898
147,a,h001,0.907794268541006,-0.524383377824211
147,b,h001,-0.908095856858788,-0.523464037703708
147,c,h001,0.000446040400657,1.049221646411479
148,a,h001,0.907222293952914,-0.523882601740188
148,b,h001,-0.907595418578934,-0.523179333627931
148,c,h001,0.000327691961641,1.048748067964835
149,a,h001,0.907106174305096,-0.523686540887031
149,b,h001,-0.90740827442424,-0.523039103273874
149,c,h001,0.000324436377264,1.04875789161457
150,a,h001,0.907088690513142,-0.523670680583497
150,b,h001,-0.907408320421561,-0.523037976435472
150,c,h001,0.000324137494539,1.048757872903006
151,a,h001,0.907106216358972,-0.523688053532966
151,b,h001,-0.907404000880304,-0.523037550552928
151,c,h001,0.000327375414466,1.048751573413412
152,a,h001,0.90710653265923,-0.523687519320027
152,b,h001,-0.907391971552718,-0.523033626775386
152,c,h001,0.000327446325064,1.048752821747774
153,a,h001,0.906956440394193,-0.523496554333345
153,b,h001,-0.907196169733709,-0.52286962871008
153,c,h001,0.000342719782371,1.048723112298917
154,a,h001,0.907794268541006,-0.524383377824212
154,b,h001,-0.908095856858788,-0.523464037703708
154,c,h001,0.000446040400657,1.049221646411479
155,a,h001,0.907220822757464,-0.523883962045518
155,b,h001,-0.907595763843809,-0.523180494196286
155,c,h001,0.000328023442239,1.048743672519617
156,a,h001,0.907106174305097,-0.523686540887031
156,b,h001,-0.90740827442424,-0.523039103273874
156,c,h001,0.000324436377264,1.04875789161457
157,a,h001,0.907087380462391,-0.523669420846832
157,b,h001,-0.907408337680942,-0.523037957137382
157,c,h001,0.000324120235155,1.048757892201091
158,a,h001,0.907105835000024,-0.523689375025133
158,b,h001,-0.90740438223924,-0.52303887204506
158,c,h001,0.000327644843511,1.048748358028651
159,a,h001,0.90710654315887,-0.523687517133467
159,b,h001,-0.907391248122917,-0.523033418278128
159,c,h001,0.000327456824705,1.048752823934331
160,a,h001,0.906953679755693,-0.523493061187519
160,b,h001,-0.907192273429318,-0.522866510456267
160,c,h001,0.000343054954162,1.048722471919928
161,a,h001,0.907794268541007,-0.524383377824212
161,b,h001,-0.908095856858788,-0.523464037703708
161,c,h001,0.000446040400657,1.049221646411479
162,a,h001,0.907221021984957,-0.523883920550603
162,b,h001,-0.907582037012441,-0.523176537631066
162,c,h001,0.000328222669732,1.048743714014533
163,a,h001,0.907214849636542,-0.523889207679892
163,b,h001,-0.90759788199773,-0.523185447292681
163,c,h001,0.000328867798818,1.048726948395853
164,a,h001,0.907106174305096,-0.523686540887031
164,b,h001,-0.90740827442424,-0.523039103273873
164,c,h001,0.000324436377264,1.04875789161457
165,a,h001,0.907085801049779,-0.523667902093474
165,b,h001,-0.907408358489055,-0.523037933871377
165,c,h001,0.000324099427039,1.048757915467091
166,a,h001,0.907105702533224,-0.523689834051569
166,b,h001,-0.907404514706037,-0.523039331071484
166,c,h001,0.00032773843094,1.048747241149835
167,a,h001,0.907106552750847,-0.523687515135929
167,b,h001,-0.907390587231472,-0.523033227804839
167,c,h001,0.000327466416683,1.048752825931867
168,a,h001,0.906937996125726,-0.523473216065981
168,b,h001,-0.907170137899332,-0.522848795156371
168,c,h001,0.000344959118848,1.048718833824215
169,a,h001,0.907794268541007,-0.524383377824212
169,b,h001,-0.908095856858788,-0.523464037703708
169,c,h001,0.000446040400657,1.049221646411479
170,a,h001,0.907221059622397,-0.523883912711513
170,b,h001,-0.907579443782039,-0.523175790169037
170,c,h001,0.000328260307172,1.048743721853623
171,a,h001,0.907206919686664,-0.523896171814423
171,b,h001,-0.907600694071125,-0.523192023052099
171,c,h001,0.000329988771494,1.048704745352427
172,a,h001,0.907106174305096,-0.523686540887031
172,b,h001,-0.907408274424239,-0.523039103273873
172,c,h001,0.000324436377264,1.04875789161457
173,a,h001,0.907084607836325,-0.523666754706828
173,b,h001,-0.907408374209152,-0.523037916294393
173,c,h001,0.00032408370694,1.048757933044071
174,a,h001,0.907105702533232,-0.523689834051574
174,b,h001,-0.907404514706024,-0.523039331071474
174,c,h001,0.000327738430965,1.048747241149828
175,a,h001,0.907105661074001,-0.523689960049139
175,b,h001,-0.907404556165269,-0.523039457069052
175,c,h001,0.000325501551628,1.048738202415534
176,a,h001,0.907106556735486,-0.523687514306125
176,b,h001,-0.907390312688091,-0.523033148679619
176,c,h001,0.000327470401322,1.048752826761671
177,a,h001,0.906929137917389,-0.523462007422228
177,b,h001,-0.90715763561914,-0.522838789448664
177,c,h001,0.000346034602491,1.04871677900592
178,a,h001,0.907221137276022,-0.523883896537889
178,b,h001,-0.907574093425052,-0.523174248004221
178,c,h001,0.000328337960797,1.048743738027247
179,a,h001,0.907206073623314,-0.523895647194481
179,b,h001,-0.907600678012,-0.523191433009141
179,c,h001,0.000329831070035,1.048705135906624
180,a,h001,0.907206673826988,-0.523896919243901
180,b,h001,-0.907600939930802,-0.523192770481586
180,c,h001,0.000316725022394,1.048651127149746
181,a,h001,0.907106174305096,-0.523686540887031
181,b,h001,-0.907408274424239,-0.523039103273873
181,c,h001,0.000324436377264,1.04875789161457
182,a,h001,0.907083227080597,-0.523665426980695
182,b,h001,-0.907408392400043,-0.523037895954762
182,c,h001,0.000324065516047,1.048757953383697
183,a,h001,0.907105702533233,-0.523689834051574
183,b,h001,-0.907404514706022,-0.523039331071472
183,c,h001,0.000327738430969,1.048747241149827
184,a,h001,0.907105656596366,-0.523689973656997
184,b,h001,-0.907404560642906,-0.523039470676909
184,c,h001,0.000325259966535,1.048737226223631
185,a,h001,0.907106565324328,-0.52368751251749
185,b,h001,-0.90738972091311,-0.523032978126152
185,c,h001,0.000327478990165,1.048752828550303
186,a,h001,0.906922562225582,-0.523453686937533
186,b,h001,-0.907148354832517,-0.522831361936498
186,c,h001,0.000346832963595,1.048715253657756
187,a,h001,0.90720274413709,-0.523893582674289
187,b,h001,-0.907600614815041,-0.523189111031832
187,c,h001,0.000329210472494,1.048706672842148
188,a,h001,0.907205656265917,-0.52390001269604
188,b,h001,-0.907601957491879,-0.523195863933762
188,c,h001,0.000261829177066,1.048429212777043
189,a,h001,0.907106174305096,-0.523686540887031
189,b,h001,-0.907408274424239,-0.523039103273873
189,c,h001,0.000324436377264,1.048757891614569
190,a,h001,0.907081928814009,-0.523664178575607
190,b,h001,-0.907408409504173,-0.523037876830263
190,c,h001,0.000324048411915,1.048757972508193
191,a,h001,0.907105702533233,-0.523689834051574
191,b,h001,-0.907404514706022,-0.523039331071472
191,c,h001,0.000327738430969,1.048747241149827
192,a,h001,0.907105702533234,-0.523689834051575
192,b,h001,-0.907404514706021,-0.523039331071472
192,c,h001,0.000327738430971,1.048747241149826
193,a,h001,0.907105652265259,-0.52368998681954
193,b,h001,-0.907404564974012,-0.523039483839452
193,c,h001,0.000325026287263,1.048736281977403
194,a,h001,0.907106587200008,-0.523687507961861
194,b,h001,-0.907388213669253,-0.523032543728495
194,c,h001,0.000327500865845,1.04875283310593
195,a,h001,0.906916650372544,-0.523446206434467
195,b,h001,-0.907140010973316,-0.522824684257305
195,c,h001,0.000347550727391,1.04871388229875
196,a,h001,0.907196799500408,-0.523889896573301
196,b,h001,-0.907600501979925,-0.523184965253609
196,c,h001,0.000328102425589,1.048709416966219
197,a,h001,0.907205547945118,-0.52390034199858
197,b,h001,-0.907602065812679,-0.523196193236302
197,c,h001,0.000255985438495,1.048405589665381
198,a,h001,0.907205603928069,-0.523900171806384
198,b,h001,-0.907602009829728,-0.523196023044111
198,c,h001,0.000259005630557,1.048417798709002
199,a,h001,0.907106174305096,-0.523686540887031
199,b,h001,-0.907408274424239,-0.523039103273873
199,c,h001,0.000324436377264,1.048757891614569
200,a,h001,0.90708053195549,-0.523662835365131
200,b,h001,-0.907408427907211,-0.523037856253425
200,c,h001,0.000324030008874,1.048757993085027
201,a,h001,0.907105702533233,-0.523689834051574
201,b,h001,-0.907404514706022,-0.523039331071472
201,c,h001,0.000327738430969,1.048747241149827
202,a,h001,0.907105702533234,-0.523689834051575
202,b,h001,-0.90740451470602,-0.523039331071471
202,c,h001,0.000327738430972,1.048747241149826
203,a,h001,0.907105648800809,-0.523689997348256
203,b,h001,-0.907404568438464,-0.523039494368168
203,c,h001,0.000324839367254,1.04873552667501
204,a,h001,0.907106600034359,-0.523687505289096
204,b,h001,-0.907387329376905,-0.523032288869586
204,c,h001,0.000327513700196,1.048752835778693
205,a,h001,0.906909306173209,-0.523436913526595
205,b,h001,-0.907129645532092,-0.522816388684533
205,c,h001,0.000348442393737,1.048712178681655
206,a,h001,0.907182251635553,-0.523875904143822
206,b,h001,-0.907600693638573,-0.523184750905221
206,c,h001,0.000327910766941,1.048709631314607
207,a,h001,0.907197118480715,-0.523889817739964
207,b,h001,-0.907599868780849,-0.523184525676127
207,c,h001,0.000328421405896,1.048709495799555
208,a,h001,0.90720527408338,-0.523901174556741
208,b,h001,-0.907602339674416,-0.523197025794463
208,c,h001,0.000241211023973,1.048345864604149
209,a,h001,0.907205596530062,-0.523900194296789
209,b,h001,-0.907602017227735,-0.523196045534517
209,c,h001,0.000258606519453,1.048416185319146
210,a,h001,0.907106174305096,-0.523686540887031
210,b,h001,-0.907408274424239,-0.523039103273873
210,c,h001,0.000324436377264,1.048757891614569
211,a,h001,0.907078396578123,-0.523660781999517
211,b,h001,-0.907408456039932,-0.523037824797617
211,c,h001,0.00032400187615,1.048758024540828
212,a,h001,0.907105702533235,-0.523689834051575
212,b,h001,-0.907404514706019,-0.52303933107147
212,c,h001,0.000327738430973,1.048747241149826
213,a,h001,0.9071056460411,-0.523690005735208
213,b,h001,-0.907404571198173,-0.52303950275512
213,c,h001,0.000324690470735,1.048734925017128
214,a,h001,0.907106609023581,-0.523687503417082
214,b,h001,-0.907386710015561,-0.523032110365547
214,c,h001,0.000327522689418,1.048752837650705
215,a,h001,0.906895753676433,-0.523419765012749
215,b,h001,-0.907110517836565,-0.522801080586522
215,c,h001,0.00035008781548,1.048709034940025
216,a,h001,0.907134634536408,-0.523830105058638
216,b,h001,-0.907601320962853,-0.523184049314401
216,c,h001,0.00032728344266,1.048710332905427
217,a,h001,0.907197694185615,-0.523889675459275
217,b,h001,-0.907598725964812,-0.523183732313953
217,c,h001,0.000328997110796,1.048709638080243
218,a,h001,0.907205590563778,-0.523900212434666
218,b,h001,-0.907602023194019,-0.523196063672394
218,c,h001,0.000258284647617,1.048414884165782
219,a,h001,0.907106174305096,-0.523686540887031
219,b,h001,-0.907408274424239,-0.523039103273873
219,c,h001,0.000324436377264,1.048757891614569
220,a,h001,0.907072565091354,-0.523655174478059
220,b,h001,-0.907408532867379,-0.523037738895177
220,c,h001,0.000323925048694,1.048758110443252
221,a,h001,0.907105702533235,-0.523689834051575
221,b,h001,-0.907404514706018,-0.52303933107147
221,c,h001,0.000327738430974,1.048747241149826
222,a,h001,0.907105640206636,-0.523690023466568
222,b,h001,-0.90740457703264,-0.52303952048648
222,c,h001,0.000324375679649,1.048733653016011
223,a,h001,0.907106626315228,-0.523687499816082
223,b,h001,-0.907385518613561,-0.523031766995604
223,c,h001,0.000327539981066,1.048752841251704
224,a,h001,0.906883938048818,-0.523404814228616
224,b,h001,-0.907093841519926,-0.522787734353086
224,c,h001,0.000351522362258,1.048706294095956
225,a,h001,0.907114107599891,-0.52381036183759
225,b,h001,-0.907601591391878,-0.523183746870311
225,c,h001,0.000327013013636,1.048710635349517
226,a,h001,0.9071978997444,-0.523889624657127
226,b,h001,-0.907598317915696,-0.523183449039371
226,c,h001,0.00032920266958,1.048709688882391
227,a,h001,0.907205585795835,-0.523900226929514
227,b,h001,-0.907602027961962,-0.523196078167241
227,c,h001,0.0002580274244,1.048413844351742
228,a,h001,0.907072067880025,-0.523654696362732
228,b,h001,-0.907408539417934,-0.523037731570859
228,c,h001,0.000323918498138,1.048758117767569
229,a,h001,0.907105702533235,-0.523689834051575
229,b,h001,-0.907404514706018,-0.523039331071471
229,c,h001,0.000327738430976,1.048747241149826
230,a,h001,0.907105635611856,-0.523690037430438
230,b,h001,-0.907404581627422,-0.523039534450349
230,c,h001,0.000324127774155,1.048732651284765
231,a,h001,0.907106634921888,-0.523687498023738
231,b,h001,-0.907384925610976,-0.523031596088333
231,c,h001,0.000327548587725,1.048752843044047
232,a,h001,0.906875900506768,-0.523394644006597
232,b,h001,-0.907082497510062,-0.522778655621433
232,c,h001,0.000352498208014,1.04870442964574
233,a,h001,0.907198288698062,-0.523889543644757
233,b,h001,-0.907571518904578,-0.523175724498178
233,c,h001,0.000329591623244,1.048709769894761
234,a,h001,0.907197899744399,-0.523889624657126
234,b,h001,-0.907598317915696,-0.523183449039371
234,c,h001,0.00032920266958,1.048709688882391
235,a,h001,0.907205578517524,-0.523900249056037
235,b,h001,-0.907602035240273,-0.523196100293765
235,c,h001,0.000257634770679,1.048412257065582
236,a,h001,0.907071838222759,-0.523654475525731
236,b,h001,-0.907408542443574,-0.523037728187824
236,c,h001,0.000323915472497,1.048758121150602
237,a,h001,0.907105702533236,-0.523689834051576
237,b,h001,-0.907404514706017,-0.52303933107147
237,c,h001,0.000327738430977,1.048747241149826
238,a,h001,0.907105632424687,-0.523690047116473
238,b,h001,-0.907404584814591,-0.523039544136384
238,c,h001,0.000323955814556,1.048731956434082
239,a,h001,0.907106641033148,-0.523687496751062
239,b,h001,-0.907384504542543,-0.523031474733623
239,c,h001,0.000327554698985,1.048752844316721
240,a,h001,0.906870620529892,-0.523387963041601
240,b,h001,-0.907075045466962,-0.522772691672143
240,c,h001,0.000353139255114,1.0487032048616
241,a,h001,0.907198345182653,-0.523889531879987
241,b,h001,-0.907567627101216,-0.523174602725616
241,c,h001,0.000329648107835,1.048709781659531
242,a,h001,0.907205569985877,-0.52390027499278
242,b,h001,-0.90760204377192,-0.523196126230508
242,c,h001,0.000257174501433,1.048410396446509
243,a,h001,0.907071592576526,-0.52365423931384
243,b,h001,-0.907408545679863,-0.52303772456926
243,c,h001,0.000323912236208,1.048758124769166
244,a,h001,0.907105702533236,-0.523689834051576
244,b,h001,-0.907404514706017,-0.52303933107147
244,c,h001,0.000327738430978,1.048747241149826
245,a,h001,0.907105629245111,-0.523690056779434
245,b,h001,-0.907404587994168,-0.523039553799344
245,c,h001,0.000323784264614,1.048731263238726
246,a,h001,0.907106710943349,-0.523687482192203
246,b,h001,-0.907379687699418,-0.523030086487548
246,c,h001,0.000327624609184,1.048752858875571
247,a,h001,0.906859257120486,-0.523373584467176
247,b,h001,-0.907059007401145,-0.522759856237624
247,c,h001,0.000354518897643,1.048700568917552
248,a,h001,0.907198438414228,-0.523889512461274
248,b,h001,-0.907561203421793,-0.523172751152989
248,c,h001,0.000329741339409,1.048709801078244
249,a,h001,0.907198425328754,-0.523889515187107
249,b,h001,-0.907562105012559,-0.523173011052624
249,c,h001,0.000329728253935,1.048709798352411
250,a,h001,0.907205556881775,-0.523900314830077
250,b,h001,-0.907602056876022,-0.523196166067805
250,c,h001,0.000256467555197,1.048407538646073
251,a,h001,0.90707135785073,-0.523654013602972
251,b,h001,-0.907408548772279,-0.523037721111563
251,c,h001,0.000323909143792,1.048758128226863
252,a,h001,0.907105702533236,-0.523689834051576
252,b,h001,-0.907404514706017,-0.52303933107147
252,c,h001,0.000327738430978,1.048747241149826
253,a,h001,0.907105624593534,-0.523690070915914
253,b,h001,-0.907404592645748,-0.523039567935825
253,c,h001,0.000323533294682,1.048730249124769
254,a,h001,0.907106731558723,-0.523687477899034
254,b,h001,-0.907378267291226,-0.523029677116504
254,c,h001,0.000327645224558,1.048752863168737
255,a,h001,0.906855984983169,-0.523370439188084
255,b,h001,-0.90705905051149,-0.522759808053317
255,c,h001,0.000354475787295,1.04870061710186
256,a,h001,0.90685201855234,-0.523364301222707
256,b,h001,-0.907048277125802,-0.52275148133954
256,c,h001,0.000355544324902,1.048698700737258
257,a,h001,0.90720550892968,-0.523900460607467
257,b,h001,-0.907602104828117,-0.523196311845195
257,c,h001,0.000253880613159,1.048397081041656
258,a,h001,0.907071096356136,-0.523653762151396
258,b,h001,-0.907408552217364,-0.52303771725954
258,c,h001,0.000323905698707,1.048758132078887
259,a,h001,0.907105702533235,-0.523689834051576
259,b,h001,-0.907404514706017,-0.52303933107147
259,c,h001,0.000327738430978,1.048747241149826
260,a,h001,0.907105607098718,-0.523690124083923
260,b,h001,-0.907404610140568,-0.523039621103832
260,c,h001,0.000322589384283,1.048726434991724
261,a,h001,0.907106736170994,-0.523687476938525
261,b,h001,-0.90737794950373,-0.523029585528044
261,c,h001,0.000327649836829,1.048752864129246
262,a,h001,0.906855532659571,-0.523370004400721
262,b,h001,-0.907059056470844,-0.522759801392564
262,c,h001,0.00035446982794,1.048700623762613
263,a,h001,0.90682487497786,-0.523329490410327
263,b,h001,-0.907008040158761,-0.522720076693579
263,c,h001,0.000359389527521,1.048691695333717
264,a,h001,0.907205275546796,-0.523901170106141
264,b,h001,-0.907602338211001,-0.523197021343869
264,c,h001,0.000241289964269,1.0483461838729
265,a,h001,0.907070556594604,-0.523653243120059
265,b,h001,-0.907408559328502,-0.523037709308423
265,c,h001,0.00032389858757,1.048758140030003
266,a,h001,0.907105702533235,-0.523689834051575
266,b,h001,-0.907404514706017,-0.52303933107147
266,c,h001,0.000327738430978,1.048747241149826
267,a,h001,0.907105603015411,-0.523690136493387
267,b,h001,-0.907404614223877,-0.523039633513297
267,c,h001,0.00032236907468,1.048725544769373
268,a,h001,0.90710679589129,-0.523687464501658
268,b,h001,-0.90737383474967,-0.523028399624195
268,c,h001,0.000327709557125,1.048752876566113
269,a,h001,0.907106738111422,-0.523687476534431
269,b,h001,-0.907377815807367,-0.523029546996021
269,c,h001,0.000327651777257,1.048752864533339
270,a,h001,0.906855324709786,-0.523369804512987
270,b,h001,-0.907059059210578,-0.522759798330371
270,c,h001,0.000354467088205,1.048700626824807
271,a,h001,0.90682485274047,-0.523329557983069
271,b,h001,-0.907008062396149,-0.522720144266322
271,c,h001,0.000358189694506,1.048686847828323
272,a,h001,0.906815832496094,-0.523317561745083
272,b,h001,-0.906994449087114,-0.522709292181347
272,c,h001,0.000360774031042,1.048689884148345
273,a,h001,0.907069994436467,-0.523652702552286
273,b,h001,-0.907408566734705,-0.523037701027387
273,c,h001,0.000323891181366,1.04875814831104
274,a,h001,0.907105702533235,-0.523689834051575
274,b,h001,-0.907404514706017,-0.52303933107147
274,c,h001,0.000327738430978,1.048747241149826
275,a,h001,0.907105601144741,-0.523690142178486
275,b,h001,-0.907404616094547,-0.523039639198396
275,c,h001,0.000322268145111,1.048725136935318
276,a,h001,0.90710685507618,-0.52368745217629
276,b,h001,-0.907369756885359,-0.523027224352256
276,c,h001,0.000327768742014,1.04875288889148
277,a,h001,0.907106740386452,-0.523687476060657
277,b,h001,-0.9073776590568,-0.523029501819651
277,c,h001,0.000327654052287,1.048752865007113
278,a,h001,0.906855077725034,-0.523369567103642
278,b,h001,-0.907059062464597,-0.522759794693363
278,c,h001,0.000354463834186,1.048700630461815
279,a,h001,0.906824851124055,-0.523329562894865
279,b,h001,-0.907008064012564,-0.522720149178118
279,c,h001,0.000358102479813,1.048686495467876
280,a,h001,0.906783053499691,-0.523274320333572
280,b,h001,-0.906945181452392,-0.522670198324507
280,c,h001,0.000365792856307,1.048683318601371
281,a,h001,0.907067856749134,-0.523650646965424
281,b,h001,-0.907408594897862,-0.523037669537554
281,c,h001,0.000323863018208,1.048758179800873
282,a,h001,0.907105702533234,-0.523689834051575
282,b,h001,-0.907404514706017,-0.52303933107147
282,c,h001,0.000327738430977,1.048747241149826
283,a,h001,0.907105599914917,-0.52369014591601
283,b,h001,-0.907404617324371,-0.52303964293592
283,c,h001,0.00032220179154,1.048724868815222
284,a,h001,0.907106742442447,-0.523687475632496
284,b,h001,-0.907377517397895,-0.52302946099278
284,c,h001,0.000327656108281,1.048752865435273
285,a,h001,0.906854696657106,-0.523369200809423
285,b,h001,-0.907059067485159,-0.522759789081895
285,c,h001,0.000354458813623,1.048700636073284
286,a,h001,0.906824849791756,-0.523329566943322
286,b,h001,-0.907008065344862,-0.522720153226575
286,c,h001,0.000358030594737,1.048686205041383
287,a,h001,0.906762410548522,-0.52324954270116
287,b,h001,-0.906937889310235,-0.522655002035101
287,c,h001,0.000361353011166,1.048689677888301
288,a,h001,0.90678224168059,-0.523271485459698
288,b,h001,-0.906935782452602,-0.522666251713459
288,c,h001,0.000368212175581,1.048679710935347
289,a,h001,0.907056507461967,-0.523639733561378
289,b,h001,-0.907408744420085,-0.523037502353534
289,c,h001,0.000323713495986,1.048758346984893
290,a,h001,0.907105702533234,-0.523689834051575
290,b,h001,-0.907404514706017,-0.52303933107147
290,c,h001,0.000327738430977,1.048747241149826
291,a,h001,0.907105595422294,-0.523690159569477
291,b,h001,-0.907404621816994,-0.523039656589387
291,c,h001,0.000321959398185,1.048723889351467
292,a,h001,0.907105599403404,-0.523690147470528
292,b,h001,-0.907404617835884,-0.523039644490438
292,c,h001,0.000322174193446,1.048724757298151
293,a,h001,0.907106744524758,-0.523687475198855
293,b,h001,-0.907377373925738,-0.52302941964332
293,c,h001,0.000327658190593,1.048752865868914
294,a,h001,0.906854357098799,-0.523368874415528
294,b,h001,-0.907059071958833,-0.522759784081682
294,c,h001,0.000354454339948,1.048700641073498
295,a,h001,0.906824847899327,-0.523329572693842
295,b,h001,-0.90700806723729,-0.522720158977095
295,c,h001,0.000357928487529,1.048685792512944
296,a,h001,0.906752909048332,-0.523238138097374
296,b,h001,-0.906934532896245,-0.522648007514526
296,c,h001,0.000359309447283,1.048692604929376
297,a,h001,0.906778839377374,-0.523259604610285
297,b,h001,-0.90689639159921,-0.522649711615509
297,c,h001,0.000378351451353,1.048664591343199
298,a,h001,0.907105593358572,-0.523690165841302
298,b,h001,-0.907404623880715,-0.523039662861211
298,c,h001,0.000321848052938,1.048723439427282
299,a,h001,0.907105599041388,-0.523690148570716
299,b,h001,-0.907404618197901,-0.523039645590626
299,c,h001,0.000322154661289,1.048724678373535
300,a,h001,0.907106746763663,-0.523687474732604
300,b,h001,-0.907377219664169,-0.523029375184292
300,c,h001,0.000327660429498,1.048752866335166
301,a,h001,0.906854093099909,-0.52336862065167
301,b,h001,-0.907059075437013,-0.52275978019413
301,c,h001,0.000354450861768,1.048700644961051
302,a,h001,0.906824839399391,-0.523329598522583
302,b,h001,-0.907008075737222,-0.522720184805837
302,c,h001,0.000357469868019,1.048683939621314
303,a,h001,0.906690838982068,-0.523163635703165
303,b,h001,-0.906912606586233,-0.52260231469267
303,c,h001,0.000345959540101,1.0487117262923
304,a,h001,0.906778088356238,-0.523256982043024
304,b,h001,-0.906887696500156,-0.522646060570211
304,c,h001,0.000380589585326,1.048661253858984
305,a,h001,0.907105589865762,-0.52369017645625
305,b,h001,-0.907404627373526,-0.523039673476159
305,c,h001,0.000321659603156,1.048722677938872
306,a,h001,0.907105598620108,-0.523690149851011
306,b,h001,-0.907404618619182,-0.523039646870921
306,c,h001,0.000322131931614,1.048724586528542
307,a,h001,0.907106759748072,-0.523687472028603
307,b,h001,-0.90737632503266,-0.523029117346598
307,c,h001,0.000327673413907,1.048752869039165
308,a,h001,0.90685376448746,-0.523368304779271
308,b,h001,-0.907059079766475,-0.522759775355102
308,c,h001,0.000354446532305,1.04870064980008
309,a,h001,0.906824837763063,-0.52332960349489
309,b,h001,-0.907008077373549,-0.522720189778144
309,c,h001,0.000357381578898,1.048683582920021
310,a,h001,0.906686202849659,-0.523158070976314
310,b,h001,-0.906910968868046,-0.522598901808086
310,c,h001,0.000344962409905,1.048713154503606
311,a,h001,0.906777838807175,-0.523256110617214
311,b,h001,-0.906884807295426,-0.522644847402048
311,c,h001,0.000381333271766,1.048660144880798
312,a,h001,0.90710558316154,-0.523690196830954
312,b,h001,-0.907404634077748,-0.523039693850864
312,c,h001,0.000321297886029,1.048721216311286
313,a,h001,0.907105597814333,-0.523690152299806
313,b,h001,-0.907404619424956,-0.523039649319715
313,c,h001,0.000322088457018,1.048724410858455
314,a,h001,0.90710681466721,-0.523687460591705
314,b,h001,-0.907372541079815,-0.523028026790695
314,c,h001,0.000327728333045,1.048752880476063
315,a,h001,0.906853424606372,-0.523367978075109
315,b,h001,-0.9070590842444,-0.522759770350135
315,c,h001,0.000354442054378,1.048700654805047
316,a,h001,0.906824836551497,-0.523329607176474
316,b,h001,-0.907008078585115,-0.522720193459728
316,c,h001,0.000357316208063,1.048683318812041
317,a,h001,0.906685116763636,-0.523157027190602
317,b,h001,-0.906910983177415,-0.522598885817526
317,c,h001,0.000344948100535,1.048713170494167
318,a,h001,0.906610155803216,-0.523064332884213
318,b,h001,-0.906877375706922,-0.522540291614754
318,c,h001,0.000330293377478,1.048735411680765
319,a,h001,0.906777708560115,-0.52325565579423
319,b,h001,-0.906883299333759,-0.522644214213592
319,c,h001,0.000381721423783,1.04865956607218
320,a,h001,0.907105563423181,-0.523690256817511
320,b,h001,-0.907404653816107,-0.523039753837421
320,c,h001,0.000320232929944,1.048716913033737
321,a,h001,0.907105594724047,-0.523690161691357
321,b,h001,-0.907404622515242,-0.523039658711267
321,c,h001,0.000321921724383,1.048723737133129
322,a,h001,0.906853023698181,-0.523367592709817
322,b,h001,-0.907059089526357,-0.522759764446506
322,c,h001,0.00035443677242,1.048700660708678
323,a,h001,0.906824835155905,-0.52332961141726
323,b,h001,-0.907008079980707,-0.522720197700515
323,c,h001,0.000357240907946,1.048683014588268
324,a,h001,0.906679523093468,-0.523151651379775
324,b,h001,-0.906911056874979,-0.522598803461327
324,c,h001,0.000344874402969,1.048713252850372
325,a,h001,0.906573660850604,-0.523019348004599
325,b,h001,-0.906861254359932,-0.522512164602223
325,c,h001,0.000323253713633,1.048746092892774
326,a,h001,0.906777597064578,-0.523255266451597
326,b,h001,-0.906882008471632,-0.522643672184562
326,c,h001,0.000382053693992,1.048659070593987
327,a,h001,0.907105584178074,-0.52369019374116
327,b,h001,-0.907404633061216,-0.52303969076107
327,c,h001,0.000321352729158,1.048721437964193
328,a,h001,0.906852795233878,-0.523367373102898
328,b,h001,-0.907059092536369,-0.522759761082223
328,c,h001,0.000354433762407,1.048700664072961
329,a,h001,0.906824833771497,-0.523329615624059
329,b,h001,-0.907008081365115,-0.522720201907314
329,c,h001,0.000357166211312,1.04868271280266
330,a,h001,0.906677570237069,-0.523149774582206
330,b,h001,-0.906911082604197,-0.522598774709215
330,c,h001,0.00034484867375,1.048713281602487
331,a,h001,0.906573616719262,-0.52301948211968
331,b,h001,-0.906861298491273,-0.522512298717304
331,c,h001,0.000320872647345,1.048736471823644
332,a,h001,0.906504026013575,-0.522930479001889
332,b,h001,-0.906829505088613,-0.522455778306122
332,c,h001,0.000310841401586,1.048771766072234
333,a,h001,0.906777470258408,-0.523254823644211
333,b,h001,-0.906880540347577,-0.522643055723796
333,c,h001,0.000382431591737,1.048658507076443
334,a,h001,0.906851763124099,-0.523366381007215
334,b,h001,-0.907059106134392,-0.522759745883748
334,c,h001,0.00035442016438,1.048700679271437
335,a,h001,0.906824821609323,-0.523329652581253
335,b,h001,-0.907008093527288,-0.522720238864508
335,c,h001,0.000356509993147,1.048680061582826
336,a,h001,0.906673319971458,-0.523145689853717
336,b,h001,-0.906911138602175,-0.522598712132104
336,c,h001,0.00034479267577,1.048713344179603
337,a,h001,0.906573599241063,-0.523019535235901
337,b,h001,-0.906861315969472,-0.522512351833525
337,c,h001,0.000319929627048,1.04873266140328
338,a,h001,0.906505292904345,-0.522930215360241
338,b,h001,-0.906742214759488,-0.522430634208764
338,c,h001,0.000312108292398,1.048772029713897
339,a,h001,0.906486363189349,-0.522915442772763
339,b,h001,-0.906834881022813,-0.522448984157141
339,c,h001,0.000303579632453,1.048775315509406
340,a,h001,0.906777370356984,-0.523254474788245
340,b,h001,-0.906879383718641,-0.52264257005887
340,c,h001,0.000382729310084,1.048658063121659
341,a,h001,0.906851361448405,-0.523365994904176
341,b,h001,-0.90705911142646,-0.522759739968816
341,c,h001,0.00035441487231,1.048700685186368
342,a,h001,0.90682479674821,-0.523329728126712
342,b,h001,-0.907008118388402,-0.522720314409966
342,c,h001,0.000355168595235,1.048674642134016
343,a,h001,0.906671627729278,-0.523144063524751
343,b,h001,-0.906911160897761,-0.522598687217109
343,c,h001,0.000344770380184,1.048713369094598
344,a,h001,0.906672476925382,-0.523144879639971
344,b,h001,-0.906911149709449,-0.522598699719816
344,c,h001,0.000344781568495,1.048713356591893
345,a,h001,0.906505929839556,-0.522930082813179
345,b,h001,-0.906698329141597,-0.522417992897178
345,c,h001,0.00031274522763,1.048772162260966
346,a,h001,0.906471231323034,-0.52290256112903
346,b,h001,-0.906839486623627,-0.522443163561703
346,c,h001,0.000297358423528,1.04877835633731
347,a,h001,0.906777286600184,-0.523254182309341
347,b,h001,-0.906878414007364,-0.522642162880094
347,c,h001,0.000382978915492,1.048657690912434
348,a,h001,0.906851221906647,-0.523365860772343
348,b,h001,-0.90705911326492,-0.522759737913975
348,c,h001,0.00035441303385,1.04870068724121
349,a,h001,0.90666909562454,-0.523141630046064
349,b,h001,-0.906911194258682,-0.522598649936761
349,c,h001,0.000344737019263,1.048713406374946
350,a,h001,0.90667235953922,-0.523144766825398
350,b,h001,-0.906911151256031,-0.522598697991523
350,c,h001,0.000344780021913,1.048713358320186
351,a,h001,0.906505989112631,-0.522930070478374
351,b,h001,-0.906694245154024,-0.522416816499035
351,c,h001,0.000312804500706,1.048772174595773
352,a,h001,0.906460587465458,-0.522893500093306
352,b,h001,-0.906842726234532,-0.522439069315326
352,c,h001,0.0002929823829,1.048780495276318
353,a,h001,0.906777211025058,-0.523253918400858
353,b,h001,-0.906877539021075,-0.522641795476047
353,c,h001,0.000383204138521,1.048657355061983
354,a,h001,0.906851116780502,-0.523365759721858
354,b,h001,-0.907059114649955,-0.522759736365925
354,c,h001,0.000354411648815,1.04870068878926
355,a,h001,0.906672232049585,-0.523144644300832
355,b,h001,-0.906911152935728,-0.522598696114475
355,c,h001,0.000344778342215,1.048713360197235
356,a,h001,0.906506013591669,-0.522930065384254
356,b,h001,-0.906692558518196,-0.522416330661304
356,c,h001,0.000312828979746,1.048772179689893
357,a,h001,0.906447138729842,-0.522882051286049
357,b,h001,-0.906846819550347,-0.5224338961498
357,c,h001,0.000287453164474,1.048783197870281
358,a,h001,0.906777148476416,-0.523253699980884
358,b,h001,-0.90687681485154,-0.522641491399491
358,c,h001,0.000383390541048,1.048657077100297
359,a,h001,0.906851039865406,-0.523365685788701
359,b,h001,-0.907059115663309,-0.522759735233301
359,c,h001,0.00035441063546,1.048700689921884
360,a,h001,0.906672120377822,-0.523144536978113
360,b,h001,-0.906911154407022,-0.522598694470315
360,c,h001,0.000344776870921,1.048713361841394
361,a,h001,0.90650603086417,-0.522930061789824
361,b,h001,-0.906691368421698,-0.522415987852398
361,c,h001,0.000312846252247,1.048772183284324
362,a,h001,0.906438711863246,-0.522874877558035
362,b,h001,-0.90684938438821,-0.522430654687033
362,c,h001,0.000283988601901,1.048784891293324
363,a,h001,0.906777075916293,-0.523253446600797
363,b,h001,-0.906875974772056,-0.522641138652705
363,c,h001,0.000383606779002,1.048656754648303
364,a,h001,0.906851000807486,-0.523365648245026
364,b,h001,-0.907059116177897,-0.522759734658148
364,c,h001,0.000354410120873,1.048700690497037
365,a,h001,0.906672001726574,-0.523144422947724
365,b,h001,-0.906911155970272,-0.522598692723396
365,c,h001,0.000344775307671,1.048713363588314
366,a,h001,0.906506048531254,-0.52293005811328
366,b,h001,-0.906690151137943,-0.522415637212166
366,c,h001,0.000312863919332,1.048772186960867
367,a,h001,0.906425771503582,-0.522863861527395
367,b,h001,-0.906853322972504,-0.522425677072452
367,c,h001,0.000278668393583,1.048787491726472
368,a,h001,0.906776996167642,-0.523253168118356
368,b,h001,-0.906875051465934,-0.522640750959309
368,c,h001,0.000383844439641,1.048656400251006
369,a,h001,0.906850943384051,-0.523365593047853
369,b,h001,-0.907059116934449,-0.522759733812552
369,c,h001,0.00035440936432,1.048700691342634
370,a,h001,0.906671832385847,-0.523144260201951
370,b,h001,-0.906911158201365,-0.522598690230168
370,c,h001,0.000344773076578,1.048713366081542
371,a,h001,0.906506069377152,-0.522930053775222
371,b,h001,-0.906688714830061,-0.522415223481738
371,c,h001,0.000312884765229,1.048772191298925
372,a,h001,0.906412871481971,-0.522852879836234
372,b,h001,-0.906857249279334,-0.52242071497423
372,c,h001,0.000273364769566,1.048790084053478
373,a,h001,0.906776561406173,-0.523251649930472
373,b,h001,-0.906870017927155,-0.522638637391884
373,c,h001,0.000385140081483,1.048654468202147
374,a,h001,0.906850847123621,-0.523365500519365
374,b,h001,-0.907059118202678,-0.522759732395055
374,c,h001,0.000354408096091,1.04870069276013
375,a,h001,0.906671626521155,-0.523144062354636
375,b,h001,-0.906911160913667,-0.522598687199193
375,c,h001,0.000344770364276,1.048713369112517
376,a,h001,0.906506095672763,-0.522930048303071
376,b,h001,-0.906686903030261,-0.522414701590355
376,c,h001,0.00031291106084,1.048772196771076
377,a,h001,0.906398397256963,-0.522840558037589
377,b,h001,-0.906861654717573,-0.52241514734587
377,c,h001,0.000267413938654,1.048792992724913
378,a,h001,0.90677354685722,-0.523239390153673
378,b,h001,-0.90683182507958,-0.522621891021504
378,c,h001,0.000395226759391,1.048641794225016
379,a,h001,0.906776553889474,-0.523251672769639
379,b,h001,-0.90687002544385,-0.522638660231045
379,c,h001,0.000384734503193,1.048652829772342
380,a,h001,0.906850417760503,-0.523365087802322
380,b,h001,-0.907059123859529,-0.522759726072409
380,c,h001,0.00035440243924,1.048700699082776
381,a,h001,0.906670350506029,-0.523142836033768
381,b,h001,-0.906911177725382,-0.52259866841224
381,c,h001,0.000344753552561,1.048713387899471
382,a,h001,0.906506119223043,-0.522930043402227
382,b,h001,-0.90668528038708,-0.522414234185792
382,c,h001,0.000312934611121,1.04877220167192
383,a,h001,0.906387923197828,-0.522831641549998
383,b,h001,-0.906864842647884,-0.522411118413845
383,c,h001,0.000263107707762,1.048795097542034
384,a,h001,0.906770659605221,-0.523227648076959
384,b,h001,-0.906795245021594,-0.52260585180897
384,c,h001,0.000404887501812,1.048629655438625
385,a,h001,0.906776507735943,-0.523251813005206
385,b,h001,-0.90687007159741,-0.522638800466598
385,c,h001,0.000382244197899,1.048642769592794
386,a,h001,0.906776553889473,-0.523251672769638
386,b,h001,-0.906870025443842,-0.522638660231041
386,c,h001,0.000384734503193,1.048652829772342
387,a,h001,0.906848839433758,-0.52336357066608
387,b,h001,-0.907059144653953,-0.522759702830541
387,c,h001,0.000354381644816,1.048700722324644
388,a,h001,0.906665984325993,-0.523138639894098
388,b,h001,-0.90691123525054,-0.522598604128347
388,c,h001,0.000344696027403,1.048713452183364
389,a,h001,0.906506137857787,-0.522930039524313
389,b,h001,-0.906683996430427,-0.522413864340342
389,c,h001,0.000312953245864,1.048772205549835
390,a,h001,0.906375439080462,-0.522821013914988
390,b,h001,-0.906868642368284,-0.522406316296574
390,c,h001,0.000257975075687,1.0487976062909
391,a,h001,0.90677053107293,-0.523227125352921
391,b,h001,-0.906793616580896,-0.522605137788603
391,c,h001,0.000405317570735,1.048629115054196
392,a,h001,0.906776490867975,-0.523251864257821
392,b,h001,-0.906870088465389,-0.522638851719208
392,c,h001,0.000381334053207,1.0486390928472
393,a,h001,0.906776553889466,-0.523251672769632
393,b,h001,-0.906870025443802,-0.522638660231016
393,c,h001,0.000384734503195,1.048652829772342
394,a,h001,0.906506169839488,-0.522930032868879
394,b,h001,-0.906681792852004,-0.522413229596597
394,c,h001,0.000312985227566,1.048772212205268
395,a,h001,0.906357324819554,-0.522805593381218
395,b,h001,-0.906874155703722,-0.522399348498803
395,c,h001,0.000250527706056,1.048801246446641
396,a,h001,0.906770457806372,-0.523227347970121
396,b,h001,-0.906793689847488,-0.522605360405813
396,c,h001,0.000401364329467,1.048613145003074
397,a,h001,0.906768868392348,-0.523215376472126
397,b,h001,-0.90676307983224,-0.522589883086894
397,c,h001,0.000414054890446,1.048624203734298
398,a,h001,0.906776489151036,-0.523251869474666
398,b,h001,-0.906870090182329,-0.522638856936052
398,c,h001,0.000381241412402,1.04863871860267
399,a,h001,0.906776553889466,-0.523251672769632
399,b,h001,-0.9068700254438,-0.522638660231015
399,c,h001,0.000384734503195,1.048652829772342
400,a,h001,0.90650628148416,-0.522930009635478
400,b,h001,-0.906674100397362,-0.522411013774635
400,c,h001,0.000313096872237,1.04877223543867
401,a,h001,0.906343895306402,-0.522794160937901
401,b,h001,-0.906878243168906,-0.522394182727356
401,c,h001,0.000245006390618,1.048803945177748
402,a,h001,0.906770451093264,-0.523227368367604
402,b,h001,-0.9067936965606,-0.522605380803297
402,c,h001,0.000401002110487,1.048611681734012
403,a,h001,0.906768066242659,-0.523209708299197
403,b,h001,-0.906748347571774,-0.52258252355293
403,c,h001,0.000418270154855,1.048621834299202
404,a,h001,0.906776487952838,-0.523251873115341
404,b,h001,-0.906870091380528,-0.522638860576726
404,c,h001,0.00038117676124,1.04863845742895
405,a,h001,0.906776553889465,-0.523251672769632
405,b,h001,-0.906870025443798,-0.522638660231014
405,c,h001,0.000384734503195,1.048652829772342
406,a,h001,0.906506964038406,-0.522929867595051
406,b,h001,-0.906627071573572,-0.522397467058343
406,c,h001,0.000313779426484,1.048772377479097
407,a,h001,0.906330940384264,-0.522783132510338
407,b,h001,-0.906882186185499,-0.522389199511202
407,c,h001,0.000239680195186,1.048806548537302
408,a,h001,0.906770447277,-0.523227379963153
408,b,h001,-0.906793700376865,-0.522605392398846
408,c,h001,0.000400796196479,1.048610849895779
409,a,h001,0.906765646280982,-0.523192608297447
409,b,h001,-0.906703902619013,-0.522560320976384
409,c,h001,0.000430986956066,1.048614686079838
410,a,h001,0.906768066242664,-0.523209708299206
410,b,h001,-0.90674834757177,-0.522582523552937
410,c,h001,0.000418270154855,1.048621834299193
411,a,h001,0.906776486711611,-0.523251876886756
411,b,h001,-0.906870092621756,-0.522638864348142
411,c,h001,0.000381109788383,1.048638186876191
412,a,h001,0.906776553889465,-0.523251672769632
412,b,h001,-0.906870025443798,-0.522638660231013
412,c,h001,0.000384734503195,1.048652829772342
413,a,h001,0.906318261421001,-0.522772339004485
413,b,h001,-0.906886045210046,-0.522384322444873
413,c,h001,0.000234467455542,1.048809096441472
414,a,h001,0.906770444685665,-0.523227387836808
414,b,h001,-0.906793702968201,-0.522605400272503
414,c,h001,0.000400656375921,1.048610285057637
415,a,h001,0.906762199653147,-0.523168253638215
415,b,h001,-0.906640601942503,-0.522528698980447
415,c,h001,0.000449098846611,1.048604505236042
416,a,h001,0.906768066242665,-0.523209708299208
416,b,h001,-0.906748347571769,-0.522582523552938
416,c,h001,0.000418270154855,1.048621834299191
417,a,h001,0.90677648149918,-0.523251892724501
417,b,h001,-0.906870097834188,-0.522638880185886
417,c,h001,0.000380828541461,1.048637050712469
418,a,h001,0.906776553889466,-0.523251672769632
418,b,h001,-0.906870025443797,-0.522638660231013
418,c,h001,0.000384734503195,1.048652829772342
419,a,h001,0.906303013054897,-0.52275935818536
419,b,h001,-0.906890686269246,-0.522378457036846
419,c,h001,0.000228198349713,1.04881216068062
420,a,h001,0.906770440462475,-0.523227400668784
420,b,h001,-0.906793707191393,-0.522605413104479
420,c,h001,0.000400428505412,1.048609364520935
421,a,h001,0.906761478405591,-0.523163157138302
421,b,h001,-0.906627355528778,-0.522522081704549
421,c,h001,0.00045288897349,1.048602374774308
422,a,h001,0.906768066242666,-0.523209708299209
422,b,h001,-0.906748347571768,-0.522582523552939
422,c,h001,0.000418270154855,1.04862183429919
423,a,h001,0.906776480226426,-0.523251896591706
423,b,h001,-0.906870099106941,-0.522638884053092
423,c,h001,0.00038075986756,1.048636773287939
424,a,h001,0.906776553889465,-0.523251672769632
424,b,h001,-0.90687002544379,-0.522638660231009
424,c,h001,0.000384734503195,1.048652829772345
425,a,h001,0.906277474844948,-0.522737617699734
425,b,h001,-0.906898459190188,-0.522368633556704
425,c,h001,0.000217698749968,1.048817292717861
426,a,h001,0.906303013054897,-0.52275935818536
426,b,h001,-0.906890686269246,-0.522378457036846
426,c,h001,0.000228198349713,1.04881216068062
427,a,h001,0.906770426424336,-0.523227443323053
427,b,h001,-0.90679372122954,-0.52260545575875
427,c,h001,0.000399671049935,1.048606304600771
428,a,h001,0.90676129406303,-0.523161854531682
428,b,h001,-0.906623969898151,-0.522520390405121
428,c,h001,0.000453857686223,1.048601830252852
429,a,h001,0.906768066242668,-0.523209708299211
429,b,h001,-0.906748347571767,-0.522582523552939
429,c,h001,0.000418270154855,1.048621834299189
430,a,h001,0.906776479012358,-0.5232519002806
430,b,h001,-0.90687010032101,-0.522638887741985
430,c,h001,0.00038069436013,1.048636508655119
431,a,h001,0.906776553889465,-0.523251672769632
431,b,h001,-0.906870025443788,-0.522638660231008
431,c,h001,0.000384734503195,1.048652829772346
432,a,h001,0.906191336357368,-0.522664288654555
432,b,h001,-0.906924676675885,-0.522335499686947
432,c,h001,0.000182284378953,1.048834602698748
433,a,h001,0.906277474844948,-0.522737617699734
433,b,h001,-0.906898459190188,-0.522368633556704
433,c,h001,0.000217698749969,1.048817292717861
434,a,h001,0.906770410795485,-0.523227490810629
434,b,h001,-0.906793736858398,-0.522605503246327
434,c,h001,0.0003988277645,1.04860289795023
435,a,h001,0.906761197488617,-0.523161172114832
435,b,h001,-0.906622196215019,-0.522519504357706
435,c,h001,0.000454365180874,1.048601544985903
436,a,h001,0.906768066242669,-0.523209708299212
436,b,h001,-0.906748347571766,-0.52258252355294
436,c,h001,0.000418270154855,1.048621834299188
437,a,h001,0.906776477804893,-0.523251903949429
437,b,h001,-0.906870101528475,-0.522638891410814
437,c,h001,0.000380629208998,1.048636245461655
438,a,h001,0.906776553889465,-0.523251672769631
438,b,h001,-0.906870025443788,-0.522638660231007
438,c,h001,0.000384734503195,1.048652829772346
439,a,h001,0.906069502334502,-0.522560572269256
439,b,h001,-0.906961758610356,-0.522288635239255
439,c,h001,0.000132194397003,1.048859085884679
440,a,h001,0.906191336357368,-0.522664288654555
440,b,h001,-0.906924676675885,-0.522335499686947
440,c,h001,0.000182284378953,1.048834602698748
441,a,h001,0.90677040200588,-0.523227517517455
441,b,h001,-0.906793745648007,-0.522605529953154
441,c,h001,0.000398353504073,1.048600982063307
442,a,h001,0.906761117429561,-0.523160606399262
442,b,h001,-0.90662072585249,-0.522518769834784
442,c,h001,0.000454785887992,1.048601308502945
443,a,h001,0.90676806624267,-0.523209708299213
443,b,h001,-0.906748347571765,-0.52258252355294
443,c,h001,0.000418270154856,1.048621834299187
444,a,h001,0.906776476419775,-0.523251908158049
444,b,h001,-0.906870102913593,-0.522638895619434
444,c,h001,0.000380554472255,1.048635943544835
445,a,h001,0.906776553889465,-0.523251672769631
445,b,h001,-0.906870025443786,-0.522638660231006
445,c,h001,0.000384734503195,1.048652829772346
446,a,h001,0.90598207943675,-0.52248614981538
446,b,h001,-0.906988367024734,-0.522255007310681
446,c,h001,0.000096251962636,1.048876653974528
447,a,h001,0.906069502334502,-0.522560572269256
447,b,h001,-0.906961758610356,-0.522288635239255
447,c,h001,0.000132194397003,1.048859085884679
448,a,h001,0.90677039374898,-0.523227542605686
448,b,h001,-0.906793753904912,-0.522605555041386
448,c,h001,0.000397907986703,1.048599182290744
449,a,h001,0.906761052546153,-0.523160147918293
449,b,h001,-0.906619534205535,-0.522518174544856
449,c,h001,0.000455126847685,1.048601116846675
450,a,h001,0.906768066242671,-0.523209708299214
450,b,h001,-0.906748347571763,-0.522582523552941
450,c,h001,0.000418270154856,1.048621834299185
451,a,h001,0.906776471636352,-0.52325192269227
451,b,h001,-0.906870107697016,-0.522638910153655
451,c,h001,0.000380296373323,1.048634900892915
452,a,h001,0.906776553889465,-0.523251672769631
452,b,h001,-0.906870025443785,-0.522638660231006
452,c,h001,0.000384734503195,1.048652829772346
453,a,h001,0.905955555347337,-0.522463570057999
453,b,h001,-0.90699644001225,-0.522244804603985
453,c,h001,0.000085347035353,1.048881984129418
454,a,h001,0.90598207943675,-0.522486149815381
454,b,h001,-0.906988367024734,-0.52225500731068
454,c,h001,0.000096251962636,1.048876653974528
455,a,h001,0.906770385871215,-0.523227566541929
455,b,h001,-0.906793761782681,-0.522605578977629
455,c,h001,0.000397482926366,1.048597465159193
456,a,h001,0.906760953367396,-0.52315944709855
456,b,h001,-0.906617712691077,-0.522517264603195
456,c,h001,0.000455648028062,1.048600823886865
457,a,h001,0.906768066242672,-0.523209708299215
457,b,h001,-0.906748347571762,-0.522582523552941
457,c,h001,0.000418270154856,1.048621834299184
458,a,h001,0.906776448325792,-0.523251993520383
458,b,h001,-0.906870131007576,-0.522638980981768
458,c,h001,0.000379038606515,1.048629819845255
459,a,h001,0.906776553889464,-0.523251672769631
459,b,h001,-0.906870025443784,-0.522638660231005
459,c,h001,0.000384734503196,1.048652829772346
460,a,h001,0.905888156625329,-0.522406987467884
460,b,h001,-0.907015834120112,-0.522219490903113
460,c,h001,0.000057571698047,1.048892877334793
461,a,h001,0.905955555347338,-0.522463570057999
461,b,h001,-0.90699644001225,-0.522244804603985
461,c,h001,0.000085347035353,1.048881984129418
462,a,h001,0.905945224785431,-0.52245364560814
462,b,h001,-0.906996576123196,-0.522244652559468
462,c,h001,0.0000852109244,1.048882136173927
463,a,h001,0.9067703729371,-0.52322760584167
463,b,h001,-0.906793774716803,-0.522605618277372
463,c,h001,0.000396785040678,1.048594645885251
464,a,h001,0.906760863959263,-0.523158815320262
464,b,h001,-0.906616070623633,-0.522516444304695
464,c,h001,0.000456117864207,1.048600559788074
465,a,h001,0.906768066242672,-0.523209708299215
465,b,h001,-0.906748347571761,-0.522582523552941
465,c,h001,0.000418270154857,1.048621834299184
466,a,h001,0.906776553889463,-0.523251672769631
466,b,h001,-0.906870025443782,-0.522638660231004
466,c,h001,0.000384734503196,1.048652829772346
467,a,h001,0.905813273463101,-0.52234412153885
467,b,h001,-0.907037381889597,-0.522191366186316
467,c,h001,0.00002671198695,1.048904980200263
468,a,h001,0.905888156625329,-0.522406987467884
468,b,h001,-0.907015834120112,-0.522219490903113
468,c,h001,0.000057571698047,1.048892877334793
469,a,h001,0.905888156625329,-0.522406987467884
469,b,h001,-0.907015834120112,-0.522219490903113
469,c,h001,0.000057571698047,1.048892877334793
470,a,h001,0.905943716134935,-0.522452196265274
470,b,h001,-0.906996596000512,-0.522244630355251
470,c,h001,0.000085191047083,1.048882158378142
471,a,h001,0.906770363928243,-0.523227633214687
471,b,h001,-0.906793783725665,-0.522605645650389
471,c,h001,0.000396298950031,1.048592682207358
472,a,h001,0.906760778864756,-0.523158214023044
472,b,h001,-0.906614507780136,-0.522515663582696
472,c,h001,0.00045656503242,1.048600308431115
473,a,h001,0.906768066242673,-0.523209708299216
473,b,h001,-0.90674834757176,-0.522582523552941
473,c,h001,0.000418270154857,1.048621834299184
474,a,h001,0.90677655388946,-0.523251672769629
474,b,h001,-0.906870025443775,-0.522638660231
474,c,h001,0.000384734503196,1.048652829772344
475,a,h001,0.905785832599508,-0.522321084378934
475,b,h001,-0.907045278049236,-0.522181059910589
475,c,h001,0.000015403475162,1.048909415283806
476,a,h001,0.905813273463101,-0.52234412153885
476,b,h001,-0.907037381889597,-0.522191366186316
476,c,h001,0.000026711986949,1.048904980200263
477,a,h001,0.905942893507293,-0.522451405976532
477,b,h001,-0.906996606839092,-0.522244618247873
477,c,h001,0.000085180208502,1.04888217048552
478,a,h001,0.906770357598421,-0.523227652447572
478,b,h001,-0.90679379005549,-0.522605664883275
478,c,h001,0.000395957412029,1.048591302483995
479,a,h001,0.90676068300062,-0.523157536625165
479,b,h001,-0.90661274714191,-0.522514784051894
479,c,h001,0.000457068794601,1.048600025262219
480,a,h001,0.906768066242674,-0.523209708299217
480,b,h001,-0.906748347571758,-0.522582523552941
480,c,h001,0.000418270154858,1.048621834299183
481,a,h001,0.90677655388946,-0.523251672769629
481,b,h001,-0.906870025443775,-0.522638660231
481,c,h001,0.000384734503196,1.048652829772344
482,a,h001,0.905733372600997,-0.522277508056084
482,b,h001,-0.907059716172257,-0.522161715669899
482,c,h001,-0.000006253964162,1.04891633818239
483,a,h001,0.905785832599508,-0.522321084378934
483,b,h001,-0.907045278049236,-0.522181059910589
483,c,h001,0.000015403475162,1.048909415283806
484,a,h001,0.905768977734904,-0.522304894880516
484,b,h001,-0.907045500124487,-0.522180811881202
484,c,h001,0.000015181399884,1.04890966331313
485,a,h001,0.905942336241599,-0.522450870617904
485,b,h001,-0.90699661418138,-0.522244610046074
485,c,h001,0.000085172866213,1.048882178687319
486,a,h001,0.906770354573994,-0.523227661637159
486,b,h001,-0.906793793079918,-0.522605674072862
486,c,h001,0.000395794223133,1.048590643243936
487,a,h001,0.906760581737234,-0.523156821074945
487,b,h001,-0.90661088734118,-0.522513854984238
487,c,h001,0.000457600929629,1.04859972614471
488,a,h001,0.906768066242678,-0.523209708299217
488,b,h001,-0.906748347571755,-0.522582523552941
488,c,h001,0.00041827015486,1.048621834299183
489,a,h001,0.90677655388946,-0.523251672769629
489,b,h001,-0.906870025443775,-0.522638660231
489,c,h001,0.000384734503196,1.048652829772344
490,a,h001,0.905658185058335,-0.522215052914521
490,b,h001,-0.907080409405605,-0.522133990813562
490,c,h001,-0.000037294179361,1.048926260327783
491,a,h001,0.905733372600997,-0.522277508056084
491,b,h001,-0.907059716172257,-0.522161715669899
491,c,h001,-0.000006253964162,1.048916338182389
492,a,h001,0.905768489983219,-0.522304426381214
492,b,h001,-0.907045506550971,-0.522180804703613
492,c,h001,0.000015174973398,1.048909670490715
493,a,h001,0.905765735320597,-0.522301780479978
493,b,h001,-0.907045542845705,-0.522180764167365
493,c,h001,0.000015138678666,1.048909711026967
494,a,h001,0.9059414897908,-0.522450057442533
494,b,h001,-0.906996625333844,-0.522244597588068
494,c,h001,0.000085161713749,1.048882191145324
495,a,h001,0.906770352658103,-0.52322766745851
495,b,h001,-0.90679379499581,-0.522605679894214
495,c,h001,0.000395690847446,1.048590225633452
496,a,h001,0.906760360327519,-0.523155256543322
496,b,h001,-0.906606820936092,-0.522511823602391
496,c,h001,0.000458764428789,1.048599072132192
497,a,h001,0.906768066242681,-0.523209708299218
497,b,h001,-0.906748347571752,-0.522582523552942
497,c,h001,0.000418270154862,1.048621834299183
498,a,h001,0.90677655388946,-0.523251672769629
498,b,h001,-0.906870025443775,-0.522638660231
498,c,h001,0.000384734503196,1.048652829772344
499,a,h001,0.905612300636826,-0.522176938647989
499,b,h001,-0.907093037788016,-0.522117071268789
499,c,h001,-0.000056236975833,1.048932315478482
500,a,h001,0.905658185058336,-0.522215052914521
500,b,h001,-0.907080409405605,-0.522133990813562
500,c,h001,-0.00003729417936,1.048926260327783
501,a,h001,0.905768283822136,-0.522304228357657
501,b,h001,-0.907045509267294,-0.522180801669816
501,c,h001,0.000015172257075,1.04890967352451
502,a,h001,0.905763660544856,-0.522299787618464
502,b,h001,-0.907045570182417,-0.522180733635946
502,c,h001,0.000015111341954,1.048909741558386
503,a,h001,0.905940205218121,-0.522448823368602
503,b,h001,-0.90699664225881,-0.522244578681813
503,c,h001,0.000085144788783,1.048882210051576
504,a,h001,0.906770351362724,-0.523227671394461
504,b,h001,-0.90679379629119,-0.522605683830164
504,c,h001,0.000395620952746,1.048589943277316
505,a,h001,0.906755338677587,-0.523119772417711
505,b,h001,-0.906514593443302,-0.522465751150055
505,c,h001,0.000485152997569,1.048584238899037
506,a,h001,0.906768066242683,-0.523209708299219
506,b,h001,-0.906748347571751,-0.522582523552943
506,c,h001,0.000418270154863,1.048621834299183
507,a,h001,0.906776553889459,-0.523251672769629
507,b,h001,-0.906870025443775,-0.522638660231
507,c,h001,0.000384734503196,1.048652829772344
508,a,h001,0.905604398872147,-0.522170374983129
508,b,h001,-0.907095212524077,-0.522114157550868
508,c,h001,-0.000059499118302,1.048933358237099
509,a,h001,0.905612300636826,-0.522176938647989
509,b,h001,-0.907093037788016,-0.522117071268789
509,c,h001,-0.000056236975833,1.048932315478482
510,a,h001,0.905768162685938,-0.52230411200291
510,b,h001,-0.907045510863352,-0.522180799887217
510,c,h001,0.000015170661017,1.048909675307109
511,a,h001,0.905939293856224,-0.522447947833899
511,b,h001,-0.906996654266514,-0.52224456526845
511,c,h001,0.000085132781078,1.048882223464938
512,a,h001,0.906770349555827,-0.523227676884636
512,b,h001,-0.906793798098087,-0.52260568932034
512,c,h001,0.000395523458092,1.048589549424648
513,a,h001,0.906755396971155,-0.523119760283166
513,b,h001,-0.906510576963946,-0.522464593941926
513,c,h001,0.000485211291137,1.04858425103358
514,a,h001,0.90675437515843,-0.523114358864187
514,b,h001,-0.906500823775384,-0.522458819060383
514,c,h001,0.000489018346686,1.048581916884095
515,a,h001,0.906768066242684,-0.523209708299219
515,b,h001,-0.906748347571749,-0.522582523552943
515,c,h001,0.000418270154864,1.048621834299183
516,a,h001,0.905605254439884,-0.522173121865838
516,b,h001,-0.907092095753433,-0.522116044834959
516,c,h001,-0.000059314262016,1.048926426387881
517,a,h001,0.905604398872147,-0.522170374983129
517,b,h001,-0.907095212524077,-0.522114157550868
517,c,h001,-0.000059499118302,1.048933358237099
518,a,h001,0.905528716408208,-0.522097685768984
518,b,h001,-0.907096209702379,-0.522113043917786
518,c,h001,-0.000060496296606,1.048934471870172
519,a,h001,0.905768051204179,-0.522304004921524
519,b,h001,-0.907045512332206,-0.522180798246689
519,c,h001,0.000015169192163,1.048909676947636
520,a,h001,0.905938671202969,-0.522447349658208
520,b,h001,-0.90699666247032,-0.522244556104282
520,c,h001,0.000085124577272,1.048882232629106
521,a,h001,0.906770348176789,-0.523227681074781
521,b,h001,-0.906793799477125,-0.522605693510484
521,c,h001,0.000395449049408,1.048589248833208
522,a,h001,0.906755448378187,-0.523119749582142
522,b,h001,-0.906507034973077,-0.522463573441068
522,c,h001,0.00048526269817,1.048584261734605
523,a,h001,0.906753855366907,-0.523111438404113
523,b,h001,-0.906493395426296,-0.522455079392709
523,c,h001,0.000491103593967,1.048580664222254
524,a,h001,0.906768066242685,-0.52320970829922
524,b,h001,-0.906748347571748,-0.522582523552944
524,c,h001,0.000418270154865,1.048621834299183
525,a,h001,0.905605884239734,-0.522175143898976
525,b,h001,-0.907089801438678,-0.522117434101039
525,c,h001,-0.000059178185752,1.04892132372049
526,a,h001,0.905605254439884,-0.522173121865838
526,b,h001,-0.907092095753433,-0.522116044834959
526,c,h001,-0.000059314262016,1.048926426387881
527,a,h001,0.905483994079784,-0.52205473221358
527,b,h001,-0.907096798955598,-0.522112385849036
527,c,h001,-0.000061085549827,1.048935129938917
528,a,h001,0.905767951883298,-0.522303909521006
528,b,h001,-0.907045513640831,-0.522180796785117
528,c,h001,0.000015167883537,1.048909678409208
529,a,h001,0.905938179184698,-0.522446876982017
529,b,h001,-0.906996668952937,-0.52224454886279
529,c,h001,0.000085118094655,1.048882239870598
530,a,h001,0.906770338335671,-0.523227710976578
530,b,h001,-0.906793809318244,-0.522605723412282
530,c,h001,0.000394918052603,1.048587103746295
531,a,h001,0.906753777739075,-0.523111002250436
531,b,h001,-0.90649228604569,-0.522454520895156
531,c,h001,0.000491415013485,1.048580477144515
532,a,h001,0.906768066242686,-0.52320970829922
532,b,h001,-0.906748347571747,-0.522582523552944
532,c,h001,0.000418270154866,1.048621834299183
533,a,h001,0.905606741713068,-0.522177896899788
533,b,h001,-0.907086677726083,-0.522119325588659
533,c,h001,-0.000058992917736,1.048914376432036
534,a,h001,0.905605884239734,-0.522175143898976
534,b,h001,-0.907089801438678,-0.522117434101039
534,c,h001,-0.000059178185752,1.04892132372049
535,a,h001,0.905448558512405,-0.522020698126798
535,b,h001,-0.907097265848152,-0.522111864430757
535,c,h001,-0.000061552442382,1.048935651357193
536,a,h001,0.905767848849173,-0.522303810553812
536,b,h001,-0.907045514998381,-0.522180795268902
536,c,h001,0.000015166525987,1.048909679925423
537,a,h001,0.905936601643237,-0.522445361456406
537,b,h001,-0.906996689737931,-0.522244525644641
537,c,h001,0.00008509730966,1.048882263088745
538,a,h001,0.90677033302582,-0.52322772710806
538,b,h001,-0.906793814628095,-0.522605739543763
538,c,h001,0.000394631537235,1.04858594650655
539,a,h001,0.906770252995264,-0.523227970286151
539,b,h001,-0.906793894658651,-0.522605982721855
539,c,h001,0.000390313378658,1.048568501478828
540,a,h001,0.906753718482899,-0.523110669318312
540,b,h001,-0.906491439214718,-0.522454094573456
540,c,h001,0.000491652731443,1.048580334341203
541,a,h001,0.906768066242687,-0.52320970829922
541,b,h001,-0.906748347571746,-0.522582523552944
541,c,h001,0.000418270154867,1.048621834299183
542,a,h001,0.905607348509638,-0.522179845078679
542,b,h001,-0.907084467210593,-0.522120664112148
542,c,h001,-0.000058861811624,1.048909460138274
543,a,h001,0.905606741713068,-0.522177896899788
543,b,h001,-0.907086677726083,-0.522119325588659
543,c,h001,-0.000058992917736,1.048914376432036
544,a,h001,0.905433916268526,-0.522006634985279
544,b,h001,-0.907097458771679,-0.522111648976789
544,c,h001,-0.00006174536591,1.04893586681116
545,a,h001,0.905767537805781,-0.522303511787828
545,b,h001,-0.907045519096606,-0.522180790691693
545,c,h001,0.000015162427763,1.048909684502632
546,a,h001,0.90592384167981,-0.522433103108954
546,b,h001,-0.906996857857612,-0.522244337844361
546,c,h001,0.000084929189978,1.048882450889018
547,a,h001,0.906770327162531,-0.5232277449209
547,b,h001,-0.906793820491383,-0.522605757356604
547,c,h001,0.00039431515882,1.048584668649526
548,a,h001,0.906753663063071,-0.523110357940789
548,b,h001,-0.906490647209045,-0.522453695852559
548,c,h001,0.000491875059131,1.048580200783224
549,a,h001,0.906768066242687,-0.52320970829922
549,b,h001,-0.906748347571746,-0.522582523552944
549,c,h001,0.000418270154867,1.048621834299183
550,a,h001,0.905609045443876,-0.522185293249661
550,b,h001,-0.907078285403367,-0.522124407354037
550,c,h001,-0.000058495167409,1.048895711498902
551,a,h001,0.905607348509638,-0.52217984507868
551,b,h001,-0.907084467210593,-0.522120664112148
551,c,h001,-0.000058861811623,1.048909460138274
552,a,h001,0.905433081866715,-0.522005833578545
552,b,h001,-0.907097469765599,-0.522111636698866
552,c,h001,-0.00006175635983,1.048935879089082
553,a,h001,0.905384286869934,-0.521958968508628
553,b,h001,-0.907098112679638,-0.522110918703779
553,c,h001,-0.000062399273868,1.048936597084169
554,a,h001,0.90576722434878,-0.522303210703504
554,b,h001,-0.907045523226632,-0.522180786078966
554,c,h001,0.000015158297737,1.048909689115358
555,a,h001,0.905923206246132,-0.52243249265526
555,b,h001,-0.906996866229808,-0.522244328492091
555,c,h001,0.000084920817783,1.048882460241287
556,a,h001,0.906770311269707,-0.523227793203759
556,b,h001,-0.906793836384207,-0.522605805639463
556,c,h001,0.000393457594643,1.048581204935334
557,a,h001,0.90675360396473,-0.523110025895469
557,b,h001,-0.906489802633708,-0.522453270666418
557,c,h001,0.0004921121439,1.048580058360286
558,a,h001,0.906768066242687,-0.52320970829922
558,b,h001,-0.906748347571746,-0.522582523552944
558,c,h001,0.000418270154867,1.048621834299183
559,a,h001,0.90561027419105,-0.522189238260931
559,b,h001,-0.907073809167348,-0.522127117829073
559,c,h001,-0.000058229680961,1.048885756132697
560,a,h001,0.905609045443875,-0.522185293249661
560,b,h001,-0.907078285403367,-0.522124407354037
560,c,h001,-0.000058495167409,1.048895711498903
561,a,h001,0.905432774832109,-0.522005538685129
561,b,h001,-0.907097473811028,-0.522111632180962
561,c,h001,-0.000061760405259,1.048935883606986
562,a,h001,0.905346741948286,-0.521922908548566
562,b,h001,-0.907098607364719,-0.522110366248104
562,c,h001,-0.00006289395895,1.048937149539844
563,a,h001,0.905764295526329,-0.522300397486622
563,b,h001,-0.907045561816014,-0.522180742979412
563,c,h001,0.000015119708354,1.048909732214913
564,a,h001,0.905922704866762,-0.522432010985971
564,b,h001,-0.906996872835763,-0.522244321112824
564,c,h001,0.000084914211828,1.048882467620555
565,a,h001,0.906753551669907,-0.523109732075854
565,b,h001,-0.906489055287531,-0.522452894428535
565,c,h001,0.000492321935008,1.048579932333354
566,a,h001,0.906768066242687,-0.52320970829922
566,b,h001,-0.906748347571745,-0.522582523552944
566,c,h001,0.000418270154867,1.048621834299183
567,a,h001,0.905610136194385,-0.522190204679202
567,b,h001,-0.907073730571147,-0.522128001909393
567,c,h001,-0.000058581329296,1.048883456614948
568,a,h001,0.90561027419105,-0.522189238260931
568,b,h001,-0.907073809167348,-0.522127117829073
568,c,h001,-0.000058229680961,1.048885756132697
569,a,h001,0.905610392802726,-0.522189213635358
569,b,h001,-0.907065636373516,-0.52212476776905
569,c,h001,-0.00005811106929,1.048885780758289
570,a,h001,0.905432317481193,-0.522005099419418
570,b,h001,-0.907097479836997,-0.522111625451207
570,c,h001,-0.000061766431228,1.048935890336741
571,a,h001,0.905922138043777,-0.522431466445766
571,b,h001,-0.906996880303975,-0.522244312770362
571,c,h001,0.000084906743617,1.048882475963017
572,a,h001,0.906753498181585,-0.523109431550544
572,b,h001,-0.906488290885052,-0.522452509603966
572,c,h001,0.000492536514072,1.048579803430172
573,a,h001,0.905610103519307,-0.522190433509312
573,b,h001,-0.90707371196101,-0.522128211243388
573,c,h001,-0.000058664593168,1.048882912131347
574,a,h001,0.905610136194385,-0.522190204679202
574,b,h001,-0.907073730571147,-0.522128001909393
574,c,h001,-0.000058581329296,1.048883456614948
575,a,h001,0.905610407797322,-0.522189210522253
575,b,h001,-0.907064603188976,-0.522124470680229
575,c,h001,-0.000058096074694,1.048885783871396
576,a,h001,0.905432042282706,-0.522004835103213
576,b,h001,-0.90709748346296,-0.52211162140176
576,c,h001,-0.000061770057191,1.048935894386188
577,a,h001,0.905921633553383,-0.522430981787752
577,b,h001,-0.906996886950919,-0.522244305345307
577,c,h001,0.000084900096672,1.048882483388072
578,a,h001,0.906753222113061,-0.523107880453476
578,b,h001,-0.906484345585256,-0.522450523414316
578,c,h001,0.000493644017986,1.04857913812399
579,a,h001,0.905609217710601,-0.522196637004615
579,b,h001,-0.907073207447486,-0.522133886206595
579,c,h001,-0.000060921844413,1.048868151392685
580,a,h001,0.905610103519307,-0.522190433509312
580,b,h001,-0.90707371196101,-0.522128211243388
580,c,h001,-0.000058664593168,1.048882912131347
581,a,h001,0.905610103519311,-0.522190433509315
581,b,h001,-0.907073711961003,-0.522128211243388
581,c,h001,-0.000058664593164,1.048882912131342
582,a,h001,0.905610418862341,-0.522189208224988
582,b,h001,-0.907063840767257,-0.522124251448368
582,c,h001,-0.000058085009676,1.048885786168663
583,a,h001,0.905431710219522,-0.522004516170933
583,b,h001,-0.907097487838162,-0.52211161651557
583,c,h001,-0.000061774432392,1.048935899272378
584,a,h001,0.90592105288494,-0.522430423946378
584,b,h001,-0.906996894601553,-0.522244296799068
584,c,h001,0.00008489244604,1.048882491934312
585,a,h001,0.906753264389141,-0.523107871653516
585,b,h001,-0.906481432722731,-0.522449684199909
585,c,h001,0.000493686294078,1.048579146923932
586,a,h001,0.906752525691708,-0.523104556709899
586,b,h001,-0.906476051241239,-0.522446318780266
586,c,h001,0.000495931930414,1.048577681136965
587,a,h001,0.905608596923142,-0.52220098450319
587,b,h001,-0.907072853877165,-0.522137863302289
587,c,h001,-0.000062503758493,1.048857806855102
588,a,h001,0.905609217710601,-0.522196637004615
588,b,h001,-0.907073207447486,-0.522133886206595
588,c,h001,-0.000060921844413,1.048868151392685
589,a,h001,0.905610103519314,-0.522190433509316
589,b,h001,-0.907073711961001,-0.522128211243388
589,c,h001,-0.000058664593162,1.048882912131339
590,a,h001,0.905610429628689,-0.522189205989732
590,b,h001,-0.907063098925127,-0.5221240381341
590,c,h001,-0.000058074243329,1.04888578840392
591,a,h001,0.905431418653967,-0.52200423613487
591,b,h001,-0.907097491679774,-0.522111612225287
591,c,h001,-0.000061778274005,1.048935903562661
592,a,h001,0.905920457502193,-0.522429851969145
592,b,h001,-0.906996902446055,-0.522244288036265
592,c,h001,0.000084884601538,1.048882500697114
593,a,h001,0.906753266825389,-0.5231078711464
593,b,h001,-0.906481264862857,-0.522449635838401
593,c,h001,0.000493688730327,1.048579147431048
594,a,h001,0.906749197707453,-0.523088673557796
594,b,h001,-0.906436415112702,-0.522426226122504
594,c,h001,0.000506865162854,1.048570718642413
595,a,h001,0.90561018807018,-0.522200630204898
595,b,h001,-0.907069310480889,-0.522136766854904
595,c,h001,-0.000060912611456,1.048858161153392
596,a,h001,0.90560826056132,-0.522202060048014
596,b,h001,-0.907073190238988,-0.522138938847113
596,c,h001,-0.000063068603966,1.048855305665278
597,a,h001,0.905610103519315,-0.522190433509318
597,b,h001,-0.907073711960999,-0.522128211243389
597,c,h001,-0.000058664593161,1.048882912131336
598,a,h001,0.905610530763928,-0.52218918499253
598,b,h001,-0.90705613032393,-0.522122034335714
598,c,h001,-0.000057973108093,1.048885809401137
599,a,h001,0.905429510746312,-0.522002403672353
599,b,h001,-0.907097516818002,-0.52211158415111
599,c,h001,-0.000061803412233,1.048935931636838
600,a,h001,0.905919741854542,-0.522429164454826
600,b,h001,-0.906996911875115,-0.522244277503412
600,c,h001,0.000084875172478,1.048882511229969
601,a,h001,0.906753268048964,-0.523107870891707
601,b,h001,-0.906481180557408,-0.52244961154946
601,c,h001,0.000493689953902,1.04857914768574
602,a,h001,0.906749147067666,-0.523088827362329
602,b,h001,-0.906436465752489,-0.522426379927037
602,c,h001,0.000504132465716,1.048559684947046
603,a,h001,0.906745626669959,-0.523068928003486
603,b,h001,-0.906389469067596,-0.522401531043319
603,c,h001,0.000520142872385,1.04856499521103
604,a,h001,0.905611607030551,-0.52220031424715
604,b,h001,-0.907066150534777,-0.522135789060048
604,c,h001,-0.000059493651084,1.04885847711114
605,a,h001,0.90561018807018,-0.522200630204898
605,b,h001,-0.90706931048089,-0.522136766854904
605,c,h001,-0.000060912611456,1.048858161153392
606,a,h001,0.90561018807018,-0.522200630204898
606,b,h001,-0.907069310480889,-0.522136766854904
606,c,h001,-0.000060912611456,1.048858161153392
607,a,h001,0.90560797336417,-0.522202934041362
607,b,h001,-0.907073477436138,-0.522139812840461
607,c,h001,-0.00007855771958,1.048792609729975
608,a,h001,0.90560826056132,-0.522202060048014
608,b,h001,-0.907073190238988,-0.522138938847113
608,c,h001,-0.000063068603966,1.048855305665278
609,a,h001,0.905610103519317,-0.52219043350932
609,b,h001,-0.907073711960997,-0.52212821124339
609,c,h001,-0.000058664593159,1.048882912131334
610,a,h001,0.905610577833178,-0.522189175220244
610,b,h001,-0.907052887074238,-0.522121101749918
610,c,h001,-0.000057926038844,1.04888581917343
611,a,h001,0.905415443179047,-0.521988892384399
611,b,h001,-0.907097702169595,-0.522111377151905
611,c,h001,-0.000061988763825,1.048936138636043
612,a,h001,0.905919293194418,-0.522428733432299
612,b,h001,-0.906996917786464,-0.522244270900063
612,c,h001,0.000084869261129,1.048882517833318
613,a,h001,0.906753269074997,-0.523107870678134
613,b,h001,-0.906481109862719,-0.522449591181866
613,c,h001,0.000493690979936,1.048579147899313
614,a,h001,0.906749120344902,-0.523088908525431
614,b,h001,-0.906436492475252,-0.52242646109014
614,c,h001,0.000502690413426,1.048553862433659
615,a,h001,0.906742206246187,-0.523050015246766
615,b,h001,-0.906344503040505,-0.522377877515163
615,c,h001,0.000532860575125,1.048559513173724
616,a,h001,0.90561160703055,-0.52220031424715
616,b,h001,-0.907062277152921,-0.52213470778515
616,c,h001,-0.000059493651084,1.04885847711114
617,a,h001,0.90561160703055,-0.52220031424715
617,b,h001,-0.907066150534777,-0.522135789060048
617,c,h001,-0.000059493651084,1.04885847711114
618,a,h001,0.90561160703055,-0.52220031424715
618,b,h001,-0.907066150534777,-0.522135789060048
618,c,h001,-0.000059493651084,1.04885847711114
619,a,h001,0.905607905766644,-0.52220313975297
619,b,h001,-0.907073545033663,-0.522140018552069
619,c,h001,-0.000082203389066,1.048777853002486
620,a,h001,0.905610103519318,-0.52219043350932
620,b,h001,-0.907073711960996,-0.52212821124339
620,c,h001,-0.000058664593159,1.048882912131332
621,a,h001,0.905610599924688,-0.522189170633713
621,b,h001,-0.907051364885546,-0.522120664049559
621,c,h001,-0.000057903947335,1.048885823759964
622,a,h001,0.905917365004106,-0.522426881042443
622,b,h001,-0.906996943191454,-0.522244242521088
622,c,h001,0.000084843856138,1.048882546212292
623,a,h001,0.906753269911691,-0.523107870503972
623,b,h001,-0.906481052213674,-0.522449574572806
623,c,h001,0.00049369181663,1.048579148073474
624,a,h001,0.906742320883108,-0.523049991375248
624,b,h001,-0.906336604497709,-0.522375601225904
624,c,h001,0.000532975212046,1.048559537045242
625,a,h001,0.906740042241908,-0.52304495515809
625,b,h001,-0.90633441742955,-0.522372169246664
625,c,h001,0.000535237210904,1.048557709517785
626,a,h001,0.90561160703055,-0.52220031424715
626,b,h001,-0.907057000716076,-0.522133234840079
626,c,h001,-0.000059493651084,1.04885847711114
627,a,h001,0.905610103519319,-0.522190433509322
627,b,h001,-0.907073711960994,-0.522128211243391
627,c,h001,-0.000058664593158,1.04888291213133
628,a,h001,0.905610614660066,-0.522189167574426
628,b,h001,-0.907050349562136,-0.522120372096647
628,c,h001,-0.000057889211957,1.048885826819253
629,a,h001,0.905909235982225,-0.522419071586308
629,b,h001,-0.906997050295883,-0.522244122878695
629,c,h001,0.000084736751709,1.048882665854686
630,a,h001,0.906753271225058,-0.523107870230589
630,b,h001,-0.906480961721518,-0.522449548501435
630,c,h001,0.000493693129996,1.048579148346856
631,a,h001,0.906742348992401,-0.523049985521885
631,b,h001,-0.906334667752948,-0.522375043073418
631,c,h001,0.000533003321339,1.048559542898605
632,a,h001,0.906739544370442,-0.523043790985822
632,b,h001,-0.906332097037688,-0.522370855947962
632,c,h001,0.000535784002402,1.048557294551495
633,a,h001,0.90561160703055,-0.52220031424715
633,b,h001,-0.907055453078222,-0.52213280280884
633,c,h001,-0.000059493651084,1.04885847711114
634,a,h001,0.905610103519319,-0.522190433509322
634,b,h001,-0.907073711960994,-0.52212821124339
634,c,h001,-0.000058664593157,1.04888291213133
635,a,h001,0.905610637187715,-0.522189162897346
635,b,h001,-0.907048797321723,-0.522119925755015
635,c,h001,-0.000057866684308,1.048885831496336
636,a,h001,0.906753274356856,-0.523107869578692
636,b,h001,-0.906480745937738,-0.522449486332742
636,c,h001,0.000493696261794,1.048579148998751
637,a,h001,0.906742368294275,-0.523049981502543
637,b,h001,-0.906333337843911,-0.52237465980555
637,c,h001,0.000533022623213,1.048559546917948
638,a,h001,0.906739297302764,-0.523043213267761
638,b,h001,-0.906330945548064,-0.52237020422622
638,c,h001,0.000536055346542,1.048557088625339
639,a,h001,0.90561160703055,-0.52220031424715
639,b,h001,-0.907050330685698,-0.522131372866051
639,c,h001,-0.000059493651084,1.04885847711114
640,a,h001,0.905610103519319,-0.522190433509322
640,b,h001,-0.907073711960993,-0.52212821124339
640,c,h001,-0.000058664593157,1.048882912131329
641,a,h001,0.905610681183947,-0.522189153763063
641,b,h001,-0.907045765814547,-0.522119054055084
641,c,h001,-0.000057822688076,1.048885840630625
642,a,h001,0.906753276523553,-0.523107869127685
642,b,h001,-0.906480596650303,-0.522449443322073
642,c,h001,0.00049369842849,1.048579149449757
643,a,h001,0.90674239505085,-0.523049975930864
643,b,h001,-0.90633149430215,-0.522374128513334
643,c,h001,0.000533049379787,1.048559552489626
644,a,h001,0.906739025794689,-0.523042578400748
644,b,h001,-0.906329680150932,-0.522369488034943
644,c,h001,0.000536353532553,1.048556862328582
645,a,h001,0.905610103519319,-0.522190433509322
645,b,h001,-0.907073711960992,-0.52212821124339
645,c,h001,-0.000058664593157,1.048882912131328
646,a,h001,0.905610693345635,-0.522189151238113
646,b,h001,-0.907044927828148,-0.522118813094847
646,c,h001,-0.000057810526389,1.048885843155576
647,a,h001,0.906753279278494,-0.523107868554232
647,b,h001,-0.906480406832231,-0.522449388634267
647,c,h001,0.000493701183432,1.048579150023207
648,a,h001,0.906742458498684,-0.52304996271875
648,b,h001,-0.906327122713738,-0.522372868660726
648,c,h001,0.000533112827622,1.048559565701741
649,a,h001,0.906738712514811,-0.523041845858776
649,b,h001,-0.906328220071117,-0.522368661656882
649,c,h001,0.000536697594795,1.04855660121583
650,a,h001,0.905610103519319,-0.522190433509322
650,b,h001,-0.907073711960992,-0.52212821124339
650,c,h001,-0.000058664593157,1.048882912131328
651,a,h001,0.905610696876368,-0.522189150505079
651,b,h001,-0.907044684547255,-0.522118743140225
651,c,h001,-0.000057806995656,1.048885843888611
652,a,h001,0.906753280952098,-0.523107868205864
652,b,h001,-0.906480291519368,-0.522449355411891
652,c,h001,0.000493702857036,1.048579150371574
653,a,h001,0.906742506729489,-0.523049952675366
653,b,h001,-0.906323799586473,-0.522371910965225
653,c,h001,0.000533161058426,1.048559575745125
654,a,h001,0.906738395810163,-0.523041105308671
654,b,h001,-0.906326744029741,-0.522367826244875
654,c,h001,0.000537045418319,1.0485563372486
655,a,h001,0.905610103519319,-0.522190433509322
655,b,h001,-0.907073711960991,-0.522128211243389
655,c,h001,-0.000058664593156,1.048882912131328
656,a,h001,0.905610698254611,-0.522189150218942
656,b,h001,-0.907044589581004,-0.522118715833464
656,c,h001,-0.000057805617412,1.048885844174749
657,a,h001,0.905610705824088,-0.522189148647362
657,b,h001,-0.907044068015571,-0.522118565856057
657,c,h001,-0.000057798047935,1.048885845746328
658,a,h001,0.906753282463005,-0.523107867891362
658,b,h001,-0.906480187416451,-0.522449325419172
658,c,h001,0.000493704367943,1.048579150686075
659,a,h001,0.906742540586782,-0.523049945625063
659,b,h001,-0.906321466801557,-0.522371238677515
659,c,h001,0.000533194915719,1.048559582795428
660,a,h001,0.906738044702154,-0.523040284313227
660,b,h001,-0.906325107647223,-0.522366900082759
660,c,h001,0.000537431025621,1.04855604460683
661,a,h001,0.90561010351932,-0.522190433509322
661,b,h001,-0.90707371196099,-0.522128211243389
661,c,h001,-0.000058664593155,1.048882912131327
662,a,h001,0.90561069954453,-0.522189149951141
662,b,h001,-0.907044500700666,-0.522118690276657
662,c,h001,-0.000057804327493,1.048885844442549
663,a,h001,0.905610717631194,-0.522189146195982
663,b,h001,-0.907043254461475,-0.52211833191794
663,c,h001,-0.00005778624083,1.048885848197709
664,a,h001,0.906753285011203,-0.523107867360943
664,b,h001,-0.906480011843198,-0.52244927483539
664,c,h001,0.000493706916141,1.048579151216492
665,a,h001,0.906742576055257,-0.523049938239254
665,b,h001,-0.906319023005385,-0.522370534397356
665,c,h001,0.000533230384194,1.048559590181237
666,a,h001,0.906737534117528,-0.523039090413798
666,b,h001,-0.90632272800411,-0.52236555324895
666,c,h001,0.000537991779449,1.048555619044368
667,a,h001,0.90561010351932,-0.522190433509322
667,b,h001,-0.907073711960989,-0.522128211243389
667,c,h001,-0.000058664593155,1.048882912131326
668,a,h001,0.905610700873313,-0.522189149675272
668,b,h001,-0.90704440914245,-0.522118663949848
668,c,h001,-0.00005780299871,1.048885844718418
669,a,h001,0.90561076668337,-0.522189136011816
669,b,h001,-0.907039874581541,-0.522117360030819
669,c,h001,-0.000057737188653,1.048885858381874
670,a,h001,0.906753287516426,-0.52310786683947
670,b,h001,-0.906479839230947,-0.522449225104691
670,c,h001,0.000493709421364,1.048579151737964
671,a,h001,0.906742605175226,-0.523049932175432
671,b,h001,-0.906317016624531,-0.522369956176372
671,c,h001,0.000533259504163,1.048559596245059
672,a,h001,0.906736393950028,-0.523037994972981
672,b,h001,-0.906322743026356,-0.522365536466688
672,c,h001,0.000537976757204,1.048555635826631
673,a,h001,0.90673702336726,-0.523036548654717
673,b,h001,-0.906315833977721,-0.522362235825083
673,c,h001,0.000539884861591,1.048554063354178
674,a,h001,0.90561010351932,-0.522190433509322
674,b,h001,-0.907073711960989,-0.522128211243388
674,c,h001,-0.000058664593154,1.048882912131326
675,a,h001,0.905610710480713,-0.522189147680677
675,b,h001,-0.907043747155965,-0.5221184736011
675,c,h001,-0.000057793391311,1.048885846713013
676,a,h001,0.905610787514651,-0.522189131686845
676,b,h001,-0.907038439227658,-0.522116947293686
676,c,h001,-0.000057716357372,1.048885862706846
677,a,h001,0.906753288701761,-0.523107866592737
677,b,h001,-0.906479757560236,-0.522449201574835
677,c,h001,0.000493710606699,1.048579151984697
678,a,h001,0.906742653389877,-0.523049922135413
678,b,h001,-0.906313694610281,-0.522368998801632
678,c,h001,0.000533307718814,1.048559606285079
679,a,h001,0.906735709279562,-0.523037337160885
679,b,h001,-0.906322752047212,-0.522365526388942
679,c,h001,0.000537967736347,1.048555645904378
680,a,h001,0.906733789179834,-0.523020453655345
680,b,h001,-0.906272179427109,-0.522341229139018
680,c,h001,0.000551872290348,1.048544212368372
681,a,h001,0.90561010351932,-0.522190433509322
681,b,h001,-0.907073711960989,-0.522128211243388
681,c,h001,-0.000058664593154,1.048882912131326
682,a,h001,0.905610780442863,-0.522189133155811
682,b,h001,-0.90703892649673,-0.522117087460343
682,c,h001,-0.00005772342916,1.048885861237879
683,a,h001,0.90675329000369,-0.523107866321735
683,b,h001,-0.906479667856038,-0.522449175730479
683,c,h001,0.000493711908629,1.048579152255698
684,a,h001,0.906742809205345,-0.523049889689043
684,b,h001,-0.906302958844323,-0.52236590485008
684,c,h001,0.000533463534282,1.048559638731449
685,a,h001,0.906735074148556,-0.523036726944905
685,b,h001,-0.906322760415363,-0.522365517040373
685,c,h001,0.000537959368196,1.048555655252948
686,a,h001,0.906731474155359,-0.523008932889056
686,b,h001,-0.906240931592709,-0.52232619259785
686,c,h001,0.000560452866335,1.048537161053701
687,a,h001,0.906753291253264,-0.52310786606163
687,b,h001,-0.906479581759215,-0.522449150925431
687,c,h001,0.000493713158203,1.048579152515802
688,a,h001,0.906743173287484,-0.523049813874082
688,b,h001,-0.906277873397593,-0.522358675449109
688,c,h001,0.000533827616421,1.04855971454641
689,a,h001,0.906734454430352,-0.523036131537113
689,b,h001,-0.906322768580442,-0.522365507918667
689,c,h001,0.000537951203116,1.048555664374655
690,a,h001,0.906731392195176,-0.523009181775978
690,b,h001,-0.906241013552969,-0.522326441484761
690,c,h001,0.000556029772059,1.048519306220621
691,a,h001,0.90672626297282,-0.52297155073361
691,b,h001,-0.906150113603284,-0.522278751199489
691,c,h001,0.000586748409629,1.04852715702368
692,a,h001,0.90675329276024,-0.523107865747947
692,b,h001,-0.90647947792716,-0.522449121010749
692,c,h001,0.000493714665179,1.048579152829485
693,a,h001,0.90673398960014,-0.523035684941339
693,b,h001,-0.906322774704799,-0.522365501076775
693,c,h001,0.000537945078758,1.048555671216547
694,a,h001,0.906731388137881,-0.52300919409679
694,b,h001,-0.906241017610272,-0.522326453805571
694,c,h001,0.000555810814832,1.048518422341426
695,a,h001,0.906731382126575,-0.523009212350832
695,b,h001,-0.90624102362157,-0.522326472059614
695,c,h001,0.000555486405184,1.048517112818671
696,a,h001,0.906726388540497,-0.52297152459128
696,b,h001,-0.906141461897382,-0.522276258239013
696,c,h001,0.000586873977306,1.048527183166011
697,a,h001,0.90672478160864,-0.52296385644354
697,b,h001,-0.906132058471847,-0.52226918960302
697,c,h001,0.000591824685469,1.048524988608627
698,a,h001,0.906753295164057,-0.523107865247581
698,b,h001,-0.906479312301889,-0.522449073293045
698,c,h001,0.000493717068996,1.04857915332985
699,a,h001,0.906733251186724,-0.52303497549453
699,b,h001,-0.906322784433744,-0.52236549020798
699,c,h001,0.000537935349813,1.048555682085344
700,a,h001,0.906731386868328,-0.523009197952048
700,b,h001,-0.906241018879827,-0.52232645766083
700,c,h001,0.000555742301751,1.048518145770117
701,a,h001,0.906731361615251,-0.523009274636615
701,b,h001,-0.906241044132894,-0.522326534345398
701,c,h001,0.000554379481422,1.048512644514018
702,a,h001,0.906726461285179,-0.522971509446335
702,b,h001,-0.906136449734951,-0.522274814000966
702,c,h001,0.000586946721988,1.048527198310956
703,a,h001,0.906722631590148,-0.522948625677866
703,b,h001,-0.906098195838731,-0.52225419336153
703,c,h001,0.000599806534884,1.048520991801568
704,a,h001,0.906753301743037,-0.523107863878137
704,b,h001,-0.906478859003899,-0.522448942694982
704,c,h001,0.000493723647977,1.048579154699292
705,a,h001,0.906732006193158,-0.523033779339783
705,b,h001,-0.906322800837121,-0.52236547188277
705,c,h001,0.000537918946434,1.048555700410554
706,a,h001,0.906731386052042,-0.523009200430868
706,b,h001,-0.906241019696115,-0.522326460139649
706,c,h001,0.000555698249824,1.048517967942773
707,a,h001,0.906716960199836,-0.522908449456528
707,b,h001,-0.906008871856274,-0.522214635775867
707,c,h001,0.000620861323378,1.048510448890719
708,a,h001,0.906722631590145,-0.522948625677865
708,b,h001,-0.906098195838733,-0.52225419336153
708,c,h001,0.000599806534884,1.048520991801567
709,a,h001,0.906753310498452,-0.523107862055659
709,b,h001,-0.906478255747477,-0.522448768892933
709,c,h001,0.000493732403393,1.048579156521769
710,a,h001,0.906722677528378,-0.523024816621449
710,b,h001,-0.906322923746674,-0.522365334573036
710,c,h001,0.00053779603687,1.048555837720298
711,a,h001,0.906731385559681,-0.523009201926022
711,b,h001,-0.906241020188477,-0.522326461634804
711,c,h001,0.000555671678939,1.048517860682315
712,a,h001,0.906719113108988,-0.522869025249457
712,b,h001,-0.90589941981285,-0.522171659042789
712,c,h001,0.000649408958546,1.048494052562692
713,a,h001,0.906710609637956,-0.5229023491627
713,b,h001,-0.906008955529172,-0.522214542317495
713,c,h001,0.000620777650499,1.048510542349123
714,a,h001,0.906722631590143,-0.522948625677864
714,b,h001,-0.906098195838734,-0.52225419336153
714,c,h001,0.000599806534883,1.048520991801566
715,a,h001,0.906753311332377,-0.523107861882074
715,b,h001,-0.906478198289267,-0.522448752338853
715,c,h001,0.000493733237318,1.048579156695354
716,a,h001,0.90671502456072,-0.523017463865707
716,b,h001,-0.906323024578128,-0.522365221928089
716,c,h001,0.000537695205406,1.048555950365253
717,a,h001,0.906731385062045,-0.523009203437192
717,b,h001,-0.906241020686113,-0.522326463145974
717,c,h001,0.000555644823421,1.048517752272862
718,a,h001,0.906721335146537,-0.522828335158817
718,b,h001,-0.905786453341267,-0.522127302357029
718,c,h001,0.000678873238207,1.0484771297601
719,a,h001,0.90670992979556,-0.52290169611208
719,b,h001,-0.90600896448655,-0.52221453231256
719,c,h001,0.000620768693123,1.048510552354062
720,a,h001,0.906722631590141,-0.522948625677864
720,b,h001,-0.906098195838735,-0.52225419336153
720,c,h001,0.000599806534882,1.048520991801565
721,a,h001,0.906753311991892,-0.523107861744793
721,b,h001,-0.906478152848046,-0.522448739246946
721,c,h001,0.000493733896833,1.048579156832635
722,a,h001,0.906712599834583,-0.523015134257138
722,b,h001,-0.906323056525037,-0.522365186238254
722,c,h001,0.000537663258494,1.04855598605509
723,a,h001,0.906731384617552,-0.523009204786986
723,b,h001,-0.906241021130606,-0.522326464495768
723,c,h001,0.000555620835792,1.048517655440407
724,a,h001,0.906703327862715,-0.522815470237759
724,b,h001,-0.90578116662308,-0.522121749180866
724,c,h001,0.000672312171128,1.048465787801976
725,a,h001,0.906723789372329,-0.522827823814807
725,b,h001,-0.905617357433107,-0.522078549964364
725,c,h001,0.000681327463985,1.048477641104212
726,a,h001,0.9067096702223,-0.522901446768292
726,b,h001,-0.906008967906601,-0.522214528492536
726,c,h001,0.000620765273072,1.048510556174087
727,a,h001,0.906722631590139,-0.522948625677863
727,b,h001,-0.906098195838736,-0.52225419336153
727,c,h001,0.000599806534882,1.048520991801564
728,a,h001,0.90675331263244,-0.52310786161146
728,b,h001,-0.906478108713728,-0.522448726531566
728,c,h001,0.000493734537381,1.048579156965968
729,a,h001,0.906710392431353,-0.523013013446297
729,b,h001,-0.906323085608615,-0.522365153747222
729,c,h001,0.000537634174914,1.048556018546125
730,a,h001,0.906731384116762,-0.523009206307734
730,b,h001,-0.906241021631396,-0.522326466016516
730,c,h001,0.00055559381007,1.048517546343877
731,a,h001,0.906678858767348,-0.522797988812834
731,b,h001,-0.90577398279609,-0.522114203278971
731,c,h001,0.000663396702385,1.048450375846586
732,a,h001,0.906724118589095,-0.522827755221681
732,b,h001,-0.905594674431316,-0.522072010180983
732,c,h001,0.00068165668075,1.048477709697353
733,a,h001,0.906709395645177,-0.522901183011925
733,b,h001,-0.906008971524338,-0.522214524451708
733,c,h001,0.000620761655336,1.048510560214917
734,a,h001,0.906722631590138,-0.522948625677863
734,b,h001,-0.906098195838736,-0.52225419336153
734,c,h001,0.000599806534881,1.048520991801564
735,a,h001,0.906753313318535,-0.523107861468646
735,b,h001,-0.906478061441118,-0.522448712912023
735,c,h001,0.000493735223476,1.048579157108782
736,a,h001,0.906709190161414,-0.523011858339208
736,b,h001,-0.906323101449088,-0.522365136050867
736,c,h001,0.00053761833444,1.048556036242481
737,a,h001,0.906731383715529,-0.52300920752616
737,b,h001,-0.906241022032629,-0.522326467234942
737,c,h001,0.000555572157004,1.048517458935506
738,a,h001,0.906650210388128,-0.522777521587421
738,b,h001,-0.905765571982501,-0.522105368548639
738,c,h001,0.000652958485295,1.048432331552919
739,a,h001,0.906724291551954,-0.522827719184442
739,b,h001,-0.905582757307869,-0.522068574330358
739,c,h001,0.000681829643608,1.0484777457346
740,a,h001,0.906709167769992,-0.522900964117028
740,b,h001,-0.906008974526746,-0.522214521098171
740,c,h001,0.000620758652929,1.048510563568454
741,a,h001,0.906722631590136,-0.522948625677863
741,b,h001,-0.906098195838737,-0.52225419336153
741,c,h001,0.000599806534881,1.048520991801563
742,a,h001,0.906753313952882,-0.523107861336604
742,b,h001,-0.906478017734022,-0.522448700319727
742,c,h001,0.000493735857823,1.048579157240824
743,a,h001,0.906708229960364,-0.523010935805088
743,b,h001,-0.906323114100189,-0.522365121917552
743,c,h001,0.000537605683337,1.048556050375796
744,a,h001,0.906731383234248,-0.523009208987663
744,b,h001,-0.90624102251391,-0.522326468696446
744,c,h001,0.000555546184134,1.048517354089098
745,a,h001,0.906627206892502,-0.522761087229069
745,b,h001,-0.905758818437662,-0.522098274615715
745,c,h001,0.000644577017033,1.048417842711255
746,a,h001,0.906724517111172,-0.522827672192262
746,b,h001,-0.905567216281308,-0.522064093925153
746,c,h001,0.000682055202826,1.048477792726779
747,a,h001,0.906724316227244,-0.522827714043165
747,b,h001,-0.905581057183541,-0.522068084155479
747,c,h001,0.000681854318897,1.048477750875877
748,a,h001,0.906708897909748,-0.522900704891654
748,b,h001,-0.906008978082334,-0.522214517126758
748,c,h001,0.000620755097341,1.048510567539867
749,a,h001,0.906722631590134,-0.522948625677862
749,b,h001,-0.906098195838738,-0.52225419336153
749,c,h001,0.00059980653488,1.048520991801562
750,a,h001,0.906753314550686,-0.523107861212168
750,b,h001,-0.906477976544701,-0.52244868845282
750,c,h001,0.000493736455627,1.04857915736526
751,a,h001,0.906707411181881,-0.523010149145787
751,b,h001,-0.906323124887981,-0.522365109865854
751,c,h001,0.000537594895544,1.048556062427496
752,a,h001,0.906731382715612,-0.523009210562608
752,b,h001,-0.906241023032547,-0.522326470271391
752,c,h001,0.000555518195261,1.048517241104554
753,a,h001,0.906620144266864,-0.522750263817516
753,b,h001,-0.905754830821191,-0.522090919760197
753,c,h001,0.000643951400565,1.048423440567565
754,a,h001,0.906626939911688,-0.522761897899416
754,b,h001,-0.90575908541847,-0.522099085286099
754,c,h001,0.000630168702021,1.048359686127349
755,a,h001,0.906724700462878,-0.522827633993442
755,b,h001,-0.905554583351727,-0.522060451910694
755,c,h001,0.000682238554531,1.0484778309256
756,a,h001,0.906724334071025,-0.522827710325283
756,b,h001,-0.905579827749265,-0.522067729688581
756,c,h001,0.000681872162679,1.04847775459376
757,a,h001,0.906708634730409,-0.522900452083898
757,b,h001,-0.906008981549898,-0.522214513253666
757,c,h001,0.000620751629778,1.04851057141296
758,a,h001,0.906722631590132,-0.522948625677861
758,b,h001,-0.906098195838739,-0.52225419336153
758,c,h001,0.00059980653488,1.048520991801562
759,a,h001,0.906753315382118,-0.523107861039102
759,b,h001,-0.906477919258241,-0.522448671948223
759,c,h001,0.00049373728706,1.048579157538327
760,a,h001,0.90670645033962,-0.52300922599561
760,b,h001,-0.906323137547531,-0.522365095723102
760,c,h001,0.000537582235993,1.048556076570249
761,a,h001,0.906731381769386,-0.523009213436013
761,b,h001,-0.906241023978773,-0.522326473144796
761,c,h001,0.000555467131022,1.048517034970143
762,a,h001,0.906610406958912,-0.522735341478886
762,b,h001,-0.905749333057106,-0.522080779552177
762,c,h001,0.000643088857298,1.04843115838436
763,a,h001,0.906626716750762,-0.522762575513447
763,b,h001,-0.905759308579391,-0.52209976290016
763,c,h001,0.000618125241388,1.048311074854739
764,a,h001,0.906724349129585,-0.522827707187722
764,b,h001,-0.905578790216418,-0.522067430550142
764,c,h001,0.000681887221238,1.04847775773132
765,a,h001,0.906708272915163,-0.522900104527358
765,b,h001,-0.906008986317056,-0.522214507928993
765,c,h001,0.000620746862621,1.048510576737633
766,a,h001,0.90672263159013,-0.522948625677861
766,b,h001,-0.90609819583874,-0.52225419336153
766,c,h001,0.000599806534879,1.048520991801561
767,a,h001,0.906753316401004,-0.523107860827016
767,b,h001,-0.906477849056026,-0.522448651722514
767,c,h001,0.000493738305946,1.048579157750412
768,a,h001,0.906705572379771,-0.523008382476519
768,b,h001,-0.906323149115065,-0.522365082800305
768,c,h001,0.000537570668458,1.048556089493046
769,a,h001,0.906731374690139,-0.523009234933566
769,b,h001,-0.90624103105802,-0.522326494642348
769,c,h001,0.000555085090811,1.048515492763028
770,a,h001,0.906586452879335,-0.522698632063017
770,b,h001,-0.905735808386934,-0.522055834325936
770,c,h001,0.000640966974106,1.048450144453056
771,a,h001,0.906626698988632,-0.522762629439906
771,b,h001,-0.905759326341521,-0.52209981682662
771,c,h001,0.000617166623991,1.048307206218543
772,a,h001,0.906626711516712,-0.52276259140657
772,b,h001,-0.905759313813442,-0.522099778793284
772,c,h001,0.000617842773557,1.04830993470033
773,a,h001,0.906724374565234,-0.52282770188802
773,b,h001,-0.905577037703404,-0.522066925270711
773,c,h001,0.000681912656887,1.048477763031024
774,a,h001,0.906707775179733,-0.522899626407087
774,b,h001,-0.906008992875052,-0.522214500604044
774,c,h001,0.000620740304625,1.048510584062582
775,a,h001,0.90672263159013,-0.52294862567786
775,b,h001,-0.90609819583874,-0.52225419336153
775,c,h001,0.000599806534879,1.04852099180156
776,a,h001,0.90675332123026,-0.523107859821786
776,b,h001,-0.90647751631575,-0.522448555857902
776,c,h001,0.000493743135201,1.048579158755643
777,a,h001,0.906704210329642,-0.523007073857124
777,b,h001,-0.906323167060717,-0.522365062752126
777,c,h001,0.000537552722804,1.048556109541226
778,a,h001,0.906731352995827,-0.523009300812693
778,b,h001,-0.906241052752332,-0.522326560521476
778,c,h001,0.000553914330772,1.048510766678146
779,a,h001,0.906567037751662,-0.522668878550945
779,b,h001,-0.905724846446307,-0.522035615859568
779,c,h001,0.000639247157115,1.048465532936113
780,a,h001,0.906626681583649,-0.522762682282055
780,b,h001,-0.905759343746504,-0.522099869668769
780,c,h001,0.000616227281708,1.048303415369794
781,a,h001,0.906626706512287,-0.522762606602433
781,b,h001,-0.905759318817866,-0.522099793989148
781,c,h001,0.000617572698087,1.0483088445665
782,a,h001,0.90672441018485,-0.522827694466413
782,b,h001,-0.905574583516393,-0.522066217686684
782,c,h001,0.000681948276503,1.04847777045263
783,a,h001,0.906707248434689,-0.522899120420435
783,b,h001,-0.90600899981527,-0.522214492852174
783,c,h001,0.000620733364409,1.048510591814453
784,a,h001,0.906722631590129,-0.52294862567786
784,b,h001,-0.90609819583874,-0.52225419336153
784,c,h001,0.000599806534879,1.04852099180156
785,a,h001,0.906753362521772,-0.523107851226778
785,b,h001,-0.906474671291585,-0.522447736188163
785,c,h001,0.000493784426713,1.048579167350651
786,a,h001,0.906701460485963,-0.52300443188478
786,b,h001,-0.906323203291202,-0.522365022276847
786,c,h001,0.000537516492315,1.048556150016506
787,a,h001,0.906551867337958,-0.522645630025626
787,b,h001,-0.905716281106068,-0.522019817740472
787,c,h001,0.000637903342348,1.048477557047321
788,a,h001,0.906626701117256,-0.522762622984369
788,b,h001,-0.905759324212896,-0.522099810371085
788,c,h001,0.000617281542605,1.048307669345216
789,a,h001,0.906724436615438,-0.522827688959407
789,b,h001,-0.905572762452227,-0.522065692642785
789,c,h001,0.000681974707091,1.048477775959636
790,a,h001,0.906706898532381,-0.522898784307359
790,b,h001,-0.906009004425467,-0.522214487702818
790,c,h001,0.000620728754213,1.048510596963809
791,a,h001,0.906722631590129,-0.52294862567786
791,b,h001,-0.906098195838741,-0.52225419336153
791,c,h001,0.000599806534879,1.048520991801561
792,a,h001,0.906700909201383,-0.523003902225549
792,b,h001,-0.906323210554635,-0.522365014162415
792,c,h001,0.00053750922888,1.048556158130938
793,a,h001,0.906699850077614,-0.523002884653002
793,b,h001,-0.906323224509096,-0.5223649985731
793,c,h001,0.000537495274421,1.048556173720252
794,a,h001,0.906538156216282,-0.52262461785248
794,b,h001,-0.905708539694099,-0.522005539294451
794,c,h001,0.000636688793548,1.048488424519694
795,a,h001,0.906626696299906,-0.522762637612186
795,b,h001,-0.905759329030246,-0.522099824998902
795,c,h001,0.000617021563009,1.048306619962418
796,a,h001,0.906724480398809,-0.522827679836823
796,b,h001,-0.905569745783499,-0.522064822885672
796,c,h001,0.000682018490462,1.04847778508222
797,a,h001,0.906706542416026,-0.522898442225124
797,b,h001,-0.906009009117538,-0.522214482462014
797,c,h001,0.000620724062143,1.048510602204614
798,a,h001,0.906722631590129,-0.52294862567786
798,b,h001,-0.906098195838741,-0.52225419336153
798,c,h001,0.000599806534879,1.048520991801561
799,a,h001,0.906700428429204,-0.523003440312716
799,b,h001,-0.906323216889033,-0.522365007085864
799,c,h001,0.00053750289448,1.048556165207488
800,a,h001,0.906697273189958,-0.523000408857051
800,b,h001,-0.906323258460813,-0.522364960643657
800,c,h001,0.000537461322704,1.048556211649696
801,a,h001,0.906536194385045,-0.522622733788648
801,b,h001,-0.905708565543019,-0.522005510429507
801,c,h001,0.000636662944629,1.048488453384638
802,a,h001,0.906541100966774,-0.522623882456923
802,b,h001,-0.905699929175269,-0.52200219709989
802,c,h001,0.000639633544039,1.04848915991525
803,a,h001,0.906626690979946,-0.522762653766171
803,b,h001,-0.905759334350206,-0.522099841152888
803,c,h001,0.000616734458875,1.048305461094016
804,a,h001,0.906724784300015,-0.522827616516792
804,b,h001,-0.905548807028874,-0.522058785885123
804,c,h001,0.000682322391668,1.048477848402252
805,a,h001,0.906706372141506,-0.522898278660918
805,b,h001,-0.906009011361019,-0.52221447995616
805,c,h001,0.000620721818663,1.048510604710468
806,a,h001,0.906722631590129,-0.52294862567786
806,b,h001,-0.906098195838741,-0.52225419336153
806,c,h001,0.000599806534879,1.04852099180156
807,a,h001,0.906700030808745,-0.523003058289792
807,b,h001,-0.90632322212787,-0.522365001233236
807,c,h001,0.000537497655643,1.048556171060116
808,a,h001,0.906695071491522,-0.522998293531587
808,b,h001,-0.906323287469234,-0.522364928236658
808,c,h001,0.000537432314282,1.048556244056694
809,a,h001,0.906534227399884,-0.522620844775196
809,b,h001,-0.905708591459846,-0.522005481488731
809,c,h001,0.000636637027802,1.048488482325414
810,a,h001,0.906548592580205,-0.522622209433892
810,b,h001,-0.905683246665139,-0.521997023625344
810,c,h001,0.000647125157468,1.048490832938281
811,a,h001,0.906541100966774,-0.522623882456923
811,b,h001,-0.905699929175269,-0.52200219709989
811,c,h001,0.000639633544039,1.04848915991525
812,a,h001,0.906626687549993,-0.522762664181177
812,b,h001,-0.905759337780159,-0.522099851567893
812,c,h001,0.000616549353403,1.048304713933465
813,a,h001,0.906725455580326,-0.522827476650646
813,b,h001,-0.905502555900328,-0.522045450894889
813,c,h001,0.000682993671979,1.048477988268397
814,a,h001,0.90670610129925,-0.522898018492232
814,b,h001,-0.906009014929547,-0.522214475970297
814,c,h001,0.000620718250136,1.048510608696332
815,a,h001,0.90672263159013,-0.52294862567786
815,b,h001,-0.906098195838741,-0.52225419336153
815,c,h001,0.00059980653488,1.04852099180156
816,a,h001,0.906699721599745,-0.523002761210195
816,b,h001,-0.906323226201843,-0.522364996681947
816,c,h001,0.000537493581669,1.048556175611405
817,a,h001,0.906693825416584,-0.522997096340364
817,b,h001,-0.906323303886862,-0.522364909895568
817,c,h001,0.000537415896654,1.048556262397785
818,a,h001,0.906532256597004,-0.522618952095358
818,b,h001,-0.905708617426975,-0.522005452491785
818,c,h001,0.000636611060673,1.04848851132236
819,a,h001,0.906554874045536,-0.522620806660475
819,b,h001,-0.905669258942735,-0.521992685841326
819,c,h001,0.000653406622799,1.048492235711698
820,a,h001,0.906548592580205,-0.522622209433892
820,b,h001,-0.905683246665139,-0.521997023625344
820,c,h001,0.000647125157468,1.048490832938281
821,a,h001,0.90662668228182,-0.522762680177914
821,b,h001,-0.905759343048332,-0.52209986756463
821,c,h001,0.00061626504405,1.048303566345928
822,a,h001,0.906705847038515,-0.522897774251609
822,b,h001,-0.906009018279602,-0.522214472228456
822,c,h001,0.000620714900082,1.048510612438174
823,a,h001,0.90672263159013,-0.52294862567786
823,b,h001,-0.906098195838741,-0.52225419336153
823,c,h001,0.00059980653488,1.04852099180156
824,a,h001,0.906699407115066,-0.523002459061869
824,b,h001,-0.906323230345327,-0.522364992053005
824,c,h001,0.000537489438185,1.048556180240347
825,a,h001,0.906530297724501,-0.522617070872975
825,b,h001,-0.905708643236911,-0.522005423670373
825,c,h001,0.000636585250738,1.048488540143772
826,a,h001,0.906561626462404,-0.522619298714418
826,b,h001,-0.905654222493801,-0.521988022832868
826,c,h001,0.000660159039665,1.048493743657755
827,a,h001,0.906554874045536,-0.522620806660475
827,b,h001,-0.905669258942735,-0.521992685841326
827,c,h001,0.000653406622799,1.048492235711698
828,a,h001,0.906626638949761,-0.522762811755128
828,b,h001,-0.905759386380392,-0.522099999141844
828,c,h001,0.000613926527587,1.04829412714767
829,a,h001,0.9067054837422,-0.522897425272368
829,b,h001,-0.906009023066274,-0.522214466881987
829,c,h001,0.000620710113411,1.048510617784643
830,a,h001,0.90672263159013,-0.52294862567786
830,b,h001,-0.90609819583874,-0.52225419336153
830,c,h001,0.00059980653488,1.04852099180156
831,a,h001,0.906699134198278,-0.523002196850841
831,b,h001,-0.906323233941134,-0.522364988035906
831,c,h001,0.000537485842378,1.048556184257446
832,a,h001,0.906528331407442,-0.522615182501141
832,b,h001,-0.905708669144935,-0.522005394739428
832,c,h001,0.000636559342714,1.048488569074717
833,a,h001,0.906567170436634,-0.522618060637112
833,b,h001,-0.905641877034827,-0.5219841943372
833,c,h001,0.000665703013894,1.048494981735061
834,a,h001,0.906561626462404,-0.522619298714418
834,b,h001,-0.905654222493801,-0.521988022832868
834,c,h001,0.000660159039665,1.048493743657755
835,a,h001,0.90662648960791,-0.522763265229645
835,b,h001,-0.905759535722242,-0.522100452616362
835,c,h001,0.000605866943471,1.048261595406484
836,a,h001,0.906701648903046,-0.522893741559643
836,b,h001,-0.906009073592848,-0.522214410446383
836,c,h001,0.000620659586852,1.048510674220256
837,a,h001,0.906698938185274,-0.523002008526878
837,b,h001,-0.906323236523697,-0.522364985150765
837,c,h001,0.000537483259814,1.048556187142588
838,a,h001,0.906526366426585,-0.522613295412541
838,b,h001,-0.905708695035354,-0.522005365828143
838,c,h001,0.000636533452296,1.048488597986002
839,a,h001,0.906573122503892,-0.522616731424694
839,b,h001,-0.905628622824204,-0.521980084025217
839,c,h001,0.000671655081151,1.04849631094748
840,a,h001,0.906567170436634,-0.522618060637112
840,b,h001,-0.905641877034827,-0.5219841943372
840,c,h001,0.000665703013894,1.048494981735061
841,a,h001,0.906700115063976,-0.522892268167338
841,b,h001,-0.906009093802205,-0.522214387873562
841,c,h001,0.000620639377501,1.04851069679308
842,a,h001,0.906698710613827,-0.52300178988242
842,b,h001,-0.906323239522058,-0.52236498180111
842,c,h001,0.000537480261453,1.048556190492242
843,a,h001,0.906524400204969,-0.522611407132366
843,b,h001,-0.905708720942121,-0.522005336898602
843,c,h001,0.00063650754553,1.048488626915543
844,a,h001,0.906573122503901,-0.522616731424699
844,b,h001,-0.905589330051303,-0.521969088970786
844,c,h001,0.00067165508115,1.04849631094749
845,a,h001,0.906573122503894,-0.522616731424697
845,b,h001,-0.905628622824202,-0.52198008402522
845,c,h001,0.000671655081154,1.048496310947473
846,a,h001,0.906573122503892,-0.522616731424694
846,b,h001,-0.905628622824204,-0.521980084025217
846,c,h001,0.000671655081151,1.04849631094748
847,a,h001,0.906699336183208,-0.52289151998133
847,b,h001,-0.90600910406448,-0.522214376411124
847,c,h001,0.000620629115228,1.048510708255519
848,a,h001,0.906698367774365,-0.523001460491589
848,b,h001,-0.906323244039129,-0.52236497675481
848,c,h001,0.000537475744382,1.048556195538542
849,a,h001,0.906523440429979,-0.522610485403059
849,b,h001,-0.905708733588034,-0.522005322777177
849,c,h001,0.000636494899618,1.048488641036967
850,a,h001,0.906573122503903,-0.522616731424699
850,b,h001,-0.905583581403916,-0.521967480362224
850,c,h001,0.00067165508115,1.048496310947492
851,a,h001,0.906573122503895,-0.522616731424701
851,b,h001,-0.905628622824199,-0.521980084025223
851,c,h001,0.000671655081157,1.048496310947464
852,a,h001,0.906573122503894,-0.522616731424697
852,b,h001,-0.905628622824202,-0.52198008402522
852,c,h001,0.000671655081153,1.048496310947472
853,a,h001,0.906699163831971,-0.52289135442225
853,b,h001,-0.906009106335323,-0.522214373874708
853,c,h001,0.000620626844386,1.048510710791936
854,a,h001,0.906697807643858,-0.523000922333432
854,b,h001,-0.906323251419112,-0.522364968510175
854,c,h001,0.000537468364399,1.048556203783177
855,a,h001,0.906501869353456,-0.522589769408574
855,b,h001,-0.90570901780668,-0.522005005396195
855,c,h001,0.000636210680976,1.048488958417947
856,a,h001,0.906573122503906,-0.522616731424701
856,b,h001,-0.905567386166778,-0.521962948548847
856,c,h001,0.00067165508115,1.048496310947495
857,a,h001,0.906573122503897,-0.522616731424707
857,b,h001,-0.905628622824195,-0.521980084025229
857,c,h001,0.000671655081163,1.048496310947451
858,a,h001,0.906573122503895,-0.522616731424701
858,b,h001,-0.905628622824199,-0.521980084025223
858,c,h001,0.000671655081157,1.048496310947464
859,a,h001,0.906699028096921,-0.522891224036356
859,b,h001,-0.906009108123724,-0.522214371877156
859,c,h001,0.000620625055986,1.048510712789488
860,a,h001,0.906695740069144,-0.522998935889036
860,b,h001,-0.90632327866041,-0.522364938077626
860,c,h001,0.000537441123101,1.048556234215726
861,a,h001,0.906691344724477,-0.522994712869261
861,b,h001,-0.906323336571048,-0.522364873380655
861,c,h001,0.000537383212463,1.048556298912697
862,a,h001,0.906487842093084,-0.522576298191772
862,b,h001,-0.905709202628654,-0.522004799009385
862,c,h001,0.000636025859004,1.048489164804755
863,a,h001,0.906573122503909,-0.522616731424703
863,b,h001,-0.905548368896087,-0.521957627063216
863,c,h001,0.000671655081149,1.048496310947499
864,a,h001,0.906573122503898,-0.522616731424709
864,b,h001,-0.905628622824194,-0.521980084025232
864,c,h001,0.000671655081165,1.048496310947446
865,a,h001,0.906573122503897,-0.522616731424707
865,b,h001,-0.905628622824195,-0.521980084025229
865,c,h001,0.000671655081163,1.048496310947451
866,a,h001,0.906698882665705,-0.52289108433641
866,b,h001,-0.906009110039877,-0.522214369736911
866,c,h001,0.000620623139833,1.048510714929734
867,a,h001,0.906475573847537,-0.522564516262073
867,b,h001,-0.905709364274,-0.522004618503427
867,c,h001,0.00063586421366,1.048489345310712
868,a,h001,0.90657312250391,-0.522616731424703
868,b,h001,-0.905545901945274,-0.521956936751577
868,c,h001,0.000671655081149,1.0484963109475
869,a,h001,0.906573122503898,-0.52261673142471
869,b,h001,-0.905628622824194,-0.521980084025233
869,c,h001,0.000671655081167,1.048496310947443
870,a,h001,0.906573122503898,-0.522616731424709
870,b,h001,-0.905628622824194,-0.521980084025232
870,c,h001,0.000671655081165,1.048496310947446
871,a,h001,0.906698766310106,-0.522890972566247
871,b,h001,-0.90600911157294,-0.522214368024557
871,c,h001,0.000620621606771,1.048510716642087
872,a,h001,0.906462705265404,-0.52255215779326
872,b,h001,-0.905709533829329,-0.522004429164558
872,c,h001,0.000635694658333,1.04848953464958
873,a,h001,0.90657312250391,-0.522616731424703
873,b,h001,-0.905545493720529,-0.52195682254003
873,c,h001,0.000671655081149,1.0484963109475
874,a,h001,0.90657312250391,-0.522616731424703
874,b,h001,-0.905539911251365,-0.521955260369317
874,c,h001,0.000671655081149,1.0484963109475
875,a,h001,0.906573122503899,-0.522616731424711
875,b,h001,-0.905628622824193,-0.521980084025234
875,c,h001,0.000671655081167,1.048496310947442
876,a,h001,0.906573122503898,-0.52261673142471
876,b,h001,-0.905628622824194,-0.521980084025233
876,c,h001,0.000671655081167,1.048496310947443
877,a,h001,0.906698653333597,-0.522890864042007
877,b,h001,-0.906009113061481,-0.522214366361933
877,c,h001,0.00062062011823,1.048510718304712
878,a,h001,0.906440732373774,-0.522531055911704
878,b,h001,-0.905709823342256,-0.522004105871563
878,c,h001,0.000635405145409,1.048489857942572
879,a,h001,0.90657312250391,-0.522616731424703
879,b,h001,-0.905545115979262,-0.521956716857033
879,c,h001,0.000671655081149,1.0484963109475
880,a,h001,0.90657312250391,-0.522616731424703
880,b,h001,-0.905525891414282,-0.521951337183366
880,c,h001,0.000671655081149,1.0484963109475
881,a,h001,0.906573122503899,-0.522616731424711
881,b,h001,-0.905628622824193,-0.521980084025234
881,c,h001,0.000671655081167,1.048496310947442
882,a,h001,0.906573122503899,-0.522616731424711
882,b,h001,-0.905628622824193,-0.521980084025234
882,c,h001,0.000671655081167,1.048496310947442
883,a,h001,0.906698540643642,-0.522890755793029
883,b,h001,-0.906009114546246,-0.522214364703525
883,c,h001,0.000620618633465,1.048510719963119
884,a,h001,0.906435342897427,-0.52252588007534
884,b,h001,-0.905709894353532,-0.522004026574765
884,c,h001,0.000635334134134,1.04848993723937
885,a,h001,0.90657312250391,-0.522616731424703
885,b,h001,-0.905544541590525,-0.521956556156764
885,c,h001,0.000671655081149,1.0484963109475
886,a,h001,0.90657312250391,-0.522616731424703
886,b,h001,-0.905492632169173,-0.521942030213365
886,c,h001,0.000671655081149,1.0484963109475
887,a,h001,0.90669842927216,-0.522890648810564
887,b,h001,-0.90600911601364,-0.522214363064521
887,c,h001,0.000620617166072,1.048510721602124
888,a,h001,0.906434796926139,-0.522525355801816
888,b,h001,-0.905709901547262,-0.522004018542531
888,c,h001,0.000635326940404,1.048489945271604
889,a,h001,0.906415119173178,-0.522507769055613
889,b,h001,-0.905709115465794,-0.522004896351667
889,c,h001,0.000636113021872,1.048489067462469
890,a,h001,0.90657312250391,-0.522616731424703
890,b,h001,-0.905543815720204,-0.52195635307556
890,c,h001,0.000671655081149,1.0484963109475
891,a,h001,0.906696437718696,-0.52288873574184
891,b,h001,-0.906009142253683,-0.522214333755719
891,c,h001,0.000620590926029,1.048510750910925
892,a,h001,0.906433900486036,-0.522524494987665
892,b,h001,-0.905709913358778,-0.52200400535426
892,c,h001,0.00063531512889,1.048489958459873
893,a,h001,0.906397966734093,-0.522492408474209
893,b,h001,-0.9057084548642,-0.5220056340395
893,c,h001,0.000636773623466,1.048488329774636
894,a,h001,0.906573122503909,-0.522616731424703
894,b,h001,-0.90554098992123,-0.521955562484404
894,c,h001,0.000671655081149,1.0484963109475
895,a,h001,0.906691981194165,-0.522884454889122
895,b,h001,-0.906009200971409,-0.522214268171686
895,c,h001,0.000620532208303,1.048510816494958
896,a,h001,0.906693684851161,-0.522886091336064
896,b,h001,-0.906009178524518,-0.522214293242636
896,c,h001,0.000620554655194,1.048510791424008
897,a,h001,0.906433723240159,-0.522524324785822
897,b,h001,-0.905709915694173,-0.52200400274665
897,c,h001,0.000635312793494,1.048489961067483
898,a,h001,0.906369137006201,-0.522466590491125
898,b,h001,-0.905707344528573,-0.522006873941266
898,c,h001,0.000637883959093,1.048487089872871
899,a,h001,0.906573122503909,-0.522616731424703
899,b,h001,-0.905535856671471,-0.521954126323552
899,c,h001,0.000671655081149,1.048496310947499
900,a,h001,0.906689021552026,-0.522881611913164
900,b,h001,-0.906009239966697,-0.522214224616385
900,c,h001,0.000620493213015,1.048510860050259
901,a,h001,0.906433573471206,-0.522524180968925
901,b,h001,-0.905709917667532,-0.522004000543275
901,c,h001,0.000635310820135,1.048489963270857
902,a,h001,0.906433447261415,-0.52252405977491
902,b,h001,-0.905709919330475,-0.522003998686499
902,c,h001,0.000635309157192,1.048489965127633
903,a,h001,0.90643328308351,-0.522523902121697
903,b,h001,-0.905709921493687,-0.522003996271142
903,c,h001,0.00063530699398,1.04848996754299
904,a,h001,0.906432985947097,-0.522523616793956
904,b,h001,-0.905709925408763,-0.522003991899723
904,c,h001,0.000635303078904,1.048489971914409
905,a,h001,0.906432470765739,-0.522523122086723
905,b,h001,-0.905709932196804,-0.522003984320464
905,c,h001,0.000635296290863,1.048489979493667
906,a,h001,0.906428250888771,-0.52251906991436
906,b,h001,-0.905709987797997,-0.522003922238369
906,c,h001,0.00063524068967,1.048490041575762
