row,col,g,b
1,1,0.55005500550054998,-5.5005501661166107
2,1,-0.27502750275027499,2.7502750275027501
3,1,-0.27502750275027499,2.7502750275027501
4,1,-0.47636160824226498,4.7636160824226534
5,1,0.47636160824226498,-4.7636160824226534
1,2,-0.27502750275027499,2.7502750275027501
2,2,0.55005500550054998,-5.5005501661166107
3,2,-0.27502750275027499,2.7502750275027501
5,2,-0.47636160824226498,4.7636160824226534
6,2,0.47636160824226498,-4.7636160824226534
1,3,-0.27502750275027499,2.7502750275027501
2,3,-0.27502750275027499,2.7502750275027501
3,3,0.55005500550054998,-5.5005501661166107
4,3,0.47636160824226498,-4.7636160824226534
6,3,-0.47636160824226498,4.7636160824226534
1,4,-0.47636160824226498,4.7636160824226543
3,4,0.47636160824226498,-4.7636160824226543
4,4,8.096182454919699,-9.3088188836490975
5,4,-2.2008595327402745,0.44987435439996304
6,4,-2.2008595327379119,0.4498743544006043
7,4,-7.2710999466694384,1.0579936344741965
8,4,2.2008595327379807,-0.44987435440028856
9,4,2.2008595327384608,-0.44987435440037454
1,5,0.47636160824226498,-4.7636160824226543
2,5,-0.47636160824226498,4.7636160824226543
4,5,-2.2008595327401217,0.44987435440009715
5,5,8.0961824549237491,-9.3088188836486321
6,5,-2.2008595327394538,0.44987435439957402
7,5,2.2008595327400031,-0.44987435440092782
8,5,-7.2710999466706392,1.0579936344738374
9,5,2.2008595327391212,-0.44987435439978879
2,6,0.47636160824226498,-4.7636160824226543
3,6,-0.47636160824226498,4.7636160824226543
4,6,-2.2008595327410916,0.44987435440049683
5,6,-2.200859532741255,0.44987435440070733
6,6,8.0961824549240617,-9.3088188836487085
7,6,2.2008595327371325,-0.44987435439967949
8,6,2.2008595327379585,-0.44987435439932361
9,6,-7.2710999466690449,1.057993634474051
4,7,-7.2710999466700681,1.0579936344742789
5,7,2.2008595327382081,-0.44987435440131501
6,7,2.2008595327386531,-0.44987435440013429
7,7,11.95112317291489,-1.7389682901480921
8,7,-3.6174366402624969,0.73943472943297195
9,7,-3.6174366402555691,0.73943472943255273
10,7,-4.6800232262441481,0.68097465567621451
11,7,1.4165771075178919,-0.28956037503971255
12,7,1.4165771075181199,-0.28956037503652743
13,7,-5.2623758727251803e-12,-1.4388303154828822e-12
14,7,4.8600907007138683e-13,-2.0171521143341972e-12
15,7,4.9763651033123847e-12,-6.6121458236276935e-13
16,7,2.1305090814886283e-12,3.8398360367897761e-13
17,7,6.823566994836794e-13,-2.431159123799228e-12
18,7,1.3300525991688813e-12,-8.8280648085027339e-13
19,7,-6.1051158813743778e-13,1.6497579965109891e-13
20,7,-5.9684230671837984e-13,2.8262140433054644e-13
21,7,5.1532287242988614e-13,2.2728373844393089e-13
22,7,6.2416395593329807e-13,-1.6342426539746881e-12
23,7,4.2801936297097414e-14,1.252301539593233e-12
24,7,4.4223573167499539e-13,2.2893716703319521e-12
25,7,6.8397655073353124e-14,-1.6577481796972749e-13
26,7,5.5480259740176199e-13,-1.5038987167447748e-12
27,7,-3.337082196526644e-14,-7.4262921776533184e-13
28,7,5.4787280933145919e-13,4.0950640523710483e-14
29,7,-3.5193957817679413e-13,-5.7568375971930795e-13
30,7,-2.2350140500291613e-13,-1.3806998834662749e-13
31,7,6.862086537050501e-13,7.7261206751591848e-13
32,7,-7.8942099153020463e-13,-1.8974950219597355e-15
33,7,2.929076850292327e-13,-3.1435535855106084e-13
34,7,-1.6745826234751186e-14,1.6150735048899808e-14
35,7,-2.7582420975566672e-14,1.5307349781576728e-14
36,7,-2.3857303699292346e-14,1.4722879388186879e-14
37,7,1.1128662404075558e-13,-1.6339681204419147e-13
38,7,-3.2056389987052329e-14,-7.46336944301297e-14
39,7,-2.0561949682937153e-13,7.6798759649470509e-14
40,7,-4.3694990565132028e-18,5.5330790874256661e-17
41,7,-5.4685725280208377e-18,-1.0092938650932105e-17
42,7,3.8110739253154721e-17,-7.064724212165516e-18
43,7,-3.4819269926825669e-14,4.7784148612326064e-15
44,7,-1.0058612782540434e-13,4.4270167306219217e-14
45,7,1.7321233628904117e-13,-3.0879422185799563e-14
46,7,-9.9728844676127543e-20,5.2266741238902582e-19
47,7,-9.7012083372320292e-20,5.1775068956806728e-19
48,7,-1.0318864770194299e-19,5.330416202094791e-19
49,7,-2.2472345734014365e-19,2.7407015399570528e-17
50,7,3.5428225001975962e-19,-1.4756864999923547e-17
51,7,-1.7653280987944883e-19,-1.2649664708851725e-17
52,7,3.4482614970207688e-23,1.8181710572199953e-22
53,7,-1.2328613147579678e-20,1.9215833068294285e-19
54,7,1.2231168848126371e-20,-1.9171725370405679e-19
55,7,4.576693861191816e-20,-8.1489875446914049e-19
56,7,-1.6894391541983736e-20,4.5060179820097686e-19
57,7,-2.6075456931885408e-20,3.4962841823343969e-19
58,7,-1.7877657855472464e-25,-3.6399210792167878e-25
59,7,2.827972359273187e-25,5.4699061487568677e-25
60,7,2.6122802730127036e-25,-1.8038144735212509e-25
61,7,7.528878733425817e-26,-1.869642914730407e-25
62,7,4.5162224503219105e-26,1.4988682976045533e-25
63,7,2.3647470035928961e-25,1.2774565459351415e-25
4,8,2.200859532738904,-0.44987435440054729
5,8,-7.2710999466694339,1.0579936344740035
6,8,2.2008595327381473,-0.44987435440029599
7,8,-3.6174366402599105,0.7394347294388508
8,8,11.95112317290841,-1.7389682901519947
9,8,-3.6174366402607099,0.73943472943525812
10,8,1.4165771075179761,-0.28956037503647297
11,8,-4.6800232262499541,0.68097465567269266
12,8,1.4165771075177167,-0.28956037503201509
13,8,4.6965044592300793e-12,9.4361496765458775e-12
14,8,9.0947006804139759e-12,-7.8481930871690907e-12
15,8,-5.1648852613832394e-12,5.7855825724410953e-12
16,8,-2.3550433970258184e-12,-5.0033800542775441e-12
17,8,-7.0849737051851954e-12,-1.0286817508534537e-12
18,8,5.6193672339219833e-13,-3.7930367618503267e-12
19,8,-2.8130389842846099e-13,3.8397926826186078e-12
20,8,2.2307102023021285e-12,1.6158171914476339e-12
21,8,1.5021443794331913e-12,-4.4603317963643514e-12
22,8,1.3340507587024293e-12,1.5791987607367576e-12
23,8,1.5191141952306074e-12,7.3412862006970822e-12
24,8,1.6604080479622626e-12,-2.6306678102223785e-12
25,8,-1.300044924185047e-12,4.2089243013509163e-13
26,8,-4.1113213177108124e-14,-1.9943606557576072e-12
27,8,-8.1732317475870763e-13,-1.9686235147292487e-12
28,8,-4.4912726156572975e-13,3.827187073937103e-13
29,8,-4.1059588876155897e-13,5.6098366140021288e-13
30,8,-2.9826039692905306e-13,2.8985913123622338e-13
31,8,6.5666996953397736e-14,-3.0195532095995652e-13
32,8,1.1795702773423961e-12,1.1394044268967969e-12
33,8,-2.7280358210743759e-12,-5.3839755822094878e-14
34,8,-1.6807949484533476e-14,1.5602246458585437e-14
35,8,-2.7040156287444503e-14,1.54029515902054e-14
36,8,-2.3449057014394275e-14,1.474669639107641e-14
37,8,3.9009972164481813e-13,-2.0442542203660708e-14
38,8,3.9966827828791507e-14,1.6378503428522795e-13
39,8,1.4733963691639697e-14,2.0491644770260086e-13
40,8,3.8423654287779701e-18,-1.2374099745333039e-19
41,8,-1.1939735017052546e-18,-2.2733254711083037e-19
42,8,-4.9081206981082478e-19,-2.9279777131720812e-18
43,8,-3.4896162721781341e-14,4.7950327240682524e-15
44,8,-1.0069851291812835e-13,4.4217688576334261e-14
45,8,1.7350203983306441e-13,-3.0816416430327975e-14
46,8,4.1854299822831721e-20,4.0931750892286578e-21
47,8,4.1601285296540294e-20,3.6958593077558755e-21
48,8,4.3245811180658352e-20,3.6910152342952659e-21
49,8,2.1504724306640547e-18,-1.8715941738529315e-19
50,8,-1.1599867317687734e-18,8.2622108339458983e-20
51,8,-9.9261617860943467e-19,1.101991552299997e-19
52,8,1.3783227901337348e-23,-4.0501813439538179e-24
53,8,1.5163628363499082e-20,-4.7470111436707435e-22
54,8,-1.5128754796971113e-20,4.7886877757486314e-22
55,8,-6.4255797549935157e-20,2.5212888133226553e-21
56,8,3.5466502525440562e-20,-2.0535004022282042e-21
57,8,2.7616172597489607e-20,-5.7717911862201982e-22
58,8,4.6623466048398762e-26,-6.0002265040549708e-26
59,8,-4.7825643076228089e-26,-4.3759631391496571e-25
60,8,1.5202672797313606e-26,8.7747914664743901e-27
61,8,-4.7365100955376738e-25,5.7770970305579764e-26
62,8,9.0469408613448339e-26,5.1622123858620413e-25
63,8,1.30799701021122e-25,1.2597742730291214e-25
4,9,2.2008595327384306,-0.44987435440028933
5,9,2.2008595327382219,-0.4498743544001032
6,9,-7.271099946670601,1.0579936344739169
7,9,-3.6174366402566847,0.73943472943578303
8,9,-3.6174366402561127,0.73943472945283162
9,9,11.951123172913242,-1.7389682901533625
10,9,1.4165771075146418,-0.28956037504567783
11,9,1.4165771075115456,-0.28956037503140142
12,9,-4.6800232262429047,0.68097465567158122
13,9,1.8062601535288335e-11,1.0164842968981074e-11
14,9,-1.0576019114028299e-14,5.8388370991974895e-12
15,9,1.0067496609334311e-12,-4.9501055677451196e-12
16,9,-1.4482970219210925e-12,-1.0006492580289587e-12
17,9,3.8521727408644181e-13,4.1743919883404546e-12
18,9,1.0327205129629491e-12,2.5451109554426707e-12
19,9,1.9708927981807199e-13,-9.1274516829254343e-13
20,9,1.5467636050151129e-13,3.1948204906072378e-13
21,9,1.1761533858026155e-13,3.5135754703391635e-13
22,9,-9.1063350331963466e-13,2.0157877065650184e-12
23,9,-1.5479531108378353e-12,-2.4064100666835601e-12
24,9,-2.4767045672804325e-13,-2.7395653307536562e-12
25,9,4.5228528322045614e-13,7.1458686391005385e-14
26,9,5.8694035031018881e-14,2.1667297467483129e-12
27,9,6.3522436396582149e-13,-8.7672299816451463e-14
28,9,-4.6034018124119216e-13,-1.9884242672527298e-13
29,9,3.3719099448424913e-13,3.0025198531801209e-13
30,9,3.7434950874017451e-13,-1.8361074674892567e-14
31,9,-7.6746073823953821e-13,-5.5232398256638119e-13
32,9,3.2665046442156875e-14,-1.625029835276514e-13
33,9,7.2194323190572925e-13,-1.874194775936188e-13
34,9,-1.7028043683163979e-14,1.5144643990096034e-14
35,9,-2.6533524516254496e-14,1.5453176764667973e-14
36,9,-2.3025416920521228e-14,1.4712188406568244e-14
37,9,-3.5125049369481692e-13,6.7050637232249644e-14
38,9,3.6075316054755374e-15,1.3239886784280107e-13
39,9,2.4451022426407478e-13,-8.3068326009099723e-14
40,9,1.1958492326344415e-18,-5.4721251434990743e-17
41,9,6.6094008079156636e-18,1.0345824882254875e-17
42,9,-3.7780433752985539e-17,9.3607644251954356e-18
43,9,-3.4959127577870996e-14,4.8171278861891303e-15
44,9,-1.008217581150764e-13,4.421195786213195e-14
45,9,1.7379153848370865e-13,-3.0803092512607329e-14
46,9,6.1023638614493895e-20,-5.216198472410208e-19
47,9,5.8554891360529981e-20,-5.1632789405547719e-19
48,9,6.3100607243915428e-20,-5.3157102942526002e-19
49,9,-1.7192163123774955e-18,-2.6989453005460747e-17
50,9,6.963879036454823e-19,1.4548478739564267e-17
51,9,1.0715950231125842e-18,1.2435315170069639e-17
52,9,-4.6698383154296837e-23,-1.7654826816659321e-22
53,9,-1.4764227362675034e-21,-1.8998720598051575e-19
54,9,1.5411371422201539e-21,1.8954606700513088e-19
55,9,1.2673699228537261e-20,8.0523059842117061e-19
56,9,-1.5286883914928733e-20,-4.4466029231591103e-19
57,9,9.0035867718267714e-22,-3.4593669285162205e-19
58,9,6.7409226853270892e-26,4.0525931088459691e-25
59,9,-7.3578023979054484e-26,-3.2748550619682287e-25
60,9,-2.275759550874229e-25,1.5349331371527644e-25
61,9,6.572998470604306e-26,3.015468680157824e-26
62,9,-1.1861445230891949e-25,-3.4356955555891487e-25
63,9,-2.510450301623595e-25,-1.8534283981743911e-25
7,10,-4.6800232262466794,0.6809746556750883
8,10,1.4165771075091242,-0.28956037504241045
9,10,1.4165771075185511,-0.28956037503768167
10,10,1341.0963412982278,-495.24977480319649
11,10,-387.03205051969894,209.64159601340342
12,10,-387.03205051969638,209.64159601340492
13,10,-1331.8499796919511,493.90436739672259
14,10,384.23330710624174,-209.06950912302176
15,10,384.23330710624532,-209.06950912301949
16,10,-4.5663383800334065,0.66443275080440756
17,10,1.382166305939396,-0.28252651534970302
18,10,1.3821663059426312,-0.28252651535034923
19,10,-2.1594818085494635e-13,5.2633976145117751e-13
20,10,5.814933078589015e-13,6.576108738351374e-13
21,10,-1.2261103250977649e-12,-3.5813647674724573e-13
22,10,-3.5401969518527283e-12,-3.92118435455328e-12
23,10,6.7820141289327701e-13,2.5783636292374458e-13
24,10,3.8271526348577333e-12,1.7380643262540365e-13
25,10,-4.1445997181947441e-13,3.1707083900344602e-12
26,10,9.9980255866024447e-13,-6.0468746671290979e-13
27,10,-2.3512148637757593e-12,1.7346097415303924e-12
28,10,-2.4569423809825314e-13,1.7209675381003107e-12
29,10,1.2237046781386292e-12,6.9422055672216409e-13
30,10,-1.2639876486845306e-12,5.2518963029421148e-13
31,10,-1.2919035566701191e-12,1.4338481881905665e-12
32,10,1.5204700094601838e-13,1.3190493609306758e-13
33,10,-4.9430770195459368e-13,3.9390029511411709e-13
34,10,-1.8327293439962864e-12,8.9873071961022751e-13
35,10,4.4247762731875794e-13,4.0963236435536076e-13
36,10,8.8708392604952219e-13,-5.3402286111684771e-13
37,10,1.1400853607079903e-12,-1.3934090199597742e-14
38,10,-3.7227560363534367e-13,2.7536252641274456e-13
39,10,4.0915538892348399e-14,-5.0067252006630059e-13
40,10,3.5871987971967486e-13,-2.4606897573258202e-13
41,10,2.1326832274725782e-13,1.8110325279216365e-13
42,10,-7.0476158118952756e-14,2.1120335574846167e-13
43,10,1.0468692942840004e-13,-1.7724311517325964e-13
44,10,3.3840452650701467e-13,3.0773271038804532e-13
45,10,1.3480609824118875e-13,-2.2231449211137112e-13
46,10,-1.0476403171065046e-17,-3.8663132825475128e-17
47,10,9.4542432911996823e-19,2.0205054623708325e-17
48,10,-4.4681498209701457e-17,-9.8747768367467206e-17
49,10,-9.9523634461675672e-17,-3.4102686418036424e-15
50,10,7.9614373355273258e-17,1.8815289025301509e-15
51,10,1.6075520859616007e-16,1.4451154019229511e-15
52,10,-5.2980099524419194e-21,-2.2230284534710219e-20
53,10,4.0314277733063907e-19,-2.3843596720047416e-17
54,10,-3.9350041753975767e-19,2.3787677014836698e-17
55,10,-9.0294636476644501e-19,1.0107530690820776e-16
56,10,-5.4104418207576396e-19,-5.5840929902416961e-17
57,10,1.1843055463693576e-18,-4.3403652960849893e-17
58,10,1.8402882284446132e-23,7.1047543384280573e-23
59,10,-9.4923060464446525e-23,1.9986716807383032e-22
60,10,-4.2222526100589655e-23,-4.7115819849948232e-23
61,10,-1.8154524200545665e-23,3.8471819923151984e-23
62,10,-1.0280464847018273e-23,1.3075677929683057e-23
63,10,2.1704370330093037e-23,-3.7971645303114559e-23
7,11,1.4165771075171079,-0.28956037503703452
8,11,-4.6800232262489656,0.68097465567543058
9,11,1.4165771075198692,-0.28956037503677268
10,11,-387.03205051970031,209.64159601340188
11,11,1341.0963412982264,-495.24977480320138
12,11,-387.03205051969496,209.6415960134031
13,11,384.2333071062456,-209.06950912301147
14,11,-1331.8499796919457,493.90436739671867
15,11,384.23330710623799,-209.06950912301704
16,11,1.3821663059357416,-0.28252651535056722
17,11,-4.5663383800369317,0.66443275079941799
18,11,1.3821663059422464,-0.28252651534641843
19,11,-4.1776329073530038e-13,-7.3181218438461652e-13
20,11,-1.7702880548159196e-12,-1.9267795612661062e-14
21,11,2.7017710810962742e-12,-1.6760368264388411e-12
22,11,2.4679989401857559e-12,3.0179536372510596e-12
23,11,3.1542967554970083e-12,3.0039320883900852e-12
24,11,-7.1143359787120229e-12,-5.6860887338675637e-12
25,11,1.6972818943797392e-12,-4.9713355664668876e-12
26,11,-8.4979806205426574e-13,-3.1573331605840569e-13
27,11,2.8205211389957336e-12,-3.9007038635289137e-12
28,11,2.3870893811707954e-12,-1.7977762363001362e-12
29,11,-7.9615524126905239e-13,-1.129597996204314e-12
30,11,2.823434036195237e-12,-6.3296820938899296e-13
31,11,2.6557228876925343e-12,5.3279038881159939e-13
32,11,1.1707487717408126e-12,-4.360074038114255e-13
33,11,-2.0520765748119465e-13,-2.3908285935307412e-13
34,11,2.8963610462477033e-12,-1.1350194183057006e-12
35,11,-5.8878172500966245e-13,-6.9471795715310122e-13
36,11,-1.3750399458759991e-12,6.7474535061837523e-13
37,11,-1.4962696313907223e-12,9.0729139539007391e-16
38,11,6.7238422955606055e-13,-7.268436201332312e-13
39,11,-1.357004410150727e-13,7.803736088621153e-13
40,11,-5.7287897582610341e-13,3.2565125788185584e-13
41,11,-3.0038635326670381e-13,-2.9883752824565382e-13
42,11,1.3426267285391815e-13,-3.0960400620773725e-13
43,11,-1.262408572164897e-13,3.0310273514801735e-13
44,11,-3.2912715748580067e-13,-5.8440939337126304e-13
45,11,-4.7465315464333475e-13,3.0885387000643177e-13
46,11,3.4373948626411253e-17,6.9079321455085079e-17
47,11,-1.3007702834023474e-17,-1.634726775531876e-17
48,11,5.1902911412815538e-17,1.6819273721140382e-16
49,11,-7.2193479748080948e-16,5.6004052575838294e-15
50,11,3.6219808739375419e-16,-3.0880971833930824e-15
51,11,1.3718621653134609e-16,-2.4069583144086094e-15
52,11,2.868913351326183e-21,3.7662940296783533e-20
53,11,-6.8574112131261527e-18,3.8799019505635139e-17
54,11,6.8272536092742108e-18,-3.8710305926073231e-17
55,11,2.7754401832784778e-17,-1.6468236536352694e-16
56,11,-1.3636673750515392e-17,9.1252269018482586e-17
57,11,-1.3217907917981537e-17,7.0510625385794691e-17
58,11,-1.4014906347197638e-23,-1.2194784318234436e-22
59,11,1.6093326106407449e-22,-2.8479825166564457e-22
60,11,3.2081364214025424e-23,8.851483831274131e-23
61,11,3.2870336121969603e-23,-5.635014181094973e-23
62,11,1.7397396373901231e-23,-1.777754594865324e-23
63,11,-3.8134623482470574e-23,5.4474766079284663e-23
7,12,1.4165771075163633,-0.28956037503725623
8,12,1.416577107518894,-0.28956037503349003
9,12,-4.680023226246167,0.68097465567392657
10,12,-387.03205051970247,209.6415960134016
11,12,-387.03205051970127,209.6415960134056
12,12,1341.0963412982262,-495.24977480320058
13,12,384.23330710625066,-209.06950912302153
14,12,384.23330710624157,-209.06950912301926
15,12,-1331.8499796919466,493.9043673967185
16,12,1.3821663059365037,-0.282526515350015
17,12,1.3821663059408107,-0.28252651534843271
18,12,-4.5663383800361528,0.66443275080542208
19,12,-5.497584314159568e-14,2.2452092593718729e-13
20,12,3.7479757852564632e-13,7.6613764095643846e-13
21,12,-1.5832136874104936e-12,6.0774417236042575e-13
22,12,-1.6490113681103901e-12,2.1503282269625407e-13
23,12,5.4297929057366711e-13,-3.8752221357444923e-12
24,12,2.8260228817074438e-12,-5.7640459475823671e-13
25,12,-9.6410788738712277e-13,2.2180383562581266e-12
26,12,-5.6409853101664283e-14,1.8259624337011551e-12
27,12,-6.8545397644641602e-13,4.2129323384018175e-13
28,12,-2.9083382735488417e-13,1.3772458692655131e-12
29,12,9.6136768281414305e-13,8.3702317507931646e-13
30,12,7.2322072223168126e-14,8.4920122331999159e-13
31,12,-1.3726109158680459e-12,1.1423698244994847e-13
32,12,-4.7447558859841714e-14,-1.2847786328303316e-13
33,12,6.7278126876745057e-13,3.8883962596786788e-13
34,12,-1.0419942886959623e-12,2.264945620730413e-13
35,12,1.8354518615541782e-13,2.5539712586552426e-13
36,12,5.1876046728228086e-13,-1.7099968963969433e-13
37,12,2.2972311116163049e-13,5.3909012361792376e-14
38,12,-1.970302392993603e-13,1.0169868646170334e-13
39,12,2.2989272620300521e-13,-1.6738531698821955e-13
40,12,2.1309328597464347e-13,-7.8646953056653741e-14
41,12,8.7235067814006825e-14,1.1736936018558191e-13
42,12,-6.304017855884042e-14,9.900427019617958e-14
43,12,7.9275880859458757e-14,-1.3192857525758935e-13
44,12,1.5411394385153522e-13,2.0892938738314246e-13
45,12,5.7804668024745439e-14,-4.3640886941891454e-14
46,12,-3.4877868148919761e-17,-2.2334127488647463e-17
47,12,1.3105604329671622e-18,4.1289292195670355e-18
48,12,-1.8569898944226512e-17,-6.1148606093361052e-17
49,12,3.3983014580276469e-16,-1.6788902499801242e-15
50,12,-1.7801479833668748e-16,9.3536843440171659e-16
51,12,-8.1171826625072619e-17,7.2109016867235826e-16
52,12,-8.5473583051524139e-23,-1.1416497881741401e-20
53,12,2.875981005480801e-18,-1.1558715113334204e-17
54,12,-2.8649826566378933e-18,1.153251977460944e-17
55,12,-1.1799241003810434e-17,4.9088943638307753e-17
56,12,6.0126394911770359e-18,-2.723696180650136e-17
57,12,5.4544970253754232e-18,-2.0990196819392814e-17
58,12,-4.5320802917514382e-24,4.7716654694949069e-23
59,12,-6.4438518362255498e-23,8.9224831460017569e-23
60,12,1.2337834067390461e-23,-4.4004370717907082e-23
61,12,-1.4476243267782483e-23,1.7934894014067647e-23
62,12,-6.7499067559280217e-24,5.0197551726534894e-24
63,12,1.6268158481548504e-23,-1.7162447732206158e-23
7,13,5.7093633443243743e-12,-4.613519915955248e-12
8,13,-1.6833599445623423e-11,1.8142688272553093e-11
9,13,1.7330728863835244e-11,-3.442667927244746e-12
10,13,-1331.8499796919398,493.90436739672481
11,13,384.23330710624072,-209.06950912301124
12,13,384.2333071062522,-209.06950912302545
13,13,1331.8499796919223,-493.9043673967135
14,13,-384.23330710629955,209.06950912292569
15,13,-384.23330710618472,209.06950912310543
16,13,1.8954477845592815e-12,-3.8448490546441417e-12
17,13,5.7967056945473968e-12,-7.9251268851419557e-12
18,13,3.1855842392417805e-12,-2.4437387380981678e-12
19,13,-3.7415925193231013e-12,1.2820777204242429e-12
20,13,-2.4624164765568802e-12,1.924078163938872e-12
21,13,-1.7868328066884196e-13,-4.8015664015756523e-13
22,13,3.1222135213710232e-12,2.2449594852859015e-12
23,13,-3.8620965402844514e-13,-9.4333122113409297e-12
24,13,-1.6857461238295889e-12,-1.8349601461717461e-12
25,13,-3.1136101360267323e-13,-1.6994247927759532e-12
26,13,-4.3084958156887443e-13,2.1812556518965533e-12
27,13,5.9323906914124842e-13,4.0603871143385286e-13
28,13,-2.9901944809633861e-12,-9.7124668073263975e-13
29,13,1.4098573241705795e-12,1.4787767249105179e-12
30,13,-8.5652712636252969e-13,1.4202697576161841e-12
31,13,-1.1376005299276585e-12,-4.4446984366403555e-13
32,13,-1.1449553440771796e-12,-7.3162805142646274e-13
33,13,9.0438795345300839e-13,1.9596333585106769e-12
34,13,2.1034950284113308e-12,-5.4295770806176684e-14
35,13,-1.8832572399773847e-12,-1.6494117636888431e-12
36,13,9.9372660405073345e-13,1.5993054750065651e-12
37,13,-3.7864601748993716e-12,4.4382374223010991e-13
38,13,3.5414734123531322e-13,7.2337346002833864e-13
39,13,-4.2718802749016664e-13,2.0376770310627651e-12
40,13,-9.0669266565856026e-13,1.2819729238413718e-13
41,13,5.9316583652883736e-13,-1.1315824944002154e-12
42,13,-1.0867279663360735e-12,-1.0920369470647578e-12
43,13,4.2427693610635514e-13,2.9679923911121295e-13
44,13,7.8185216332974398e-14,1.2413099913280663e-12
45,13,-2.5223140064580685e-13,5.3211319695598925e-13
46,13,-3.3596297706838652e-14,4.6222232114024789e-14
47,13,1.4420207517069207e-13,2.4594174066939665e-14
48,13,-4.8566169224440883e-14,1.2687706237887123e-13
49,13,-3.3463075423622508e-14,-7.1361593788192881e-14
50,13,2.7376256578143695e-14,-2.2148639653585473e-13
51,13,-8.0075703745230165e-14,-1.0210706063296357e-13
52,13,1.1961368062785169e-20,-1.3542494002938513e-21
53,13,4.4304381783139188e-19,-2.7158479778725798e-19
54,13,-4.565433912232694e-19,2.6053697065667641e-19
55,13,-1.8568152188508595e-18,1.1054694029336455e-18
56,13,1.055466480965176e-18,-6.7117139246162425e-19
57,13,8.8104926830756688e-19,-4.631479958616129e-19
58,13,1.9361100951394949e-20,-6.1040557993167697e-22
59,13,8.4549675406578612e-20,6.2889678361355762e-20
60,13,1.3821171160714297e-20,1.1623854123085152e-20
61,13,1.3167503603945583e-20,1.1097074643159006e-20
62,13,1.1264599835276261e-20,-8.3121125758404362e-22
63,13,-1.4978195888553319e-20,-3.6545968831219492e-21
7,14,2.7971202354488557e-12,1.3264904483191532e-12
8,14,9.1510980092156621e-12,3.2970887040937666e-12
9,14,-4.5969153246524544e-12,9.5319749312304797e-13
10,14,384.23330710624356,-209.06950912301571
11,14,-1331.8499796919509,493.9043673967235
12,14,384.23330710623941,-209.06950912301409
13,14,-384.23330710621235,209.069509123111
14,14,1331.8499796919737,-493.90436739673464
15,14,-384.23330710630796,209.06950912293951
16,14,1.6855700425967439e-12,-4.0978449936726054e-12
17,14,-6.8928688410313209e-12,1.6093594424088827e-14
18,14,1.3400536490488895e-12,4.4570438289276534e-12
19,14,-2.5473335005017911e-12,2.3423670757883283e-12
20,14,1.755781121420299e-12,-6.6624175846829534e-13
21,14,4.1183431474569966e-12,-4.7419884252689439e-13
22,14,-4.5579905422554859e-12,8.0456049441269611e-13
23,14,5.5616262600586688e-12,8.9693030501415649e-12
24,14,1.7702031439652797e-12,1.173527509751557e-12
25,14,-1.7888571989567111e-13,2.0727233626626767e-12
26,14,4.4588265692286421e-13,6.2523812110104379e-13
27,14,1.2613359439338482e-12,-1.733148366744054e-13
28,14,2.6243247323801076e-12,-1.0574311762015004e-12
29,14,-1.9660834156959318e-12,1.2162441241478703e-13
30,14,-4.7049837978607524e-13,-1.9217635792286342e-13
31,14,6.7656299022728567e-13,-9.5785163334749127e-13
32,14,1.2310281126361287e-12,-9.3498591466739647e-13
33,14,-1.0778982474314383e-12,-1.3754431191903497e-13
34,14,-1.4352491858655841e-12,2.1484134084057675e-12
35,14,3.0166415647353712e-12,-7.4065495057947426e-13
36,14,-2.3097268680466268e-12,-1.4250994118250083e-13
37,14,2.1874811014966922e-12,-3.9265773988891156e-12
38,14,-1.0000497295324108e-12,-1.4126852801749373e-13
39,14,-1.7090070368192648e-12,-1.8203383845141391e-12
40,14,5.157865029421881e-13,-1.006297393032281e-12
41,14,7.202852215818268e-13,1.4035887518762407e-12
42,14,1.8746171997374234e-12,-3.2003234468082218e-13
43,14,-5.8572147883239452e-13,2.1142811708090946e-13
44,14,-1.2649386505195745e-12,-8.2640277978721276e-13
45,14,-4.3530222730990393e-13,-6.1234246393899266e-13
46,14,-2.2683260499794045e-14,-6.5806413914998674e-14
47,14,-1.269032210172793e-13,1.2822674930654728e-13
48,14,-9.2734027006588933e-14,-1.3954055276162792e-13
49,14,9.659084716163081e-14,1.73965790687517e-14
50,14,2.0357439635593129e-13,1.8418278004337777e-13
51,14,1.5963272097694474e-13,-7.7073166429495491e-15
52,14,-6.8255867593711044e-21,1.2046926845715667e-20
53,14,4.9242066989502237e-19,-2.8523195288989659e-19
54,14,-4.7008724595213318e-19,2.7761998058527322e-19
55,14,-2.0247056972679264e-18,1.2807656471193578e-18
56,14,1.1177625068903053e-18,-6.5731226903502919e-19
57,14,8.2940770494629072e-19,-4.5652028839809208e-19
58,14,-1.3145923256804998e-20,1.9967412898807023e-20
59,14,-1.235144983797774e-19,4.0448710881871064e-20
60,14,-2.1449484644078902e-20,5.7454648549583636e-21
61,14,-2.0550747396123098e-20,5.3869186456983575e-21
62,14,-7.173087024778355e-21,1.1947231890360507e-20
63,14,1.4339173481773061e-20,-1.2511994463322663e-20
7,15,-3.1675791188890413e-12,-1.0669403417658077e-12
8,15,5.5539010133096472e-12,2.5258723709719743e-12
9,15,3.8964506588285209e-12,3.8828346427555831e-12
10,15,384.23330710623986,-209.06950912301642
11,15,384.23330710624293,-209.06950912301977
12,15,-1331.8499796919441,493.90436739672145
13,15,-384.23330710625703,209.06950912292444
14,15,-384.23330710622292,209.06950912312095
15,15,1331.84997969193,-493.90436739671486
16,15,1.6757263909708752e-12,7.0052884989452141e-12
17,15,4.1660611673888329e-12,-6.0396372328644931e-12
18,15,-3.8490191612974858e-12,3.9481214397416344e-12
19,15,-5.1347340748626099e-12,-4.8681313417894462e-12
20,15,5.1617415825053044e-13,4.0390868369775366e-12
21,15,-3.7724372533175444e-12,1.9521883296308243e-12
22,15,-2.4040166817876335e-13,-4.1919824914003156e-12
23,15,-6.8762230159279876e-12,2.8508610167683336e-12
24,15,-3.3012973478286971e-12,-4.944792867686269e-12
25,15,-3.7810113039994403e-12,-1.6176747502080935e-14
26,15,1.6265466280275693e-12,8.8480289917391686e-13
27,15,-1.3613543683123707e-12,1.5452781042429946e-12
28,15,2.7788748659928478e-13,2.3347289416888441e-12
29,15,7.7036653773153282e-13,-1.1571531268356989e-12
30,15,1.7972495508341729e-12,-2.0393854702380788e-13
31,15,5.2331541779094862e-13,1.1400548258419682e-12
32,15,4.6553645222867925e-13,1.5022762230204709e-12
33,15,2.3363411673730765e-13,-1.3522962942961614e-12
34,15,-6.6640512877722192e-13,-2.100661577304758e-12
35,15,-1.1283964658323673e-12,2.3835567345521655e-12
36,15,1.3172791262203082e-12,-1.4561200551033252e-12
37,15,1.4454705220498212e-12,3.3402297852264408e-12
38,15,6.8311806329556197e-13,-5.4674483575558465e-13
39,15,2.2404880961859195e-12,-7.1926304748274566e-14
40,15,3.9127849120312974e-13,8.7782492735048764e-13
41,15,-1.3133134870069963e-12,-2.7140596537633367e-13
42,15,-7.8781435201943428e-13,1.4116901148186027e-12
43,15,1.6274000337194724e-13,-5.0994165624449407e-13
44,15,1.184994442970301e-12,-4.1349448298682968e-13
45,15,6.8810082525913274e-13,7.963706007235734e-14
46,15,5.6283146724242193e-14,1.9582694752617288e-14
47,15,-1.7294982838670868e-14,-1.5282228307662396e-13
48,15,1.4130496459910588e-13,1.2661099320439098e-14
49,15,-6.2934584264491378e-14,5.3840640964078328e-14
50,15,-2.3105627556386323e-13,3.7369417906483291e-14
51,15,-7.9646171142400572e-14,1.0987422809065451e-13
52,15,-4.0280701483855558e-21,-1.1744415818500663e-20
53,15,4.6820682218335735e-19,-2.3722324171038474e-19
54,15,-4.7345969079912296e-19,2.5455636641678158e-19
55,15,-2.0411516893520924e-18,1.0267458919824684e-18
56,15,1.0632579471712972e-18,-6.1774702532562263e-19
57,15,8.6013607151528257e-19,-4.9960841564337164e-19
58,15,-6.2196928162188229e-21,-1.93478784067312e-20
59,15,3.9004626516073346e-20,-1.0335283578981814e-19
60,15,7.6233479002777212e-21,-1.7364422643045315e-20
61,15,7.4053424032907592e-21,-1.6486350927352933e-20
62,15,-4.084714995818443e-21,-1.112442543026066e-20
63,15,6.3437267734604049e-22,1.6167788462149152e-20
7,16,3.1488672543218375e-12,-1.1437234179717742e-12
8,16,-3.7645872640579129e-13,8.7954514579500439e-13
9,16,-7.2281274179042625e-12,6.3650654755138333e-13
10,16,-4.5663383800404906,0.66443275080344133
11,16,1.3821663059448501,-0.28252651534622031
12,16,1.3821663059378133,-0.28252651534685436
13,16,-2.3728355345194555e-12,-7.9445160747928614e-13
14,16,-1.5103265189665976e-12,-5.9100439361893258e-14
15,16,9.3483564751395309e-13,-2.870852559725519e-12
16,16,18.324231689751059,-2.6662981703732385
17,16,-5.5464868163423944,1.1337489460740926
18,16,-5.5464868163264782,1.133748946068863
19,16,-13.757893309707832,2.0018654195676007
20,16,4.1643205104009828,-0.85122243071734549
21,16,4.1643205103944956,-0.85122243071749848
22,16,-9.7521681272972831e-12,-3.5631797567865573e-12
23,16,-1.211382036731217e-11,-1.1541782724490627e-12
24,16,1.1312936649322991e-11,-1.3530764000450346e-11
25,16,-1.795901772491924e-12,3.2194829821238018e-12
26,16,3.2553528514706511e-13,3.5928135049754784e-12
27,16,-1.483844476034953e-12,3.9109703747703722e-12
28,16,3.4613456299166999e-13,7.478392833895586e-12
29,16,3.5673325531434755e-12,-7.0556683541190006e-13
30,16,-2.4987476351715664e-12,4.3937148919468639e-12
31,16,4.6789078476250482e-13,2.925811464469718e-13
32,16,-1.1588715808521283e-12,2.0898719409445846e-12
33,16,2.8644894521948096e-12,-7.0853330708746885e-12
34,16,-4.5454845324948468e-12,-2.3733609892895463e-12
35,16,3.5109046510175428e-13,4.8698939292755142e-12
36,16,-8.8088551330103032e-14,-1.4804227241041681e-12
37,16,2.7006713707195928e-12,2.1044356614487166e-12
38,16,2.897464595509887e-12,1.5054214768941928e-13
39,16,-1.2708785717504302e-12,-1.8326605857006464e-13
40,16,1.6099644852861043e-12,-4.2168168078090534e-14
41,16,-1.1674968119719833e-12,-2.0443040923265999e-13
42,16,4.8083061997284814e-13,2.9684402919114325e-12
43,16,-3.1417469273750457e-13,-2.4674756033947168e-13
44,16,1.5103186018039464e-12,1.3780609610118262e-12
45,16,5.6490366284557534e-13,1.1834487955491772e-13
46,16,-1.0199339424922005e-12,-7.9922998973256462e-13
47,16,-1.7275870228996965e-13,-6.9568590728405553e-13
48,16,3.5706128484742144e-13,-1.1385676552636072e-12
49,16,7.1582946086148555e-13,1.2704715370435623e-12
50,16,-5.9180252851792635e-13,-7.1173971371816279e-13
51,16,1.8193876643883243e-12,1.0832907719582568e-14
52,16,-9.9883350685841946e-14,-3.9059223918118369e-13
53,16,-2.0744942513508799e-13,-1.2608373622841152e-13
54,16,3.9798744919691149e-14,8.1691356251264251e-14
55,16,7.4614693065880946e-13,-3.1350948914390717e-13
56,16,-1.0099135666278725e-13,-1.3396424899547419e-13
57,16,1.0215926568992088e-12,3.4010380545067904e-13
58,16,-8.5160225136536024e-14,-3.5723739762612408e-13
59,16,-1.3058768955865174e-13,1.0426539220835076e-13
60,16,1.6476003082555198e-13,2.237268034085839e-13
61,16,5.377905346142135e-13,-1.5856090707156251e-13
62,16,-1.5154761571071435e-13,3.8239156073016402e-13
63,16,-8.6743000250095723e-14,1.7383415108934242e-13
7,17,-3.0813294824478408e-12,-4.6794778292967292e-12
8,17,5.468208781197548e-12,2.885671631853308e-12
9,17,4.0856462461691678e-12,6.2055212604746074e-12
10,17,1.3821663059357854,-0.28252651534814099
11,17,-4.566338380037001,0.66443275080374997
12,17,1.3821663059405247,-0.2825265153468805
13,17,7.1903836109365099e-13,5.5649780258965968e-12
14,17,1.3713017311226621e-12,-1.4934122296465369e-13
15,17,-2.0730928788221331e-12,1.2163896715741774e-12
16,17,-5.5464868163460324,1.1337489460730126
17,17,18.32423168974924,-2.6662981703693731
18,17,-5.5464868163370511,1.133748946072501
19,17,4.1643205103951049,-0.85122243072462866
20,17,-13.757893309704537,2.0018654195662062
21,17,4.1643205103987144,-0.85122243072184034
22,17,3.840129213241105e-12,5.9823199993524467e-12
23,17,1.4284190149151156e-11,1.0982462231221507e-11
24,17,-9.7632817622916226e-12,-5.4864295861164114e-12
25,17,1.0104405372435168e-13,-2.0173909952144919e-12
26,17,-5.7600041050388919e-13,-4.6331483878714883e-14
27,17,3.6916318322143978e-12,-2.9062719576584139e-12
28,17,2.3500375313171324e-12,-5.2675615872172051e-12
29,17,-2.4327126861880883e-13,-1.741755749014752e-12
30,17,5.230549569228117e-12,-2.505007834238342e-12
31,17,-2.5278170223601887e-12,-7.3570141502070104e-13
32,17,5.9032927219787858e-13,-2.0532007820100308e-12
33,17,-2.5818067469722217e-12,4.8111226005304523e-12
34,17,4.0502789362846049e-12,1.608451981693429e-13
35,17,5.392881970983022e-13,-4.3156869478655313e-13
36,17,-2.0648601526997695e-12,9.8450001975179338e-13
37,17,-1.0319714930373764e-12,-3.9904036063670823e-12
38,17,-1.2176760132418617e-12,-2.3957518012560317e-12
39,17,1.6707412319382685e-12,3.7387875526229835e-12
40,17,-2.3211995126013579e-12,3.6205437265560425e-13
41,17,7.5629988929640845e-13,6.2771804306561279e-14
42,17,-1.5680059450235741e-13,-3.2709087770320459e-12
43,17,9.9104905039581275e-13,-3.8233047178787236e-13
44,17,-1.0592853021283149e-12,-1.6097623113320538e-12
45,17,-1.2985211759687352e-12,-4.1754004920255461e-13
46,17,3.9317840034457806e-13,1.1824981117005562e-12
47,17,3.813891703262371e-14,5.5061125661601826e-13
48,17,-9.0334984154990808e-13,5.2464030205246718e-13
49,17,-1.9927878640823162e-13,-1.133424299981666e-12
50,17,7.3352170046691484e-13,1.1089230918999494e-12
51,17,-2.0753594531822844e-12,-5.1896491067734736e-13
52,17,-1.8435060720660839e-14,3.3340073969768161e-13
53,17,1.540260737535347e-13,1.5098746195493874e-13
54,17,7.6782069984875916e-14,-2.8375459320766118e-14
55,17,-7.6470972303076854e-13,9.0393345536292436e-14
56,17,4.6943250943734144e-14,1.5022375984108711e-13
57,17,-8.3900199659887435e-13,-6.0883501981090691e-13
58,17,-1.1286662969610806e-14,3.9226170903020514e-13
59,17,1.7866328877287132e-13,-1.9405482964869448e-13
60,17,-7.7078414038340476e-14,-3.6448593369236816e-13
61,17,-5.5911801717567881e-13,-2.6391021494617041e-14
62,17,2.4261464936545934e-13,-3.1487196136166778e-13
63,17,1.4604425512663782e-13,-1.3313358198998407e-13
7,18,-5.5262572798684922e-12,-7.1984217516967112e-13
8,18,5.1500070468862253e-12,-3.6033001814633917e-12
9,18,3.8075098532016136e-12,-2.1897380175807836e-12
10,18,1.3821663059405154,-0.28252651535280193
11,18,1.3821663059391769,-0.28252651534773487
12,18,-4.5663383800360675,0.6644327508027178
13,18,1.9919052990664078e-12,-8.7409370512069696e-12
14,18,-2.7734504353904082e-12,-5.5339514930140234e-12
15,18,3.03643113390251e-12,1.298632770682063e-12
16,18,-5.5464868163362553,1.1337489460711367
17,18,-5.5464868163394385,1.1337489460694883
18,18,18.324231689743328,-2.6662981703736932
19,18,4.1643205104001444,-0.85122243071735859
20,18,4.1643205103996532,-0.85122243071441228
21,18,-13.757893309702128,2.0018654195645733
22,18,2.9039081915898132e-12,-3.0078894302252358e-12
23,18,1.7056702339965927e-12,-9.8157104683370754e-13
24,18,5.9719317649217043e-12,2.0821477280624208e-12
25,18,-4.8978983884964815e-12,8.2338477194167084e-13
26,18,4.6373477791182016e-13,2.6667542315047922e-12
27,18,-2.211575642255009e-12,-4.945755302948101e-13
28,18,-3.303287858833955e-12,1.3728069968817407e-12
29,18,-1.8354252090975808e-12,2.6933351763830455e-12
30,18,7.3979696337116548e-13,3.1886914063202689e-13
31,18,-2.223309288720329e-13,3.9081631508016499e-12
32,18,4.0218781587397104e-14,2.6475747341456034e-12
33,18,-2.0779226921014276e-13,-7.7959722521464271e-13
34,18,4.3616387652550527e-13,2.031910286541295e-12
35,18,-7.8706047767910649e-13,-4.4557049258961481e-12
36,18,2.274452943674944e-12,5.0631851998053028e-13
37,18,-1.6685653712997313e-12,1.194527074003883e-12
38,18,-1.7974384688870987e-12,1.2733585684055372e-12
39,18,4.7932534435713065e-13,-3.0794743977758544e-12
40,18,7.1427854738559019e-13,-3.3466811042570264e-13
41,18,4.1412355241260265e-13,1.4351316747717611e-13
42,18,-3.3459486350208036e-13,3.0225499973607663e-13
43,18,-6.9193752956748653e-13,6.2761663993430407e-13
44,18,-4.4483860199500308e-13,2.398260778089121e-13
45,18,7.5510039115913846e-13,2.8439960401802018e-13
46,18,6.2679656271700369e-13,-3.8341516162253109e-13
47,18,1.3466037381201742e-13,1.449305583860619e-13
48,18,5.4633102766213786e-13,6.1377583384710181e-13
49,18,-5.1581734784914492e-13,-1.4487953343918715e-13
50,18,-1.4218205760279044e-13,-3.9297113144653954e-13
51,18,2.5571537873139175e-13,5.1175073068643871e-13
52,18,1.1831840597763592e-13,5.7191446735451487e-14
53,18,5.343156782390236e-14,-2.4958365052636349e-14
54,18,-1.1658899269212257e-13,-5.3261381448833667e-14
55,18,1.8529811361617001e-14,2.2334801508067385e-13
56,18,5.4063937359629504e-14,-1.6387930651795475e-14
57,18,-1.8257466878951675e-13,2.6863188822858119e-13
58,18,9.6446888125661983e-14,-3.5024311362699556e-14
59,18,-4.807559924140645e-14,8.9789437402329761e-14
60,18,-8.7681616793634269e-14,1.4075913032941644e-13
61,18,2.1327482564521421e-14,1.8495192856648265e-13
62,18,-9.1067033652079702e-14,-6.7519599367937829e-14
63,18,-5.93012548770384e-14,-4.0700569100455944e-14
7,19,1.2549195510207282e-12,-1.285910697897014e-12
8,19,-3.2522869037917502e-12,2.5119517905824569e-12
9,19,-8.6310982760064317e-13,6.5645480018011115e-13
10,19,-6.8042117610823382e-13,-2.6197584247280604e-12
11,19,5.5662244019876924e-13,2.0930523944918968e-12
12,19,-8.8912919734326815e-13,1.4059016919977777e-12
13,19,1.3970926072011084e-12,-2.567831913610325e-12
14,19,-3.4401185457492922e-12,-8.6646845052570908e-13
15,19,-3.5593808013403712e-13,6.9908611953822928e-12
16,19,-13.757893309703114,2.0018654195592545
17,19,4.1643205104016854,-0.85122243071826986
18,19,4.1643205103995768,-0.8512224307210331
19,19,58.100346563874496,-28.310602551428133
20,19,-15.359538026373713,11.632820922427143
21,19,-15.359538026369734,11.632820922423335
22,19,-36.489580567918203,24.407209334666497
23,19,8.8226946048282482,-9.9588420603931933
24,19,8.8226946048219599,-9.9588420603873864
25,19,-7.8528726862553269,1.9015277971908566
26,19,2.3725229111456723,-0.82275643130660392
27,19,2.3725229111471089,-0.82275643131286469
28,19,-7.2398431885478373e-13,-1.3058553096744152e-12
29,19,-6.9338402026268647e-13,1.7392867745497315e-12
30,19,-6.0050439494111961e-15,-1.0738851301392651e-13
31,19,-2.1429543387165613e-12,1.4623749466336645e-12
32,19,2.2016261442240383e-13,-9.9500199617607918e-13
33,19,-3.7537370961953816e-14,2.0635394568218316e-12
34,19,-1.5648580704430349e-12,1.2551513086382103e-13
35,19,-2.644612597238642e-12,-3.715381139824908e-13
36,19,-1.1144157883081383e-12,-1.0768279078225505e-12
37,19,5.5082277824994563e-14,-1.3644993899363696e-12
38,19,7.1914727076106101e-14,-3.5349548064376857e-14
39,19,9.7678187344694182e-13,2.5988366626047716e-14
40,19,-2.5990400350470071e-13,1.6027888800460611e-13
41,19,-4.4633737726919753e-14,4.085371518430807e-13
42,19,1.8125188557489289e-12,5.2357114036698667e-14
43,19,-4.5877682290501856e-13,-4.4159119011849493e-13
44,19,-1.256621017447676e-12,6.7803044278148928e-13
45,19,1.4147615437216844e-12,-2.7070283276806693e-13
46,19,1.2429817796225031e-14,3.5603647839497486e-13
47,19,-1.6810433716643476e-13,-3.8327176938174689e-14
48,19,3.8143728818497884e-13,2.0418643781398065e-13
49,19,-3.29950154974803e-13,-7.2284156165471216e-14
50,19,-1.1977401019680494e-13,-1.5039544010656181e-14
51,19,9.0251319437490424e-13,-2.0926266416802418e-13
52,19,-5.1379533747549288e-14,6.7325141685123866e-14
53,19,9.0784955727844474e-14,-4.5383592023904033e-14
54,19,8.9832832497696866e-14,5.1041184813484477e-14
55,19,2.2369579408806723e-13,3.1796580244384202e-13
56,19,-2.785516840961512e-13,-8.3416777460412905e-14
57,19,5.0059659318322624e-13,-1.6308471541828009e-13
58,19,-4.1047363767449012e-14,-1.7006101035958334e-13
59,19,1.2310011743319672e-13,2.6230820416899265e-13
60,19,-6.4879461676199034e-14,2.9435837616402959e-14
61,19,4.8810807607705595e-14,-1.1823588342704391e-13
62,19,6.9323416886494753e-14,1.8664819819607583e-13
63,19,3.1768907691113574e-14,3.7202636379601073e-14
7,20,4.5500874224335602e-13,1.2204534612158898e-12
8,20,1.2608658037493709e-12,-8.5726216866259195e-13
9,20,-6.2676428046734658e-13,-1.4646592131160085e-12
10,20,-2.4046857338348111e-12,7.3643786787254567e-13
11,20,4.3225694186100294e-13,-2.7356807013132933e-12
12,20,-4.6763340854558639e-13,1.2706661745387627e-12
13,20,-1.131641320813957e-12,1.848783445334115e-12
14,20,9.1272779568914681e-14,-9.135354978074146e-13
15,20,-4.5234723537855093e-13,-2.6638243683863315e-12
16,20,4.1643205103932335,-0.85122243072153847
17,20,-13.757893309704036,2.0018654195611281
18,20,4.1643205103966636,-0.85122243071603465
19,20,-15.359538026368426,11.632820922423633
20,20,58.100346563879498,-28.310602551425234
21,20,-15.35953802636476,11.632820922423477
22,20,8.8226946048216064,-9.9588420603860559
23,20,-36.489580567923582,24.407209334671986
24,20,8.8226946048254629,-9.958842060401178
25,20,2.3725229111497965,-0.82275643131194343
26,20,-7.8528726862526588,1.9015277971913755
27,20,2.3725229111502029,-0.82275643131038745
28,20,6.4381078804610269e-12,3.8059896272522135e-13
29,20,-1.6464540724654734e-12,7.9961407352282001e-13
30,20,7.2352844181697338e-12,-1.4519879375243473e-12
31,20,-2.5662789614433269e-12,-3.2081698827142209e-12
32,20,1.1386801427502472e-12,-1.5735701973602846e-12
33,20,1.0014945052732768e-12,-8.6111457879693629e-13
34,20,-5.6590490622596324e-13,-3.5598175201800988e-12
35,20,1.7645664682743214e-13,-8.4551267647348436e-13
36,20,3.9666253451546242e-13,-5.9794406187808387e-14
37,20,2.5539428548955182e-12,1.4859431166558029e-12
38,20,3.2514184857491206e-12,1.7841372632411138e-12
39,20,2.6613289976233216e-12,-2.7420151770345401e-13
40,20,4.2909297695585189e-13,1.6113020647773835e-12
41,20,3.4244844382002165e-13,9.995377545940128e-13
42,20,2.5677380119792072e-12,-1.4614564553915001e-12
43,20,-1.0035647280165047e-12,-1.7061133411019295e-13
44,20,-4.2346874125705676e-13,1.6042811366371714e-12
45,20,1.410604188310923e-12,-6.5323771717462256e-13
46,20,3.5278531054087964e-13,6.59025994296387e-13
47,20,5.8214868958128219e-13,-2.4667596962378846e-14
48,20,6.907988261331742e-13,-2.6138022348777415e-15
49,20,-3.2441745981433412e-13,-2.2497935509629577e-13
50,20,-7.5437826410353028e-14,1.3140794741652945e-13
51,20,8.2153255855458718e-13,-9.2077855506125524e-13
52,20,-4.7278843151312024e-14,1.1320009585042779e-13
53,20,1.116280790588403e-13,-9.7428625217221556e-14
54,20,1.4388663571157401e-13,3.8625808312146106e-14
55,20,4.2440601964417914e-13,3.6793359966598224e-13
56,20,-4.1680518523773652e-13,-1.5162078612750558e-14
57,20,6.4047012760313008e-13,-4.0949511299384437e-13
58,20,-1.1967034141931715e-13,-2.2189534222180054e-13
59,20,2.6350523973234291e-13,3.233166967893096e-13
60,20,-8.0496122137608456e-14,6.4599735716681459e-14
61,20,2.4499639946574447e-14,-1.8287823148598226e-13
62,20,1.6477004292554833e-13,2.3596233371664594e-13
63,20,5.842256991846269e-14,4.0011793463169498e-14
7,21,-8.2417644210280521e-13,-1.0037293559584348e-12
8,21,1.0299998467968367e-12,1.8974729075360012e-12
9,21,3.5818440444472799e-14,1.4736887708848341e-12
10,21,-5.617201119075624e-13,-9.6071039252948983e-13
11,21,-4.6904607697790705e-14,1.8608309720246766e-12
12,21,-1.2460027367124903e-13,1.0563046789233252e-13
13,21,8.7822564101200117e-14,1.2199178052983595e-12
14,21,3.7178217633807392e-12,-5.3411632947384991e-13
15,21,-3.8447665081538141e-12,-1.8579654055953423e-12
16,21,4.1643205103992722,-0.85122243072216097
17,21,4.1643205104007608,-0.85122243072216663
18,21,-13.757893309704576,2.0018654195661689
19,21,-15.359538026370842,11.632820922422326
20,21,-15.359538026374395,11.632820922421118
21,21,58.100346563875632,-28.310602551428474
22,21,8.8226946048329982,-9.9588420603903067
23,21,8.8226946048348758,-9.9588420603970054
24,21,-36.489580567927526,24.407209334668011
25,21,2.3725229111470436,-0.82275643131392429
26,21,2.3725229111461772,-0.82275643131246379
27,21,-7.8528726862519713,1.9015277971900826
28,21,-2.6483176552287581e-12,-3.5336307039744277e-12
29,21,5.5015031381728796e-13,-2.9561916432539918e-12
30,21,-5.3123391131003585e-13,-3.8997110093000501e-12
31,21,-4.4334571083540097e-13,5.6510786127917732e-13
32,21,1.0422980383774433e-12,-1.1511186672957808e-13
33,21,-3.052969725147892e-12,-4.0885702557043376e-12
34,21,-1.0792914966933974e-12,-1.1080217329587004e-12
35,21,1.9116915523892619e-12,-2.3768112687910314e-12
36,21,2.6725946998025639e-12,7.7227952823920005e-13
37,21,-1.3126417593985371e-12,-8.5891188988792654e-14
38,21,-5.2982498317228253e-13,-1.7164325394399969e-12
39,21,-2.7526840397447027e-12,1.2960145506673072e-12
40,21,-1.5139377417047051e-13,-2.1823388562040435e-12
41,21,-1.0191856173972743e-13,-1.285491946470953e-12
42,21,-4.6290255183486366e-12,1.3140814314039384e-12
43,21,8.2927268429416914e-13,-2.6059378090934261e-13
44,21,1.2978346768919973e-12,-1.5238218643061314e-12
45,21,-1.9997955327450563e-12,7.758042967005439e-13
46,21,-3.6458091624604913e-13,-1.018833047240546e-12
47,21,-4.1343534129824494e-13,5.9274959529242597e-14
48,21,-1.0715327408885273e-12,-2.0566264844159631e-13
49,21,6.5148745749645438e-13,9.6374300615042075e-14
50,21,1.9487412107255924e-13,-8.0216611780259253e-15
51,21,-1.7205613549819469e-12,1.2227008830411329e-12
52,21,9.8658095089628181e-14,-1.8052655499017787e-13
53,21,-2.0235396348478218e-13,1.4140262318518478e-13
54,21,-2.3377789472993411e-13,-8.8260654364233176e-14
55,21,-6.4830458696413509e-13,-6.799227134789992e-13
56,21,6.9540736739390671e-13,9.527538721918628e-14
57,21,-1.1409325493666702e-12,5.7001451207216435e-13
58,21,1.6071770726367108e-13,3.9195635631377358e-13
59,21,-3.8660536057109777e-13,-5.8562490284277701e-13
60,21,1.4537558393220297e-13,-9.4035569410351943e-14
61,21,-7.3310447636043409e-14,3.0111411521231449e-13
62,21,-2.3409345969259585e-13,-4.226105317741409e-13
63,21,-9.019147755279665e-14,-7.7214429974307158e-14
7,22,5.6829521833296964e-12,2.8371576117145401e-12
8,22,-4.6284314044993483e-12,-1.0301860486134436e-12
9,22,-2.2784060823881025e-12,-1.3094107233131812e-12
10,22,1.8655766600190898e-12,-4.1436335034118118e-13
11,22,-2.5914252012615725e-12,7.284414579931542e-13
12,22,-2.4884695965892265e-12,-8.5413986141564776e-14
13,22,-3.0591092666844788e-12,3.5120239015465758e-12
14,22,-1.886031603931698e-12,-2.5660256431483701e-12
15,22,-2.034893362094059e-12,2.6358716814473574e-12
16,22,5.7063011458792563e-12,-1.7126775321435749e-11
17,22,3.5579999006631154e-13,1.5047874745638895e-11
18,22,-1.406771036172801e-11,1.551938959424702e-12
19,22,-36.489580567923355,24.407209334666302
20,22,8.8226946048265589,-9.9588420603997339
21,22,8.8226946048298753,-9.9588420603963783
22,22,36.48958056792813,-24.407209334667741
23,22,-8.8226946048268893,9.9588420603830379
24,22,-8.8226946048296533,9.9588420603713814
25,22,9.1192256584123949e-12,-1.6515349396037028e-12
26,22,-2.6705192527502897e-12,-2.1649870019366474e-12
27,22,6.9695931889440968e-12,2.7878459947148965e-12
28,22,6.5751457113416679e-12,3.4492351201148142e-12
29,22,-7.8974026885173806e-12,1.4039526572076159e-12
30,22,9.3728874736076783e-12,-9.9351627530806587e-13
31,22,4.0813388560653449e-12,7.8430166197138679e-12
32,22,1.1728308704818689e-12,-1.7124348686179831e-12
33,22,1.0981819631262014e-11,-7.0350594088393847e-12
34,22,-3.7668289751163516e-12,-3.5094291403872576e-12
35,22,7.8315371647479945e-12,-3.5494184696250619e-12
36,22,-6.5244744788718985e-12,-1.7783989044722474e-12
37,22,7.2114982958532781e-13,2.2572754540836922e-12
38,22,-2.4459658711738106e-12,2.0069730847918135e-12
39,22,1.8362691784439375e-12,2.0946326245890304e-12
40,22,-1.1185600822312724e-12,-2.0883767275106456e-12
41,22,-5.7213843291212578e-12,2.4468525242365859e-12
42,22,3.3282314878591413e-12,6.4778356045795555e-12
43,22,-8.7389525838761992e-13,-5.26632314413701e-13
44,22,-2.3477982763822802e-12,-9.525543481373281e-14
45,22,5.3686823888146383e-13,2.1149146645931899e-13
46,22,4.7541554169091618e-13,5.770970667605702e-13
47,22,5.1038429787190409e-14,3.913251454752823e-13
48,22,6.5357892748961827e-13,3.5080904292038167e-13
49,22,7.7520595468694366e-13,4.8632789395222295e-13
50,22,1.653014503002765e-13,9.3791943581401993e-14
51,22,6.8166471668581808e-13,-1.4522026506909815e-12
52,22,-1.1506287614494594e-13,5.1898064362632513e-13
53,22,-7.2414735689808428e-13,5.8466834202984038e-13
54,22,6.2405999485021955e-13,5.2955722805622641e-13
55,22,-5.7768139836753646e-13,-6.3854468549205986e-13
56,22,3.1016229341916852e-13,-5.0453545524085822e-13
57,22,4.2631301276585239e-13,6.0389659938944906e-13
58,22,-1.6472019351992173e-13,-4.708927782919688e-14
59,22,3.0930431254021264e-13,3.5868082217236463e-13
60,22,-3.4637453034172333e-13,-5.0959586612640654e-14
61,22,2.727822354654992e-13,3.1654642182059677e-13
62,22,3.5664659041764904e-13,2.7560287813162002e-13
63,22,-2.572528213828448e-13,-2.9422217771652507e-13
7,23,-1.6386382469096037e-12,2.0113198305723303e-12
8,23,-6.3021111611843054e-13,2.1830458373674666e-12
9,23,1.3110636081488433e-12,-1.414978164868849e-12
10,23,-1.1858555675484237e-12,-2.1320541579481612e-12
11,23,-1.6581026019507111e-12,2.0267912589628897e-12
12,23,2.5053555906090827e-12,-4.488422311151212e-13
13,23,2.2945413161081339e-12,1.9149107215545334e-12
14,23,3.8518624516166778e-13,-2.4495819700624205e-12
15,23,-3.5235169738367787e-12,1.2943869898014711e-12
16,23,-1.0444767091392105e-11,2.5390922155351352e-12
17,23,-6.0360787734081151e-12,-4.8783562876990558e-12
18,23,-1.3315050670294337e-14,-5.9559366012448339e-12
19,23,8.8226946048274861,-9.9588420603909658
20,23,-36.489580567914508,24.407209334673539
21,23,8.822694604819727,-9.9588420603979486
22,23,-8.8226946048397608,9.9588420603727315
23,23,36.489580567926964,-24.407209334675841
24,23,-8.8226946048025496,9.958842060393593
25,23,-3.525836286234976e-12,1.1982038317956898e-11
26,23,7.1378245984591421e-12,1.5315882620600507e-12
27,23,1.7627345299972807e-13,4.4244937551602891e-12
28,23,-1.5679463276873663e-11,9.5544270236209631e-12
29,23,4.2516993408324924e-12,-1.9992108046195157e-12
30,23,-1.6112962915863567e-12,4.6195442057384875e-12
31,23,-3.098901394423713e-12,-9.286241330272716e-12
32,23,-3.8088971069297936e-12,-6.2350377297412902e-12
33,23,-4.5224509809315027e-12,6.0462270314037585e-12
34,23,2.6962040738683754e-12,2.2064161076595709e-13
35,23,-1.3362116082576928e-11,-1.945423513667979e-11
36,23,1.2108492947914154e-12,-1.4151738114992175e-11
37,23,-6.7178824356425383e-12,5.4159894893891185e-12
38,23,-7.3946294428863356e-12,-2.5720320255015637e-12
39,23,-3.5829107168258849e-12,-1.5333975472966943e-12
40,23,2.0130337535648525e-12,2.4804504020927918e-12
41,23,1.4820016105589331e-12,-2.3956470409100368e-12
42,23,-6.2350132487201411e-12,-8.0788839531907812e-12
43,23,2.2134079402996909e-12,-1.4350291733412045e-12
44,23,-4.3925291732748381e-12,-2.9864692884513382e-13
45,23,-4.383705207540245e-12,-2.2118107736465399e-12
46,23,2.1662725314140713e-13,7.8191850869566804e-13
47,23,-5.9433882027039421e-13,-7.9006625776942047e-13
48,23,7.8427973995639676e-13,-1.0149242062301348e-12
49,23,-1.6677087643758357e-12,-1.1005787993673806e-12
50,23,-1.4467328621397746e-12,3.7472280915731281e-14
51,23,2.2798531258862493e-12,1.7581007999043314e-12
52,23,-1.1627858255823988e-13,-7.6264186057251007e-13
53,23,4.0641222418223382e-13,-1.4332537470208251e-12
54,23,-1.0112469218151321e-12,-5.7132250557170924e-13
55,23,2.7261612568540946e-12,6.6964985634277489e-13
56,23,-4.9743274639911659e-13,8.1802005492225517e-13
57,23,1.3632137279660027e-13,-1.4989510787529085e-12
58,23,-5.2431818961089878e-13,-5.43252911337015e-14
59,23,2.446380395023408e-13,-3.8640448364653965e-13
60,23,3.3829778538694917e-13,-4.6611899519089426e-13
61,23,-6.2671769707374475e-13,-7.5056330629896095e-13
62,23,-6.0824216440068351e-13,-4.1222751648920793e-13
63,23,7.3866006339458557e-13,2.9961481761469406e-14
7,24,-1.9823631183681968e-12,1.6087636788943702e-12
8,24,4.1389944705926315e-12,5.4971518429253021e-12
9,24,5.1142129968050888e-12,-1.3018565111836433e-12
10,24,-7.6365837807565913e-13,-9.7335451711380451e-13
11,24,1.4388282065847168e-12,2.1834593467277883e-12
12,24,8.7924645316407639e-13,1.4810388765991094e-12
13,24,5.6346548203709442e-12,3.1951632409395367e-12
14,24,8.1397126451567965e-13,-9.290227386956213e-12
15,24,-2.8395060460365932e-12,3.5270471479105862e-12
16,24,-2.319417934077862e-11,-1.4818044439140282e-11
17,24,2.0012384961903135e-11,2.9875763919436797e-12
18,24,2.4676053262935258e-12,1.5555382018977888e-11
19,24,8.8226946048289321,-9.9588420604043577
20,24,8.8226946048246724,-9.958842060389367
21,24,-36.489580567914672,24.407209334663793
22,24,-8.8226946048056014,9.9588420604112109
23,24,-8.8226946048105752,9.9588420604146179
24,24,36.489580567882314,-24.407209334690663
25,24,5.7003638716709458e-12,-1.70237491268399e-11
26,24,4.0516762807200507e-12,-8.2437952411276048e-12
27,24,5.8595963904847331e-12,-4.9818195449270116e-12
28,24,5.650926211736723e-12,-1.6760511646293176e-11
29,24,8.4346902572040759e-12,-5.3654004519860865e-12
30,24,7.1803399856351181e-12,-7.2865360146151637e-12
31,24,-4.1784641850358148e-12,2.414344665667373e-12
32,24,9.7012462337831192e-12,1.6953819453844294e-12
33,24,2.5738171297977513e-12,-6.1710789508093354e-12
34,24,-6.5995670924258762e-12,-6.2627036964151807e-13
35,24,7.6618108159641457e-12,-5.6859122459279506e-12
36,24,6.5086468470428192e-12,3.4882063533610663e-12
37,24,-1.4183343575588182e-12,-1.1103937981245571e-11
38,24,8.0910059785293757e-12,-3.3572809162023883e-12
39,24,-4.1650072292778469e-13,2.0631708609431529e-12
40,24,-3.2221829296296374e-12,1.7889147485082507e-15
41,24,1.2666535991345515e-12,-2.5649789920617222e-12
42,24,4.9168697580937766e-12,2.4572363526023854e-12
43,24,8.1023824270163691e-14,-2.8230943486555265e-12
44,24,6.0351257739191988e-12,3.2256598620376728e-12
45,24,-9.1633680374884623e-13,-3.4825645339800095e-12
46,24,-7.0231455735191642e-13,-1.3523874942858626e-12
47,24,5.6813257953754529e-13,3.648455163828543e-13
48,24,-1.4479057245659925e-12,7.0495130730055864e-13
49,24,8.5809648853262568e-13,5.4476549445350119e-13
50,24,1.2680905715496399e-12,-1.5623323270826611e-13
51,24,-2.9131304346066094e-12,-2.5137128366392073e-13
52,24,2.3134264390126224e-13,2.4366117706568877e-13
53,24,3.1756335476962492e-13,8.4793118059025023e-13
54,24,3.8736427227412416e-13,4.2418212649545189e-14
55,24,-2.147720257656041e-12,-2.8347706351666893e-14
56,24,1.8683066185851997e-13,-3.1500746902716012e-13
57,24,-5.6294401301503546e-13,8.9384883499264856e-13
58,24,6.8903883058964511e-13,1.0141440925263711e-13
59,24,-5.5393846216622342e-13,2.7722033145284968e-14
60,24,8.0764130634970149e-15,5.1707947065285564e-13
61,24,3.5393798175169317e-13,4.3401577307522987e-13
62,24,2.5159601395535081e-13,1.366234945664487e-13
63,24,-4.8140779113998345e-13,2.6426119716763671e-13
7,25,-9.7802770921244668e-14,-9.6168972166475522e-13
8,25,1.1778487068796481e-13,-1.7447462921607884e-12
9,25,-6.5801300960933805e-13,1.5830324741951846e-12
10,25,-1.5551890619064491e-12,1.6499366350303447e-12
11,25,2.603355007027316e-12,-2.1436635238211467e-12
12,25,-1.6223082586817071e-13,1.9089425648332956e-12
13,25,6.8728197307149485e-13,1.3718129866615334e-12
14,25,1.8418576079815217e-12,3.96375781406582e-14
15,25,-1.6238289011391706e-12,-5.7964821402897868e-13
16,25,-1.6420835220058483e-12,-1.2633106117203596e-12
17,25,1.1882246248421262e-12,-1.542114337148626e-12
18,25,3.9520797921113039e-12,-7.1748213790600645e-13
19,25,-7.8528726862521285,1.9015277971934992
20,25,2.372522911146774,-0.82275643130799347
21,25,2.372522911145281,-0.82275643130999032
22,25,2.4887086000205848e-12,-1.3195001032487456e-12
23,25,6.4960235991698155e-13,4.9976879576232371e-12
24,25,-1.2487559668409021e-15,-9.3744688632658754e-12
25,25,22.130342312009049,-5.3587346629626893
26,25,-6.686055697636732,2.3186268505545762
27,25,-6.6860556976360073,2.3186268505612304
28,25,-14.277469625760627,3.4572068657745301
29,25,4.3135327864912822,-1.4958704192440762
30,25,4.3135327864949415,-1.4958704192382497
31,25,-1.8666850168191296e-12,3.7978000378050902e-12
32,25,1.0986808307529129e-12,1.4089032252349664e-12
33,25,-3.2901041328190397e-12,-7.9308587509858318e-13
34,25,-8.1468994302108071e-13,1.5920900405773166e-12
35,25,1.8523033808502979e-12,-2.1578840078097926e-12
36,25,-2.0178384991166694e-12,1.7456627744366697e-13
37,25,7.1476775812269723e-13,-3.1203170175156865e-12
38,25,-8.4828407139198324e-14,-2.4804102430142906e-12
39,25,-2.4761529950712454e-12,-1.1944717595392218e-12
40,25,2.3940112683281184e-12,-2.0735788827078005e-12
41,25,-1.918283578102808e-12,-1.7325811688708527e-12
42,25,-7.8250743927473893e-13,2.6078045320282661e-12
43,25,-5.7204084914698791e-13,1.3416823900891492e-12
44,25,-8.4156364830156363e-13,-4.4017206564337277e-13
45,25,-1.8065456712266341e-13,1.4104535666948827e-13
46,25,2.2025640457212775e-13,-1.0690776713418513e-13
47,25,-4.1551141020385675e-13,3.24870411002292e-13
48,25,-7.1123957556291586e-13,8.039909214423583e-13
49,25,-2.2936247525123138e-13,8.925340543001641e-13
50,25,-1.0474542766215347e-12,7.0082136969600222e-13
51,25,1.0759131503153982e-12,7.2505475946414441e-13
52,25,-2.9900282700247295e-13,1.8467313176005752e-13
53,25,7.3824381466316452e-14,9.0005867551627212e-14
54,25,2.8616318462834242e-13,2.4801504917286842e-13
55,25,-5.0375049638599291e-13,-5.87428593277225e-14
56,25,4.9820567203362272e-14,-6.3643642642898421e-13
57,25,-3.5589911031738719e-13,2.9431703551769853e-13
58,25,-2.4482075162110516e-13,3.8832327880016996e-14
59,25,-3.170471080921299e-13,3.5104684057672691e-13
60,25,6.1204992455746792e-13,-2.060828850482824e-13
61,25,-4.3225200858775687e-14,2.9651033174808178e-13
62,25,2.0440214560026331e-14,6.826902684409429e-14
63,25,-8.9670193969138046e-14,1.5520000747348094e-14
7,26,-7.1425221056307902e-13,1.8204403345590499e-12
8,26,1.8122848636608206e-12,-4.7581757185585412e-12
9,26,-7.3243403848728737e-13,-5.8827439867975622e-13
10,26,-2.947746499409529e-12,8.9768545591189764e-14
11,26,3.6724999036583187e-13,-3.8500085086786732e-13
12,26,-1.3154311260920531e-12,8.4929683382570594e-13
13,26,3.6568297840197314e-13,3.736848626732927e-12
14,26,-7.8100429494331715e-13,-2.6388196859452733e-12
15,26,-4.5790956018026277e-12,-4.9858055015881843e-12
16,26,1.8492377001052488e-12,-1.1360550509603107e-12
17,26,-4.4920592917367332e-12,1.6063865604126388e-12
18,26,1.5309065307530193e-12,-3.2760848489171534e-13
19,26,2.3725229111460724,-0.82275643131290876
20,26,-7.8528726862528426,1.901527797193423
21,26,2.3725229111443391,-0.8227564313082727
22,26,1.6963249729058374e-12,1.1407400053435515e-12
23,26,-1.4948220492855707e-11,-2.3538576796255234e-12
24,26,7.3966807261342383e-12,4.8129806637383713e-12
25,26,-6.6860556976378689,2.3186268505565515
26,26,22.130342312011095,-5.3587346629654178
27,26,-6.6860556976448038,2.3186268505543381
28,26,4.3135327864956441,-1.4958704192407903
29,26,-14.277469625758817,3.4572068657739314
30,26,4.3135327864907218,-1.4958704192462249
31,26,-3.2760171800577284e-12,1.2170685444580029e-12
32,26,-1.131661877632869e-12,5.0832721325840148e-12
33,26,1.9286361939218752e-12,-2.2380656174111522e-13
34,26,-4.2800832024439568e-13,2.5484988859930644e-12
35,26,5.7823991781177548e-12,1.3220543139924225e-12
36,26,1.1554046641391228e-12,-4.1412025678760209e-12
37,26,2.8481782538977404e-12,8.622424654076616e-13
38,26,8.9329963533606496e-13,-1.4912990041246666e-12
39,26,-3.6965559435314345e-13,-2.5892400064115932e-12
40,26,-7.3206420889221583e-13,1.8320323761600481e-12
41,26,-1.5674173226977862e-12,-1.2722541770314102e-13
42,26,5.3393987526493364e-13,-5.3096490946373043e-14
43,26,8.0187120781756783e-13,1.7558620696713807e-13
44,26,6.5446790555916569e-13,-1.0247230109546732e-12
45,26,-1.278684069659343e-12,-1.1964146507857935e-13
46,26,8.0431804597291747e-14,6.9754924991628034e-13
47,26,5.3173664748624285e-13,8.103478300505421e-13
48,26,6.5623414510131049e-13,7.6650123531611022e-13
49,26,4.8665548501746608e-13,-2.8341384871588924e-13
50,26,-4.7444903554830421e-13,1.9124416461009155e-13
51,26,2.659542136498791e-13,4.4606044028589257e-17
52,26,3.0179781118844222e-13,6.5344059117104165e-14
53,26,1.0733138132230581e-13,-5.710231593191949e-14
54,26,-6.5246796166605021e-14,3.6766688782359319e-16
55,26,2.5652644079973886e-13,8.7136106277356441e-14
56,26,-3.1699515244194671e-13,1.1048945223280461e-13
57,26,6.3798374464179028e-13,3.5423504735815843e-13
58,26,1.1892688089734441e-13,-4.0376354362130922e-14
59,26,2.2927693056869777e-13,-2.4197119938910796e-14
60,26,-2.4413905775831812e-13,-2.4669752619672596e-13
61,26,1.7702598446113953e-13,-1.1342744050395861e-13
62,26,1.1882984726549352e-13,-1.3345239672055901e-13
63,26,5.0658338169930545e-14,1.2113924354539846e-13
7,27,1.8664148142103519e-13,-1.346305369481211e-12
8,27,-1.3475190697481105e-12,7.4020248659800865e-13
9,27,2.1578479485900222e-13,1.2549611452692321e-12
10,27,2.9784010931720811e-13,-6.2785402701104954e-13
11,27,2.070239731260767e-12,4.0093776860454453e-13
12,27,4.9738739331440466e-13,-3.5827566102563915e-13
13,27,-2.6475246649067061e-12,-1.3086586477584131e-12
14,27,1.4309722471675137e-12,1.5921033659399295e-12
15,27,1.575807319142705e-12,8.6746613843117064e-13
16,27,2.6739480642146723e-12,3.3317243994038621e-12
17,27,2.8331494036639177e-12,8.2997536004409822e-14
18,27,1.2530821590128593e-13,-3.2059042534783134e-12
19,27,2.372522911146588,-0.8227564313119089
20,27,2.372522911143196,-0.82275643131034581
21,27,-7.8528726862510316,1.901527797194327
22,27,-1.5785446643424502e-12,2.637672996590854e-12
23,27,-1.3402339196443642e-11,-6.9073120019353218e-12
24,27,4.7213153767036173e-12,4.0807231283364889e-12
25,27,-6.6860556976434111,2.3186268505549279
26,27,-6.6860556976419474,2.3186268505546153
27,27,22.130342312008395,-5.3587346629652046
28,27,4.3135327864931439,-1.495870419236571
29,27,4.3135327864931305,-1.4958704192416381
30,27,-14.277469625761128,3.4572068657711519
31,27,6.3992230153122206e-12,1.4426636449418113e-12
32,27,-7.933134668788123e-14,1.9910418136602919e-12
33,27,-1.4600994250916404e-12,-2.2625913423903397e-13
34,27,2.5313877808442702e-12,-1.9638569253985111e-12
35,27,-3.4216586330467155e-12,-1.5958351234917503e-12
36,27,1.673954436533861e-12,1.2968040128854407e-12
37,27,2.5515212247353812e-13,4.5370299701761962e-12
38,27,1.2879007867993878e-13,2.4310531053987243e-12
39,27,3.1056212289033316e-13,-1.2602563454687735e-12
40,27,1.706226447499467e-12,-1.0483119551942226e-12
41,27,7.2703943913359334e-13,-1.2806345945945653e-12
42,27,1.8804293301883667e-12,-1.4672293027260159e-12
43,27,7.0365217503026967e-14,-6.0598751380744105e-13
44,27,-4.8028510129993298e-13,-1.2293302043103975e-12
45,27,-1.2702651727906509e-12,-7.1129000612130162e-13
46,27,6.6745641339145694e-14,1.7882052401163424e-13
47,27,9.3806159581042073e-13,-5.2975652340265791e-14
48,27,4.3788119097241563e-13,-1.2376274835356777e-13
49,27,2.0597724843695499e-13,-8.330198297561781e-14
50,27,-5.0423316910841949e-13,1.77972393027129e-13
51,27,-1.1155858087280517e-12,-5.8956336614611469e-13
52,27,6.2534255393734841e-16,-2.5987825351107539e-13
53,27,-1.8693274400876944e-13,-4.0087865171505841e-14
54,27,-2.1963493064683197e-13,-2.7130485155237722e-13
55,27,1.9296822303796075e-13,-4.7558400026687296e-14
56,27,2.3401879323334145e-13,4.9820547883027514e-13
57,27,-3.4670269385480734e-13,-5.7742396263614547e-13
58,27,1.2807661453347892e-13,3.807679201025231e-15
59,27,6.7310334728659467e-14,-3.4726550706422171e-13
60,27,-3.6115670060519264e-13,4.5104834594572194e-13
61,27,-1.4574357111901019e-13,-1.9704162761850929e-13
62,27,-1.4734325030298745e-13,6.4601536124886386e-14
63,27,4.3169414109698252e-14,-1.3419858208487115e-13
7,28,6.5747112146084037e-13,9.71119398664401e-14
8,28,-1.1660433327232229e-12,-1.463639294817897e-13
9,28,-1.6280157058632291e-13,1.5313060848857894e-13
10,28,9.2126224101014005e-13,2.063419904846444e-12
11,28,-1.4286586802795636e-13,-9.7826424192250068e-13
12,28,1.2221548693553449e-12,1.2861966249039763e-12
13,28,-2.9606836395115539e-14,4.431635968481649e-13
14,28,2.6358848244055231e-12,1.7169163157643544e-12
15,28,-1.3218396363779656e-12,-9.2849139572703862e-13
16,28,5.1870919739886144e-12,1.6855051180187123e-12
17,28,-5.3651389713990018e-12,3.8251517907343565e-12
18,28,-9.879005245116524e-13,-5.11876202400723e-12
19,28,8.1289621772312548e-13,2.606833560307892e-12
20,28,1.913934695428113e-12,-1.6552966303625736e-12
21,28,-1.0027495413578188e-13,1.983418412179959e-12
22,28,6.6314465949613646e-12,6.6020052762315461e-12
23,28,-3.8168041427266215e-12,5.669962640551431e-12
24,28,8.9261946275969576e-12,-7.9029837619596859e-12
25,28,-14.27746962575506,3.4572068657740305
26,28,4.313532786494223,-1.4958704192456058
27,28,4.3135327864949247,-1.4958704192366437
28,28,42.91951044287714,-10.124963728603625
29,28,-12.968025521366442,4.3766665733184524
30,28,-12.96802552135803,4.3766665733241865
31,28,-25.844405448771294,6.2580736153799315
32,28,7.8081546081298372,-2.7077544289763891
33,28,7.8081546081180537,-2.7077544289839652
34,28,-3.5285989798403527e-12,6.1999355706974477e-13
35,28,5.7786046930062436e-12,-8.259938936469607e-13
36,28,5.2539308504914766e-12,-2.1050572854379498e-13
37,28,-2.7976353683428767,0.40968324746182055
38,28,0.84633812674466458,-0.17304172510255572
39,28,0.84633812674772302,-0.17304172510669566
40,28,8.4034450575187516e-12,-2.8712511927281585e-12
41,28,-1.7558132689032554e-12,3.2528323391306951e-13
42,28,4.3747979274580657e-12,-2.165532655878001e-12
43,28,-1.692309707000137e-13,1.7063542858837557e-12
44,28,9.9418665704280608e-13,-7.4735341282036426e-13
45,28,-5.0500075640848163e-13,5.4647866000623922e-13
46,28,-1.0049753357413821e-12,9.9259203843313332e-13
47,28,-4.7653576847801377e-14,1.6207890971553209e-12
48,28,-5.7767937706754224e-13,1.6273982173369737e-12
49,28,-8.7082518230374705e-14,4.1835015603605968e-13
50,28,-4.5524230314367276e-13,1.095841223817674e-12
51,28,1.5936219380075661e-12,1.0097487474616898e-12
52,28,-7.9929137750442744e-13,4.9048381816363227e-13
53,28,3.9370615700732081e-13,-3.2661343752186775e-13
54,28,9.247766535133292e-13,3.4778627796542396e-13
55,28,-3.1284282467071787e-13,-1.0613191868986691e-12
56,28,-2.7765149773927226e-13,1.017416457413118e-12
57,28,8.1942148901845723e-13,2.0593753470807822e-13
58,28,-1.9924822887480823e-14,-1.9866486685578628e-13
59,28,-1.0797410475466718e-12,2.6079034271896479e-13
60,28,-2.9033670965662912e-13,2.173863689660379e-13
61,28,1.5788579131213767e-14,1.0661237313292489e-13
62,28,-4.2367377950545469e-13,-1.1045364750375637e-13
63,28,1.4674483450754155e-14,2.1651206172051435e-13
7,29,3.752243733388382e-13,1.5482376551650984e-12
8,29,2.3348341552793167e-13,-1.0685124101673523e-12
9,29,-5.7523096205867866e-13,-8.6253348337981756e-13
10,29,-1.7187081546327258e-12,-2.7861496791447751e-12
11,29,-3.4290236546997536e-13,4.4268528777927123e-12
12,29,-1.9754519221123524e-12,7.3518687607252159e-13
13,29,-4.4472365013758929e-13,2.7737831054396541e-12
14,29,2.8423554455836221e-13,3.6112120011446744e-12
15,29,-7.8954989643790618e-13,-5.6987383185575481e-12
16,29,2.636444310555559e-12,-8.0794141371777495e-12
17,29,-3.0247406274601444e-12,1.1764554495795936e-11
18,29,-4.7341484825910921e-12,2.4530212483186438e-12
19,29,1.2730883405374387e-12,-2.1277401431812926e-12
20,29,-1.105264966082961e-12,-8.2021288519669756e-13
21,29,-8.7857975169015894e-13,3.0431395237728336e-12
22,29,6.8217715175758848e-12,-7.7526005895870912e-12
23,29,-2.146234003918519e-11,-3.4220778644708425e-12
24,29,1.8714835929171005e-11,2.8245203541866983e-12
25,29,4.3135327864996356,-1.4958704192385808
26,29,-14.277469625756053,3.4572068657744413
27,29,4.3135327864913036,-1.495870419242872
28,29,-12.968025521361298,4.376666573329711
29,29,42.919510442876913,-10.124963728609863
30,29,-12.968025521361596,4.3766665733196994
31,29,7.8081546081237265,-2.7077544289798285
32,29,-25.844405448773308,6.2580736153831724
33,29,7.8081546081244753,-2.7077544289772093
34,29,6.2722593964138494e-13,-3.3680045563572417e-12
35,29,1.920289151455314e-12,-1.3739625814820149e-12
36,29,4.3204766977769924e-12,-6.9584198239916321e-12
37,29,0.84633812674732811,-0.17304172510420596
38,29,-2.7976353683491726,0.40968324745911144
39,29,0.84633812674384135,-0.1730417251103511
40,29,-5.8447250095128927e-12,3.7517321989217255e-12
41,29,-4.3172436700064524e-12,-8.233418266849714e-13
42,29,-1.1548432668296188e-12,4.8652422321576884e-13
43,29,2.5027681941170414e-12,1.020341634671197e-12
44,29,1.5753404970792387e-12,-9.6935196522162457e-13
45,29,-1.3479770244222299e-13,4.4893143997697675e-13
46,29,-7.1975255209584484e-13,6.9477083233239325e-13
47,29,-7.6927686620182987e-13,-1.8652576244069714e-13
48,29,5.6451968708669881e-13,8.8937712981111948e-13
49,29,1.7028067107053786e-12,1.4100577752943481e-13
50,29,7.3521751687085442e-13,1.4364419353686837e-12
51,29,1.6678833776807359e-12,-2.0561802971996066e-13
52,29,8.1020768172209739e-13,8.3565520507475139e-13
53,29,7.1521686489473075e-13,-6.1614474023819438e-14
54,29,-4.6254138747565417e-13,-7.0382141088824588e-14
55,29,7.09328580439419e-13,3.9065416828768151e-13
56,29,4.1360930319994208e-13,1.253478516922404e-12
57,29,1.9223477451402587e-12,-1.6422884214964769e-13
58,29,-1.4646967086443908e-13,-1.3304419470220808e-13
59,29,1.3571013808682344e-13,4.6971092516193066e-13
60,29,-2.2108707072446429e-13,-3.0881075844915766e-13
61,29,3.0240378977816493e-13,1.3175572764765082e-13
62,29,1.2805009979220142e-13,3.3114979479408741e-13
63,29,3.2066320060575546e-13,2.023068578392387e-13
7,30,3.4462318817478281e-13,2.5920807343704785e-13
8,30,4.9261240011153502e-13,7.6754454003413112e-14
9,30,-3.8085048842222436e-13,-5.8257999609908825e-13
10,30,-1.1005293609559499e-13,-2.3139888337800941e-12
11,30,1.2231386643280409e-12,8.9884298659762014e-14
12,30,-1.1981297012649652e-12,-2.171325079353722e-12
13,30,-4.6931424371363771e-12,-2.0071588089518801e-12
14,30,-9.1498830130873418e-13,3.2800431681022185e-12
15,30,4.6054334654033031e-12,-2.6226512688935426e-12
16,30,1.3461446222173143e-12,3.0804344077026737e-12
17,30,-1.1688156224930663e-12,-3.2491728136263308e-12
18,30,-5.3100880349379491e-14,-1.4137831052712959e-12
19,30,6.4817007726100177e-13,-3.5219138618626918e-12
20,30,-1.9209667223865287e-12,-8.1289736141185621e-13
21,30,-1.9870004097686336e-12,1.2562254206452961e-12
22,30,-1.1104509806043034e-11,1.2196114369637541e-11
23,30,-4.4146771650645603e-12,-1.2469124891207172e-11
24,30,-2.1980415274851905e-12,-4.5363125375605344e-12
25,30,4.3135327864949247,-1.4958704192388077
26,30,4.3135327864910309,-1.495870419239421
27,30,-14.277469625761343,3.4572068657719597
28,30,-12.968025521359209,4.3766665733298069
29,30,-12.968025521355429,4.3766665733287233
30,30,42.919510442871967,-10.124963728614333
31,30,7.8081546081216935,-2.7077544289821396
32,30,7.8081546081218658,-2.7077544289766875
33,30,-25.844405448768089,6.2580736153828003
34,30,1.5762988696959135e-13,-7.6919777165531188e-14
35,30,-4.7716301453296979e-12,5.66898412004009e-12
36,30,1.2263617399762337e-12,4.6788669711316007e-12
37,30,0.84633812674338338,-0.17304172509884039
38,30,0.84633812674771103,-0.17304172509847146
39,30,-2.7976353683451745,0.40968324745470069
40,30,-9.6795720675817915e-13,-2.9549158014002937e-12
41,30,2.0282223649715032e-12,-2.9760626928880329e-12
42,30,-3.809762729870448e-12,-2.194434725709449e-12
43,30,2.9890412575295794e-13,1.0924763538799008e-13
44,30,-1.2693569961439009e-12,3.8329833723827194e-12
45,30,-1.0219087910365077e-12,-3.7819631947665508e-13
46,30,2.4338374246530981e-12,4.8593150504292335e-13
47,30,2.3934681958866793e-12,-1.1556565249135547e-12
48,30,1.4982219649428459e-13,-1.5496709068720484e-12
49,30,-1.4389535901081379e-13,1.4128120913170927e-12
50,30,-2.2371643835529726e-12,-8.7502903874715169e-14
51,30,-1.236382395085125e-12,-3.3583247943963733e-12
52,30,-3.570935949127249e-14,-9.9862970890236411e-13
53,30,-8.3322720330502445e-13,-2.7297681609092669e-13
54,30,-1.0353087773847822e-13,-8.8685476640554662e-13
55,30,3.7009140822498169e-14,-2.1396227505316673e-13
56,30,-7.5012262269325675e-13,-6.9570928251113263e-13
57,30,-1.3430157162537941e-12,-1.1089083589319294e-13
58,30,-3.714658746260902e-13,8.7539700806164881e-14
59,30,1.408833333201711e-13,-8.1247026269980574e-13
60,30,3.4168127169198275e-13,5.5339147221638129e-14
61,30,-7.1405779299912087e-13,-9.0692543244092616e-14
62,30,-6.1532751167080141e-14,-1.9279943899314138e-13
63,30,2.418650181332267e-13,3.0294431887149175e-14
7,31,-9.6512598255004181e-13,-4.7858265171889331e-13
8,31,6.1475789584324778e-13,9.5384026264580073e-13
9,31,9.5541392563818005e-13,7.342621399414526e-14
10,31,7.6681189205557804e-14,8.7309384844825448e-13
11,31,6.1131975245296919e-13,-4.1626901839674666e-13
12,31,1.8689780830886366e-12,2.293273131453789e-13
13,31,2.3794476978235818e-12,-3.8689570341041693e-13
14,31,2.6186816602005308e-12,-2.6703897040702049e-12
15,31,-2.637584440161735e-12,1.2709272993849627e-12
16,31,4.9719103468173445e-15,1.5751813035857138e-12
17,31,-1.407155523289928e-12,3.2705134985446521e-13
18,31,1.2015992155531866e-12,-2.0290796448219797e-12
19,31,-2.8090293711309982e-13,-2.3604096457440033e-12
20,31,-2.2807196664538428e-12,2.9908025757111656e-13
21,31,2.9078586652582924e-12,-1.8367466115998036e-12
22,31,5.1166361816691939e-13,-5.0765297883784947e-12
23,31,2.0681528738395265e-12,7.1849874611670754e-12
24,31,7.5209879670528714e-12,-4.5362536208663679e-12
25,31,-3.6976807456988544e-12,8.3510082689885249e-13
26,31,2.5696870778911854e-13,3.4192650551511669e-12
27,31,5.1923443098943723e-12,7.7517278091227969e-13
28,31,-25.844405448775412,6.2580736153775467
29,31,7.8081546081236102,-2.7077544289788831
30,31,7.8081546081319519,-2.7077544289732112
31,31,44.254250234190863,-10.715911275577724
32,31,-13.37016742675938,4.6365795611061316
33,31,-13.370167426769555,4.636579561103872
34,31,-18.409844785423751,4.4578376601909708
35,31,5.5620128186423159,-1.9288251321330532
36,31,5.5620128186422537,-1.9288251321330343
37,31,2.8912469542452853e-12,2.4291119695951092e-12
38,31,1.9109289681465122e-12,-7.4862646265571008e-13
39,31,4.4498862241762173e-12,3.7794544742570244e-12
40,31,-1.6089746791462784e-12,-1.4426617961244275e-12
41,31,-8.5439264946124781e-13,6.3290452392173003e-13
42,31,1.1881275063332397e-11,-4.6271855413755945e-12
43,31,3.9245679344670633e-12,-1.3269065257235757e-12
44,31,5.3393688232810034e-12,-7.899880676178753e-12
45,31,-4.4379912960583262e-12,5.8048724304505252e-12
46,31,3.125980503621208e-12,-4.7655457642997499e-13
47,31,5.9815628751177604e-13,-8.8988916668796251e-13
48,31,4.8543894526796417e-13,1.4978975854754984e-12
49,31,1.6960325836573082e-13,3.2667910394437992e-13
50,31,-2.1987460344056416e-12,-2.5389848674281005e-13
51,31,-1.9455380527900813e-12,9.937855950094637e-13
52,31,-4.2909937346192536e-13,-2.8447528127331592e-13
53,31,-7.3277329882178623e-13,-6.9133730302235788e-14
54,31,1.4705844083983202e-12,-4.20578229533939e-13
55,31,-9.4405028628895383e-13,1.1595703165905152e-12
56,31,1.0274178343147266e-12,-1.4675533679762098e-12
57,31,-2.9168493176102209e-12,1.9921111879695344e-12
58,31,2.9676875039251315e-13,2.108331651480333e-13
59,31,8.983273376525632e-14,3.4398303605211005e-13
60,31,-7.556569589073555e-14,-7.0649245948062361e-13
61,31,-3.8541875907700034e-13,-3.8203383600428921e-13
62,31,-7.8740651522649976e-13,7.2555647493022741e-13
63,31,-1.0676574593466246e-12,7.9924314605302474e-13
7,32,-2.8539635159954904e-13,9.5427712515738124e-14
8,32,8.4219412416571881e-13,9.3881783090530519e-13
9,32,3.4561346934314888e-14,-5.7212703598908818e-13
10,32,1.0943117751602857e-12,-3.8897747770643337e-13
11,32,-5.0344368167037469e-13,-2.0657622868913796e-12
12,32,-3.64210829471434e-13,-6.5771095280377137e-13
13,32,8.2843918719826425e-13,3.5192002513856395e-13
14,32,-1.6203427798594942e-12,-2.3758452639114035e-12
15,32,1.1776113875533785e-12,8.9197662567182734e-13
16,32,-3.5051204228473196e-12,2.943540984822258e-14
17,32,2.0454093822687768e-12,-1.0283891704425827e-12
18,32,9.8800634391713578e-13,1.8373182971581228e-12
19,32,3.9362276950362255e-13,-1.3254844034653743e-12
20,32,-4.4028102810744453e-12,-2.7015172498866068e-12
21,32,2.5171605347451853e-12,1.4733882830457801e-12
22,32,4.5616749889156295e-12,-2.9144707680214017e-12
23,32,3.6957560572007277e-12,-5.8004108110146296e-12
24,32,6.8181630782787338e-12,7.9039732457320818e-12
25,32,1.2447265729303797e-12,2.8581290423462742e-12
26,32,-9.4011515138542217e-13,4.9886572805574254e-13
27,32,4.1476853703305124e-14,2.7536537420327295e-12
28,32,7.8081546081236146,-2.7077544289750346
29,32,-25.844405448768359,6.2580736153741592
30,32,7.80815460812184,-2.7077544289802002
31,32,-13.370167426763672,4.6365795611045826
32,32,44.254250234198821,-10.715911275573092
33,32,-13.370167426763715,4.636579561110608
34,32,5.5620128186340461,-1.9288251321303567
35,32,-18.409844785419438,4.4578376601919691
36,32,5.562012818629384,-1.9288251321321468
37,32,7.8509970304532062e-12,4.2018072758957776e-13
38,32,-3.5356266189687475e-13,-6.8583137025474321e-12
39,32,-5.5519695591859012e-12,-5.8322028238801301e-12
40,32,-1.7667629611518104e-12,4.7044723688721755e-12
41,32,-1.3950729472759659e-12,2.1352326618319304e-12
42,32,9.4820424762600999e-13,1.4062599037223815e-13
43,32,7.7498344976867899e-13,-3.6687128061556798e-12
44,32,7.5326181979499149e-12,-1.685379108125737e-12
45,32,-1.3007555056300087e-11,2.8498200814855146e-12
46,32,-6.9250322444560014e-13,-1.1324373773692437e-12
47,32,-4.9968706937418662e-13,6.0693790578086817e-13
48,32,1.6147494331612358e-12,2.5259498763402718e-12
49,32,-1.3207247830241346e-13,-3.176164475297948e-12
50,32,-1.2800478459780467e-12,-5.8262559862055637e-13
51,32,-6.8328713692012627e-13,-3.0246674794954499e-14
52,32,1.0290315179544812e-12,1.3546929823349234e-12
53,32,-6.4726625879653748e-14,1.3382689358249222e-12
54,32,-1.5976702202929358e-13,-1.2998252425250307e-12
55,32,-6.5801787317498768e-13,-1.1930765130238269e-12
56,32,7.8230904857195495e-13,-8.6907685243467191e-13
57,32,-6.9755237484239296e-13,3.5947055309306686e-13
58,32,2.5769053132327666e-13,-1.0203510095373761e-12
59,32,2.0504329215783533e-13,8.1199915680460652e-13
60,32,-5.2339422730140748e-13,-2.5531635580798877e-13
61,32,-2.1252342029094382e-13,-1.8480087707089486e-13
62,32,-3.1085508269840798e-13,1.3095053556535211e-12
63,32,-3.1547980554131091e-13,1.8939279689242776e-13
7,33,9.92683206517559e-13,-8.3511975629586045e-14
8,33,-1.1250232792778415e-12,1.1738297990567139e-12
9,33,-2.9126385797207843e-13,-1.2450790225698284e-13
10,33,-1.0070004583591691e-12,-4.1973036614854255e-13
11,33,-4.3498485388945277e-13,2.0538587012600153e-12
12,33,-7.1194342081891881e-13,2.9810234755319733e-13
13,33,7.348853016927993e-13,2.6505365396327804e-13
14,33,-4.018435758384901e-13,2.9497310881148985e-13
15,33,-8.8490141797265268e-13,9.1460557886027496e-13
16,33,3.7862333588846137e-12,2.8009423367213477e-13
17,33,-1.6046537066640125e-12,8.2337971737912222e-13
18,33,-2.8512386307523472e-12,2.5680141178365929e-12
19,33,6.4717136536117103e-13,-4.6368791340788212e-12
20,33,-7.0804808456441911e-13,-4.3797503488302584e-12
21,33,-1.6737407893469386e-12,-1.0515967003839083e-12
22,33,8.7525685169429176e-12,-1.3610237966327369e-14
23,33,-1.5037438992212988e-12,2.5099879796960295e-12
24,33,1.8393644524170465e-12,-4.2222332988401273e-12
25,33,-3.4236453536584556e-13,-2.2704124351022449e-12
26,33,-3.3292622668953857e-12,2.4829248812605965e-12
27,33,4.8602800615143347e-12,4.1874795280743205e-12
28,33,7.808154608123508,-2.7077544289786331
29,33,7.8081546081243003,-2.7077544289730167
30,33,-25.844405448768349,6.2580736153768921
31,33,-13.370167426758869,4.6365795611053287
32,33,-13.370167426765562,4.6365795611014704
33,33,44.254250234205358,-10.715911275574456
34,33,5.5620128186398485,-1.9288251321344083
35,33,5.5620128186452025,-1.9288251321310568
36,33,-18.409844785426031,4.4578376601913963
37,33,-1.6940888834615401e-12,3.8614550663620889e-12
38,33,3.4834984462184858e-12,-4.1531015923126085e-12
39,33,-3.6802613871694193e-12,-3.4557264171161531e-12
40,33,-2.5907779815992223e-12,9.3217396405215757e-12
41,33,-7.0527392092878225e-13,1.568344968925224e-12
42,33,6.6974460313011017e-13,4.2884514400425727e-12
43,33,3.0639058757037874e-12,-3.2634484142780676e-12
44,33,3.2302223869138005e-12,2.8575683117405587e-13
45,33,-1.1634320917176705e-11,1.1837222965584033e-13
46,33,2.9734123416784513e-12,-7.9787328444163842e-13
47,33,2.1564231388373261e-12,2.0177752212439368e-12
48,33,1.1231500271252559e-12,4.9957420140111285e-13
49,33,-1.9320148161371478e-13,-3.7929742819418589e-13
50,33,-1.6030532833556488e-12,-1.2796099957562079e-12
51,33,6.2638007648715825e-14,1.0276946783609719e-12
52,33,-2.7210562957470889e-13,1.2870355546194301e-12
53,33,2.2275987914764311e-13,-1.0310902636861738e-13
54,33,-5.6048607348039563e-13,-6.4448190839780959e-13
55,33,-5.786529051855967e-13,1.8943187421457502e-14
56,33,6.417881103485569e-14,1.389087992452368e-12
57,33,1.6942345070201095e-12,-1.2533597819791185e-13
58,33,3.7918954081640039e-13,7.359438782493071e-14
59,33,-4.4093978772515733e-13,7.064699692386628e-13
60,33,-2.8386232187502069e-13,-3.6935323617988809e-13
61,33,8.8006271842325916e-13,-1.0354841606377248e-12
62,33,1.2025609722972379e-12,-7.3062621683831091e-13
63,33,-1.3509381082104607e-14,-8.7311891458258269e-13
7,34,-2.5778125424985902e-15,2.0803586679848378e-15
8,34,2.8815424368626381e-15,-6.1020605535720118e-16
9,34,8.8748415304511375e-16,-2.2660527571888671e-15
10,34,3.4204758810310207e-14,3.882143595002735e-13
11,34,-9.3804413857006442e-14,-5.7915608685442096e-13
12,34,6.6232646005855004e-14,1.9618580367876445e-13
13,34,9.3044417946902543e-14,2.0522656833026909e-12
14,34,1.9935522973871831e-12,-1.5634089947971514e-12
15,34,-2.0952948443574594e-12,-4.9805437240527092e-13
16,34,3.9148133736487971e-12,-3.2903060904342561e-12
17,34,-1.2614222915505268e-12,5.9160596467586349e-13
18,34,-2.7258829142543856e-12,2.4848235844736183e-12
19,34,3.5021068309599394e-12,-1.3162794233161541e-12
20,34,9.0065383962432835e-13,-5.8834507561480627e-12
21,34,-2.851501241325834e-12,6.4081790129987524e-14
22,34,8.651732655685213e-12,-4.6570454536569271e-12
23,34,-2.0247589159113031e-12,1.3856586588730852e-11
24,34,9.4727974346729232e-12,1.1970826728479264e-13
25,34,2.0434712403425863e-12,-5.1231933084596367e-12
26,34,9.1613350699885196e-13,4.8300438933350283e-12
27,34,3.6838916436414413e-12,5.5461555558908024e-12
28,34,7.154059624562365e-12,-9.1920069533324211e-12
29,34,7.6164095229531403e-13,9.7779041545914737e-12
30,34,-1.2911163928496799e-12,6.947465968514619e-13
31,34,-18.409844785420184,4.4578376601971286
32,34,5.562012818634587,-1.9288251321298746
33,34,5.5620128186465898,-1.9288251321293208
34,34,25.566982238009899,-6.1908971860864597
35,34,-7.7243390478975584,2.6786884119943224
36,34,-7.7243390478953629,2.6786884119936651
37,34,2.7424546899421697e-13,1.2596354787447762e-12
38,34,1.9127702694745033e-12,8.5391429997088207e-13
39,34,-2.0637376679727107e-12,-7.9255571675589195e-12
40,34,-4.537201620615756e-12,5.7560556314822089e-12
41,34,-1.632018152946248e-12,1.7952459116600865e-12
42,34,3.4407747832458029e-12,-1.6821883602066819e-12
43,34,-7.1571374526012983,1.7330595258803172
44,34,2.1623262292631948,-0.74986327986870704
45,34,2.1623262292528205,-0.74986327987067158
46,34,1.3193247945647087e-12,-1.5697717254533686e-12
47,34,-2.5453885194482404e-13,1.6469288536135957e-12
48,34,-3.5480896544450912e-13,2.9513440633364962e-12
49,34,-3.2992449650567203e-14,-9.8793867446248706e-13
50,34,1.8453183043902368e-12,-2.0106552773873732e-12
51,34,5.5212291564380447e-14,1.6229136689386326e-12
52,34,8.0684453321583796e-13,-2.1450533070429457e-13
53,34,5.7742209577814697e-13,5.3009818575787907e-13
54,34,1.0071157790541465e-12,-7.2433216636313101e-13
55,34,5.7233202606930947e-13,-6.3220206577020579e-13
56,34,-1.4629417517735043e-13,-4.2271955362897209e-14
57,34,1.4958810027583637e-12,-1.2094292782014477e-12
58,34,-3.6091055791412719e-14,-3.0121172161818897e-13
59,34,-1.1629073950529858e-12,6.6233371783307372e-13
60,34,1.3642066283574412e-13,-8.8195801680099236e-14
61,34,-7.7285910308688738e-13,5.7338202311731863e-13
62,34,-9.0718238649059978e-15,8.0387229786841292e-13
63,34,3.8565831941552116e-13,5.6852987471632181e-13
7,35,-2.3250753066250298e-15,1.4128968719056013e-15
8,35,1.9984789894843893e-15,-5.7500921742219681e-16
9,35,1.1001967559157044e-15,-1.4420071403250981e-15
10,35,4.5582789113277639e-15,1.1150023736368618e-12
11,35,-1.4332176870330908e-13,-1.6844696918404843e-12
12,35,1.2679267867104746e-13,5.7126407888613497e-13
13,35,1.2800312817664841e-12,1.6430732648266465e-12
14,35,7.4124959357834292e-13,-2.4644738924308532e-12
15,35,-2.0233485875049427e-12,8.1766507718204962e-13
16,35,-2.9422082904072875e-12,-5.6397863795398415e-12
17,35,4.1941870113259256e-12,3.8646458781356956e-12
18,35,-1.1483009221043234e-12,1.7373071404015953e-12
19,35,-1.799265566012081e-12,4.1863396230406893e-13
20,35,-1.2137658927616957e-12,-2.2085014142426167e-13
21,35,5.0418621098799116e-12,-9.21124455988954e-13
22,35,-7.3702105558835692e-12,2.1409729910766353e-12
23,35,7.5938896238170189e-12,9.7639973811471233e-12
24,35,-6.6899894616875826e-12,-6.0071572357729499e-12
25,35,2.4271103114501619e-13,-4.933016098020382e-12
26,35,-1.4561417075901227e-12,2.1250466582523353e-12
27,35,1.9016174087193511e-12,-9.907608385661118e-14
28,35,1.4935645289859573e-12,-1.5847391256781062e-11
29,35,-4.35245751499624e-12,2.8073072582402522e-12
30,35,1.3390143766139442e-12,1.9501220017925251e-12
31,35,5.5620128186398485,-1.9288251321287901
32,35,-18.409844785408719,4.4578376601932517
33,35,5.5620128186326783,-1.9288251321206455
34,35,-7.7243390478985106,2.6786884119955729
35,35,25.566982238016578,-6.1908971860770023
36,35,-7.7243390479026672,2.6786884120022485
37,35,1.6511361851010262e-12,-1.1588195954284719e-11
38,35,-4.7377600787164335e-12,5.2196204858362581e-12
39,35,-2.9559844615324417e-12,1.8196428689601353e-12
40,35,-1.5750504047428114e-13,-6.3863188227862219e-12
41,35,4.1886718166972445e-12,-3.5033998169042425e-12
42,35,-4.7244493576267714e-13,-3.1104923459026373e-12
43,35,2.1623262292603838,-0.74986327986807244
44,35,-7.1571374525980067,1.7330595258775143
45,35,2.162326229256724,-0.74986327986507872
46,35,9.3828773940491813e-13,8.5000731243876015e-13
47,35,-1.4421861772338087e-12,1.4311636312866855e-12
48,35,-1.1916678169108696e-12,1.9682313967179921e-13
49,35,1.4486261770561584e-12,-1.373788598203295e-12
50,35,3.9500667198307838e-14,1.3513763678665856e-12
51,35,-1.9080218366084132e-12,2.0138219746163485e-12
52,35,-4.4193636382344703e-13,6.9076829228932487e-13
53,35,-6.2805832396768212e-15,-7.3536571240712977e-13
54,35,1.1597591434851011e-13,-3.5727401076804389e-13
55,35,-4.6468407570754591e-13,-8.00931712830725e-13
56,35,3.4558394928922162e-13,1.4546577113858337e-13
57,35,1.5280356519449132e-13,6.7928644915679539e-13
58,35,1.9830354037482577e-13,-4.7328414425231911e-13
59,35,-5.7539054546412739e-13,-2.9648688989822571e-13
60,35,-7.1986371008081583e-13,-6.0834023328732923e-13
61,35,-6.8909899410666508e-13,-2.83689744443495e-13
62,35,1.1614471045211456e-13,3.1545890563110419e-14
63,35,4.9933489303636674e-13,-3.6113549706623729e-14
7,36,-2.5173423801423511e-15,5.806548944987766e-16
8,36,1.9896391271097153e-15,-5.2308561816874134e-16
9,36,1.2889106199631256e-15,-6.3279391077147772e-16
10,36,-1.1259496425941363e-12,1.864621106128671e-13
11,36,1.6512284650104143e-12,-4.1615541112691612e-13
12,36,-5.4633170914610769e-13,2.2547946903281079e-13
13,36,1.0478357544077517e-12,-1.3201465674546025e-12
14,36,-2.0892926885302561e-12,-1.2572586978150821e-13
15,36,1.0295664125623481e-12,1.4410200933662937e-12
16,36,-2.6802789999585773e-12,-4.5148811125537575e-12
17,36,3.939338786236966e-12,-7.1975725848040587e-14
18,36,-1.113122548449921e-12,4.6364074039477964e-12
19,36,2.3552818349574363e-13,1.2647612713705066e-12
20,36,1.9073472098800774e-12,-1.8093273205106578e-12
21,36,-1.1492339912145519e-12,-2.8084285838631502e-12
22,36,-1.1807451455774795e-12,2.0304446588453899e-13
23,36,-1.5674696176737005e-11,8.5296690174667747e-12
24,36,-4.4103450612595506e-12,-9.9325434662080204e-12
25,36,-1.1497208750025754e-12,-2.6809650599104433e-12
26,36,2.4795444389698506e-12,2.7538950674976039e-13
27,36,5.309743696804975e-12,5.5842161855558966e-12
28,36,7.4396704387313987e-13,1.4008394940465015e-12
29,36,3.1189186874600003e-12,3.6420833848649734e-12
30,36,1.2144266925289788e-11,5.6700099472636453e-12
31,36,5.5620128186381557,-1.9288251321379313
32,36,5.5620128186451012,-1.9288251321227938
33,36,-18.409844785432618,4.4578376601909859
34,36,-7.7243390479016867,2.6786884119975376
35,36,-7.7243390478820046,2.6786884119818701
36,36,25.566982238027435,-6.1908971860717728
37,36,2.5343875443493675e-12,2.0386338112341262e-13
38,36,4.0167361255958809e-12,2.4807493488415008e-12
39,36,5.181547486576984e-12,4.513530591584008e-13
40,36,-2.6661225919421378e-13,4.3504741017590025e-12
41,36,1.5480847513742555e-12,-1.625934033874696e-12
42,36,6.1735337315303793e-12,-3.4253585222821008e-12
43,36,2.1623262292597247,-0.74986327986883905
44,36,2.1623262292570233,-0.7498632798667304
45,36,-7.1571374525945402,1.7330595258793282
46,36,7.2126391770968562e-13,1.0311623468716073e-12
47,36,2.1131716799643003e-12,4.8919266756308305e-13
48,36,-1.7209361196001899e-12,1.4936313473683087e-12
49,36,-1.9587636583751646e-12,1.0441573099108721e-12
50,36,9.1419322430114064e-13,2.1213524623349991e-12
51,36,-1.4588329042495948e-12,1.7864399943432117e-12
52,36,-1.615326360251635e-13,-4.1485595245650155e-13
53,36,-4.6823253477019005e-13,1.30117909343347e-13
54,36,9.3113352291034074e-13,-2.9367979470564468e-13
55,36,-3.8033525543930712e-13,-3.0582377690593817e-14
56,36,1.0934006408664879e-13,8.4004912801048309e-13
57,36,-1.0664882644178052e-12,-4.9013426547657822e-14
58,36,-3.4578360500453805e-13,-1.9592829784390436e-13
59,36,-1.5873286355108343e-12,1.3831823001351397e-14
60,36,3.0807071685216397e-13,2.767099068051699e-13
61,36,4.6693761634698647e-13,-5.4584892457891875e-13
62,36,-2.3515688598839811e-13,2.9170773206601749e-13
63,36,-4.4754811495204815e-13,-1.5262043442533585e-13
7,37,1.2873385044445551e-12,-5.0610306977227396e-13
8,37,-1.6605537896880934e-12,5.418238987509046e-13
9,37,-3.7646982616937728e-13,5.85526008704284e-13
10,37,1.0903077664691669e-12,2.0746810799654958e-12
11,37,-2.0001188143505685e-12,1.8518569485859166e-13
12,37,2.1930682554670934e-12,1.5965525606498819e-12
13,37,3.8673008597247517e-12,-7.7904468071619028e-13
14,37,-2.1083927630025262e-13,-7.0980779936128714e-13
15,37,-2.8935010376199399e-12,2.7755315235189574e-12
16,37,4.4094054784009225e-12,1.4894982288241697e-12
17,37,-2.255399385909784e-12,6.4794735840169857e-12
18,37,1.8889103057443187e-13,-4.2251393206383662e-12
19,37,1.6481258503158174e-12,-2.4929751255944814e-13
20,37,1.3746898365525484e-12,-3.7556570951859556e-12
21,37,1.7150891383787447e-13,-2.5730120311006494e-12
22,37,3.1075149473289906e-12,1.119880003285418e-11
23,37,8.8240010913969624e-12,-4.9391497868670706e-12
24,37,-1.3481379406896712e-12,-8.208830343895144e-13
25,37,7.093235681800056e-13,-5.834845577992589e-12
26,37,-1.7960269394838968e-13,-2.55476852100401e-12
27,37,4.190575198442375e-12,-8.4916052317003545e-13
28,37,-2.7976353683431778,0.40968324745782386
29,37,0.84633812673932918,-0.17304172510649415
30,37,0.84633812674779729,-0.17304172510639801
31,37,1.9617061372284092e-12,3.8175086640361903e-12
32,37,8.3712446650460894e-12,-5.4471310472676849e-13
33,37,2.5540296641154839e-13,-6.6012147335400382e-12
34,37,-2.2129398246198139e-12,2.7206667084185002e-15
35,37,-1.0501077568899898e-12,-4.4643257143514513e-12
36,37,7.9410821624600719e-12,7.359279933687565e-13
37,37,5.2475660558665567,-0.76844892916661678
38,37,-1.58748894724582,0.32457692420302475
39,37,-1.5874889472477633,0.32457692420363049
40,37,-2.4499306875049229,0.35876568171251755
41,37,0.74115082050301395,-0.15153519910091021
42,37,0.74115082051507353,-0.15153519910148699
43,37,1.5356411799966319e-12,2.5936026881938665e-12
44,37,-2.109194501723806e-12,-8.3563247421529172e-13
45,37,-9.1832367072667446e-13,-1.4095436738819037e-13
46,37,-6.2440820279857035e-13,-1.2557532965903317e-12
47,37,-3.7301977910585176e-13,4.0644246372976487e-13
48,37,-2.56663529307e-13,1.3839417517340739e-12
49,37,1.0431052228525077e-12,-1.1288625825629327e-12
50,37,-3.9757576028471867e-13,5.0659770262042494e-13
51,37,1.5722375255030002e-13,2.3758746262004433e-12
52,37,1.5593553383142797e-13,4.5371482749902597e-14
53,37,2.8393888575182164e-13,6.6504702356314989e-13
54,37,2.068567104493663e-14,7.5117431914378633e-13
55,37,-4.1508369008321197e-14,6.6826555960607097e-13
56,37,-3.2779023128528512e-13,1.703163333680363e-12
57,37,-1.1217122745219115e-13,-1.9765841199803062e-13
58,37,3.0479072268483382e-13,-7.991648284883808e-14
59,37,-3.2845136937123759e-13,3.6361203345188044e-13
60,37,1.6085607084082949e-13,3.6521059613505964e-13
61,37,9.3936579601095044e-13,1.8849610184394015e-13
62,37,5.3664959291601878e-13,3.6768731128268209e-13
63,37,-2.3948927066477429e-13,-3.995930096016815e-13
7,38,8.4675596944593447e-13,5.5764365501280006e-13
8,38,-7.3640652195796434e-13,-6.2207426958618977e-13
9,38,-5.5945071840032133e-13,-2.8170291383846107e-14
10,38,-1.4042506147232647e-12,-1.3269674447566749e-12
11,38,-3.7076565845722376e-14,3.6283026693610707e-12
12,38,-4.4814624290044302e-13,1.0423546192900469e-12
13,38,-3.1546057942893743e-13,-3.0477131071237846e-13
14,38,4.2864772659496219e-13,4.0257377468310675e-12
15,38,-7.9200188689433543e-14,-2.8365154658001222e-12
16,38,1.3437540877649169e-12,-1.6134923313095709e-12
17,38,-2.8457913733814666e-12,6.4236360660110816e-12
18,38,1.0817150863647289e-12,-1.2203404145316693e-12
19,38,1.8221095502822123e-12,-2.1620511466890851e-13
20,38,3.8148881089916886e-12,-4.015357522860934e-13
21,38,-1.5491776044279664e-12,5.9163729557820713e-13
22,38,4.634505317086615e-12,-1.8451389209148637e-12
23,38,-5.6994269972046893e-13,-4.4835321573055206e-12
24,38,1.1412537027411037e-11,4.2482446655934648e-12
25,38,-6.6593772401661886e-13,3.1365695724970011e-12
26,38,7.2357949283155814e-13,1.3540055892380548e-12
27,38,-9.8929943682063381e-13,5.71356008388562e-13
28,38,0.84633812674106479,-0.17304172509670124
29,38,-2.7976353683464099,0.40968324745583845
30,38,0.84633812674383258,-0.17304172511001906
31,38,-2.3451061666318666e-12,-4.3431767806561365e-12
32,38,-1.5890821847743225e-12,-3.5256946359623871e-12
33,38,3.4138403972704479e-12,2.0664088942275541e-12
34,38,-1.3374569256653496e-12,-3.4699380508152072e-12
35,38,3.4669107368691934e-12,-7.566563010360094e-13
36,38,1.8545761022315828e-12,-3.8007447057196196e-12
37,38,-1.5874889472519484,0.32457692420699491
38,38,5.247566055861995,-0.76844892917365826
39,38,-1.5874889472482785,0.32457692419811845
40,38,0.74115082050259617,-0.15153519909745974
41,38,-2.4499306875231195,0.35876568171030193
42,38,0.74115082050662517,-0.15153519909654839
43,38,9.9345471735595739e-13,1.3569091828916553e-12
44,38,1.0949043849598061e-12,3.3622812513200441e-12
45,38,1.8685936484385652e-12,-9.7116299064711343e-13
46,38,-2.6774443574805036e-13,8.4448037790027846e-13
47,38,-8.9152558254688744e-13,-1.1185607731965248e-12
48,38,-1.9830007353401822e-13,8.3246036611627105e-13
49,38,-2.1912909754287504e-13,-2.9802158288089768e-13
50,38,2.5978831377801904e-14,5.5022405044901426e-15
51,38,1.1069547311266311e-12,1.2715715080135703e-12
52,38,3.5699096385768161e-14,5.2533955465497243e-13
53,38,3.2249608752909486e-13,4.3270114743369388e-13
54,38,2.1703416227107546e-13,5.0447249276701923e-13
55,38,1.736611302439505e-13,6.3455622630515764e-13
56,38,4.387450925245069e-13,9.6552380287767944e-13
57,38,7.4079190566974452e-13,2.7185297785935168e-13
58,38,4.6342531779102463e-13,5.8951216314312173e-13
59,38,-3.0204190024059397e-13,2.7175058102888742e-13
60,38,-6.5077377405436512e-14,-2.7854341608439997e-13
61,38,-2.3760643468512533e-13,-3.4310484934258275e-13
62,38,-4.2614806740439894e-13,2.398342983216456e-13
63,38,-1.4217908925036785e-13,-1.1475120005314565e-13
7,39,-1.5027354838712808e-12,9.901177444141361e-13
8,39,1.850982890338427e-12,-4.3675204869670445e-13
9,39,4.0096954463214329e-13,-1.0077220520107539e-12
10,39,4.3721323108896856e-14,-2.5893486914270445e-12
11,39,-1.2485767688414716e-12,-1.0079060505571868e-12
12,39,-2.879797217426936e-12,-1.2967437318507683e-12
13,39,-3.9480406120673451e-12,8.8104698266505101e-13
14,39,-2.2585597701271225e-12,2.5959470946492505e-12
15,39,5.3801217396251705e-12,-4.39115499847773e-12
16,39,-6.5743250127964678e-13,1.723999332189193e-12
17,39,-4.8154473196551633e-12,-4.0258304871820108e-12
18,39,-2.373635390915109e-12,-2.5468418605916656e-13
19,39,-4.1207833617315438e-13,-2.0096852610339623e-12
20,39,-1.2235308510688347e-12,2.6375755541360929e-12
21,39,-3.8465475063463597e-12,2.3360404827267996e-12
22,39,-6.6255058211322013e-12,3.8954986619372463e-12
23,39,-1.0678405857598238e-11,-1.7317379597295336e-13
24,39,7.4037549396451344e-12,-8.7945723087606867e-12
25,39,3.3352760365992246e-12,7.1851070994887016e-12
26,39,-9.4931290001010891e-13,-7.7572047367548797e-13
27,39,-1.9660315229015421e-12,3.2488624114564556e-12
28,39,0.84633812674839548,-0.1730417250944111
29,39,0.84633812675002407,-0.17304172510342639
30,39,-2.7976353683454094,0.40968324745730322
31,39,2.095880333522747e-13,-8.9187636533149477e-12
32,39,-1.3028133700193592e-12,-3.9733275411061186e-13
33,39,5.6629201787936663e-12,5.4640886869963198e-12
34,39,1.4631202834901481e-13,6.7740242523147598e-13
35,39,1.189700117758606e-12,2.4489683180233294e-12
36,39,-7.5634680615255655e-13,-1.7638813994761184e-12
37,39,-1.5874889472479232,0.32457692420880857
38,39,-1.5874889472469356,0.32457692420748785
39,39,5.247566055860176,-0.76844892917348773
40,39,0.74115082050202774,-0.15153519910611413
41,39,0.74115082050900938,-0.15153519910450641
42,39,-2.4499306875183451,0.3587656817084669
43,39,-2.8751378933701266e-13,4.9520493623592273e-14
44,39,-1.9493753042161041e-12,7.5076797471829631e-13
45,39,1.3647217437510363e-12,2.6425841691968266e-12
46,39,2.508213815107365e-12,9.6784822583729837e-13
47,39,2.375609614705913e-12,6.9649231626786761e-14
48,39,3.5078776411511193e-13,-1.5960640709466689e-12
49,39,-1.3628890106141715e-12,2.3619652155466843e-12
50,39,-1.6654589013868025e-12,-5.5917499034654324e-13
51,39,-8.7649812664758271e-13,-1.4449792888445295e-12
52,39,-3.6675067827202334e-14,-8.5812664888930443e-13
53,39,-2.1839560390526888e-13,6.2991250051275668e-13
54,39,-7.322566342228409e-13,4.434182556431106e-13
55,39,-8.4539758889668178e-13,-5.3939456997597295e-13
56,39,-1.2657706797297524e-13,-1.3837534954424827e-12
57,39,-3.7818769218143999e-13,-1.3669881922506475e-12
58,39,-4.9109181143353308e-13,-1.0637333644579091e-13
59,39,9.7883071605812466e-13,-6.8357474351032724e-13
60,39,8.8751430884917888e-13,-2.1652179660326708e-13
61,39,3.5026114623036707e-13,1.806830918462769e-13
62,39,6.7526807365848431e-13,-5.805507025553265e-13
63,39,-4.3077628401879412e-13,2.1218110131419404e-13
7,40,4.6609387793795646e-17,1.6305729521923275e-16
8,40,-1.4744758856092751e-17,1.4389355748197913e-18
9,40,-3.2222207085097208e-17,-1.6396540516152816e-16
10,40,-3.9906209667318875e-13,2.0724363152035602e-13
11,40,5.845196961041904e-13,-3.6159587130926343e-13
12,40,-1.8105575114378095e-13,1.5760500077122833e-13
13,40,-3.9951403214660212e-13,-1.6488227628057462e-13
14,40,1.1642019524230277e-13,5.186270590683136e-13
15,40,2.7975771578604143e-13,-3.5499133618953467e-13
16,40,-1.1775844439672872e-12,2.002014680184868e-12
17,40,3.4646542863025041e-13,-3.0468913742268056e-12
18,40,7.959494033816431e-13,9.8998457884433765e-13
19,40,-1.9878805262193342e-13,7.0543933842936558e-13
20,40,-3.9820076898992582e-12,-1.1670345481322335e-13
21,40,3.7846710802300963e-12,-2.993282835736341e-12
22,40,-7.2520863857227277e-13,-1.6092849027610943e-12
23,40,-2.5145929587471209e-12,1.8887794089912752e-12
24,40,2.1270858042022738e-12,1.2806041255647239e-13
25,40,-2.4296373215822749e-13,2.279938176737086e-12
26,40,-3.6315246615698294e-13,1.181246426977854e-13
27,40,1.357593381727403e-12,1.4846967062292769e-12
28,40,-5.6490487941622079e-13,2.0495019108049195e-12
29,40,1.5179915867725605e-12,9.28197088753657e-13
30,40,3.1655782252853645e-12,2.7272041064990489e-12
31,40,8.1581104904300298e-12,-6.9683567525512101e-12
32,40,3.0054676633395915e-12,-1.8526069266124088e-12
33,40,-4.9337521844399868e-12,-3.854842484177419e-12
34,40,-1.975966747698581e-12,-3.14682447655437e-12
35,40,1.2599666511449328e-13,-6.4158326788018785e-12
36,40,1.9740584126611351e-12,-5.3425525475408102e-12
37,40,-2.4499306875154101,0.3587656817162917
38,40,0.741150820506568,-0.15153519910456029
39,40,0.74115082050770531,-0.15153519910181668
40,40,2.4499306875166269,-0.35876568170991163
41,40,-0.74115082050542469,0.15153519909900659
42,40,-0.74115082050177605,0.15153519909659163
43,40,-1.3574401834268359e-12,-1.1540104791653022e-13
44,40,4.6366875353223264e-13,-1.3272918471540814e-12
45,40,-3.7956453092848851e-12,1.2176633235947894e-12
46,40,-1.331841374466402e-12,1.2069264566380735e-12
47,40,-2.5990468637826531e-12,1.4019460828123003e-12
48,40,-1.0827749501777702e-12,2.9517296135890182e-12
49,40,2.1709191130971045e-12,-3.9387592527823198e-12
50,40,-1.541246917742208e-12,7.4753040370750103e-13
51,40,3.7387858382876655e-12,4.2650846651191447e-12
52,40,1.5185227086618024e-12,-3.7867249795209535e-13
53,40,1.0054135115616761e-12,1.2672446662254293e-12
54,40,-5.1262987189428954e-13,-1.488270276634616e-12
55,40,-6.4420265726886825e-13,-8.183451773888779e-13
56,40,3.9644280603836513e-13,-1.3817545992984802e-12
57,40,1.3882511003746043e-12,-2.9302131453896148e-12
58,40,-1.6049236991371077e-12,1.0884740613047927e-12
59,40,-1.1237681685156093e-12,-5.2907307102256629e-15
60,40,1.4264990055737582e-13,-2.3342444093372082e-14
61,40,1.4495302141022972e-12,-9.8853324163550268e-13
62,40,7.032915951512658e-13,-7.4214535201664206e-13
63,40,2.8789383150078849e-13,7.2937072145371219e-13
7,41,-2.7173901762656389e-17,1.0515691708597007e-17
8,41,-5.1512973151995172e-19,-2.5875903773452733e-18
9,41,2.7612066110701775e-17,-8.1098153288690642e-18
10,41,-3.7995457842912784e-13,-1.3496108979682084e-13
11,41,5.8813672860021141e-13,1.5806418052208826e-13
12,41,-2.0856275970476504e-13,-2.2282297983315864e-14
13,41,4.8681508740827507e-13,4.6653656051525563e-13
14,41,1.2435436277141522e-13,-8.2324625792590832e-13
15,41,-6.1120796609557067e-13,3.5645571497769813e-13
16,41,3.683694961524635e-12,-1.0669854840375129e-12
17,41,-2.5634336468075604e-12,1.3748281554570232e-12
18,41,-1.1142356676918559e-12,-3.1558109608431417e-13
19,41,-6.2968358653756016e-13,4.2802123302721661e-13
20,41,-1.9273740666970934e-12,-1.1014125829957216e-12
21,41,2.8166295139867562e-12,5.0590402319740976e-13
22,41,-6.0883317602469833e-12,-2.9301660418361975e-12
23,41,8.8078144531149408e-12,1.0209139047936194e-11
24,41,1.9761019086980819e-13,-4.5640616437292023e-12
25,41,3.6437351528123855e-13,-2.6655272699695089e-13
26,41,2.0018035579598098e-12,-1.3478880025114737e-12
27,41,-7.8260536772824533e-13,-1.7621716807770947e-12
28,41,-1.3293673432897284e-12,4.7784470245245703e-12
29,41,1.1715510913805131e-12,1.6474957639342799e-12
30,41,5.1887564857713294e-14,1.8042325576278211e-12
31,41,-1.4393961023047866e-12,-2.4171863312033057e-12
32,41,3.2819685451142294e-12,1.4389468645377617e-12
33,41,1.6680273409323787e-12,8.4187091407830347e-13
34,41,3.464659852348515e-12,1.4286090421294231e-12
35,41,-1.0233061100991999e-12,2.4279020260687397e-13
36,41,-7.0371577358677782e-14,-1.5751030058543513e-12
37,41,0.74115082050254233,-0.15153519909689947
38,41,-2.4499306875143043,0.3587656817093115
39,41,0.74115082050786596,-0.15153519909865173
40,41,-0.74115082049622316,0.15153519911973223
41,41,2.4499306875264182,-0.35876568170389866
42,41,-0.74115082050318293,0.15153519909660584
43,41,-1.2954557570668362e-12,-1.8305893429625233e-12
44,41,-1.5692124470888702e-12,1.9523249784930859e-12
45,41,7.6724137960782218e-13,-1.6300018800611516e-12
46,41,1.0098348673775528e-12,-1.490072419089143e-13
47,41,5.0296201518424533e-12,-2.8634214005680808e-12
48,41,-8.2655914890864865e-13,2.5452671280208786e-12
49,41,-3.357810115840715e-12,-2.7831001131130723e-12
50,41,-1.6173643117890414e-12,1.016090203534783e-12
51,41,-1.9900820821605689e-12,1.3802523655439191e-12
52,41,-2.4325018136849712e-12,-1.8184197925299366e-12
53,41,1.4879026449852939e-12,-5.9209330005099433e-13
54,41,8.0223172832737066e-13,-9.4510571376331235e-13
55,41,-1.7627632559978001e-13,-2.4135603711659115e-12
56,41,-5.4279731762090638e-13,1.5661807932982876e-12
57,41,3.5726602435579501e-12,-3.2014995244020633e-12
58,41,9.4889215440982125e-13,1.1978964924246323e-12
59,41,-9.7533970424894811e-13,8.5268680481620734e-14
60,41,1.0925456470800891e-12,3.4391060530826158e-13
61,41,-2.3189647646767371e-12,4.2440583999615177e-13
62,41,-8.5630636317185858e-14,-8.2702747538201812e-13
63,41,-7.0112588580239235e-13,-2.1595139706240383e-12
7,42,1.7016249502869887e-16,-5.0246092840035317e-17
8,42,5.4213174525887036e-19,1.611475336073122e-17
9,42,-1.7005321997370286e-16,3.4671263614687846e-17
10,42,7.6857640633399048e-14,9.3939758102879056e-14
11,42,-1.2611411396854544e-13,-1.3818013585319465e-13
12,42,5.2558110502809274e-14,3.9814130642768483e-14
13,42,-9.026337148492008e-13,-5.5037038772449848e-13
14,42,8.5512712672843079e-14,1.3034153694945175e-12
15,42,8.1632186039564633e-13,-7.5028290727059625e-13
16,42,-4.2224570115452038e-12,-2.025058040681196e-12
17,42,4.5332313102955911e-12,-1.6304354680620291e-13
18,42,-3.6489896330986157e-13,2.2240935081816863e-12
19,42,-1.3672085446998307e-12,-3.445749234340039e-13
20,42,-1.2781654974619478e-12,-2.3203509507213992e-14
21,42,4.6884105831229138e-13,7.9727552029827102e-13
22,42,-2.3020543000951992e-12,1.93269202281587e-14
23,42,-3.2419979996491863e-12,2.6447630438124718e-14
24,42,4.9058993371203232e-12,-6.9106144616486324e-13
25,42,1.5400044994179951e-12,-3.1749050974212522e-12
26,42,-2.8672541530851846e-13,2.0956404147930258e-12
27,42,1.5471385965815422e-13,1.080870031622718e-12
28,42,8.3265807739742604e-12,-2.7582103303760035e-12
29,42,1.0631353558123714e-12,1.2907580331632442e-12
30,42,1.3806106114562821e-12,4.192193519537343e-12
31,42,4.2398006795829887e-12,3.1670737551257276e-12
32,42,-2.4081742234301823e-12,-1.1577960666888856e-12
33,42,-1.3649846298756218e-12,-6.8178072762717099e-12
34,42,1.2922411385176967e-12,-4.7961859402566316e-12
35,42,4.9561187315024056e-12,-2.5562427077404867e-13
36,42,1.124741168635631e-12,9.8259103551741443e-13
37,42,0.74115082050966552,-0.15153519910041183
38,42,0.7411508205073748,-0.15153519910336502
39,42,-2.4499306875141191,0.35876568171566431
40,42,-0.74115082050994729,0.15153519908842483
41,42,-0.74115082051705983,0.15153519908853585
42,42,2.4499306875238176,-0.3587656817010938
43,42,-1.0374063648750527e-12,-3.0367335185320206e-13
44,42,3.5696651309928094e-13,-3.7565236230707869e-12
45,42,-8.9698950296835511e-13,5.1542596151468052e-12
46,42,-1.2108028174935006e-12,2.0652026706288489e-12
47,42,-1.6556828501021848e-12,-1.8085580334247943e-13
48,42,3.1151127229248276e-12,-2.1634612713829396e-12
49,42,3.7215272060423385e-12,3.0138999453943937e-13
50,42,-6.0660408168186421e-13,-1.0821168971679205e-12
51,42,1.5350285389797956e-12,1.6805115335411141e-12
52,42,1.3103990682463666e-13,-1.332659000670212e-13
53,42,4.2186186616957257e-13,1.2169814224162367e-12
54,42,5.1069404248593797e-14,-2.0411130197087616e-12
55,42,3.1298632865870245e-12,1.072467727661406e-12
56,42,-2.7880524216959694e-12,5.9847351447908624e-13
57,42,5.1563883859498283e-12,2.0781589596451116e-12
58,42,2.2849924625918393e-13,1.1640823195772587e-12
59,42,1.8320673007486824e-12,-1.3217699132107383e-12
60,42,-3.2730657341330546e-13,-2.6840017476700366e-13
61,42,-1.0063381144590923e-12,1.8031879408455045e-13
62,42,2.570243488990887e-12,-7.4095895211530238e-13
63,42,8.1056431010782608e-13,9.2036639983027138e-14
7,43,-2.6117924798670275e-16,1.8287673090346573e-16
8,43,9.7688041804188972e-17,-6.3120496713122081e-17
9,43,1.9673191271931602e-16,-1.6951857737057625e-16
10,43,-2.0954461414639441e-14,4.6902747458222333e-13
11,43,-2.696406833512825e-14,-7.0115758700430721e-13
12,43,4.5883119462773779e-14,2.3630495402179792e-13
13,43,2.814328232595963e-13,1.6750264993843821e-13
14,43,-3.2509347641721114e-14,-4.0358184447159835e-13
15,43,-2.4920785215912161e-13,2.3469295562065063e-13
16,43,1.4191561971206158e-12,-9.5814136476837599e-13
17,43,-7.2156347140954419e-13,3.2919793869461725e-13
18,43,-6.6795378804938875e-13,5.8909602388606601e-13
19,43,3.7298725821703079e-13,2.3762608271604226e-13
20,43,-4.302235679435716e-13,-9.0698582503617337e-13
21,43,1.0608398357439041e-12,-2.2136088202442375e-14
22,43,-2.9232230163268628e-13,2.5604125046610386e-12
23,43,4.8669970468261721e-13,9.8868436772453685e-13
24,43,1.2100716895566106e-12,-1.8060615690887575e-12
25,43,-2.6422791418471289e-13,-1.1603555706307912e-12
26,43,1.3755266448271563e-12,4.1241866065585501e-13
27,43,1.3517540987374317e-13,6.8880128198074075e-13
28,43,8.6619459559883328e-13,3.9022987401463631e-13
29,43,-1.1081952335600205e-12,2.6186192535081105e-12
30,43,1.1581664247653172e-12,2.8428331893737254e-13
31,43,4.9069959970033744e-12,5.1923399864788371e-13
32,43,-8.0531283590588632e-14,1.6565378954823072e-12
33,43,-2.5705655665161396e-13,-1.0858664435204037e-12
34,43,-7.1571374525954417,1.7330595258802546
35,43,2.1623262292614585,-0.74986327986911616
36,43,2.1623262292591785,-0.74986327986937873
37,43,-8.5371310774190627e-14,1.6880195385789469e-12
38,43,-1.0358816700268651e-12,1.2897151708872321e-12
39,43,2.436595673943485e-12,-2.3705907924964885e-13
40,43,-2.7367971987573322e-12,1.3664935152557841e-12
41,43,-1.210715281906795e-12,6.454310762040125e-13
42,43,1.6461139235696876e-12,2.5101185593781007e-13
43,43,30.041142230567175,-5.359117723883287
44,43,-5.7642245381341866,1.9675634419670445
45,43,-5.7642245381393593,1.9675634419681529
46,43,-11.491786088139445,0.8674981937984696
47,43,0.16006231709818169,-0.024121510254281244
48,43,0.16006231709836388,-0.024121510254265427
49,43,-11.392218689827814,2.7585600042053482
50,43,3.4418359917798811,-1.1935786518463627
51,43,3.4418359917785151,-1.1935786518402016
52,43,1.6352164119867965e-13,-1.5349303845485799e-13
53,43,1.9955215038758579e-13,6.4681138324070275e-14
54,43,2.5970483370347177e-13,1.7537941546846137e-13
55,43,2.6705817374641907e-13,4.930928698717167e-13
56,43,-5.2046650959716182e-13,2.3170558300740449e-13
57,43,1.3912980900929855e-13,2.5113090851806848e-13
58,43,-8.7002000970426546e-14,1.8524788733048716e-13
59,43,-7.3819633127366666e-13,1.0531340008436288e-13
60,43,-5.8542302304853603e-14,1.4192065787097074e-13
61,43,-1.169332996939359e-14,-9.5576922247063757e-14
62,43,-8.6736552686264288e-14,-1.1057835709313765e-13
63,43,1.7645228378927151e-13,1.4195998622039448e-13
7,44,-7.6058315243348236e-17,1.704932357392524e-16
8,44,2.1734144819231556e-16,-1.0174809206169577e-16
9,44,-6.624482455961067e-17,-1.4945322434590097e-16
10,44,1.2767932897824986e-13,6.9320767937484681e-14
11,44,-2.0372678986671352e-13,-9.58795957703142e-14
12,44,7.695218203238779e-14,2.4225195904932102e-14
13,44,4.8598761607332096e-13,-1.1678179824135746e-13
14,44,-4.6384367581098675e-13,-4.0692028752355204e-13
15,44,-2.125603869445656e-14,5.2459351736061415e-13
16,44,-1.2970211230944504e-12,-1.187981219558973e-12
17,44,1.9091270297735299e-12,1.189473273051476e-12
18,44,-6.2445468612687989e-13,1.6521888725135238e-14
19,44,-5.4520738178971229e-13,-1.2372395101734613e-13
20,44,-7.8290434273293762e-13,5.2156342675794369e-13
21,44,9.877330569906617e-13,3.7169958240517482e-13
22,44,1.1222216546841558e-12,3.7617244842251483e-12
23,44,1.88702597175119e-12,-3.3282044805496562e-12
24,44,-3.9335560143781113e-12,1.0385357280729539e-12
25,44,5.3348002806359131e-13,-1.2096558129202269e-12
26,44,-1.0452512497481162e-12,-2.6369286796093487e-13
27,44,-1.2163930109409883e-12,2.0647998156878177e-12
28,44,-1.448899957487711e-12,-2.838741427366664e-12
29,44,-1.8021211052010363e-12,-1.0354648924582756e-12
30,44,-1.4728830422418613e-12,-1.4460220493466529e-13
31,44,7.659907620495227e-13,4.248067436664211e-12
32,44,7.0659070711463691e-13,3.2842737250665677e-12
33,44,-7.4424219146914319e-13,2.6154591099791999e-12
34,44,2.162326229262066,-0.74986327986979617
35,44,-7.1571374525982661,1.7330595258815729
36,44,2.1623262292568235,-0.74986327986858947
37,44,-2.2297311161489237e-13,-3.6767326599453473e-12
38,44,3.4024074650240729e-14,1.7014453116021081e-12
39,44,-1.5776913138985098e-12,-1.5155796982640307e-12
40,44,2.1484435548241364e-13,-3.9079063147137198e-12
41,44,-1.1303083296762193e-12,-2.0834571054510181e-12
42,44,4.8916875056374803e-13,-1.3943100396503133e-12
43,44,-5.7642245381373414,1.9675634419690198
44,44,30.041142230566606,-5.3591177238842818
45,44,-5.7642245381350392,1.9675634419665045
46,44,0.16006231709890706,-0.024121510254663116
47,44,-11.491786088140106,0.86749819379854276
48,44,0.16006231709828997,-0.024121510255256235
49,44,3.4418359917823449,-1.1935786518412745
50,44,-11.392218689823522,2.7585600042040093
51,44,3.4418359917751631,-1.1935786518441995
52,44,-6.1357188794292577e-14,1.9086191061137256e-13
53,44,-1.2483173408466486e-13,-3.3328276471657595e-13
54,44,-4.5506973908193567e-15,-3.6855377375093704e-14
55,44,6.2267376214225677e-13,1.7230820240746285e-14
56,44,1.0282805329439723e-13,2.3192343774499485e-14
57,44,1.1300282879225471e-12,-2.9810715851991694e-13
58,44,1.740163563004262e-13,-1.5181649618175005e-13
59,44,-9.2605090782506621e-14,-1.0040891317585271e-13
60,44,-7.1734490037543506e-14,-5.5473302230934317e-14
61,44,-1.2228675625422024e-13,-1.5650962288875822e-13
62,44,2.8615870433417647e-13,6.1309862901091647e-14
63,44,3.2758986792992226e-13,-2.8390909879870826e-13
7,45,1.4335623872806241e-16,-6.6800858241756763e-16
8,45,-3.8313633624988978e-16,3.6621622550574356e-16
9,45,1.3639436281009744e-16,5.369164550949901e-16
10,45,3.2840182893182738e-13,7.4818212292129327e-14
11,45,-5.1589572797968552e-13,-8.0229677425129629e-14
12,45,1.8523610470308872e-13,5.8347789219241737e-15
13,45,7.8886715409385379e-13,1.0035685979817326e-13
14,45,-4.5812796748351048e-13,-8.6979981097019194e-13
15,45,-3.3266418801483871e-13,7.6875205152364953e-13
16,45,-1.0768422243617505e-12,-3.9834034122352121e-13
17,45,1.4067420907418165e-12,-5.4329822828581959e-13
18,45,-2.9686920038438667e-13,9.5295717331906357e-13
19,45,4.0157390077321748e-13,4.8624265386919726e-13
20,45,1.5867885852326394e-13,1.5865455920753697e-14
21,45,-2.4433491992759827e-13,-1.2104513058626823e-12
22,45,1.6942282259031705e-12,1.6743212403118569e-12
23,45,-3.2680093195179965e-12,-2.3458271518735733e-12
24,45,-1.3320325784777413e-12,-1.020280579324959e-12
25,45,1.7118043914411155e-12,-8.8223682396051546e-13
26,45,4.5224775190212073e-14,1.2074360536884837e-12
27,45,6.858242227832313e-14,-8.0469519750257563e-14
28,45,2.9031128196824672e-12,-1.2710195251137932e-12
29,45,-1.7394015513057265e-14,2.595650656963066e-12
30,45,7.3496549769837325e-13,-3.5467245136684356e-13
31,45,-2.8604456664458663e-12,-7.0249051293078698e-13
32,45,4.4000161024844946e-12,1.1291259565936438e-12
33,45,2.0396711468714597e-12,1.3647693132545824e-12
34,45,2.1623262292579768,-0.7498632798703978
35,45,2.1623262292614172,-0.74986327987194179
36,45,-7.1571374525960714,1.7330595258822554
37,45,2.7031549139985066e-12,-9.4924279139753317e-13
38,45,1.304818795357201e-12,-9.2525742733709256e-13
39,45,1.1089676566374484e-12,6.2022436974765298e-13
40,45,-1.3608715533257371e-12,-1.3001217541361634e-13
41,45,1.5260670430393568e-12,2.0105126611779198e-12
42,45,2.3296132446261111e-14,-5.4288798898683248e-13
43,45,-5.7642245381346982,1.967563441966405
44,45,-5.7642245381403825,1.9675634419663481
45,45,30.041142230566606,-5.3591177238812122
46,45,0.16006231709827531,-0.024121510254802962
47,45,0.16006231709862231,-0.024121510254485216
48,45,-11.491786088140566,0.86749819379934989
49,45,3.4418359917782713,-1.1935786518461953
50,45,3.4418359917757293,-1.1935786518414466
51,45,-11.392218689822323,2.7585600042044374
52,45,1.3161326042826501e-13,1.1543732457664587e-13
53,45,4.1948771439902676e-13,-4.4203245007287409e-14
54,45,2.698419876388454e-13,-5.3457035920385088e-14
55,45,1.0324726814758365e-13,1.6757907460239149e-13
56,45,-3.5129893263504024e-13,-4.6706093453069894e-13
57,45,-2.1872890256021373e-14,7.1671635709971875e-14
58,45,-1.8333998557058049e-13,4.7854429156711204e-15
59,45,-1.0923124019547837e-12,1.0046006923939209e-13
60,45,1.1275469217098317e-13,-2.8851112744396603e-14
61,45,-3.491607861553025e-13,-6.1595071330001527e-14
62,45,-2.9094524352579636e-13,3.4182833240004042e-15
63,45,1.289644132330161e-13,5.3905217838041331e-14
7,46,-4.6938924092680451e-20,-1.1790299129897057e-19
8,46,1.0642000691864133e-20,-3.2592147854342596e-21
9,46,3.6656652923184269e-20,1.2048474703754324e-19
10,46,-6.5433082996836458e-16,-1.1387243041308221e-15
11,46,1.115451687359175e-15,1.6012017355809404e-15
12,46,-4.6419700900447931e-16,-4.6464355885982624e-16
13,46,3.3894530947501994e-13,-1.2680912816662645e-13
14,46,-3.6939986758009726e-13,-2.4949689978670547e-13
15,46,3.0446192982409743e-14,3.7630680270860424e-13
16,46,-1.2646597878117642e-12,-4.7230970070951878e-13
17,46,1.3576404287727854e-12,2.5811679617506655e-13
18,46,-9.2983818764316848e-14,2.1425570685900603e-13
19,46,-3.2479465638693907e-13,-4.7091062584052619e-13
20,46,1.1661075268500676e-13,-9.4980657368941574e-13
21,46,2.0750838496336611e-13,1.4206955198132185e-12
22,46,7.2483764308054242e-13,-2.5901430190318677e-13
23,46,-2.4666436387666322e-12,-2.2368216897013432e-12
24,46,4.797573046586262e-13,2.1519170388270698e-12
25,46,4.4778160880338872e-13,-2.4446711364712186e-13
26,46,-4.2409060637886116e-13,2.2265460593309923e-13
27,46,-1.0987906932459271e-13,-2.3616740178455271e-13
28,46,2.2676836598822019e-12,-8.8918986049717025e-13
29,46,-1.5221812782922019e-13,2.6206570831577656e-13
30,46,1.4212488636678768e-13,2.0818463110517572e-13
31,46,-5.2742850473066041e-13,1.8300872474787522e-13
32,46,-2.1916594344996379e-12,1.8463682179823133e-12
33,46,1.3790689484225224e-12,-7.2787604275568704e-14
34,46,1.0454114979586656e-12,-1.1491784113478907e-12
35,46,-6.026684794260794e-13,3.9388448677187124e-13
36,46,-6.5142061579256215e-13,9.1803493816094629e-13
37,46,1.2274675283169066e-12,-1.7181006810569017e-12
38,46,-6.046808761809581e-14,1.6901041891537664e-13
39,46,-1.4684870653790135e-13,1.1351440261504223e-12
40,46,1.3556901812746986e-12,-1.6285529394564282e-12
41,46,3.1887296143515259e-12,-1.2031018860411001e-12
42,46,1.662601460958826e-12,1.7046077134577007e-12
43,46,-11.491786088139582,0.86749819379809168
44,46,0.16006231709725485,-0.02412151025453484
45,46,0.1600623170978093,-0.024121510255073305
46,46,11.491786088136223,-0.86749819379808457
47,46,-0.16006231709780039,0.024121510255629364
48,46,-0.16006231709815566,0.024121510254015543
49,46,-1.0160567095635687e-12,2.1258710796273257e-13
50,46,-1.2459472464408434e-12,-1.812527986023184e-13
51,46,-1.3357521987303001e-12,-1.4760993123870781e-12
52,46,-7.1164903801917948e-13,-5.2549408586083423e-13
53,46,-2.2876447341631045e-13,6.1721099148859213e-13
54,46,-5.5127020308975491e-13,6.3746800235024607e-13
55,46,-9.7364814838026882e-13,4.7931557475338859e-13
56,46,3.4614474873809765e-13,5.9311447246240129e-14
57,46,-1.3922814862226635e-12,-2.2326715441256586e-13
58,46,-7.0060008151302234e-13,1.371689902297997e-13
59,46,-3.3995303954561929e-13,-8.7047788411366094e-13
60,46,-3.3615526254439582e-13,-3.9815524917863326e-13
61,46,3.697376139187979e-13,-4.8844583593766426e-13
62,46,3.2142720868393566e-13,2.664038035426962e-13
63,46,1.5204410299286246e-13,-8.7212927463152842e-13
7,47,-3.4259807146518515e-20,-1.1150638570441718e-19
8,47,9.6615210387149849e-21,-1.7355925963711213e-21
9,47,2.4906759396545536e-20,1.1264036295197094e-19
10,47,-3.1738666671814337e-16,-4.9845351263817629e-16
11,47,5.4532380312286047e-16,6.746797642083264e-16
12,47,-2.3005079086836735e-16,-1.7808353756234386e-16
13,47,-1.7188737672119154e-14,-2.9047358328255924e-13
14,47,-2.8381802948055962e-13,2.2214079277914333e-13
15,47,3.0100222958862299e-13,6.8332538742693744e-14
16,47,1.705044242272403e-13,1.0944747032223846e-12
17,47,-8.1536652126160882e-13,-9.930112458311393e-13
18,47,6.4485960427650217e-13,-1.014388847330863e-13
19,47,-4.9868637325470686e-14,-1.261197822086136e-13
20,47,-6.6735264575638382e-13,-4.6061620920705532e-13
21,47,7.1630839130199885e-13,5.8568565320665209e-13
22,47,3.1789159926811806e-13,-1.1283629574653425e-12
23,47,-1.5800101988540363e-12,1.9051502851113237e-12
24,47,1.1426653651389777e-12,-1.0345258418538991e-12
25,47,1.4087712231262343e-12,3.6791527773179261e-13
26,47,4.4071674028944553e-13,-3.5152227418590546e-14
27,47,3.8604431391513736e-13,-5.0707295035610697e-13
28,47,1.7379404140074932e-13,-5.007775763868906e-13
29,47,1.4835140260727826e-13,3.1069363736798739e-13
30,47,1.2085350161002804e-12,5.7811035401359913e-13
31,47,-6.3924124393544933e-13,-4.6196148290908786e-13
32,47,-2.5969084173223438e-12,-2.4521612713303473e-13
33,47,1.4031103771891045e-12,-1.3999697393822893e-12
34,47,-1.9068543881812852e-12,-1.198672693738258e-12
35,47,4.0086790997531503e-14,-2.2695883388104319e-12
36,47,2.8161043005863916e-12,1.538878904758307e-12
37,47,-1.3064843962362438e-12,1.3864416178396451e-12
38,47,-5.8709979533777778e-14,1.8497972218240841e-12
39,47,4.0006885376587194e-13,1.3567365808716131e-12
40,47,3.9761398947175901e-13,-1.5663465195908251e-12
41,47,-1.0536755851264308e-12,8.745504561439664e-13
42,47,1.144802473012621e-12,-2.7426936394537501e-12
43,47,0.1600623170979231,-0.024121510253984717
44,47,-11.491786088140181,0.8674981937982269
45,47,0.16006231709897989,-0.024121510254426905
46,47,-0.16006231709709517,0.024121510255568968
47,47,11.491786088140543,-0.86749819379770088
48,47,-0.16006231709818231,0.024121510255414425
49,47,5.8325113068645086e-15,1.5295617468774273e-12
50,47,-1.4607472086155304e-12,2.649963821423727e-13
51,47,1.7409957002387693e-12,-7.7100234161573093e-13
52,47,-1.2267228375879033e-13,9.1702961987255857e-13
53,47,-6.2528551410035234e-13,4.9582816267744778e-13
54,47,7.3345381325273542e-13,-5.353578135137782e-13
55,47,1.9016417547988148e-15,-2.9287520633319226e-13
56,47,-7.3949014782831475e-13,5.4596137911395815e-13
57,47,1.0126018471871045e-12,-8.8685877141768314e-13
58,47,-1.0596859577182008e-13,-2.5330573390088775e-13
59,47,2.5913582646861869e-13,3.6777201633755052e-13
60,47,4.7101058969842015e-13,-6.6712358611705473e-13
61,47,-6.5586341482001851e-13,-3.5769583436352055e-13
62,47,-6.1823032141466325e-13,1.0712123753591117e-13
63,47,-1.0626915401466882e-12,-3.8442385411431836e-13
7,48,-3.5222997037275152e-20,-1.002332768990958e-19
8,48,9.8964760075517525e-21,-4.6021272006159446e-22
9,48,2.5625095076392453e-20,1.0010705793641288e-19
10,48,-2.5505107244463506e-16,-4.5147873274893208e-16
11,48,4.5613984916716826e-16,6.5349365843084209e-16
12,48,-2.0280859571346961e-16,-2.0324119472900373e-16
13,48,4.9961647651742386e-14,-1.5459077548493549e-13
14,48,-1.8932153183125235e-13,5.9412732259819136e-14
15,48,1.3935561565370355e-13,9.5177577527494379e-14
16,48,8.5163783635640559e-13,6.5816599642863824e-13
17,48,-1.2651852437556064e-12,-3.0786164726222186e-13
18,48,4.1355038486794856e-13,-3.5028845701138328e-13
19,48,-1.8328387359590104e-13,-1.4150127470720031e-13
20,48,-7.2407877793996699e-13,-1.9489281161962774e-13
21,48,9.0641918012214844e-13,3.3466492962435092e-13
22,48,9.3365758507465747e-13,-1.85511979194598e-12
23,48,-2.6460941872682748e-12,1.6143735685350701e-12
24,48,1.632068593917839e-12,1.9244244256002211e-13
25,48,9.3216517762989797e-14,7.343613870167987e-13
26,48,-8.144260636560289e-15,2.6164325651065524e-13
27,48,1.6776328582992609e-13,3.121084709143503e-14
28,48,1.2852565567311026e-12,6.2262848877411702e-13
29,48,9.7938204491048187e-13,1.1239683056677473e-13
30,48,1.2368261344166728e-12,-6.3121171055364227e-13
31,48,2.1028862934203814e-13,1.4085641408875128e-12
32,48,1.3308430785115628e-12,7.5070469738926977e-13
33,48,-3.7346899171883306e-13,1.3611717521114047e-12
34,48,1.7351592068392573e-12,1.5625911455019172e-12
35,48,9.9160846898355491e-13,-2.3264364977161357e-12
36,48,1.237507085748976e-12,-1.4188785103389832e-12
37,48,7.4101505502305818e-13,7.24202364028546e-13
38,48,1.6534715806516933e-12,2.2763384956520967e-12
39,48,1.8249694008502699e-12,-4.3997882150874643e-13
40,48,-1.5793304816100128e-12,8.0531043512187409e-13
41,48,-6.4447784698275569e-13,2.214503289793814e-12
42,48,-1.2964490705685826e-13,-4.3866905768956521e-12
43,48,0.16006231709946891,-0.024121510254742067
44,48,0.16006231709791527,-0.024121510254618238
45,48,-11.491786088139715,0.86749819379780846
46,48,-0.16006231709910246,0.024121510255765699
47,48,-0.16006231709830132,0.024121510255355805
48,48,11.491786088138952,-0.86749819379892301
49,48,-5.1756147039178793e-13,-1.581367017661892e-12
50,48,1.2482998261240865e-12,3.5169321756874779e-13
51,48,-4.2536658824507545e-13,-4.8184461045149169e-13
52,48,9.5772491493214253e-13,1.9239430343074516e-13
53,48,-4.242940276120275e-14,-4.6615024713582819e-13
54,48,-8.1939539515776961e-13,7.5662424877391945e-14
55,48,1.1851129874375581e-12,-1.398654019794113e-12
56,48,4.513421233927303e-13,3.6044407903973025e-13
57,48,-1.49444747798274e-13,-2.3076796244069944e-13
58,48,-4.1341499840337447e-13,8.4719198134178699e-14
59,48,-2.3915648139921512e-13,-3.7790414335356324e-13
60,48,1.3336987292192378e-12,2.0671821396496274e-13
61,48,7.6006713201824952e-14,-1.4591050476885965e-13
62,48,2.2680341862115401e-13,-4.2083387901307492e-13
63,48,4.6621145448666664e-13,1.7600688439644095e-14
7,49,-8.1299811494863937e-20,-1.5745763359885153e-19
8,49,1.5088075618714361e-20,-6.0083765832983369e-21
9,49,6.6534045386042285e-20,1.6271021431678492e-19
10,49,-3.2777802736832494e-17,-2.2647131118977424e-16
11,49,7.8833693133945822e-17,3.2224745713246855e-16
12,49,-5.1354075853824302e-17,-9.8536085582940806e-17
13,49,-5.2316886241683874e-14,-4.1802685192247421e-14
14,49,-4.1858960732137873e-15,8.3654664580768557e-14
15,49,5.650694593351068e-14,-4.1854312916866568e-14
16,49,-4.2017026555173294e-14,5.2484506378234786e-13
17,49,-1.8733617861091272e-13,-4.9243501538606821e-13
18,49,2.2939152938614359e-13,-3.2358116555026187e-14
19,49,-7.0751438384380208e-14,1.0607550354320127e-14
20,49,-1.862908514462456e-13,4.4663289591068254e-13
21,49,2.5812315620650357e-13,-4.5500064342798829e-13
22,49,-8.0794955956210728e-14,7.3153492154049281e-13
23,49,2.8325130063163189e-13,-2.9675003356870584e-13
24,49,-3.1891514573220035e-13,-6.4994664059932928e-13
25,49,1.0439312576326616e-12,-9.4860976770554756e-13
26,49,1.8986867196315721e-13,1.1581449894796862e-12
27,49,-8.0310078131789932e-13,4.20033098503099e-13
28,49,4.3200204889648245e-13,-1.08354230132408e-12
29,49,-7.3916782632832335e-14,1.194787162925792e-12
30,49,-9.0180253697840396e-13,1.086012322671024e-12
31,49,-1.3764702396585278e-12,-1.3387199009965179e-12
32,49,-6.1845630869849779e-13,-8.440152713285538e-14
33,49,3.3279540876086492e-12,-1.7968367065411407e-12
34,49,-2.4202251206444599e-13,-1.2771787959374671e-12
35,49,-2.301630545218617e-12,5.1168337542397634e-13
36,49,-2.2499846034419465e-12,2.5204054969720012e-12
37,49,-2.7527376967534855e-12,-4.7928631262431858e-13
38,49,-1.578060573195711e-12,5.2166752471538173e-13
39,49,9.1184732687989746e-13,-1.7945993742395022e-12
40,49,-2.3118876458185023e-12,-2.8294783749834597e-12
41,49,4.5147452456604651e-14,7.6133441468362069e-12
42,49,-1.8760066056047988e-12,2.2497460623203911e-12
43,49,-11.392218689827407,2.7585600042043121
44,49,3.4418359917809669,-1.1935786518459504
45,49,3.4418359917780821,-1.1935786518405507
46,49,3.5037480785781095e-12,4.2058531506131266e-13
47,49,-2.3483772725512799e-13,-3.532287704366147e-13
48,49,9.2024995635422766e-15,-7.462890621210488e-13
49,49,63.960792058482639,-7.3891986840531843
50,49,-5.6638193016087257,1.7450205634396525
51,49,-5.6638193016161722,1.7450205634631715
52,49,-47.409459700560411,3.5788710600560703
53,49,0.66033842901864692,-0.099513492468837977
54,49,0.66033842901843942,-0.099513492468737336
55,49,-5.1591136681116962,1.051767619794864
56,49,1.5616448808207075,-0.45192841914144299
57,49,1.5616448808233814,-0.4519284191406957
58,49,1.3369858820509005e-13,1.1599066998154337e-12
59,49,2.2295427826283934e-13,2.238021955657094e-13
60,49,-2.9071575770334772e-13,3.6501290241476789e-13
61,49,-4.5781838586288975e-13,-7.2870266513607556e-14
62,49,-1.0994686089170276e-12,-3.7416953482591667e-13
63,49,-6.4048907558612532e-13,1.4081139058202743e-13
7,50,3.0094525939305491e-20,9.1013996895423104e-20
8,50,-8.6031071636501507e-21,1.8487849153896942e-21
9,50,-2.1711409554111609e-20,-9.2479613926870581e-20
10,50,-7.0458257264334308e-17,1.6489738772916321e-16
11,50,7.4965146871979414e-17,-2.5230956801540127e-16
12,50,-1.8920524627728047e-18,8.9211981113491749e-17
13,50,-3.751432847899492e-13,2.4747547567936952e-14
14,50,2.9224742168516242e-13,3.6132792127444511e-13
15,50,8.2894596715286304e-14,-3.8607917336549539e-13
16,50,-1.6552416556695742e-13,-9.2549599943097724e-13
17,50,6.053614350473827e-13,4.4456728720789931e-13
18,50,-4.3986318328281804e-13,4.8089808956388288e-13
19,50,3.6219733919128435e-15,9.9787525494224898e-14
20,50,-5.7028081795887933e-13,4.0739768631124143e-13
21,50,5.6659118989054934e-13,-5.086158600373938e-13
22,50,-4.635020696536639e-13,1.7287568237205824e-12
23,50,1.3222483316578826e-12,-1.4917424991238809e-13
24,50,-1.0162767302116586e-12,-1.7091325242679987e-12
25,50,1.3065483203718235e-13,5.7979809265174822e-14
26,50,3.5730134119156214e-13,7.4652815726645603e-13
27,50,-3.648432811964328e-13,-6.5479393310356092e-13
28,50,-1.518237738740474e-12,6.3505724422353702e-13
29,50,-1.2244708054810922e-12,4.3918621601984178e-13
30,50,2.7274839373190785e-13,-1.3951735209432539e-12
31,50,-7.4345077644344377e-13,7.8804200831581905e-13
32,50,-8.7704259537692649e-13,1.256952467413159e-12
33,50,-2.6807636775786666e-13,4.7638955339803291e-13
34,50,-4.1926726868316753e-13,4.9354747980584697e-13
35,50,-6.8743833676963354e-13,1.0181431841383444e-12
36,50,7.7409049758037894e-13,-7.7874349573380009e-14
37,50,-1.4851284004551721e-12,1.1300261963924335e-12
38,50,-9.3548645444480964e-13,1.0808040115266448e-12
39,50,7.4448477708138423e-13,-3.5851192228376339e-12
40,50,-3.7884119345358244e-12,-1.2663492513485715e-12
41,50,-4.3271636572991189e-12,-1.884049976966918e-13
42,50,1.3233746364484673e-12,-1.7972087129649557e-12
43,50,3.4418359917822499,-1.1935786518403915
44,50,-11.392218689824036,2.7585600042037779
45,50,3.4418359917770118,-1.1935786518461664
46,50,-1.3446710849188833e-12,3.4109008074005366e-13
47,50,-1.5749209852333257e-12,-6.5767362901062401e-13
48,50,-1.8792061425042414e-12,-5.2270014594406807e-13
49,50,-5.6638193016054856,1.7450205634653031
50,50,63.960792058499692,-7.3891986840559696
51,50,-5.6638193016317473,1.7450205634414715
52,50,0.66033842901755868,-0.099513492468517137
53,50,-47.40945970056088,3.5788710600550289
54,50,0.6603384290177603,-0.099513492469446629
55,50,1.5616448808219778,-0.45192841914125675
56,50,-5.1591136681119014,1.0517676197953063
57,50,1.5616448808211687,-0.45192841914039894
58,50,1.923152731485936e-13,3.6719085860609055e-13
59,50,-6.272991011399029e-13,1.7656773426169597e-13
60,50,-8.9542335621358414e-14,7.6356054912491667e-13
61,50,-1.6907308339472458e-12,-4.6298833438731641e-13
62,50,6.5192559162750123e-15,-8.2258241013977118e-13
63,50,5.513889488705254e-13,-6.1969111082418315e-15
7,51,2.4322777351997933e-20,7.6158357791616437e-20
8,51,-8.0771368195182987e-21,4.9044759923411259e-22
9,51,-1.6425887952139783e-20,-7.6333756991852576e-20
10,51,1.7999813954367789e-16,3.0696088876489764e-16
11,51,-2.9279153220067776e-16,-4.2972232829283961e-16
12,51,1.1477910145540789e-16,1.2424166813744176e-16
13,51,-9.3580065821916927e-14,2.7676402613698522e-13
14,51,3.4444537592868499e-13,-1.0244013179720247e-13
15,51,-2.508646632016893e-13,-1.7432553190443741e-13
16,51,-2.9157842142932237e-13,6.4829678935732869e-13
17,51,-9.2563905158098551e-14,-3.3529095313940177e-13
18,51,3.8412994046684721e-13,-3.1303180330032767e-13
19,51,1.6688595524679155e-13,-2.7296663321736247e-13
20,51,-6.6419975652867048e-14,-5.654751345684453e-13
21,51,-1.0047912772779851e-13,8.3760439601590356e-13
22,51,-5.4123116493700159e-13,-2.2213725483357652e-13
23,51,7.72905005001371e-13,2.0385306605770569e-12
24,51,-1.6139791352010469e-13,-1.6871400547679131e-12
25,51,-1.3694617806283802e-13,4.7720525261453548e-13
26,51,2.516031120382304e-13,-4.275005270906474e-13
27,51,9.9249676902061328e-13,7.3557610731726096e-13
28,51,5.7275967380897189e-13,-4.0940963756133103e-13
29,51,5.7602110721557275e-13,8.4758128231773057e-13
30,51,-1.7551762243139167e-12,1.5067075967079005e-12
31,51,2.0093628377692467e-12,-1.1985862612261462e-12
32,51,-2.4748484980499938e-13,5.4308336714902683e-13
33,51,6.4242068147622258e-13,4.059144437496245e-13
34,51,4.9030512401319157e-13,-1.6669686080713379e-12
35,51,-2.600768600895335e-12,-1.3135404514849691e-12
36,51,-2.0340415433534384e-12,6.8383549445606203e-13
37,51,6.9224834610192263e-13,-1.479417772813055e-13
38,51,7.3545101898965664e-13,5.0946324343860092e-13
39,51,-2.4563890936482082e-12,-4.2558716014119784e-13
40,51,3.6219753461115278e-12,3.1849871879909191e-13
41,51,3.851964289005107e-12,3.943920884784367e-12
42,51,-1.3009444488116267e-12,-2.8224859148262262e-12
43,51,3.441835991779012,-1.1935786518467029
44,51,3.4418359917756178,-1.1935786518411231
45,51,-11.392218689823055,2.7585600042042882
46,51,-1.1618436161600572e-12,5.825872276289934e-15
47,51,1.2181318653834512e-13,-7.6410711546626212e-13
48,51,6.6232245208755209e-13,1.8059852234745834e-12
49,51,-5.6638193016195828,1.745020563438743
50,51,-5.663819301630781,1.7450205634663121
51,51,63.960792058508673,-7.3891986840553727
52,51,0.6603384290185168,-0.099513492467688369
53,51,0.66033842901863071,-0.09951349246920517
54,51,-47.409459700560575,3.5788710600552096
55,51,1.5616448808211703,-0.4519284191401054
56,51,1.5616448808207686,-0.45192841914137633
57,51,-5.1591136681119645,1.0517676197957828
58,51,-4.7917174902240385e-13,1.0498842083128938e-13
59,51,-9.8716435478676606e-13,6.7528112612846476e-14
60,51,5.2786041060043947e-13,-6.5875058285044992e-13
61,51,-4.3053258570039034e-13,3.0204404997237867e-13
62,51,-2.5383559956248042e-13,-1.4824952701270456e-14
63,51,-1.921232340666613e-13,2.565138330504796e-13
7,52,-6.5590169519774395e-25,-2.2132519353012243e-24
8,52,-1.3170546376555271e-25,-2.0271380865237143e-25
9,52,5.7158360226569295e-25,2.4185696986139994e-24
10,52,-3.85342019053142e-22,-9.6612681745067612e-22
11,52,6.4924082316527747e-22,1.3756299698574397e-21
12,52,-3.2866137019820815e-22,-4.560912543456228e-22
13,52,5.9791271685891847e-20,-1.1983032881157074e-20
14,52,-5.459754047214054e-20,-5.1883388211372555e-20
15,52,-5.1188171477363943e-21,6.3870109626250122e-20
16,52,4.4514590158966542e-13,-3.8592368522531062e-14
17,52,-3.7151883880878921e-13,1.6519481669294008e-13
18,52,-7.3627062235010634e-14,-1.266024473731012e-13
19,52,-1.3685942216722145e-13,1.3394157825953086e-13
20,52,-2.404487195629771e-13,1.3573100594160867e-13
21,52,3.7730815135551585e-13,-2.6967254793653057e-13
22,52,-1.4141229166981629e-13,-7.0824334252885163e-14
23,52,-1.112453184250533e-13,5.5040705630867822e-13
24,52,2.5266032661562645e-13,-4.7958231717258049e-13
25,52,-9.6361165211309044e-14,-3.5878353359454679e-13
26,52,1.9738849172142013e-14,-6.2535308801736166e-14
27,52,7.5319611037816315e-14,4.3217159507706097e-13
28,52,1.7704651078070989e-13,-7.7003817471877341e-13
29,52,-1.7104629289092817e-13,1.28963804334336e-13
30,52,6.0416231947852816e-14,8.6159265617184828e-13
31,52,2.3256380257991937e-13,1.4794744328118032e-14
32,52,-2.2487953824657825e-13,5.9951765379721169e-13
33,52,9.4735168779554436e-13,-2.3958971693533586e-13
34,52,-1.2661013835283036e-13,-6.921070055684829e-13
35,52,3.4732687815251417e-13,6.4328331903320653e-14
36,52,3.8387859403609415e-13,-4.0406552945719488e-13
37,52,-2.3223005502929628e-13,1.9243143497051076e-13
38,52,-9.1603667727548955e-14,8.4622827733696207e-13
39,52,1.7772084618999958e-14,2.372726726958009e-13
40,52,-1.1207212733469477e-13,1.4302735948506238e-12
41,52,-4.2998680231094678e-13,9.7415563230133854e-13
42,52,-6.5517226055847192e-13,1.3859934030285469e-12
43,52,-1.2311385191877391e-13,-3.2493409174045543e-13
44,52,-2.1573208737286629e-13,-1.8217674890353974e-13
45,52,-1.1812022857184306e-13,-1.205853309260223e-13
46,52,1.341829985443615e-12,-3.9478852683928979e-13
47,52,3.5838242562732478e-14,1.7111250932339386e-13
48,52,-2.4873119812174953e-13,-3.347930993596788e-13
49,52,-47.409459700561598,3.5788710600566622
50,52,0.66033842901975826,-0.099513492468699255
51,52,0.66033842901862605,-0.099513492469669937
52,52,47.40945970056157,-3.5788710600559384
53,52,-0.66033842901912543,0.099513492468707332
54,52,-0.66033842902003403,0.099513492468852105
55,52,-5.3331412809641697e-13,3.5677790148584586e-13
56,52,9.384351411672895e-13,5.8875471501540625e-13
57,52,-3.3768812686584842e-13,-3.4872764705979134e-16
58,52,3.851050914936172e-13,4.771423659042217e-13
59,52,-9.4809486737545749e-13,3.2041481882205195e-13
60,52,-1.9381506155580027e-13,-6.3324700797050482e-13
61,52,-3.393688552181198e-13,2.1661014707254481e-14
62,52,-6.4509137728017669e-13,-5.5180361434540309e-13
63,52,-3.3360949685151548e-14,2.6501596752264498e-13
7,53,-1.9369750405608182e-22,-6.1836966382390862e-22
8,53,5.96457141654722e-23,-8.5004077492239946e-24
9,53,1.3584921656621115e-22,6.2436669764045439e-22
10,53,-9.0293732063648889e-20,-2.7518000243523362e-19
11,53,1.5604734973006903e-19,3.9427506200418738e-19
12,53,-8.2743084853962625e-20,-1.3107842220984968e-19
13,53,-3.7647586894322793e-20,7.1449727100639001e-20
14,53,1.0419388823291529e-19,-7.0151260518969751e-21
15,53,-5.5148264587461172e-20,-6.1011116623686384e-20
16,53,-8.4191788312375877e-13,1.1417174849216963e-13
17,53,7.1486730059195801e-13,-3.6299816761045715e-13
18,53,1.2705072065844197e-13,2.488266263908438e-13
19,53,-2.0893784978181595e-13,-5.7060573840815893e-14
20,53,-2.6994832864825335e-13,-1.5613097985063797e-13
21,53,4.78887952133286e-13,2.1320004524058357e-13
22,53,-1.7194849829218448e-13,6.3861052378374955e-14
23,53,1.143722098819113e-13,-4.5535422234495025e-13
24,53,5.7571834929915116e-14,3.9149015683421031e-13
25,53,-1.181064972194526e-13,3.5589515147090758e-13
26,53,-3.1598165760929183e-13,-1.6963636440427069e-13
27,53,4.3044011761766618e-13,-1.7494887375919413e-13
28,53,-2.8997242675639278e-13,5.905130249798737e-14
29,53,-9.7464152563499115e-14,-3.8783787641920265e-13
30,53,5.5719609458060491e-13,-1.2383481820908067e-13
31,53,1.3788780153631093e-13,4.3471921022767527e-13
32,53,-1.9282759351164586e-13,-2.0361219713355287e-13
33,53,9.275383424197966e-13,5.1719425722366789e-13
34,53,8.4998434392475954e-13,-7.5359013140780409e-13
35,53,-2.1674762753165026e-13,-1.9346416789728713e-13
36,53,-2.8059756599922612e-13,-2.1217942073044722e-13
37,53,-1.0769427156098724e-12,4.2669706594503815e-14
38,53,9.0957614638977592e-13,-4.7742996543406537e-13
39,53,8.4358124198467706e-13,-9.1569618405417178e-14
40,53,-1.3089025068489467e-12,6.5787309977954786e-13
41,53,1.3662474063221724e-12,1.7240281312940474e-12
42,53,-9.3518289112006236e-13,-5.4880067666335937e-13
43,53,-1.6401643239959067e-14,-3.5058806649213526e-13
44,53,-2.9454635725176778e-13,1.4162689801480382e-13
45,53,7.5273763523701974e-14,-1.2864866733474173e-13
46,53,1.3669717884184225e-12,2.8877342787993457e-13
47,53,-2.9309441011757043e-13,-3.8240082595722197e-14
48,53,4.911823601955342e-15,6.9650368357045802e-13
49,53,0.66033842901850803,-0.099513492468280867
50,53,-47.409459700561285,3.5788710600556168
51,53,0.66033842901795259,-0.099513492468207648
52,53,-0.66033842901839712,0.099513492468807696
53,53,47.409459700560092,-3.5788710600563007
54,53,-0.66033842901827189,0.099513492469135434
55,53,9.0950813470914688e-14,5.995325029878208e-13
56,53,2.5826755080726751e-13,-9.3134704747584372e-14
57,53,-9.2684421286711867e-13,-9.5637065087963887e-14
58,53,3.7889224504830844e-13,1.6526415236051878e-13
59,53,6.5809808668840203e-13,-1.0027119227494068e-13
60,53,2.8360091243986688e-13,-6.755996286083917e-13
61,53,9.7129560717427336e-13,9.3736608770461051e-13
62,53,5.4725056683980151e-13,1.4533332509627368e-14
63,53,-7.1716490369791178e-13,5.6121990712697498e-13
7,54,1.8994351569719105e-22,6.0677930632679538e-22
8,54,-5.7851538717006737e-23,8.7118917882096167e-24
9,54,-1.3347182472315279e-22,-6.1296604883282164e-22
10,54,8.8402783068043935e-20,2.7002684736407683e-19
11,54,-1.5281568237121574e-19,-3.8690143373648811e-19
12,54,8.1087851328295512e-20,1.2864517682088828e-19
13,54,1.3322796713973456e-20,-3.7130722966385548e-20
14,54,-5.2205633945526657e-20,7.3778385857220479e-21
15,54,2.7658995658246839e-20,2.6399304192330517e-20
16,54,-8.9020628238220576e-13,-1.6042734696919755e-13
17,54,8.6948815942444586e-13,-1.0060587479087808e-13
18,54,2.0717987407168516e-14,2.6103301821938113e-13
19,54,5.791960537933176e-15,-5.3951451940428674e-14
20,54,2.7438093570737183e-14,-7.2799438775157284e-14
21,54,-3.3231796969951101e-14,1.2674254858572689e-13
22,54,1.8236857037181306e-14,-9.7000857321394271e-14
23,54,-2.4860811033140548e-13,7.0690083049957429e-14
24,54,2.3037400990750918e-13,2.630927213926242e-14
25,54,-8.3540683213181481e-14,3.0905405596354533e-14
26,54,-1.5300368635391399e-13,5.4408119506437742e-14
27,54,2.6334182457099317e-13,-1.1039215598741463e-13
28,54,-3.8784041620414263e-13,-3.515927272501344e-13
29,54,-4.5738580065712738e-13,2.9630363769007185e-13
30,54,-2.4994089379473645e-14,-6.8241353808017399e-14
31,54,1.0509611237014636e-12,-3.942731990277357e-13
32,54,-6.7405453876742057e-13,1.5111319940056654e-13
33,54,-4.5020292715471201e-13,-6.2988100161062093e-13
34,54,6.1600463923419814e-13,1.1639006798798522e-12
35,54,-8.7805426664280063e-14,4.5627285527033496e-14
36,54,9.084455453035104e-13,-7.3788002766304477e-13
37,54,2.7449295544430929e-13,-8.6474928683487915e-13
38,54,-5.5560088996655462e-13,2.0838368117791839e-14
39,54,2.130355822764184e-13,3.1228481003190279e-13
40,54,-1.1464355599676549e-13,-1.442725360871321e-12
41,54,1.5354339578241636e-12,1.2064950219791888e-12
42,54,-1.3765492138590775e-12,2.3476052257661829e-13
43,54,4.3315455265920622e-14,3.8953572602319542e-14
44,54,4.8650902637359305e-14,1.2555205867675663e-13
45,54,1.8806486747245094e-13,-2.2537705802820317e-14
46,54,-2.3351572707583727e-13,7.1211255489682329e-15
47,54,-4.9111189937844304e-13,-2.4992072795602526e-13
48,54,-3.1562593738070733e-13,-2.9905406928104647e-13
49,54,0.66033842901766859,-0.099513492468671735
50,54,0.6603384290189529,-0.099513492468115389
51,54,-47.409459700560447,3.5788710600560751
52,54,-0.66033842901860584,0.099513492468023879
53,54,-0.66033842901904105,0.099513492467610654
54,54,47.409459700564469,-3.5788710600546167
55,54,8.539603970523274e-13,-3.525356814845456e-13
56,54,-2.8613990149744487e-13,-3.7690593760153499e-13
57,54,1.128274066543243e-12,-2.2401596723188736e-13
58,54,-5.7990803675688594e-13,1.4585571447908416e-13
59,54,-6.8157458572362541e-13,-3.0874723945767719e-14
60,54,-1.366940563714669e-13,1.10684540348015e-12
61,54,-7.4872657795990479e-13,-2.0208566360673759e-13
62,54,-4.2403704101283743e-13,-1.4037680896558135e-13
63,54,9.060884295942178e-13,1.2585791229638512e-13
7,55,6.6547053657208078e-22,1.7602886230062172e-21
8,55,-1.7143890339187589e-22,3.5170612633287656e-23
9,55,-4.9877620598516962e-22,-1.7876498769657663e-21
10,55,3.0788737941155103e-19,7.826436577119843e-19
11,55,-5.1842382196986533e-19,-1.1168676057434864e-18
12,55,2.618292046495983e-19,3.6612047430153052e-19
13,55,5.7892192133625277e-20,-9.6760691568939498e-20
14,55,-1.5533404983383667e-19,-5.4523763482243836e-21
15,55,6.3789338139684474e-20,9.4246511511311624e-20
16,55,2.1461397228329913e-13,-4.313076001016293e-14
17,55,-1.8712520891079518e-13,8.7702517883091655e-14
18,55,-2.7489198922198297e-14,-4.4572335851989179e-14
19,55,6.0633374732420016e-14,1.910521780671818e-13
20,55,1.575796466217235e-14,2.9028604115031861e-13
21,55,-7.639792224893858e-14,-4.8136256801637274e-13
22,55,4.6624231004282219e-13,-3.4180453112865533e-13
23,55,-7.5342642495175333e-13,1.0691548732261664e-12
24,55,2.872046320058558e-13,-7.2733566712299211e-13
25,55,-3.1763175700000587e-13,-2.6509460562719628e-13
26,55,-8.1207463842235333e-14,4.3690261472352528e-14
27,55,3.4166784785112262e-13,1.9832083297444563e-13
28,55,-2.7789419059288398e-13,4.6932690422419317e-14
29,55,4.5466016743647187e-13,8.3016378012983653e-13
30,55,-2.1565856662507842e-13,5.5566229995655181e-13
31,55,-7.2916504293771892e-13,2.9151926323615216e-13
32,55,2.6716988773861972e-14,2.0716223576982599e-12
33,55,1.1529028904169778e-12,3.2488345194155314e-13
34,55,2.9820771734398016e-13,2.7161656480184558e-13
35,55,5.8402001750284012e-13,-1.089458177408828e-13
36,55,5.1142062409293175e-13,1.0967207749670227e-12
37,55,-4.8955116517499934e-13,-3.628826673378228e-13
38,55,5.5929805297136891e-13,9.8883601289215952e-13
39,55,5.2376971607052899e-14,8.4099954057119932e-13
40,55,3.251529876429549e-12,9.2990490534977739e-14
41,55,-2.1449296197251703e-13,1.0768237995777889e-12
42,55,1.0022397533318177e-12,-3.6101585803719205e-14
43,55,-1.5648137712155686e-13,-3.0373904919526846e-13
44,55,9.1237249918761525e-13,-6.3434388437889662e-13
45,55,-9.0401871805293417e-14,6.0222060887959038e-13
46,55,1.0386314664686714e-12,-2.6739341192642168e-14
47,55,1.2671708051574021e-13,-3.1527603738105687e-13
48,55,9.0504897536422774e-13,2.38955690138897e-13
49,55,-5.1591136681134602,1.0517676197957395
50,55,1.561644880821921,-0.45192841914108417
51,55,1.5616448808221572,-0.45192841914195103
52,55,2.9619436444654598e-13,3.0315281617438185e-13
53,55,5.7980550962064681e-14,4.044144996494166e-13
54,55,-1.824674803882364e-13,2.015688327823616e-13
55,55,20.778073519828475,-2.4106814445622402
56,55,-2.5107760521266949,0.63619025976020516
57,55,-2.5107760521265927,0.63619025975970156
58,55,-13.083937356634106,0.98768737406050422
59,55,0.18223845397093999,-0.027463470577618387
60,55,0.182238453971069,-0.027463470577624223
61,55,-2.5350224950817308,0.37122645070741855
62,55,0.76689271733291386,-0.15679837004133768
63,55,0.76689271733386244,-0.15679837004150118
7,56,-3.1267148661365902e-22,-8.6490530096582874e-22
8,56,8.3481108918265697e-23,-1.5986857117111265e-23
9,56,2.3142439412279057e-22,8.771460288440631e-22
10,56,-1.450768736101787e-19,-3.8436483863666541e-19
11,56,2.4565723391549081e-19,5.4903657704438084e-19
12,56,-1.2540655011522417e-19,-1.8060308147524827e-19
13,56,-4.6427527256337722e-20,6.7949950575755026e-20
14,56,1.0950979681273383e-19,6.3761632102986909e-21
15,56,-4.6743099453579606e-20,-7.0172326137720363e-20
16,56,4.4925445743762797e-13,-5.9434718621995192e-13
17,56,-2.2179039666381536e-13,7.172021203792001e-13
18,56,-2.2746385210049599e-13,-1.2285464886923954e-13
19,56,1.8861755275779725e-13,3.1262013387329235e-14
20,56,2.5294490493815227e-13,1.124002486813521e-13
21,56,-4.4155941215971328e-13,-1.436503253327404e-13
22,56,1.9762334743204337e-13,1.1843350677344342e-12
23,56,1.0692605059264035e-12,-1.097245841750712e-12
24,56,-1.2669040430609471e-12,-8.7091503718823132e-14
25,56,-1.1095466961723735e-12,-2.3712163439466062e-13
26,56,2.1997117470265224e-13,-2.1821132267345428e-13
27,56,9.0783365734209436e-13,3.9273560985437175e-13
28,56,-1.5526971201934889e-12,3.1870250672449797e-13
29,56,-1.0209275135007292e-12,-6.1557517304286185e-14
30,56,1.2410877006819238e-12,4.4127013650710869e-13
31,56,-5.9466679110821181e-13,-7.2037918143472849e-13
32,56,-2.2647830610208933e-12,-4.3899286867820338e-13
33,56,5.2326385092966087e-13,-1.9388350803491145e-13
34,56,-8.3875600919557296e-13,-1.7024416244300405e-12
35,56,-7.7710605768872351e-13,1.0465659886838976e-12
36,56,-3.2650571547605497e-13,2.0045736474990431e-13
37,56,-2.2027509874635474e-12,1.2884245195595552e-12
38,56,7.3062985513965099e-13,1.3866477632363107e-13
39,56,1.2603840250993598e-12,5.5291590983818196e-13
40,56,-1.495781319186128e-12,-1.703562856453512e-12
41,56,6.2485704924576652e-13,-2.2149072429206786e-13
42,56,1.5308045812749252e-12,2.0324596004569141e-12
43,56,-6.4195027606011555e-14,-2.202905947915561e-13
44,56,4.6171958295326276e-13,2.1534339617472309e-13
45,56,-3.2462222362101631e-13,9.1382516692091484e-13
46,56,1.4269206938370407e-12,6.7195301632004397e-14
47,56,-7.3307696022760905e-13,-2.6643055494866352e-13
48,56,3.2508925399401337e-13,4.3127186034437823e-13
49,56,1.5616448808215402,-0.45192841914115028
50,56,-5.1591136681107335,1.0517676197951629
51,56,1.5616448808213401,-0.45192841913957937
52,56,-4.6072249269307331e-13,2.2395034314887533e-13
53,56,2.5343610001264096e-13,3.742238959019625e-14
54,56,-1.260384393994485e-12,-5.1579306641796098e-13
55,56,-2.5107760521272127,0.63619025975991095
56,56,20.77807351982932,-2.4106814445611704
57,56,-2.5107760521267188,0.63619025976116728
58,56,0.18223845397103719,-0.027463470577838708
59,56,-13.083937356635174,0.98768737405998031
60,56,0.18223845397143637,-0.027463470577839294
61,56,0.76689271733336073,-0.15679837004116573
62,56,-2.5350224950807037,0.37122645070680782
63,56,0.76689271733425135,-0.15679837004074459
7,57,-3.4441631135595904e-22,-8.7564078352920855e-22
8,57,8.5820024010899874e-23,-1.8892904820608486e-23
9,57,2.6112531346209147e-22,8.9051320441701523e-22
10,57,-1.5909305184601338e-19,-3.890791115948445e-19
11,57,2.6655324062813614e-19,5.547029620623419e-19
12,57,-1.3329611139354976e-19,-1.8122434348795675e-19
13,57,-3.6253647699614013e-21,1.2836026819076138e-19
14,57,1.4042508407825982e-19,-7.9825599336177788e-20
15,57,-1.1997771942915479e-19,-4.4757377839122986e-20
16,57,-3.9587787239911788e-13,6.9011709000930189e-13
17,57,1.5458517084743783e-13,-7.3303552002848288e-13
18,57,2.4129292294691853e-13,4.2918715950570934e-14
19,57,-2.643037328066197e-13,-3.0684512803717195e-13
20,57,-2.5488511044693408e-13,-5.2757516191701982e-13
21,57,5.1919229207405498e-13,8.3443241232949163e-13
22,57,-3.1215547590969861e-13,5.843300498023602e-13
23,57,5.449046953438057e-13,-1.6234356194921732e-12
24,57,-2.3277341377473069e-13,1.0390971881934438e-12
25,57,7.5706635810206652e-13,-1.5126001582124344e-13
26,57,-3.2761369402948604e-13,2.6591242546283932e-13
27,57,-3.6506614347298954e-13,-1.8590313918495821e-13
28,57,2.2892223314728502e-13,-5.3168305831910563e-13
29,57,-5.5543134467287563e-13,-5.250327265704455e-13
30,57,-1.3111886221351547e-12,1.0283251411761231e-12
31,57,3.260359747631064e-14,1.1230152108533531e-12
32,57,2.2047383538676082e-12,-1.0888037547534976e-13
33,57,-1.3292251937155832e-13,1.7480955506493286e-12
34,57,3.8026256543510743e-13,6.988762502566337e-13
35,57,-1.4037548902021656e-12,-1.2523492449867592e-12
36,57,-4.4000319248582631e-13,6.9578409945429913e-13
37,57,-7.265726807108151e-13,-1.0027823649721616e-12
38,57,8.145766389246699e-13,-1.6970368441593477e-13
39,57,-7.186477391890413e-13,-1.1243892025514959e-13
40,57,-1.5192603713731026e-12,-2.3721845082456626e-12
41,57,1.3099679503768781e-12,2.4930872588459913e-12
42,57,-8.2894341326064654e-13,-2.5803678315010004e-12
43,57,-2.5722827131603807e-13,6.6296033424508117e-13
44,57,-9.0967951269399318e-14,-1.4276883515253146e-12
45,57,3.3385847945285362e-13,2.1277106665347093e-13
46,57,-9.1105891959370255e-13,-4.0084012582646269e-13
47,57,8.8480482681555533e-14,-1.4292661836781524e-13
48,57,1.8398364618191107e-12,9.4679759042064745e-14
49,57,1.5616448808198784,-0.45192841914007914
50,57,1.5616448808223002,-0.45192841914100484
51,57,-5.1591136681117442,1.0517676197946357
52,57,-1.6596498003132487e-13,7.5510731614034321e-14
53,57,-4.569090391417827e-14,4.8255379324573601e-14
54,57,2.0505147716006722e-13,-8.5279119143708689e-14
55,57,-2.510776052126964,0.63619025976040544
56,57,-2.5107760521273805,0.63619025976028665
57,57,20.778073519827402,-2.4106814445619396
58,57,0.18223845397131175,-0.027463470578054563
59,57,0.18223845397042113,-0.027463470578252654
60,57,-13.083937356635557,0.98768737405932172
61,57,0.76689271733363817,-0.15679837004114683
62,57,0.76689271733458009,-0.15679837004107325
63,57,-2.5350224950808404,0.37122645070798627
7,58,-1.7599047247872674e-25,4.2605813794000042e-26
8,58,9.0757129563769916e-26,2.6972285745797724e-26
9,58,5.8980203778481529e-26,3.7797186530639825e-26
10,58,-5.1210729124813984e-23,2.2981027982438524e-23
11,58,1.0114406338439735e-22,-4.6283309452061416e-23
12,58,-5.1209021928617283e-23,2.2144996630474939e-23
13,58,2.3890394737052854e-20,-1.8702144114089543e-20
14,58,-3.5812254266941094e-20,-1.0843793728322993e-20
15,58,1.1916637008838411e-20,2.9551373345577497e-20
16,58,5.2019429346468401e-15,2.2163490515531245e-13
17,58,-1.8441619762890375e-13,-2.2079075449153033e-13
18,58,1.7921425470320064e-13,-8.4415065046671003e-16
19,58,-6.3346545353816695e-15,4.6189273877811537e-14
20,58,-2.6704896586241418e-14,6.1281520787449863e-14
21,58,3.3039551594673986e-14,-1.0747079323131941e-13
22,58,-7.9959814027656444e-14,-4.8265123777654023e-13
23,58,-1.0830797372152841e-13,9.522562744201376e-13
24,58,1.882663831211201e-13,-4.6960407391192081e-13
25,58,-1.8939135035309069e-13,1.2993714858180987e-13
26,58,-2.0673800627044505e-14,-2.3756186506825627e-13
27,58,2.2034901614834212e-13,9.1868826220914666e-14
28,58,9.9138382133086472e-14,1.4144289620126223e-13
29,58,-5.3891153959027655e-14,-2.5516118689502257e-13
30,58,-9.8725848040972251e-15,4.7957169098492122e-13
31,58,-7.1233348006481239e-13,9.9377409449984342e-14
32,58,9.3738384153537738e-13,-1.2994885215530264e-12
33,58,-1.0066256031281802e-12,-5.8551381139775818e-13
34,58,-5.5153680433049281e-14,5.5302354127984061e-13
35,58,-4.9371151685532e-14,-1.7461534158497702e-12
36,58,-5.7556351708422014e-13,7.1864805524152169e-13
37,58,-7.0968144625868591e-13,2.786884022481282e-13
38,58,1.516760911048124e-13,1.4381220525898152e-13
39,58,-2.0078461448196917e-13,-1.2644567959864229e-13
40,58,-1.3137371100354335e-12,-1.6649868812199794e-13
41,58,2.5342665064536869e-13,3.3144593727012143e-13
42,58,-1.0460776070380054e-12,-6.2280880108439962e-13
43,58,-2.4928308521406981e-13,2.0935626353100729e-14
44,58,-9.0002034619746692e-14,-5.6378712465378868e-13
45,58,-6.7615466348814832e-14,3.8482549654534824e-13
46,58,-4.7978235395258587e-13,5.213190334148811e-13
47,58,7.744199883683859e-13,-2.1041275531240061e-13
48,58,-4.3013691475130806e-13,-2.3268312021479778e-13
49,58,4.2096017136457635e-13,-5.184664303851267e-13
50,58,-8.8272370878132486e-13,6.7781727028219232e-13
51,58,-8.2069120855555835e-13,4.181307296010703e-13
52,58,-8.523402718778155e-13,4.5457248440303005e-13
53,58,8.8671489536552248e-15,1.6916021435422405e-13
54,58,-1.817395463195143e-13,-2.0853905810400094e-13
55,58,-13.083937356634276,0.98768737405984885
56,58,0.18223845397148411,-0.027463470576787597
57,58,0.18223845397169369,-0.027463470577584029
58,58,13.083937356634237,-0.98768737406005158
59,58,-0.18223845397104377,0.027463470577774762
60,58,-0.18223845397151273,0.027463470577655302
61,58,-1.4080838240775266e-12,-1.9936419497217851e-13
62,58,1.0048978044087625e-13,4.5698798005012383e-13
63,58,1.7252466457300986e-13,2.6505382768904235e-13
7,59,8.3173112345581962e-26,2.4043140422130563e-25
8,59,-4.0879272945674982e-25,-4.8778769984502917e-25
9,59,1.2671428161979059e-25,7.8979831724554252e-26
10,59,5.9075934576730278e-23,1.6275360908162922e-22
11,59,-1.2291654284667191e-22,-2.3288524386757254e-22
12,59,6.6029320448557993e-23,7.2435570037085652e-23
13,59,1.2857544966784032e-20,-2.1953059469356692e-20
14,59,-3.1208086639764711e-20,2.5889810330236836e-21
15,59,1.8389510639936133e-20,1.9352751034763467e-20
16,59,4.5302766609082073e-13,-7.1098869091706371e-14
17,59,-4.1180974406641743e-13,2.4226167948590404e-13
18,59,-4.1217922032605945e-14,-1.7116281044043443e-13
19,59,7.0828649427003097e-14,5.7654339422852247e-14
20,59,7.7092033931520123e-14,1.0614967899721961e-13
21,59,-1.4792068362730863e-13,-1.6380402226046522e-13
22,59,-7.1769702431951804e-14,7.664160436344814e-14
23,59,7.1606695573277135e-13,2.2556715606993278e-13
24,59,-6.4428369425125365e-13,-3.0220581696966876e-13
25,59,3.015103765986476e-14,6.9552892688778552e-15
26,59,4.2727510225295524e-14,7.6753979964699513e-14
27,59,-1.1897988396369898e-13,-2.3308181105346151e-14
28,59,-2.3534081931130778e-13,-1.3778352969030735e-13
29,59,2.0913577116899664e-13,-2.5053420265198941e-14
30,59,5.329069689366852e-13,-3.1192737797545723e-13
31,59,2.5733322032013321e-13,2.6103622292933823e-13
32,59,1.9018093657271891e-13,-4.7734368539323608e-13
33,59,-3.3043881360314352e-13,2.5554272546288954e-13
34,59,5.5877038922699224e-13,-1.4735889303556648e-13
35,59,-4.6351015230493049e-13,5.7848740534020201e-13
36,59,3.0470672465052922e-13,-1.6254886997553803e-14
37,59,1.204772311406728e-12,-9.2297762254115404e-14
38,59,4.9686882105934732e-13,4.9537793096140673e-13
39,59,9.2366073885925035e-14,-3.0968893023939123e-14
40,59,6.1621694996412233e-14,7.3222537508221517e-13
41,59,-2.8028026012414191e-14,7.3820944962073893e-13
42,59,-1.5819286331117373e-12,2.0478875897781189e-13
43,59,2.2067985178097109e-13,3.2652444228960125e-14
44,59,-1.8163063404950606e-13,3.0202473976027619e-13
45,59,1.4441923559716929e-13,-1.8263095473595191e-13
46,59,-5.9292852123654746e-13,-3.2768038958683158e-13
47,59,-5.3436760127628254e-13,1.7737588512247196e-13
48,59,1.2400510734549601e-13,4.2335275638586152e-13
49,59,2.0448500880215832e-12,-9.3415989026039204e-13
50,59,-8.5096971213303654e-13,2.7069038075768122e-14
51,59,-6.1101517047746745e-13,1.8623242194959186e-14
52,59,8.4827610198276391e-13,9.3411880305632109e-14
53,59,9.4759212921414556e-13,-1.2508558827829792e-13
54,59,-1.8188625762362448e-16,-4.5481667681988689e-13
55,59,0.182238453971066,-0.027463470577883016
56,59,-13.083937356634602,0.98768737405957518
57,59,0.18223845397201646,-0.027463470577621444
58,59,-0.18223845397192129,0.027463470577067328
59,59,13.083937356636739,-0.98768737405967499
60,59,-0.18223845397227301,0.027463470578355409
61,59,1.6425235746740438e-13,-1.3617471814965856e-13
62,59,1.1317564855295918e-12,3.9797177946813284e-13
63,59,5.1812332887403388e-13,1.9529033108666173e-13
7,60,9.8980240583407055e-26,4.1633405755052725e-25
8,60,-3.2157934022735795e-25,-2.4160071164230147e-26
9,60,1.1446354360794414e-25,-2.6099070535226075e-25
10,60,2.5623636097636308e-23,2.3318851726534914e-23
11,60,-5.1891741811653052e-23,-3.3798246752691682e-23
12,60,2.647368845750607e-23,1.0536288673859034e-23
13,60,-2.2063189695524916e-20,2.6074221582574034e-21
14,60,1.8332644498003839e-20,2.0275894002865988e-20
15,60,3.7179587060908819e-21,-2.2892361512473939e-20
16,60,8.5301527496494109e-13,-3.9026023476096359e-13
17,60,-6.8996321737582951e-13,6.4039477798880307e-13
18,60,-1.6305205760803243e-13,-2.5013454323360833e-13
19,60,-9.4570630349277507e-15,1.1005119485228106e-14
20,60,-1.6756007214950383e-14,1.3044955265231657e-14
21,60,2.6213069006399819e-14,-2.4050075877875548e-14
22,60,-5.276704100367304e-13,-1.0060999619683218e-13
23,60,5.2022505080589471e-13,4.598915130140736e-13
24,60,7.4454968502348066e-15,-3.592837988559369e-13
25,60,-1.0510187384003421e-13,-1.1688500795787597e-13
26,60,1.9962883490696638e-13,2.2802763780479374e-14
27,60,-8.2064811861173138e-14,1.0229801787446101e-13
28,60,8.4897576819543963e-14,-1.4966249943582119e-13
29,60,2.6291876867350882e-13,1.6204931254389216e-14
30,60,-3.8331194685085563e-13,-7.1447995436885586e-13
31,60,-2.6699239111606404e-13,-1.9079374170754963e-13
32,60,-2.1626648081079379e-13,5.3508568082764627e-13
33,60,-2.6710292071375577e-13,8.4454619148698934e-13
34,60,-7.1431656512588967e-13,8.9198757467498818e-14
35,60,1.1144347007791791e-12,-4.4930789317752793e-13
36,60,-9.0266968885621436e-13,5.1496842208183663e-13
37,60,-3.5264973879052264e-13,-4.0853541841224891e-13
38,60,4.8671945021754008e-13,-1.2649824577478205e-13
39,60,-5.7033350251350507e-13,-3.3426647261512928e-13
40,60,-3.64804605229572e-13,-4.9627082594380867e-13
41,60,5.1057388727880829e-13,-8.7265537501181297e-13
42,60,-8.1220436325371452e-13,1.0613912812723247e-12
43,60,-4.4612847982975439e-13,-2.4266847605623178e-13
44,60,5.9758059243213741e-13,-2.6686720126257449e-15
45,60,-2.5304601292282181e-13,2.5313081145300721e-13
46,60,3.4664612717839894e-14,2.7385826236858876e-13
47,60,-7.2546109104220139e-13,-1.3798723506342124e-13
48,60,7.5107557888525251e-14,-3.1650415206105528e-14
49,60,-3.0633965837115619e-13,-3.9849687628593459e-13
50,60,9.5984826634411003e-14,1.0813299824173546e-12
51,60,-1.6113694274621987e-13,4.8203769277752985e-13
52,60,1.9362932426449769e-13,-1.6569281009329017e-13
53,60,-7.7882659518587384e-13,6.3854576452888928e-13
54,60,1.8051940971852117e-13,-5.3501672541010529e-13
55,60,0.18223845397153823,-0.027463470578111118
56,60,0.18223845397171309,-0.027463470577628653
57,60,-13.083937356635603,0.98768737405958795
58,60,-0.18223845397135996,0.027463470578630744
59,60,-0.18223845397077199,0.027463470577989035
60,60,13.083937356634692,-0.98768737405970342
61,60,-5.8445127749455391e-13,1.9178698489444149e-13
62,60,5.7503429750419302e-13,-2.3421195628771966e-13
63,60,4.0517309262703032e-13,1.7914007655837066e-13
7,61,-1.3361393556506569e-24,1.4274667772296684e-24
8,61,-7.7633993787287325e-25,-3.2268782475972916e-24
9,61,1.4995137561515017e-24,-2.3757855278328467e-25
10,61,-6.7572665811205112e-23,7.4651248131511235e-23
11,61,9.1539314262718864e-23,-1.2357319250469927e-22
12,61,-2.3157274470607058e-23,4.8374514951931751e-23
13,61,-8.9162986481261371e-21,1.448652347379954e-20
14,61,2.0952956914955758e-20,-1.3087874247492837e-21
15,61,-1.2044051683728056e-20,-1.3174141889801878e-20
16,61,1.0074592489150842e-12,5.2611133274237966e-13
17,61,-1.097228214152297e-12,-2.0797456285358486e-13
18,61,8.9768965241345515e-14,-3.1813676988363649e-13
19,61,-1.7832687329322998e-12,-9.2653547805282377e-14
20,61,-2.458225770170059e-12,-7.7961835841670301e-13
21,61,4.2414945031836184e-12,8.7227190622414876e-13
22,61,1.1507406543286846e-12,7.2727860500626308e-13
23,61,-4.4911361737807548e-12,-3.3662258655796834e-12
24,61,3.3403929194863082e-12,2.6389477112496677e-12
25,61,5.9387559127833543e-13,7.5118221918896119e-13
26,61,7.5486107448103513e-13,-1.3596411594885566e-13
27,61,-1.3455192153625248e-12,-6.3294449572308072e-13
28,61,-1.2161871975448349e-12,1.0349463788972539e-12
29,61,6.9186870948461781e-14,2.2388851113772634e-12
30,61,-2.2710585136657747e-12,1.4414879510241322e-12
31,61,1.4062022892892954e-12,1.8898040435345966e-12
32,61,4.736857792072323e-13,-5.8397345219357964e-13
33,61,7.0461108526134552e-13,-1.3201055749576615e-12
34,61,2.0280472300377514e-13,7.2371275367517136e-13
35,61,1.5375790159473919e-13,-1.7529921472989175e-13
36,61,6.5591058098370576e-14,-4.10105524511877e-13
37,61,-7.6046741115330544e-13,-9.0086436362741795e-13
38,61,-5.2386873177292309e-13,2.4375272532188607e-12
39,61,2.2716693140937543e-13,2.9939942619216237e-12
40,61,5.829196067036212e-13,1.0652017127581382e-12
41,61,6.5119326260817683e-13,2.8191619128625774e-14
42,61,2.5036670008243807e-12,4.6651862722479694e-12
43,61,1.9870675213970636e-13,-2.7294566662145293e-14
44,61,1.3710316129062862e-13,4.708351265868954e-14
45,61,-9.9032765032623989e-14,2.0922771339432792e-13
46,61,9.4881555414069696e-13,3.9291079901516812e-13
47,61,-9.346352951719546e-15,3.1524019759599806e-13
48,61,-2.7984490114799961e-13,-2.9339310399019477e-13
49,61,-1.5398020783308269e-13,8.686992670164837e-13
50,61,3.3754375789177529e-13,-2.0054678209325659e-13
51,61,6.2839585914660481e-13,8.8883350893742763e-14
52,61,1.8384008229426092e-13,-1.1807490775106536e-13
53,61,5.7186452011951719e-13,2.4159658601593004e-13
54,61,-1.7139672537181181e-13,2.0851268799861043e-13
55,61,-2.5350224950820621,0.3712264507080974
56,61,0.76689271733415143,-0.15679837004104399
57,61,0.76689271733457398,-0.1567983700421384
58,61,1.0121425126544984e-14,3.7149833067270753e-13
59,61,-1.6425227176945845e-12,-3.4863828663013526e-13
60,61,-2.1768090853487481e-13,-7.9290263728458816e-14
61,61,2.5350224950806961,-0.37122645070660631
62,61,-0.76689271733597408,0.15679837004174679
63,61,-0.76689271733463116,0.15679837004063346
7,62,5.0930579894869376e-25,-1.0769400140363287e-24
8,62,1.0764870577971464e-24,1.1155945526182031e-24
9,62,-8.4150454699677608e-25,6.7995856963184482e-25
10,62,-1.9585719214109099e-23,-5.4271821367407314e-23
11,62,3.8029498283055715e-23,8.049694622218365e-23
12,62,-1.8655407176821593e-23,-2.5223857979584414e-23
13,62,-5.1643998209619582e-21,7.3326248056654242e-21
14,62,1.1073340816682125e-20,-9.3155712601247757e-24
15,62,-5.9126529994333025e-21,-7.3256705986849208e-21
16,62,-5.4625940740356092e-13,-2.5522685162469022e-13
17,62,5.7745607708855441e-13,8.2091740506181166e-14
18,62,-3.1196669687601359e-14,1.7313511111808348e-13
19,62,8.876401660161351e-13,-3.8706907474294399e-13
20,62,1.3821623461396601e-12,-2.171973026844683e-13
21,62,-2.2698025120641466e-12,6.0426637753630018e-13
22,62,-9.9671207179468652e-13,2.3794357061843549e-13
23,62,3.4097428630055528e-12,5.9476266908958582e-13
24,62,-2.4130309551776777e-12,-8.3270751137081766e-13
25,62,-6.7007458838383341e-13,-2.648207268324905e-13
26,62,-4.7900200950011291e-13,8.1078517082612053e-14
27,62,1.1572512624535168e-12,1.8584115705997259e-13
28,62,4.9011549583379798e-13,-1.7804239829998393e-12
29,62,-6.0979417591698157e-13,-1.1107593367992918e-12
30,62,2.2711512200212397e-13,-1.3488782231953041e-13
31,62,-9.9627939333016618e-13,-9.3531519480872388e-13
32,62,-9.1841470012730969e-13,1.3581553246489026e-13
33,62,-1.9889501389192135e-13,3.9421016840749961e-13
34,62,6.9575371305884135e-13,-4.2976291537551694e-13
35,62,2.6044944363293481e-13,1.4351912810129331e-13
36,62,1.013861415985772e-13,5.0828803969086684e-13
37,62,8.923410394128686e-13,-1.4487176340492582e-13
38,62,-2.4055540901202514e-13,-9.4562032339323958e-13
39,62,-1.0643633131409614e-12,-1.1166915819638355e-12
40,62,1.4083164884120944e-13,-2.0899231675827299e-12
41,62,-1.6396461509092181e-12,4.9985468046600283e-13
42,62,-5.1494091207809563e-13,-1.4121069532782718e-12
43,62,-2.1876744666873852e-13,-4.2184274495063725e-14
44,62,1.672799813415058e-13,-2.0010704581688542e-13
45,62,1.0066357261132561e-14,2.5561071297336427e-14
46,62,2.9134204941864179e-13,9.1946732478353903e-15
47,62,1.1498844482426745e-12,1.9528948213217805e-13
48,62,8.8467788416922662e-13,4.2653903902930546e-13
49,62,-5.0579382581944215e-13,4.4288805113127347e-13
50,62,4.410443356262545e-13,4.2891963862526757e-14
51,62,-3.9465712884730575e-13,7.9553532317058838e-13
52,62,5.9443436868512672e-13,-4.315570422829093e-13
53,62,4.4009638007388906e-13,1.4012116225338464e-13
54,62,-8.8920525922373833e-13,-2.9124644994784296e-13
55,62,0.76689271733407693,-0.15679837004110025
56,62,-2.535022495080697,0.37122645070818627
57,62,0.76689271733369901,-0.15679837004088909
58,62,-7.6944820550168043e-13,2.5116133635252033e-13
59,62,-4.2575280666824333e-13,8.6055599440066831e-14
60,62,-1.9232670876711511e-13,-9.3957452294525437e-14
61,62,-0.7668927173349509,0.15679837004097541
62,62,2.5350224950807885,-0.37122645070748739
63,62,-0.76689271733452458,0.15679837004180541
7,63,6.3426543517734659e-25,-1.8978171866666561e-24
8,63,2.5229414712767827e-24,2.5071291837787233e-24
9,63,-1.6429863959557743e-24,1.0238948392434595e-24
10,63,3.5680605703114977e-23,-1.1658727496144817e-22
11,63,-3.6850457263213518e-23,1.8105608342580289e-22
12,63,7.598118949179738e-25,-6.4945516013103636e-23
13,63,3.0800347984680497e-21,1.5010738401731893e-20
14,63,1.2955926355169912e-20,-1.3769093950265298e-20
15,63,-1.6024331854101327e-20,-1.2265014838553963e-21
16,63,-1.6892613215563003e-12,4.2024649278523821e-13
17,63,1.4583888127585185e-12,-8.900314677450176e-13
18,63,2.3087250879449737e-13,4.6978497495563738e-13
19,63,1.6265756310705216e-12,-9.678039865899473e-13
20,63,2.627110895812173e-12,-7.5983393772984701e-13
21,63,-4.2536865265613941e-12,1.7276379239981075e-12
22,63,-1.7918036966402567e-12,-8.8025543763491861e-13
23,63,5.7626664592571108e-12,2.1913062573100953e-12
24,63,-3.9708616824716584e-12,-1.31104926478953e-12
25,63,-8.5937280841811663e-13,-1.0178669195773565e-12
26,63,-5.4600602623048341e-13,6.4133480894153747e-13
27,63,1.3928745311798862e-12,3.8124796848675538e-13
28,63,3.9550978130519242e-13,-2.5163352599709909e-12
29,63,-6.9474473637412361e-13,-2.0001874949709931e-12
30,63,7.7809062016219887e-13,-1.3874567263597476e-12
31,63,-8.5031753482938645e-13,-1.384050855815979e-12
32,63,7.0316177459833709e-13,1.2095249270338149e-12
33,63,-1.4690110872601314e-13,9.809281181608845e-13
34,63,1.0210274029166065e-14,-2.3805386056278672e-13
35,63,-2.0542095459477902e-13,-2.21783744495866e-15
36,63,3.775817792840361e-13,-2.867267780005086e-13
37,63,1.511719338625028e-12,-4.1476549434587325e-13
38,63,-4.9557743718537857e-14,-2.0490331363009637e-12
39,63,-2.3587783076506949e-12,-1.899716171242321e-12
40,63,-2.8561528974512358e-12,-3.4471019409475182e-14
41,63,4.8869558733264457e-13,2.7973955582749877e-12
42,63,-2.4806761153881807e-12,-3.4417397288083622e-12
43,63,1.2300344102841137e-13,-3.0711014514400287e-13
44,63,-1.1025669743304499e-13,1.6731045057806402e-13
45,63,-1.3261152586968403e-13,-1.3106002561327202e-13
46,63,3.0498605091949559e-14,2.1738099256400622e-13
47,63,4.6820998995913745e-13,2.7325430009989804e-13
48,63,-7.5929241846513248e-13,2.1479587170140904e-13
49,63,-7.0943568234715965e-13,-1.4231012800504758e-14
50,63,1.224539785933632e-13,8.2430750905138888e-14
51,63,7.0271757979913518e-14,-3.1770188551593145e-13
52,63,-3.5653696989389338e-13,-4.1391919967391844e-14
53,63,4.1722472306698515e-13,-4.8633179849192159e-14
54,63,5.8649757399946203e-13,3.6946617257550374e-13
55,63,0.76689271733454401,-0.15679837004111574
56,63,0.76689271733447084,-0.15679837004128264
57,63,-2.5350224950804496,0.37122645070710036
58,63,-1.7377092380716815e-13,-1.5667058742437297e-13
59,63,-8.0908263866007813e-13,4.4269231845863096e-13
60,63,-1.0118501557370487e-12,-9.1929281662411692e-14
61,63,-0.7668927173351392,0.15679837004150654
62,63,-0.76689271733355113,0.15679837004144881
63,63,2.5350224950805753,-0.37122645070702909
