row,col,g,b
1,1,75.283204580691802,-33154.616144732798
2,1,25.2619970418896,82.798738098797998
3,1,24.9216693694238,63.4749891939517
19,1,-71.989564381074203,31704.1016883999
20,1,-24.156784670660301,-79.176293307449697
21,1,-23.831346334540299,-60.697958416771101
1,2,25.2619970418877,82.798738098802801
2,2,76.778321620394607,-33159.551842671899
3,2,25.642454870026501,69.891442011639896
19,2,-24.1567846713588,-79.176293306518303
20,2,-73.419270051177605,31708.8214495555
21,2,-24.5205974696437,-66.833691423991695
1,3,24.921669369423501,63.474989193952197
2,3,25.6424548700294,69.891442011643207
3,3,75.954692041101197,-33156.6819075737
19,3,-23.8313463346567,-60.697958416771101
20,3,-24.520597469760101,-66.833691423293203
21,3,-72.631674264557702,31706.077074117999
4,4,17.290522865022702,-35.852477546646099
5,4,-8.3987076733158403,12.307236982893601
6,4,-3.0306826744253899,7.9942845420856603
19,4,-7.4102240850097401,15.365347706042799
20,4,3.5994461457067901,-5.2745301955677597
21,4,1.2988640033251699,-3.4261219694921801
64,4,-9.8802987800129891,20.4871302747237
65,4,4.7992615276090502,-7.0327069274236704
66,4,1.7318186711002199,-4.5681626259895696
4,5,-8.3987076733158403,12.307236982893601
5,5,19.334741232383703,-37.152480907172404
6,5,-5.1445595065962619,9.7570263734012279
7,5,-6.8032261872554383e-16,3.0574518129935554e-16
8,5,-4.0989040445256984e-16,1.1688957295602971e-16
9,5,4.4646941071317487e-16,-1.4800070974660181e-15
10,5,-8.3619944371716284e-15,8.8100859868995316e-15
11,5,-3.7406496893633835e-15,1.2217411417771031e-15
14,5,1.3547771587293395e-14,2.0181684446039281e-14
15,5,-6.1459072755428178e-16,3.702148511092756e-15
16,5,-6.4437075224003525e-16,-6.0377956673241487e-16
17,5,-2.7519647927038487e-17,2.7534709300243304e-15
18,5,1.3495100522303079e-15,-1.7358994521042068e-15
19,5,3.5994461457067901,-5.2745301955677597
20,5,-8.2863176710215605,15.9224920874498
21,5,2.2048112171126801,-4.1815827696250398
28,5,2.3212849542440737e-15,1.3368789720959507e-14
29,5,-9.9955092190833806e-15,-1.6416959583168901e-14
30,5,-6.0173044394414176e-16,5.3270156158482546e-15
34,5,-9.0256545494692309e-15,1.4098606390522487e-14
35,5,-1.9867417002888601e-15,8.5133418323336613e-15
36,5,-3.2403243836455958e-15,5.3133629907137735e-15
37,5,-8.7277415573873738e-15,2.1264064057483537e-15
38,5,-8.272523667963845e-15,1.1567145112506138e-14
42,5,-1.3465088771452747e-25,-8.2714460015216105e-24
43,5,-8.5751992156954655e-25,-7.4392235290397208e-24
44,5,1.0981806212195427e-24,1.8017539107885409e-23
45,5,9.7740058521960249e-26,-1.4041798568131619e-24
46,5,8.1699627322048539e-26,-9.2062376768640275e-25
47,5,1.4147433349356796e-26,3.0928936057177033e-24
57,5,1.9543909518155611e-27,1.6962506249748732e-26
58,5,2.2189257687792276e-25,9.971253420414623e-27
59,5,1.0088101361185905e-25,1.2127577075124589e-25
60,5,1.9000258947909292e-39,4.3214556762586178e-39
61,5,2.3442635050065257e-39,4.4816428289502202e-39
62,5,6.335597366873435e-39,2.175426529315283e-38
63,5,-1.7847384654188929e-38,-4.20542642273651e-39
64,5,4.7992615276090502,-7.0327069274236802
65,5,-11.0484235613621,21.2299894499331
66,5,2.93974828948358,-5.5754436928333897
67,5,2.6700735511731669e-39,5.9059680458422359e-39
68,5,3.2520133819882268e-39,6.2166428983216553e-39
69,5,8.6762073800605819e-39,2.989117172446597e-38
70,5,5.2888120171300266e-56,-9.3286266202639578e-56
71,5,2.140235091570073e-15,-7.0004910596987408e-16
73,5,3.0569788080852384e-41,-2.6583934041585588e-41
74,5,2.0433739298638287e-41,1.038028386696521e-40
75,5,9.8912221071130987e-41,-1.527838306899844e-41
76,5,-5.2646238073062329e-16,6.4652800510283703e-16
77,5,-4.123877895050403e-16,-5.1091191238192429e-16
78,5,-1.6248236297817807e-15,9.5483904688436933e-17
4,6,-3.0306826744253899,7.9942845420856603
5,6,-5.1445595065962673,9.7570263734012332
6,6,15.534027665522324,-34.600823200513368
7,6,7.0015128733461367e-20,-7.0312976694812935e-20
8,6,9.3479330340590683e-19,9.6582330014718142e-19
9,6,5.3817885737117394e-19,5.2784585994091027e-19
10,6,3.4222539752848202e-15,1.0436391654919129e-14
11,6,1.4564727511406298e-15,4.4234740539589751e-15
14,6,7.0044888520093133e-16,-2.9776975003956854e-15
15,6,-2.6558191205562353e-15,2.7162333094770544e-15
16,6,2.136052685810228e-15,4.2057371958870276e-15
17,6,-1.1675580307431968e-15,1.3249646115657665e-15
18,6,1.8783469931112012e-16,1.9818219482643766e-16
19,6,1.2988640033251699,-3.4261219694921801
20,6,2.2048112171126801,-4.1815827696250398
21,6,-6.6574404280809496,14.8289248394757
28,6,-6.3369514890420959e-16,-1.6232091782045286e-14
29,6,2.9505625787977498e-14,4.2645056647497366e-14
30,6,2.754411030722378e-15,-2.6415037299821944e-15
34,6,4.1254806835594414e-15,-1.1418909691371505e-14
35,6,2.8861434754071912e-15,-1.2630386554876568e-14
36,6,8.4137112271600153e-15,1.094944980113409e-14
37,6,3.2864065406195662e-15,1.0558553281499194e-14
38,6,-1.2583954029777872e-14,4.0498122261802526e-14
42,6,1.3055381446102025e-14,1.8343658426433159e-14
43,6,1.0278988081524168e-14,-1.1060652131513556e-14
44,6,-2.1283857029678249e-14,-7.667641057852857e-15
45,6,4.9358198364353687e-16,-3.131472481338223e-16
46,6,1.338174672472591e-15,-2.2160793818291267e-15
47,6,-1.8689861617352084e-15,-1.8831814042480561e-17
57,6,-1.2654430255927167e-15,-8.9956069678055278e-16
58,6,-8.4946554329536525e-16,5.9770541967004131e-16
59,6,-1.3532179775059791e-15,-6.9347504357740688e-16
60,6,-1.0553066294764787e-30,-1.2497134159374717e-30
61,6,1.261851498980377e-32,2.3691751843181873e-30
62,6,1.3057308934389963e-30,-6.2468367503775915e-31
63,6,-1.5868761928632237e-28,6.8553488239052541e-29
64,6,1.7318186711002199,-4.5681626259895696
65,6,2.93974828948358,-5.5754436928333897
66,6,-8.8765872374412709,19.771899785967602
67,6,-1.4947621087074982e-30,-1.6383083956147886e-30
68,6,-4.8534669211644061e-31,3.4549748388678441e-30
69,6,1.639445142223556e-30,-7.7384404852652822e-31
70,6,2.5968683479157871e-45,2.0271966448222722e-45
71,6,-2.6468395690376007e-17,2.3843855382456363e-16
73,6,6.416895346781557e-31,4.1718540780144766e-31
74,6,-1.5467230698539345e-30,-4.8638595518256925e-31
75,6,-6.2481951566142407e-31,5.7138372201064095e-31
76,6,-1.1988348397179084e-29,3.1303398970471459e-30
77,6,-5.9761967012750965e-30,-2.2005300160149534e-29
78,6,2.8997069453722481e-29,9.4791430081475888e-30
5,7,7.9651665590965167e-16,-2.4634666201631118e-16
6,7,-1.3756382945858884e-18,-4.9661060257076336e-18
7,7,12.952647567832667,-27.000900913823735
8,7,-2.0781823726341218,5.4817947528102273
9,7,-3.5276979211010566,6.6905319304590884
10,7,-2.3007427428883216,3.2746227291175485
11,7,5.0043964915586492e-15,1.6808946171647096e-15
14,7,2.0954979684654176e-15,6.5993687292593432e-15
15,7,9.2293891567678878e-16,-1.2065213911632936e-16
16,7,2.8840758158892041e-16,-4.359898620334512e-17
17,7,7.5407939503763737e-16,-1.0207258214259378e-16
18,7,-1.9768571723875988e-15,6.0465691741446051e-15
28,7,-7.9753516606885251e-16,8.2002274123560118e-16
29,7,-2.7293529723731939e-16,-3.4367178327534969e-16
30,7,-1.4731866590147488e-16,1.8467151127156344e-16
31,7,-10.6519046849295,23.726279743161101
32,7,2.0781824053202702,-5.4817951511874803
33,7,3.5276979473802998,-6.6905324314000598
34,7,-1.7732844210127035e-16,7.2162811908545432e-17
35,7,-4.8076404025083536e-17,7.8995893912300491e-17
36,7,1.5464484345475323e-15,8.6174304558055753e-15
37,7,3.0311649836337194e-15,-1.1354564285331444e-14
38,7,-4.810710343417996e-17,1.1931583626349284e-14
42,7,2.4997258052024202e-30,4.5462998232649823e-29
43,7,-7.5363005550676639e-30,3.0380711492187965e-29
44,7,6.0460632777499252e-31,-8.9152372090234632e-29
45,7,-2.3520108275185859e-32,6.6098787509830149e-30
46,7,-1.412848786933957e-30,4.55605285214221e-30
47,7,2.7359421972120705e-31,-1.5294826833278905e-29
57,7,6.8658266261985268e-32,2.4373909821793027e-31
58,7,-5.561056125461305e-31,-2.8922537666544703e-31
59,7,-8.4561366128242314e-31,-5.6764105770710037e-31
60,7,4.2688036616487124e-44,-5.5360380788894569e-44
61,7,4.2557393296188936e-44,-5.7996810491841622e-44
62,7,-9.4340671928827103e-44,-6.074421211060863e-44
63,7,-3.4086979093085707e-42,1.8077034249540969e-42
67,7,5.8447958012648201e-44,-7.611014529717313e-44
68,7,5.8474546552208952e-44,-7.9903274508872974e-44
69,7,-1.2957551143906725e-43,-8.3434174714011453e-44
70,7,4.2471811235227084e-63,6.8824633118379739e-61
71,7,-3.9158463688185709e-15,-3.9183545668057537e-16
73,7,-9.9755860823481803e-47,1.9696301251538415e-46
74,7,-2.1255748249926696e-47,-4.9162463022721258e-46
75,7,-4.4378038488682358e-46,-8.7921058637640657e-47
76,7,-1.5276378230571722e-15,-1.4377527947753829e-14
77,7,-8.4457185105664295e-15,6.8610703755564309e-15
78,7,6.1784118637192999e-15,7.8666738503870201e-16
5,8,2.6399967999238632e-15,1.9925116778248985e-15
6,8,7.0086718999428409e-17,-2.0886823635362725e-17
7,8,-2.0781823726341178,5.4817947528102211
8,8,11.856358536015909,-24.584553400082878
9,8,-5.7591138331308906,8.439247622426354
10,8,-3.2686170173268358e-08,1.3521087112596496e-07
11,8,-1.1947602000479777e-14,-2.807853564119254e-15
14,8,-1.4101545846095573e-14,2.4387633788178207e-14
15,8,2.4677588830620156e-15,8.3944392574621841e-15
16,8,8.2353661258069217e-16,2.6120318806361059e-15
17,8,2.0523986275634444e-15,6.8494177823262289e-15
18,8,4.157619005120381e-15,1.1519998844955547e-14
28,8,1.1959848298450806e-14,-1.1197372616923774e-14
29,8,-1.8272185692002067e-15,-8.7812626090537658e-15
30,8,-5.7484250508400741e-16,-1.134016009508982e-16
31,8,2.0781824053202702,-5.4817951511874803
32,8,-11.8563585360156,24.584556329668398
33,8,5.7591138331308596,-8.4392483129084095
34,8,-1.26982761110009e-15,-2.7496144605547949e-15
35,8,-1.3417527924886233e-15,-9.2071656267982531e-16
36,8,-6.6150331037953952e-14,3.1734573757570647e-14
37,8,1.0317201687352295e-13,-1.6600419988913109e-14
38,8,-6.3300075118753175e-14,9.9488813940618091e-15
42,8,-3.9943447270895816e-28,1.1236236720661737e-28
43,8,-2.8950678202996479e-28,-5.7379402979962379e-29
44,8,8.0864551720001146e-28,-1.308202190114632e-28
45,8,-5.9989173269237431e-29,1.4016683254687408e-29
46,8,-4.2448511913299459e-29,-8.9739870643953181e-30
47,8,1.3933142559799012e-28,-2.3531002507276961e-29
57,8,-2.5460091756286698e-30,1.7843525817081918e-30
58,8,2.072492668738937e-30,-4.7028861096197415e-30
59,8,4.1221967098146069e-30,-9.9379382392360417e-30
60,8,8.0011451442860916e-43,5.8747121981801123e-43
61,8,8.4101849385016369e-43,5.8884782731779826e-43
62,8,8.3242034390180328e-43,-1.3703124442992273e-42
63,8,-2.7229690999455151e-41,-4.7703986301608835e-41
67,8,1.100362200844167e-42,8.0502749450688604e-43
68,8,1.1573660668342061e-42,8.0914278827357783e-43
69,8,1.143737108991792e-42,-1.882791344831337e-42
70,8,-7.5257472675751719e-60,5.0957896705709657e-61
71,8,1.0508105925270256e-14,-5.2894166235616193e-16
73,8,-1.515790343450512e-45,-1.9360423713303286e-45
74,8,5.0120945083436797e-45,-1.1914519535585751e-45
75,8,7.4768740219231096e-46,-4.3955805387525895e-45
76,8,-2.8457805101844315e-15,-8.4903717075376981e-16
77,8,-7.955189970922926e-15,3.3239902843574812e-15
78,8,-1.1456425174712825e-14,-1.5869732579553742e-14
5,9,-7.892100686254681e-16,-4.753537501945924e-16
6,9,3.9456400635163584e-17,-1.3886780434470191e-17
7,9,-3.5276979211010548,6.6905319304591035
8,9,-5.7591138331308596,8.4392476224263859
9,9,13.258108273634683,-25.475983851228932
10,9,-2.6279262737449242e-08,6.2016173060205073e-08
11,9,-6.3204126449430277e-16,-7.2910780849256993e-15
14,9,-3.7783525406934486e-16,1.301137690347949e-14
15,9,2.8146842960725801e-15,5.6050561965032852e-15
16,9,9.1670772726742317e-16,1.7368290616419736e-15
17,9,2.3244484187510179e-15,4.5710146538120915e-15
18,9,-2.4466786804195667e-15,1.7167532325573268e-14
28,9,9.840694695181274e-16,-4.4326233968024486e-15
29,9,-2.0363276515101035e-15,-4.1753558073888184e-15
30,9,-3.2156423235922538e-17,-4.8227623964278811e-16
31,9,3.5276979473802998,-6.6905324314000598
32,9,5.7591138331308596,-8.4392483129084095
33,9,-13.2581082736345,25.475987339919701
34,9,-1.172821510687534e-15,-1.4138177500275971e-15
35,9,-1.0666715896844964e-15,-4.0357128498976915e-16
36,9,-3.8688999830668578e-14,2.1774083765191252e-14
37,9,6.4254529897258449e-14,-2.3115244672804892e-14
38,9,-4.4306186129110486e-14,8.4625638899061572e-15
42,9,-2.4839636273847126e-28,6.2514343003117296e-29
43,9,-1.8526620338616188e-28,-3.6463221669790292e-29
44,9,5.0526009638484993e-28,-7.1431413056194313e-29
45,9,-3.7359814791145433e-29,7.08501775030471e-30
46,9,-2.7139109828643902e-29,-5.7073325775491884e-30
47,9,8.6782919635933492e-29,-1.2199797432014192e-29
57,9,-1.5614760278376347e-30,1.3038348699521018e-30
58,9,2.007036739898474e-31,-3.8817464906953535e-30
59,9,1.5403836014617407e-30,-7.3871682467156973e-30
60,9,4.7386537564058317e-43,3.1418202735892795e-43
61,9,4.9547548620611558e-43,3.1436255885996355e-43
62,9,4.4271046875300968e-43,-8.047985708135095e-43
63,9,-1.686107618668965e-41,-2.6697408268915115e-41
67,9,6.5119493568148644e-43,4.3044356342930074e-43
68,9,6.8190821150684914e-43,4.3148448418581306e-43
69,9,6.083830042663559e-43,-1.1054165726072865e-42
70,9,-5.002183473637826e-60,1.0413075473084149e-60
71,9,-2.5799576909122236e-15,-3.1116810294122279e-15
73,9,-1.2792817628846854e-45,-9.7319142081085276e-46
74,9,3.0189538988385213e-45,-1.4293422470657536e-45
75,9,-4.6819389108962301e-46,-2.7533000116792487e-45
76,9,6.8014435322710048e-15,-1.6737185761186928e-14
77,9,-8.3584794613279e-16,1.3079368953357153e-14
78,9,-2.1483398147983929e-15,-1.04433907928935e-14
5,10,-6.3816682345394959e-15,-5.2621641649682361e-15
6,10,3.3472534916349303e-15,3.4022014198263087e-15
7,10,-2.3007427428883265,3.2746227291175432
8,10,-3.2686153566822277e-08,1.3521086994659742e-07
9,10,-2.6279265937096189e-08,6.2016164738746829e-08
10,10,4.0733794446901346,-5.0716629744106587
11,10,-1.7726368418165823,1.7970422292202712
14,10,-2.2651506237691743e-14,2.1222365063040652e-14
15,10,7.5817094340984848e-16,3.8685002284505884e-15
16,10,3.0039265416052026e-16,1.1767223769571884e-15
17,10,5.5197649420578784e-16,3.2090845996812127e-15
18,10,9.5917691824499119e-15,1.2855341611558138e-14
28,10,8.2875464183034854e-15,8.5365030219006791e-15
29,10,-9.6329422409430685e-15,-8.5849972948999836e-16
30,10,6.1673758979560807e-15,-5.3374497875096237e-15
34,10,-6.9280498257795358e-16,1.6852302849317571e-14
35,10,7.617270830359666e-15,-8.068407271064366e-15
36,10,-9.9151685973503464e-15,1.732105338873776e-14
37,10,4.1098784720326892e-14,-5.4720439187654853e-16
38,10,-4.2778235089270868e-14,2.5241780332222936e-14
42,10,-8.7965635188693413e-23,3.5411121310840639e-22
43,10,-4.4128711053211875e-23,2.2356427515051451e-22
44,10,1.6339068039023784e-22,-7.2977509280029369e-22
45,10,-2.4441640690212316e-23,4.158359237530582e-23
46,10,-3.2756566483214437e-23,2.7219850589773931e-23
47,10,3.8142468586168822e-23,-9.751006335638649e-23
57,10,-8.1517423833607202e-24,1.4935884135003231e-23
58,10,-7.2003281879547835e-23,-5.3873418474138377e-23
59,10,-6.2979778415751428e-23,-8.1219621017303104e-23
60,10,5.9437417312493724e-38,-6.7516762187983318e-38
61,10,-3.9082930938600869e-38,-4.2564956977329094e-39
62,10,1.4409054855602185e-37,-8.491892029027502e-39
63,10,-6.8198493523806741e-36,-6.278568322599815e-36
67,10,5.6618005703193271e-38,-8.3334481963914821e-38
68,10,-5.481660256215221e-38,-3.5466023447680897e-38
69,10,2.0883151684565029e-37,7.505128911214985e-39
70,10,-2.6534026631980848e-53,4.6945065134091293e-53
71,10,-5.4480645411164689e-15,1.3765279721246221e-14
73,10,-1.8780787851609422e-38,1.2788802690953608e-38
74,10,3.4978459005607892e-40,-4.382175802285745e-38
75,10,-5.1727211553887756e-38,-2.118513170778576e-39
76,10,-7.5190775480412991e-16,-1.5748101920144405e-15
77,10,-3.7362178771441005e-15,1.7373515858610997e-15
78,10,1.6068117939667929e-16,-2.1311534224280388e-16
5,11,-5.1817101863380875e-15,-5.6694532976184574e-15
6,11,1.1529192970034899e-15,1.2039062548546819e-15
7,11,-6.0377757038237061e-16,-2.7277101233441836e-15
8,11,6.44805215462958e-15,6.8403298083743735e-15
9,11,1.0199058782264764e-14,2.99961637133008e-16
10,11,-1.7726368418165648,1.7970422292202783
11,11,1.772636841816623,-1.7970414660939014
14,11,-1.520322276662721e-15,1.5998351272358123e-15
15,11,3.0462820934716551e-17,-3.1496140638538547e-17
16,11,-4.1411168106760836e-17,-4.8139164906593537e-18
17,11,8.3218999300890099e-18,-4.4254378868710863e-17
18,11,8.5609608495998464e-15,3.9987509080160917e-15
28,11,4.1218252714568859e-15,-5.9802268404959252e-16
29,11,-1.6028504900065096e-15,1.657020752747111e-15
30,11,2.4994890354972767e-15,-2.9665734934674375e-15
34,11,-3.0529459437395217e-15,2.9930842700318926e-15
35,11,3.3253536757841155e-15,-6.0441364367817436e-15
36,11,1.1995029319781566e-14,4.0359802832457797e-15
37,11,-2.8766282060882722e-15,2.3390572761315873e-15
38,11,-1.2892413198889458e-14,1.3361827546301292e-14
42,11,-3.8822331791757988e-23,1.5628233975631717e-22
43,11,-1.9475519329453993e-23,9.866718028922421e-23
44,11,7.2110039043665881e-23,-3.2207665677107667e-22
45,11,-1.0786972734562243e-23,1.835237716233212e-23
46,11,-1.4456659680929061e-23,1.2013130115105042e-23
47,11,1.6833625642828297e-23,-4.3034795293376054e-23
57,11,-3.597660436288609e-24,6.5917519541499216e-24
58,11,-3.1777680756292988e-23,-2.3776308542067966e-23
59,11,-2.7795281633944229e-23,-3.5845185612000699e-23
60,11,2.6226650485031913e-38,-2.9796216978402067e-38
61,11,-1.7254838527615606e-38,-1.8763492289179792e-39
62,11,6.352558612351197e-38,-3.7279691778191648e-39
63,11,-3.0101092638895305e-36,-2.7712469233131725e-36
67,11,2.4980370519290505e-38,-3.6776630238918754e-38
68,11,-2.4200975378499796e-38,-1.5649430384914032e-38
69,11,9.207307726342531e-38,3.3395310235900108e-39
70,11,-1.1710434187544542e-53,2.0718573507761324e-53
71,11,2.2052963747534218e-15,6.4020908204117315e-15
73,11,-8.288648331311488e-39,5.6441666320413494e-39
74,11,1.5437104578899055e-40,-1.9340144116010993e-38
75,11,-2.2829109692341194e-38,-9.349764859355121e-40
76,11,-2.864127170697144e-16,-4.0698987616873162e-15
77,11,-3.4014989689097718e-16,1.0862446106721123e-15
78,11,9.9270841992163515e-16,3.0293796827960346e-15
12,12,2964103.53191124,-6146167.2895428203
13,12,-1439784.3265436201,2109821.13836793
14,12,-519549.07833474799,1370455.91330728
22,12,-2964089.6340039,6146139.08241711
23,12,1439778.4582827201,-2109812.0782271
24,12,519545.60133006697,-1370448.7877968701
28,12,-4.01760856776803,7.7199961636120404
29,12,1.0689993779940301,-2.0274340701212301
30,12,1.7451860100396599,-2.5573479736086102
70,12,-9.8802987800129891,20.4871302747237
71,12,4.7992615276090502,-7.0327069274236704
72,12,1.7318186711002199,-4.5681626259895696
12,13,-1439784.3265436201,2109821.1383679402
13,13,3314541.34468209,-6369025.2547504399
14,13,-881928.05634560704,1672640.34444365
22,13,1439778.4582827201,-2109812.0782271
23,13,-3314527.0684086201,6368996.83497993
24,13,881924.48684507399,-1672633.1078500201
28,13,1.0689993779940301,-2.0274340701212301
29,13,-3.2278499045241,7.18978174035185
30,13,0.62975224403644403,-1.66115004581439
70,13,4.7992615276090502,-7.0327069274236802
71,13,-11.0484235613621,21.2299894499331
72,13,2.93974828948358,-5.5754436928333897
5,14,-7.9411324213976486e-15,-1.2785668893620605e-14
6,14,-1.8159346165477667e-14,1.9445817484825359e-15
7,14,2.4933645303794061e-15,1.6255699211025855e-15
8,14,-2.1905693423276941e-14,-9.5001361987560986e-15
9,14,-4.1779666766856965e-15,4.2355667114692315e-15
10,14,1.6595978940080916e-16,-2.948937854012979e-15
11,14,3.708982690061517e-15,-1.3844405671642081e-14
12,14,-519549.07833474799,1370455.91330728
13,14,-881928.05634560704,1672640.34444365
14,14,2662988.6406555343,-5931597.1575539662
15,14,-7.8478992898886727e-16,-1.7593130552121458e-15
16,14,7.0233984221790839e-16,-3.4730162590719001e-15
17,14,-1.4725870689757468e-15,3.7977887786432341e-16
18,14,-1.5962224476029003e-14,-4.983009289308026e-15
22,14,519545.60133006697,-1370448.7877968701
23,14,881924.48684507399,-1672633.1078500201
24,14,-2662976.17123238,5931569.9357902799
28,14,1.7451860100396717,-2.5573479736086107
29,14,0.62975224403643548,-1.6611500458143715
30,14,-3.5928359200047129,7.449865554444977
34,14,1.6063073572880176e-14,7.30804278916364e-15
35,14,2.1792616591322152e-14,-1.5553483717246858e-15
36,14,-1.0515223311155773e-14,-2.7458540027732861e-14
37,14,2.8667689008270814e-14,1.4697881155775703e-14
38,14,-1.0466864059785352e-14,-1.3854284222554675e-14
42,14,-4.1378622115199459e-16,-2.1564855587538147e-16
43,14,-2.6332706609453732e-16,-1.2159880355259935e-16
44,14,8.2969595514966268e-16,4.0174239119266944e-16
45,14,-4.8582300015127607e-17,-4.0911620889983961e-17
46,14,-2.9890052327603158e-17,-4.1200785993767756e-17
47,14,1.1823531843444573e-16,7.5386525010429678e-17
57,14,-1.0747647217022374e-17,-7.4373378774953877e-18
58,14,5.5403927468830417e-17,-4.7601074398844255e-17
59,14,7.361161542977663e-17,-3.5237452490018096e-17
60,14,4.112800407600769e-32,5.6156768623500161e-32
61,14,1.0066994261275799e-32,-3.0354498808625485e-32
62,14,-1.8317341717689499e-32,1.1168167592948262e-31
63,14,6.0543386091117791e-30,-4.1593308076973253e-30
67,14,5.4082883113303537e-32,5.5590980617943049e-32
68,14,3.7031214447490275e-32,-3.7205465766127184e-32
69,14,-4.2013287363779368e-32,1.5886975924152772e-31
70,14,1.7318186711002199,-4.5681626259895696
71,14,2.939748289483588,-5.5754436928333666
72,14,-8.8765872374412709,19.771899785967602
73,14,-7.1430443978891539e-33,-1.7170070029348647e-32
74,14,3.4193555542580016e-32,7.0767476557789908e-33
75,14,1.032148055172206e-32,-3.9250620527832492e-32
76,14,-3.1189414078517802e-15,1.6563382492636772e-17
77,14,1.21016209658204e-15,2.0211401630387824e-15
78,14,3.6875513702503768e-16,-3.9592662184475809e-15
5,15,-2.6788293292167805e-15,-7.6810185894355225e-15
6,15,-1.861315877170064e-15,1.7334904354191003e-15
7,15,3.1441939388969149e-20,-6.1087050442518732e-20
8,15,8.1969764013501355e-19,4.4119509539630586e-19
9,15,4.6597220214258119e-19,2.3544740321172806e-19
10,15,-3.0055685466899809e-17,1.5267301407720533e-16
11,15,6.7480637005359225e-17,9.4409187249028538e-17
14,15,-7.9828493160537589e-15,6.3305405247152461e-15
15,15,2964094.058156664,-6146148.7036070703
16,15,-1439780.2145728548,2109815.0324431318
17,15,-519546.40948146791,1370450.974521826
18,15,1.5444337758090004e-16,8.1862554406054443e-17
28,15,-2964089.6340039,6146139.08241711
29,15,1439778.4582827201,-2109812.0782271
30,15,519545.60133006697,-1370448.7877968701
34,15,-2.1084507356756183e-16,-2.8528353311263582e-15
35,15,-1.0039226853772203e-14,8.9038724860198698e-16
36,15,-4.4241527592982575,9.6211907392004345
37,15,1.7562901183857695,-2.954216136191619
38,15,0.80815140037613087,-2.1867250058332988
42,15,3.5979124657639326e-15,-2.8879037365005866e-15
43,15,1.0759555395045964e-15,-5.6993470457189634e-15
44,15,-1.6523646947643343e-16,2.9149417385350156e-15
45,15,1.4792304968959703e-16,-2.4744927764732839e-16
46,15,8.7006492806898741e-16,1.7244913953464484e-16
47,15,1.6322941308077717e-15,3.0755917860713987e-16
57,15,3.8902066158647406e-16,-9.5179168445398571e-17
58,15,1.7548036846578293e-16,-8.7754221076887174e-17
59,15,2.2475276251114508e-16,1.5501868184297545e-16
60,15,-5.0440560416537455e-26,4.3248818615654494e-25
61,15,-4.086614434465572e-26,4.8132649625403289e-25
62,15,-4.4729542663525898e-25,2.0302286912981719e-24
63,15,1.0604840516147388e-24,-9.8199036415111591e-25
67,15,-6.9356032306367549e-26,5.9467162680362911e-25
68,15,-5.6191005220598405e-26,6.6182369780706659e-25
69,15,-6.1503096392191266e-25,2.7915640304340019e-24
70,15,-3.1101927554731267e-46,-1.2054946678289061e-46
71,15,5.8448632893513109e-16,-3.432382487492173e-16
73,15,1.7618795213011428e-31,-4.3943717650981975e-31
74,15,-1.2104510375433397e-31,-6.0014375456939203e-33
75,15,3.0349314362014676e-32,4.6989720996377598e-31
76,15,1.0241954971285076e-28,-3.4264597193028178e-29
77,15,-1.3900444268317614e-28,1.7089540750276277e-28
78,15,3.3256442130625936e-29,-5.1749470014248828e-29
5,16,-2.8058531129204939e-15,6.235764311977325e-15
6,16,1.2787897861558799e-15,-3.3914815470262166e-15
7,16,-1.2079072860582314e-20,1.6452049267257361e-20
8,16,-2.1990537552745632e-19,-1.6770585956304557e-19
9,16,-1.2573956548192612e-19,-9.0836079677953475e-20
10,16,1.4424063407508517e-17,4.1579676312167452e-17
11,16,1.0086809323346684e-18,8.405938082604255e-17
14,16,-8.7621765025998187e-15,7.4958736955272464e-15
15,16,-1439780.2145728548,2109815.0324431318
16,16,3314532.324940044,-6369007.0168155124
17,16,-881926.42073274218,1672636.2021962763
18,16,-4.0644746853878639e-17,-2.8304035035298894e-17
28,16,1439778.4582827201,-2109812.0782271
29,16,-3314527.0684086201,6368996.83497993
30,16,881924.48684507399,-1672633.1078500201
34,16,-1.1358952300205069e-15,-7.9318710614664339e-15
35,16,-5.1745418531597085e-15,-1.2099923053465258e-14
36,16,1.7562901224197109,-2.9542161478918749
37,16,-5.2565314221853487,10.181836504142906
38,16,1.9338876725060687,-3.0943463890334058
42,16,7.9191416134447726e-16,9.7386755779841874e-15
43,16,4.4145291295374503e-16,8.708498374119273e-16
44,16,2.2377749260942203e-15,3.2400999273252747e-16
45,16,1.3402907517590521e-15,1.4092716380088593e-15
46,16,-3.7485378175882542e-16,1.5563714691869378e-15
47,16,1.6609643967822021e-15,2.3818994138612509e-16
57,16,5.4373567219439768e-16,4.1099856571246405e-16
58,16,-1.1506313111183451e-16,2.0911077322945887e-15
59,16,3.5662232676127253e-16,-7.1723441552277853e-16
60,16,-1.1209794386039044e-25,1.0145771046481705e-24
61,16,-8.8954915326884769e-26,1.1289340803724246e-24
62,16,-1.0198201077485946e-24,4.7659244349900889e-24
63,16,2.1515472478296955e-24,-2.1341488299338806e-24
67,16,-1.5413530961706012e-25,1.3950446952474665e-24
68,16,-1.223131568245124e-25,1.5522843644187653e-24
69,16,-1.4022521076832133e-24,6.5531451608290593e-24
70,16,-2.4799266942705839e-46,5.8887650049481712e-46
71,16,1.9598807300167043e-17,-9.2615773818328196e-17
73,16,5.9207134874826015e-31,-9.4609148279571162e-31
74,16,-3.4522194943266768e-31,2.0197884668705885e-32
75,16,-5.8717994183793512e-31,8.7789582687905935e-31
76,16,2.397115256705291e-28,-7.7999335916768128e-29
77,16,-3.6545190070733208e-28,3.6828431351322755e-28
78,16,1.1658591500127207e-28,-7.5404981099692426e-29
5,17,6.0322444861621289e-16,1.547954218760473e-15
6,17,-1.3073401302337817e-15,-5.3144415227814227e-15
7,17,1.6697797902118573e-20,8.2791622438041896e-21
8,17,-1.162876899391194e-19,2.2423311407034707e-19
9,17,-6.1963236883607086e-20,1.2742009813828394e-19
10,17,4.8307815992530014e-17,7.4700759059222502e-17
11,17,1.1497247156221938e-16,1.1736005039969666e-16
14,17,6.5600904985076976e-16,1.1463710914957058e-15
15,17,-519546.40948146791,1370450.974521826
16,17,-881926.42073274218,1672636.2021962763
17,17,2662980.6912697651,-5931579.6257857215
18,17,-2.143422813188267e-17,4.0495477319966509e-17
28,17,519545.60133006697,-1370448.7877968701
29,17,881924.48684507399,-1672633.1078500201
30,17,-2662976.17123238,5931569.9357902799
34,17,-3.7177328747134242e-15,4.7927692834906228e-15
35,17,2.6142330765532069e-15,6.3811521253516951e-15
36,17,0.80815140427075705,-2.1867250095541828
37,17,1.933887685932812,-3.0943464184438589
38,17,-4.5200373912741174,9.6899958273359115
42,17,3.4122639083028496e-16,-5.6813471164176476e-16
43,17,-1.8937892861300233e-16,-1.999460029168698e-17
44,17,1.658142335143566e-16,2.2750932286981523e-16
45,17,-4.0189606015036352e-17,-1.4108874890491702e-16
46,17,8.7845954215015682e-17,4.1025826291669554e-17
47,17,-7.6946786955463354e-17,-1.7142881267070523e-16
57,17,-7.9489554589766141e-17,-1.4365347865594815e-16
58,17,-5.1295626763300403e-17,1.7350090036589962e-16
59,17,-4.840673582127919e-17,-1.0317167723470792e-16
60,17,3.752399105050629e-26,-3.4892636568737089e-26
61,17,4.0393657929957977e-26,-3.9998375118805323e-26
62,17,1.950176501842446e-25,-1.4773689065704885e-25
63,17,-1.5118289754160654e-25,8.6904981736867628e-27
67,17,5.1595510184058474e-26,-4.7977325110871609e-26
68,17,5.5541233683691197e-26,-5.4997757166418114e-26
69,17,2.6814923096050628e-25,-2.0313823152760228e-25
70,17,-1.6115150670631503e-47,8.3787266141239435e-47
71,17,3.5716716477308324e-16,-5.1473132136384224e-16
73,17,-7.2158221698616743e-32,3.7059321562364456e-32
74,17,-8.2479855551037136e-32,-7.0978768556662535e-32
75,17,1.2008206320910283e-32,1.2043732084216337e-32
76,17,1.7591142420491593e-30,-1.1427167820064408e-29
77,17,3.1614179208973587e-29,-5.3121563082368514e-30
78,17,-2.5127801038525482e-29,9.4486526293269818e-30
5,18,-3.5921222696929786e-15,1.1721901970479411e-15
6,18,7.0136500723982057e-16,3.5246749256709823e-16
7,18,-6.5096413400839137e-16,-2.4591131309921599e-15
8,18,7.550619002406394e-15,2.0774943326282084e-14
9,18,1.8691076795951849e-14,-4.0329035543314608e-15
10,18,8.8183114479601582e-16,-2.8051365515735254e-15
11,18,-1.5082086517000017e-15,-1.9830463028031885e-15
14,18,-1.1401203640940802e-14,-2.1686215316888268e-15
15,18,-1.9359624259871009e-17,1.5628323922235887e-16
16,18,-5.7308932818234768e-17,1.7406461244906869e-17
17,18,6.5037912847575257e-17,-1.7697944996259912e-17
18,18,3.4859655064809054,-3.5400529856697815
28,18,1.3841423327591669e-15,8.5254785267142043e-15
29,18,1.2289558495907924e-14,-6.2380454616292325e-15
30,18,-3.4852262797968765e-15,3.1101342699301301e-15
34,18,-1.1630347343365244e-15,2.4942921174527131e-15
35,18,-2.5640607197817817e-15,1.2171305793896483e-15
36,18,8.1435539599200044e-15,6.9692292333659425e-15
37,18,1.2779142615775227e-14,-7.3622398709426165e-16
38,18,-1.2084220034367845e-14,6.3852845069461888e-15
42,18,5.3091419859119071e-29,2.9157230780797079e-29
43,18,1.4489315061534085e-29,4.3689174861443346e-30
44,18,-8.1484024354806504e-29,-3.5356029392626477e-29
45,18,4.7547686882340091e-30,4.4511282941714465e-30
46,18,6.4862990452950413e-30,1.4902686702498252e-30
47,18,-1.4047334428606093e-29,-6.7505247992245836e-30
57,18,-1.7328292243606063e-30,-2.5918361491316972e-30
58,18,-1.5664828181592659e-30,-3.0600908876859256e-30
59,18,4.3648568313216352e-30,4.2379710547141116e-30
60,18,9.0313240214437881e-31,-1.8504779714396184e-30
61,18,6.4647297583985777e-31,-2.3610817951289495e-30
62,18,3.1434875490949835e-30,4.4383695573822341e-30
63,18,1.7666807415501459e-31,4.1997567460390192e-30
67,18,-5.2117326127587526e-15,1.7364904524412092e-15
68,18,2.060056352436192e-16,-1.4068442644612644e-15
69,18,3.8783632957914732e-15,2.0518304535045224e-15
70,18,-3.4643135466250441,3.5180658879315674
71,18,6.3112430633284785e-15,4.3252536925210669e-15
73,18,-1.9889142489680295e-16,-2.4849574986795131e-16
74,18,5.2143999543484503e-16,2.5039233102953235e-16
75,18,-2.9466177913057511e-16,-6.8170268670754706e-18
76,18,-2.1329832733708977e-15,1.403964144250557e-15
77,18,3.5988929848591361e-15,-1.753213912514068e-15
78,18,-1.144264365409105e-15,1.9102576657415472e-16
1,19,-71.989564380286495,31704.1016884007
2,19,-24.156784671306902,-79.176293306975595
3,19,-23.831346334511501,-60.697958416716297
4,19,-7.4102240850097401,15.365347706042799
5,19,3.5994461457067901,-5.2745301955677597
6,19,1.2988640033251699,-3.4261219694921801
19,19,76.250245024450095,-30332.4125869907
20,19,19.5004791954998,80.986860590521204
21,19,21.4898609290249,61.4685446750373
1,20,-24.1567846713051,-79.176293306980099
2,20,-73.419270049502302,31708.821449554998
3,20,-24.5205974694628,-66.833691423630697
4,20,3.5994461457067901,-5.2745301955677597
5,20,-8.2863176710215605,15.9224920874498
6,20,2.2048112171126801,-4.1815827696250398
19,20,19.500479196198299,80.986860589589895
20,20,78.493494657333898,-30337.483002963501
21,20,21.2430101131322,68.091300142696099
1,21,-23.831346334511199,-60.697958416716801
2,21,-24.520597469465699,-66.833691423633795
3,21,-72.631674264303001,31706.0770741173
4,21,1.2988640033251699,-3.4261219694921801
5,21,2.2048112171126801,-4.1815827696250398
6,21,-6.6574404280809496,14.8289248394757
19,21,21.489860929199502,61.4685446750373
20,21,21.243010113248602,68.091300142230494
21,21,76.111478943377705,-30333.7651267285
12,22,-2964089.6340039,6146139.08241711
13,22,1439778.4582827201,-2109812.0782271
14,22,519545.60133006697,-1370448.7877968701
22,22,2964097.0442279801,-6146154.4477645596
23,22,-1439782.0577288601,2109817.3527572202
24,22,-519546.90019407001,1370452.21391881
39,22,-7.4102240850097401,15.365347706042799
40,22,3.5994461457067901,-5.2745301955677597
41,22,1.2988640033251699,-3.4261219694921801
12,23,1439778.4582827201,-2109812.0782271
13,23,-3314527.0684086201,6368996.83497993
14,23,881924.48684507399,-1672633.1078500201
22,23,-1439782.0577288601,2109817.3527572202
23,23,3314535.3547262899,-6369012.7574717598
24,23,-881926.69165629102,1672637.2894327301
39,23,3.5994461457067901,-5.2745301955677597
40,23,-8.2863176710215605,15.9224920874498
41,23,2.2048112171126801,-4.1815827696250398
12,24,519545.60133006697,-1370448.7877968701
13,24,881924.48684507399,-1672633.1078500201
14,24,-2662976.17123238,5931569.9357902799
22,24,-519546.90019407001,1370452.21391881
23,24,-881926.69165629102,1672637.2894327301
24,24,2662982.82867281,-5931584.7647148799
39,24,1.2988640033251699,-3.4261219694921801
40,24,2.2048112171126801,-4.1815827696250398
41,24,-6.6574404280809496,14.8289248394757
25,25,2964098.9094634699,-6146158.4580188897
26,25,-1439780.0085509501,2109816.1998614101
27,25,-519550.00119731401,1370455.3000528701
45,25,-2964089.6340039,6146139.08241711
46,25,1439778.4582827201,-2109812.0782271
47,25,519545.60133006697,-1370448.7877968701
60,25,-8.8116865897931707,18.4068219239199
61,25,1.54057905537397,-4.0958741203328399
62,25,4.2623713949900202,-6.3087480744762097
25,26,-1439780.0085509501,2109816.1998614101
26,26,3314534.6976019898,-6369013.9294195799
27,26,-881927.06580944697,1672638.04336255
45,26,1439778.4582827201,-2109812.0782271
46,26,-3314527.0684086201,6368996.83497993
47,26,881924.48684507399,-1672633.1078500201
60,26,1.47275482022946,-3.9155526181819602
61,26,-7.5815109057749703,16.987599608685699
62,26,2.49837173672339,-4.7812778128038103
25,27,-519550.00119731401,1370455.3000528701
26,27,-881927.06580944697,1672638.04336255
27,27,2662986.14416327,-5931589.2472298099
45,27,519545.60133006697,-1370448.7877968701
46,27,881924.48684507399,-1672633.1078500201
47,27,-2662976.17123238,5931569.9357902799
60,27,4.1798738841102603,-6.1866432730286904
61,27,2.5628458460550898,-4.9046656273126796
62,27,-9.6612768007434298,18.707957274977201
5,28,-1.9795260201181691e-14,1.8438684385973171e-14
6,28,-7.1409838184956924e-15,1.0264618292125086e-14
7,28,2.6319683125545982e-15,4.5060150416496025e-16
8,28,-9.400832216754282e-15,5.2239189431472806e-15
9,28,-5.3711253045651375e-15,7.7293927605324853e-15
10,28,-8.3373682266625736e-15,-6.5146152835938359e-15
11,28,-3.2447119906418344e-15,-1.9954327713432941e-15
12,28,-4.01760856776803,7.7199961636120404
13,28,1.0689993779940301,-2.0274340701212301
14,28,1.7451860100396295,-2.5573479736086129
15,28,-2964089.6340039,6146139.08241711
16,28,1439778.4582827201,-2109812.0782271
17,28,519545.60133006697,-1370448.7877968701
18,28,4.7189646593313414e-15,-1.2855729224967361e-14
28,28,2964096.0229454068,-6146151.7019295795
29,28,-1439779.5272820666,2109814.1056604572
30,28,-519548.50773061777,1370453.314009168
34,28,-2.3713329733753858,4.8995187027108331
35,28,1.1684721601085508,-1.9811702616274824
36,28,4.2231859939611227e-14,9.1812940091075985e-15
37,28,1.6151393662442958e-14,2.9894200011031349e-14
38,28,-2.8873786029767232e-14,-3.8967492995609825e-14
42,28,4.323226974027768e-15,5.6415251189992354e-15
43,28,-3.8175252987173867e-15,3.250654978511339e-15
44,28,-9.2678694518824822e-16,-9.1211510674529457e-15
45,28,-1.4772709721214105e-16,8.2843469805466632e-16
46,28,7.0779957918998309e-16,1.6802348977555032e-16
47,28,-2.5222753016077676e-16,-1.5577514896950489e-15
57,28,-4.6502015905557923e-17,1.7299098981871675e-16
58,28,4.5113366029689434e-16,-6.2809431832431422e-17
59,28,2.9203976476138205e-17,4.773332752035773e-16
60,28,-7.2716865487751887e-31,2.4278792078160887e-31
61,28,2.0641289170553938e-32,2.6099117175008354e-31
62,28,-9.0504881967120014e-31,-2.185337330336025e-31
63,28,2.4596728366920407e-29,5.0422998553143849e-29
67,28,-7.5178377464701599e-31,2.4395532242002223e-31
68,28,9.4396054440435854e-34,5.7351842174921021e-31
69,28,-1.3689760827332445e-30,-2.4220196540055248e-31
70,28,1.7902848275514402e-46,-4.0510399419999007e-46
71,28,3.9373350792065845e-15,-2.0721540363098681e-15
73,28,9.5680342411073703e-32,-8.6562671425217596e-32
74,28,-2.2482902844475337e-31,8.6899091122330481e-32
75,28,4.4128765022675975e-31,2.5834981158743899e-31
76,28,-6.8119447044888761e-16,-1.0527011649283877e-15
77,28,-1.5494505200850044e-15,2.0969756531477948e-15
78,28,1.4005736986484408e-15,-1.1410644522216777e-15
5,29,7.5149656293270558e-15,-5.4352892360549083e-15
6,29,3.5801752035546749e-15,-2.4851363003710679e-14
7,29,-4.4898878466938834e-16,-1.1735819805040999e-15
8,29,1.6051173138475168e-14,6.7083401365641895e-17
9,29,6.8051936712655244e-15,-3.244715869374365e-16
10,29,4.7702613996943512e-15,7.3961492233445756e-15
11,29,6.2640519950291422e-15,7.6204658965304538e-15
12,29,1.0689993779940301,-2.0274340701212301
13,29,-3.2278499045241,7.18978174035185
14,29,0.62975224403648344,-1.6611500458143738
15,29,1439778.4582827201,-2109812.0782271
16,29,-3314527.0684086201,6368996.83497993
17,29,881924.48684507399,-1672633.1078500201
18,29,1.3543536784495111e-14,1.1405729430302546e-14
28,29,-1439779.5272820666,2109814.1056604572
29,29,3314530.2962585227,-6369004.0247584516
30,29,-881925.11659733322,1672634.7689995633
34,29,-2.3765264518901307e-08,1.3136385388983845e-07
35,29,1.5465387189510662e-08,1.4825635712910465e-07
36,29,-3.1072291595852407e-14,2.5978419563636075e-14
37,29,-1.023434152668344e-13,6.2886108248953916e-14
38,29,1.5136351142918122e-14,3.0657087924292968e-14
42,29,-8.2822364532342408e-14,-1.2186747988792825e-13
43,29,-4.6505611656451742e-14,-7.4823474073522098e-14
44,29,1.4880097574379611e-13,2.2119171329242339e-13
45,29,-8.7783833843107595e-15,-1.9253771097278918e-14
46,29,-8.127316025027915e-15,-1.2333301620140165e-14
47,29,2.4111928944472754e-14,3.981032120280343e-14
57,29,-1.5754458852861507e-16,1.9881118187518428e-16
58,29,-2.4981138533815633e-16,1.1489264924896507e-16
59,29,2.8655659339619434e-16,-5.2954855331749247e-16
60,29,6.465693553219573e-31,-9.2252043772731677e-31
61,29,2.2277633834210833e-31,-7.2676391959063618e-31
62,29,1.0194132770633129e-30,-3.9667724667454999e-32
63,29,-2.6122805525916663e-29,-1.0491478636665582e-29
67,29,7.4402015668620844e-31,-1.2935505785959557e-30
68,29,4.1520570940693168e-31,-1.1995391785106087e-30
69,29,1.7107659302263579e-30,-1.3587375651163887e-31
70,29,-4.8452917877214237e-46,4.3664535144872469e-46
71,29,-9.0599671552226687e-15,-1.398394283731492e-14
73,29,-3.5029378218216679e-31,-1.026370348425898e-31
74,29,5.8638839578948795e-31,-1.7094894845864583e-31
75,29,-9.602537067040112e-31,-3.9925425800175432e-31
76,29,4.4798973350394862e-16,1.3193507582398079e-15
77,29,1.6027907247280716e-16,-2.0182535523705355e-15
78,29,4.5669210205796914e-16,3.1354035665969244e-16
5,30,2.5938267216972031e-15,3.6451726506588396e-15
6,30,-9.1527230859424146e-15,-5.3668044271439539e-15
7,30,-1.0088477403294126e-15,-2.9829021439686355e-16
8,30,2.9673741609846151e-15,-2.0675365272821197e-15
9,30,2.7784069485568053e-15,-4.1400851573524259e-16
10,30,7.4669337790156942e-15,-7.0553790351049738e-15
11,30,1.5533963794017589e-15,3.2703762086577244e-15
12,30,1.7451860100396599,-2.5573479736086102
13,30,0.62975224403644403,-1.66115004581439
14,30,-3.592835920004736,7.4498655544449699
15,30,519545.60133006697,-1370448.7877968701
16,30,881924.48684507399,-1672633.1078500201
17,30,-2662976.17123238,5931569.9357902799
18,30,-3.7472415002378434e-15,-1.0109598783446958e-14
28,30,-519548.50773061777,1370453.314009168
29,30,-881925.11659733322,1672634.7689995633
30,30,2662982.0512987883,-5931582.2330075493
34,30,1.1612145723637712,-1.9688648353528706
35,30,-2.3015256939871747,4.8776496652226671
36,30,3.0780465792075552e-14,-4.236660436400918e-14
37,30,5.238711214463891e-15,7.6835857855091756e-15
38,30,-3.7950155484130655e-14,-2.3461039210722773e-14
42,30,3.3195910367514848e-15,-2.062779436061866e-15
43,30,-7.713275040374174e-15,2.3387584809186723e-15
44,30,4.45478879139322e-15,4.0581270871163995e-15
45,30,-7.8619057438514027e-16,1.8782517010287088e-16
46,30,7.0920312013292237e-16,-1.5714041640005596e-16
47,30,5.171669448455747e-16,5.1339143247867392e-16
57,30,-2.0481977660437023e-16,-5.4568264597118958e-16
58,30,4.1290785653869221e-16,-2.5371110832332193e-16
59,30,1.406224341245963e-15,-6.6854987149150721e-16
60,30,1.1698894039480911e-30,1.3863973799634153e-30
61,30,3.5275390344619074e-31,1.4346420388111816e-31
62,30,5.096605209556036e-31,2.4443095764300956e-30
63,30,1.2527774716455223e-28,-6.4023149576101369e-29
67,30,1.5440668175218671e-30,1.8248333188308224e-30
68,30,7.281067337847979e-31,8.1571526609585415e-32
69,30,4.7021480677083114e-31,3.2985311205505578e-30
70,30,-5.5451250803452991e-46,-4.548576068361833e-46
71,30,-4.253598935857759e-15,-3.3737296283607042e-15
73,30,5.9169439621649527e-32,-1.58074253514616e-31
74,30,6.0480290021209694e-31,3.5231050293444325e-31
75,30,1.8449822969562783e-31,-5.3460184585060082e-31
76,30,6.9363943061435962e-16,-2.677592612377389e-16
77,30,-4.4105373640348744e-16,7.8416217116500281e-16
78,30,-4.1376039197771637e-16,-3.4558670693259233e-16
7,31,-10.6519046849295,23.726279743161101
8,31,2.0781824053202702,-5.4817951511874803
9,31,3.5276979473802998,-6.6905324314000598
31,31,2964100.2859085798,-6146162.8086967003
32,31,-1439780.53646512,2109817.5600222298
33,31,-519549.12902801402,1370455.4783292699
76,31,-2964089.6340039,6146139.08241711
77,31,1439778.4582827201,-2109812.0782271
78,31,519545.60133006697,-1370448.7877968701
7,32,2.0781824053202702,-5.4817951511874803
8,32,-11.8563585360156,24.584556329668398
9,32,5.7591138331308596,-8.4392483129084095
31,32,-1439780.53646512,2109817.56002224
32,32,3314538.9247671599,-6369021.41953611
33,32,-881930.24595890695,1672641.5470982799
76,32,1439778.4582827201,-2109812.0782271
77,32,-3314527.0684086201,6368996.83497993
78,32,881924.48684507399,-1672633.1078500201
7,33,3.5276979473802998,-6.6905324314000598
8,33,5.7591138331308596,-8.4392483129084095
9,33,-13.2581082736345,25.475987339919701
31,33,-519549.12902801402,1370455.4783292699
32,33,-881930.24595890695,1672641.5470982799
33,33,2662989.4293406499,-5931595.41177746
76,33,519545.60133006697,-1370448.7877968701
77,33,881924.48684507399,-1672633.1078500201
78,33,-2662976.17123238,5931569.9357902799
5,34,-1.0756322503979612e-14,-7.5702101570537619e-15
6,34,-1.7451975931836585e-14,-6.0927241450893079e-15
7,34,2.4628848725135872e-16,4.49931819031589e-17
8,34,6.2857197281741013e-16,1.6563181053974918e-15
9,34,2.2075841751722113e-16,1.0749223044646288e-15
10,34,6.5831648055526564e-15,-8.0522631037852661e-15
11,34,2.1416274813406349e-15,-1.0073418006947509e-16
14,34,-1.5942366422858484e-14,1.5838412336905107e-14
15,34,-4.8502163862114785e-14,-4.7468796467171179e-14
16,34,-5.2519626384789882e-14,-1.9143742203660532e-14
17,34,4.5061010486494768e-14,9.4156843156455661e-14
18,34,-1.293818400983644e-15,5.2124596403126873e-16
28,34,-2.3713329733754454,4.8995187027108456
29,34,-2.3765194962644825e-08,1.3136387454296559e-07
30,34,1.1612145723637597,-1.9688648353528653
34,34,2.3713330058951474,-4.8995163500039922
35,34,-1.1684721915067433,1.9811697149352021
36,34,-1.1338148359014525e-13,-1.0156216359460741e-13
37,34,3.897737782462829e-15,6.4249599972079114e-15
38,34,-2.1597792190233947e-16,1.5567415016259492e-13
42,34,-3.0491417332561879e-14,-6.130419424943011e-14
43,34,-2.3689946351461841e-14,-5.7875427197740089e-14
44,34,7.1709132958419321e-14,9.6513311958399042e-14
45,34,-4.6167235271480603e-15,-9.5636690298798356e-15
46,34,-6.6856761997181663e-16,-8.2054687985135232e-15
47,34,1.3743029055814781e-14,1.7370297682618642e-14
57,34,3.9613977276327868e-16,1.2831660745676999e-15
58,34,1.3226312069789083e-16,-3.6682373647352865e-16
59,34,8.9026305104048667e-16,6.4194359372140002e-16
60,34,-1.6068742697425197e-30,-1.3161006323903094e-31
61,34,-1.4195567634843882e-30,1.2746815179097846e-30
62,34,-1.1033946404561523e-30,1.4182081515526856e-30
63,34,-1.5243983696755789e-29,2.1324841656632045e-28
67,34,-1.5722160038949105e-30,-5.0465679433213303e-31
68,34,-1.9602326560324225e-30,2.4046384068212942e-30
69,34,-1.1164277824392518e-30,1.9218210434811013e-30
70,34,-1.6155424263968821e-45,-8.7596883082988892e-46
71,34,-2.1189988775300242e-15,-8.0039133090369631e-15
73,34,-1.5263074393876838e-31,-4.7613364480552213e-31
74,34,4.738871134788582e-31,2.6892432079816088e-31
75,34,1.8624007812725515e-31,9.6700899361878698e-31
76,34,2.9850729896551195e-16,1.5928725217148647e-16
77,34,-1.4275080610764724e-16,2.7485149102926281e-16
78,34,-7.4829507263821728e-17,-2.4280982509368988e-16
5,35,9.1881531229690747e-15,7.9408710166635568e-15
6,35,-2.2943073902895192e-14,5.3409311136531174e-15
7,35,-5.6427382992497321e-16,-2.0652408531519658e-16
8,35,2.3032464578442502e-15,-2.3411419623506411e-15
9,35,1.236519906958347e-15,-1.6036658285164049e-15
10,35,2.2360395250404871e-15,-4.2553295978082112e-15
11,35,3.3003296892733354e-15,6.9659334424329592e-15
14,35,-1.7523042418095209e-14,-1.1271394695052579e-14
15,35,1.1206556931802052e-14,3.9400063909303105e-14
16,35,-2.5167567862642606e-14,6.6476405732935206e-14
17,35,-2.4359961497638425e-14,-8.3369998291326562e-14
18,35,-3.1548862640113022e-15,-4.5386152580245499e-15
28,35,1.168472160108557,-1.9811702616274964
29,35,1.5465449701558732e-08,1.4825633211068872e-07
30,35,-2.3015256939871849,4.8776496652226795
34,35,-1.1684721915078642,1.9811697149345697
35,35,2.3159102454988982,-4.9081323423006182
36,35,7.8000127230297142e-14,-9.5129983011765388e-15
37,35,-1.1232675242619941e-13,8.7982365621842193e-14
38,35,-1.0476663902730845e-15,-1.2548075561698246e-13
42,35,-3.7159893681913047e-14,-6.6096851584961587e-14
43,35,-1.71624231062505e-14,-3.1113958544828027e-14
44,35,7.3103779580310751e-14,8.7249038684424686e-14
45,35,-6.622623642346154e-15,-7.8753312164304122e-15
46,35,-2.8828069807385554e-15,-7.8041297456312726e-15
47,35,1.442914692026118e-14,1.7769257354582858e-14
57,35,-2.139747027887919e-15,-2.1775659794936305e-15
58,35,-3.6744129329587671e-16,4.0038302008993735e-16
59,35,1.8385416276328937e-15,-8.7068146970319257e-16
60,35,4.0924559595887105e-30,7.5978094578667202e-31
61,35,2.9255448330521868e-31,1.5016467500715339e-30
62,35,5.7163950622071515e-30,3.5574092860470807e-30
63,35,-4.4439651263665377e-29,1.5785906449965961e-28
67,35,4.9931834353560866e-30,1.3028476415416257e-30
68,35,5.6485843752560206e-31,1.2687170839329016e-30
69,35,7.9798691675439182e-30,4.1096560643504924e-30
70,35,-9.1197207475720085e-46,8.1268027882125505e-46
71,35,8.3119708307494651e-15,-3.4706358471937725e-14
73,35,-1.2587929453937356e-31,-4.3021323563059086e-31
74,35,7.525810325290603e-31,-1.5691584148294069e-31
75,35,-6.3978856037017579e-31,-1.0116051654663946e-30
76,35,2.5557682654075903e-16,2.4843204308303808e-16
77,35,-7.4415207130577544e-17,4.8847965440028158e-17
78,35,-1.0836305452993903e-16,-3.9711459602442963e-16
5,36,-2.034102166000521e-15,-3.4479507664112874e-14
6,36,3.6581510382974602e-14,-3.6891282837645528e-16
7,36,5.3404091558071634e-16,1.1740732779191826e-14
8,36,-1.7978631557347741e-15,9.6072194380962231e-15
9,36,-7.1647081269613797e-16,-9.8042752229515184e-15
10,36,-1.5185032249049801e-14,1.4913047478974333e-14
11,36,-2.8547976558414201e-15,3.938600258574827e-15
14,36,-2.3677395275480592e-14,8.5937020167009683e-15
15,36,-4.424152759298237,9.6211907392004292
16,36,1.7562901224197258,-2.9542161478918696
17,36,0.80815140427076793,-2.1867250095541815
18,36,1.2621161571972892e-14,-1.2357425191545887e-14
28,36,-5.4473964055229264e-15,2.0199063516914175e-14
29,36,3.7867941925305549e-14,-2.5656065022096928e-14
30,36,2.7561840297438121e-15,2.3339337677770557e-14
34,36,3.31471307292699e-14,2.8118685893197021e-15
35,36,1.570452069058242e-14,2.0605689436953813e-14
36,36,4.4241527548032771,-9.6211867217965761
37,36,-1.7562901043433765,2.9542152744179848
38,36,-0.80815140383520845,2.1867246414000245
42,36,4.9339283717488687e-15,-4.6885127803277398e-15
43,36,6.2638145485601284e-16,-8.2989962630116556e-15
44,36,1.8452638022438573e-15,2.2022916221107913e-15
45,36,-4.8754217200612547e-17,-5.1891016182399359e-16
46,36,1.325488548302822e-15,1.4558792887151231e-16
47,36,2.6806162296027751e-15,1.3023788966552127e-17
57,36,5.4106577552863295e-16,-2.1649748005030566e-16
58,36,4.2398700230943986e-16,-4.484435713957026e-16
59,36,2.1613077495620484e-16,2.8064675095563091e-16
60,36,2.3631783700984794e-27,5.214242604961228e-25
61,36,2.0783560901571508e-26,5.7810406363081486e-25
62,36,-2.3914125802541525e-25,2.4780376349252648e-24
63,36,1.177165339205801e-24,-1.3243954955781308e-24
67,36,3.2491331494634872e-27,7.1695879012941687e-25
68,36,2.857733654274494e-26,7.9489273221915223e-25
69,36,-3.2881898624894356e-25,3.4073012149833449e-24
70,36,-4.0919347937061411e-46,-2.3364810933062954e-46
71,36,4.4858997043646315e-15,3.5116116813048122e-15
73,36,1.1707597539414875e-31,-5.7095717667875594e-31
74,36,-1.2477600122744615e-31,-3.8462911258152597e-33
75,36,1.689767603913428e-31,6.2487394977904442e-31
76,36,-2.0857205686061855e-15,-1.5071146839130783e-15
77,36,-2.0192952882851319e-15,-3.4769097617701739e-15
78,36,3.4159459343773763e-15,2.3492154776949445e-15
5,37,1.210930727536019e-14,5.6376552230384242e-15
6,37,-1.3401352778134124e-14,-2.2790814268378891e-14
7,37,-3.2888970581365224e-15,-2.7655914133036566e-15
8,37,-1.0324017479024068e-14,2.7470625452608519e-15
9,37,-5.221588652521937e-15,1.0698500770733838e-14
10,37,9.4369994385762743e-15,-4.0960848454145291e-15
11,37,7.1886369511708082e-15,-3.5504395141418257e-15
14,37,-8.8753453399501933e-17,1.5189574088465967e-14
15,37,1.7562901183857555,-2.9542161361916288
16,37,-5.2565314221853825,10.181836504142897
17,37,1.9338876859328036,-3.0943464184438594
18,37,-1.0661332739424697e-15,2.6342576708522013e-15
28,37,-8.5548844386997031e-15,8.6503470124541277e-15
29,37,-1.9013059380712961e-14,-1.1626882201145688e-14
30,37,-9.0287935862944851e-15,-4.8077906397176831e-15
34,37,2.6510742700468218e-14,5.4000222745232725e-15
35,37,-2.8192579867949879e-15,-4.6599040687132149e-14
36,37,-1.7562901043433659,2.9542152744180026
37,37,5.2565314213997851,-10.181832074148012
38,37,-1.9338876901212947,3.0943455919682918
42,37,1.9629459860774554e-15,1.2273652014120908e-14
43,37,1.7126673532537672e-15,7.0060151324207397e-16
44,37,4.3790732472946458e-16,4.746747728689667e-15
45,37,2.2150518948327272e-15,1.7936020430703585e-15
46,37,-4.4417911473013849e-16,2.0924898982807497e-15
47,37,1.7870141069538498e-15,1.0033587291284572e-15
57,37,7.6131779128511715e-16,5.7868451623294832e-16
58,37,-2.4192481207625737e-16,3.1818654944072907e-15
59,37,5.4010473401418969e-16,-1.0937852928762539e-15
60,37,-1.4171659292711308e-25,1.4802470758049768e-24
61,37,-1.0557453072216707e-25,1.6463312846180907e-24
62,37,-1.384193513723132e-24,6.9638784145143316e-24
63,37,3.0683191616883774e-24,-3.1539365032178139e-24
67,37,-1.9486123208983544e-25,2.0353414885016371e-24
68,37,-1.4516521809293094e-25,2.2637055487507392e-24
69,37,-1.9032653139460686e-24,9.5753314400618205e-24
70,37,-3.4273076374372986e-46,9.0642308757520818e-46
71,37,1.4303180617148581e-15,-8.0019605726197466e-15
73,37,8.5415732183163495e-31,-1.379095896083876e-30
74,37,-5.2174327169571738e-31,3.4828180765703803e-32
75,37,-8.684233482242054e-31,1.2757134699002361e-30
76,37,8.8314212614175961e-16,-1.5563721124069703e-15
77,37,7.5338854518720488e-15,1.0501955555738334e-14
78,37,-4.7999347141514703e-15,-6.9030467824560567e-15
5,38,9.3483182429733153e-15,8.4424055950880304e-15
6,38,1.4691628756636674e-14,-9.9433396708551785e-15
7,38,4.2444669030780712e-15,-4.18593947322438e-16
8,38,1.2394535890227629e-15,-5.882858995873148e-15
9,38,6.3897935687179991e-17,-8.3769233833519866e-15
10,38,-9.4186029105574595e-15,1.6149205887699922e-15
11,38,-7.7112786423762017e-15,1.1598050669919612e-14
14,38,2.2117697667720505e-14,2.6112866671679704e-14
15,38,0.80815140037614097,-2.1867250058332925
16,38,1.9338876725060945,-3.0943463890334004
17,38,-4.5200373912741156,9.6899958273359257
18,38,1.6459591694336207e-14,-8.0444743393655732e-15
28,38,-9.4484742635082478e-15,3.8059995907304809e-14
29,38,1.2051468813457799e-14,-1.580115968889528e-14
30,38,1.4524822813782483e-14,-5.8184437702321188e-16
34,38,3.8063575285332909e-15,3.8060842360263362e-15
35,38,6.0381825549496977e-14,-1.7858627176809528e-14
36,38,-0.80815140383513429,2.186724641400021
37,38,-1.9338876901212574,3.0943455919682457
38,38,4.5200373932106324,-9.6899925729587153
42,38,-3.4699419686932769e-15,1.0473747757161736e-14
43,38,4.5328801083735538e-15,1.8779413177318613e-15
44,38,-1.8370610674294127e-16,-2.8656516662639469e-15
45,38,-1.0201858071009118e-15,-7.9457742908178499e-16
46,38,-1.5345484995913942e-16,3.6191581429328953e-16
47,38,1.0224691787639995e-16,2.751631521634107e-16
57,38,-4.5872014571467234e-16,-4.4759363963258456e-16
58,38,-1.852220272695327e-15,5.9683393721911745e-16
59,38,-9.2074849194077759e-16,2.1636497469099486e-15
60,38,-3.6501664690586505e-26,9.6028077457177766e-26
61,38,-3.7127421960161579e-26,1.0775752631945075e-25
62,38,-2.1951830953469713e-25,4.386522831210674e-25
63,38,2.7021612332839909e-25,-1.5621817311686296e-25
67,38,-5.0191764619471829e-26,1.3203884761655719e-25
68,38,-5.1050289364301904e-26,1.4816673794075253e-25
69,38,-3.0183765807661876e-25,6.0314656628162614e-25
70,38,-1.1592209855302054e-46,2.5490037328458426e-45
71,38,-4.6887739969067974e-15,-3.7124011555645435e-15
73,38,-9.5703324624361412e-31,6.3500801365507783e-31
74,38,-1.8725294652167396e-30,-1.1280094949382821e-30
75,38,1.1008134756762098e-30,-1.7256562632862505e-30
76,38,-4.6737390957253405e-15,-2.4168826107709544e-15
77,38,-3.6591340495999182e-15,-6.6635960666559993e-15
78,38,9.2145724930666381e-15,8.5396430453977195e-15
22,39,-7.4102240850097401,15.365347706042799
23,39,3.5994461457067901,-5.2745301955677597
24,39,1.2988640033251699,-3.4261219694921801
39,39,22.230672255029202,-46.096042746025098
40,39,-10.7983384371204,15.8235904666194
41,39,-3.8965920099755,10.278365862708499
42,39,-14.8204481700195,30.730695412085499
43,39,7.1988922914135802,-10.5490603911355
44,39,2.5977280066503301,-6.8522439389843504
22,40,3.5994461457067901,-5.2745301955677597
23,40,-8.2863176710215605,15.9224920874498
24,40,2.2048112171126801,-4.1815827696250398
39,40,-10.7983384371204,15.8235904666195
40,40,24.858953013064699,-47.767475870292401
41,40,-6.6144336513380502,12.5447482325404
42,40,7.1988922914135802,-10.5490603911355
43,40,-16.5726353420431,31.8449841748997
44,40,4.40962243422537,-8.3631655392500797
22,41,1.2988640033251699,-3.4261219694921801
23,41,2.2048112171126801,-4.1815827696250398
24,41,-6.6574404280809496,14.8289248394757
39,41,-3.8965920099755,10.278365862708499
40,41,-6.6144336513380502,12.5447482325404
41,41,19.972321284242899,-44.486774164639002
42,41,2.5977280066503301,-6.8522439389843504
43,41,4.40962243422537,-8.3631655392500797
44,41,-13.314880856161899,29.657849678951401
5,42,-1.6112321470403111e-23,6.8750413809070228e-24
6,42,-2.4902564112164245e-15,-1.5941925257308224e-14
7,42,3.3732116675424366e-30,2.0330586822622801e-30
8,42,1.1835099053708818e-31,3.7462786643480672e-29
9,42,1.7944728082441308e-30,1.9348006421165379e-29
10,42,1.137742875277847e-23,-2.1478846296491503e-23
11,42,5.021290108951753e-24,-9.4794099499796362e-24
14,42,-3.5591567969843624e-17,-1.6345135819342581e-17
15,42,-6.5892791566622717e-16,2.5227557840039116e-15
16,42,6.7402954221056034e-16,3.5140888307580386e-15
17,42,1.5177841040873234e-16,-6.1432211803937909e-17
18,42,-9.5944056213605315e-31,2.0935037339787297e-29
28,42,4.4713153202363864e-15,2.8230106870982763e-16
29,42,-1.1379604730116696e-14,6.8178798554502316e-16
30,42,5.3339340511641169e-15,-8.9471046712012818e-16
34,42,1.0861646402557494e-14,-5.9789713737994862e-16
35,42,1.9312673454936078e-14,2.9211130093030368e-14
36,42,-9.4661793922661848e-16,3.2962490245648253e-15
37,42,1.3103167994412496e-15,4.9977408127630655e-15
38,42,1.0783850815315804e-15,-6.9390055663110197e-15
39,42,-14.8204481700195,30.730695412085499
40,42,7.1988922914135802,-10.5490603911355
41,42,2.5977280066503301,-6.8522439389843504
42,42,17.00504038314202,-35.586789375171321
43,42,-7.6958926486802461,11.72871054834774
44,42,-3.2780333295301118,8.1903288165310641
45,42,-2.1845922145976298,4.8560954337802666
46,42,0.49700036833775962,-1.1796505424940165
47,42,0.68030531952232343,-1.3380851038075303
57,42,8.022799718237804e-15,-1.4450248948332956e-15
58,42,2.8995985905555232e-15,-3.0460834668333196e-15
59,42,6.9479473627425192e-15,-1.6824646706623395e-15
60,42,-6.1244364528408331e-21,3.0823929594582796e-21
61,42,-6.7090239083651384e-21,3.6276772805422026e-21
62,42,-3.2021032365758459e-20,1.0379670216073624e-20
63,42,-1.3809694301700657e-18,-2.8795831547545962e-18
67,42,-8.4211069521851257e-21,4.2382894793499495e-21
68,42,-9.2249069627771074e-21,4.9880561286865603e-21
69,42,-4.40289131852857e-20,1.4272047122077774e-20
70,42,-5.655290090393087e-43,-8.1553338586989395e-44
71,42,8.0958647551093901e-30,1.7364852786247551e-29
73,42,7.6655400969915592e-27,5.0669484512685099e-28
74,42,-2.7335605484181628e-28,-3.124325046670297e-28
75,42,-6.6372459267279032e-27,-7.0214455207414185e-28
76,42,-5.0181182129068455e-31,-7.3017875553575205e-31
77,42,1.3521342951983022e-30,-2.1314414822927252e-31
78,42,-3.6881358433301641e-31,1.4616598790541153e-30
5,43,-1.0916584090229259e-23,2.5698673673356366e-24
6,43,-1.8099980413373695e-15,-4.6014780647707873e-15
7,43,3.456557423692639e-30,1.0283267948783761e-29
8,43,-1.3003263443046248e-28,5.4797093494715844e-29
9,43,-7.0839716977317937e-29,3.3874090715047206e-29
10,43,-4.2377973390742923e-24,1.2602254521066841e-23
11,43,-1.8702744799537659e-24,5.5618318250963434e-24
14,43,7.2640078972847788e-18,-4.9780635614853295e-18
15,43,-3.0283528053504592e-15,3.7276927324422589e-15
16,43,3.728641441460865e-15,3.9535899357796616e-17
17,43,1.4027227340311729e-16,-1.2379340384433622e-16
18,43,-2.2276117173823566e-29,-1.1077883991826804e-29
28,43,-1.6115567207461316e-15,5.7022279792088261e-15
29,43,3.3971643494432434e-15,-1.736118782111548e-14
30,43,-8.7686677444369438e-16,8.4724414505272729e-15
34,43,-9.569763168382448e-16,-8.8334805457909488e-16
35,43,-1.4871953695755501e-14,-3.4630585773548145e-14
36,43,-5.497534915349545e-15,5.2574408377741646e-15
37,43,6.7810357411311731e-15,2.9361995845045763e-17
38,43,4.3250800249177437e-16,-2.9900001319907584e-15
39,43,7.1988922914135802,-10.5490603911355
40,43,-16.5726353420431,31.8449841748997
41,43,4.40962243422537,-8.3631655392500797
42,43,-7.6958926486802604,11.728710548347818
43,43,19.003738428503468,-36.877039411207505
44,43,-5.5303222956065898,10.047623495082769
45,43,0.49700036636697104,-1.1796505370416772
46,43,-2.4311030895235106,5.0320570883643132
47,43,1.1206998550049867,-1.6844583233334374
57,43,1.658261009054101e-15,6.3089269980074946e-15
58,43,7.3052993006692042e-16,6.0902812810732664e-15
59,43,2.2755257806225194e-15,-6.9023981762484937e-15
60,43,1.0506843723212317e-20,1.4423292599890619e-20
61,43,1.2137277730535403e-20,1.5613910944197598e-20
62,43,4.2562387019984931e-20,7.2066951579518523e-20
63,43,3.28580336555488e-19,-4.2010452491845979e-19
67,43,1.4446913308078541e-20,1.9832044466870225e-20
68,43,1.6688756018501331e-20,2.1469125639463119e-20
69,43,5.8523280116296814e-20,9.9092043223093226e-20
70,43,-1.3623131748711638e-43,-1.5308389213202011e-43
71,43,5.2069269180407871e-30,1.196101890008103e-29
73,43,-3.2257909086129785e-27,-1.8404424595095689e-26
74,43,1.2288036408260111e-27,2.112180051796336e-27
75,43,2.2484193922471236e-27,1.6293685522149672e-26
76,43,6.7408721680163818e-31,-8.2121567664735795e-31
77,43,1.052100696192289e-30,1.793864949173024e-30
78,43,-2.1523650833565833e-30,-8.2133074197239511e-32
5,44,3.0716147503725287e-23,-1.0306334338623465e-23
6,44,-6.7369624635869175e-15,1.2621058821494061e-14
7,44,5.7276789376007892e-30,-3.1380841306401563e-30
8,44,2.0560640172676111e-29,9.9379859573659313e-29
9,44,8.3771101385360071e-30,5.6260595870681017e-29
10,44,-4.2218607935369028e-23,2.5246031780034609e-23
11,44,-1.8632630890476504e-23,1.1141993614279927e-23
14,44,4.8084807332945077e-17,4.8507971086533316e-17
15,44,9.137184763333659e-16,-8.8747160913685138e-16
16,44,-2.4102319431097695e-15,-9.724742661972625e-16
17,44,1.2369738557423995e-16,-4.1560178790749864e-17
18,44,-1.0479532781884705e-29,5.167832561266331e-30
28,44,3.5834224495850991e-15,8.9549459749416622e-16
29,44,-9.1145835840414165e-15,-2.2511456707923835e-15
30,44,4.379306765315734e-15,1.0611706674579144e-15
34,44,7.1585850214172789e-15,6.5205051418914084e-15
35,44,9.5340983097765934e-15,1.4441757874893131e-14
36,44,1.5423663116500725e-15,-8.2748359038302711e-16
37,44,-3.5243479021508969e-15,-1.7684871284334189e-15
38,44,-1.0312920039206234e-15,8.2058121323988851e-16
39,44,2.5977280066503301,-6.8522439389843504
40,44,4.40962243422537,-8.3631655392500797
41,44,-13.314880856161899,29.657849678951401
42,44,-3.2780333295300763,8.1903288165310961
43,44,-5.5303222956065792,10.047623495082744
44,44,15.953368112374701,-34.818597914762762
45,44,0.68030531787796722,-1.338085102882014
46,44,1.120699853273142,-1.6844583183251738
47,44,-2.6384872487425102,5.1607497092330847
57,44,5.5279749970644045e-15,-2.2244645533661766e-14
58,44,-5.477126494149371e-15,-4.3410766505457645e-15
59,44,-6.890730291049225e-15,1.7696142244278539e-14
60,44,-5.5306643561144804e-21,3.367321274189118e-21
61,44,-6.0394464592961997e-21,3.9222051602294924e-21
62,44,-2.9227113431353042e-20,1.2026999757770077e-20
63,44,-1.2326389577858107e-18,-2.7251598534400028e-18
67,44,-7.6046698949410164e-21,4.6300664736991778e-21
68,44,-8.3042380405949152e-21,5.3930319126958236e-21
69,44,-4.0187275020342461e-20,1.6537124768606391e-20
70,44,-5.2515398413765331e-43,-6.0653736952792054e-44
71,44,-1.8079511775485295e-29,-3.038126693344904e-29
73,44,7.1981985035559512e-27,-6.1744580929619487e-29
74,44,-2.380217230682288e-28,-2.151699975116257e-28
75,44,-6.2482336278851647e-27,-1.8474494076190445e-28
76,44,-2.5222883694580827e-31,6.2543875190460668e-32
77,44,1.9896460696708807e-30,-1.6136780591522011e-30
78,44,-1.0460631041466e-30,1.0756021506190365e-30
5,45,-2.407791954566449e-24,8.6588492956563098e-25
6,45,-5.4854485324406204e-16,-2.1955970255256876e-15
7,45,2.7924592892538464e-31,6.1547192346530136e-31
8,45,-5.2621564774486576e-30,3.6305921764466448e-30
9,45,-2.5849155482562629e-30,1.6497191361307309e-30
10,45,1.2405618064144851e-23,-5.3956478374859024e-24
11,45,5.4750549959961208e-24,-2.3812974349536712e-24
14,45,-9.4806854360555861e-18,-1.2085971349531318e-17
15,45,2.2430415180158673e-15,-2.8957056110993241e-15
16,45,5.366634717543705e-15,-5.9992052789476903e-15
17,45,-4.0077988804668277e-16,1.6847693537313075e-16
18,45,-1.0276689139330295e-30,2.4365694004189346e-30
25,45,-2964089.6340039,6146139.08241711
26,45,1439778.4582827201,-2109812.0782271
27,45,519545.60133006697,-1370448.7877968701
28,45,2.9728372702022164e-16,1.409588767214097e-16
29,45,-1.5124077826983763e-15,-7.0299081398421395e-16
30,45,7.1871597628943506e-16,2.9004515888131919e-16
34,45,7.7798960117041934e-16,-2.065206324068574e-16
35,45,3.5812105877119614e-15,6.3025399073277022e-15
36,45,2.27784432857118e-15,-3.9097224959959774e-15
37,45,7.6887770821066475e-15,-8.782615975356057e-15
38,45,-3.3054502399137638e-16,-1.3634413623041218e-15
42,45,-2.184592214597612,4.8560954337802666
43,45,0.4970003663669959,-1.1796505370417041
44,45,0.68030531787795034,-1.3380851028820147
45,45,2964102.8086996106,-6146157.9759994773
46,45,-1439782.9690888857,2109817.6407618951
47,45,-519548.92953070853,1370453.8429698662
48,45,-6.0264128516520401,11.579994245418099
49,45,2.61777901505948,-3.83602196041292
50,45,1.6034990669910401,-3.0411511051818501
57,45,-4.9636906431853323,2.4574995314697596
58,45,1.3960267730334768,-0.54686249810635146
59,45,1.0443962601043255,-0.67593702526037991
60,45,3.1796869084609781e-15,-8.3817338459550541e-15
61,45,3.2799323174609427e-15,-8.9674095185646593e-15
62,45,2.5558302086123494e-15,-8.4414645329378644e-15
63,45,3.7188032713593116e-16,-1.9641424446578255e-16
67,45,4.3719835870348082e-15,-1.1524925819971005e-14
68,45,4.5099103186907811e-15,-1.2330199868036716e-14
69,45,3.5142575899399031e-15,-1.1607026426742021e-14
70,45,6.8670074139618942e-36,1.0737439223892619e-34
71,45,2.4706115581897076e-30,1.2271129877295461e-30
73,45,7.7547098510767637e-21,-7.4137472412766225e-21
74,45,-1.101307064245651e-19,-1.0448952191102249e-19
75,45,-1.0963632606024856e-20,-8.6448225848855535e-21
76,45,-2.2740724464884211e-32,-2.3654792857930594e-32
77,45,2.5087750305958691e-31,9.7857967699840118e-32
78,45,-2.0949827098075949e-31,8.1438304289384469e-32
5,46,-1.8076853156201042e-24,1.5235678578889363e-25
6,46,1.76156165792189e-16,7.3594546607654002e-16
7,46,1.2798955836018063e-30,1.7536951669370775e-30
8,46,-2.074519572878327e-29,2.0595369077476786e-29
9,46,-1.1522195228380544e-29,1.1684501120222096e-29
10,46,-2.4133144482015721e-24,-8.2189210682694309e-24
11,46,-1.065079020288614e-24,-3.6273114224021541e-24
14,46,-7.8998016892753815e-18,1.1719891789596699e-18
15,46,-9.7306611851231538e-17,-2.3023928636121379e-15
16,46,4.6287674411534655e-15,-5.5706053194421729e-15
17,46,-1.8828248857256883e-16,1.3411571940329682e-16
18,46,-4.5793232780778268e-30,3.7404861537920167e-30
25,46,1439778.4582827201,-2109812.0782271
26,46,-3314527.0684086201,6368996.83497993
27,46,881924.48684507399,-1672633.1078500201
28,46,1.2377417172023779e-15,1.0281922457440172e-15
29,46,-3.0134703278374494e-15,-2.6196296083072213e-15
30,46,1.1205310388395098e-15,1.422631251965655e-15
34,46,1.1953304446889821e-15,-1.5744495918543271e-15
35,46,-2.9669692099979633e-16,-4.9855345636669824e-15
36,46,-1.2232450973624868e-15,-3.0522371669328041e-15
37,46,6.999161468770814e-15,-8.0617889212133681e-15
38,46,1.64301113857504e-15,-1.1678123275290049e-15
42,46,0.49700036833778483,-1.1796505424940118
43,46,-2.4311030895234946,5.0320570883642963
44,46,1.1206998532731318,-1.6844583183251742
45,46,-1439782.9690888857,2109817.6407618951
46,46,3314540.0888569825,-6369015.336845166
47,46,-881927.94820005947,1672637.8308955913
48,46,2.61777901505948,-3.83602196041292
49,46,-5.3892538800070904,11.1747983316675
50,46,0.94462836605466705,-2.4917250687215802
57,46,1.3960267730334828,-0.54686249810634424
58,46,-5.2000913849277444,2.2950168655928711
59,46,1.3960267730334632,-0.5468624981063448
60,46,-6.1981919696822668e-15,1.6370804237394936e-14
61,46,-6.2667078827164386e-15,1.7255817513050283e-14
62,46,-5.0448210370769599e-15,1.6640565196856466e-14
63,46,1.1153047887083599e-16,-7.3461790250131264e-17
67,46,-8.522601957722836e-15,2.250981272986443e-14
68,46,-8.6167198592530112e-15,2.372673697070312e-14
69,46,-6.9366384104684407e-15,2.288076441569985e-14
70,46,7.1703911687251943e-36,1.1024967705846057e-34
71,46,2.3208685734063961e-32,8.2663205937427831e-31
73,46,7.6674047868419234e-21,-7.3097942706839788e-21
74,46,-1.1322485975401288e-19,-1.0716244936461e-19
75,46,-1.0961206272869978e-20,-9.1833486843221564e-21
76,46,1.9916799838623656e-32,-2.5856579880146312e-31
77,46,6.8368326836024552e-31,3.7926062281918703e-32
78,46,-5.6455934238971711e-31,4.3081805154976106e-31
5,47,5.3631794308420416e-24,-1.4451866384511309e-24
6,47,-4.0286507019412995e-15,5.7588808606892578e-17
7,47,8.301470265964133e-31,-6.993506085192623e-31
8,47,4.5244082204170083e-30,1.3745612023732776e-29
9,47,2.0963664827890444e-30,7.9559038708818617e-30
10,47,-6.4209451834478358e-24,1.0340493867392088e-23
11,47,-2.8338011084357691e-24,4.5636368889461135e-24
14,47,1.3983214117331129e-17,7.4389219174787165e-18
15,47,3.6769867208631349e-15,-1.7169754438735579e-15
16,47,5.943989949714922e-15,-6.6677540862148619e-15
17,47,-4.1213664434645057e-16,4.3254988026638082e-17
18,47,-1.1556434444877917e-30,-5.0756547183872361e-31
25,47,519545.60133006697,-1370448.7877968701
26,47,881924.48684507399,-1672633.1078500201
27,47,-2662976.17123238,5931569.9357902799
28,47,1.1472858225876123e-16,9.4640982673890548e-17
29,47,-4.1684013205030236e-16,-4.8116112030677283e-16
30,47,3.3549741608232752e-16,1.4370896390046056e-16
34,47,3.0938280112404016e-16,8.4777066643374784e-16
35,47,2.0341585890090836e-15,3.2049288424610323e-15
36,47,4.3068259605978388e-15,-1.9853554903469099e-15
37,47,8.4890559974902468e-15,-1.0090114506547111e-14
38,47,-2.0768419452008457e-16,-7.8195327751229392e-16
42,47,0.68030531952234208,-1.3380851038075088
43,47,1.120699855005018,-1.6844583233334527
44,47,-2.6384872487425342,5.1607497092330767
45,47,-519548.92953070853,1370453.8429698662
46,47,-881927.94820005947,1672637.8308955913
47,47,2662988.6151851257,-5931588.3387052342
48,47,1.6034990669910401,-3.0411511051818501
49,47,0.94462836605466705,-2.4917250687215802
50,47,-4.8417748567861496,10.784672610527799
57,47,1.0443962601043264,-0.67593702526037958
58,47,1.3960267730334655,-0.54686249810634546
59,47,-4.9636906431853154,2.4574995314697579
60,47,3.2037756664457495e-15,-8.4227535652208503e-15
61,47,3.1748902555725357e-15,-8.7458310562297704e-15
62,47,2.6434474897480205e-15,-8.6413891113441819e-15
63,47,-4.8537982182103239e-16,2.7187748788108446e-16
67,47,4.4051056976823238e-15,-1.158132812699444e-14
68,47,4.365477489682107e-15,-1.2025529487146686e-14
69,47,3.6347311999569317e-15,-1.1881922587060663e-14
70,47,6.8689432060370023e-36,1.0746880848669906e-34
71,47,-2.3422396401975119e-30,-6.3384775902824491e-30
73,47,7.6079935496842745e-21,-7.2540526596153709e-21
74,47,-1.1022443036206614e-19,-1.0459130754714131e-19
75,47,-1.0818157661480351e-20,-8.811616883442406e-21
76,47,-1.2679971196747854e-31,9.7868589463762894e-32
77,47,2.4225928577270659e-31,-2.0333211100933523e-31
78,47,-6.4998093148302036e-32,1.5454078312340548e-32
45,48,-6.0264128516520401,11.579994245418099
46,48,2.61777901505948,-3.83602196041292
47,48,1.6034990669910401,-3.0411511051818501
48,48,2964095.6604167498,-6146150.6624109903
49,48,-1439781.07606173,2109815.9142489498
50,48,-519547.20482913399,1370451.8289479001
54,48,-2964089.6340039,6146139.08241711
55,48,1439778.4582827201,-2109812.0782271
56,48,519545.60133006697,-1370448.7877968701
45,49,2.61777901505948,-3.83602196041292
46,49,-5.3892538800070904,11.1747983316675
47,49,0.94462836605466705,-2.4917250687215802
48,49,-1439781.07606173,2109815.9142489498
49,49,3314532.4576625,-6369008.0097779203
50,49,-881925.43147344003,1672635.5995750399
54,49,1439778.4582827201,-2109812.0782271
55,49,-3314527.0684086201,6368996.83497993
56,49,881924.48684507399,-1672633.1078500201
45,50,1.6034990669910401,-3.0411511051818501
46,50,0.94462836605466705,-2.4917250687215802
47,50,-4.8417748567861496,10.784672610527799
48,50,-519547.20482913399,1370451.8289479101
49,50,-881925.43147344003,1672635.5995750399
50,50,2662981.0130072399,-5931580.72046257
54,50,519545.60133006697,-1370448.7877968701
55,50,881924.48684507399,-1672633.1078500201
56,50,-2662976.17123238,5931569.9357902799
51,51,0.093956440086270507,-0.20122882750916399
52,51,-0.046978053480999801,0.10061441375458199
53,51,-0.046978053480999801,0.10061441375458199
54,51,-0.093956273524135006,0.20122882750916399
55,51,0.046978053480999801,-0.10061441375458199
56,51,0.046978053480999801,-0.10061441375458199
51,52,-0.046978053480999801,0.10061441375458199
52,52,0.093956440086270507,-0.20122882750916399
53,52,-0.046978053480999801,0.10061441375458199
54,52,0.046978053480999801,-0.10061441375458199
55,52,-0.093956273524135006,0.20122882750916399
56,52,0.046978053480999801,-0.10061441375458199
51,53,-0.046978053480999801,0.10061441375458199
52,53,-0.046978053480999801,0.10061441375458199
53,53,0.093956440086270507,-0.20122882750916399
54,53,0.046978053480999801,-0.10061441375458199
55,53,0.046978053480999801,-0.10061441375458199
56,53,-0.093956273524135006,0.20122882750916399
48,54,-2964089.6340039,6146139.08241711
49,54,1439778.4582827201,-2109812.0782271
50,54,519545.60133006697,-1370448.7877968701
51,54,-0.093956273524135006,0.20122882750916399
52,54,0.046978053480999801,-0.10061441375458199
53,54,0.046978053480999801,-0.10061441375458199
54,54,2964089.7279603402,-6146139.2836459298
55,54,-1439778.50526077,2109812.1788415201
56,54,-519545.64830812003,1370448.88841128
48,55,1439778.4582827201,-2109812.0782271
49,55,-3314527.0684086201,6368996.83497993
50,55,881924.48684507399,-1672633.1078500201
51,55,0.046978053480999801,-0.10061441375458199
52,55,-0.093956273524135006,0.20122882750916399
53,55,0.046978053480999801,-0.10061441375458199
54,55,-1439778.50526077,2109812.1788415201
55,55,3314527.1623650598,-6368997.03620876
56,55,-881924.53382312704,1672633.2084644299
48,56,519545.60133006697,-1370448.7877968701
49,56,881924.48684507399,-1672633.1078500201
50,56,-2662976.17123238,5931569.9357902799
51,56,0.046978053480999801,-0.10061441375458199
52,56,0.046978053480999801,-0.10061441375458199
53,56,-0.093956273524135006,0.20122882750916399
54,56,-519545.64830812003,1370448.88841128
55,56,-881924.53382312704,1672633.2084644299
56,56,2662976.2651888202,-5931570.1370191099
5,57,-8.0514241771205967e-27,1.5429409151375778e-26
6,57,-1.777152496553375e-16,-1.3578034276092634e-15
7,57,2.7431829656270056e-31,-8.3658496671269723e-32
8,57,1.9006320184809649e-30,4.33150101629951e-30
9,57,1.1676306060712128e-30,2.3752122158838751e-30
10,57,7.8080146653545448e-25,2.7622670674188132e-24
11,57,3.4459637298567708e-25,1.2190888763941158e-24
14,57,1.1395134262856484e-18,-1.9591317229685665e-18
15,57,1.8077628151155874e-15,-2.1056618640539097e-15
16,57,4.3709870632220891e-15,-4.9611953365517039e-15
17,57,-2.7077803215007693e-16,6.7697229307296484e-19
18,57,2.8631558609818161e-30,3.6160130022575317e-30
28,57,-2.0158225204941361e-17,-2.7133055417891793e-16
29,57,-4.8365429311256311e-16,1.2639580171956362e-16
30,57,5.9317928639903095e-16,1.8770894879406204e-16
34,57,1.9197801659697911e-15,1.6355356879030584e-15
35,57,3.3866432618003395e-15,1.4342991515687511e-16
36,57,1.814349442443834e-15,-2.7649658231956538e-15
37,57,6.2856900024188138e-15,-7.3326104006773528e-15
38,57,3.4463031561440521e-15,-1.9172859212174088e-15
42,57,2.026480488439712e-14,-2.4978327700423114e-15
43,57,1.7572049117043887e-14,-4.3225155915949938e-15
44,57,1.0349217735321353e-15,-1.4846856853543573e-14
45,57,-4.963690643185326,2.4574995314697539
46,57,1.3960267730334803,-0.54686249810634591
47,57,1.044396260104322,-0.67593702526038879
57,57,4.9636906431931092,-2.4574828229248862
58,57,-1.396026773030802,0.54686249810777987
59,57,-1.0443962601017618,0.67593702526150112
60,57,-2.1411058266838364e-15,2.6783830644459406e-15
61,57,-2.9131532689304165e-15,6.8963719890568719e-15
62,57,-3.4082658799138765e-15,2.6076798982468507e-15
63,57,-3.2195864968003301e-14,2.6264077747834478e-14
67,57,-8.4139909652126934e-15,5.8197061378960677e-15
68,57,-4.8918392495437248e-15,7.5217962237023853e-15
69,57,-5.5991677375737481e-15,5.0308674719414546e-15
70,57,5.2859911236054585e-30,5.6997682174922048e-30
71,57,-1.8765996386634558e-33,8.6174688203789947e-31
73,57,-7.5191445052074218e-16,2.6915490520882654e-15
74,57,-7.3128878370962503e-15,-3.4889586463100625e-15
75,57,-5.1932775411490788e-15,6.2886822151299254e-16
76,57,3.3827532050530871e-32,7.6582399234982005e-32
77,57,-3.726789312014201e-33,-8.8054067992750486e-32
78,57,-3.8649286431008924e-32,2.3231363361624227e-32
5,58,-1.5920687100709856e-26,1.3006696643101583e-26
6,58,-6.8598638094235647e-16,8.1497286868383546e-16
7,58,-6.3390329852352133e-32,7.3205911967695216e-31
8,58,-1.1718027760604144e-29,4.2841303209222598e-31
9,58,-7.0559937022610785e-30,-3.2186566320530079e-31
10,58,7.0490377289516849e-24,-3.6523253166617883e-23
11,58,3.1110002522210891e-24,-1.6119044415433628e-23
14,58,-3.3383039085859245e-17,1.2872550122606527e-18
15,58,1.1938119132135133e-15,-1.9989557966209475e-15
16,58,3.9732470356041745e-15,-5.4797962393411176e-15
17,58,-2.8134195808867985e-16,8.5472388253647474e-17
18,58,-2.9861837736591457e-30,3.8779603130221028e-31
28,58,8.8994719770892785e-17,5.2250840453860253e-16
29,58,-1.1176600732700762e-15,1.7327617301107039e-16
30,58,-1.2372815444669245e-16,1.9586440000831399e-16
34,58,-1.5910589976738648e-15,4.0625537826548579e-16
35,58,2.1169017730431242e-15,-9.409822344827906e-17
36,58,8.808614595235229e-16,-2.5544223025451928e-15
37,58,5.7935835189060928e-15,-8.0250360280140907e-15
38,58,-1.0268239077694564e-16,1.7388111615873017e-15
42,58,1.3074797396736594e-14,2.9470713839901497e-14
43,58,2.9701876124317233e-14,-1.9309896460245325e-14
44,58,-1.6139906875349058e-14,-1.3423251872748317e-14
45,58,1.3960267730334859,-0.54686249810634435
46,58,-5.2000913849277435,2.2950168655928671
47,58,1.3960267730334681,-0.54686249810634779
57,58,-1.3960267730307958,0.5468624981077832
58,58,5.2000913849356749,-2.2950001570481868
59,58,-1.396026773030794,0.54686249810778009
60,58,1.6173093067000848e-15,-1.1542049735871107e-14
61,58,4.1966701784968023e-15,-3.680486931965905e-15
62,58,1.0802167013663382e-14,-6.0012839964509673e-15
63,58,9.3321461434410979e-15,-8.2291961931542495e-14
67,58,5.8118006206095025e-15,-1.2429358837577871e-14
68,58,6.1308120649138449e-15,-2.5882379101133116e-15
69,58,1.6989946814389822e-14,-8.2421606678475288e-15
70,58,-3.7365721900758449e-30,-1.3236296095255589e-30
71,58,1.616571862075618e-30,-5.1321907231073499e-30
73,58,3.6367736379031307e-15,3.8343523359813832e-15
74,58,7.5849002381952304e-15,2.7053774016113224e-15
75,58,-1.9181157773261328e-15,-1.9037907678909306e-15
76,58,-8.8424328802597393e-32,9.4442910225738366e-32
77,58,1.0333362928788398e-31,5.1423784692399044e-32
78,58,5.1258572503836114e-32,-4.6138591459005522e-32
5,59,-6.9515141240874692e-27,4.1805262776625972e-26
6,59,2.3670135895567559e-15,1.3577686074221665e-15
7,59,-1.5435099477485045e-31,-1.3016884460289345e-31
8,59,1.9962886858773461e-30,-2.7024559258240181e-30
9,59,1.2171153549549489e-30,-1.4217038705675949e-30
10,59,2.5793510296240731e-24,6.6960909541846499e-24
11,59,1.1383614046406797e-24,2.9552296874781466e-24
14,59,4.1838055652974334e-18,-2.373828700972253e-18
15,59,2.0755428746134385e-15,-1.9771068817274583e-15
16,59,5.0098917644225352e-15,-6.165880619422713e-15
17,59,-2.9458498973134527e-16,-7.2622689627694834e-17
18,59,-2.3391353859205072e-30,-2.4251836042641242e-31
28,59,-2.5675007854347184e-16,1.6010375983133677e-16
29,59,2.7324774615657226e-16,-3.1300034881739019e-17
30,59,1.1068412575981331e-16,-4.795501623505461e-16
34,59,-4.7261409249470655e-17,4.2718233958593691e-16
35,59,5.8646423210428449e-16,2.3095440294808239e-15
36,59,2.056539724739848e-15,-2.443794276229623e-15
37,59,7.2214384745748169e-15,-9.1659484641661835e-15
38,59,-8.9909526617336021e-16,-1.1727046043818339e-15
42,59,1.3997707719151378e-14,-2.5905586955734059e-15
43,59,2.0560581991828782e-14,2.0432587785154732e-14
44,59,-2.6053966634605301e-14,-3.2552005424502161e-14
45,59,1.0443962601043237,-0.67593702526037869
46,59,1.396026773033477,-0.54686249810634513
47,59,-4.9636906431853225,2.4574995314697494
57,59,-1.044396260101764,0.67593702526149491
58,59,-1.3960267730307878,0.54686249810779297
59,59,4.9636906431931624,-2.4574828229248959
60,59,-3.053517180711542e-15,4.1942175412423686e-15
61,59,-1.1692249763132307e-15,2.9267810734534331e-15
62,59,-2.8639193789043861e-15,-4.8345776252643356e-15
63,59,-1.0288570068103096e-13,1.0965153558790792e-13
67,59,-2.2369503037261219e-15,2.8605268619521804e-15
68,59,-3.1061355908551781e-15,3.9924112079801188e-15
69,59,-4.3706293030068324e-15,-6.6565578897119733e-15
70,59,-5.0442330448247233e-30,-8.7446350162501601e-31
71,59,8.0847644302881718e-31,-1.1026227956506498e-30
73,59,-2.9349032470498151e-15,-2.2146044952645521e-15
74,59,-1.4660003899601742e-15,-1.7753450654817673e-15
75,59,4.7481424217862819e-15,4.2972263972485917e-15
76,59,-1.1541171091254423e-31,-2.2463353263649592e-32
77,59,8.3990672876892375e-32,1.2466966470730801e-31
78,59,4.4438811828623376e-33,-8.8800377494773595e-32
5,60,1.0743721188888755e-39,-2.5108918217517887e-40
6,60,5.9866063012772513e-31,-4.1326963560371278e-31
7,60,-1.6282226578745675e-45,9.7473430146519656e-45
8,60,-1.3250526495503372e-43,-2.4602708541590216e-44
9,60,-7.4536005495367499e-44,-1.2092112482129222e-44
10,60,8.41899447576592e-39,-2.8855075838825548e-39
11,60,3.7194048377576628e-39,-1.25897360234674e-39
14,60,-4.3545007549792269e-33,-6.3930857790379945e-33
15,60,2.5163586453515759e-25,-2.8584267685630715e-25
16,60,5.7703077121429349e-25,-6.5800632876587669e-25
17,60,-4.353152542321221e-26,6.0014820427908896e-27
18,60,4.2094716914071043e-30,5.587456049100282e-30
25,60,-8.8116865897931707,18.4068219239199
26,60,1.47275482022946,-3.9155526181819602
27,60,4.1798738841102603,-6.1866432730286904
28,60,-1.0244634603700273e-31,1.2459446831077254e-31
29,60,-2.694139149869147e-31,-8.5241918857533634e-32
30,60,5.0441836216339035e-32,-2.2811002213628604e-31
34,60,-3.0026030946611238e-31,1.1736880422212295e-32
35,60,2.053663357901533e-31,-5.1778722987006746e-31
36,60,2.6027352207712029e-25,-3.7770577434008448e-25
37,60,8.2569552609027346e-25,-9.7021134921818664e-25
38,60,7.3048839562855012e-26,-4.9862598620234853e-26
42,60,1.4147490240941169e-19,4.9637954043970106e-20
43,60,5.9397332128305826e-20,-4.1871300577019129e-20
44,60,1.3389223621541211e-19,4.7616423795200613e-20
45,60,-1.8896023134242031e-16,1.0891001705462471e-16
46,60,4.1284003122838123e-17,-1.9398065210226256e-17
47,60,1.4655089100033629e-16,-8.907803460019195e-17
57,60,8.4720000282179691e-16,6.6175016087611279e-16
58,60,-9.6148321449046903e-16,-4.0757773470690314e-16
59,60,-1.1977777056244804e-15,-3.2128079359415e-16
60,60,35.929832435460938,-65.156417906620277
61,60,-4.6355127212497393,12.258030835067393
62,60,-9.4336339028122715,16.20517581322277
63,60,-11.3005598665807,11.456142356468197
67,60,-5.6062656236471069,12.48751572257023
68,60,1.0937802133264591,-2.8851553515627004
69,60,1.8566831302001565,-3.521332873362875
70,60,7.9976251415339234e-30,1.0644688233847404e-29
71,60,-6.543049405992189e-42,-4.7504164987531628e-41
73,60,-8.4503724011618908e-16,7.4698815243273244e-15
74,60,-3.1315586454265507e-15,-1.1379766336172919e-15
75,60,-7.165138270137333e-16,-3.2787928006644452e-16
76,60,-10.6519046849295,23.726279743161101
77,60,2.0781824053202702,-5.4817951511874803
78,60,3.5276979473802998,-6.6905324314000598
5,61,1.3579408586537021e-39,-3.953997930546783e-40
6,61,-1.0113277989450116e-32,-9.5567245669233202e-31
7,61,-1.0536893264178513e-45,1.1758202243267422e-44
8,61,-1.5962254640908212e-43,-1.6990074239648542e-44
9,61,-8.9848735367857527e-44,-7.4566328429306753e-45
10,61,2.1868234073469845e-39,-1.0532584345071265e-38
11,61,9.7027271842245258e-40,-4.6320258530317011e-39
14,61,-9.6978019347327334e-33,4.784382239410706e-34
15,61,2.8412428848111826e-25,-3.5227334657321584e-25
16,61,6.5178476347070345e-25,-8.1205674744714857e-25
17,61,-5.1429931768354843e-26,9.3966150012269775e-27
18,61,-1.4071385104719612e-30,-2.9174014993579258e-30
25,61,1.54057905537397,-4.0958741203328399
26,61,-7.5815109057749703,16.987599608685699
27,61,2.5628458460550898,-4.9046656273126796
28,61,-3.8948004046780327e-32,2.2374696297375769e-31
29,61,-3.128860467411665e-31,-5.7711268312279002e-32
30,61,9.1166565696447223e-32,1.8171819008738646e-32
34,61,-8.7008438013251182e-32,6.2479918017205574e-31
35,61,1.1763468746065604e-30,-1.625676907652163e-30
36,61,2.8953451939827005e-25,-4.616350726278442e-25
37,61,9.3123103340456385e-25,-1.1961034701813062e-24
38,61,8.4233914282795397e-26,-6.3031419407094293e-26
42,61,1.5948522573998258e-19,5.0163044917423544e-20
43,61,6.4675479600571528e-20,-4.8833432617213127e-20
44,61,1.5096039600509537e-19,4.8186373626951237e-20
45,61,2.081975715341128e-16,-1.1081295062104939e-16
46,61,-4.3037876189103161e-17,1.7414822499774842e-17
47,61,-1.6397443855738531e-16,9.2931133844878551e-17
57,61,3.5253986089279099e-16,2.0306906048580797e-15
58,61,-1.512133596161255e-15,1.6089492331548692e-16
59,61,1.2691324513553e-15,-2.1975333374524491e-16
60,61,-4.6355127212519962,12.258030835065213
61,61,25.630673701795494,-54.405223030117874
62,61,-11.272983290249819,17.632352611284656
63,61,-1.1242230615102069e-15,4.9954154045223083e-16
67,61,1.0937802133264596,-2.8851553515626738
68,61,-6.2401887031661349,12.939240245319063
69,61,3.0311125437530881,-4.4417096615469047
70,61,-2.6708196279097567e-30,-5.5559815466350573e-30
71,61,-7.7123774256142681e-42,-5.9753815613998189e-41
73,61,9.9887952279347442e-15,-3.3284322489095145e-15
74,61,-6.8589356386797381e-15,6.2296673273759289e-15
75,61,8.0240599279412479e-15,-2.8098652512623965e-15
76,61,2.0781824053202702,-5.4817951511874803
77,61,-11.8563585360156,24.584556329668398
78,61,5.7591138331308596,-8.4392483129084095
5,62,9.9350838732956871e-39,-9.6379890025509178e-40
6,62,1.7787330881614649e-30,-4.4994091737768399e-30
7,62,-1.1097126366674555e-44,7.4803664495512502e-44
8,62,-1.009984980779504e-42,-1.698877698613042e-43
9,62,-5.6876536327678014e-43,-8.0065019809875225e-44
10,62,1.214322813644885e-38,4.0139289250274033e-40
11,62,5.3816324807356597e-39,2.8147908190266317e-40
14,62,-4.7350202293500886e-33,-1.3495625167698189e-32
15,62,2.01329352185292e-24,-1.7925548366562262e-24
16,62,4.6382702477811553e-24,-4.1543612081871309e-24
17,62,-3.1258363416582876e-25,5.3506785097025764e-27
18,62,-3.5072683218625946e-30,2.4856266456385367e-30
25,62,4.2623713949900202,-6.3087480744762097
26,62,2.49837173672339,-4.7812778128038103
27,62,-9.6612768007434404,18.707957274977201
28,62,-3.5129742609949342e-31,-1.7983735015539888e-31
29,62,-8.71275058399714e-31,-1.5500498878816892e-30
30,62,1.1389812524926945e-30,1.7049437168197457e-30
34,62,-7.1821793062669125e-31,5.2487197501911695e-31
35,62,8.5597159254663443e-31,5.7369019400415512e-30
36,62,2.1482702193589179e-24,-2.4282337915800704e-24
37,62,6.6632178027441831e-24,-6.1477353056495142e-24
38,62,5.5809072855297575e-25,-2.8924552260423494e-25
42,62,7.0481331659578474e-19,3.4246843766942965e-19
43,62,3.3375896072808049e-19,-1.8177074029484725e-19
44,62,6.6665822614139722e-19,3.2742878857058355e-19
45,62,-7.0104541349055788e-17,1.5115021213454166e-17
46,62,1.0311736218759022e-16,-2.6938380544371798e-17
47,62,-3.575217810923383e-17,1.2219910049616726e-17
57,62,7.2695877532870257e-16,-2.3215656761343177e-15
58,62,-9.9464748521063213e-16,-7.5230154301090708e-16
59,62,-1.8277607449147606e-15,2.1576995152075975e-16
60,62,-9.4336339028209686,16.205175813228678
61,62,-11.272983290252819,17.632352611299261
62,62,29.59542189732025,-57.00773453326574
63,62,-6.819910318723627e-15,-4.6775599727856337e-15
67,62,1.8566831302001527,-3.5213328733628662
68,62,3.0311125437530837,-4.4417096615468985
69,62,-6.977951722965491,13.408414711827271
70,62,-6.6813220157304516e-30,4.7219525125636335e-30
71,62,9.9865942271765298e-41,-4.1600533260445614e-40
73,62,-2.0441953934104049e-16,-4.382739384431337e-15
74,62,6.6905877941909097e-15,-2.7901718462755406e-15
75,62,-5.0361196300010408e-15,5.9367113231900903e-15
76,62,3.5276979473802998,-6.6905324314000598
77,62,5.7591138331308596,-8.4392483129084095
78,62,-13.2581082736345,25.475987339919701
5,63,-4.6059489802459768e-27,-4.263417367239889e-27
6,63,-1.3356292431649414e-16,7.5807130041074713e-16
7,63,6.3621039403459217e-32,3.4663822417067097e-31
8,63,-4.1621513797294528e-30,1.3500347248105285e-30
9,63,-2.4979495875628859e-30,7.5130093992380313e-31
10,63,-2.6561052595611904e-24,-5.7896106294994416e-24
11,63,-1.172235577229579e-24,-2.5551668214931573e-24
14,63,-4.7121068652711873e-18,3.2233478682794216e-18
15,63,2.1280026741237903e-16,2.9066456530127742e-18
16,63,-1.2207015240442087e-16,6.7411030194964242e-18
17,63,1.4544763097907928e-17,2.9847069196400651e-17
18,63,2.1676121521132747e-30,-1.0732986801175424e-30
28,63,-1.6509557800589438e-17,1.6992570316452791e-16
29,63,-8.6554230690798875e-17,-2.5737212840694248e-16
30,63,8.4469208705910233e-17,2.5776963481142054e-16
34,63,2.7807030958864759e-16,6.2881258509033964e-16
35,63,-2.8283217989760497e-17,8.9992747820143369e-16
36,63,3.3210410914353624e-16,7.181083967462675e-18
37,63,-1.9227716931157118e-16,1.0167437663512703e-17
38,63,6.4277686000982915e-16,1.1107935384366554e-16
42,63,1.3129979449037982e-15,-5.7156628599764002e-15
43,63,-1.9109345436445804e-16,5.75739936053642e-15
44,63,-3.6391675110765798e-15,-2.2226924950106695e-15
45,63,-1.6759625894192876e-15,4.8177345910208795e-16
46,63,5.3218021521790395e-16,-2.4703273269543757e-16
47,63,-2.0880248740587899e-16,-6.0565495417061027e-16
57,63,-6.2751740483811287e-15,5.7951391796179386e-16
58,63,-9.7843445864601736e-15,6.553289102656201e-15
59,63,8.2563847002860033e-15,-1.9971126197855281e-14
60,63,-11.300559866580699,11.456142356468192
61,63,4.0912531792204325e-15,2.2784320805372185e-15
62,63,-9.5380124710952522e-15,1.6390654745893285e-14
63,63,11.300559866580768,-11.456141393665614
67,63,6.9485858843136091e-16,-5.4910227589949061e-15
68,63,-1.4750776498809882e-15,2.660827405247046e-15
69,63,-1.9078728770235717e-14,1.970370706454368e-14
70,63,4.8396896007443292e-30,-2.0280854730102976e-30
71,63,1.9366801298047433e-31,8.424148991548623e-32
73,63,-1.0053045995255904e-15,8.9160332159199491e-15
74,63,-6.9847251989608314e-15,-1.6024794409590504e-15
75,63,-3.7119819599349321e-15,-6.1229700679093602e-15
76,63,-3.1672152310274258e-32,-1.8253580935023298e-32
77,63,3.5347398880528243e-32,2.6071671062912114e-32
78,63,-1.8376347101454684e-32,-1.5558354047753028e-32
4,64,-9.8802987800129891,20.4871302747237
5,64,4.7992615276090502,-7.0327069274236704
6,64,1.7318186711002199,-4.5681626259895696
64,64,24.700746950032499,-51.217825376723198
65,64,-11.998153819022599,17.581767218489301
66,64,-4.3295466777505602,11.420406526833901
70,64,-14.8204481700195,30.730695412085499
71,64,7.1988922914135802,-10.5490603911355
72,64,2.5977280066503301,-6.8522439389843504
4,65,4.7992615276090502,-7.0327069274236802
5,65,-11.0484235613621,21.2299894499331
6,65,2.93974828948358,-5.5754436928333897
64,65,-11.998153819022599,17.581767218489301
65,65,27.621058903405199,-53.0749732981186
66,65,-7.3493707237089501,13.938609168471199
70,65,7.1988922914135802,-10.5490603911355
71,65,-16.5726353420431,31.8449841748997
72,65,4.40962243422537,-8.3631655392500797
4,66,1.7318186711002199,-4.5681626259895696
5,66,2.93974828948358,-5.5754436928333897
6,66,-8.8765872374412709,19.771899785967602
64,66,-4.3295466777505602,11.420406526833901
65,66,-7.3493707237089501,13.938609168471199
66,66,22.191468093603198,-49.429749170095597
70,66,2.5977280066503301,-6.8522439389843504
71,66,4.40962243422537,-8.3631655392500797
72,66,-13.314880856161899,29.657849678951401
5,67,1.4592150201465581e-39,-3.5529307030387332e-40
6,67,1.0878528622048616e-30,-4.7590073167186766e-31
7,67,-2.1668922351566577e-45,1.380464059570617e-44
8,67,-1.8699059373171798e-43,-3.1822425414479986e-44
9,67,-1.0539077656695961e-43,-1.5731473521476086e-44
10,67,1.363441577060568e-38,-1.6153632820474089e-38
11,67,6.0225851122101945e-39,-7.1092419918567715e-39
14,67,-1.634256754562157e-32,-9.741073705874786e-33
15,67,3.4600390390261412e-25,-3.9304392862341393e-25
16,67,7.934274506466907e-25,-9.0478191095766435e-25
17,67,-5.9856955975078118e-26,8.2526575721166337e-27
18,67,7.306865655796595e-16,-1.2302440988042493e-15
28,67,1.6159418485004318e-31,1.9191326663506095e-32
29,67,-1.0307104813488665e-30,-8.3136541342328273e-32
30,67,-8.1239002728629648e-32,3.1264545232762398e-31
34,67,3.0312748179003635e-31,-2.372790712788383e-30
35,67,-7.8301706311865855e-31,1.2860659414521462e-31
36,67,3.578801875890817e-25,-5.1935839181421211e-25
37,67,1.1353455979211014e-24,-1.3340745740793832e-24
38,67,1.0044512524357013e-25,-6.8564237662275304e-26
42,67,1.9453104166257638e-19,6.8252280388160502e-20
43,67,8.1672228335447319e-20,-5.7574216474792049e-20
44,67,1.8410471604857468e-19,6.5472683695248711e-20
45,67,-2.5982100849678912e-16,1.4975121524204749e-16
46,67,5.6765118535888038e-17,-2.667264594332794e-17
47,67,2.0150672671088889e-16,-1.2248230398590316e-16
57,67,1.8652936745428789e-15,-4.5271295598316176e-16
58,67,-2.0983622019797806e-15,-1.250555111387135e-15
59,67,-8.0311290612450714e-16,2.662319008876797e-15
60,67,-5.6062656236471069,12.487515722570224
61,67,1.0937802133264616,-2.8851553515627013
62,67,1.8566831302001501,-3.5213328733628737
63,67,-3.3964308312099636e-15,5.0583014503182004e-15
67,67,8.6463701317740522,-18.781220092797369
68,67,-1.6266445553578928,4.2907507289298801
69,67,-3.3333759656956952,5.6852503280640825
70,67,1.3937307741880177e-15,-2.3396071085764006e-15
71,67,-8.9945317308789426e-42,-6.5319107147970073e-41
73,67,-3.0400919323117299,6.30373262606133
74,67,0.53286728341544465,-1.405588529066262
75,67,1.4766958546489843,-2.1639098992862817
76,67,-2.3393643676253805e-47,-4.2629486382035095e-48
77,67,6.144406957296839e-47,-8.6526075455255091e-47
78,67,-3.5354861125864128e-47,1.5076201057895712e-46
5,68,1.8456561635086526e-39,-5.5731738421630885e-40
6,68,-5.486414509097269e-31,-1.6940173584512317e-30
7,68,-1.6809808354041874e-45,1.6540381180483139e-44
8,68,-2.2434548488925123e-43,-2.5443276917150505e-44
9,68,-1.2649670317880803e-43,-1.1821659265722985e-44
10,68,1.0366748604870132e-38,-2.9203452152804924e-38
11,68,4.5823044374524977e-39,-1.2866015313125761e-38
14,68,-2.7076796839716564e-32,-3.7484695932855431e-33
15,68,3.9067081934954976e-25,-4.8437511383390809e-25
16,68,8.9620334449204677e-25,-1.1165762871722018e-24
17,68,-7.0716029125186755e-26,1.2920392855080461e-26
18,68,-7.4106676309160557e-16,3.9630273292389924e-16
28,68,3.3881729869636204e-32,3.3668038779836526e-31
29,68,-8.9631452575849193e-31,-7.7560946048999695e-32
30,68,-1.6752240679103468e-31,3.4384655883388748e-31
34,68,-1.6014509250456836e-30,-4.7406012739806085e-31
35,68,1.4257046538946197e-31,-1.4087536850696911e-30
36,68,3.9811005119716008e-25,-6.3474732540941627e-25
37,68,1.2804416598453743e-24,-1.6446396965284953e-24
38,68,1.1582228163067141e-25,-8.6666910701593913e-26
42,68,2.1929199825015674e-19,6.8974170798363607e-20
43,68,8.892872541089568e-20,-6.7145900452668818e-20
44,68,2.0757036719255356e-19,6.6256247869764509e-20
45,68,2.8627071928230326e-16,-1.5236733279990691e-16
46,68,-5.9178066427823606e-17,2.3945883129544142e-17
47,68,-2.2546579318997932e-16,1.2778078179612859e-16
57,68,-1.1771917123149537e-15,3.660438182271631e-15
58,68,-3.7868118908768356e-15,-2.2732472254616794e-15
59,68,5.6873338568914938e-15,-1.0404497923724978e-15
60,68,1.0937802133264498,-2.8851553515626676
61,68,-6.2401887031661376,12.939240245319057
62,68,3.0311125437530935,-4.4417096615469092
63,68,-1.4606306508790415e-14,3.3085330193722296e-15
67,68,-1.6266445553579123,4.2907507289298881
68,68,8.9714620864586436,-19.012867782543061
69,68,-3.9356467386241798,6.1572408152259772
70,68,-1.4114054042109447e-15,7.5240361322723677e-16
71,68,-1.0602890660838275e-41,-8.2163630652094736e-41
73,68,0.53286728341546141,-1.4055885290662453
74,68,-2.7312576115204061,6.083661694934424
75,68,0.904537935225731,-1.715521184227063
76,68,-3.4050579274660809e-47,3.6159713508559474e-47
77,68,7.7982027728100259e-47,-5.6891563286394029e-47
78,68,-1.8395976965653453e-47,6.2461500120483517e-47
5,69,1.3675714387966787e-38,-1.3380588599523608e-39
6,69,2.095364486017156e-30,-6.6259338908040865e-30
7,69,-1.5407710539798171e-44,1.0267727301378322e-43
8,69,-1.3872861763771383e-42,-2.356663969786247e-43
9,69,-7.8116019216584282e-43,-1.1149068347632706e-43
10,69,2.6815974776453294e-38,-2.5163724335966988e-39
11,69,1.1865644127699832e-38,-9.671134375992215e-40
14,69,-1.0558110583652339e-32,-2.723719909642026e-32
15,69,2.7682744953440227e-24,-2.4647533856860193e-24
16,69,6.3776116108657498e-24,-5.712224563641932e-24
17,69,-4.2980147483424015e-25,7.3566886728997288e-27
18,69,1.657505952762339e-15,-2.9062482620644215e-15
28,69,-4.4659233979545059e-31,-4.8831545998719778e-31
29,69,-1.4690789767597502e-30,-1.9235222437555005e-30
30,69,1.3949438500300524e-30,2.3959076432031293e-30
34,69,-1.6346293947271079e-30,-1.1113985359191747e-30
35,69,1.0159303823447764e-30,8.273184215782621e-30
36,69,2.9538681179212145e-24,-3.3388094913588445e-24
37,69,9.1619103704350767e-24,-8.4531036715178555e-24
38,69,7.6737331908769468e-25,-3.9771015754672946e-25
42,69,9.6911546090838963e-19,4.7089401084992103e-19
43,69,4.5891773215012587e-19,-2.4993366850830875e-19
44,69,9.1665236059288542e-19,4.5021448664937868e-19
45,69,-9.6394040509713401e-17,2.0783022183685892e-17
46,69,1.4178576675937259e-16,-3.7040177632083307e-17
47,69,-4.915948903656454e-17,1.6802195605074103e-17
57,69,9.6398475678962708e-16,-3.2554212060051261e-15
58,69,-1.6606593676210816e-15,-3.1902825759833733e-15
59,69,-2.2569487088294676e-15,2.593343487600621e-15
60,69,1.8566831302001494,-3.5213328733628577
61,69,3.0311125437530904,-4.4417096615469012
62,69,-6.9779517229654928,13.40841471182727
63,69,-5.9031923769350055e-15,-8.1885374422790562e-15
67,69,-3.3333759656957254,5.6852503280640487
68,69,-3.9356467386241629,6.1572408152259559
69,69,10.37748600262951,-19.930679447999374
70,69,3.1618587838496644e-15,-5.5271061902894401e-15
71,69,1.3731627008706025e-40,-5.7200722059298902e-40
73,69,1.4766958546489755,-2.1639098992862409
74,69,0.90453793522574188,-1.7155211842270408
75,69,-3.3995149419575581,6.5323046925113601
76,69,1.10374559734681e-46,4.3744240550284443e-46
77,69,4.2152389149143981e-47,-1.4831377298544814e-46
78,69,-3.6647223868397287e-46,1.3286358623172428e-46
5,70,3.2657537029850179e-56,2.9927583770690209e-56
6,70,1.3477881229797037e-45,2.7557019156663787e-45
7,70,1.076221694292742e-60,7.4072962402508765e-61
8,70,-7.7887708886087804e-60,1.4728125076490818e-59
9,70,-4.6613387966122554e-60,8.5550850309147817e-60
10,70,-1.7136845226049307e-53,-5.5176660871023308e-54
11,70,-7.5631146196889067e-54,-2.4351499520899893e-54
12,70,-9.8802987800129891,20.4871302747237
13,70,4.7992615276090502,-7.0327069274236704
14,70,1.7318186711002199,-4.5681626259895696
15,70,3.0387954240432023e-46,2.1336743867325772e-46
16,70,-6.3015984055679839e-46,-1.147560130640597e-45
17,70,-6.8593293961010936e-47,-8.5409639504690424e-47
18,70,-3.4643135466250441,3.5180658879315669
28,70,3.4354427390095726e-47,5.7284201743738447e-46
29,70,-7.3605510293638654e-46,-6.8961930901024632e-46
30,70,1.3053578949029352e-45,4.0322069112695736e-46
34,70,-2.5070945415496918e-45,-7.4031635179455572e-46
35,70,-1.0223272136221167e-45,1.3802682997467062e-45
36,70,4.2724100714658308e-46,5.5556438052647029e-46
37,70,-8.9053840890543722e-46,-1.8099651664264681e-45
38,70,-1.1694198305536261e-45,2.5061824872949203e-45
42,70,1.415205702203371e-44,-3.2475655886896278e-45
43,70,-2.1591096575396817e-44,-2.5356086183173258e-44
44,70,2.0057265052008377e-44,3.1550077243064456e-44
45,70,-1.6720593823275085e-36,-8.1656507896824952e-37
46,70,-1.7175007269396456e-36,-8.3607350052052784e-37
47,70,-1.6766454139496912e-36,-8.1811805900717069e-37
57,70,-3.3683022422977768e-30,-2.485620606114756e-30
58,70,-4.3428629563900875e-30,-5.1492247311794903e-30
59,70,8.4359861638329251e-30,7.0122903723564209e-30
60,70,1.7234817842293519e-30,-3.519621011956455e-30
61,70,1.2362755732003853e-30,-4.4920552179769006e-30
62,70,5.9716857715292472e-30,8.4550584273105498e-30
63,70,3.2575792577043801e-31,7.9935205866408191e-30
64,70,-14.8204481700195,30.730695412085499
65,70,7.1988922914135802,-10.5490603911355
66,70,2.5977280066503301,-6.8522439389843504
67,70,-9.9234305412011207e-15,3.2919244742731752e-15
68,70,3.9558593374722974e-16,-2.6770262737458132e-15
69,70,7.376275191086794e-15,3.9147728584709333e-15
70,70,28.143543021296964,-54.71403960369031
71,70,-11.998153819022599,17.581767218489301
72,70,-4.3295466777505602,11.420406526833901
73,70,-3.7791486564018821e-16,-4.7343954565833681e-16
74,70,9.9179245540775475e-16,4.7785412968157857e-16
75,70,-5.6079048712181781e-16,-1.3709701221448186e-17
76,70,-9.9852577357268667e-62,1.1856569866704622e-61
77,70,1.3709164525296895e-61,-1.9236773391574792e-61
78,70,-4.9784683654196033e-62,1.4039821807115915e-61
5,71,3.1509654606900297e-15,-5.2774786721945654e-16
6,71,-6.4797852133106423e-16,-3.7891879650543841e-16
7,71,7.5253689392355646e-17,-9.7740802544187886e-16
8,71,1.6800746683826212e-15,-6.858868358629076e-16
9,71,-4.4099078547644425e-15,1.0597337099141057e-14
10,71,-1.528092436378249e-14,-8.7047316546180314e-15
11,71,-6.5473014261224444e-15,-1.1502560499466614e-15
12,71,4.7992615276090502,-7.0327069274236802
13,71,-11.0484235613621,21.2299894499331
14,71,2.9397482894835862,-5.5754436928333924
15,71,1.0686533551414448e-16,-3.4665611570684171e-16
16,71,6.9521211934389982e-17,-7.672873961821406e-17
17,71,2.8484444467693809e-16,-6.8178167615296005e-16
18,71,7.8046793885704262e-16,2.093398547154895e-15
28,71,8.7091086077739255e-15,1.2076618067888255e-14
29,71,1.5416415187131912e-16,-2.2372807100095083e-14
30,71,-7.5999623191602048e-15,6.7744031147380106e-15
34,71,-8.9789302076516937e-16,1.0821152266478862e-15
35,71,-9.233354429335507e-15,5.6044842699778361e-15
36,71,-1.1090048192736159e-15,5.7127570302942056e-15
37,71,-1.2758854851392647e-15,-1.6185101832729804e-14
38,71,4.9031765476164717e-15,1.0598343234055127e-14
42,71,5.5315706243409948e-28,1.9912288172097395e-28
43,71,3.2502789352652065e-28,6.7144878046344619e-29
44,71,-1.0296298665548103e-27,-3.1983133369761409e-28
45,71,7.292670387236051e-29,3.3992677484885188e-29
46,71,5.4389899222405593e-29,1.982745511804807e-29
47,71,-1.7628136452498019e-28,-6.4156932842471839e-29
57,71,4.6018119153299989e-31,-1.6206356777269942e-30
58,71,-5.797206777847865e-31,-3.3709798489991998e-30
59,71,3.0585527837015507e-30,1.47525444339928e-31
60,71,-8.308921293579226e-42,-1.5288092909265515e-41
61,71,-9.7725356265662991e-42,-1.7239784578099748e-41
62,71,-9.8926963569896381e-42,-1.1431413954383786e-40
63,71,-4.3159082576320285e-42,-6.4697621693157242e-41
64,71,7.1988922914135802,-10.5490603911355
65,71,-16.5726353420431,31.8449841748997
66,71,4.40962243422537,-8.3631655392500797
67,71,-1.1425683151539905e-41,-2.1021245514936338e-41
68,71,-1.3435911640875399e-41,-2.3704527623589277e-41
69,71,-1.3603223077111061e-41,-1.5718098424818743e-40
70,71,-11.998153819022599,17.581767218489301
71,71,27.621058903405213,-53.074973075933208
72,71,-7.3493707237089501,13.938609168471199
73,71,9.1228845402274773e-46,-1.9164205366493979e-46
74,71,-2.3553349062500749e-46,1.5460945960481551e-45
75,71,2.0435653018506474e-45,-2.2386426359391892e-45
76,71,-4.0456546494190337e-16,-9.5011813216335783e-16
77,71,6.5506070568465909e-16,4.679854264228108e-16
78,71,-7.6587457471509176e-16,-7.7251990558893485e-16
12,72,1.7318186711002199,-4.5681626259895696
13,72,2.93974828948358,-5.5754436928333897
14,72,-8.8765872374412709,19.771899785967602
64,72,2.5977280066503301,-6.8522439389843504
65,72,4.40962243422537,-8.3631655392500797
66,72,-13.314880856161899,29.657849678951401
70,72,-4.3295466777505602,11.420406526833901
71,72,-7.3493707237089501,13.938609168471199
72,72,22.191468093603198,-49.429749170095597
5,73,-2.455934564706667e-41,-3.0192190899870483e-42
6,73,-2.8946014508491074e-32,-3.3168116055106596e-31
7,73,5.4267853211122854e-46,4.9705499054516393e-46
8,73,-5.1432370947698396e-45,8.5920825466009654e-45
9,73,-3.46794775684664e-45,4.6705575167249759e-45
10,73,-1.5148243020046723e-38,-2.1546774289861349e-38
11,73,-6.6854715593837778e-39,-9.5093799942495427e-39
14,73,-1.5915135576501269e-32,1.5892728709433432e-32
15,73,-4.9042098996098713e-30,1.0867072020344244e-29
16,73,-1.0642252586118046e-29,2.5809549979395003e-29
17,73,1.3296105707734692e-30,-5.5162868685799399e-31
18,73,-5.8767548065886081e-16,2.6722543896218513e-16
28,73,3.9228092559932094e-31,-1.602940234366099e-31
29,73,-8.0386620394891096e-31,7.2620208184017952e-31
30,73,2.7645327713289995e-31,6.4614777402855583e-31
34,73,1.5171427161872391e-31,-2.5113798765920758e-30
35,73,-3.7730367016738617e-32,-1.1050966055247281e-31
36,73,-4.3791487325956276e-30,1.3534683384323789e-29
37,73,-1.4876388206965168e-29,3.7862314499139529e-29
38,73,5.3048671692064727e-31,-1.4066147950747478e-31
42,73,-3.2848568861726182e-24,-1.0078150420433665e-25
43,73,-9.6543900552445748e-25,1.2685506927382407e-24
44,73,-3.113056380682562e-24,-1.0867744290126637e-25
45,73,-4.9674437826666661e-22,2.5315760336164307e-22
46,73,-8.5747613051493576e-22,5.2693530384298866e-22
47,73,-4.3704508872392458e-22,1.9782585823383365e-22
57,73,1.0232269623694015e-15,-9.4305994658191657e-16
58,73,-4.936714057419674e-16,5.3855469385255674e-16
59,73,5.116122820312102e-15,-1.0397392286653877e-16
60,73,-4.2554435986636047e-15,-1.2187428369502421e-15
61,73,-1.2406005580470533e-16,-1.931945023074091e-15
62,73,-2.1271800742556466e-17,6.8672853815114792e-15
63,73,7.4830669927567692e-16,1.2974961217569709e-14
67,73,-3.0400919323117224,6.3037326260613202
68,73,0.53286728341547462,-1.4055885290662657
69,73,1.4766958546489799,-2.1639098992862551
70,73,-1.1191452362334094e-15,5.0712336162636981e-16
71,73,4.3230688454430681e-46,-1.9411462316880887e-45
73,73,3.0402112231737775,-6.2634524413963071
74,73,-0.53282658829144025,1.4056883003249672
75,73,-1.4766543638165794,2.1640395061282369
76,73,7.843237499507278e-47,4.2869232070292638e-47
77,73,6.316638809910977e-47,-1.7116026805345637e-46
78,73,-1.170776177137827e-46,1.3739937734230423e-46
5,74,-1.4688410188082271e-41,-2.2204383571356931e-41
6,74,-7.1664325792013672e-31,3.2040396916182027e-31
7,74,2.2253982105794159e-46,6.9724313505600768e-46
8,74,-9.1282717363667559e-45,4.2516561257284705e-45
9,74,-5.613125803158846e-45,2.0481019575706632e-45
10,74,-3.9208680008009368e-39,-2.7611379759026419e-38
11,74,-1.730420987798641e-39,-1.2185911143560994e-38
14,74,-2.2820419602652614e-32,8.1952697851547321e-33
15,74,3.7982527455593849e-31,-5.973629590398938e-31
16,74,8.5259013992823894e-31,-1.002164560872303e-30
17,74,-6.3663370529678111e-32,1.3645678686781593e-31
18,74,3.2183987749399361e-16,2.3997653691195492e-16
28,74,2.8760303371185062e-31,2.918209603719585e-31
29,74,-8.8755665284318821e-31,1.421478357023615e-31
30,74,-2.7192357299593468e-32,4.5933188883997e-31
34,74,-4.3167915206433941e-31,-2.6270494694921179e-31
35,74,3.3177525460184129e-31,3.9666095046204034e-31
36,74,3.7318691365196087e-31,-8.4301911619660396e-31
37,74,1.2427434119540135e-30,-1.4227464610454368e-30
38,74,1.5062939267829798e-30,-5.4051642494787738e-31
42,74,2.0183063066147595e-25,1.7189988211600704e-26
43,74,6.3650628163685501e-26,-7.485576080040342e-26
44,74,1.912256160211008e-25,1.7113723898854701e-26
45,74,2.6774437527533919e-22,3.061086543067206e-22
46,74,2.9757820185662846e-22,2.9865294885111371e-22
47,74,2.646051984986887e-22,3.1011729697200132e-22
57,74,-2.4685639514829125e-16,1.2074944193899068e-15
58,74,1.6670740875395588e-15,5.982662296270908e-16
59,74,5.7704401280961959e-16,-1.4568961780591038e-15
60,74,2.8654572826797805e-15,-1.64385066417449e-15
61,74,1.1790948466870068e-15,3.0048573388203553e-15
62,74,-1.1194608126828506e-15,-8.279467394144863e-15
63,74,-9.6354798056761857e-15,6.0126285325688257e-15
67,74,0.5328672834154653,-1.4055885290662182
68,74,-2.7312576115203875,6.0836616949344391
69,74,0.90453793522573545,-1.7155211842270504
70,74,6.1193462651022541e-16,4.575324061445237e-16
71,74,-3.3232775066810002e-46,-2.3270856843384009e-45
73,74,-0.53282658829144625,1.4056883003249867
74,74,2.7313778560380353,-6.0433850835515699
75,74,-0.90449602747893509,1.7156307826291233
76,74,5.3412602221194771e-47,3.6508783513627419e-47
77,74,6.6071951425180094e-47,-1.0089205628510165e-46
78,74,-6.5071758284162145e-47,7.3925208897655038e-47
5,75,1.5751459567944604e-41,-1.0579214306905748e-41
6,75,-2.7132077495481929e-31,-1.6403754223173173e-31
7,75,1.4759513430261492e-46,-3.2498639024846549e-46
8,75,2.7477105872712176e-45,1.0736483032124822e-45
9,75,1.6519255717403921e-45,3.3882090833901644e-46
10,75,1.0609073461197003e-38,-3.0651275717816041e-39
11,75,4.6821720012055568e-39,-1.3527522632234028e-39
14,75,-3.2487619205811517e-33,-9.1796554636017813e-33
15,75,4.3917061883228133e-30,-1.0036214430980428e-29
16,75,9.9472092800325911e-30,-2.3714172488185624e-29
17,75,-1.2403786899776351e-30,5.8320479066535798e-31
18,75,-1.0033920622615449e-16,-8.2110750837751046e-17
28,75,4.7933301582201963e-31,-3.2680023314533302e-31
29,75,-8.6758242028715967e-31,3.8928097405930776e-31
30,75,-2.8798692811029229e-31,1.6600535701807274e-32
34,75,-1.0028835802339803e-30,-2.3933702457597582e-30
35,75,-8.6912278260827567e-32,-1.2850746837788059e-30
36,75,3.8032877712163625e-30,-1.2528733838191442e-29
37,75,1.3961344278702469e-29,-3.478062281979448e-29
38,75,5.6548121539363764e-31,-3.2213780079491329e-31
42,75,3.0676955015704762e-24,9.7909883866442655e-26
43,75,9.0310977862868203e-25,-1.1836163728578238e-24
44,75,2.9072324119307577e-24,1.0512968004106084e-25
45,75,8.4965115794711864e-22,1.2648496569699317e-22
46,75,1.1975373347355915e-21,-1.1961406995214628e-22
47,75,7.9540860122416972e-22,1.7846575154325436e-22
57,75,4.8678175977316738e-15,-7.6048712788563227e-16
58,75,2.9354628609519438e-15,1.9876144583325929e-15
59,75,-2.0077795850044268e-15,4.461933016281707e-16
60,75,-9.3550816678478181e-15,2.5766743404962197e-15
61,75,8.8714550063350115e-15,-1.5710066246458879e-15
62,75,-2.9119498657819335e-15,-1.303763020662833e-15
63,75,7.836377664354607e-15,2.8703612926096983e-15
67,75,1.4766958546489704,-2.1639098992862489
68,75,0.90453793522575177,-1.7155211842270475
69,75,-3.3995149419575341,6.5323046925113415
70,75,-1.9076311101528782e-16,-1.5652559820091909e-16
71,75,1.4780999462618187e-45,-2.329591902215364e-45
73,75,-1.4766543638165981,2.1640395061282511
74,75,-0.90449602747893421,1.7156307826291011
75,75,3.3996365533470385,-6.4920309605164981
76,75,-3.7094262430549773e-47,2.5659146237278731e-46
77,75,1.2725638762599846e-46,-2.0524909140081394e-46
78,75,-5.4455145609942912e-47,-2.9263305290722747e-48
5,76,-5.4150596282218146e-15,3.1215447779861846e-15
6,76,-5.504403236227486e-30,2.4672397912635599e-30
7,76,-5.6418546950403162e-15,1.7608431357617531e-15
8,76,5.208062857387467e-15,-1.6635636711794473e-14
9,76,-3.6455344474505545e-15,-3.98640120554381e-15
10,76,2.0291213132845501e-15,-2.8745901811631076e-15
11,76,1.1093264599358213e-15,-3.4657935593855618e-15
14,76,-1.2441927541949719e-16,-5.6299745607574976e-15
15,76,6.8258457580914881e-29,1.6064602686160403e-31
16,76,1.7104979620688156e-28,4.3997154666036856e-29
17,76,-1.201361298766404e-29,-2.2940990489218515e-29
18,76,4.6685156036488883e-15,-2.6586777287896267e-15
28,76,-3.7601868266206998e-16,-2.123103514325607e-15
29,76,-4.4149520114418782e-16,-2.5640718886717663e-16
30,76,2.4911762460440334e-16,6.1978404418560396e-17
31,76,-2964089.6340039,6146139.08241711
32,76,1439778.4582827201,-2109812.0782271
33,76,519545.60133006697,-1370448.7877968701
34,76,-4.8287666041423228e-17,5.581216207453897e-17
35,76,4.6022408265426779e-17,1.66047553246122e-17
36,76,9.8817812900875817e-16,-1.1437507517974892e-15
37,76,1.1215899769849014e-15,2.8637880852588575e-16
38,76,-6.6189074012435668e-16,-2.8754953583545414e-15
42,76,1.1723276172203726e-30,-4.4743692016048402e-30
43,76,-2.9307247041403788e-31,-2.4969835849212428e-30
44,76,-1.3573442224006041e-30,8.5305741135111486e-30
45,76,1.4603405743131213e-31,-5.7969955324917737e-31
46,76,8.4632680942879397e-32,-3.9035803401979854e-31
47,76,-2.9181435319206538e-31,1.4697600378519208e-30
57,76,-1.3921005330762343e-32,1.0927443402362609e-32
58,76,-3.4005664853006154e-32,-1.8052087195450861e-33
59,76,1.2722797147704013e-32,-1.9606659941352443e-33
60,76,-10.6519046849295,23.726279743161101
61,76,2.0781824053202702,-5.4817951511874803
62,76,3.5276979473802998,-6.6905324314000598
63,76,8.6685615398185052e-46,-3.3579210814890615e-45
67,76,5.6344097862503084e-47,-2.151419937451235e-47
68,76,2.034318576201162e-47,1.3455346639231386e-48
69,76,5.2352970676181417e-47,3.6529508130136455e-47
70,76,-8.6195905960756486e-62,8.4747528366388666e-62
71,76,-5.1914596790174132e-16,3.8843424599165834e-15
73,76,-2.7259904283124599e-47,-5.2984408269507965e-47
74,76,-5.4396730598830735e-47,-1.3332212029370158e-49
75,76,-1.1580641813042648e-47,3.069883333934254e-47
76,76,2964100.2859085766,-6146162.8086944306
77,76,-1439780.5364651179,2109817.5600219402
78,76,-519549.12902801402,1370455.4783287749
5,77,-2.2030565190508441e-16,-2.1458948269223374e-15
6,77,-1.7327450674257538e-30,-3.1185306617986463e-29
7,77,6.9751872972683176e-15,2.4968706628775447e-15
8,77,-2.9196794142709145e-15,-1.8951352492012206e-14
9,77,-2.8537290652473525e-14,-3.2494076514285303e-14
10,77,-2.4453156879843748e-15,1.4345283855164834e-15
11,77,3.8157418636949679e-16,-1.584043457564741e-17
14,77,8.0193554336807061e-16,-8.027583931562202e-16
15,77,-6.712102018131928e-29,7.411518199433437e-29
16,77,-1.0418738985254616e-28,1.5084395886857172e-28
17,77,-1.6805813925698019e-29,2.0343629851883233e-29
18,77,3.4557140123510098e-15,2.1143253785615341e-15
28,77,7.9778606630818383e-16,2.4147951229611415e-15
29,77,-2.3022623081368398e-17,-1.5100983018051634e-16
30,77,-1.7300267927176469e-16,3.0872956289131275e-16
31,77,1439778.4582827201,-2109812.0782271
32,77,-3314527.0684086201,6368996.83497993
33,77,881924.48684507399,-1672633.1078500201
34,77,5.0857581899114732e-17,5.1234511170962532e-17
35,77,-2.9814643147660754e-18,5.3341595672913153e-18
36,77,2.2226366246434842e-15,-1.7940483389580405e-15
37,77,1.4868234717816571e-17,7.4731139572329814e-16
38,77,1.1099104879215636e-15,6.4918704582869904e-15
42,77,9.7137431825395861e-30,6.9803203340485387e-30
43,77,6.7334315254075349e-30,4.055066908042437e-30
44,77,-1.8614510842309895e-29,-1.2600934268037942e-29
45,77,1.3215377983616071e-30,1.1774758078551381e-30
46,77,9.958548518267134e-31,7.446472843489509e-31
47,77,-3.1288726132458027e-30,-2.3260773802707692e-30
57,77,3.1082755920426635e-32,2.3705008359747385e-32
58,77,6.9398308899652754e-32,5.0598558776011019e-32
59,77,-1.1484002204451931e-32,4.4635473752631939e-32
60,77,2.0781824053202702,-5.4817951511874803
61,77,-11.8563585360156,24.584556329668398
62,77,5.7591138331308596,-8.4392483129084095
63,77,9.1096382600388993e-45,1.0572850163463242e-44
67,77,-1.2767914241142029e-46,7.7406471343013518e-47
68,77,8.9333949664045239e-47,-7.9513010235152021e-47
69,77,-1.7076639420750997e-46,-1.109328441012151e-46
70,77,1.1551321376188938e-61,-4.1448072376769299e-62
71,77,3.7325358435073715e-18,-2.6465535264039844e-15
73,77,1.9430844183229744e-47,6.533176184986e-47
74,77,9.1669056582955817e-48,2.0752468430919466e-47
75,77,-2.1785938016588098e-47,-3.2461835583770994e-47
76,77,-1439780.5364651179,2109817.5600219402
77,77,3314538.9247671603,-6369021.4195337193
78,77,-881930.24595890695,1672641.5470975037
5,78,4.0646071502212133e-15,-1.5594002981212404e-15
6,78,-1.3221606430941852e-30,5.2445334304010958e-29
7,78,-7.3278881734669123e-16,7.1400141405275183e-15
8,78,-1.3878085243483835e-14,7.9778272153323599e-15
9,78,9.0567468578202512e-15,6.1646080775344304e-15
10,78,-1.9675000124660408e-15,-3.3960923297784396e-15
11,78,-3.6917210801977025e-15,-2.1755074667618851e-15
14,78,1.6995371146195621e-15,4.4128542600416155e-15
15,78,2.2741647127767399e-29,5.3138112742740427e-30
16,78,4.8572999294016195e-29,-2.9705068185714588e-29
17,78,8.7288009039484863e-30,-9.8632174909653286e-30
18,78,-7.8115827485109581e-15,-1.2803132267907418e-15
28,78,-9.0590816204268264e-17,-1.1855225156215184e-15
29,78,-2.7211404405757742e-16,3.215869581202956e-16
30,78,5.3190713829753519e-17,-2.4641514601267786e-16
31,78,519545.60133006697,-1370448.7877968701
32,78,881924.48684507399,-1672633.1078500201
33,78,-2662976.17123238,5931569.9357902799
34,78,-1.1207567009602018e-16,-1.3970092959954698e-16
35,78,-1.4435468435527893e-16,-4.8489219168311545e-17
36,78,-4.1218485753060181e-15,2.9774180369253773e-15
37,78,-1.5139745193372058e-15,-1.1798091331245326e-15
38,78,-1.759961470540354e-15,-6.6388429090070078e-15
42,78,-1.459413731671476e-30,-7.7053096591625152e-30
43,78,-9.9068785513754442e-31,-5.5264607996173872e-30
44,78,2.7741902186631043e-30,1.4678187998696476e-29
45,78,-6.8418673111069243e-32,-1.2185093550531349e-30
46,78,-1.1899508349987552e-31,-8.5020024579046542e-31
47,78,3.4890391030081805e-31,2.5572122219212398e-30
57,78,-3.1195798542589923e-32,-3.2360111069521141e-32
58,78,-2.5514891930846586e-32,-3.6547753170528809e-32
59,78,2.2291460716736967e-32,-2.6930344030326643e-32
60,78,3.5276979473802998,-6.6905324314000598
61,78,5.7591138331308596,-8.4392483129084095
62,78,-13.2581082736345,25.475987339919701
63,78,-8.5597301897041061e-45,-5.3297078011263498e-45
67,78,6.7431496997073724e-47,-6.1040687526692783e-47
68,78,-7.2571835856872323e-47,4.370981512289204e-47
69,78,9.4848294187833799e-47,9.1371490991152315e-47
70,78,-5.7113038952621391e-62,-5.7592002592778934e-62
71,78,3.1723935609422494e-16,-1.0897297080104452e-16
73,78,3.9513196153888234e-47,-4.2769539218213409e-47
74,78,5.1759600874992523e-47,-1.6301038723238681e-47
75,78,1.9339923712396289e-47,-5.611776405501925e-48
76,78,-519549.12902801402,1370455.4783287849
77,78,-881930.24595890695,1672641.5470975037
78,78,2662989.4293406568,-5931595.4117749436
