transformer_id,winding,role,bus_id,bus_spec,connection,voltage_ratio,rated_s_pu,tap_pu,enabled
t21396254a,1,primary,l2804253,l2804253.1,wye,1,0.00054545,1,1
t21396254a,2,secondary_1,x2804253a,x2804253a.1.0,wye,0.01666667,0.00054545,1,1
t21396254a,3,secondary_2,x2804253a,x2804253a.0.2,wye,0.01666667,0.00054545,1,1
t5321859b,1,primary,l3254213,l3254213.2,wye,1,0.00090909,1,1
t5321859b,2,secondary_1,x3254213b,x3254213b.1.0,wye,0.01666667,0.00090909,1,1
t5321859b,3,secondary_2,x3254213b,x3254213b.0.2,wye,0.01666667,0.00090909,1,1
t5391741b,1,primary,l3216339,l3216339.2,wye,1,0.00090909,1,1
t5391741b,2,secondary_1,x3216339b,x3216339b.1.0,wye,0.01666667,0.00090909,1,1
t5391741b,3,secondary_2,x3216339b,x3216339b.0.2,wye,0.01666667,0.00090909,1,1
t5293672a,1,primary,l2954355,l2954355.1,wye,1,0.00054545,1,1
t5293672a,2,secondary_1,x2954355a,x2954355a.1.0,wye,0.01666667,0.00054545,1,1
t5293672a,3,secondary_2,x2954355a,x2954355a.0.2,wye,0.01666667,0.00054545,1,1
t21474711c,1,primary,l2861197,l2861197.3,wye,1,0.00054545,1,1
t21474711c,2,secondary_1,x2861197c,x2861197c.1.0,wye,0.01666667,0.00054545,1,1
t21474711c,3,secondary_2,x2861197c,x2861197c.0.2,wye,0.01666667,0.00054545,1,1
t5260488a,1,primary,l2842379,l2842379.1,wye,1,0.00136364,1,1
t5260488a,2,secondary_1,x2842379a,x2842379a.1.0,wye,0.01666667,0.00136364,1,1
t5260488a,3,secondary_2,x2842379a,x2842379a.0.2,wye,0.01666667,0.00136364,1,1
t5391758b,1,primary,l2841636,l2841636.2,wye,1,0.00054545,1,1
t5391758b,2,secondary_1,x2841636b,x2841636b.1.0,wye,0.01666667,0.00054545,1,1
t5391758b,3,secondary_2,x2841636b,x2841636b.0.2,wye,0.01666667,0.00054545,1,1
t228091193a,1,primary,l3047289,l3047289.1,wye,1,0.00181818,1,1
t228091193a,2,secondary_1,x3047289a,x3047289a.1.0,wye,0.01666667,0.00181818,1,1
t228091193a,3,secondary_2,x3047289a,x3047289a.0.2,wye,0.01666667,0.00181818,1,1
t228091193b,1,primary,l3047289,l3047289.2,wye,1,0.00181818,1,1
t228091193b,2,secondary_1,x3047289b,x3047289b.1.0,wye,0.01666667,0.00181818,1,1
t228091193b,3,secondary_2,x3047289b,x3047289b.0.2,wye,0.01666667,0.00181818,1,1
t228091193c,1,primary,l3047289,l3047289.3,wye,1,0.00181818,1,1
t228091193c,2,secondary_1,x3047289c,x3047289c.1.0,wye,0.01666667,0.00181818,1,1
t228091193c,3,secondary_2,x3047289c,x3047289c.0.2,wye,0.01666667,0.00181818,1,1
t5302862c,1,primary,l3085399,l3085399.3,wye,1,0.00054545,1,1
t5302862c,2,secondary_1,x3085399c,x3085399c.1.0,wye,0.01666667,0.00054545,1,1
t5302862c,3,secondary_2,x3085399c,x3085399c.0.2,wye,0.01666667,0.00054545,1,1
t21236413b,1,primary,l3085391,l3085391.2,wye,1,0.00181818,1,1
t21236413b,2,secondary_1,x3085391b,x3085391b.1.0,wye,0.01666667,0.00181818,1,1
t21236413b,3,secondary_2,x3085391b,x3085391b.0.2,wye,0.01666667,0.00181818,1,1
t5302468a,1,primary,l2897778,l2897778.1,wye,1,0.00036364,1,1
t5302468a,2,secondary_1,x2897778a,x2897778a.1.0,wye,0.01666667,0.00036364,1,1
t5302468a,3,secondary_2,x2897778a,x2897778a.0.2,wye,0.01666667,0.00036364,1,1
t5294787a,1,primary,l3197647,l3197647.1,wye,1,0.00036364,1,1
t5294787a,2,secondary_1,x3197647a,x3197647a.1.0,wye,0.01666667,0.00036364,1,1
t5294787a,3,secondary_2,x3197647a,x3197647a.0.2,wye,0.01666667,0.00036364,1,1
t5157715b,1,primary,l2936275,l2936275.2,wye,1,0.00036364,1,1
t5157715b,2,secondary_1,x2936275b,x2936275b.1.0,wye,0.01666667,0.00036364,1,1
t5157715b,3,secondary_2,x2936275b,x2936275b.0.2,wye,0.01666667,0.00036364,1,1
t5355768b,1,primary,l2729408,l2729408.2,wye,1,0.00090909,1,1
t5355768b,2,secondary_1,x2729408b,x2729408b.1.0,wye,0.01666667,0.00090909,1,1
t5355768b,3,secondary_2,x2729408b,x2729408b.0.2,wye,0.01666667,0.00090909,1,1
t5138562a,1,primary,l2673310,l2673310.1,wye,1,0.00090909,1,1
t5138562a,2,secondary_1,x2673310a,x2673310a.1.0,wye,0.01666667,0.00090909,1,1
t5138562a,3,secondary_2,x2673310a,x2673310a.0.2,wye,0.01666667,0.00090909,1,1
t5355934a,1,primary,l3048212,l3048212.1,wye,1,0.00036364,1,1
t5355934a,2,secondary_1,x3048212a,x3048212a.1.0,wye,0.01666667,0.00036364,1,1
t5355934a,3,secondary_2,x3048212a,x3048212a.0.2,wye,0.01666667,0.00036364,1,1
t5293483a,1,primary,l3104133,l3104133.1,wye,1,0.00090909,1,1
t5293483a,2,secondary_1,x3104133a,x3104133a.1.0,wye,0.01666667,0.00090909,1,1
t5293483a,3,secondary_2,x3104133a,x3104133a.0.2,wye,0.01666667,0.00090909,1,1
t21399762a,1,primary,l2879087,l2879087.1,wye,1,0.00054545,1,1
t21399762a,2,secondary_1,x2879087a,x2879087a.1.0,wye,0.01666667,0.00054545,1,1
t21399762a,3,secondary_2,x2879087a,x2879087a.0.2,wye,0.01666667,0.00054545,1,1
t5138650c,1,primary,l2710510,l2710510.3,wye,1,0.00036364,1,1
t5138650c,2,secondary_1,x2710510c,x2710510c.1.0,wye,0.01666667,0.00036364,1,1
t5138650c,3,secondary_2,x2710510c,x2710510c.0.2,wye,0.01666667,0.00036364,1,1
t5323242b,1,primary,l3122810,l3122810.2,wye,1,0.00090909,1,1
t5323242b,2,secondary_1,x3122810b,x3122810b.1.0,wye,0.01666667,0.00090909,1,1
t5323242b,3,secondary_2,x3122810b,x3122810b.0.2,wye,0.01666667,0.00090909,1,1
t28127090c,1,primary,l2954352,l2954352.3,wye,1,0.00090909,1,1
t28127090c,2,secondary_1,x2954352c,x2954352c.1.0,wye,0.01666667,0.00090909,1,1
t28127090c,3,secondary_2,x2954352c,x2954352c.0.2,wye,0.01666667,0.00090909,1,1
t5138769a,1,primary,l2729411,l2729411.1,wye,1,0.00036364,1,1
t5138769a,2,secondary_1,x2729411a,x2729411a.1.0,wye,0.01666667,0.00036364,1,1
t5138769a,3,secondary_2,x2729411a,x2729411a.0.2,wye,0.01666667,0.00036364,1,1
t5338896a,1,primary,l3178971,l3178971.1,wye,1,0.00054545,1,1
t5338896a,2,secondary_1,x3178971a,x3178971a.1.0,wye,0.01666667,0.00054545,1,1
t5338896a,3,secondary_2,x3178971a,x3178971a.0.2,wye,0.01666667,0.00054545,1,1
t5355586b,1,primary,l3254234,l3254234.2,wye,1,0.00090909,1,1
t5355586b,2,secondary_1,x3254234b,x3254234b.1.0,wye,0.01666667,0.00090909,1,1
t5355586b,3,secondary_2,x3254234b,x3254234b.0.2,wye,0.01666667,0.00090909,1,1
t5293471a,1,primary,293471,293471.1,wye,1,0.00090909,1,1
t5293471a,2,secondary_1,x_293471a,x_293471a.1.0,wye,0.01666667,0.00090909,1,1
t5293471a,3,secondary_2,x_293471a,x_293471a.0.2,wye,0.01666667,0.00090909,1,1
t5293471b,1,primary,293471,293471.2,wye,1,0.00090909,1,1
t5293471b,2,secondary_1,x_293471b,x_293471b.1.0,wye,0.01666667,0.00090909,1,1
t5293471b,3,secondary_2,x_293471b,x_293471b.0.2,wye,0.01666667,0.00090909,1,1
t5293471c,1,primary,293471,293471.3,wye,1,0.00090909,1,1
t5293471c,2,secondary_1,x_293471c,x_293471c.1.0,wye,0.01666667,0.00090909,1,1
t5293471c,3,secondary_2,x_293471c,x_293471c.0.2,wye,0.01666667,0.00090909,1,1
t5338954a,1,primary,l2860482,l2860482.1,wye,1,0.00090909,1,1
t5338954a,2,secondary_1,x2860482a,x2860482a.1.0,wye,0.01666667,0.00090909,1,1
t5338954a,3,secondary_2,x2860482a,x2860482a.0.2,wye,0.01666667,0.00090909,1,1
t21459629c,1,primary,l2763811,l2763811.3,wye,1,0.00272727,1,1
t21459629c,2,secondary_1,x2763811c,x2763811c.1.0,wye,0.01666667,0.00272727,1,1
t21459629c,3,secondary_2,x2763811c,x2763811c.0.2,wye,0.01666667,0.00272727,1,1
t5260562a,1,primary,l3251799,l3251799.1,wye,1,0.00136364,1,1
t5260562a,2,secondary_1,x3251799a,x3251799a.1.0,wye,0.01666667,0.00136364,1,1
t5260562a,3,secondary_2,x3251799a,x3251799a.0.2,wye,0.01666667,0.00136364,1,1
t21393486c,1,primary,l2898526,l2898526.3,wye,1,0.00054545,1,1
t21393486c,2,secondary_1,x2898526c,x2898526c.1.0,wye,0.01666667,0.00054545,1,1
t21393486c,3,secondary_2,x2898526c,x2898526c.0.2,wye,0.01666667,0.00054545,1,1
t5293518b,1,primary,l2897780,l2897780.2,wye,1,0.00090909,1,1
t5293518b,2,secondary_1,x2897780b,x2897780b.1.0,wye,0.01666667,0.00090909,1,1
t5293518b,3,secondary_2,x2897780b,x2897780b.0.2,wye,0.01666667,0.00090909,1,1
t226195194c,1,primary,l3027124,l3027124.3,wye,1,0.00090909,1,1
t226195194c,2,secondary_1,x3027124c,x3027124c.1.0,wye,0.01666667,0.00090909,1,1
t226195194c,3,secondary_2,x3027124c,x3027124c.0.2,wye,0.01666667,0.00090909,1,1
t21383494b,1,primary,l2954361,l2954361.2,wye,1,0.00090909,1,1
t21383494b,2,secondary_1,x2954361b,x2954361b.1.0,wye,0.01666667,0.00090909,1,1
t21383494b,3,secondary_2,x2954361b,x2954361b.0.2,wye,0.01666667,0.00090909,1,1
t5251863c,1,primary,l2745811,l2745811.3,wye,1,0.00090909,1,1
t5251863c,2,secondary_1,x2745811c,x2745811c.1.0,wye,0.01666667,0.00090909,1,1
t5251863c,3,secondary_2,x2745811c,x2745811c.0.2,wye,0.01666667,0.00090909,1,1
t5293645a,1,primary,l2841633,l2841633.1,wye,1,0.00090909,1,1
t5293645a,2,secondary_1,x2841633a,x2841633a.1.0,wye,0.01666667,0.00090909,1,1
t5293645a,3,secondary_2,x2841633a,x2841633a.0.2,wye,0.01666667,0.00090909,1,1
t21482431a,1,primary,l2917359,l2917359.1,wye,1,0.00054545,1,1
t21482431a,2,secondary_1,x2917359a,x2917359a.1.0,wye,0.01666667,0.00054545,1,1
t21482431a,3,secondary_2,x2917359a,x2917359a.0.2,wye,0.01666667,0.00054545,1,1
t5293480a,1,primary,l2748158,l2748158.1,wye,1,0.00054545,1,1
t5293480a,2,secondary_1,x2748158a,x2748158a.1.0,wye,0.01666667,0.00054545,1,1
t5293480a,3,secondary_2,x2748158a,x2748158a.0.2,wye,0.01666667,0.00054545,1,1
t21469911a,1,primary,l2955047,l2955047.1,wye,1,0.00090909,1,1
t21469911a,2,secondary_1,x2955047a,x2955047a.1.0,wye,0.01666667,0.00090909,1,1
t21469911a,3,secondary_2,x2955047a,x2955047a.0.2,wye,0.01666667,0.00090909,1,1
t5355432c,1,primary,l3122837,l3122837.3,wye,1,0.00136364,1,1
t5355432c,2,secondary_1,x3122837c,x3122837c.1.0,wye,0.01666667,0.00136364,1,1
t5355432c,3,secondary_2,x3122837c,x3122837c.0.2,wye,0.01666667,0.00136364,1,1
t5323285b,1,primary,l2804269,l2804269.2,wye,1,0.00090909,1,1
t5323285b,2,secondary_1,x2804269b,x2804269b.1.0,wye,0.01666667,0.00090909,1,1
t5323285b,3,secondary_2,x2804269b,x2804269b.0.2,wye,0.01666667,0.00090909,1,1
t226192954c,1,primary,l3157708,l3157708.3,wye,1,0.00054545,1,1
t226192954c,2,secondary_1,x3157708c,x3157708c.1.0,wye,0.01666667,0.00054545,1,1
t226192954c,3,secondary_2,x3157708c,x3157708c.0.2,wye,0.01666667,0.00054545,1,1
t5207292c,1,primary,l3179682,l3179682.3,wye,1,0.00054545,1,1
t5207292c,2,secondary_1,x3179682c,x3179682c.1.0,wye,0.01666667,0.00054545,1,1
t5207292c,3,secondary_2,x3179682c,x3179682c.0.2,wye,0.01666667,0.00054545,1,1
t5337672b,1,primary,l2822877,l2822877.2,wye,1,0.00054545,1,1
t5337672b,2,secondary_1,x2822877b,x2822877b.1.0,wye,0.01666667,0.00054545,1,1
t5337672b,3,secondary_2,x2822877b,x2822877b.0.2,wye,0.01666667,0.00054545,1,1
t5442373c,1,primary,l3141393,l3141393.3,wye,1,0.00090909,1,1
t5442373c,2,secondary_1,x3141393c,x3141393c.1.0,wye,0.01666667,0.00090909,1,1
t5442373c,3,secondary_2,x3141393c,x3141393c.0.2,wye,0.01666667,0.00090909,1,1
t21470405a,1,primary,l2897801,l2897801.1,wye,1,0.00136364,1,1
t21470405a,2,secondary_1,x2897801a,x2897801a.1.0,wye,0.01666667,0.00136364,1,1
t21470405a,3,secondary_2,x2897801a,x2897801a.0.2,wye,0.01666667,0.00136364,1,1
t5218474a,1,primary,l3217056,l3217056.1,wye,1,0.00181818,1,1
t5218474a,2,secondary_1,x3217056a,x3217056a.1.0,wye,0.01666667,0.00181818,1,1
t5218474a,3,secondary_2,x3217056a,x3217056a.0.2,wye,0.01666667,0.00181818,1,1
t5218472a,1,primary,l2936270,l2936270.1,wye,1,0.00090909,1,1
t5218472a,2,secondary_1,x2936270a,x2936270a.1.0,wye,0.01666667,0.00090909,1,1
t5218472a,3,secondary_2,x2936270a,x2936270a.0.2,wye,0.01666667,0.00090909,1,1
t5356014a,1,primary,l3235249,l3235249.1,wye,1,0.00036364,1,1
t5356014a,2,secondary_1,x3235249a,x3235249a.1.0,wye,0.01666667,0.00036364,1,1
t5356014a,3,secondary_2,x3235249a,x3235249a.0.2,wye,0.01666667,0.00036364,1,1
t5260528c,1,primary,l3217052,l3217052.3,wye,1,0.00090909,1,1
t5260528c,2,secondary_1,x3217052c,x3217052c.1.0,wye,0.01666667,0.00090909,1,1
t5260528c,3,secondary_2,x3217052c,x3217052c.0.2,wye,0.01666667,0.00090909,1,1
t5355933a,1,primary,l2916598,l2916598.1,wye,1,0.00036364,1,1
t5355933a,2,secondary_1,x2916598a,x2916598a.1.0,wye,0.01666667,0.00036364,1,1
t5355933a,3,secondary_2,x2916598a,x2916598a.0.2,wye,0.01666667,0.00036364,1,1
t5138649a,1,primary,l3048206,l3048206.1,wye,1,0.00090909,1,1
t5138649a,2,secondary_1,x3048206a,x3048206a.1.0,wye,0.01666667,0.00090909,1,1
t5138649a,3,secondary_2,x3048206a,x3048206a.0.2,wye,0.01666667,0.00090909,1,1
t5391978c,1,primary,l3141402,l3141402.3,wye,1,0.00090909,1,1
t5391978c,2,secondary_1,x3141402c,x3141402c.1.0,wye,0.01666667,0.00090909,1,1
t5391978c,3,secondary_2,x3141402c,x3141402c.0.2,wye,0.01666667,0.00090909,1,1
t5138642a,1,primary,l3235256,l3235256.1,wye,1,0.00054545,1,1
t5138642a,2,secondary_1,x3235256a,x3235256a.1.0,wye,0.01666667,0.00054545,1,1
t5138642a,3,secondary_2,x3235256a,x3235256a.0.2,wye,0.01666667,0.00054545,1,1
t21149420a,1,primary,l3178973,l3178973.1,wye,1,0.00090909,1,1
t21149420a,2,secondary_1,x3178973a,x3178973a.1.0,wye,0.01666667,0.00090909,1,1
t21149420a,3,secondary_2,x3178973a,x3178973a.0.2,wye,0.01666667,0.00090909,1,1
t21382992a,1,primary,l3197654,l3197654.1,wye,1,0.00090909,1,1
t21382992a,2,secondary_1,x3197654a,x3197654a.1.0,wye,0.01666667,0.00090909,1,1
t21382992a,3,secondary_2,x3197654a,x3197654a.0.2,wye,0.01666667,0.00090909,1,1
t5338958c,1,primary,l3066809,l3066809.3,wye,1,0.00090909,1,1
t5338958c,2,secondary_1,x3066809c,x3066809c.1.0,wye,0.01666667,0.00090909,1,1
t5338958c,3,secondary_2,x3066809c,x3066809c.0.2,wye,0.01666667,0.00090909,1,1
t5355585b,1,primary,l2766742,l2766742.2,wye,1,0.00054545,1,1
t5355585b,2,secondary_1,x2766742b,x2766742b.1.0,wye,0.01666667,0.00054545,1,1
t5355585b,3,secondary_2,x2766742b,x2766742b.0.2,wye,0.01666667,0.00054545,1,1
t5338900a,1,primary,l2991908,l2991908.1,wye,1,0.00054545,1,1
t5338900a,2,secondary_1,x2991908a,x2991908a.1.0,wye,0.01666667,0.00054545,1,1
t5338900a,3,secondary_2,x2991908a,x2991908a.0.2,wye,0.01666667,0.00054545,1,1
t5323389b,1,primary,l3065750,l3065750.2,wye,1,0.00090909,1,1
t5323389b,2,secondary_1,x3065750b,x3065750b.1.0,wye,0.01666667,0.00090909,1,1
t5323389b,3,secondary_2,x3065750b,x3065750b.0.2,wye,0.01666667,0.00090909,1,1
t28127253a,1,primary,l3085401,l3085401.1,wye,1,0.00136364,1,1
t28127253a,2,secondary_1,x3085401a,x3085401a.1.0,wye,0.01666667,0.00136364,1,1
t28127253a,3,secondary_2,x3085401a,x3085401a.0.2,wye,0.01666667,0.00136364,1,1
t21397067a,1,primary,l2729413,l2729413.1,wye,1,0.00054545,1,1
t21397067a,2,secondary_1,x2729413a,x2729413a.1.0,wye,0.01666667,0.00054545,1,1
t21397067a,3,secondary_2,x2729413a,x2729413a.0.2,wye,0.01666667,0.00054545,1,1
t5260520b,1,primary,l3254915,l3254915.2,wye,1,0.00018182,1,1
t5260520b,2,secondary_1,x3254915b,x3254915b.1.0,wye,0.01666667,0.00018182,1,1
t5260520b,3,secondary_2,x3254915b,x3254915b.0.2,wye,0.01666667,0.00018182,1,1
t5323250b,1,primary,l2748131,l2748131.2,wye,1,0.00054545,1,1
t5323250b,2,secondary_1,x2748131b,x2748131b.1.0,wye,0.01666667,0.00054545,1,1
t5323250b,3,secondary_2,x2748131b,x2748131b.0.2,wye,0.01666667,0.00054545,1,1
t5337659c,1,primary,l3066810,l3066810.3,wye,1,0.00090909,1,1
t5337659c,2,secondary_1,x3066810c,x3066810c.1.0,wye,0.01666667,0.00090909,1,1
t5337659c,3,secondary_2,x3066810c,x3066810c.0.2,wye,0.01666667,0.00090909,1,1
t28118903b,1,primary,l2973146,l2973146.2,wye,1,0.00090909,1,1
t28118903b,2,secondary_1,x2973146b,x2973146b.1.0,wye,0.01666667,0.00090909,1,1
t28118903b,3,secondary_2,x2973146b,x2973146b.0.2,wye,0.01666667,0.00090909,1,1
t21398646b,1,primary,l2973180,l2973180.2,wye,1,0.00090909,1,1
t21398646b,2,secondary_1,x2973180b,x2973180b.1.0,wye,0.01666667,0.00090909,1,1
t21398646b,3,secondary_2,x2973180b,x2973180b.0.2,wye,0.01666667,0.00090909,1,1
t5293656b,1,primary,l2973167,l2973167.2,wye,1,0.00054545,1,1
t5293656b,2,secondary_1,x2973167b,x2973167b.1.0,wye,0.01666667,0.00054545,1,1
t5293656b,3,secondary_2,x2973167b,x2973167b.0.2,wye,0.01666667,0.00054545,1,1
t5338910c,1,primary,l2841621,l2841621.3,wye,1,0.00090909,1,1
t5338910c,2,secondary_1,x2841621c,x2841621c.1.0,wye,0.01666667,0.00090909,1,1
t5338910c,3,secondary_2,x2841621c,x2841621c.0.2,wye,0.01666667,0.00090909,1,1
t28129923c,1,primary,l3123509,l3123509.3,wye,1,0.00054545,1,1
t28129923c,2,secondary_1,x3123509c,x3123509c.1.0,wye,0.01666667,0.00054545,1,1
t28129923c,3,secondary_2,x3123509c,x3123509c.0.2,wye,0.01666667,0.00054545,1,1
t5337716a,1,primary,l2841627,l2841627.1,wye,1,0.00054545,1,1
t5337716a,2,secondary_1,x2841627a,x2841627a.1.0,wye,0.01666667,0.00054545,1,1
t5337716a,3,secondary_2,x2841627a,x2841627a.0.2,wye,0.01666667,0.00054545,1,1
t5337698b,1,primary,l3235250,l3235250.2,wye,1,0.00036364,1,1
t5337698b,2,secondary_1,x3235250b,x3235250b.1.0,wye,0.01666667,0.00036364,1,1
t5337698b,3,secondary_2,x3235250b,x3235250b.0.2,wye,0.01666667,0.00036364,1,1
t2224386946a,1,primary,l3728037,l3728037.1,wye,1,0.00090909,1,1
t2224386946a,2,secondary_1,x3728037a,x3728037a.1.0,wye,0.01666667,0.00090909,1,1
t2224386946a,3,secondary_2,x3728037a,x3728037a.0.2,wye,0.01666667,0.00090909,1,1
t5330121b,1,primary,l3142078,l3142078.2,wye,1,0.00036364,1,1
t5330121b,2,secondary_1,x3142078b,x3142078b.1.0,wye,0.01666667,0.00036364,1,1
t5330121b,3,secondary_2,x3142078b,x3142078b.0.2,wye,0.01666667,0.00036364,1,1
t5323252b,1,primary,l2879066,l2879066.2,wye,1,0.00054545,1,1
t5323252b,2,secondary_1,x2879066b,x2879066b.1.0,wye,0.01666667,0.00054545,1,1
t5323252b,3,secondary_2,x2879066b,x2879066b.0.2,wye,0.01666667,0.00054545,1,1
t5441331c,1,primary,l3235254,l3235254.3,wye,1,0.00090909,1,1
t5441331c,2,secondary_1,x3235254c,x3235254c.1.0,wye,0.01666667,0.00090909,1,1
t5441331c,3,secondary_2,x3235254c,x3235254c.0.2,wye,0.01666667,0.00090909,1,1
t5260474a,1,primary,l2917330,l2917330.1,wye,1,0.00090909,1,1
t5260474a,2,secondary_1,x2917330a,x2917330a.1.0,wye,0.01666667,0.00090909,1,1
t5260474a,3,secondary_2,x2917330a,x2917330a.0.2,wye,0.01666667,0.00090909,1,1
t5355376b,1,primary,l2914323,l2914323.2,wye,1,0.00036364,1,1
t5355376b,2,secondary_1,x2914323b,x2914323b.1.0,wye,0.01666667,0.00036364,1,1
t5355376b,3,secondary_2,x2914323b,x2914323b.0.2,wye,0.01666667,0.00036364,1,1
t5338944c,1,primary,l3197640,l3197640.3,wye,1,0.00036364,1,1
t5338944c,2,secondary_1,x3197640c,x3197640c.1.0,wye,0.01666667,0.00036364,1,1
t5338944c,3,secondary_2,x3197640c,x3197640c.0.2,wye,0.01666667,0.00036364,1,1
t5260640c,1,primary,l3179673,l3179673.3,wye,1,0.00054545,1,1
t5260640c,2,secondary_1,x3179673c,x3179673c.1.0,wye,0.01666667,0.00054545,1,1
t5260640c,3,secondary_2,x3179673c,x3179673c.0.2,wye,0.01666667,0.00054545,1,1
t5274997c,1,primary,l3048228,l3048228.3,wye,1,0.00090909,1,1
t5274997c,2,secondary_1,x3048228c,x3048228c.1.0,wye,0.01666667,0.00090909,1,1
t5274997c,3,secondary_2,x3048228c,x3048228c.0.2,wye,0.01666667,0.00090909,1,1
t5138372c,1,primary,l3104126,l3104126.3,wye,1,0.00036364,1,1
t5138372c,2,secondary_1,x3104126c,x3104126c.1.0,wye,0.01666667,0.00036364,1,1
t5138372c,3,secondary_2,x3104126c,x3104126c.0.2,wye,0.01666667,0.00036364,1,1
t226308721a,1,primary,l2990098,l2990098.1,wye,1,0.00181818,1,1
t226308721a,2,secondary_1,x2990098a,x2990098a.1.0,wye,0.01666667,0.00181818,1,1
t226308721a,3,secondary_2,x2990098a,x2990098a.0.2,wye,0.01666667,0.00181818,1,1
t21380616a,1,primary,l2879067,l2879067.1,wye,1,0.00090909,1,1
t21380616a,2,secondary_1,x2879067a,x2879067a.1.0,wye,0.01666667,0.00090909,1,1
t21380616a,3,secondary_2,x2879067a,x2879067a.0.2,wye,0.01666667,0.00090909,1,1
t226193170a,1,primary,l3176656,l3176656.1,wye,1,0.00090909,1,1
t226193170a,2,secondary_1,x3176656a,x3176656a.1.0,wye,0.01666667,0.00090909,1,1
t226193170a,3,secondary_2,x3176656a,x3176656a.0.2,wye,0.01666667,0.00090909,1,1
t5293666c,1,primary,l2710532,l2710532.3,wye,1,0.00036364,1,1
t5293666c,2,secondary_1,x2710532c,x2710532c.1.0,wye,0.01666667,0.00036364,1,1
t5293666c,3,secondary_2,x2710532c,x2710532c.0.2,wye,0.01666667,0.00036364,1,1
t5338994b,1,primary,l3160115,l3160115.2,wye,1,0.00181818,1,1
t5338994b,2,secondary_1,x3160115b,x3160115b.1.0,wye,0.01666667,0.00181818,1,1
t5338994b,3,secondary_2,x3160115b,x3160115b.0.2,wye,0.01666667,0.00181818,1,1
t228665517c,1,primary,l3103822,l3103822.3,wye,1,0.00136364,1,1
t228665517c,2,secondary_1,x3103822c,x3103822c.1.0,wye,0.01666667,0.00136364,1,1
t228665517c,3,secondary_2,x3103822c,x3103822c.0.2,wye,0.01666667,0.00136364,1,1
t5260647a,1,primary,l2805034,l2805034.1,wye,1,0.00036364,1,1
t5260647a,2,secondary_1,x2805034a,x2805034a.1.0,wye,0.01666667,0.00036364,1,1
t5260647a,3,secondary_2,x2805034a,x2805034a.0.2,wye,0.01666667,0.00036364,1,1
t226115278a,1,primary,l3157167,l3157167.1,wye,1,0.00054545,1,1
t226115278a,2,secondary_1,x3157167a,x3157167a.1.0,wye,0.01666667,0.00054545,1,1
t226115278a,3,secondary_2,x3157167a,x3157167a.0.2,wye,0.01666667,0.00054545,1,1
t5338977a,1,primary,l2916620,l2916620.1,wye,1,0.00036364,1,1
t5338977a,2,secondary_1,x2916620a,x2916620a.1.0,wye,0.01666667,0.00036364,1,1
t5338977a,3,secondary_2,x2916620a,x2916620a.0.2,wye,0.01666667,0.00036364,1,1
t5338977b,1,primary,l2916620,l2916620.2,wye,1,0.00036364,1,1
t5338977b,2,secondary_1,x2916620b,x2916620b.1.0,wye,0.01666667,0.00036364,1,1
t5338977b,3,secondary_2,x2916620b,x2916620b.0.2,wye,0.01666667,0.00036364,1,1
t5338977c,1,primary,l2916620,l2916620.3,wye,1,0.00036364,1,1
t5338977c,2,secondary_1,x2916620c,x2916620c.1.0,wye,0.01666667,0.00036364,1,1
t5338977c,3,secondary_2,x2916620c,x2916620c.0.2,wye,0.01666667,0.00036364,1,1
t5321876a,1,primary,l3027132,l3027132.1,wye,1,0.00054545,1,1
t5321876a,2,secondary_1,x3027132a,x3027132a.1.0,wye,0.01666667,0.00054545,1,1
t5321876a,3,secondary_2,x3027132a,x3027132a.0.2,wye,0.01666667,0.00054545,1,1
t5275001c,1,primary,l2822862,l2822862.3,wye,1,0.00054545,1,1
t5275001c,2,secondary_1,x2822862c,x2822862c.1.0,wye,0.01666667,0.00054545,1,1
t5275001c,3,secondary_2,x2822862c,x2822862c.0.2,wye,0.01666667,0.00054545,1,1
t227411650c,1,primary,l2937757,l2937757.3,wye,1,0.00090909,1,1
t227411650c,2,secondary_1,x2937757c,x2937757c.1.0,wye,0.01666667,0.00090909,1,1
t227411650c,3,secondary_2,x2937757c,x2937757c.0.2,wye,0.01666667,0.00090909,1,1
t21396699b,1,primary,l2860483,l2860483.2,wye,1,0.00090909,1,1
t21396699b,2,secondary_1,x2860483b,x2860483b.1.0,wye,0.01666667,0.00090909,1,1
t21396699b,3,secondary_2,x2860483b,x2860483b.0.2,wye,0.01666667,0.00090909,1,1
t5302412a,1,primary,l3048210,l3048210.1,wye,1,0.00136364,1,1
t5302412a,2,secondary_1,x3048210a,x3048210a.1.0,wye,0.01666667,0.00136364,1,1
t5302412a,3,secondary_2,x3048210a,x3048210a.0.2,wye,0.01666667,0.00136364,1,1
t2223661373a,1,primary,l3312692,l3312692.1,wye,1,0.00090909,1,1
t2223661373a,2,secondary_1,x3312692a,x3312692a.1.0,wye,0.01666667,0.00090909,1,1
t2223661373a,3,secondary_2,x3312692a,x3312692a.0.2,wye,0.01666667,0.00090909,1,1
t226881700a,1,primary,l3251854,l3251854.1,wye,1,0.00090909,1,1
t226881700a,2,secondary_1,x3251854a,x3251854a.1.0,wye,0.01666667,0.00090909,1,1
t226881700a,3,secondary_2,x3251854a,x3251854a.0.2,wye,0.01666667,0.00090909,1,1
t5355777b,1,primary,l3085398,l3085398.2,wye,1,0.00090909,1,1
t5355777b,2,secondary_1,x3085398b,x3085398b.1.0,wye,0.01666667,0.00090909,1,1
t5355777b,3,secondary_2,x3085398b,x3085398b.0.2,wye,0.01666667,0.00090909,1,1
t5337671a,1,primary,l3254207,l3254207.1,wye,1,0.00054545,1,1
t5337671a,2,secondary_1,x3254207a,x3254207a.1.0,wye,0.01666667,0.00054545,1,1
t5337671a,3,secondary_2,x3254207a,x3254207a.0.2,wye,0.01666667,0.00054545,1,1
t5339018a,1,primary,l2729424,l2729424.1,wye,1,0.00054545,1,1
t5339018a,2,secondary_1,x2729424a,x2729424a.1.0,wye,0.01666667,0.00054545,1,1
t5339018a,3,secondary_2,x2729424a,x2729424a.0.2,wye,0.01666667,0.00054545,1,1
t21398676a,1,primary,l3066816,l3066816.1,wye,1,0.00054545,1,1
t21398676a,2,secondary_1,x3066816a,x3066816a.1.0,wye,0.01666667,0.00054545,1,1
t21398676a,3,secondary_2,x3066816a,x3066816a.0.2,wye,0.01666667,0.00054545,1,1
t5138469c,1,primary,l2785518,l2785518.3,wye,1,0.00054545,1,1
t5138469c,2,secondary_1,x2785518c,x2785518c.1.0,wye,0.01666667,0.00054545,1,1
t5138469c,3,secondary_2,x2785518c,x2785518c.0.2,wye,0.01666667,0.00054545,1,1
t5138373c,1,primary,l3029503,l3029503.3,wye,1,0.00054545,1,1
t5138373c,2,secondary_1,x3029503c,x3029503c.1.0,wye,0.01666667,0.00054545,1,1
t5138373c,3,secondary_2,x3029503c,x3029503c.0.2,wye,0.01666667,0.00054545,1,1
t5391995a,1,primary,l2748140,l2748140.1,wye,1,0.00090909,1,1
t5391995a,2,secondary_1,x2748140a,x2748140a.1.0,wye,0.01666667,0.00090909,1,1
t5391995a,3,secondary_2,x2748140a,x2748140a.0.2,wye,0.01666667,0.00090909,1,1
t225533423c,1,primary,l2891575,l2891575.3,wye,1,0.00054545,1,1
t225533423c,2,secondary_1,x2891575c,x2891575c.1.0,wye,0.01666667,0.00054545,1,1
t225533423c,3,secondary_2,x2891575c,x2891575c.0.2,wye,0.01666667,0.00054545,1,1
t5260568c,1,primary,l2842329,l2842329.3,wye,1,0.00054545,1,1
t5260568c,2,secondary_1,x2842329c,x2842329c.1.0,wye,0.01666667,0.00054545,1,1
t5260568c,3,secondary_2,x2842329c,x2842329c.0.2,wye,0.01666667,0.00054545,1,1
t5138754b,1,primary,l3254212,l3254212.2,wye,1,0.00136364,1,1
t5138754b,2,secondary_1,x3254212b,x3254212b.1.0,wye,0.01666667,0.00136364,1,1
t5138754b,3,secondary_2,x3254212b,x3254212b.0.2,wye,0.01666667,0.00136364,1,1
t5260552a,1,primary,l3198348,l3198348.1,wye,1,0.00181818,1,1
t5260552a,2,secondary_1,x3198348a,x3198348a.1.0,wye,0.01666667,0.00181818,1,1
t5260552a,3,secondary_2,x3198348a,x3198348a.0.2,wye,0.01666667,0.00181818,1,1
t5338968c,1,primary,l3178979,l3178979.3,wye,1,0.00136364,1,1
t5338968c,2,secondary_1,x3178979c,x3178979c.1.0,wye,0.01666667,0.00136364,1,1
t5338968c,3,secondary_2,x3178979c,x3178979c.0.2,wye,0.01666667,0.00136364,1,1
t5247061a,1,primary,l2879054,l2879054.1,wye,1,0.00090909,1,1
t5247061a,2,secondary_1,x2879054a,x2879054a.1.0,wye,0.01666667,0.00090909,1,1
t5247061a,3,secondary_2,x2879054a,x2879054a.0.2,wye,0.01666667,0.00090909,1,1
t5391746b,1,primary,l3085388,l3085388.2,wye,1,0.00036364,1,1
t5391746b,2,secondary_1,x3085388b,x3085388b.1.0,wye,0.01666667,0.00036364,1,1
t5391746b,3,secondary_2,x3085388b,x3085388b.0.2,wye,0.01666667,0.00036364,1,1
t5338941c,1,primary,l2991914,l2991914.3,wye,1,0.00054545,1,1
t5338941c,2,secondary_1,x2991914c,x2991914c.1.0,wye,0.01666667,0.00054545,1,1
t5338941c,3,secondary_2,x2991914c,x2991914c.0.2,wye,0.01666667,0.00054545,1,1
t5338982b,1,primary,l2785534,l2785534.2,wye,1,0.00090909,1,1
t5338982b,2,secondary_1,x2785534b,x2785534b.1.0,wye,0.01666667,0.00090909,1,1
t5338982b,3,secondary_2,x2785534b,x2785534b.0.2,wye,0.01666667,0.00090909,1,1
t5339008b,1,primary,l3122835,l3122835.2,wye,1,0.00054545,1,1
t5339008b,2,secondary_1,x3122835b,x3122835b.1.0,wye,0.01666667,0.00054545,1,1
t5339008b,3,secondary_2,x3122835b,x3122835b.0.2,wye,0.01666667,0.00054545,1,1
t21391094a,1,primary,l3085395,l3085395.1,wye,1,0.00054545,1,1
t21391094a,2,secondary_1,x3085395a,x3085395a.1.0,wye,0.01666667,0.00054545,1,1
t21391094a,3,secondary_2,x3085395a,x3085395a.0.2,wye,0.01666667,0.00054545,1,1
t5138581a,1,primary,l2879064,l2879064.1,wye,1,0.00090909,1,1
t5138581a,2,secondary_1,x2879064a,x2879064a.1.0,wye,0.01666667,0.00090909,1,1
t5138581a,3,secondary_2,x2879064a,x2879064a.0.2,wye,0.01666667,0.00090909,1,1
t5338979b,1,primary,l3066814,l3066814.2,wye,1,0.00036364,1,1
t5338979b,2,secondary_1,x3066814b,x3066814b.1.0,wye,0.01666667,0.00036364,1,1
t5338979b,3,secondary_2,x3066814b,x3066814b.0.2,wye,0.01666667,0.00036364,1,1
t226308720a,1,primary,l2821087,l2821087.1,wye,1,0.00272727,1,1
t226308720a,2,secondary_1,x2821087a,x2821087a.1.0,wye,0.01666667,0.00272727,1,1
t226308720a,3,secondary_2,x2821087a,x2821087a.0.2,wye,0.01666667,0.00272727,1,1
t5355595b,1,primary,l2860479,l2860479.2,wye,1,0.00036364,1,1
t5355595b,2,secondary_1,x2860479b,x2860479b.1.0,wye,0.01666667,0.00036364,1,1
t5355595b,3,secondary_2,x2860479b,x2860479b.0.2,wye,0.01666667,0.00036364,1,1
t2224387113a,1,primary,l3728042,l3728042.1,wye,1,0.00136364,1,1
t2224387113a,2,secondary_1,x3728042a,x3728042a.1.0,wye,0.01666667,0.00136364,1,1
t2224387113a,3,secondary_2,x3728042a,x3728042a.0.2,wye,0.01666667,0.00136364,1,1
t21397005a,1,primary,l2935557,l2935557.1,wye,1,0.00136364,1,1
t21397005a,2,secondary_1,x2935557a,x2935557a.1.0,wye,0.01666667,0.00136364,1,1
t21397005a,3,secondary_2,x2935557a,x2935557a.0.2,wye,0.01666667,0.00136364,1,1
t5274985c,1,primary,l2822864,l2822864.3,wye,1,0.00054545,1,1
t5274985c,2,secondary_1,x2822864c,x2822864c.1.0,wye,0.01666667,0.00054545,1,1
t5274985c,3,secondary_2,x2822864c,x2822864c.0.2,wye,0.01666667,0.00054545,1,1
t5321836a,1,primary,l3235247,l3235247.1,wye,1,0.00054545,1,1
t5321836a,2,secondary_1,x3235247a,x3235247a.1.0,wye,0.01666667,0.00054545,1,1
t5321836a,3,secondary_2,x3235247a,x3235247a.0.2,wye,0.01666667,0.00054545,1,1
t225673440a,1,primary,l3251807,l3251807.1,wye,1,0.00090909,1,1
t225673440a,2,secondary_1,x3251807a,x3251807a.1.0,wye,0.01666667,0.00090909,1,1
t225673440a,3,secondary_2,x3251807a,x3251807a.0.2,wye,0.01666667,0.00090909,1,1
t5337641c,1,primary,l2804282,l2804282.3,wye,1,0.00054545,1,1
t5337641c,2,secondary_1,x2804282c,x2804282c.1.0,wye,0.01666667,0.00054545,1,1
t5337641c,3,secondary_2,x2804282c,x2804282c.0.2,wye,0.01666667,0.00054545,1,1
t5293659c,1,primary,l2935560,l2935560.3,wye,1,0.00054545,1,1
t5293659c,2,secondary_1,x2935560c,x2935560c.1.0,wye,0.01666667,0.00054545,1,1
t5293659c,3,secondary_2,x2935560c,x2935560c.0.2,wye,0.01666667,0.00054545,1,1
t5339011b,1,primary,l3104145,l3104145.2,wye,1,0.00054545,1,1
t5339011b,2,secondary_1,x3104145b,x3104145b.1.0,wye,0.01666667,0.00054545,1,1
t5339011b,3,secondary_2,x3104145b,x3104145b.0.2,wye,0.01666667,0.00054545,1,1
t5218473a,1,primary,l3086078,l3086078.1,wye,1,0.00090909,1,1
t5218473a,2,secondary_1,x3086078a,x3086078a.1.0,wye,0.01666667,0.00090909,1,1
t5218473a,3,secondary_2,x3086078a,x3086078a.0.2,wye,0.01666667,0.00090909,1,1
t28121587a,1,primary,l2860477,l2860477.1,wye,1,0.00054545,1,1
t28121587a,2,secondary_1,x2860477a,x2860477a.1.0,wye,0.01666667,0.00054545,1,1
t28121587a,3,secondary_2,x2860477a,x2860477a.0.2,wye,0.01666667,0.00054545,1,1
t2224230689c,1,primary,l3645811,l3645811.3,wye,1,0.00272727,1,1
t2224230689c,2,secondary_1,x3645811c,x3645811c.1.0,wye,0.01666667,0.00272727,1,1
t2224230689c,3,secondary_2,x3645811c,x3645811c.0.2,wye,0.01666667,0.00272727,1,1
t227734175b,1,primary,l3102793,l3102793.2,wye,1,0.00090909,1,1
t227734175b,2,secondary_1,x3102793b,x3102793b.1.0,wye,0.01666667,0.00090909,1,1
t227734175b,3,secondary_2,x3102793b,x3102793b.0.2,wye,0.01666667,0.00090909,1,1
t5337694b,1,primary,l2991910,l2991910.2,wye,1,0.00054545,1,1
t5337694b,2,secondary_1,x2991910b,x2991910b.1.0,wye,0.01666667,0.00054545,1,1
t5337694b,3,secondary_2,x2991910b,x2991910b.0.2,wye,0.01666667,0.00054545,1,1
t21357515a,1,primary,l2710511,l2710511.1,wye,1,0.00090909,1,1
t21357515a,2,secondary_1,x2710511a,x2710511a.1.0,wye,0.01666667,0.00090909,1,1
t21357515a,3,secondary_2,x2710511a,x2710511a.0.2,wye,0.01666667,0.00090909,1,1
t28127390c,1,primary,l2860486,l2860486.3,wye,1,0.00054545,1,1
t28127390c,2,secondary_1,x2860486c,x2860486c.1.0,wye,0.01666667,0.00054545,1,1
t28127390c,3,secondary_2,x2860486c,x2860486c.0.2,wye,0.01666667,0.00054545,1,1
t21387929c,1,primary,l2935551,l2935551.3,wye,1,0.00054545,1,1
t21387929c,2,secondary_1,x2935551c,x2935551c.1.0,wye,0.01666667,0.00054545,1,1
t21387929c,3,secondary_2,x2935551c,x2935551c.0.2,wye,0.01666667,0.00054545,1,1
t5355605b,1,primary,l2729409,l2729409.2,wye,1,0.00090909,1,1
t5355605b,2,secondary_1,x2729409b,x2729409b.1.0,wye,0.01666667,0.00090909,1,1
t5355605b,3,secondary_2,x2729409b,x2729409b.0.2,wye,0.01666667,0.00090909,1,1
t5260630b,1,primary,l2973833,l2973833.2,wye,1,0.00054545,1,1
t5260630b,2,secondary_1,x2973833b,x2973833b.1.0,wye,0.01666667,0.00054545,1,1
t5260630b,3,secondary_2,x2973833b,x2973833b.0.2,wye,0.01666667,0.00054545,1,1
t5337660c,1,primary,l2897769,l2897769.3,wye,1,0.00090909,1,1
t5337660c,2,secondary_1,x2897769c,x2897769c.1.0,wye,0.01666667,0.00090909,1,1
t5337660c,3,secondary_2,x2897769c,x2897769c.0.2,wye,0.01666667,0.00090909,1,1
t5293663c,1,primary,l3216368,l3216368.3,wye,1,0.00054545,1,1
t5293663c,2,secondary_1,x3216368c,x3216368c.1.0,wye,0.01666667,0.00054545,1,1
t5293663c,3,secondary_2,x3216368c,x3216368c.0.2,wye,0.01666667,0.00054545,1,1
t5138719a,1,primary,l2860490,l2860490.1,wye,1,0.00090909,1,1
t5138719a,2,secondary_1,x2860490a,x2860490a.1.0,wye,0.01666667,0.00090909,1,1
t5138719a,3,secondary_2,x2860490a,x2860490a.0.2,wye,0.01666667,0.00090909,1,1
t5251858c,1,primary,l2861158,l2861158.3,wye,1,0.00090909,1,1
t5251858c,2,secondary_1,x2861158c,x2861158c.1.0,wye,0.01666667,0.00090909,1,1
t5251858c,3,secondary_2,x2861158c,x2861158c.0.2,wye,0.01666667,0.00090909,1,1
t5302804c,1,primary,l3141399,l3141399.3,wye,1,0.00136364,1,1
t5302804c,2,secondary_1,x3141399c,x3141399c.1.0,wye,0.01666667,0.00136364,1,1
t5302804c,3,secondary_2,x3141399c,x3141399c.0.2,wye,0.01666667,0.00136364,1,1
t5356062b,1,primary,l3122816,l3122816.2,wye,1,0.00090909,1,1
t5356062b,2,secondary_1,x3122816b,x3122816b.1.0,wye,0.01666667,0.00090909,1,1
t5356062b,3,secondary_2,x3122816b,x3122816b.0.2,wye,0.01666667,0.00090909,1,1
t5346639c,1,primary,l2992556,l2992556.3,wye,1,0.00054545,1,1
t5346639c,2,secondary_1,x2992556c,x2992556c.1.0,wye,0.01666667,0.00054545,1,1
t5346639c,3,secondary_2,x2992556c,x2992556c.0.2,wye,0.01666667,0.00054545,1,1
t5302508c,1,primary,l2897779,l2897779.3,wye,1,0.00090909,1,1
t5302508c,2,secondary_1,x2897779c,x2897779c.1.0,wye,0.01666667,0.00090909,1,1
t5302508c,3,secondary_2,x2897779c,x2897779c.0.2,wye,0.01666667,0.00090909,1,1
t5321881a,1,primary,l2970811,l2970811.1,wye,1,0.00090909,1,1
t5321881a,2,secondary_1,x2970811a,x2970811a.1.0,wye,0.01666667,0.00090909,1,1
t5321881a,3,secondary_2,x2970811a,x2970811a.0.2,wye,0.01666667,0.00090909,1,1
t5355433c,1,primary,l2991933,l2991933.3,wye,1,0.00181818,1,1
t5355433c,2,secondary_1,x2991933c,x2991933c.1.0,wye,0.01666667,0.00181818,1,1
t5355433c,3,secondary_2,x2991933c,x2991933c.0.2,wye,0.01666667,0.00181818,1,1
t21398402a,1,primary,l2729428,l2729428.1,wye,1,0.00054545,1,1
t21398402a,2,secondary_1,x2729428a,x2729428a.1.0,wye,0.01666667,0.00054545,1,1
t21398402a,3,secondary_2,x2729428a,x2729428a.0.2,wye,0.01666667,0.00054545,1,1
t21398563a,1,primary,l3254216,l3254216.1,wye,1,0.00090909,1,1
t21398563a,2,secondary_1,x3254216a,x3254216a.1.0,wye,0.01666667,0.00090909,1,1
t21398563a,3,secondary_2,x3254216a,x3254216a.0.2,wye,0.01666667,0.00090909,1,1
t21386771b,1,primary,l2897807,l2897807.2,wye,1,0.00054545,1,1
t21386771b,2,secondary_1,x2897807b,x2897807b.1.0,wye,0.01666667,0.00054545,1,1
t21386771b,3,secondary_2,x2897807b,x2897807b.0.2,wye,0.01666667,0.00054545,1,1
t5260648a,1,primary,l2898522,l2898522.1,wye,1,0.00090909,1,1
t5260648a,2,secondary_1,x2898522a,x2898522a.1.0,wye,0.01666667,0.00090909,1,1
t5260648a,3,secondary_2,x2898522a,x2898522a.0.2,wye,0.01666667,0.00090909,1,1
t5293490c,1,primary,l3048230,l3048230.3,wye,1,0.00090909,1,1
t5293490c,2,secondary_1,x3048230c,x3048230c.1.0,wye,0.01666667,0.00090909,1,1
t5293490c,3,secondary_2,x3048230c,x3048230c.0.2,wye,0.01666667,0.00090909,1,1
t225901711a,1,primary,l3195327,l3195327.1,wye,1,0.00054545,1,1
t225901711a,2,secondary_1,x3195327a,x3195327a.1.0,wye,0.01666667,0.00054545,1,1
t225901711a,3,secondary_2,x3195327a,x3195327a.0.2,wye,0.01666667,0.00054545,1,1
t227902981a,1,primary,l3047058,l3047058.1,wye,1,0.00136364,1,1
t227902981a,2,secondary_1,x3047058a,x3047058a.1.0,wye,0.01666667,0.00136364,1,1
t227902981a,3,secondary_2,x3047058a,x3047058a.0.2,wye,0.01666667,0.00136364,1,1
t5321853b,1,primary,l2673313,l2673313.2,wye,1,0.00090909,1,1
t5321853b,2,secondary_1,x2673313b,x2673313b.1.0,wye,0.01666667,0.00090909,1,1
t5321853b,3,secondary_2,x2673313b,x2673313b.0.2,wye,0.01666667,0.00090909,1,1
t2224237653a,1,primary,l3649302,l3649302.1,wye,1,0.00136364,1,1
t2224237653a,2,secondary_1,x3649302a,x3649302a.1.0,wye,0.01666667,0.00136364,1,1
t2224237653a,3,secondary_2,x3649302a,x3649302a.0.2,wye,0.01666667,0.00136364,1,1
t2224386592a,1,primary,l3729297,l3729297.1,wye,1,0.00090909,1,1
t2224386592a,2,secondary_1,x3729297a,x3729297a.1.0,wye,0.01666667,0.00090909,1,1
t2224386592a,3,secondary_2,x3729297a,x3729297a.0.2,wye,0.01666667,0.00090909,1,1
t5391990a,1,primary,l2858163,l2858163.1,wye,1,0.00054545,1,1
t5391990a,2,secondary_1,x2858163a,x2858163a.1.0,wye,0.01666667,0.00054545,1,1
t5391990a,3,secondary_2,x2858163a,x2858163a.0.2,wye,0.01666667,0.00054545,1,1
t226881057b,1,primary,l3214112,l3214112.2,wye,1,0.00054545,1,1
t226881057b,2,secondary_1,x3214112b,x3214112b.1.0,wye,0.01666667,0.00054545,1,1
t226881057b,3,secondary_2,x3214112b,x3214112b.0.2,wye,0.01666667,0.00054545,1,1
t225533531a,1,primary,l2685805,l2685805.1,wye,1,0.00090909,1,1
t225533531a,2,secondary_1,x2685805a,x2685805a.1.0,wye,0.01666667,0.00090909,1,1
t225533531a,3,secondary_2,x2685805a,x2685805a.0.2,wye,0.01666667,0.00090909,1,1
t5247056a,1,primary,l2991912,l2991912.1,wye,1,0.00054545,1,1
t5247056a,2,secondary_1,x2991912a,x2991912a.1.0,wye,0.01666667,0.00054545,1,1
t5247056a,3,secondary_2,x2991912a,x2991912a.0.2,wye,0.01666667,0.00054545,1,1
t227905262a,1,primary,l3140238,l3140238.1,wye,1,0.00090909,1,1
t227905262a,2,secondary_1,x3140238a,x3140238a.1.0,wye,0.01666667,0.00090909,1,1
t227905262a,3,secondary_2,x3140238a,x3140238a.0.2,wye,0.01666667,0.00090909,1,1
t21469960b,1,primary,l3066830,l3066830.2,wye,1,0.00090909,1,1
t21469960b,2,secondary_1,x3066830b,x3066830b.1.0,wye,0.01666667,0.00090909,1,1
t21469960b,3,secondary_2,x3066830b,x3066830b.0.2,wye,0.01666667,0.00090909,1,1
t5260511c,1,primary,l3160878,l3160878.3,wye,1,0.00054545,1,1
t5260511c,2,secondary_1,x3160878c,x3160878c.1.0,wye,0.01666667,0.00054545,1,1
t5260511c,3,secondary_2,x3160878c,x3160878c.0.2,wye,0.01666667,0.00054545,1,1
t5138346c,1,primary,l2916609,l2916609.3,wye,1,0.00054545,1,1
t5138346c,2,secondary_1,x2916609c,x2916609c.1.0,wye,0.01666667,0.00054545,1,1
t5138346c,3,secondary_2,x2916609c,x2916609c.0.2,wye,0.01666667,0.00054545,1,1
t225806974a,1,primary,l2876814,l2876814.1,wye,1,0.00036364,1,1
t225806974a,2,secondary_1,x2876814a,x2876814a.1.0,wye,0.01666667,0.00036364,1,1
t225806974a,3,secondary_2,x2876814a,x2876814a.0.2,wye,0.01666667,0.00036364,1,1
t5355944b,1,primary,l3197646,l3197646.2,wye,1,0.00090909,1,1
t5355944b,2,secondary_1,x3197646b,x3197646b.1.0,wye,0.01666667,0.00090909,1,1
t5355944b,3,secondary_2,x3197646b,x3197646b.0.2,wye,0.01666667,0.00090909,1,1
t5138569a,1,primary,l2973151,l2973151.1,wye,1,0.00054545,1,1
t5138569a,2,secondary_1,x2973151a,x2973151a.1.0,wye,0.01666667,0.00054545,1,1
t5138569a,3,secondary_2,x2973151a,x2973151a.0.2,wye,0.01666667,0.00054545,1,1
t5337625c,1,primary,l3197627,l3197627.3,wye,1,0.00090909,1,1
t5337625c,2,secondary_1,x3197627c,x3197627c.1.0,wye,0.01666667,0.00090909,1,1
t5337625c,3,secondary_2,x3197627c,x3197627c.0.2,wye,0.01666667,0.00090909,1,1
t5321874a,1,primary,l2764412,l2764412.1,wye,1,0.00090909,1,1
t5321874a,2,secondary_1,x2764412a,x2764412a.1.0,wye,0.01666667,0.00090909,1,1
t5321874a,3,secondary_2,x2764412a,x2764412a.0.2,wye,0.01666667,0.00090909,1,1
t5337713c,1,primary,l2766716,l2766716.3,wye,1,0.00054545,1,1
t5337713c,2,secondary_1,x2766716c,x2766716c.1.0,wye,0.01666667,0.00054545,1,1
t5337713c,3,secondary_2,x2766716c,x2766716c.0.2,wye,0.01666667,0.00054545,1,1
t5391757b,1,primary,l2991917,l2991917.2,wye,1,0.00036364,1,1
t5391757b,2,secondary_1,x2991917b,x2991917b.1.0,wye,0.01666667,0.00036364,1,1
t5391757b,3,secondary_2,x2991917b,x2991917b.0.2,wye,0.01666667,0.00036364,1,1
t5338998b,1,primary,l3254229,l3254229.2,wye,1,0.00090909,1,1
t5338998b,2,secondary_1,x3254229b,x3254229b.1.0,wye,0.01666667,0.00090909,1,1
t5338998b,3,secondary_2,x3254229b,x3254229b.0.2,wye,0.01666667,0.00090909,1,1
t5356064b,1,primary,l2935556,l2935556.2,wye,1,0.00090909,1,1
t5356064b,2,secondary_1,x2935556b,x2935556b.1.0,wye,0.01666667,0.00090909,1,1
t5356064b,3,secondary_2,x2935556b,x2935556b.0.2,wye,0.01666667,0.00090909,1,1
t5323275b,1,primary,l3197660,l3197660.2,wye,1,0.00090909,1,1
t5323275b,2,secondary_1,x3197660b,x3197660b.1.0,wye,0.01666667,0.00090909,1,1
t5323275b,3,secondary_2,x3197660b,x3197660b.0.2,wye,0.01666667,0.00090909,1,1
t21389237a,1,primary,l2989565,l2989565.1,wye,1,0.00090909,1,1
t21389237a,2,secondary_1,x2989565a,x2989565a.1.0,wye,0.01666667,0.00090909,1,1
t21389237a,3,secondary_2,x2989565a,x2989565a.0.2,wye,0.01666667,0.00090909,1,1
t2224230615c,1,primary,l3645809,l3645809.3,wye,1,0.00181818,1,1
t2224230615c,2,secondary_1,x3645809c,x3645809c.1.0,wye,0.01666667,0.00181818,1,1
t2224230615c,3,secondary_2,x3645809c,x3645809c.0.2,wye,0.01666667,0.00181818,1,1
t5260463b,1,primary,l3086075,l3086075.2,wye,1,0.00054545,1,1
t5260463b,2,secondary_1,x3086075b,x3086075b.1.0,wye,0.01666667,0.00054545,1,1
t5260463b,3,secondary_2,x3086075b,x3086075b.0.2,wye,0.01666667,0.00054545,1,1
t5302402a,1,primary,l3122824,l3122824.1,wye,1,0.00054545,1,1
t5302402a,2,secondary_1,x3122824a,x3122824a.1.0,wye,0.01666667,0.00054545,1,1
t5302402a,3,secondary_2,x3122824a,x3122824a.0.2,wye,0.01666667,0.00054545,1,1
t5355599b,1,primary,l3216338,l3216338.2,wye,1,0.00090909,1,1
t5355599b,2,secondary_1,x3216338b,x3216338b.1.0,wye,0.01666667,0.00090909,1,1
t5355599b,3,secondary_2,x3216338b,x3216338b.0.2,wye,0.01666667,0.00090909,1,1
t21393412b,1,primary,l2729405,l2729405.2,wye,1,0.00090909,1,1
t21393412b,2,secondary_1,x2729405b,x2729405b.1.0,wye,0.01666667,0.00090909,1,1
t21393412b,3,secondary_2,x2729405b,x2729405b.0.2,wye,0.01666667,0.00090909,1,1
t5356807a,1,primary,l2823545,l2823545.1,wye,1,0.00090909,1,1
t5356807a,2,secondary_1,x2823545a,x2823545a.1.0,wye,0.01666667,0.00090909,1,1
t5356807a,3,secondary_2,x2823545a,x2823545a.0.2,wye,0.01666667,0.00090909,1,1
t5293660b,1,primary,l2916610,l2916610.2,wye,1,0.00090909,1,1
t5293660b,2,secondary_1,x2916610b,x2916610b.1.0,wye,0.01666667,0.00090909,1,1
t5293660b,3,secondary_2,x2916610b,x2916610b.0.2,wye,0.01666667,0.00090909,1,1
t227731863a,1,primary,l3177665,l3177665.1,wye,1,0.00136364,1,1
t227731863a,2,secondary_1,x3177665a,x3177665a.1.0,wye,0.01666667,0.00136364,1,1
t227731863a,3,secondary_2,x3177665a,x3177665a.0.2,wye,0.01666667,0.00136364,1,1
t227760021a,1,primary,l2803199,l2803199.1,wye,1,0.00181818,1,1
t227760021a,2,secondary_1,x2803199a,x2803199a.1.0,wye,0.01666667,0.00181818,1,1
t227760021a,3,secondary_2,x2803199a,x2803199a.0.2,wye,0.01666667,0.00181818,1,1
t227760021b,1,primary,l2803199,l2803199.2,wye,1,0.00181818,1,1
t227760021b,2,secondary_1,x2803199b,x2803199b.1.0,wye,0.01666667,0.00181818,1,1
t227760021b,3,secondary_2,x2803199b,x2803199b.0.2,wye,0.01666667,0.00181818,1,1
t227760021c,1,primary,l2803199,l2803199.3,wye,1,0.00181818,1,1
t227760021c,2,secondary_1,x2803199c,x2803199c.1.0,wye,0.01666667,0.00181818,1,1
t227760021c,3,secondary_2,x2803199c,x2803199c.0.2,wye,0.01666667,0.00181818,1,1
t5391980a,1,primary,l2691952,l2691952.1,wye,1,0.00054545,1,1
t5391980a,2,secondary_1,x2691952a,x2691952a.1.0,wye,0.01666667,0.00054545,1,1
t5391980a,3,secondary_2,x2691952a,x2691952a.0.2,wye,0.01666667,0.00054545,1,1
t5338984a,1,primary,l2748144,l2748144.1,wye,1,0.00090909,1,1
t5338984a,2,secondary_1,x2748144a,x2748144a.1.0,wye,0.01666667,0.00090909,1,1
t5338984a,3,secondary_2,x2748144a,x2748144a.0.2,wye,0.01666667,0.00090909,1,1
t5337702b,1,primary,l3029504,l3029504.2,wye,1,0.00090909,1,1
t5337702b,2,secondary_1,x3029504b,x3029504b.1.0,wye,0.01666667,0.00090909,1,1
t5337702b,3,secondary_2,x3029504b,x3029504b.0.2,wye,0.01666667,0.00090909,1,1
t5337696b,1,primary,l3197635,l3197635.2,wye,1,0.00054545,1,1
t5337696b,2,secondary_1,x3197635b,x3197635b.1.0,wye,0.01666667,0.00054545,1,1
t5337696b,3,secondary_2,x3197635b,x3197635b.0.2,wye,0.01666667,0.00054545,1,1
t225577437c,1,primary,l2724120,l2724120.3,wye,1,0.00090909,1,1
t225577437c,2,secondary_1,x2724120c,x2724120c.1.0,wye,0.01666667,0.00090909,1,1
t225577437c,3,secondary_2,x2724120c,x2724120c.0.2,wye,0.01666667,0.00090909,1,1
t5337676a,1,primary,l3235244,l3235244.1,wye,1,0.00090909,1,1
t5337676a,2,secondary_1,x3235244a,x3235244a.1.0,wye,0.01666667,0.00090909,1,1
t5337676a,3,secondary_2,x3235244a,x3235244a.0.2,wye,0.01666667,0.00090909,1,1
t5323418a,1,primary,l2804254,l2804254.1,wye,1,0.00090909,1,1
t5323418a,2,secondary_1,x2804254a,x2804254a.1.0,wye,0.01666667,0.00090909,1,1
t5323418a,3,secondary_2,x2804254a,x2804254a.0.2,wye,0.01666667,0.00090909,1,1
t226192936b,1,primary,l2820531,l2820531.2,wye,1,0.00090909,1,1
t226192936b,2,secondary_1,x2820531b,x2820531b.1.0,wye,0.01666667,0.00090909,1,1
t226192936b,3,secondary_2,x2820531b,x2820531b.0.2,wye,0.01666667,0.00090909,1,1
t5337706b,1,primary,l3254214,l3254214.2,wye,1,0.00090909,1,1
t5337706b,2,secondary_1,x3254214b,x3254214b.1.0,wye,0.01666667,0.00090909,1,1
t5337706b,3,secondary_2,x3254214b,x3254214b.0.2,wye,0.01666667,0.00090909,1,1
t5339010b,1,primary,l2691966,l2691966.2,wye,1,0.00181818,1,1
t5339010b,2,secondary_1,x2691966b,x2691966b.1.0,wye,0.01666667,0.00181818,1,1
t5339010b,3,secondary_2,x2691966b,x2691966b.0.2,wye,0.01666667,0.00181818,1,1
t5391987a,1,primary,l3122822,l3122822.1,wye,1,0.00090909,1,1
t5391987a,2,secondary_1,x3122822a,x3122822a.1.0,wye,0.01666667,0.00090909,1,1
t5391987a,3,secondary_2,x3122822a,x3122822a.0.2,wye,0.01666667,0.00090909,1,1
t5310569a,1,primary,l3197639,l3197639.1,wye,1,0.00090909,1,1
t5310569a,2,secondary_1,x3197639a,x3197639a.1.0,wye,0.01666667,0.00090909,1,1
t5310569a,3,secondary_2,x3197639a,x3197639a.0.2,wye,0.01666667,0.00090909,1,1
t225869139a,1,primary,l3120503,l3120503.1,wye,1,0.00054545,1,1
t225869139a,2,secondary_1,x3120503a,x3120503a.1.0,wye,0.01666667,0.00054545,1,1
t225869139a,3,secondary_2,x3120503a,x3120503a.0.2,wye,0.01666667,0.00054545,1,1
t5337708b,1,primary,l3216349,l3216349.2,wye,1,0.00054545,1,1
t5337708b,2,secondary_1,x3216349b,x3216349b.1.0,wye,0.01666667,0.00054545,1,1
t5337708b,3,secondary_2,x3216349b,x3216349b.0.2,wye,0.01666667,0.00054545,1,1
t226308719b,1,primary,l3027670,l3027670.2,wye,1,0.00272727,1,1
t226308719b,2,secondary_1,x3027670b,x3027670b.1.0,wye,0.01666667,0.00272727,1,1
t226308719b,3,secondary_2,x3027670b,x3027670b.0.2,wye,0.01666667,0.00272727,1,1
t5337630c,1,primary,l3085392,l3085392.3,wye,1,0.00054545,1,1
t5337630c,2,secondary_1,x3085392c,x3085392c.1.0,wye,0.01666667,0.00054545,1,1
t5337630c,3,secondary_2,x3085392c,x3085392c.0.2,wye,0.01666667,0.00054545,1,1
t5138655a,1,primary,l3010556,l3010556.1,wye,1,0.00054545,1,1
t5138655a,2,secondary_1,x3010556a,x3010556a.1.0,wye,0.01666667,0.00054545,1,1
t5138655a,3,secondary_2,x3010556a,x3010556a.0.2,wye,0.01666667,0.00054545,1,1
t226194826a,1,primary,l3232902,l3232902.1,wye,1,0.00090909,1,1
t226194826a,2,secondary_1,x3232902a,x3232902a.1.0,wye,0.01666667,0.00090909,1,1
t226194826a,3,secondary_2,x3232902a,x3232902a.0.2,wye,0.01666667,0.00090909,1,1
t5356808a,1,primary,l3101782,l3101782.1,wye,1,0.00136364,1,1
t5356808a,2,secondary_1,x3101782a,x3101782a.1.0,wye,0.01666667,0.00136364,1,1
t5356808a,3,secondary_2,x3101782a,x3101782a.0.2,wye,0.01666667,0.00136364,1,1
t5355593b,1,primary,l2766715,l2766715.2,wye,1,0.00054545,1,1
t5355593b,2,secondary_1,x2766715b,x2766715b.1.0,wye,0.01666667,0.00054545,1,1
t5355593b,3,secondary_2,x2766715b,x2766715b.0.2,wye,0.01666667,0.00054545,1,1
t5356787c,1,primary,l2970804,l2970804.3,wye,1,0.00090909,1,1
t5356787c,2,secondary_1,x2970804c,x2970804c.1.0,wye,0.01666667,0.00090909,1,1
t5356787c,3,secondary_2,x2970804c,x2970804c.0.2,wye,0.01666667,0.00090909,1,1
t5321845b,1,primary,l3178975,l3178975.2,wye,1,0.00090909,1,1
t5321845b,2,secondary_1,x3178975b,x3178975b.1.0,wye,0.01666667,0.00090909,1,1
t5321845b,3,secondary_2,x3178975b,x3178975b.0.2,wye,0.01666667,0.00090909,1,1
t5337720a,1,primary,l2841648,l2841648.1,wye,1,0.00054545,1,1
t5337720a,2,secondary_1,x2841648a,x2841648a.1.0,wye,0.01666667,0.00054545,1,1
t5337720a,3,secondary_2,x2841648a,x2841648a.0.2,wye,0.01666667,0.00054545,1,1
t5337631c,1,primary,l3029497,l3029497.3,wye,1,0.00036364,1,1
t5337631c,2,secondary_1,x3029497c,x3029497c.1.0,wye,0.01666667,0.00036364,1,1
t5337631c,3,secondary_2,x3029497c,x3029497c.0.2,wye,0.01666667,0.00036364,1,1
t21486213b,1,primary,l3029520,l3029520.2,wye,1,0.00054545,1,1
t21486213b,2,secondary_1,x3029520b,x3029520b.1.0,wye,0.01666667,0.00054545,1,1
t21486213b,3,secondary_2,x3029520b,x3029520b.0.2,wye,0.01666667,0.00054545,1,1
t28127319b,1,primary,l2766744,l2766744.2,wye,1,0.00090909,1,1
t28127319b,2,secondary_1,x2766744b,x2766744b.1.0,wye,0.01666667,0.00090909,1,1
t28127319b,3,secondary_2,x2766744b,x2766744b.0.2,wye,0.01666667,0.00090909,1,1
t5337666b,1,primary,l3029518,l3029518.2,wye,1,0.00090909,1,1
t5337666b,2,secondary_1,x3029518b,x3029518b.1.0,wye,0.01666667,0.00090909,1,1
t5337666b,3,secondary_2,x3029518b,x3029518b.0.2,wye,0.01666667,0.00090909,1,1
t5356809a,1,primary,l2936214,l2936214.1,wye,1,0.00090909,1,1
t5356809a,2,secondary_1,x2936214a,x2936214a.1.0,wye,0.01666667,0.00090909,1,1
t5356809a,3,secondary_2,x2936214a,x2936214a.0.2,wye,0.01666667,0.00090909,1,1
t5323397b,1,primary,l2954346,l2954346.2,wye,1,0.00090909,1,1
t5323397b,2,secondary_1,x2954346b,x2954346b.1.0,wye,0.01666667,0.00090909,1,1
t5323397b,3,secondary_2,x2954346b,x2954346b.0.2,wye,0.01666667,0.00090909,1,1
t5337692b,1,primary,l2879061,l2879061.2,wye,1,0.00036364,1,1
t5337692b,2,secondary_1,x2879061b,x2879061b.1.0,wye,0.01666667,0.00036364,1,1
t5337692b,3,secondary_2,x2879061b,x2879061b.0.2,wye,0.01666667,0.00036364,1,1
t5339042b,1,primary,l3141394,l3141394.2,wye,1,0.00090909,1,1
t5339042b,2,secondary_1,x3141394b,x3141394b.1.0,wye,0.01666667,0.00090909,1,1
t5339042b,3,secondary_2,x3141394b,x3141394b.0.2,wye,0.01666667,0.00090909,1,1
t5260501b,1,primary,l3142098,l3142098.2,wye,1,0.00090909,1,1
t5260501b,2,secondary_1,x3142098b,x3142098b.1.0,wye,0.01666667,0.00090909,1,1
t5260501b,3,secondary_2,x3142098b,x3142098b.0.2,wye,0.01666667,0.00090909,1,1
t2224230754c,1,primary,l3645812,l3645812.3,wye,1,0.00136364,1,1
t2224230754c,2,secondary_1,x3645812c,x3645812c.1.0,wye,0.01666667,0.00136364,1,1
t2224230754c,3,secondary_2,x3645812c,x3645812c.0.2,wye,0.01666667,0.00136364,1,1
t5138563a,1,primary,l2916627,l2916627.1,wye,1,0.00090909,1,1
t5138563a,2,secondary_1,x2916627a,x2916627a.1.0,wye,0.01666667,0.00090909,1,1
t5138563a,3,secondary_2,x2916627a,x2916627a.0.2,wye,0.01666667,0.00090909,1,1
t5338936c,1,primary,l3066815,l3066815.3,wye,1,0.00090909,1,1
t5338936c,2,secondary_1,x3066815c,x3066815c.1.0,wye,0.01666667,0.00090909,1,1
t5338936c,3,secondary_2,x3066815c,x3066815c.0.2,wye,0.01666667,0.00090909,1,1
t5247185b,1,primary,l3179678,l3179678.2,wye,1,0.00054545,1,1
t5247185b,2,secondary_1,x3179678b,x3179678b.1.0,wye,0.01666667,0.00054545,1,1
t5247185b,3,secondary_2,x3179678b,x3179678b.0.2,wye,0.01666667,0.00054545,1,1
t21482181a,1,primary,l3254237,l3254237.1,wye,1,0.00090909,1,1
t21482181a,2,secondary_1,x3254237a,x3254237a.1.0,wye,0.01666667,0.00090909,1,1
t21482181a,3,secondary_2,x3254237a,x3254237a.0.2,wye,0.01666667,0.00090909,1,1
t5323280b,1,primary,l2710512,l2710512.2,wye,1,0.00090909,1,1
t5323280b,2,secondary_1,x2710512b,x2710512b.1.0,wye,0.01666667,0.00090909,1,1
t5323280b,3,secondary_2,x2710512b,x2710512b.0.2,wye,0.01666667,0.00090909,1,1
t5138264b,1,primary,l3104125,l3104125.2,wye,1,0.00090909,1,1
t5138264b,2,secondary_1,x3104125b,x3104125b.1.0,wye,0.01666667,0.00090909,1,1
t5138264b,3,secondary_2,x3104125b,x3104125b.0.2,wye,0.01666667,0.00090909,1,1
t5337679a,1,primary,l3010559,l3010559.1,wye,1,0.00054545,1,1
t5337679a,2,secondary_1,x3010559a,x3010559a.1.0,wye,0.01666667,0.00054545,1,1
t5337679a,3,secondary_2,x3010559a,x3010559a.0.2,wye,0.01666667,0.00054545,1,1
t21357984c,1,primary,l2897790,l2897790.3,wye,1,0.00090909,1,1
t21357984c,2,secondary_1,x2897790c,x2897790c.1.0,wye,0.01666667,0.00090909,1,1
t21357984c,3,secondary_2,x2897790c,x2897790c.0.2,wye,0.01666667,0.00090909,1,1
t5260553c,1,primary,l2711225,l2711225.3,wye,1,0.00054545,1,1
t5260553c,2,secondary_1,x2711225c,x2711225c.1.0,wye,0.01666667,0.00054545,1,1
t5260553c,3,secondary_2,x2711225c,x2711225c.0.2,wye,0.01666667,0.00054545,1,1
t5293523a,1,primary,l2766729,l2766729.1,wye,1,0.00090909,1,1
t5293523a,2,secondary_1,x2766729a,x2766729a.1.0,wye,0.01666667,0.00090909,1,1
t5293523a,3,secondary_2,x2766729a,x2766729a.0.2,wye,0.01666667,0.00090909,1,1
t5302507b,1,primary,l3235275,l3235275.2,wye,1,0.00090909,1,1
t5302507b,2,secondary_1,x3235275b,x3235275b.1.0,wye,0.01666667,0.00090909,1,1
t5302507b,3,secondary_2,x3235275b,x3235275b.0.2,wye,0.01666667,0.00090909,1,1
t2224387019a,1,primary,l3728038,l3728038.1,wye,1,0.00090909,1,1
t2224387019a,2,secondary_1,x3728038a,x3728038a.1.0,wye,0.01666667,0.00090909,1,1
t2224387019a,3,secondary_2,x3728038a,x3728038a.0.2,wye,0.01666667,0.00090909,1,1
t5355431c,1,primary,l3048222,l3048222.3,wye,1,0.00136364,1,1
t5355431c,2,secondary_1,x3048222c,x3048222c.1.0,wye,0.01666667,0.00136364,1,1
t5355431c,3,secondary_2,x3048222c,x3048222c.0.2,wye,0.01666667,0.00136364,1,1
t5138404c,1,primary,l2841630,l2841630.3,wye,1,0.00090909,1,1
t5138404c,2,secondary_1,x2841630c,x2841630c.1.0,wye,0.01666667,0.00090909,1,1
t5138404c,3,secondary_2,x2841630c,x2841630c.0.2,wye,0.01666667,0.00090909,1,1
t5138574a,1,primary,l2991907,l2991907.1,wye,1,0.00090909,1,1
t5138574a,2,secondary_1,x2991907a,x2991907a.1.0,wye,0.01666667,0.00090909,1,1
t5138574a,3,secondary_2,x2991907a,x2991907a.0.2,wye,0.01666667,0.00090909,1,1
t5138466c,1,primary,l2973144,l2973144.3,wye,1,0.00090909,1,1
t5138466c,2,secondary_1,x2973144c,x2973144c.1.0,wye,0.01666667,0.00090909,1,1
t5138466c,3,secondary_2,x2973144c,x2973144c.0.2,wye,0.01666667,0.00090909,1,1
t21397721a,1,primary,l3178976,l3178976.1,wye,1,0.00054545,1,1
t21397721a,2,secondary_1,x3178976a,x3178976a.1.0,wye,0.01666667,0.00054545,1,1
t21397721a,3,secondary_2,x3178976a,x3178976a.0.2,wye,0.01666667,0.00054545,1,1
t5337684a,1,primary,l3159448,l3159448.1,wye,1,0.00090909,1,1
t5337684a,2,secondary_1,x3159448a,x3159448a.1.0,wye,0.01666667,0.00090909,1,1
t5337684a,3,secondary_2,x3159448a,x3159448a.0.2,wye,0.01666667,0.00090909,1,1
t5339051c,1,primary,l3231255,l3231255.3,wye,1,0.00090909,1,1
t5339051c,2,secondary_1,x3231255c,x3231255c.1.0,wye,0.01666667,0.00090909,1,1
t5339051c,3,secondary_2,x3231255c,x3231255c.0.2,wye,0.01666667,0.00090909,1,1
t5337623c,1,primary,l3197626,l3197626.3,wye,1,0.00054545,1,1
t5337623c,2,secondary_1,x3197626c,x3197626c.1.0,wye,0.01666667,0.00054545,1,1
t5337623c,3,secondary_2,x3197626c,x3197626c.0.2,wye,0.01666667,0.00054545,1,1
t226308725b,1,primary,l2802480,l2802480.2,wye,1,0.00272727,1,1
t226308725b,2,secondary_1,x2802480b,x2802480b.1.0,wye,0.01666667,0.00272727,1,1
t226308725b,3,secondary_2,x2802480b,x2802480b.0.2,wye,0.01666667,0.00272727,1,1
t5356804a,1,primary,l2823544,l2823544.1,wye,1,0.00090909,1,1
t5356804a,2,secondary_1,x2823544a,x2823544a.1.0,wye,0.01666667,0.00090909,1,1
t5356804a,3,secondary_2,x2823544a,x2823544a.0.2,wye,0.01666667,0.00090909,1,1
t5355604b,1,primary,l2841624,l2841624.2,wye,1,0.00054545,1,1
t5355604b,2,secondary_1,x2841624b,x2841624b.1.0,wye,0.01666667,0.00054545,1,1
t5355604b,3,secondary_2,x2841624b,x2841624b.0.2,wye,0.01666667,0.00054545,1,1
t21459660c,1,primary,l3101194,l3101194.3,wye,1,0.00272727,1,1
t21459660c,2,secondary_1,x3101194c,x3101194c.1.0,wye,0.01666667,0.00272727,1,1
t21459660c,3,secondary_2,x3101194c,x3101194c.0.2,wye,0.01666667,0.00272727,1,1
t5337636c,1,primary,l2841619,l2841619.3,wye,1,0.00136364,1,1
t5337636c,2,secondary_1,x2841619c,x2841619c.1.0,wye,0.01666667,0.00136364,1,1
t5337636c,3,secondary_2,x2841619c,x2841619c.0.2,wye,0.01666667,0.00136364,1,1
t5260505c,1,primary,l2861218,l2861218.3,wye,1,0.00090909,1,1
t5260505c,2,secondary_1,x2861218c,x2861218c.1.0,wye,0.01666667,0.00090909,1,1
t5260505c,3,secondary_2,x2861218c,x2861218c.0.2,wye,0.01666667,0.00090909,1,1
t5325245b,1,primary,l2710513,l2710513.2,wye,1,0.00036364,1,1
t5325245b,2,secondary_1,x2710513b,x2710513b.1.0,wye,0.01666667,0.00036364,1,1
t5325245b,3,secondary_2,x2710513b,x2710513b.0.2,wye,0.01666667,0.00036364,1,1
t21385192c,1,primary,l2879062,l2879062.3,wye,1,0.00054545,1,1
t21385192c,2,secondary_1,x2879062c,x2879062c.1.0,wye,0.01666667,0.00054545,1,1
t21385192c,3,secondary_2,x2879062c,x2879062c.0.2,wye,0.01666667,0.00054545,1,1
t5260496b,1,primary,l2879767,l2879767.2,wye,1,0.00036364,1,1
t5260496b,2,secondary_1,x2879767b,x2879767b.1.0,wye,0.01666667,0.00036364,1,1
t5260496b,3,secondary_2,x2879767b,x2879767b.0.2,wye,0.01666667,0.00036364,1,1
t21399220c,1,primary,l2766725,l2766725.3,wye,1,0.00054545,1,1
t21399220c,2,secondary_1,x2766725c,x2766725c.1.0,wye,0.01666667,0.00054545,1,1
t21399220c,3,secondary_2,x2766725c,x2766725c.0.2,wye,0.01666667,0.00054545,1,1
t5337655c,1,primary,l3141396,l3141396.3,wye,1,0.00054545,1,1
t5337655c,2,secondary_1,x3141396c,x3141396c.1.0,wye,0.01666667,0.00054545,1,1
t5337655c,3,secondary_2,x3141396c,x3141396c.0.2,wye,0.01666667,0.00054545,1,1
t5330122b,1,primary,l2879752,l2879752.2,wye,1,0.00054545,1,1
t5330122b,2,secondary_1,x2879752b,x2879752b.1.0,wye,0.01666667,0.00054545,1,1
t5330122b,3,secondary_2,x2879752b,x2879752b.0.2,wye,0.01666667,0.00054545,1,1
t28148060c,1,primary,l2991940,l2991940.3,wye,1,0.00054545,1,1
t28148060c,2,secondary_1,x2991940c,x2991940c.1.0,wye,0.01666667,0.00054545,1,1
t28148060c,3,secondary_2,x2991940c,x2991940c.0.2,wye,0.01666667,0.00054545,1,1
t5302674a,1,primary,l2673321,l2673321.1,wye,1,0.00090909,1,1
t5302674a,2,secondary_1,x2673321a,x2673321a.1.0,wye,0.01666667,0.00090909,1,1
t5302674a,3,secondary_2,x2673321a,x2673321a.0.2,wye,0.01666667,0.00090909,1,1
t5355601b,1,primary,l2673326,l2673326.2,wye,1,0.00054545,1,1
t5355601b,2,secondary_1,x2673326b,x2673326b.1.0,wye,0.01666667,0.00054545,1,1
t5355601b,3,secondary_2,x2673326b,x2673326b.0.2,wye,0.01666667,0.00054545,1,1
t225533703c,1,primary,l2925506,l2925506.3,wye,1,0.00090909,1,1
t225533703c,2,secondary_1,x2925506c,x2925506c.1.0,wye,0.01666667,0.00090909,1,1
t225533703c,3,secondary_2,x2925506c,x2925506c.0.2,wye,0.01666667,0.00090909,1,1
t5356814c,1,primary,l2730106,l2730106.3,wye,1,0.00090909,1,1
t5356814c,2,secondary_1,x2730106c,x2730106c.1.0,wye,0.01666667,0.00090909,1,1
t5356814c,3,secondary_2,x2730106c,x2730106c.0.2,wye,0.01666667,0.00090909,1,1
t226196648a,1,primary,l2820556,l2820556.1,wye,1,0.00090909,1,1
t226196648a,2,secondary_1,x2820556a,x2820556a.1.0,wye,0.01666667,0.00090909,1,1
t226196648a,3,secondary_2,x2820556a,x2820556a.0.2,wye,0.01666667,0.00090909,1,1
t5321861c,1,primary,l3235248,l3235248.3,wye,1,0.00054545,1,1
t5321861c,2,secondary_1,x3235248c,x3235248c.1.0,wye,0.01666667,0.00054545,1,1
t5321861c,3,secondary_2,x3235248c,x3235248c.0.2,wye,0.01666667,0.00054545,1,1
t5355840b,1,primary,l2822871,l2822871.2,wye,1,0.00090909,1,1
t5355840b,2,secondary_1,x2822871b,x2822871b.1.0,wye,0.01666667,0.00090909,1,1
t5355840b,3,secondary_2,x2822871b,x2822871b.0.2,wye,0.01666667,0.00090909,1,1
t21243817a,1,primary,l2955076,l2955076.1,wye,1,0.00054545,1,1
t21243817a,2,secondary_1,x2955076a,x2955076a.1.0,wye,0.01666667,0.00054545,1,1
t21243817a,3,secondary_2,x2955076a,x2955076a.0.2,wye,0.01666667,0.00054545,1,1
t5260589b,1,primary,l2955005,l2955005.2,wye,1,0.00054545,1,1
t5260589b,2,secondary_1,x2955005b,x2955005b.1.0,wye,0.01666667,0.00054545,1,1
t5260589b,3,secondary_2,x2955005b,x2955005b.0.2,wye,0.01666667,0.00054545,1,1
t5338961c,1,primary,l3254208,l3254208.3,wye,1,0.00090909,1,1
t5338961c,2,secondary_1,x3254208c,x3254208c.1.0,wye,0.01666667,0.00090909,1,1
t5338961c,3,secondary_2,x3254208c,x3254208c.0.2,wye,0.01666667,0.00090909,1,1
t5337723a,1,primary,l3178978,l3178978.1,wye,1,0.00054545,1,1
t5337723a,2,secondary_1,x3178978a,x3178978a.1.0,wye,0.01666667,0.00054545,1,1
t5337723a,3,secondary_2,x3178978a,x3178978a.0.2,wye,0.01666667,0.00054545,1,1
t5138573a,1,primary,l3235253,l3235253.1,wye,1,0.00090909,1,1
t5138573a,2,secondary_1,x3235253a,x3235253a.1.0,wye,0.01666667,0.00090909,1,1
t5138573a,3,secondary_2,x3235253a,x3235253a.0.2,wye,0.01666667,0.00090909,1,1
t5321888c,1,primary,l3235241,l3235241.3,wye,1,0.00090909,1,1
t5321888c,2,secondary_1,x3235241c,x3235241c.1.0,wye,0.01666667,0.00090909,1,1
t5321888c,3,secondary_2,x3235241c,x3235241c.0.2,wye,0.01666667,0.00090909,1,1
t28148580b,1,primary,l3197636,l3197636.2,wye,1,0.00090909,1,1
t28148580b,2,secondary_1,x3197636b,x3197636b.1.0,wye,0.01666667,0.00090909,1,1
t28148580b,3,secondary_2,x3197636b,x3197636b.0.2,wye,0.01666667,0.00090909,1,1
t28126875b,1,primary,l3066811,l3066811.2,wye,1,0.00090909,1,1
t28126875b,2,secondary_1,x3066811b,x3066811b.1.0,wye,0.01666667,0.00090909,1,1
t28126875b,3,secondary_2,x3066811b,x3066811b.0.2,wye,0.01666667,0.00090909,1,1
t2224192013a,1,primary,l3632979,l3632979.1,wye,1,0.00054545,1,1
t2224192013a,2,secondary_1,x3632979a,x3632979a.1.0,wye,0.01666667,0.00054545,1,1
t2224192013a,3,secondary_2,x3632979a,x3632979a.0.2,wye,0.01666667,0.00054545,1,1
t5260532c,1,primary,l3086074,l3086074.3,wye,1,0.00054545,1,1
t5260532c,2,secondary_1,x3086074c,x3086074c.1.0,wye,0.01666667,0.00054545,1,1
t5260532c,3,secondary_2,x3086074c,x3086074c.0.2,wye,0.01666667,0.00054545,1,1
t21389831a,1,primary,l2674051,l2674051.1,wye,1,0.00054545,1,1
t21389831a,2,secondary_1,x2674051a,x2674051a.1.0,wye,0.01666667,0.00054545,1,1
t21389831a,3,secondary_2,x2674051a,x2674051a.0.2,wye,0.01666667,0.00054545,1,1
t21396331b,1,primary,l3178981,l3178981.2,wye,1,0.00090909,1,1
t21396331b,2,secondary_1,x3178981b,x3178981b.1.0,wye,0.01666667,0.00090909,1,1
t21396331b,3,secondary_2,x3178981b,x3178981b.0.2,wye,0.01666667,0.00090909,1,1
t227732939b,1,primary,l3046854,l3046854.2,wye,1,0.00136364,1,1
t227732939b,2,secondary_1,x3046854b,x3046854b.1.0,wye,0.01666667,0.00136364,1,1
t227732939b,3,secondary_2,x3046854b,x3046854b.0.2,wye,0.01666667,0.00136364,1,1
t5321856b,1,primary,l2860506,l2860506.2,wye,1,0.00054545,1,1
t5321856b,2,secondary_1,x2860506b,x2860506b.1.0,wye,0.01666667,0.00054545,1,1
t5321856b,3,secondary_2,x2860506b,x2860506b.0.2,wye,0.01666667,0.00054545,1,1
t5260625c,1,primary,l3048966,l3048966.3,wye,1,0.00054545,1,1
t5260625c,2,secondary_1,x3048966c,x3048966c.1.0,wye,0.01666667,0.00054545,1,1
t5260625c,3,secondary_2,x3048966c,x3048966c.0.2,wye,0.01666667,0.00054545,1,1
t5338950b,1,primary,l2822872,l2822872.2,wye,1,0.00090909,1,1
t5338950b,2,secondary_1,x2822872b,x2822872b.1.0,wye,0.01666667,0.00090909,1,1
t5338950b,3,secondary_2,x2822872b,x2822872b.0.2,wye,0.01666667,0.00090909,1,1
t226194419c,1,primary,l3214071,l3214071.3,wye,1,0.00090909,1,1
t226194419c,2,secondary_1,x3214071c,x3214071c.1.0,wye,0.01666667,0.00090909,1,1
t226194419c,3,secondary_2,x3214071c,x3214071c.0.2,wye,0.01666667,0.00090909,1,1
t5275247b,1,primary,l2786273,l2786273.2,wye,1,0.00090909,1,1
t5275247b,2,secondary_1,x2786273b,x2786273b.1.0,wye,0.01666667,0.00090909,1,1
t5275247b,3,secondary_2,x2786273b,x2786273b.0.2,wye,0.01666667,0.00090909,1,1
t5260518c,1,primary,l3104853,l3104853.3,wye,1,0.00090909,1,1
t5260518c,2,secondary_1,x3104853c,x3104853c.1.0,wye,0.01666667,0.00090909,1,1
t5260518c,3,secondary_2,x3104853c,x3104853c.0.2,wye,0.01666667,0.00090909,1,1
t5138259c,1,primary,l2973158,l2973158.3,wye,1,0.00054545,1,1
t5138259c,2,secondary_1,x2973158c,x2973158c.1.0,wye,0.01666667,0.00054545,1,1
t5138259c,3,secondary_2,x2973158c,x2973158c.0.2,wye,0.01666667,0.00054545,1,1
t5338926a,1,primary,l3216123,l3216123.1,wye,1,0.00054545,1,1
t5338926a,2,secondary_1,x3216123a,x3216123a.1.0,wye,0.01666667,0.00054545,1,1
t5338926a,3,secondary_2,x3216123a,x3216123a.0.2,wye,0.01666667,0.00054545,1,1
t5321855b,1,primary,l2860485,l2860485.2,wye,1,0.00054545,1,1
t5321855b,2,secondary_1,x2860485b,x2860485b.1.0,wye,0.01666667,0.00054545,1,1
t5321855b,3,secondary_2,x2860485b,x2860485b.0.2,wye,0.01666667,0.00054545,1,1
t5356800a,1,primary,l3235946,l3235946.1,wye,1,0.00090909,1,1
t5356800a,2,secondary_1,x3235946a,x3235946a.1.0,wye,0.01666667,0.00090909,1,1
t5356800a,3,secondary_2,x3235946a,x3235946a.0.2,wye,0.01666667,0.00090909,1,1
t5339047a,1,primary,l2973148,l2973148.1,wye,1,0.00090909,1,1
t5339047a,2,secondary_1,x2973148a,x2973148a.1.0,wye,0.01666667,0.00090909,1,1
t5339047a,3,secondary_2,x2973148a,x2973148a.0.2,wye,0.01666667,0.00090909,1,1
t5321894c,1,primary,l3066829,l3066829.3,wye,1,0.00090909,1,1
t5321894c,2,secondary_1,x3066829c,x3066829c.1.0,wye,0.01666667,0.00090909,1,1
t5321894c,3,secondary_2,x3066829c,x3066829c.0.2,wye,0.01666667,0.00090909,1,1
t5337627c,1,primary,l3085393,l3085393.3,wye,1,0.00090909,1,1
t5337627c,2,secondary_1,x3085393c,x3085393c.1.0,wye,0.01666667,0.00090909,1,1
t5337627c,3,secondary_2,x3085393c,x3085393c.0.2,wye,0.01666667,0.00090909,1,1
t5355358b,1,primary,l2673322,l2673322.2,wye,1,0.00036364,1,1
t5355358b,2,secondary_1,x2673322b,x2673322b.1.0,wye,0.01666667,0.00036364,1,1
t5355358b,3,secondary_2,x2673322b,x2673322b.0.2,wye,0.01666667,0.00036364,1,1
t22112371533c,1,primary,l3263051,l3263051.3,wye,1,0.00090909,1,1
t22112371533c,2,secondary_1,x3263051c,x3263051c.1.0,wye,0.01666667,0.00090909,1,1
t22112371533c,3,secondary_2,x3263051c,x3263051c.0.2,wye,0.01666667,0.00090909,1,1
t5323274b,1,primary,l2860500,l2860500.2,wye,1,0.00054545,1,1
t5323274b,2,secondary_1,x2860500b,x2860500b.1.0,wye,0.01666667,0.00054545,1,1
t5323274b,3,secondary_2,x2860500b,x2860500b.0.2,wye,0.01666667,0.00054545,1,1
t21396015a,1,primary,l3048211,l3048211.1,wye,1,0.00090909,1,1
t21396015a,2,secondary_1,x3048211a,x3048211a.1.0,wye,0.01666667,0.00090909,1,1
t21396015a,3,secondary_2,x3048211a,x3048211a.0.2,wye,0.01666667,0.00090909,1,1
t2224387074a,1,primary,l3728041,l3728041.1,wye,1,0.00090909,1,1
t2224387074a,2,secondary_1,x3728041a,x3728041a.1.0,wye,0.01666667,0.00090909,1,1
t2224387074a,3,secondary_2,x3728041a,x3728041a.0.2,wye,0.01666667,0.00090909,1,1
t5323237b,1,primary,l3048199,l3048199.2,wye,1,0.00054545,1,1
t5323237b,2,secondary_1,x3048199b,x3048199b.1.0,wye,0.01666667,0.00054545,1,1
t5323237b,3,secondary_2,x3048199b,x3048199b.0.2,wye,0.01666667,0.00054545,1,1
t5338949b,1,primary,l3104136,l3104136.2,wye,1,0.00054545,1,1
t5338949b,2,secondary_1,x3104136b,x3104136b.1.0,wye,0.01666667,0.00054545,1,1
t5338949b,3,secondary_2,x3104136b,x3104136b.0.2,wye,0.01666667,0.00054545,1,1
t5356015a,1,primary,l2916599,l2916599.1,wye,1,0.00090909,1,1
t5356015a,2,secondary_1,x2916599a,x2916599a.1.0,wye,0.01666667,0.00090909,1,1
t5356015a,3,secondary_2,x2916599a,x2916599a.0.2,wye,0.01666667,0.00090909,1,1
t5138718c,1,primary,l3104134,l3104134.3,wye,1,0.00090909,1,1
t5138718c,2,secondary_1,x3104134c,x3104134c.1.0,wye,0.01666667,0.00090909,1,1
t5138718c,3,secondary_2,x3104134c,x3104134c.0.2,wye,0.01666667,0.00090909,1,1
t5338959c,1,primary,l2954344,l2954344.3,wye,1,0.00090909,1,1
t5338959c,2,secondary_1,x2954344c,x2954344c.1.0,wye,0.01666667,0.00090909,1,1
t5338959c,3,secondary_2,x2954344c,x2954344c.0.2,wye,0.01666667,0.00090909,1,1
t5157718b,1,primary,l3142099,l3142099.2,wye,1,0.00090909,1,1
t5157718b,2,secondary_1,x3142099b,x3142099b.1.0,wye,0.01666667,0.00090909,1,1
t5157718b,3,secondary_2,x3142099b,x3142099b.0.2,wye,0.01666667,0.00090909,1,1
t5321884c,1,primary,l2710515,l2710515.3,wye,1,0.00136364,1,1
t5321884c,2,secondary_1,x2710515c,x2710515c.1.0,wye,0.01666667,0.00136364,1,1
t5321884c,3,secondary_2,x2710515c,x2710515c.0.2,wye,0.01666667,0.00136364,1,1
t5207286c,1,primary,l3011298,l3011298.3,wye,1,0.00036364,1,1
t5207286c,2,secondary_1,x3011298c,x3011298c.1.0,wye,0.01666667,0.00036364,1,1
t5207286c,3,secondary_2,x3011298c,x3011298c.0.2,wye,0.01666667,0.00036364,1,1
t5323263a,1,primary,l3066812,l3066812.1,wye,1,0.00090909,1,1
t5323263a,2,secondary_1,x3066812a,x3066812a.1.0,wye,0.01666667,0.00090909,1,1
t5323263a,3,secondary_2,x3066812a,x3066812a.0.2,wye,0.01666667,0.00090909,1,1
t21399707a,1,primary,l3141403,l3141403.1,wye,1,0.00090909,1,1
t21399707a,2,secondary_1,x3141403a,x3141403a.1.0,wye,0.01666667,0.00090909,1,1
t21399707a,3,secondary_2,x3141403a,x3141403a.0.2,wye,0.01666667,0.00090909,1,1
t226191772c,1,primary,l3120484,l3120484.3,wye,1,0.00054545,1,1
t226191772c,2,secondary_1,x3120484c,x3120484c.1.0,wye,0.01666667,0.00054545,1,1
t226191772c,3,secondary_2,x3120484c,x3120484c.0.2,wye,0.01666667,0.00054545,1,1
t5293667a,1,primary,l2860504,l2860504.1,wye,1,0.00054545,1,1
t5293667a,2,secondary_1,x2860504a,x2860504a.1.0,wye,0.01666667,0.00054545,1,1
t5293667a,3,secondary_2,x2860504a,x2860504a.0.2,wye,0.01666667,0.00054545,1,1
t5293424c,1,primary,l2766750,l2766750.3,wye,1,0.00136364,1,1
t5293424c,2,secondary_1,x2766750c,x2766750c.1.0,wye,0.01666667,0.00136364,1,1
t5293424c,3,secondary_2,x2766750c,x2766750c.0.2,wye,0.01666667,0.00136364,1,1
t5337709b,1,primary,l2879077,l2879077.2,wye,1,0.00054545,1,1
t5337709b,2,secondary_1,x2879077b,x2879077b.1.0,wye,0.01666667,0.00054545,1,1
t5337709b,3,secondary_2,x2879077b,x2879077b.0.2,wye,0.01666667,0.00054545,1,1
t5323391b,1,primary,l3159037,l3159037.2,wye,1,0.00136364,1,1
t5323391b,2,secondary_1,x3159037b,x3159037b.1.0,wye,0.01666667,0.00136364,1,1
t5323391b,3,secondary_2,x3159037b,x3159037b.0.2,wye,0.01666667,0.00136364,1,1
t28147899c,1,primary,l3160793,l3160793.3,wye,1,0.00054545,1,1
t28147899c,2,secondary_1,x3160793c,x3160793c.1.0,wye,0.01666667,0.00054545,1,1
t28147899c,3,secondary_2,x3160793c,x3160793c.0.2,wye,0.01666667,0.00054545,1,1
t226308717a,1,primary,l3233412,l3233412.1,wye,1,0.00181818,1,1
t226308717a,2,secondary_1,x3233412a,x3233412a.1.0,wye,0.01666667,0.00181818,1,1
t226308717a,3,secondary_2,x3233412a,x3233412a.0.2,wye,0.01666667,0.00181818,1,1
t28147018b,1,primary,l2841620,l2841620.2,wye,1,0.00054545,1,1
t28147018b,2,secondary_1,x2841620b,x2841620b.1.0,wye,0.01666667,0.00054545,1,1
t28147018b,3,secondary_2,x2841620b,x2841620b.0.2,wye,0.01666667,0.00054545,1,1
t21396815c,1,primary,l3253995,l3253995.3,wye,1,0.00054545,1,1
t21396815c,2,secondary_1,x3253995c,x3253995c.1.0,wye,0.01666667,0.00054545,1,1
t21396815c,3,secondary_2,x3253995c,x3253995c.0.2,wye,0.01666667,0.00054545,1,1
t5247184c,1,primary,l2936279,l2936279.3,wye,1,0.00090909,1,1
t5247184c,2,secondary_1,x2936279c,x2936279c.1.0,wye,0.01666667,0.00090909,1,1
t5247184c,3,secondary_2,x2936279c,x2936279c.0.2,wye,0.01666667,0.00090909,1,1
t5339043c,1,primary,l2804277,l2804277.3,wye,1,0.00090909,1,1
t5339043c,2,secondary_1,x2804277c,x2804277c.1.0,wye,0.01666667,0.00090909,1,1
t5339043c,3,secondary_2,x2804277c,x2804277c.0.2,wye,0.01666667,0.00090909,1,1
t5302405a,1,primary,l2860489,l2860489.1,wye,1,0.00054545,1,1
t5302405a,2,secondary_1,x2860489a,x2860489a.1.0,wye,0.01666667,0.00054545,1,1
t5302405a,3,secondary_2,x2860489a,x2860489a.0.2,wye,0.01666667,0.00054545,1,1
t227917127c,1,primary,l2690868,l2690868.3,wye,1,0.00181818,1,1
t227917127c,2,secondary_1,x2690868c,x2690868c.1.0,wye,0.01666667,0.00181818,1,1
t227917127c,3,secondary_2,x2690868c,x2690868c.0.2,wye,0.01666667,0.00181818,1,1
t5356788c,1,primary,l3176661,l3176661.3,wye,1,0.00036364,1,1
t5356788c,2,secondary_1,x3176661c,x3176661c.1.0,wye,0.01666667,0.00036364,1,1
t5356788c,3,secondary_2,x3176661c,x3176661c.0.2,wye,0.01666667,0.00036364,1,1
t5321886c,1,primary,l2766746,l2766746.3,wye,1,0.00090909,1,1
t5321886c,2,secondary_1,x2766746c,x2766746c.1.0,wye,0.01666667,0.00090909,1,1
t5321886c,3,secondary_2,x2766746c,x2766746c.0.2,wye,0.01666667,0.00090909,1,1
t5293657b,1,primary,l3189189,l3189189.2,wye,1,0.00054545,1,1
t5293657b,2,secondary_1,x3189189b,x3189189b.1.0,wye,0.01666667,0.00054545,1,1
t5293657b,3,secondary_2,x3189189b,x3189189b.0.2,wye,0.01666667,0.00054545,1,1
t5138237b,1,primary,l3048196,l3048196.2,wye,1,0.00054545,1,1
t5138237b,2,secondary_1,x3048196b,x3048196b.1.0,wye,0.01666667,0.00054545,1,1
t5138237b,3,secondary_2,x3048196b,x3048196b.0.2,wye,0.01666667,0.00054545,1,1
t5310560a,1,primary,l2879074,l2879074.1,wye,1,0.00054545,1,1
t5310560a,2,secondary_1,x2879074a,x2879074a.1.0,wye,0.01666667,0.00054545,1,1
t5310560a,3,secondary_2,x2879074a,x2879074a.0.2,wye,0.01666667,0.00054545,1,1
t5260598a,1,primary,l3067478,l3067478.1,wye,1,0.00136364,1,1
t5260598a,2,secondary_1,x3067478a,x3067478a.1.0,wye,0.01666667,0.00136364,1,1
t5260598a,3,secondary_2,x3067478a,x3067478a.0.2,wye,0.01666667,0.00136364,1,1
t5302373b,1,primary,l2766726,l2766726.2,wye,1,0.00054545,1,1
t5302373b,2,secondary_1,x2766726b,x2766726b.1.0,wye,0.01666667,0.00054545,1,1
t5302373b,3,secondary_2,x2766726b,x2766726b.0.2,wye,0.01666667,0.00054545,1,1
t5260476a,1,primary,l2936271,l2936271.1,wye,1,0.00054545,1,1
t5260476a,2,secondary_1,x2936271a,x2936271a.1.0,wye,0.01666667,0.00054545,1,1
t5260476a,3,secondary_2,x2936271a,x2936271a.0.2,wye,0.01666667,0.00054545,1,1
t21389092b,1,primary,l2917328,l2917328.2,wye,1,0.00090909,1,1
t21389092b,2,secondary_1,x2917328b,x2917328b.1.0,wye,0.01666667,0.00090909,1,1
t21389092b,3,secondary_2,x2917328b,x2917328b.0.2,wye,0.01666667,0.00090909,1,1
t5356063c,1,primary,l3160103,l3160103.3,wye,1,0.00054545,1,1
t5356063c,2,secondary_1,x3160103c,x3160103c.1.0,wye,0.01666667,0.00054545,1,1
t5356063c,3,secondary_2,x3160103c,x3160103c.0.2,wye,0.01666667,0.00054545,1,1
t2223878647b,1,primary,l3448661,l3448661.2,wye,1,0.00054545,1,1
t2223878647b,2,secondary_1,x3448661b,x3448661b.1.0,wye,0.01666667,0.00054545,1,1
t2223878647b,3,secondary_2,x3448661b,x3448661b.0.2,wye,0.01666667,0.00054545,1,1
t5354851b,1,primary,l2991901,l2991901.2,wye,1,0.00090909,1,1
t5354851b,2,secondary_1,x2991901b,x2991901b.1.0,wye,0.01666667,0.00090909,1,1
t5354851b,3,secondary_2,x2991901b,x2991901b.0.2,wye,0.01666667,0.00090909,1,1
t5338997b,1,primary,l2860499,l2860499.2,wye,1,0.00181818,1,1
t5338997b,2,secondary_1,x2860499b,x2860499b.1.0,wye,0.01666667,0.00181818,1,1
t5338997b,3,secondary_2,x2860499b,x2860499b.0.2,wye,0.01666667,0.00181818,1,1
t226193422b,1,primary,l2726975,l2726975.2,wye,1,0.00054545,1,1
t226193422b,2,secondary_1,x2726975b,x2726975b.1.0,wye,0.01666667,0.00054545,1,1
t226193422b,3,secondary_2,x2726975b,x2726975b.0.2,wye,0.01666667,0.00054545,1,1
t5391745b,1,primary,l2673300,l2673300.2,wye,1,0.00090909,1,1
t5391745b,2,secondary_1,x2673300b,x2673300b.1.0,wye,0.01666667,0.00090909,1,1
t5391745b,3,secondary_2,x2673300b,x2673300b.0.2,wye,0.01666667,0.00090909,1,1
t5251855c,1,primary,l2730107,l2730107.3,wye,1,0.00090909,1,1
t5251855c,2,secondary_1,x2730107c,x2730107c.1.0,wye,0.01666667,0.00090909,1,1
t5251855c,3,secondary_2,x2730107c,x2730107c.0.2,wye,0.01666667,0.00090909,1,1
t5339006b,1,primary,l2916619,l2916619.2,wye,1,0.00090909,1,1
t5339006b,2,secondary_1,x2916619b,x2916619b.1.0,wye,0.01666667,0.00090909,1,1
t5339006b,3,secondary_2,x2916619b,x2916619b.0.2,wye,0.01666667,0.00090909,1,1
t5355437c,1,primary,l2710525,l2710525.3,wye,1,0.00090909,1,1
t5355437c,2,secondary_1,x2710525c,x2710525c.1.0,wye,0.01666667,0.00090909,1,1
t5355437c,3,secondary_2,x2710525c,x2710525c.0.2,wye,0.01666667,0.00090909,1,1
t5391752b,1,primary,l2804260,l2804260.2,wye,1,0.00090909,1,1
t5391752b,2,secondary_1,x2804260b,x2804260b.1.0,wye,0.01666667,0.00090909,1,1
t5391752b,3,secondary_2,x2804260b,x2804260b.0.2,wye,0.01666667,0.00090909,1,1
t5338920a,1,primary,l3197631,l3197631.1,wye,1,0.00054545,1,1
t5338920a,2,secondary_1,x3197631a,x3197631a.1.0,wye,0.01666667,0.00054545,1,1
t5338920a,3,secondary_2,x3197631a,x3197631a.0.2,wye,0.01666667,0.00054545,1,1
t5338925a,1,primary,l2973153,l2973153.1,wye,1,0.00054545,1,1
t5338925a,2,secondary_1,x2973153a,x2973153a.1.0,wye,0.01666667,0.00054545,1,1
t5338925a,3,secondary_2,x2973153a,x2973153a.0.2,wye,0.01666667,0.00054545,1,1
t5138685a,1,primary,l3122813,l3122813.1,wye,1,0.00054545,1,1
t5138685a,2,secondary_1,x3122813a,x3122813a.1.0,wye,0.01666667,0.00054545,1,1
t5138685a,3,secondary_2,x3122813a,x3122813a.0.2,wye,0.01666667,0.00054545,1,1
t5338992b,1,primary,l2935567,l2935567.2,wye,1,0.00054545,1,1
t5338992b,2,secondary_1,x2935567b,x2935567b.1.0,wye,0.01666667,0.00054545,1,1
t5338992b,3,secondary_2,x2935567b,x2935567b.0.2,wye,0.01666667,0.00054545,1,1
t5260513c,1,primary,l2917336,l2917336.3,wye,1,0.00054545,1,1
t5260513c,2,secondary_1,x2917336c,x2917336c.1.0,wye,0.01666667,0.00054545,1,1
t5260513c,3,secondary_2,x2917336c,x2917336c.0.2,wye,0.01666667,0.00054545,1,1
t5302809c,1,primary,l2954350,l2954350.3,wye,1,0.00054545,1,1
t5302809c,2,secondary_1,x2954350c,x2954350c.1.0,wye,0.01666667,0.00054545,1,1
t5302809c,3,secondary_2,x2954350c,x2954350c.0.2,wye,0.01666667,0.00054545,1,1
t5323388b,1,primary,l3234185,l3234185.2,wye,1,0.00090909,1,1
t5323388b,2,secondary_1,x3234185b,x3234185b.1.0,wye,0.01666667,0.00090909,1,1
t5323388b,3,secondary_2,x3234185b,x3234185b.0.2,wye,0.01666667,0.00090909,1,1
t5138265a,1,primary,l3160107,l3160107.1,wye,1,0.00090909,1,1
t5138265a,2,secondary_1,x3160107a,x3160107a.1.0,wye,0.01666667,0.00090909,1,1
t5138265a,3,secondary_2,x3160107a,x3160107a.0.2,wye,0.01666667,0.00090909,1,1
t5338970a,1,primary,l3141401,l3141401.1,wye,1,0.00090909,1,1
t5338970a,2,secondary_1,x3141401a,x3141401a.1.0,wye,0.01666667,0.00090909,1,1
t5338970a,3,secondary_2,x3141401a,x3141401a.0.2,wye,0.01666667,0.00090909,1,1
t228445756c,1,primary,l2972704,l2972704.3,wye,1,0.00054545,1,1
t228445756c,2,secondary_1,x2972704c,x2972704c.1.0,wye,0.01666667,0.00054545,1,1
t228445756c,3,secondary_2,x2972704c,x2972704c.0.2,wye,0.01666667,0.00054545,1,1
t5138771a,1,primary,l3197644,l3197644.1,wye,1,0.00054545,1,1
t5138771a,2,secondary_1,x3197644a,x3197644a.1.0,wye,0.01666667,0.00054545,1,1
t5138771a,3,secondary_2,x3197644a,x3197644a.0.2,wye,0.01666667,0.00054545,1,1
t21471907a,1,primary,l2897805,l2897805.1,wye,1,0.00090909,1,1
t21471907a,2,secondary_1,x2897805a,x2897805a.1.0,wye,0.01666667,0.00090909,1,1
t21471907a,3,secondary_2,x2897805a,x2897805a.0.2,wye,0.01666667,0.00090909,1,1
t22112168880c,1,primary,l2766499,l2766499.3,wye,1,0.00181818,1,1
t22112168880c,2,secondary_1,x2766499c,x2766499c.1.0,wye,0.01666667,0.00181818,1,1
t22112168880c,3,secondary_2,x2766499c,x2766499c.0.2,wye,0.01666667,0.00181818,1,1
t5302469a,1,primary,l3104132,l3104132.1,wye,1,0.00054545,1,1
t5302469a,2,secondary_1,x3104132a,x3104132a.1.0,wye,0.01666667,0.00054545,1,1
t5302469a,3,secondary_2,x3104132a,x3104132a.0.2,wye,0.01666667,0.00054545,1,1
t5323286b,1,primary,l2989564,l2989564.2,wye,1,0.00054545,1,1
t5323286b,2,secondary_1,x2989564b,x2989564b.1.0,wye,0.01666667,0.00054545,1,1
t5323286b,3,secondary_2,x2989564b,x2989564b.0.2,wye,0.01666667,0.00054545,1,1
t5302735a,1,primary,l2991923,l2991923.1,wye,1,0.00090909,1,1
t5302735a,2,secondary_1,x2991923a,x2991923a.1.0,wye,0.01666667,0.00090909,1,1
t5302735a,3,secondary_2,x2991923a,x2991923a.0.2,wye,0.01666667,0.00090909,1,1
t5260529c,1,primary,l3217053,l3217053.3,wye,1,0.00036364,1,1
t5260529c,2,secondary_1,x3217053c,x3217053c.1.0,wye,0.01666667,0.00036364,1,1
t5260529c,3,secondary_2,x3217053c,x3217053c.0.2,wye,0.01666667,0.00036364,1,1
t5338933b,1,primary,l3216345,l3216345.2,wye,1,0.00136364,1,1
t5338933b,2,secondary_1,x3216345b,x3216345b.1.0,wye,0.01666667,0.00136364,1,1
t5338933b,3,secondary_2,x3216345b,x3216345b.0.2,wye,0.01666667,0.00136364,1,1
t5247059a,1,primary,l2766721,l2766721.1,wye,1,0.00090909,1,1
t5247059a,2,secondary_1,x2766721a,x2766721a.1.0,wye,0.01666667,0.00090909,1,1
t5247059a,3,secondary_2,x2766721a,x2766721a.0.2,wye,0.01666667,0.00090909,1,1
t226024307b,1,primary,l3119793,l3119793.2,wye,1,0.00054545,1,1
t226024307b,2,secondary_1,x3119793b,x3119793b.1.0,wye,0.01666667,0.00054545,1,1
t226024307b,3,secondary_2,x3119793b,x3119793b.0.2,wye,0.01666667,0.00054545,1,1
t5294788a,1,primary,l2821010,l2821010.1,wye,1,0.00136364,1,1
t5294788a,2,secondary_1,x2821010a,x2821010a.1.0,wye,0.01666667,0.00136364,1,1
t5294788a,3,secondary_2,x2821010a,x2821010a.0.2,wye,0.01666667,0.00136364,1,1
t5321890c,1,primary,l3104118,l3104118.3,wye,1,0.00136364,1,1
t5321890c,2,secondary_1,x3104118c,x3104118c.1.0,wye,0.01666667,0.00136364,1,1
t5321890c,3,secondary_2,x3104118c,x3104118c.0.2,wye,0.01666667,0.00136364,1,1
t5337678a,1,primary,l3160101,l3160101.1,wye,1,0.00090909,1,1
t5337678a,2,secondary_1,x3160101a,x3160101a.1.0,wye,0.01666667,0.00090909,1,1
t5337678a,3,secondary_2,x3160101a,x3160101a.0.2,wye,0.01666667,0.00090909,1,1
t5328364c,1,primary,l2692633,l2692633.3,wye,1,0.00090909,1,1
t5328364c,2,secondary_1,x2692633c,x2692633c.1.0,wye,0.01666667,0.00090909,1,1
t5328364c,3,secondary_2,x2692633c,x2692633c.0.2,wye,0.01666667,0.00090909,1,1
t5138374c,1,primary,l2691950,l2691950.3,wye,1,0.00090909,1,1
t5138374c,2,secondary_1,x2691950c,x2691950c.1.0,wye,0.01666667,0.00090909,1,1
t5138374c,3,secondary_2,x2691950c,x2691950c.0.2,wye,0.01666667,0.00090909,1,1
t5355603b,1,primary,l3160108,l3160108.2,wye,1,0.00136364,1,1
t5355603b,2,secondary_1,x3160108b,x3160108b.1.0,wye,0.01666667,0.00136364,1,1
t5355603b,3,secondary_2,x3160108b,x3160108b.0.2,wye,0.01666667,0.00136364,1,1
t5338999b,1,primary,l2822873,l2822873.2,wye,1,0.00036364,1,1
t5338999b,2,secondary_1,x2822873b,x2822873b.1.0,wye,0.01666667,0.00036364,1,1
t5338999b,3,secondary_2,x2822873b,x2822873b.0.2,wye,0.01666667,0.00036364,1,1
t5260586b,1,primary,l3048887,l3048887.2,wye,1,0.00136364,1,1
t5260586b,2,secondary_1,x3048887b,x3048887b.1.0,wye,0.01666667,0.00136364,1,1
t5260586b,3,secondary_2,x3048887b,x3048887b.0.2,wye,0.01666667,0.00136364,1,1
t5338995b,1,primary,l3254227,l3254227.2,wye,1,0.00036364,1,1
t5338995b,2,secondary_1,x3254227b,x3254227b.1.0,wye,0.01666667,0.00036364,1,1
t5338995b,3,secondary_2,x3254227b,x3254227b.0.2,wye,0.01666667,0.00036364,1,1
t5260484a,1,primary,l2992624,l2992624.1,wye,1,0.00054545,1,1
t5260484a,2,secondary_1,x2992624a,x2992624a.1.0,wye,0.01666667,0.00054545,1,1
t5260484a,3,secondary_2,x2992624a,x2992624a.0.2,wye,0.01666667,0.00054545,1,1
t227100746a,1,primary,l3226771,l3226771.1,wye,1,0.00054545,1,1
t227100746a,2,secondary_1,x3226771a,x3226771a.1.0,wye,0.01666667,0.00054545,1,1
t227100746a,3,secondary_2,x3226771a,x3226771a.0.2,wye,0.01666667,0.00054545,1,1
t5356794c,1,primary,l3086002,l3086002.3,wye,1,0.00090909,1,1
t5356794c,2,secondary_1,x3086002c,x3086002c.1.0,wye,0.01666667,0.00090909,1,1
t5356794c,3,secondary_2,x3086002c,x3086002c.0.2,wye,0.01666667,0.00090909,1,1
t5351020c,1,primary,l3045895,l3045895.3,wye,1,0.00090909,1,1
t5351020c,2,secondary_1,x3045895c,x3045895c.1.0,wye,0.01666667,0.00090909,1,1
t5351020c,3,secondary_2,x3045895c,x3045895c.0.2,wye,0.01666667,0.00090909,1,1
t5338935b,1,primary,l2973160,l2973160.2,wye,1,0.00054545,1,1
t5338935b,2,secondary_1,x2973160b,x2973160b.1.0,wye,0.01666667,0.00054545,1,1
t5338935b,3,secondary_2,x2973160b,x2973160b.0.2,wye,0.01666667,0.00054545,1,1
t226193078a,1,primary,l2764403,l2764403.1,wye,1,0.00090909,1,1
t226193078a,2,secondary_1,x2764403a,x2764403a.1.0,wye,0.01666667,0.00090909,1,1
t226193078a,3,secondary_2,x2764403a,x2764403a.0.2,wye,0.01666667,0.00090909,1,1
t21031694b,1,primary,l3122812,l3122812.2,wye,1,0.00136364,1,1
t21031694b,2,secondary_1,x3122812b,x3122812b.1.0,wye,0.01666667,0.00136364,1,1
t21031694b,3,secondary_2,x3122812b,x3122812b.0.2,wye,0.01666667,0.00136364,1,1
t226193892b,1,primary,l3176660,l3176660.2,wye,1,0.00054545,1,1
t226193892b,2,secondary_1,x3176660b,x3176660b.1.0,wye,0.01666667,0.00054545,1,1
t226193892b,3,secondary_2,x3176660b,x3176660b.0.2,wye,0.01666667,0.00054545,1,1
t21399619c,1,primary,l2991943,l2991943.3,wye,1,0.00090909,1,1
t21399619c,2,secondary_1,x2991943c,x2991943c.1.0,wye,0.01666667,0.00090909,1,1
t21399619c,3,secondary_2,x2991943c,x2991943c.0.2,wye,0.01666667,0.00090909,1,1
t5321887c,1,primary,l2691941,l2691941.3,wye,1,0.00090909,1,1
t5321887c,2,secondary_1,x2691941c,x2691941c.1.0,wye,0.01666667,0.00090909,1,1
t5321887c,3,secondary_2,x2691941c,x2691941c.0.2,wye,0.01666667,0.00090909,1,1
t225534325a,1,primary,l2983432,l2983432.1,wye,1,0.00090909,1,1
t225534325a,2,secondary_1,x2983432a,x2983432a.1.0,wye,0.01666667,0.00090909,1,1
t225534325a,3,secondary_2,x2983432a,x2983432a.0.2,wye,0.01666667,0.00090909,1,1
t228219458b,1,primary,l3215549,l3215549.2,wye,1,0.00090909,1,1
t228219458b,2,secondary_1,x3215549b,x3215549b.1.0,wye,0.01666667,0.00090909,1,1
t228219458b,3,secondary_2,x3215549b,x3215549b.0.2,wye,0.01666667,0.00090909,1,1
t5260543c,1,primary,l2955077,l2955077.3,wye,1,0.00090909,1,1
t5260543c,2,secondary_1,x2955077c,x2955077c.1.0,wye,0.01666667,0.00090909,1,1
t5260543c,3,secondary_2,x2955077c,x2955077c.0.2,wye,0.01666667,0.00090909,1,1
t5337722a,1,primary,l2973157,l2973157.1,wye,1,0.00090909,1,1
t5337722a,2,secondary_1,x2973157a,x2973157a.1.0,wye,0.01666667,0.00090909,1,1
t5337722a,3,secondary_2,x2973157a,x2973157a.0.2,wye,0.01666667,0.00090909,1,1
t5138379c,1,primary,l2691951,l2691951.3,wye,1,0.00090909,1,1
t5138379c,2,secondary_1,x2691951c,x2691951c.1.0,wye,0.01666667,0.00090909,1,1
t5138379c,3,secondary_2,x2691951c,x2691951c.0.2,wye,0.01666667,0.00090909,1,1
t5260480c,1,primary,l3030199,l3030199.3,wye,1,0.00090909,1,1
t5260480c,2,secondary_1,x3030199c,x3030199c.1.0,wye,0.01666667,0.00090909,1,1
t5260480c,3,secondary_2,x3030199c,x3030199c.0.2,wye,0.01666667,0.00090909,1,1
t21389307c,1,primary,l2692655,l2692655.3,wye,1,0.00090909,1,1
t21389307c,2,secondary_1,x2692655c,x2692655c.1.0,wye,0.01666667,0.00090909,1,1
t21389307c,3,secondary_2,x2692655c,x2692655c.0.2,wye,0.01666667,0.00090909,1,1
t21399752a,1,primary,l2785546,l2785546.1,wye,1,0.00090909,1,1
t21399752a,2,secondary_1,x2785546a,x2785546a.1.0,wye,0.01666667,0.00090909,1,1
t21399752a,3,secondary_2,x2785546a,x2785546a.0.2,wye,0.01666667,0.00090909,1,1
t21400185a,1,primary,l2935559,l2935559.1,wye,1,0.00090909,1,1
t21400185a,2,secondary_1,x2935559a,x2935559a.1.0,wye,0.01666667,0.00090909,1,1
t21400185a,3,secondary_2,x2935559a,x2935559a.0.2,wye,0.01666667,0.00090909,1,1
t5338927a,1,primary,l2972930,l2972930.1,wye,1,0.00090909,1,1
t5338927a,2,secondary_1,x2972930a,x2972930a.1.0,wye,0.01666667,0.00090909,1,1
t5338927a,3,secondary_2,x2972930a,x2972930a.0.2,wye,0.01666667,0.00090909,1,1
t5338922b,1,primary,l2822866,l2822866.2,wye,1,0.00090909,1,1
t5338922b,2,secondary_1,x2822866b,x2822866b.1.0,wye,0.01666667,0.00090909,1,1
t5338922b,3,secondary_2,x2822866b,x2822866b.0.2,wye,0.01666667,0.00090909,1,1
t21382813a,1,primary,l2748781,l2748781.1,wye,1,0.00136364,1,1
t21382813a,2,secondary_1,x2748781a,x2748781a.1.0,wye,0.01666667,0.00136364,1,1
t21382813a,3,secondary_2,x2748781a,x2748781a.0.2,wye,0.01666667,0.00136364,1,1
t2224230651c,1,primary,l3645810,l3645810.3,wye,1,0.00272727,1,1
t2224230651c,2,secondary_1,x3645810c,x3645810c.1.0,wye,0.01666667,0.00272727,1,1
t2224230651c,3,secondary_2,x3645810c,x3645810c.0.2,wye,0.01666667,0.00272727,1,1
t5138380c,1,primary,l2879076,l2879076.3,wye,1,0.00036364,1,1
t5138380c,2,secondary_1,x2879076c,x2879076c.1.0,wye,0.01666667,0.00036364,1,1
t5138380c,3,secondary_2,x2879076c,x2879076c.0.2,wye,0.01666667,0.00036364,1,1
t21031684a,1,primary,l2841616,l2841616.1,wye,1,0.00090909,1,1
t21031684a,2,secondary_1,x2841616a,x2841616a.1.0,wye,0.01666667,0.00090909,1,1
t21031684a,3,secondary_2,x2841616a,x2841616a.0.2,wye,0.01666667,0.00090909,1,1
t5338921a,1,primary,l2935554,l2935554.1,wye,1,0.00036364,1,1
t5338921a,2,secondary_1,x2935554a,x2935554a.1.0,wye,0.01666667,0.00036364,1,1
t5338921a,3,secondary_2,x2935554a,x2935554a.0.2,wye,0.01666667,0.00036364,1,1
t5337724a,1,primary,l2879075,l2879075.1,wye,1,0.00054545,1,1
t5337724a,2,secondary_1,x2879075a,x2879075a.1.0,wye,0.01666667,0.00054545,1,1
t5337724a,3,secondary_2,x2879075a,x2879075a.0.2,wye,0.01666667,0.00054545,1,1
t28150292a,1,primary,l2839305,l2839305.1,wye,1,0.00054545,1,1
t28150292a,2,secondary_1,x2839305a,x2839305a.1.0,wye,0.01666667,0.00054545,1,1
t28150292a,3,secondary_2,x2839305a,x2839305a.0.2,wye,0.01666667,0.00054545,1,1
t21249674b,1,primary,l2879753,l2879753.2,wye,1,0.00090909,1,1
t21249674b,2,secondary_1,x2879753b,x2879753b.1.0,wye,0.01666667,0.00090909,1,1
t21249674b,3,secondary_2,x2879753b,x2879753b.0.2,wye,0.01666667,0.00090909,1,1
t5138567a,1,primary,l2748129,l2748129.1,wye,1,0.00136364,1,1
t5138567a,2,secondary_1,x2748129a,x2748129a.1.0,wye,0.01666667,0.00136364,1,1
t5138567a,3,secondary_2,x2748129a,x2748129a.0.2,wye,0.01666667,0.00136364,1,1
t5247060a,1,primary,l2991906,l2991906.1,wye,1,0.00036364,1,1
t5247060a,2,secondary_1,x2991906a,x2991906a.1.0,wye,0.01666667,0.00036364,1,1
t5247060a,3,secondary_2,x2991906a,x2991906a.0.2,wye,0.01666667,0.00036364,1,1
t5391737b,1,primary,l2804247,l2804247.2,wye,1,0.00090909,1,1
t5391737b,2,secondary_1,x2804247b,x2804247b.1.0,wye,0.01666667,0.00090909,1,1
t5391737b,3,secondary_2,x2804247b,x2804247b.0.2,wye,0.01666667,0.00090909,1,1
t226194280b,1,primary,l3195318,l3195318.2,wye,1,0.00054545,1,1
t226194280b,2,secondary_1,x3195318b,x3195318b.1.0,wye,0.01666667,0.00054545,1,1
t226194280b,3,secondary_2,x3195318b,x3195318b.0.2,wye,0.01666667,0.00054545,1,1
t5251856c,1,primary,l3048888,l3048888.3,wye,1,0.00054545,1,1
t5251856c,2,secondary_1,x3048888c,x3048888c.1.0,wye,0.01666667,0.00054545,1,1
t5251856c,3,secondary_2,x3048888c,x3048888c.0.2,wye,0.01666667,0.00054545,1,1
t5274903c,1,primary,l2935552,l2935552.3,wye,1,0.00054545,1,1
t5274903c,2,secondary_1,x2935552c,x2935552c.1.0,wye,0.01666667,0.00054545,1,1
t5274903c,3,secondary_2,x2935552c,x2935552c.0.2,wye,0.01666667,0.00054545,1,1
t226193345a,1,primary,l2876797,l2876797.1,wye,1,0.00054545,1,1
t226193345a,2,secondary_1,x2876797a,x2876797a.1.0,wye,0.01666667,0.00054545,1,1
t226193345a,3,secondary_2,x2876797a,x2876797a.0.2,wye,0.01666667,0.00054545,1,1
t5391765b,1,primary,l3085389,l3085389.2,wye,1,0.00090909,1,1
t5391765b,2,secondary_1,x3085389b,x3085389b.1.0,wye,0.01666667,0.00090909,1,1
t5391765b,3,secondary_2,x3085389b,x3085389b.0.2,wye,0.01666667,0.00090909,1,1
t5323403b,1,primary,l2916603,l2916603.2,wye,1,0.00054545,1,1
t5323403b,2,secondary_1,x2916603b,x2916603b.1.0,wye,0.01666667,0.00054545,1,1
t5323403b,3,secondary_2,x2916603b,x2916603b.0.2,wye,0.01666667,0.00054545,1,1
t21209868a,1,primary,l2710518,l2710518.1,wye,1,0.00090909,1,1
t21209868a,2,secondary_1,x2710518a,x2710518a.1.0,wye,0.01666667,0.00090909,1,1
t21209868a,3,secondary_2,x2710518a,x2710518a.0.2,wye,0.01666667,0.00090909,1,1
t5260573c,1,primary,l3160896,l3160896.3,wye,1,0.00054545,1,1
t5260573c,2,secondary_1,x3160896c,x3160896c.1.0,wye,0.01666667,0.00054545,1,1
t5260573c,3,secondary_2,x3160896c,x3160896c.0.2,wye,0.01666667,0.00054545,1,1
t5302858c,1,primary,l2897776,l2897776.3,wye,1,0.00090909,1,1
t5302858c,2,secondary_1,x2897776c,x2897776c.1.0,wye,0.01666667,0.00090909,1,1
t5302858c,3,secondary_2,x2897776c,x2897776c.0.2,wye,0.01666667,0.00090909,1,1
t225940756b,1,primary,l2913406,l2913406.2,wye,1,0.00136364,1,1
t225940756b,2,secondary_1,x2913406b,x2913406b.1.0,wye,0.01666667,0.00136364,1,1
t225940756b,3,secondary_2,x2913406b,x2913406b.0.2,wye,0.01666667,0.00136364,1,1
t5392036b,1,primary,l2991915,l2991915.2,wye,1,0.00090909,1,1
t5392036b,2,secondary_1,x2991915b,x2991915b.1.0,wye,0.01666667,0.00090909,1,1
t5392036b,3,secondary_2,x2991915b,x2991915b.0.2,wye,0.01666667,0.00090909,1,1
t5260500b,1,primary,l2711224,l2711224.2,wye,1,0.00036364,1,1
t5260500b,2,secondary_1,x2711224b,x2711224b.1.0,wye,0.01666667,0.00036364,1,1
t5260500b,3,secondary_2,x2711224b,x2711224b.0.2,wye,0.01666667,0.00036364,1,1
t28128007c,1,primary,l2897766,l2897766.3,wye,1,0.00090909,1,1
t28128007c,2,secondary_1,x2897766c,x2897766c.1.0,wye,0.01666667,0.00090909,1,1
t28128007c,3,secondary_2,x2897766c,x2897766c.0.2,wye,0.01666667,0.00090909,1,1
t5138342c,1,primary,l2897775,l2897775.3,wye,1,0.00090909,1,1
t5138342c,2,secondary_1,x2897775c,x2897775c.1.0,wye,0.01666667,0.00090909,1,1
t5138342c,3,secondary_2,x2897775c,x2897775c.0.2,wye,0.01666667,0.00090909,1,1
t5391736b,1,primary,l3029495,l3029495.2,wye,1,0.00054545,1,1
t5391736b,2,secondary_1,x3029495b,x3029495b.1.0,wye,0.01666667,0.00054545,1,1
t5391736b,3,secondary_2,x3029495b,x3029495b.0.2,wye,0.01666667,0.00054545,1,1
t225571871b,1,primary,l2911069,l2911069.2,wye,1,0.00054545,1,1
t225571871b,2,secondary_1,x2911069b,x2911069b.1.0,wye,0.01666667,0.00054545,1,1
t225571871b,3,secondary_2,x2911069b,x2911069b.0.2,wye,0.01666667,0.00054545,1,1
t5338893a,1,primary,l3197633,l3197633.1,wye,1,0.00090909,1,1
t5338893a,2,secondary_1,x3197633a,x3197633a.1.0,wye,0.01666667,0.00090909,1,1
t5338893a,3,secondary_2,x3197633a,x3197633a.0.2,wye,0.01666667,0.00090909,1,1
t21373784a,1,primary,l3066817,l3066817.1,wye,1,0.00181818,1,1
t21373784a,2,secondary_1,x3066817a,x3066817a.1.0,wye,0.01666667,0.00181818,1,1
t21373784a,3,secondary_2,x3066817a,x3066817a.0.2,wye,0.01666667,0.00181818,1,1
t21455388c,1,primary,l2879089,l2879089.3,wye,1,0.00136364,1,1
t21455388c,2,secondary_1,x2879089c,x2879089c.1.0,wye,0.01666667,0.00136364,1,1
t21455388c,3,secondary_2,x2879089c,x2879089c.0.2,wye,0.01666667,0.00136364,1,1
t226193662a,1,primary,l3195315,l3195315.1,wye,1,0.00090909,1,1
t226193662a,2,secondary_1,x3195315a,x3195315a.1.0,wye,0.01666667,0.00090909,1,1
t226193662a,3,secondary_2,x3195315a,x3195315a.0.2,wye,0.01666667,0.00090909,1,1
t5355943c,1,primary,l2785529,l2785529.3,wye,1,0.00090909,1,1
t5355943c,2,secondary_1,x2785529c,x2785529c.1.0,wye,0.01666667,0.00090909,1,1
t5355943c,3,secondary_2,x2785529c,x2785529c.0.2,wye,0.01666667,0.00090909,1,1
t5260627a,1,primary,l2992656,l2992656.1,wye,1,0.00136364,1,1
t5260627a,2,secondary_1,x2992656a,x2992656a.1.0,wye,0.01666667,0.00136364,1,1
t5260627a,3,secondary_2,x2992656a,x2992656a.0.2,wye,0.01666667,0.00136364,1,1
t5260650a,1,primary,l2692661,l2692661.1,wye,1,0.00090909,1,1
t5260650a,2,secondary_1,x2692661a,x2692661a.1.0,wye,0.01666667,0.00090909,1,1
t5260650a,3,secondary_2,x2692661a,x2692661a.0.2,wye,0.01666667,0.00090909,1,1
t5339019a,1,primary,l3160114,l3160114.1,wye,1,0.00054545,1,1
t5339019a,2,secondary_1,x3160114a,x3160114a.1.0,wye,0.01666667,0.00054545,1,1
t5339019a,3,secondary_2,x3160114a,x3160114a.0.2,wye,0.01666667,0.00054545,1,1
t5337728a,1,primary,l3082992,l3082992.1,wye,1,0.00054545,1,1
t5337728a,2,secondary_1,x3082992a,x3082992a.1.0,wye,0.01666667,0.00054545,1,1
t5337728a,3,secondary_2,x3082992a,x3082992a.0.2,wye,0.01666667,0.00054545,1,1
t5391744b,1,primary,l2710537,l2710537.2,wye,1,0.00090909,1,1
t5391744b,2,secondary_1,x2710537b,x2710537b.1.0,wye,0.01666667,0.00090909,1,1
t5391744b,3,secondary_2,x2710537b,x2710537b.0.2,wye,0.01666667,0.00090909,1,1
t5293487b,1,primary,l3254238,l3254238.2,wye,1,0.00090909,1,1
t5293487b,2,secondary_1,x3254238b,x3254238b.1.0,wye,0.01666667,0.00090909,1,1
t5293487b,3,secondary_2,x3254238b,x3254238b.0.2,wye,0.01666667,0.00090909,1,1
t227447984c,1,primary,l2862616,l2862616.3,wye,1,0.00272727,1,1
t227447984c,2,secondary_1,x2862616c,x2862616c.1.0,wye,0.01666667,0.00272727,1,1
t227447984c,3,secondary_2,x2862616c,x2862616c.0.2,wye,0.01666667,0.00272727,1,1
t5302374b,1,primary,l2785526,l2785526.2,wye,1,0.00054545,1,1
t5302374b,2,secondary_1,x2785526b,x2785526b.1.0,wye,0.01666667,0.00054545,1,1
t5302374b,3,secondary_2,x2785526b,x2785526b.0.2,wye,0.01666667,0.00054545,1,1
t227921427a,1,primary,l2915542,l2915542.1,wye,1,0.00181818,1,1
t227921427a,2,secondary_1,x2915542a,x2915542a.1.0,wye,0.01666667,0.00181818,1,1
t227921427a,3,secondary_2,x2915542a,x2915542a.0.2,wye,0.01666667,0.00181818,1,1
t227921427b,1,primary,l2915542,l2915542.2,wye,1,0.00181818,1,1
t227921427b,2,secondary_1,x2915542b,x2915542b.1.0,wye,0.01666667,0.00181818,1,1
t227921427b,3,secondary_2,x2915542b,x2915542b.0.2,wye,0.01666667,0.00181818,1,1
t227921427c,1,primary,l2915542,l2915542.3,wye,1,0.00181818,1,1
t227921427c,2,secondary_1,x2915542c,x2915542c.1.0,wye,0.01666667,0.00181818,1,1
t227921427c,3,secondary_2,x2915542c,x2915542c.0.2,wye,0.01666667,0.00181818,1,1
t5310561a,1,primary,l3122820,l3122820.1,wye,1,0.00090909,1,1
t5310561a,2,secondary_1,x3122820a,x3122820a.1.0,wye,0.01666667,0.00090909,1,1
t5310561a,3,secondary_2,x3122820a,x3122820a.0.2,wye,0.01666667,0.00090909,1,1
t5338966c,1,primary,l3029505,l3029505.3,wye,1,0.00090909,1,1
t5338966c,2,secondary_1,x3029505c,x3029505c.1.0,wye,0.01666667,0.00090909,1,1
t5338966c,3,secondary_2,x3029505c,x3029505c.0.2,wye,0.01666667,0.00090909,1,1
t28127681b,1,primary,l2785522,l2785522.2,wye,1,0.00090909,1,1
t28127681b,2,secondary_1,x2785522b,x2785522b.1.0,wye,0.01666667,0.00090909,1,1
t28127681b,3,secondary_2,x2785522b,x2785522b.0.2,wye,0.01666667,0.00090909,1,1
t21474614c,1,primary,l2710543,l2710543.3,wye,1,0.00090909,1,1
t21474614c,2,secondary_1,x2710543c,x2710543c.1.0,wye,0.01666667,0.00090909,1,1
t21474614c,3,secondary_2,x2710543c,x2710543c.0.2,wye,0.01666667,0.00090909,1,1
t5260503b,1,primary,l2917310,l2917310.2,wye,1,0.00054545,1,1
t5260503b,2,secondary_1,x2917310b,x2917310b.1.0,wye,0.01666667,0.00054545,1,1
t5260503b,3,secondary_2,x2917310b,x2917310b.0.2,wye,0.01666667,0.00054545,1,1
t226159329a,1,primary,l3082993,l3082993.1,wye,1,0.00090909,1,1
t226159329a,2,secondary_1,x3082993a,x3082993a.1.0,wye,0.01666667,0.00090909,1,1
t226159329a,3,secondary_2,x3082993a,x3082993a.0.2,wye,0.01666667,0.00090909,1,1
t2224386617a,1,primary,l3729298,l3729298.1,wye,1,0.00136364,1,1
t2224386617a,2,secondary_1,x3729298a,x3729298a.1.0,wye,0.01666667,0.00136364,1,1
t2224386617a,3,secondary_2,x3729298a,x3729298a.0.2,wye,0.01666667,0.00136364,1,1
t5337619a,1,primary,l2990826,l2990826.1,wye,1,0.00090909,1,1
t5337619a,2,secondary_1,x2990826a,x2990826a.1.0,wye,0.01666667,0.00090909,1,1
t5337619a,3,secondary_2,x2990826a,x2990826a.0.2,wye,0.01666667,0.00090909,1,1
t5337619b,1,primary,l2990826,l2990826.2,wye,1,0.00090909,1,1
t5337619b,2,secondary_1,x2990826b,x2990826b.1.0,wye,0.01666667,0.00090909,1,1
t5337619b,3,secondary_2,x2990826b,x2990826b.0.2,wye,0.01666667,0.00090909,1,1
t5337619c,1,primary,l2990826,l2990826.3,wye,1,0.00090909,1,1
t5337619c,2,secondary_1,x2990826c,x2990826c.1.0,wye,0.01666667,0.00090909,1,1
t5337619c,3,secondary_2,x2990826c,x2990826c.0.2,wye,0.01666667,0.00090909,1,1
t5338985a,1,primary,l2897792,l2897792.1,wye,1,0.00054545,1,1
t5338985a,2,secondary_1,x2897792a,x2897792a.1.0,wye,0.01666667,0.00054545,1,1
t5338985a,3,secondary_2,x2897792a,x2897792a.0.2,wye,0.01666667,0.00054545,1,1
t5302509c,1,primary,l2804261,l2804261.3,wye,1,0.00054545,1,1
t5302509c,2,secondary_1,x2804261c,x2804261c.1.0,wye,0.01666667,0.00054545,1,1
t5302509c,3,secondary_2,x2804261c,x2804261c.0.2,wye,0.01666667,0.00054545,1,1
t227100753a,1,primary,l3189190,l3189190.1,wye,1,0.00090909,1,1
t227100753a,2,secondary_1,x3189190a,x3189190a.1.0,wye,0.01666667,0.00090909,1,1
t227100753a,3,secondary_2,x3189190a,x3189190a.0.2,wye,0.01666667,0.00090909,1,1
t5355375a,1,primary,l2689691,l2689691.1,wye,1,0.00090909,1,1
t5355375a,2,secondary_1,x2689691a,x2689691a.1.0,wye,0.01666667,0.00090909,1,1
t5355375a,3,secondary_2,x2689691a,x2689691a.0.2,wye,0.01666667,0.00090909,1,1
t5293681a,1,primary,l3195751,l3195751.1,wye,1,0.00090909,1,1
t5293681a,2,secondary_1,x3195751a,x3195751a.1.0,wye,0.01666667,0.00090909,1,1
t5293681a,3,secondary_2,x3195751a,x3195751a.0.2,wye,0.01666667,0.00090909,1,1
t5338957c,1,primary,l2785517,l2785517.3,wye,1,0.00036364,1,1
t5338957c,2,secondary_1,x2785517c,x2785517c.1.0,wye,0.01666667,0.00036364,1,1
t5338957c,3,secondary_2,x2785517c,x2785517c.0.2,wye,0.01666667,0.00036364,1,1
t5275007c,1,primary,l2916606,l2916606.3,wye,1,0.00054545,1,1
t5275007c,2,secondary_1,x2916606c,x2916606c.1.0,wye,0.01666667,0.00054545,1,1
t5275007c,3,secondary_2,x2916606c,x2916606c.0.2,wye,0.01666667,0.00054545,1,1
t21399112c,1,primary,l3254217,l3254217.3,wye,1,0.00090909,1,1
t21399112c,2,secondary_1,x3254217c,x3254217c.1.0,wye,0.01666667,0.00090909,1,1
t21399112c,3,secondary_2,x3254217c,x3254217c.0.2,wye,0.01666667,0.00090909,1,1
t21380156b,1,primary,l2841641,l2841641.2,wye,1,0.00054545,1,1
t21380156b,2,secondary_1,x2841641b,x2841641b.1.0,wye,0.01666667,0.00054545,1,1
t21380156b,3,secondary_2,x2841641b,x2841641b.0.2,wye,0.01666667,0.00054545,1,1
t5321840b,1,primary,l2804256,l2804256.2,wye,1,0.00036364,1,1
t5321840b,2,secondary_1,x2804256b,x2804256b.1.0,wye,0.01666667,0.00036364,1,1
t5321840b,3,secondary_2,x2804256b,x2804256b.0.2,wye,0.01666667,0.00036364,1,1
t28120183c,1,primary,l3122818,l3122818.3,wye,1,0.00090909,1,1
t28120183c,2,secondary_1,x3122818c,x3122818c.1.0,wye,0.01666667,0.00090909,1,1
t28120183c,3,secondary_2,x3122818c,x3122818c.0.2,wye,0.01666667,0.00090909,1,1
t5302732a,1,primary,l2691953,l2691953.1,wye,1,0.00054545,1,1
t5302732a,2,secondary_1,x2691953a,x2691953a.1.0,wye,0.01666667,0.00054545,1,1
t5302732a,3,secondary_2,x2691953a,x2691953a.0.2,wye,0.01666667,0.00054545,1,1
t5260487a,1,primary,l2692654,l2692654.1,wye,1,0.00054545,1,1
t5260487a,2,secondary_1,x2692654a,x2692654a.1.0,wye,0.01666667,0.00054545,1,1
t5260487a,3,secondary_2,x2692654a,x2692654a.0.2,wye,0.01666667,0.00054545,1,1
t5323279b,1,primary,l3235246,l3235246.2,wye,1,0.00054545,1,1
t5323279b,2,secondary_1,x3235246b,x3235246b.1.0,wye,0.01666667,0.00054545,1,1
t5323279b,3,secondary_2,x3235246b,x3235246b.0.2,wye,0.01666667,0.00054545,1,1
t5260542a,1,primary,l2955078,l2955078.1,wye,1,0.00090909,1,1
t5260542a,2,secondary_1,x2955078a,x2955078a.1.0,wye,0.01666667,0.00090909,1,1
t5260542a,3,secondary_2,x2955078a,x2955078a.0.2,wye,0.01666667,0.00090909,1,1
t226311345b,1,primary,l3139598,l3139598.2,wye,1,0.00136364,1,1
t226311345b,2,secondary_1,x3139598b,x3139598b.1.0,wye,0.01666667,0.00136364,1,1
t226311345b,3,secondary_2,x3139598b,x3139598b.0.2,wye,0.01666667,0.00136364,1,1
t21459651c,1,primary,l2763812,l2763812.3,wye,1,0.00272727,1,1
t21459651c,2,secondary_1,x2763812c,x2763812c.1.0,wye,0.01666667,0.00272727,1,1
t21459651c,3,secondary_2,x2763812c,x2763812c.0.2,wye,0.01666667,0.00272727,1,1
t5351019c,1,primary,l2767414,l2767414.3,wye,1,0.00054545,1,1
t5351019c,2,secondary_1,x2767414c,x2767414c.1.0,wye,0.01666667,0.00054545,1,1
t5351019c,3,secondary_2,x2767414c,x2767414c.0.2,wye,0.01666667,0.00054545,1,1
t5391749b,1,primary,l2991918,l2991918.2,wye,1,0.00090909,1,1
t5391749b,2,secondary_1,x2991918b,x2991918b.1.0,wye,0.01666667,0.00090909,1,1
t5391749b,3,secondary_2,x2991918b,x2991918b.0.2,wye,0.01666667,0.00090909,1,1
t5321159a,1,primary,l3008248,l3008248.1,wye,1,0.00054545,1,1
t5321159a,2,secondary_1,x3008248a,x3008248a.1.0,wye,0.01666667,0.00054545,1,1
t5321159a,3,secondary_2,x3008248a,x3008248a.0.2,wye,0.01666667,0.00054545,1,1
t5260515a,1,primary,l3160865,l3160865.1,wye,1,0.00090909,1,1
t5260515a,2,secondary_1,x3160865a,x3160865a.1.0,wye,0.01666667,0.00090909,1,1
t5260515a,3,secondary_2,x3160865a,x3160865a.0.2,wye,0.01666667,0.00090909,1,1
t5355606b,1,primary,l3029510,l3029510.2,wye,1,0.00054545,1,1
t5355606b,2,secondary_1,x3029510b,x3029510b.1.0,wye,0.01666667,0.00054545,1,1
t5355606b,3,secondary_2,x3029510b,x3029510b.0.2,wye,0.01666667,0.00054545,1,1
t5321891c,1,primary,l2748126,l2748126.3,wye,1,0.00090909,1,1
t5321891c,2,secondary_1,x2748126c,x2748126c.1.0,wye,0.01666667,0.00090909,1,1
t5321891c,3,secondary_2,x2748126c,x2748126c.0.2,wye,0.01666667,0.00090909,1,1
t21399826a,1,primary,l3216358,l3216358.1,wye,1,0.00090909,1,1
t21399826a,2,secondary_1,x3216358a,x3216358a.1.0,wye,0.01666667,0.00090909,1,1
t21399826a,3,secondary_2,x3216358a,x3216358a.0.2,wye,0.01666667,0.00090909,1,1
t5260458b,1,primary,l2936276,l2936276.2,wye,1,0.00036364,1,1
t5260458b,2,secondary_1,x2936276b,x2936276b.1.0,wye,0.01666667,0.00036364,1,1
t5260458b,3,secondary_2,x2936276b,x2936276b.0.2,wye,0.01666667,0.00036364,1,1
t22112168874c,1,primary,l2729207,l2729207.3,wye,1,0.00181818,1,1
t22112168874c,2,secondary_1,x2729207c,x2729207c.1.0,wye,0.01666667,0.00181818,1,1
t22112168874c,3,secondary_2,x2729207c,x2729207c.0.2,wye,0.01666667,0.00181818,1,1
t5337634c,1,primary,l2897768,l2897768.3,wye,1,0.00090909,1,1
t5337634c,2,secondary_1,x2897768c,x2897768c.1.0,wye,0.01666667,0.00090909,1,1
t5337634c,3,secondary_2,x2897768c,x2897768c.0.2,wye,0.01666667,0.00090909,1,1
t21386065c,1,primary,l2917255,l2917255.3,wye,1,0.00090909,1,1
t21386065c,2,secondary_1,x2917255c,x2917255c.1.0,wye,0.01666667,0.00090909,1,1
t21386065c,3,secondary_2,x2917255c,x2917255c.0.2,wye,0.01666667,0.00090909,1,1
t226192890c,1,primary,l2933120,l2933120.3,wye,1,0.00136364,1,1
t226192890c,2,secondary_1,x2933120c,x2933120c.1.0,wye,0.01666667,0.00136364,1,1
t226192890c,3,secondary_2,x2933120c,x2933120c.0.2,wye,0.01666667,0.00136364,1,1
t225498968b,1,primary,l2684420,l2684420.2,wye,1,0.00054545,1,1
t225498968b,2,secondary_1,x2684420b,x2684420b.1.0,wye,0.01666667,0.00054545,1,1
t225498968b,3,secondary_2,x2684420b,x2684420b.0.2,wye,0.01666667,0.00054545,1,1
t5391986a,1,primary,l2766723,l2766723.1,wye,1,0.00090909,1,1
t5391986a,2,secondary_1,x2766723a,x2766723a.1.0,wye,0.01666667,0.00090909,1,1
t5391986a,3,secondary_2,x2766723a,x2766723a.0.2,wye,0.01666667,0.00090909,1,1
t5138645b,1,primary,l3104120,l3104120.2,wye,1,0.00054545,1,1
t5138645b,2,secondary_1,x3104120b,x3104120b.1.0,wye,0.01666667,0.00054545,1,1
t5138645b,3,secondary_2,x3104120b,x3104120b.0.2,wye,0.01666667,0.00054545,1,1
t5337693b,1,primary,l3066813,l3066813.2,wye,1,0.00054545,1,1
t5337693b,2,secondary_1,x3066813b,x3066813b.1.0,wye,0.01666667,0.00054545,1,1
t5337693b,3,secondary_2,x3066813b,x3066813b.0.2,wye,0.01666667,0.00054545,1,1
t5323236b,1,primary,l2822860,l2822860.2,wye,1,0.00090909,1,1
t5323236b,2,secondary_1,x2822860b,x2822860b.1.0,wye,0.01666667,0.00090909,1,1
t5323236b,3,secondary_2,x2822860b,x2822860b.0.2,wye,0.01666667,0.00090909,1,1
t226197070a,1,primary,l2933135,l2933135.1,wye,1,0.00090909,1,1
t226197070a,2,secondary_1,x2933135a,x2933135a.1.0,wye,0.01666667,0.00090909,1,1
t226197070a,3,secondary_2,x2933135a,x2933135a.0.2,wye,0.01666667,0.00090909,1,1
t2224237384a,1,primary,l3649298,l3649298.1,wye,1,0.00136364,1,1
t2224237384a,2,secondary_1,x3649298a,x3649298a.1.0,wye,0.01666667,0.00136364,1,1
t2224237384a,3,secondary_2,x3649298a,x3649298a.0.2,wye,0.01666667,0.00136364,1,1
t5391755b,1,primary,l3104130,l3104130.2,wye,1,0.00090909,1,1
t5391755b,2,secondary_1,x3104130b,x3104130b.1.0,wye,0.01666667,0.00090909,1,1
t5391755b,3,secondary_2,x3104130b,x3104130b.0.2,wye,0.01666667,0.00090909,1,1
t5338986a,1,primary,l2785538,l2785538.1,wye,1,0.00090909,1,1
t5338986a,2,secondary_1,x2785538a,x2785538a.1.0,wye,0.01666667,0.00090909,1,1
t5338986a,3,secondary_2,x2785538a,x2785538a.0.2,wye,0.01666667,0.00090909,1,1
t5293423b,1,primary,l3122849,l3122849.2,wye,1,0.00054545,1,1
t5293423b,2,secondary_1,x3122849b,x3122849b.1.0,wye,0.01666667,0.00054545,1,1
t5293423b,3,secondary_2,x3122849b,x3122849b.0.2,wye,0.01666667,0.00054545,1,1
t5260475a,1,primary,l2879794,l2879794.1,wye,1,0.00136364,1,1
t5260475a,2,secondary_1,x2879794a,x2879794a.1.0,wye,0.01666667,0.00136364,1,1
t5260475a,3,secondary_2,x2879794a,x2879794a.0.2,wye,0.01666667,0.00136364,1,1
t5338894a,1,primary,l2879069,l2879069.1,wye,1,0.00036364,1,1
t5338894a,2,secondary_1,x2879069a,x2879069a.1.0,wye,0.01666667,0.00036364,1,1
t5338894a,3,secondary_2,x2879069a,x2879069a.0.2,wye,0.01666667,0.00036364,1,1
t5138560a,1,primary,l3104113,l3104113.1,wye,1,0.00090909,1,1
t5138560a,2,secondary_1,x3104113a,x3104113a.1.0,wye,0.01666667,0.00090909,1,1
t5138560a,3,secondary_2,x3104113a,x3104113a.0.2,wye,0.01666667,0.00090909,1,1
t5260473a,1,primary,l2861222,l2861222.1,wye,1,0.00136364,1,1
t5260473a,2,secondary_1,x2861222a,x2861222a.1.0,wye,0.01666667,0.00136364,1,1
t5260473a,3,secondary_2,x2861222a,x2861222a.0.2,wye,0.01666667,0.00136364,1,1
t21197413c,1,primary,l3141411,l3141411.3,wye,1,0.00272727,1,1
t21197413c,2,secondary_1,x3141411c,x3141411c.1.0,wye,0.01666667,0.00272727,1,1
t21197413c,3,secondary_2,x3141411c,x3141411c.0.2,wye,0.01666667,0.00272727,1,1
t5294843a,1,primary,l3178982,l3178982.1,wye,1,0.00090909,1,1
t5294843a,2,secondary_1,x3178982a,x3178982a.1.0,wye,0.01666667,0.00090909,1,1
t5294843a,3,secondary_2,x3178982a,x3178982a.0.2,wye,0.01666667,0.00090909,1,1
t5247036c,1,primary,l3029498,l3029498.3,wye,1,0.00036364,1,1
t5247036c,2,secondary_1,x3029498c,x3029498c.1.0,wye,0.01666667,0.00036364,1,1
t5247036c,3,secondary_2,x3029498c,x3029498c.0.2,wye,0.01666667,0.00036364,1,1
t5355843a,1,primary,l2952013,l2952013.1,wye,1,0.00036364,1,1
t5355843a,2,secondary_1,x2952013a,x2952013a.1.0,wye,0.01666667,0.00036364,1,1
t5355843a,3,secondary_2,x2952013a,x2952013a.0.2,wye,0.01666667,0.00036364,1,1
t5391751b,1,primary,l2860488,l2860488.2,wye,1,0.00090909,1,1
t5391751b,2,secondary_1,x2860488b,x2860488b.1.0,wye,0.01666667,0.00090909,1,1
t5391751b,3,secondary_2,x2860488b,x2860488b.0.2,wye,0.01666667,0.00090909,1,1
t5302812c,1,primary,l2691945,l2691945.3,wye,1,0.00090909,1,1
t5302812c,2,secondary_1,x2691945c,x2691945c.1.0,wye,0.01666667,0.00090909,1,1
t5302812c,3,secondary_2,x2691945c,x2691945c.0.2,wye,0.01666667,0.00090909,1,1
t226308731a,1,primary,l3214549,l3214549.1,wye,1,0.00181818,1,1
t226308731a,2,secondary_1,x3214549a,x3214549a.1.0,wye,0.01666667,0.00181818,1,1
t226308731a,3,secondary_2,x3214549a,x3214549a.0.2,wye,0.01666667,0.00181818,1,1
t21396867a,1,primary,l2710536,l2710536.1,wye,1,0.00090909,1,1
t21396867a,2,secondary_1,x2710536a,x2710536a.1.0,wye,0.01666667,0.00090909,1,1
t21396867a,3,secondary_2,x2710536a,x2710536a.0.2,wye,0.01666667,0.00090909,1,1
t5356811a,1,primary,l2804956,l2804956.1,wye,1,0.00090909,1,1
t5356811a,2,secondary_1,x2804956a,x2804956a.1.0,wye,0.01666667,0.00090909,1,1
t5356811a,3,secondary_2,x2804956a,x2804956a.0.2,wye,0.01666667,0.00090909,1,1
t5302811c,1,primary,l3160105,l3160105.3,wye,1,0.00054545,1,1
t5302811c,2,secondary_1,x3160105c,x3160105c.1.0,wye,0.01666667,0.00054545,1,1
t5302811c,3,secondary_2,x3160105c,x3160105c.0.2,wye,0.01666667,0.00054545,1,1
t5294845a,1,primary,l3010563,l3010563.1,wye,1,0.00054545,1,1
t5294845a,2,secondary_1,x3010563a,x3010563a.1.0,wye,0.01666667,0.00054545,1,1
t5294845a,3,secondary_2,x3010563a,x3010563a.0.2,wye,0.01666667,0.00054545,1,1
t2224237380a,1,primary,l3649297,l3649297.1,wye,1,0.00136364,1,1
t2224237380a,2,secondary_1,x3649297a,x3649297a.1.0,wye,0.01666667,0.00136364,1,1
t2224237380a,3,secondary_2,x3649297a,x3649297a.0.2,wye,0.01666667,0.00136364,1,1
t21386877a,1,primary,l2823611,l2823611.1,wye,1,0.00054545,1,1
t21386877a,2,secondary_1,x2823611a,x2823611a.1.0,wye,0.01666667,0.00054545,1,1
t21386877a,3,secondary_2,x2823611a,x2823611a.0.2,wye,0.01666667,0.00054545,1,1
t5138586c,1,primary,l2860487,l2860487.3,wye,1,0.00054545,1,1
t5138586c,2,secondary_1,x2860487c,x2860487c.1.0,wye,0.01666667,0.00054545,1,1
t5138586c,3,secondary_2,x2860487c,x2860487c.0.2,wye,0.01666667,0.00054545,1,1
t5247122b,1,primary,l3197629,l3197629.2,wye,1,0.00054545,1,1
t5247122b,2,secondary_1,x3197629b,x3197629b.1.0,wye,0.01666667,0.00054545,1,1
t5247122b,3,secondary_2,x3197629b,x3197629b.0.2,wye,0.01666667,0.00054545,1,1
t5323400b,1,primary,l2691943,l2691943.2,wye,1,0.00054545,1,1
t5323400b,2,secondary_1,x2691943b,x2691943b.1.0,wye,0.01666667,0.00054545,1,1
t5323400b,3,secondary_2,x2691943b,x2691943b.0.2,wye,0.01666667,0.00054545,1,1
t21397029a,1,primary,l2673311,l2673311.1,wye,1,0.00090909,1,1
t21397029a,2,secondary_1,x2673311a,x2673311a.1.0,wye,0.01666667,0.00090909,1,1
t21397029a,3,secondary_2,x2673311a,x2673311a.0.2,wye,0.01666667,0.00090909,1,1
t5356791c,1,primary,l2767343,l2767343.3,wye,1,0.00136364,1,1
t5356791c,2,secondary_1,x2767343c,x2767343c.1.0,wye,0.01666667,0.00136364,1,1
t5356791c,3,secondary_2,x2767343c,x2767343c.0.2,wye,0.01666667,0.00136364,1,1
t5337646b,1,primary,l2879063,l2879063.2,wye,1,0.00090909,1,1
t5337646b,2,secondary_1,x2879063b,x2879063b.1.0,wye,0.01666667,0.00090909,1,1
t5337646b,3,secondary_2,x2879063b,x2879063b.0.2,wye,0.01666667,0.00090909,1,1
t5138716c,1,primary,l3254219,l3254219.3,wye,1,0.00090909,1,1
t5138716c,2,secondary_1,x3254219c,x3254219c.1.0,wye,0.01666667,0.00090909,1,1
t5138716c,3,secondary_2,x3254219c,x3254219c.0.2,wye,0.01666667,0.00090909,1,1
t5339004b,1,primary,l3197653,l3197653.2,wye,1,0.00090909,1,1
t5339004b,2,secondary_1,x3197653b,x3197653b.1.0,wye,0.01666667,0.00090909,1,1
t5339004b,3,secondary_2,x3197653b,x3197653b.0.2,wye,0.01666667,0.00090909,1,1
t5355602b,1,primary,l3251806,l3251806.2,wye,1,0.00054545,1,1
t5355602b,2,secondary_1,x3251806b,x3251806b.1.0,wye,0.01666667,0.00054545,1,1
t5355602b,3,secondary_2,x3251806b,x3251806b.0.2,wye,0.01666667,0.00054545,1,1
t5337653b,1,primary,l2673308,l2673308.2,wye,1,0.00136364,1,1
t5337653b,2,secondary_1,x2673308b,x2673308b.1.0,wye,0.01666667,0.00136364,1,1
t5337653b,3,secondary_2,x2673308b,x2673308b.0.2,wye,0.01666667,0.00136364,1,1
t5323233b,1,primary,l3254203,l3254203.2,wye,1,0.00054545,1,1
t5323233b,2,secondary_1,x3254203b,x3254203b.1.0,wye,0.01666667,0.00054545,1,1
t5323233b,3,secondary_2,x3254203b,x3254203b.0.2,wye,0.01666667,0.00054545,1,1
t28120126a,1,primary,l2814529,l2814529.1,wye,1,0.00181818,1,1
t28120126a,2,secondary_1,x2814529a,x2814529a.1.0,wye,0.01666667,0.00181818,1,1
t28120126a,3,secondary_2,x2814529a,x2814529a.0.2,wye,0.01666667,0.00181818,1,1
t28120126b,1,primary,l2814529,l2814529.2,wye,1,0.00181818,1,1
t28120126b,2,secondary_1,x2814529b,x2814529b.1.0,wye,0.01666667,0.00181818,1,1
t28120126b,3,secondary_2,x2814529b,x2814529b.0.2,wye,0.01666667,0.00181818,1,1
t28120126c,1,primary,l2814529,l2814529.3,wye,1,0.00181818,1,1
t28120126c,2,secondary_1,x2814529c,x2814529c.1.0,wye,0.01666667,0.00181818,1,1
t28120126c,3,secondary_2,x2814529c,x2814529c.0.2,wye,0.01666667,0.00181818,1,1
t5223658a,1,primary,l2823592,l2823592.1,wye,1,0.00018182,1,1
t5223658a,2,secondary_1,x2823592a,x2823592a.1.0,wye,0.01666667,0.00018182,1,1
t5223658a,3,secondary_2,x2823592a,x2823592a.0.2,wye,0.01666667,0.00018182,1,1
t5138652c,1,primary,l2766718,l2766718.3,wye,1,0.00136364,1,1
t5138652c,2,secondary_1,x2766718c,x2766718c.1.0,wye,0.01666667,0.00136364,1,1
t5138652c,3,secondary_2,x2766718c,x2766718c.0.2,wye,0.01666667,0.00136364,1,1
t227678342c,1,primary,l2727795,l2727795.3,wye,1,0.00054545,1,1
t227678342c,2,secondary_1,x2727795c,x2727795c.1.0,wye,0.01666667,0.00054545,1,1
t227678342c,3,secondary_2,x2727795c,x2727795c.0.2,wye,0.01666667,0.00054545,1,1
t21249647b,1,primary,l2955055,l2955055.2,wye,1,0.00090909,1,1
t21249647b,2,secondary_1,x2955055b,x2955055b.1.0,wye,0.01666667,0.00090909,1,1
t21249647b,3,secondary_2,x2955055b,x2955055b.0.2,wye,0.01666667,0.00090909,1,1
t5337700b,1,primary,l2766722,l2766722.2,wye,1,0.00090909,1,1
t5337700b,2,secondary_1,x2766722b,x2766722b.1.0,wye,0.01666667,0.00090909,1,1
t5337700b,3,secondary_2,x2766722b,x2766722b.0.2,wye,0.01666667,0.00090909,1,1
t5356790c,1,primary,l2804957,l2804957.3,wye,1,0.00036364,1,1
t5356790c,2,secondary_1,x2804957c,x2804957c.1.0,wye,0.01666667,0.00036364,1,1
t5356790c,3,secondary_2,x2804957c,x2804957c.0.2,wye,0.01666667,0.00036364,1,1
t5302392a,1,primary,l3010570,l3010570.1,wye,1,0.00054545,1,1
t5302392a,2,secondary_1,x3010570a,x3010570a.1.0,wye,0.01666667,0.00054545,1,1
t5302392a,3,secondary_2,x3010570a,x3010570a.0.2,wye,0.01666667,0.00054545,1,1
t2224237391a,1,primary,l3649299,l3649299.1,wye,1,0.00090909,1,1
t2224237391a,2,secondary_1,x3649299a,x3649299a.1.0,wye,0.01666667,0.00090909,1,1
t2224237391a,3,secondary_2,x3649299a,x3649299a.0.2,wye,0.01666667,0.00090909,1,1
t5138470c,1,primary,l2766717,l2766717.3,wye,1,0.00036364,1,1
t5138470c,2,secondary_1,x2766717c,x2766717c.1.0,wye,0.01666667,0.00036364,1,1
t5138470c,3,secondary_2,x2766717c,x2766717c.0.2,wye,0.01666667,0.00036364,1,1
t5260581c,1,primary,l3254870,l3254870.3,wye,1,0.00090909,1,1
t5260581c,2,secondary_1,x3254870c,x3254870c.1.0,wye,0.01666667,0.00090909,1,1
t5260581c,3,secondary_2,x3254870c,x3254870c.0.2,wye,0.01666667,0.00090909,1,1
t226191951b,1,primary,l2801895,l2801895.2,wye,1,0.00090909,1,1
t226191951b,2,secondary_1,x2801895b,x2801895b.1.0,wye,0.01666667,0.00090909,1,1
t226191951b,3,secondary_2,x2801895b,x2801895b.0.2,wye,0.01666667,0.00090909,1,1
t5392037b,1,primary,l2673320,l2673320.2,wye,1,0.00090909,1,1
t5392037b,2,secondary_1,x2673320b,x2673320b.1.0,wye,0.01666667,0.00090909,1,1
t5392037b,3,secondary_2,x2673320b,x2673320b.0.2,wye,0.01666667,0.00090909,1,1
t5138797b,1,primary,l3198358,l3198358.2,wye,1,0.00136364,1,1
t5138797b,2,secondary_1,x3198358b,x3198358b.1.0,wye,0.01666667,0.00136364,1,1
t5138797b,3,secondary_2,x3198358b,x3198358b.0.2,wye,0.01666667,0.00136364,1,1
t5251857c,1,primary,l3064514,l3064514.3,wye,1,0.00054545,1,1
t5251857c,2,secondary_1,x3064514c,x3064514c.1.0,wye,0.01666667,0.00054545,1,1
t5251857c,3,secondary_2,x3064514c,x3064514c.0.2,wye,0.01666667,0.00054545,1,1
t5293644a,1,primary,l2729429,l2729429.1,wye,1,0.00090909,1,1
t5293644a,2,secondary_1,x2729429a,x2729429a.1.0,wye,0.01666667,0.00090909,1,1
t5293644a,3,secondary_2,x2729429a,x2729429a.0.2,wye,0.01666667,0.00090909,1,1
t21396606c,1,primary,l2785525,l2785525.3,wye,1,0.00090909,1,1
t21396606c,2,secondary_1,x2785525c,x2785525c.1.0,wye,0.01666667,0.00090909,1,1
t21396606c,3,secondary_2,x2785525c,x2785525c.0.2,wye,0.01666667,0.00090909,1,1
t21395720c,1,primary,l2860492,l2860492.3,wye,1,0.00054545,1,1
t21395720c,2,secondary_1,x2860492c,x2860492c.1.0,wye,0.01666667,0.00054545,1,1
t21395720c,3,secondary_2,x2860492c,x2860492c.0.2,wye,0.01666667,0.00054545,1,1
t5338897a,1,primary,l2973154,l2973154.1,wye,1,0.00054545,1,1
t5338897a,2,secondary_1,x2973154a,x2973154a.1.0,wye,0.01666667,0.00054545,1,1
t5338897a,3,secondary_2,x2973154a,x2973154a.0.2,wye,0.01666667,0.00054545,1,1
t5355935a,1,primary,l2691973,l2691973.1,wye,1,0.00054545,1,1
t5355935a,2,secondary_1,x2691973a,x2691973a.1.0,wye,0.01666667,0.00054545,1,1
t5355935a,3,secondary_2,x2691973a,x2691973a.0.2,wye,0.01666667,0.00054545,1,1
t5274988c,1,primary,l3085394,l3085394.3,wye,1,0.00054545,1,1
t5274988c,2,secondary_1,x3085394c,x3085394c.1.0,wye,0.01666667,0.00054545,1,1
t5274988c,3,secondary_2,x3085394c,x3085394c.0.2,wye,0.01666667,0.00054545,1,1
t5323282b,1,primary,l2897791,l2897791.2,wye,1,0.00136364,1,1
t5323282b,2,secondary_1,x2897791b,x2897791b.1.0,wye,0.01666667,0.00136364,1,1
t5323282b,3,secondary_2,x2897791b,x2897791b.0.2,wye,0.01666667,0.00136364,1,1
t226109079a,1,primary,l2726983,l2726983.1,wye,1,0.00136364,1,1
t226109079a,2,secondary_1,x2726983a,x2726983a.1.0,wye,0.01666667,0.00136364,1,1
t226109079a,3,secondary_2,x2726983a,x2726983a.0.2,wye,0.01666667,0.00136364,1,1
t5207287b,1,primary,l2711234,l2711234.2,wye,1,0.00090909,1,1
t5207287b,2,secondary_1,x2711234b,x2711234b.1.0,wye,0.01666667,0.00090909,1,1
t5207287b,3,secondary_2,x2711234b,x2711234b.0.2,wye,0.01666667,0.00090909,1,1
t5302510c,1,primary,l3178980,l3178980.3,wye,1,0.00054545,1,1
t5302510c,2,secondary_1,x3178980c,x3178980c.1.0,wye,0.01666667,0.00054545,1,1
t5302510c,3,secondary_2,x3178980c,x3178980c.0.2,wye,0.01666667,0.00054545,1,1
t2224387053a,1,primary,l3728039,l3728039.1,wye,1,0.00136364,1,1
t2224387053a,2,secondary_1,x3728039a,x3728039a.1.0,wye,0.01666667,0.00136364,1,1
t2224387053a,3,secondary_2,x3728039a,x3728039a.0.2,wye,0.01666667,0.00136364,1,1
t5260631a,1,primary,l2786266,l2786266.1,wye,1,0.00054545,1,1
t5260631a,2,secondary_1,x2786266a,x2786266a.1.0,wye,0.01666667,0.00054545,1,1
t5260631a,3,secondary_2,x2786266a,x2786266a.0.2,wye,0.01666667,0.00054545,1,1
t5355618b,1,primary,l2954338,l2954338.2,wye,1,0.00090909,1,1
t5355618b,2,secondary_1,x2954338b,x2954338b.1.0,wye,0.01666667,0.00090909,1,1
t5355618b,3,secondary_2,x2954338b,x2954338b.0.2,wye,0.01666667,0.00090909,1,1
t5260575b,1,primary,l3254869,l3254869.2,wye,1,0.00054545,1,1
t5260575b,2,secondary_1,x3254869b,x3254869b.1.0,wye,0.01666667,0.00054545,1,1
t5260575b,3,secondary_2,x3254869b,x3254869b.0.2,wye,0.01666667,0.00054545,1,1
t5350993c,1,primary,l3198356,l3198356.3,wye,1,0.00054545,1,1
t5350993c,2,secondary_1,x3198356c,x3198356c.1.0,wye,0.01666667,0.00054545,1,1
t5350993c,3,secondary_2,x3198356c,x3198356c.0.2,wye,0.01666667,0.00054545,1,1
t5260481c,1,primary,l2730163,l2730163.3,wye,1,0.00090909,1,1
t5260481c,2,secondary_1,x2730163c,x2730163c.1.0,wye,0.01666667,0.00090909,1,1
t5260481c,3,secondary_2,x2730163c,x2730163c.0.2,wye,0.01666667,0.00090909,1,1
t5260641b,1,primary,l3048965,l3048965.2,wye,1,0.00136364,1,1
t5260641b,2,secondary_1,x3048965b,x3048965b.1.0,wye,0.01666667,0.00136364,1,1
t5260641b,3,secondary_2,x3048965b,x3048965b.0.2,wye,0.01666667,0.00136364,1,1
t5337650a,1,primary,l3010561,l3010561.1,wye,1,0.00054545,1,1
t5337650a,2,secondary_1,x3010561a,x3010561a.1.0,wye,0.01666667,0.00054545,1,1
t5337650a,3,secondary_2,x3010561a,x3010561a.0.2,wye,0.01666667,0.00054545,1,1
t5355780b,1,primary,l3160102,l3160102.2,wye,1,0.00090909,1,1
t5355780b,2,secondary_1,x3160102b,x3160102b.1.0,wye,0.01666667,0.00090909,1,1
t5355780b,3,secondary_2,x3160102b,x3160102b.0.2,wye,0.01666667,0.00090909,1,1
t5275002c,1,primary,l3066806,l3066806.3,wye,1,0.00054545,1,1
t5275002c,2,secondary_1,x3066806c,x3066806c.1.0,wye,0.01666667,0.00054545,1,1
t5275002c,3,secondary_2,x3066806c,x3066806c.0.2,wye,0.01666667,0.00054545,1,1
t21452406b,1,primary,l3216361,l3216361.2,wye,1,0.00090909,1,1
t21452406b,2,secondary_1,x3216361b,x3216361b.1.0,wye,0.01666667,0.00090909,1,1
t21452406b,3,secondary_2,x3216361b,x3216361b.0.2,wye,0.01666667,0.00090909,1,1
t21399326c,1,primary,l2879092,l2879092.3,wye,1,0.00090909,1,1
t21399326c,2,secondary_1,x2879092c,x2879092c.1.0,wye,0.01666667,0.00090909,1,1
t21399326c,3,secondary_2,x2879092c,x2879092c.0.2,wye,0.01666667,0.00090909,1,1
t5338964c,1,primary,l3104117,l3104117.3,wye,1,0.00136364,1,1
t5338964c,2,secondary_1,x3104117c,x3104117c.1.0,wye,0.01666667,0.00136364,1,1
t5338964c,3,secondary_2,x3104117c,x3104117c.0.2,wye,0.01666667,0.00136364,1,1
t28119958b,1,primary,l2935568,l2935568.2,wye,1,0.00054545,1,1
t28119958b,2,secondary_1,x2935568b,x2935568b.1.0,wye,0.01666667,0.00054545,1,1
t28119958b,3,secondary_2,x2935568b,x2935568b.0.2,wye,0.01666667,0.00054545,1,1
t21381118b,1,primary,l2710530,l2710530.2,wye,1,0.00054545,1,1
t21381118b,2,secondary_1,x2710530b,x2710530b.1.0,wye,0.01666667,0.00054545,1,1
t21381118b,3,secondary_2,x2710530b,x2710530b.0.2,wye,0.01666667,0.00054545,1,1
t5337673a,1,primary,l2841618,l2841618.1,wye,1,0.00090909,1,1
t5337673a,2,secondary_1,x2841618a,x2841618a.1.0,wye,0.01666667,0.00090909,1,1
t5337673a,3,secondary_2,x2841618a,x2841618a.0.2,wye,0.01666667,0.00090909,1,1
t2224387138a,1,primary,l3728043,l3728043.1,wye,1,0.00136364,1,1
t2224387138a,2,secondary_1,x3728043a,x3728043a.1.0,wye,0.01666667,0.00136364,1,1
t2224387138a,3,secondary_2,x3728043a,x3728043a.0.2,wye,0.01666667,0.00136364,1,1
t5323243b,1,primary,l2897765,l2897765.2,wye,1,0.00054545,1,1
t5323243b,2,secondary_1,x2897765b,x2897765b.1.0,wye,0.01666667,0.00054545,1,1
t5323243b,3,secondary_2,x2897765b,x2897765b.0.2,wye,0.01666667,0.00054545,1,1
t5138564a,1,primary,l2804283,l2804283.1,wye,1,0.00090909,1,1
t5138564a,2,secondary_1,x2804283a,x2804283a.1.0,wye,0.01666667,0.00090909,1,1
t5138564a,3,secondary_2,x2804283a,x2804283a.0.2,wye,0.01666667,0.00090909,1,1
t223400157c,1,primary,l3150961,l3150961.3,wye,1,0.00136364,1,1
t223400157c,2,secondary_1,x3150961c,x3150961c.1.0,wye,0.01666667,0.00136364,1,1
t223400157c,3,secondary_2,x3150961c,x3150961c.0.2,wye,0.01666667,0.00136364,1,1
t227989724b,1,primary,l2859391,l2859391.2,wye,1,0.00090909,1,1
t227989724b,2,secondary_1,x2859391b,x2859391b.1.0,wye,0.01666667,0.00090909,1,1
t227989724b,3,secondary_2,x2859391b,x2859391b.0.2,wye,0.01666667,0.00090909,1,1
t5355592b,1,primary,l3254206,l3254206.2,wye,1,0.00090909,1,1
t5355592b,2,secondary_1,x3254206b,x3254206b.1.0,wye,0.01666667,0.00090909,1,1
t5355592b,3,secondary_2,x3254206b,x3254206b.0.2,wye,0.01666667,0.00090909,1,1
t5138565a,1,primary,l3104122,l3104122.1,wye,1,0.00090909,1,1
t5138565a,2,secondary_1,x3104122a,x3104122a.1.0,wye,0.01666667,0.00090909,1,1
t5138565a,3,secondary_2,x3104122a,x3104122a.0.2,wye,0.01666667,0.00090909,1,1
t5138720a,1,primary,l3254218,l3254218.1,wye,1,0.00090909,1,1
t5138720a,2,secondary_1,x3254218a,x3254218a.1.0,wye,0.01666667,0.00090909,1,1
t5138720a,3,secondary_2,x3254218a,x3254218a.0.2,wye,0.01666667,0.00090909,1,1
t5338913b,1,primary,l2804255,l2804255.2,wye,1,0.00090909,1,1
t5338913b,2,secondary_1,x2804255b,x2804255b.1.0,wye,0.01666667,0.00090909,1,1
t5338913b,3,secondary_2,x2804255b,x2804255b.0.2,wye,0.01666667,0.00090909,1,1
t21470326a,1,primary,l2766748,l2766748.1,wye,1,0.00054545,1,1
t21470326a,2,secondary_1,x2766748a,x2766748a.1.0,wye,0.01666667,0.00054545,1,1
t21470326a,3,secondary_2,x2766748a,x2766748a.0.2,wye,0.01666667,0.00054545,1,1
t5355600b,1,primary,l2691938,l2691938.2,wye,1,0.00090909,1,1
t5355600b,2,secondary_1,x2691938b,x2691938b.1.0,wye,0.01666667,0.00090909,1,1
t5355600b,3,secondary_2,x2691938b,x2691938b.0.2,wye,0.01666667,0.00090909,1,1
t226308728a,1,primary,l3027671,l3027671.1,wye,1,0.00136364,1,1
t226308728a,2,secondary_1,x3027671a,x3027671a.1.0,wye,0.01666667,0.00136364,1,1
t226308728a,3,secondary_2,x3027671a,x3027671a.0.2,wye,0.01666667,0.00136364,1,1
t5323265b,1,primary,l2860501,l2860501.2,wye,1,0.00090909,1,1
t5323265b,2,secondary_1,x2860501b,x2860501b.1.0,wye,0.01666667,0.00090909,1,1
t5323265b,3,secondary_2,x2860501b,x2860501b.0.2,wye,0.01666667,0.00090909,1,1
t5391750b,1,primary,l2897764,l2897764.2,wye,1,0.00090909,1,1
t5391750b,2,secondary_1,x2897764b,x2897764b.1.0,wye,0.01666667,0.00090909,1,1
t5391750b,3,secondary_2,x2897764b,x2897764b.0.2,wye,0.01666667,0.00090909,1,1
t5260494b,1,primary,l3068944,l3068944.2,wye,1,0.00136364,1,1
t5260494b,2,secondary_1,x3068944b,x3068944b.1.0,wye,0.01666667,0.00136364,1,1
t5260494b,3,secondary_2,x3068944b,x3068944b.0.2,wye,0.01666667,0.00136364,1,1
t5138770a,1,primary,l2897781,l2897781.1,wye,1,0.00036364,1,1
t5138770a,2,secondary_1,x2897781a,x2897781a.1.0,wye,0.01666667,0.00036364,1,1
t5138770a,3,secondary_2,x2897781a,x2897781a.0.2,wye,0.01666667,0.00036364,1,1
t5302637a,1,primary,l2748132,l2748132.1,wye,1,0.00054545,1,1
t5302637a,2,secondary_1,x2748132a,x2748132a.1.0,wye,0.01666667,0.00054545,1,1
t5302637a,3,secondary_2,x2748132a,x2748132a.0.2,wye,0.01666667,0.00054545,1,1
t5302367b,1,primary,l2766727,l2766727.2,wye,1,0.00054545,1,1
t5302367b,2,secondary_1,x2766727b,x2766727b.1.0,wye,0.01666667,0.00054545,1,1
t5302367b,3,secondary_2,x2766727b,x2766727b.0.2,wye,0.01666667,0.00054545,1,1
t5391739b,1,primary,l2954339,l2954339.2,wye,1,0.00090909,1,1
t5391739b,2,secondary_1,x2954339b,x2954339b.1.0,wye,0.01666667,0.00090909,1,1
t5391739b,3,secondary_2,x2954339b,x2954339b.0.2,wye,0.01666667,0.00090909,1,1
t28120855a,1,primary,l2673316,l2673316.1,wye,1,0.00036364,1,1
t28120855a,2,secondary_1,x2673316a,x2673316a.1.0,wye,0.01666667,0.00036364,1,1
t28120855a,3,secondary_2,x2673316a,x2673316a.0.2,wye,0.01666667,0.00036364,1,1
t2224237713a,1,primary,l3649304,l3649304.1,wye,1,0.00136364,1,1
t2224237713a,2,secondary_1,x3649304a,x3649304a.1.0,wye,0.01666667,0.00136364,1,1
t2224237713a,3,secondary_2,x3649304a,x3649304a.0.2,wye,0.01666667,0.00136364,1,1
t5323241b,1,primary,l2710508,l2710508.2,wye,1,0.00054545,1,1
t5323241b,2,secondary_1,x2710508b,x2710508b.1.0,wye,0.01666667,0.00054545,1,1
t5323241b,3,secondary_2,x2710508b,x2710508b.0.2,wye,0.01666667,0.00054545,1,1
t5138679a,1,primary,l2710520,l2710520.1,wye,1,0.00054545,1,1
t5138679a,2,secondary_1,x2710520a,x2710520a.1.0,wye,0.01666667,0.00054545,1,1
t5138679a,3,secondary_2,x2710520a,x2710520a.0.2,wye,0.01666667,0.00054545,1,1
t5302813c,1,primary,l3010567,l3010567.3,wye,1,0.00054545,1,1
t5302813c,2,secondary_1,x3010567c,x3010567c.1.0,wye,0.01666667,0.00054545,1,1
t5302813c,3,secondary_2,x3010567c,x3010567c.0.2,wye,0.01666667,0.00054545,1,1
t226193745b,1,primary,l2876798,l2876798.2,wye,1,0.00090909,1,1
t226193745b,2,secondary_1,x2876798b,x2876798b.1.0,wye,0.01666667,0.00090909,1,1
t226193745b,3,secondary_2,x2876798b,x2876798b.0.2,wye,0.01666667,0.00090909,1,1
t228314460c,1,primary,l3253570,l3253570.3,wye,1,0.00090909,1,1
t228314460c,2,secondary_1,x3253570c,x3253570c.1.0,wye,0.01666667,0.00090909,1,1
t228314460c,3,secondary_2,x3253570c,x3253570c.0.2,wye,0.01666667,0.00090909,1,1
t5391977a,1,primary,l3216350,l3216350.1,wye,1,0.00090909,1,1
t5391977a,2,secondary_1,x3216350a,x3216350a.1.0,wye,0.01666667,0.00090909,1,1
t5391977a,3,secondary_2,x3216350a,x3216350a.0.2,wye,0.01666667,0.00090909,1,1
t5321854b,1,primary,l2804257,l2804257.2,wye,1,0.00054545,1,1
t5321854b,2,secondary_1,x2804257b,x2804257b.1.0,wye,0.01666667,0.00054545,1,1
t5321854b,3,secondary_2,x2804257b,x2804257b.0.2,wye,0.01666667,0.00054545,1,1
t5356789c,1,primary,l3048937,l3048937.3,wye,1,0.00054545,1,1
t5356789c,2,secondary_1,x3048937c,x3048937c.1.0,wye,0.01666667,0.00054545,1,1
t5356789c,3,secondary_2,x3048937c,x3048937c.0.2,wye,0.01666667,0.00054545,1,1
t5338973a,1,primary,l2748157,l2748157.1,wye,1,0.00136364,1,1
t5338973a,2,secondary_1,x2748157a,x2748157a.1.0,wye,0.01666667,0.00136364,1,1
t5338973a,3,secondary_2,x2748157a,x2748157a.0.2,wye,0.01666667,0.00136364,1,1
t226193838c,1,primary,l3008237,l3008237.3,wye,1,0.00090909,1,1
t226193838c,2,secondary_1,x3008237c,x3008237c.1.0,wye,0.01666667,0.00090909,1,1
t226193838c,3,secondary_2,x3008237c,x3008237c.0.2,wye,0.01666667,0.00090909,1,1
t5293652a,1,primary,l3235258,l3235258.1,wye,1,0.00054545,1,1
t5293652a,2,secondary_1,x3235258a,x3235258a.1.0,wye,0.01666667,0.00054545,1,1
t5293652a,3,secondary_2,x3235258a,x3235258a.0.2,wye,0.01666667,0.00054545,1,1
t5293652b,1,primary,l3235258,l3235258.2,wye,1,0.00136364,1,1
t5293652b,2,secondary_1,x3235258b,x3235258b.1.0,wye,0.01666667,0.00136364,1,1
t5293652b,3,secondary_2,x3235258b,x3235258b.0.2,wye,0.01666667,0.00136364,1,1
t5293652c,1,primary,l3235258,l3235258.3,wye,1,0.00054545,1,1
t5293652c,2,secondary_1,x3235258c,x3235258c.1.0,wye,0.01666667,0.00054545,1,1
t5293652c,3,secondary_2,x3235258c,x3235258c.0.2,wye,0.01666667,0.00054545,1,1
t5338978c,1,primary,l2766738,l2766738.3,wye,1,0.00090909,1,1
t5338978c,2,secondary_1,x2766738c,x2766738c.1.0,wye,0.01666667,0.00090909,1,1
t5338978c,3,secondary_2,x2766738c,x2766738c.0.2,wye,0.01666667,0.00090909,1,1
t5337703b,1,primary,l2691948,l2691948.2,wye,1,0.00054545,1,1
t5337703b,2,secondary_1,x2691948b,x2691948b.1.0,wye,0.01666667,0.00054545,1,1
t5337703b,3,secondary_2,x2691948b,x2691948b.0.2,wye,0.01666667,0.00054545,1,1
t21393570c,1,primary,l2674052,l2674052.3,wye,1,0.00054545,1,1
t21393570c,2,secondary_1,x2674052c,x2674052c.1.0,wye,0.01666667,0.00054545,1,1
t21393570c,3,secondary_2,x2674052c,x2674052c.0.2,wye,0.01666667,0.00054545,1,1
t0107693b,1,primary,l3160868,l3160868.2,wye,1,0.00090909,1,1
t0107693b,2,secondary_1,x3160868b,x3160868b.1.0,wye,0.01666667,0.00090909,1,1
t0107693b,3,secondary_2,x3160868b,x3160868b.0.2,wye,0.01666667,0.00090909,1,1
t28128464c,1,primary,l3048889,l3048889.3,wye,1,0.00090909,1,1
t28128464c,2,secondary_1,x3048889c,x3048889c.1.0,wye,0.01666667,0.00090909,1,1
t28128464c,3,secondary_2,x3048889c,x3048889c.0.2,wye,0.01666667,0.00090909,1,1
t5260572c,1,primary,l3236004,l3236004.3,wye,1,0.00054545,1,1
t5260572c,2,secondary_1,x3236004c,x3236004c.1.0,wye,0.01666667,0.00054545,1,1
t5260572c,3,secondary_2,x3236004c,x3236004c.0.2,wye,0.01666667,0.00054545,1,1
t5293519b,1,primary,l3235255,l3235255.2,wye,1,0.00018182,1,1
t5293519b,2,secondary_1,x3235255b,x3235255b.1.0,wye,0.01666667,0.00018182,1,1
t5293519b,3,secondary_2,x3235255b,x3235255b.0.2,wye,0.01666667,0.00018182,1,1
t21386157a,1,primary,l3067447,l3067447.1,wye,1,0.00090909,1,1
t21386157a,2,secondary_1,x3067447a,x3067447a.1.0,wye,0.01666667,0.00090909,1,1
t21386157a,3,secondary_2,x3067447a,x3067447a.0.2,wye,0.01666667,0.00090909,1,1
t226163575b,1,primary,l2989432,l2989432.2,wye,1,0.00090909,1,1
t226163575b,2,secondary_1,x2989432b,x2989432b.1.0,wye,0.01666667,0.00090909,1,1
t226163575b,3,secondary_2,x2989432b,x2989432b.0.2,wye,0.01666667,0.00090909,1,1
t5302514a,1,primary,l2973164,l2973164.1,wye,1,0.00036364,1,1
t5302514a,2,secondary_1,x2973164a,x2973164a.1.0,wye,0.01666667,0.00036364,1,1
t5302514a,3,secondary_2,x2973164a,x2973164a.0.2,wye,0.01666667,0.00036364,1,1
t5138343c,1,primary,l3010565,l3010565.3,wye,1,0.00036364,1,1
t5138343c,2,secondary_1,x3010565c,x3010565c.1.0,wye,0.01666667,0.00036364,1,1
t5138343c,3,secondary_2,x3010565c,x3010565c.0.2,wye,0.01666667,0.00036364,1,1
t226192762b,1,primary,l2689678,l2689678.2,wye,1,0.00018182,1,1
t226192762b,2,secondary_1,x2689678b,x2689678b.1.0,wye,0.01666667,0.00018182,1,1
t226192762b,3,secondary_2,x2689678b,x2689678b.0.2,wye,0.01666667,0.00018182,1,1
t5157717b,1,primary,l2748840,l2748840.2,wye,1,0.00054545,1,1
t5157717b,2,secondary_1,x2748840b,x2748840b.1.0,wye,0.01666667,0.00054545,1,1
t5157717b,3,secondary_2,x2748840b,x2748840b.0.2,wye,0.01666667,0.00054545,1,1
t5260602b,1,primary,l2989566,l2989566.2,wye,1,0.00054545,1,1
t5260602b,2,secondary_1,x2989566b,x2989566b.1.0,wye,0.01666667,0.00054545,1,1
t5260602b,3,secondary_2,x2989566b,x2989566b.0.2,wye,0.01666667,0.00054545,1,1
t5138416c,1,primary,l3141388,l3141388.3,wye,1,0.00036364,1,1
t5138416c,2,secondary_1,x3141388c,x3141388c.1.0,wye,0.01666667,0.00036364,1,1
t5138416c,3,secondary_2,x3141388c,x3141388c.0.2,wye,0.01666667,0.00036364,1,1
t21397771a,1,primary,l2673317,l2673317.1,wye,1,0.00054545,1,1
t21397771a,2,secondary_1,x2673317a,x2673317a.1.0,wye,0.01666667,0.00054545,1,1
t21397771a,3,secondary_2,x2673317a,x2673317a.0.2,wye,0.01666667,0.00054545,1,1
t21399171c,1,primary,l2822870,l2822870.3,wye,1,0.00054545,1,1
t21399171c,2,secondary_1,x2822870c,x2822870c.1.0,wye,0.01666667,0.00054545,1,1
t21399171c,3,secondary_2,x2822870c,x2822870c.0.2,wye,0.01666667,0.00054545,1,1
t226191779c,1,primary,l2745799,l2745799.3,wye,1,0.00090909,1,1
t226191779c,2,secondary_1,x2745799c,x2745799c.1.0,wye,0.01666667,0.00090909,1,1
t226191779c,3,secondary_2,x2745799c,x2745799c.0.2,wye,0.01666667,0.00090909,1,1
t5207291c,1,primary,l2786274,l2786274.3,wye,1,0.00090909,1,1
t5207291c,2,secondary_1,x2786274c,x2786274c.1.0,wye,0.01666667,0.00090909,1,1
t5207291c,3,secondary_2,x2786274c,x2786274c.0.2,wye,0.01666667,0.00090909,1,1
t5302679a,1,primary,l2897772,l2897772.1,wye,1,0.00054545,1,1
t5302679a,2,secondary_1,x2897772a,x2897772a.1.0,wye,0.01666667,0.00054545,1,1
t5302679a,3,secondary_2,x2897772a,x2897772a.0.2,wye,0.01666667,0.00054545,1,1
t5441854c,1,primary,l2935566,l2935566.3,wye,1,0.00090909,1,1
t5441854c,2,secondary_1,x2935566c,x2935566c.1.0,wye,0.01666667,0.00090909,1,1
t5441854c,3,secondary_2,x2935566c,x2935566c.0.2,wye,0.01666667,0.00090909,1,1
t228532641a,1,primary,l3091052,l3091052.1,wye,1,0.00136364,1,1
t228532641a,2,secondary_1,x3091052a,x3091052a.1.0,wye,0.01666667,0.00136364,1,1
t228532641a,3,secondary_2,x3091052a,x3091052a.0.2,wye,0.01666667,0.00136364,1,1
t5138776c,1,primary,l3010566,l3010566.3,wye,1,0.00054545,1,1
t5138776c,2,secondary_1,x3010566c,x3010566c.1.0,wye,0.01666667,0.00054545,1,1
t5138776c,3,secondary_2,x3010566c,x3010566c.0.2,wye,0.01666667,0.00054545,1,1
t5302410a,1,primary,l3104131,l3104131.1,wye,1,0.00090909,1,1
t5302410a,2,secondary_1,x3104131a,x3104131a.1.0,wye,0.01666667,0.00090909,1,1
t5302410a,3,secondary_2,x3104131a,x3104131a.0.2,wye,0.01666667,0.00090909,1,1
t5356010a,1,primary,l3216336,l3216336.1,wye,1,0.00090909,1,1
t5356010a,2,secondary_1,x3216336a,x3216336a.1.0,wye,0.01666667,0.00090909,1,1
t5356010a,3,secondary_2,x3216336a,x3216336a.0.2,wye,0.01666667,0.00090909,1,1
t226192994a,1,primary,l2858166,l2858166.1,wye,1,0.00036364,1,1
t226192994a,2,secondary_1,x2858166a,x2858166a.1.0,wye,0.01666667,0.00036364,1,1
t226192994a,3,secondary_2,x2858166a,x2858166a.0.2,wye,0.01666667,0.00036364,1,1
t5337629c,1,primary,l2748128,l2748128.3,wye,1,0.00090909,1,1
t5337629c,2,secondary_1,x2748128c,x2748128c.1.0,wye,0.01666667,0.00090909,1,1
t5337629c,3,secondary_2,x2748128c,x2748128c.0.2,wye,0.01666667,0.00090909,1,1
t5338967c,1,primary,l2673318,l2673318.3,wye,1,0.00090909,1,1
t5338967c,2,secondary_1,x2673318c,x2673318c.1.0,wye,0.01666667,0.00090909,1,1
t5338967c,3,secondary_2,x2673318c,x2673318c.0.2,wye,0.01666667,0.00090909,1,1
t21397304a,1,primary,l2973169,l2973169.1,wye,1,0.00054545,1,1
t21397304a,2,secondary_1,x2973169a,x2973169a.1.0,wye,0.01666667,0.00054545,1,1
t21397304a,3,secondary_2,x2973169a,x2973169a.0.2,wye,0.01666667,0.00054545,1,1
t5310570a,1,primary,l3160106,l3160106.1,wye,1,0.00090909,1,1
t5310570a,2,secondary_1,x3160106a,x3160106a.1.0,wye,0.01666667,0.00090909,1,1
t5310570a,3,secondary_2,x3160106a,x3160106a.0.2,wye,0.01666667,0.00090909,1,1
t5260637c,1,primary,l2842384,l2842384.3,wye,1,0.00036364,1,1
t5260637c,2,secondary_1,x2842384c,x2842384c.1.0,wye,0.01666667,0.00036364,1,1
t5260637c,3,secondary_2,x2842384c,x2842384c.0.2,wye,0.01666667,0.00036364,1,1
t5260577c,1,primary,l2767341,l2767341.3,wye,1,0.00136364,1,1
t5260577c,2,secondary_1,x2767341c,x2767341c.1.0,wye,0.01666667,0.00136364,1,1
t5260577c,3,secondary_2,x2767341c,x2767341c.0.2,wye,0.01666667,0.00136364,1,1
t5293658c,1,primary,l3189188,l3189188.3,wye,1,0.00181818,1,1
t5293658c,2,secondary_1,x3189188c,x3189188c.1.0,wye,0.01666667,0.00181818,1,1
t5293658c,3,secondary_2,x3189188c,x3189188c.0.2,wye,0.01666667,0.00181818,1,1
t21482279a,1,primary,l2710544,l2710544.1,wye,1,0.00054545,1,1
t21482279a,2,secondary_1,x2710544a,x2710544a.1.0,wye,0.01666667,0.00054545,1,1
t21482279a,3,secondary_2,x2710544a,x2710544a.0.2,wye,0.01666667,0.00054545,1,1
t21015706a,1,primary,l3160123,l3160123.1,wye,1,0.00054545,1,1
t21015706a,2,secondary_1,x3160123a,x3160123a.1.0,wye,0.01666667,0.00054545,1,1
t21015706a,3,secondary_2,x3160123a,x3160123a.0.2,wye,0.01666667,0.00054545,1,1
t5355607b,1,primary,l2991927,l2991927.2,wye,1,0.00090909,1,1
t5355607b,2,secondary_1,x2991927b,x2991927b.1.0,wye,0.01666667,0.00090909,1,1
t5355607b,3,secondary_2,x2991927b,x2991927b.0.2,wye,0.01666667,0.00090909,1,1
t21483138a,1,primary,l3122847,l3122847.1,wye,1,0.00054545,1,1
t21483138a,2,secondary_1,x3122847a,x3122847a.1.0,wye,0.01666667,0.00054545,1,1
t21483138a,3,secondary_2,x3122847a,x3122847a.0.2,wye,0.01666667,0.00054545,1,1
t226192492b,1,primary,l3008232,l3008232.2,wye,1,0.00036364,1,1
t226192492b,2,secondary_1,x3008232b,x3008232b.1.0,wye,0.01666667,0.00036364,1,1
t226192492b,3,secondary_2,x3008232b,x3008232b.0.2,wye,0.01666667,0.00036364,1,1
t5260591b,1,primary,l3179607,l3179607.2,wye,1,0.00090909,1,1
t5260591b,2,secondary_1,x3179607b,x3179607b.1.0,wye,0.01666667,0.00090909,1,1
t5260591b,3,secondary_2,x3179607b,x3179607b.0.2,wye,0.01666667,0.00090909,1,1
t5293486c,1,primary,l2673346,l2673346.3,wye,1,0.00090909,1,1
t5293486c,2,secondary_1,x2673346c,x2673346c.1.0,wye,0.01666667,0.00090909,1,1
t5293486c,3,secondary_2,x2673346c,x2673346c.0.2,wye,0.01666667,0.00090909,1,1
t5337690b,1,primary,l3104127,l3104127.2,wye,1,0.00090909,1,1
t5337690b,2,secondary_1,x3104127b,x3104127b.1.0,wye,0.01666667,0.00090909,1,1
t5337690b,3,secondary_2,x3104127b,x3104127b.0.2,wye,0.01666667,0.00090909,1,1
t5356805a,1,primary,l3195321,l3195321.1,wye,1,0.00054545,1,1
t5356805a,2,secondary_1,x3195321a,x3195321a.1.0,wye,0.01666667,0.00054545,1,1
t5356805a,3,secondary_2,x3195321a,x3195321a.0.2,wye,0.01666667,0.00054545,1,1
t5338963c,1,primary,l2673303,l2673303.3,wye,1,0.00054545,1,1
t5338963c,2,secondary_1,x2673303c,x2673303c.1.0,wye,0.01666667,0.00054545,1,1
t5338963c,3,secondary_2,x2673303c,x2673303c.0.2,wye,0.01666667,0.00054545,1,1
t5294789a,1,primary,l2895461,l2895461.1,wye,1,0.00090909,1,1
t5294789a,2,secondary_1,x2895461a,x2895461a.1.0,wye,0.01666667,0.00090909,1,1
t5294789a,3,secondary_2,x2895461a,x2895461a.0.2,wye,0.01666667,0.00090909,1,1
t226192684a,1,primary,l3027116,l3027116.1,wye,1,0.00054545,1,1
t226192684a,2,secondary_1,x3027116a,x3027116a.1.0,wye,0.01666667,0.00054545,1,1
t226192684a,3,secondary_2,x3027116a,x3027116a.0.2,wye,0.01666667,0.00054545,1,1
t21475841a,1,primary,l2992657,l2992657.1,wye,1,0.00090909,1,1
t21475841a,2,secondary_1,x2992657a,x2992657a.1.0,wye,0.01666667,0.00090909,1,1
t21475841a,3,secondary_2,x2992657a,x2992657a.0.2,wye,0.01666667,0.00090909,1,1
t5337642c,1,primary,l3104154,l3104154.3,wye,1,0.00136364,1,1
t5337642c,2,secondary_1,x3104154c,x3104154c.1.0,wye,0.01666667,0.00136364,1,1
t5337642c,3,secondary_2,x3104154c,x3104154c.0.2,wye,0.01666667,0.00136364,1,1
t21451973b,1,primary,l3010580,l3010580.2,wye,1,0.00054545,1,1
t21451973b,2,secondary_1,x3010580b,x3010580b.1.0,wye,0.01666667,0.00054545,1,1
t21451973b,3,secondary_2,x3010580b,x3010580b.0.2,wye,0.01666667,0.00054545,1,1
t2224386863a,1,primary,l3727710,l3727710.1,wye,1,0.00136364,1,1
t2224386863a,2,secondary_1,x3727710a,x3727710a.1.0,wye,0.01666667,0.00136364,1,1
t2224386863a,3,secondary_2,x3727710a,x3727710a.0.2,wye,0.01666667,0.00136364,1,1
t5351021c,1,primary,l2692664,l2692664.3,wye,1,0.00054545,1,1
t5351021c,2,secondary_1,x2692664c,x2692664c.1.0,wye,0.01666667,0.00054545,1,1
t5351021c,3,secondary_2,x2692664c,x2692664c.0.2,wye,0.01666667,0.00054545,1,1
t21384099a,1,primary,l3215385,l3215385.1,wye,1,0.00136364,1,1
t21384099a,2,secondary_1,x3215385a,x3215385a.1.0,wye,0.01666667,0.00136364,1,1
t21384099a,3,secondary_2,x3215385a,x3215385a.0.2,wye,0.01666667,0.00136364,1,1
t21384099b,1,primary,l3215385,l3215385.2,wye,1,0.00181818,1,1
t21384099b,2,secondary_1,x3215385b,x3215385b.1.0,wye,0.01666667,0.00181818,1,1
t21384099b,3,secondary_2,x3215385b,x3215385b.0.2,wye,0.01666667,0.00181818,1,1
t21384099c,1,primary,l3215385,l3215385.3,wye,1,0.00136364,1,1
t21384099c,2,secondary_1,x3215385c,x3215385c.1.0,wye,0.01666667,0.00136364,1,1
t21384099c,3,secondary_2,x3215385c,x3215385c.0.2,wye,0.01666667,0.00136364,1,1
t21397645a,1,primary,l2860493,l2860493.1,wye,1,0.00090909,1,1
t21397645a,2,secondary_1,x2860493a,x2860493a.1.0,wye,0.01666667,0.00090909,1,1
t21397645a,3,secondary_2,x2860493a,x2860493a.0.2,wye,0.01666667,0.00090909,1,1
t227896008c,1,primary,l3177881,l3177881.3,wye,1,0.00090909,1,1
t227896008c,2,secondary_1,x3177881c,x3177881c.1.0,wye,0.01666667,0.00090909,1,1
t227896008c,3,secondary_2,x3177881c,x3177881c.0.2,wye,0.01666667,0.00090909,1,1
t2224386842a,1,primary,l3727709,l3727709.1,wye,1,0.00136364,1,1
t2224386842a,2,secondary_1,x3727709a,x3727709a.1.0,wye,0.01666667,0.00136364,1,1
t2224386842a,3,secondary_2,x3727709a,x3727709a.0.2,wye,0.01666667,0.00136364,1,1
t5138752b,1,primary,l2785528,l2785528.2,wye,1,0.00054545,1,1
t5138752b,2,secondary_1,x2785528b,x2785528b.1.0,wye,0.01666667,0.00054545,1,1
t5138752b,3,secondary_2,x2785528b,x2785528b.0.2,wye,0.01666667,0.00054545,1,1
t5339012b,1,primary,l2973171,l2973171.2,wye,1,0.00090909,1,1
t5339012b,2,secondary_1,x2973171b,x2973171b.1.0,wye,0.01666667,0.00090909,1,1
t5339012b,3,secondary_2,x2973171b,x2973171b.0.2,wye,0.01666667,0.00090909,1,1
t5138412c,1,primary,l2785523,l2785523.3,wye,1,0.00054545,1,1
t5138412c,2,secondary_1,x2785523c,x2785523c.1.0,wye,0.01666667,0.00054545,1,1
t5138412c,3,secondary_2,x2785523c,x2785523c.0.2,wye,0.01666667,0.00054545,1,1
t2224237546a,1,primary,l3649300,l3649300.1,wye,1,0.00136364,1,1
t2224237546a,2,secondary_1,x3649300a,x3649300a.1.0,wye,0.01666667,0.00136364,1,1
t2224237546a,3,secondary_2,x3649300a,x3649300a.0.2,wye,0.01666667,0.00136364,1,1
t5302861c,1,primary,l2748133,l2748133.3,wye,1,0.00054545,1,1
t5302861c,2,secondary_1,x2748133c,x2748133c.1.0,wye,0.01666667,0.00054545,1,1
t5302861c,3,secondary_2,x2748133c,x2748133c.0.2,wye,0.01666667,0.00054545,1,1
t21399630a,1,primary,l3233353,l3233353.1,wye,1,0.00054545,1,1
t21399630a,2,secondary_1,x3233353a,x3233353a.1.0,wye,0.01666667,0.00054545,1,1
t21399630a,3,secondary_2,x3233353a,x3233353a.0.2,wye,0.01666667,0.00054545,1,1
t5337705b,1,primary,l2785547,l2785547.2,wye,1,0.00090909,1,1
t5337705b,2,secondary_1,x2785547b,x2785547b.1.0,wye,0.01666667,0.00090909,1,1
t5337705b,3,secondary_2,x2785547b,x2785547b.0.2,wye,0.01666667,0.00090909,1,1
t5323277b,1,primary,l2897800,l2897800.2,wye,1,0.00036364,1,1
t5323277b,2,secondary_1,x2897800b,x2897800b.1.0,wye,0.01666667,0.00036364,1,1
t5323277b,3,secondary_2,x2897800b,x2897800b.0.2,wye,0.01666667,0.00036364,1,1
t5337652b,1,primary,l2991939,l2991939.2,wye,1,0.00090909,1,1
t5337652b,2,secondary_1,x2991939b,x2991939b.1.0,wye,0.01666667,0.00090909,1,1
t5337652b,3,secondary_2,x2991939b,x2991939b.0.2,wye,0.01666667,0.00090909,1,1
t225571845b,1,primary,l2948732,l2948732.2,wye,1,0.00054545,1,1
t225571845b,2,secondary_1,x2948732b,x2948732b.1.0,wye,0.01666667,0.00054545,1,1
t225571845b,3,secondary_2,x2948732b,x2948732b.0.2,wye,0.01666667,0.00054545,1,1
t5247162b,1,primary,l0247162,l0247162.2,wye,1,0.00054545,1,1
t5247162b,2,secondary_1,x0247162b,x0247162b.1.0,wye,0.01666667,0.00054545,1,1
t5247162b,3,secondary_2,x0247162b,x0247162b.0.2,wye,0.01666667,0.00054545,1,1
t5247126b,1,primary,l2879065,l2879065.2,wye,1,0.00036364,1,1
t5247126b,2,secondary_1,x2879065b,x2879065b.1.0,wye,0.01666667,0.00036364,1,1
t5247126b,3,secondary_2,x2879065b,x2879065b.0.2,wye,0.01666667,0.00036364,1,1
t5138561a,1,primary,l3104121,l3104121.1,wye,1,0.00090909,1,1
t5138561a,2,secondary_1,x3104121a,x3104121a.1.0,wye,0.01666667,0.00090909,1,1
t5138561a,3,secondary_2,x3104121a,x3104121a.0.2,wye,0.01666667,0.00090909,1,1
t5293425a,1,primary,l2763153,l2763153.1,wye,1,0.00090909,1,1
t5293425a,2,secondary_1,x2763153a,x2763153a.1.0,wye,0.01666667,0.00090909,1,1
t5293425a,3,secondary_2,x2763153a,x2763153a.0.2,wye,0.01666667,0.00090909,1,1
t5294786c,1,primary,l2766724,l2766724.3,wye,1,0.00054545,1,1
t5294786c,2,secondary_1,x2766724c,x2766724c.1.0,wye,0.01666667,0.00054545,1,1
t5294786c,3,secondary_2,x2766724c,x2766724c.0.2,wye,0.01666667,0.00054545,1,1
t5260491c,1,primary,l2805031,l2805031.3,wye,1,0.00136364,1,1
t5260491c,2,secondary_1,x2805031c,x2805031c.1.0,wye,0.01666667,0.00136364,1,1
t5260491c,3,secondary_2,x2805031c,x2805031c.0.2,wye,0.01666667,0.00136364,1,1
t5275248b,1,primary,l2805036,l2805036.2,wye,1,0.00036364,1,1
t5275248b,2,secondary_1,x2805036b,x2805036b.1.0,wye,0.01666667,0.00036364,1,1
t5275248b,3,secondary_2,x2805036b,x2805036b.0.2,wye,0.01666667,0.00036364,1,1
t5339044c,1,primary,l3197625,l3197625.3,wye,1,0.00054545,1,1
t5339044c,2,secondary_1,x3197625c,x3197625c.1.0,wye,0.01666667,0.00054545,1,1
t5339044c,3,secondary_2,x3197625c,x3197625c.0.2,wye,0.01666667,0.00054545,1,1
t5356810c,1,primary,l3142049,l3142049.3,wye,1,0.00036364,1,1
t5356810c,2,secondary_1,x3142049c,x3142049c.1.0,wye,0.01666667,0.00036364,1,1
t5356810c,3,secondary_2,x3142049c,x3142049c.0.2,wye,0.01666667,0.00036364,1,1
t2223703238c,1,primary,l3342743,l3342743.3,wye,1,0.00036364,1,1
t2223703238c,2,secondary_1,x3342743c,x3342743c.1.0,wye,0.01666667,0.00036364,1,1
t2223703238c,3,secondary_2,x3342743c,x3342743c.0.2,wye,0.01666667,0.00036364,1,1
t28044328c,1,primary,l2785524,l2785524.3,wye,1,0.00054545,1,1
t28044328c,2,secondary_1,x2785524c,x2785524c.1.0,wye,0.01666667,0.00054545,1,1
t28044328c,3,secondary_2,x2785524c,x2785524c.0.2,wye,0.01666667,0.00054545,1,1
t5293665c,1,primary,l2973166,l2973166.3,wye,1,0.00090909,1,1
t5293665c,2,secondary_1,x2973166c,x2973166c.1.0,wye,0.01666667,0.00090909,1,1
t5293665c,3,secondary_2,x2973166c,x2973166c.0.2,wye,0.01666667,0.00090909,1,1
t225533675b,1,primary,l3225319,l3225319.2,wye,1,0.00136364,1,1
t225533675b,2,secondary_1,x3225319b,x3225319b.1.0,wye,0.01666667,0.00136364,1,1
t225533675b,3,secondary_2,x3225319b,x3225319b.0.2,wye,0.01666667,0.00136364,1,1
t226191850a,1,primary,l3270814,l3270814.1,wye,1,0.00090909,1,1
t226191850a,2,secondary_1,x3270814a,x3270814a.1.0,wye,0.01666667,0.00090909,1,1
t226191850a,3,secondary_2,x3270814a,x3270814a.0.2,wye,0.01666667,0.00090909,1,1
t5338899c,1,primary,l3122814,l3122814.3,wye,1,0.00054545,1,1
t5338899c,2,secondary_1,x3122814c,x3122814c.1.0,wye,0.01666667,0.00054545,1,1
t5338899c,3,secondary_2,x3122814c,x3122814c.0.2,wye,0.01666667,0.00054545,1,1
t5337628c,1,primary,l2897770,l2897770.3,wye,1,0.00090909,1,1
t5337628c,2,secondary_1,x2897770c,x2897770c.1.0,wye,0.01666667,0.00090909,1,1
t5337628c,3,secondary_2,x2897770c,x2897770c.0.2,wye,0.01666667,0.00090909,1,1
t5355767b,1,primary,l3197634,l3197634.2,wye,1,0.00136364,1,1
t5355767b,2,secondary_1,x3197634b,x3197634b.1.0,wye,0.01666667,0.00136364,1,1
t5355767b,3,secondary_2,x3197634b,x3197634b.0.2,wye,0.01666667,0.00136364,1,1
t0107636a,1,primary,l3030204,l3030204.1,wye,1,0.00090909,1,1
t0107636a,2,secondary_1,x3030204a,x3030204a.1.0,wye,0.01666667,0.00090909,1,1
t0107636a,3,secondary_2,x3030204a,x3030204a.0.2,wye,0.01666667,0.00090909,1,1
t226308729b,1,primary,l3102286,l3102286.2,wye,1,0.00272727,1,1
t226308729b,2,secondary_1,x3102286b,x3102286b.1.0,wye,0.01666667,0.00272727,1,1
t226308729b,3,secondary_2,x3102286b,x3102286b.0.2,wye,0.01666667,0.00272727,1,1
t226195333c,1,primary,l2801909,l2801909.3,wye,1,0.00036364,1,1
t226195333c,2,secondary_1,x2801909c,x2801909c.1.0,wye,0.01666667,0.00036364,1,1
t226195333c,3,secondary_2,x2801909c,x2801909c.0.2,wye,0.01666667,0.00036364,1,1
t5337669a,1,primary,l3122811,l3122811.1,wye,1,0.00090909,1,1
t5337669a,2,secondary_1,x3122811a,x3122811a.1.0,wye,0.01666667,0.00090909,1,1
t5337669a,3,secondary_2,x3122811a,x3122811a.0.2,wye,0.01666667,0.00090909,1,1
t5338942a,1,primary,l2822869,l2822869.1,wye,1,0.00090909,1,1
t5338942a,2,secondary_1,x2822869a,x2822869a.1.0,wye,0.01666667,0.00090909,1,1
t5338942a,3,secondary_2,x2822869a,x2822869a.0.2,wye,0.01666667,0.00090909,1,1
t21474556a,1,primary,l3086098,l3086098.1,wye,1,0.00181818,1,1
t21474556a,2,secondary_1,x3086098a,x3086098a.1.0,wye,0.01666667,0.00181818,1,1
t21474556a,3,secondary_2,x3086098a,x3086098a.0.2,wye,0.01666667,0.00181818,1,1
t225897846a,1,primary,l3120504,l3120504.1,wye,1,0.00054545,1,1
t225897846a,2,secondary_1,x3120504a,x3120504a.1.0,wye,0.01666667,0.00054545,1,1
t225897846a,3,secondary_2,x3120504a,x3120504a.0.2,wye,0.01666667,0.00054545,1,1
t2224386889a,1,primary,l3727712,l3727712.1,wye,1,0.00090909,1,1
t2224386889a,2,secondary_1,x3727712a,x3727712a.1.0,wye,0.01666667,0.00090909,1,1
t2224386889a,3,secondary_2,x3727712a,x3727712a.0.2,wye,0.01666667,0.00090909,1,1
t5294842a,1,primary,l3101789,l3101789.1,wye,1,0.00090909,1,1
t5294842a,2,secondary_1,x3101789a,x3101789a.1.0,wye,0.01666667,0.00090909,1,1
t5294842a,3,secondary_2,x3101789a,x3101789a.0.2,wye,0.01666667,0.00090909,1,1
t5138647c,1,primary,l3254210,l3254210.3,wye,1,0.00054545,1,1
t5138647c,2,secondary_1,x3254210c,x3254210c.1.0,wye,0.01666667,0.00054545,1,1
t5138647c,3,secondary_2,x3254210c,x3254210c.0.2,wye,0.01666667,0.00054545,1,1
t5260464a,1,primary,l2730187,l2730187.1,wye,1,0.00136364,1,1
t5260464a,2,secondary_1,x2730187a,x2730187a.1.0,wye,0.01666667,0.00136364,1,1
t5260464a,3,secondary_2,x2730187a,x2730187a.0.2,wye,0.01666667,0.00136364,1,1
t5337648b,1,primary,l3216367,l3216367.2,wye,1,0.00090909,1,1
t5337648b,2,secondary_1,x3216367b,x3216367b.1.0,wye,0.01666667,0.00090909,1,1
t5337648b,3,secondary_2,x3216367b,x3216367b.0.2,wye,0.01666667,0.00090909,1,1
t5275000c,1,primary,l2710509,l2710509.3,wye,1,0.00054545,1,1
t5275000c,2,secondary_1,x2710509c,x2710509c.1.0,wye,0.01666667,0.00054545,1,1
t5275000c,3,secondary_2,x2710509c,x2710509c.0.2,wye,0.01666667,0.00054545,1,1
t5337674a,1,primary,l3066805,l3066805.1,wye,1,0.00090909,1,1
t5337674a,2,secondary_1,x3066805a,x3066805a.1.0,wye,0.01666667,0.00090909,1,1
t5337674a,3,secondary_2,x3066805a,x3066805a.0.2,wye,0.01666667,0.00090909,1,1
t5338932c,1,primary,l3197661,l3197661.3,wye,1,0.00054545,1,1
t5338932c,2,secondary_1,x3197661c,x3197661c.1.0,wye,0.01666667,0.00054545,1,1
t5338932c,3,secondary_2,x3197661c,x3197661c.0.2,wye,0.01666667,0.00054545,1,1
t5356793c,1,primary,l3179608,l3179608.3,wye,1,0.00136364,1,1
t5356793c,2,secondary_1,x3179608c,x3179608c.1.0,wye,0.01666667,0.00136364,1,1
t5356793c,3,secondary_2,x3179608c,x3179608c.0.2,wye,0.01666667,0.00136364,1,1
t228549643a,1,primary,l2916234,l2916234.1,wye,1,0.00036364,1,1
t228549643a,2,secondary_1,x2916234a,x2916234a.1.0,wye,0.01666667,0.00036364,1,1
t228549643a,3,secondary_2,x2916234a,x2916234a.0.2,wye,0.01666667,0.00036364,1,1
t5302471a,1,primary,l3085402,l3085402.1,wye,1,0.00136364,1,1
t5302471a,2,secondary_1,x3085402a,x3085402a.1.0,wye,0.01666667,0.00136364,1,1
t5302471a,3,secondary_2,x3085402a,x3085402a.0.2,wye,0.01666667,0.00136364,1,1
t225897943c,1,primary,l2875754,l2875754.3,wye,1,0.00181818,1,1
t225897943c,2,secondary_1,x2875754c,x2875754c.1.0,wye,0.01666667,0.00181818,1,1
t225897943c,3,secondary_2,x2875754c,x2875754c.0.2,wye,0.01666667,0.00181818,1,1
t5355590b,1,primary,l2860478,l2860478.2,wye,1,0.00054545,1,1
t5355590b,2,secondary_1,x2860478b,x2860478b.1.0,wye,0.01666667,0.00054545,1,1
t5355590b,3,secondary_2,x2860478b,x2860478b.0.2,wye,0.01666667,0.00054545,1,1
t5247164b,1,primary,l2766732,l2766732.2,wye,1,0.00036364,1,1
t5247164b,2,secondary_1,x2766732b,x2766732b.1.0,wye,0.01666667,0.00036364,1,1
t5247164b,3,secondary_2,x2766732b,x2766732b.0.2,wye,0.01666667,0.00036364,1,1
t5207288b,1,primary,l3198355,l3198355.2,wye,1,0.00036364,1,1
t5207288b,2,secondary_1,x3198355b,x3198355b.1.0,wye,0.01666667,0.00036364,1,1
t5207288b,3,secondary_2,x3198355b,x3198355b.0.2,wye,0.01666667,0.00036364,1,1
t227895952a,1,primary,l3065665,l3065665.1,wye,1,0.00090909,1,1
t227895952a,2,secondary_1,x3065665a,x3065665a.1.0,wye,0.01666667,0.00090909,1,1
t227895952a,3,secondary_2,x3065665a,x3065665a.0.2,wye,0.01666667,0.00090909,1,1
t21148701b,1,primary,l2897771,l2897771.2,wye,1,0.00054545,1,1
t21148701b,2,secondary_1,x2897771b,x2897771b.1.0,wye,0.01666667,0.00054545,1,1
t21148701b,3,secondary_2,x2897771b,x2897771b.0.2,wye,0.01666667,0.00054545,1,1
t5138294b,1,primary,l2785516,l2785516.2,wye,1,0.00054545,1,1
t5138294b,2,secondary_1,x2785516b,x2785516b.1.0,wye,0.01666667,0.00054545,1,1
t5138294b,3,secondary_2,x2785516b,x2785516b.0.2,wye,0.01666667,0.00054545,1,1
t22112168866c,1,primary,l2729206,l2729206.3,wye,1,0.00136364,1,1
t22112168866c,2,secondary_1,x2729206c,x2729206c.1.0,wye,0.01666667,0.00136364,1,1
t22112168866c,3,secondary_2,x2729206c,x2729206c.0.2,wye,0.01666667,0.00136364,1,1
t226192185a,1,primary,l3195310,l3195310.1,wye,1,0.00090909,1,1
t226192185a,2,secondary_1,x3195310a,x3195310a.1.0,wye,0.01666667,0.00090909,1,1
t226192185a,3,secondary_2,x3195310a,x3195310a.0.2,wye,0.01666667,0.00090909,1,1
t21458756c,1,primary,l3232301,l3232301.3,wye,1,0.00272727,1,1
t21458756c,2,secondary_1,x3232301c,x3232301c.1.0,wye,0.01666667,0.00272727,1,1
t21458756c,3,secondary_2,x3232301c,x3232301c.0.2,wye,0.01666667,0.00272727,1,1
t5260624c,1,primary,l3048946,l3048946.3,wye,1,0.00054545,1,1
t5260624c,2,secondary_1,x3048946c,x3048946c.1.0,wye,0.01666667,0.00054545,1,1
t5260624c,3,secondary_2,x3048946c,x3048946c.0.2,wye,0.01666667,0.00054545,1,1
t5251867c,1,primary,l2861157,l2861157.3,wye,1,0.00090909,1,1
t5251867c,2,secondary_1,x2861157c,x2861157c.1.0,wye,0.01666667,0.00090909,1,1
t5251867c,3,secondary_2,x2861157c,x2861157c.0.2,wye,0.01666667,0.00090909,1,1
t228580047b,1,primary,l3029183,l3029183.2,wye,1,0.00054545,1,1
t228580047b,2,secondary_1,x3029183b,x3029183b.1.0,wye,0.01666667,0.00054545,1,1
t228580047b,3,secondary_2,x3029183b,x3029183b.0.2,wye,0.01666667,0.00054545,1,1
t5138684a,1,primary,l3085396,l3085396.1,wye,1,0.00090909,1,1
t5138684a,2,secondary_1,x3085396a,x3085396a.1.0,wye,0.01666667,0.00090909,1,1
t5138684a,3,secondary_2,x3085396a,x3085396a.0.2,wye,0.01666667,0.00090909,1,1
t5138570a,1,primary,l2748146,l2748146.1,wye,1,0.00054545,1,1
t5138570a,2,secondary_1,x2748146a,x2748146a.1.0,wye,0.01666667,0.00054545,1,1
t5138570a,3,secondary_2,x2748146a,x2748146a.0.2,wye,0.01666667,0.00054545,1,1
t21399361b,1,primary,l2691954,l2691954.2,wye,1,0.00090909,1,1
t21399361b,2,secondary_1,x2691954b,x2691954b.1.0,wye,0.01666667,0.00090909,1,1
t21399361b,3,secondary_2,x2691954b,x2691954b.0.2,wye,0.01666667,0.00090909,1,1
t226193134c,1,primary,l2895449,l2895449.3,wye,1,0.00090909,1,1
t226193134c,2,secondary_1,x2895449c,x2895449c.1.0,wye,0.01666667,0.00090909,1,1
t226193134c,3,secondary_2,x2895449c,x2895449c.0.2,wye,0.01666667,0.00090909,1,1
t5138258c,1,primary,l2991911,l2991911.3,wye,1,0.00054545,1,1
t5138258c,2,secondary_1,x2991911c,x2991911c.1.0,wye,0.01666667,0.00054545,1,1
t5138258c,3,secondary_2,x2991911c,x2991911c.0.2,wye,0.01666667,0.00054545,1,1
t5293609c,1,primary,l2785515,l2785515.3,wye,1,0.00090909,1,1
t5293609c,2,secondary_1,x2785515c,x2785515c.1.0,wye,0.01666667,0.00090909,1,1
t5293609c,3,secondary_2,x2785515c,x2785515c.0.2,wye,0.01666667,0.00090909,1,1
t5355938a,1,primary,l2804262,l2804262.1,wye,1,0.00054545,1,1
t5355938a,2,secondary_1,x2804262a,x2804262a.1.0,wye,0.01666667,0.00054545,1,1
t5355938a,3,secondary_2,x2804262a,x2804262a.0.2,wye,0.01666667,0.00054545,1,1
t5247160b,1,primary,l0247160,l0247160.2,wye,1,0.00054545,1,1
t5247160b,2,secondary_1,x0247160b,x0247160b.1.0,wye,0.01666667,0.00054545,1,1
t5247160b,3,secondary_2,x0247160b,x0247160b.0.2,wye,0.01666667,0.00054545,1,1
t5338975a,1,primary,l2785537,l2785537.1,wye,1,0.00054545,1,1
t5338975a,2,secondary_1,x2785537a,x2785537a.1.0,wye,0.01666667,0.00054545,1,1
t5338975a,3,secondary_2,x2785537a,x2785537a.0.2,wye,0.01666667,0.00054545,1,1
t5302860c,1,primary,l3122819,l3122819.3,wye,1,0.00136364,1,1
t5302860c,2,secondary_1,x3122819c,x3122819c.1.0,wye,0.01666667,0.00136364,1,1
t5302860c,3,secondary_2,x3122819c,x3122819c.0.2,wye,0.01666667,0.00136364,1,1
t5355598b,1,primary,l2804245,l2804245.2,wye,1,0.00090909,1,1
t5355598b,2,secondary_1,x2804245b,x2804245b.1.0,wye,0.01666667,0.00090909,1,1
t5355598b,3,secondary_2,x2804245b,x2804245b.0.2,wye,0.01666667,0.00090909,1,1
t5323254b,1,primary,l2879068,l2879068.2,wye,1,0.00090909,1,1
t5323254b,2,secondary_1,x2879068b,x2879068b.1.0,wye,0.01666667,0.00090909,1,1
t5323254b,3,secondary_2,x2879068b,x2879068b.0.2,wye,0.01666667,0.00090909,1,1
t21391242b,1,primary,l2767409,l2767409.2,wye,1,0.00090909,1,1
t21391242b,2,secondary_1,x2767409b,x2767409b.1.0,wye,0.01666667,0.00090909,1,1
t21391242b,3,secondary_2,x2767409b,x2767409b.0.2,wye,0.01666667,0.00090909,1,1
t225533162a,1,primary,l2685809,l2685809.1,wye,1,0.00054545,1,1
t225533162a,2,secondary_1,x2685809a,x2685809a.1.0,wye,0.01666667,0.00054545,1,1
t225533162a,3,secondary_2,x2685809a,x2685809a.0.2,wye,0.01666667,0.00054545,1,1
t5138585c,1,primary,l3197637,l3197637.3,wye,1,0.00036364,1,1
t5138585c,2,secondary_1,x3197637c,x3197637c.1.0,wye,0.01666667,0.00036364,1,1
t5138585c,3,secondary_2,x3197637c,x3197637c.0.2,wye,0.01666667,0.00036364,1,1
t5138751b,1,primary,l3066818,l3066818.2,wye,1,0.00090909,1,1
t5138751b,2,secondary_1,x3066818b,x3066818b.1.0,wye,0.01666667,0.00090909,1,1
t5138751b,3,secondary_2,x3066818b,x3066818b.0.2,wye,0.01666667,0.00090909,1,1
t225906836c,1,primary,l2763407,l2763407.3,wye,1,0.00090909,1,1
t225906836c,2,secondary_1,x2763407c,x2763407c.1.0,wye,0.01666667,0.00090909,1,1
t225906836c,3,secondary_2,x2763407c,x2763407c.0.2,wye,0.01666667,0.00090909,1,1
t5260527b,1,primary,l2711226,l2711226.2,wye,1,0.00090909,1,1
t5260527b,2,secondary_1,x2711226b,x2711226b.1.0,wye,0.01666667,0.00090909,1,1
t5260527b,3,secondary_2,x2711226b,x2711226b.0.2,wye,0.01666667,0.00090909,1,1
t5338947b,1,primary,l3160109,l3160109.2,wye,1,0.00090909,1,1
t5338947b,2,secondary_1,x3160109b,x3160109b.1.0,wye,0.01666667,0.00090909,1,1
t5338947b,3,secondary_2,x3160109b,x3160109b.0.2,wye,0.01666667,0.00090909,1,1
t5321839a,1,primary,l2710516,l2710516.1,wye,1,0.00090909,1,1
t5321839a,2,secondary_1,x2710516a,x2710516a.1.0,wye,0.01666667,0.00090909,1,1
t5321839a,3,secondary_2,x2710516a,x2710516a.0.2,wye,0.01666667,0.00090909,1,1
t5293591a,1,primary,l3197641,l3197641.1,wye,1,0.00054545,1,1
t5293591a,2,secondary_1,x3197641a,x3197641a.1.0,wye,0.01666667,0.00054545,1,1
t5293591a,3,secondary_2,x3197641a,x3197641a.0.2,wye,0.01666667,0.00054545,1,1
t5302805c,1,primary,l2954351,l2954351.3,wye,1,0.00054545,1,1
t5302805c,2,secondary_1,x2954351c,x2954351c.1.0,wye,0.01666667,0.00054545,1,1
t5302805c,3,secondary_2,x2954351c,x2954351c.0.2,wye,0.01666667,0.00054545,1,1
t5338993b,1,primary,l2804272,l2804272.2,wye,1,0.00054545,1,1
t5338993b,2,secondary_1,x2804272b,x2804272b.1.0,wye,0.01666667,0.00054545,1,1
t5338993b,3,secondary_2,x2804272b,x2804272b.0.2,wye,0.01666667,0.00054545,1,1
t5138566a,1,primary,l2785519,l2785519.1,wye,1,0.00090909,1,1
t5138566a,2,secondary_1,x2785519a,x2785519a.1.0,wye,0.01666667,0.00090909,1,1
t5138566a,3,secondary_2,x2785519a,x2785519a.0.2,wye,0.01666667,0.00090909,1,1
t5356797c,1,primary,l2955006,l2955006.3,wye,1,0.00090909,1,1
t5356797c,2,secondary_1,x2955006c,x2955006c.1.0,wye,0.01666667,0.00090909,1,1
t5356797c,3,secondary_2,x2955006c,x2955006c.0.2,wye,0.01666667,0.00090909,1,1
t5338924c,1,primary,l3104123,l3104123.3,wye,1,0.00054545,1,1
t5338924c,2,secondary_1,x3104123c,x3104123c.1.0,wye,0.01666667,0.00054545,1,1
t5338924c,3,secondary_2,x3104123c,x3104123c.0.2,wye,0.01666667,0.00054545,1,1
t5293655a,1,primary,l2729414,l2729414.1,wye,1,0.00090909,1,1
t5293655a,2,secondary_1,x2729414a,x2729414a.1.0,wye,0.01666667,0.00090909,1,1
t5293655a,3,secondary_2,x2729414a,x2729414a.0.2,wye,0.01666667,0.00090909,1,1
t5293655b,1,primary,l2729414,l2729414.2,wye,1,0.00090909,1,1
t5293655b,2,secondary_1,x2729414b,x2729414b.1.0,wye,0.01666667,0.00090909,1,1
t5293655b,3,secondary_2,x2729414b,x2729414b.0.2,wye,0.01666667,0.00090909,1,1
t5293655c,1,primary,l2729414,l2729414.3,wye,1,0.00090909,1,1
t5293655c,2,secondary_1,x2729414c,x2729414c.1.0,wye,0.01666667,0.00090909,1,1
t5293655c,3,secondary_2,x2729414c,x2729414c.0.2,wye,0.01666667,0.00090909,1,1
t5260643a,1,primary,l2692660,l2692660.1,wye,1,0.00181818,1,1
t5260643a,2,secondary_1,x2692660a,x2692660a.1.0,wye,0.01666667,0.00181818,1,1
t5260643a,3,secondary_2,x2692660a,x2692660a.0.2,wye,0.01666667,0.00181818,1,1
t5338987a,1,primary,l2897793,l2897793.1,wye,1,0.00036364,1,1
t5338987a,2,secondary_1,x2897793a,x2897793a.1.0,wye,0.01666667,0.00036364,1,1
t5338987a,3,secondary_2,x2897793a,x2897793a.0.2,wye,0.01666667,0.00036364,1,1
t5302807c,1,primary,l3235266,l3235266.3,wye,1,0.00090909,1,1
t5302807c,2,secondary_1,x3235266c,x3235266c.1.0,wye,0.01666667,0.00090909,1,1
t5302807c,3,secondary_2,x3235266c,x3235266c.0.2,wye,0.01666667,0.00090909,1,1
t227917122a,1,primary,l2915534,l2915534.1,wye,1,0.00136364,1,1
t227917122a,2,secondary_1,x2915534a,x2915534a.1.0,wye,0.01666667,0.00136364,1,1
t227917122a,3,secondary_2,x2915534a,x2915534a.0.2,wye,0.01666667,0.00136364,1,1
t28127372a,1,primary,l2804259,l2804259.1,wye,1,0.00090909,1,1
t28127372a,2,secondary_1,x2804259a,x2804259a.1.0,wye,0.01666667,0.00090909,1,1
t28127372a,3,secondary_2,x2804259a,x2804259a.0.2,wye,0.01666667,0.00090909,1,1
t226192493b,1,primary,l2764399,l2764399.2,wye,1,0.00054545,1,1
t226192493b,2,secondary_1,x2764399b,x2764399b.1.0,wye,0.01666667,0.00054545,1,1
t226192493b,3,secondary_2,x2764399b,x2764399b.0.2,wye,0.01666667,0.00054545,1,1
t5337635c,1,primary,l2822863,l2822863.3,wye,1,0.00036364,1,1
t5337635c,2,secondary_1,x2822863c,x2822863c.1.0,wye,0.01666667,0.00036364,1,1
t5337635c,3,secondary_2,x2822863c,x2822863c.0.2,wye,0.01666667,0.00036364,1,1
t5218475a,1,primary,l3217057,l3217057.1,wye,1,0.00036364,1,1
t5218475a,2,secondary_1,x3217057a,x3217057a.1.0,wye,0.01666667,0.00036364,1,1
t5218475a,3,secondary_2,x3217057a,x3217057a.0.2,wye,0.01666667,0.00036364,1,1
t227760024a,1,primary,l3215203,l3215203.1,wye,1,0.00181818,1,1
t227760024a,2,secondary_1,x3215203a,x3215203a.1.0,wye,0.01666667,0.00181818,1,1
t227760024a,3,secondary_2,x3215203a,x3215203a.0.2,wye,0.01666667,0.00181818,1,1
t227760024b,1,primary,l3215203,l3215203.2,wye,1,0.00181818,1,1
t227760024b,2,secondary_1,x3215203b,x3215203b.1.0,wye,0.01666667,0.00181818,1,1
t227760024b,3,secondary_2,x3215203b,x3215203b.0.2,wye,0.01666667,0.00181818,1,1
t227760024c,1,primary,l3215203,l3215203.3,wye,1,0.00181818,1,1
t227760024c,2,secondary_1,x3215203c,x3215203c.1.0,wye,0.01666667,0.00181818,1,1
t227760024c,3,secondary_2,x3215203c,x3215203c.0.2,wye,0.01666667,0.00181818,1,1
t21399305a,1,primary,l3048221,l3048221.1,wye,1,0.00090909,1,1
t21399305a,2,secondary_1,x3048221a,x3048221a.1.0,wye,0.01666667,0.00090909,1,1
t21399305a,3,secondary_2,x3048221a,x3048221a.0.2,wye,0.01666667,0.00090909,1,1
t5260517c,1,primary,l2767408,l2767408.3,wye,1,0.00054545,1,1
t5260517c,2,secondary_1,x2767408c,x2767408c.1.0,wye,0.01666667,0.00054545,1,1
t5260517c,3,secondary_2,x2767408c,x2767408c.0.2,wye,0.01666667,0.00054545,1,1
t21397121c,1,primary,l3122848,l3122848.3,wye,1,0.00054545,1,1
t21397121c,2,secondary_1,x3122848c,x3122848c.1.0,wye,0.01666667,0.00054545,1,1
t21397121c,3,secondary_2,x3122848c,x3122848c.0.2,wye,0.01666667,0.00054545,1,1
t21399099a,1,primary,l2841635,l2841635.1,wye,1,0.00054545,1,1
t21399099a,2,secondary_1,x2841635a,x2841635a.1.0,wye,0.01666667,0.00054545,1,1
t21399099a,3,secondary_2,x2841635a,x2841635a.0.2,wye,0.01666667,0.00054545,1,1
t5302375b,1,primary,l2973162,l2973162.2,wye,1,0.00054545,1,1
t5302375b,2,secondary_1,x2973162b,x2973162b.1.0,wye,0.01666667,0.00054545,1,1
t5302375b,3,secondary_2,x2973162b,x2973162b.0.2,wye,0.01666667,0.00054545,1,1
t5338953b,1,primary,l3122821,l3122821.2,wye,1,0.00090909,1,1
t5338953b,2,secondary_1,x3122821b,x3122821b.1.0,wye,0.01666667,0.00090909,1,1
t5338953b,3,secondary_2,x3122821b,x3122821b.0.2,wye,0.01666667,0.00090909,1,1
t5260574c,1,primary,l3123452,l3123452.3,wye,1,0.00090909,1,1
t5260574c,2,secondary_1,x3123452c,x3123452c.1.0,wye,0.01666667,0.00090909,1,1
t5260574c,3,secondary_2,x3123452c,x3123452c.0.2,wye,0.01666667,0.00090909,1,1
t5391992a,1,primary,l3029500,l3029500.1,wye,1,0.00090909,1,1
t5391992a,2,secondary_1,x3029500a,x3029500a.1.0,wye,0.01666667,0.00090909,1,1
t5391992a,3,secondary_2,x3029500a,x3029500a.0.2,wye,0.01666667,0.00090909,1,1
t5323264b,1,primary,l3216344,l3216344.2,wye,1,0.00181818,1,1
t5323264b,2,secondary_1,x3216344b,x3216344b.1.0,wye,0.01666667,0.00181818,1,1
t5323264b,3,secondary_2,x3216344b,x3216344b.0.2,wye,0.01666667,0.00181818,1,1
t5338962c,1,primary,l2748125,l2748125.3,wye,1,0.00090909,1,1
t5338962c,2,secondary_1,x2748125c,x2748125c.1.0,wye,0.01666667,0.00090909,1,1
t5338962c,3,secondary_2,x2748125c,x2748125c.0.2,wye,0.01666667,0.00090909,1,1
t5138755b,1,primary,l2785520,l2785520.2,wye,1,0.00036364,1,1
t5138755b,2,secondary_1,x2785520b,x2785520b.1.0,wye,0.01666667,0.00036364,1,1
t5138755b,3,secondary_2,x2785520b,x2785520b.0.2,wye,0.01666667,0.00036364,1,1
t5338956a,1,primary,l3104119,l3104119.1,wye,1,0.00090909,1,1
t5338956a,2,secondary_1,x3104119a,x3104119a.1.0,wye,0.01666667,0.00090909,1,1
t5338956a,3,secondary_2,x3104119a,x3104119a.0.2,wye,0.01666667,0.00090909,1,1
t5310568a,1,primary,l2710517,l2710517.1,wye,1,0.00054545,1,1
t5310568a,2,secondary_1,x2710517a,x2710517a.1.0,wye,0.01666667,0.00054545,1,1
t5310568a,3,secondary_2,x2710517a,x2710517a.0.2,wye,0.01666667,0.00054545,1,1
t5337647a,1,primary,l3048227,l3048227.1,wye,1,0.00090909,1,1
t5337647a,2,secondary_1,x3048227a,x3048227a.1.0,wye,0.01666667,0.00090909,1,1
t5337647a,3,secondary_2,x3048227a,x3048227a.0.2,wye,0.01666667,0.00090909,1,1
t28120195b,1,primary,l3048209,l3048209.2,wye,1,0.00090909,1,1
t28120195b,2,secondary_1,x3048209b,x3048209b.1.0,wye,0.01666667,0.00090909,1,1
t28120195b,3,secondary_2,x3048209b,x3048209b.0.2,wye,0.01666667,0.00090909,1,1
t5293521a,1,primary,l3216370,l3216370.1,wye,1,0.00036364,1,1
t5293521a,2,secondary_1,x3216370a,x3216370a.1.0,wye,0.01666667,0.00036364,1,1
t5293521a,3,secondary_2,x3216370a,x3216370a.0.2,wye,0.01666667,0.00036364,1,1
t5293521b,1,primary,l3216370,l3216370.2,wye,1,0.00036364,1,1
t5293521b,2,secondary_1,x3216370b,x3216370b.1.0,wye,0.01666667,0.00036364,1,1
t5293521b,3,secondary_2,x3216370b,x3216370b.0.2,wye,0.01666667,0.00036364,1,1
t5293521c,1,primary,l3216370,l3216370.3,wye,1,0.00036364,1,1
t5293521c,2,secondary_1,x3216370c,x3216370c.1.0,wye,0.01666667,0.00036364,1,1
t5293521c,3,secondary_2,x3216370c,x3216370c.0.2,wye,0.01666667,0.00036364,1,1
t5302677a,1,primary,l3066819,l3066819.1,wye,1,0.00090909,1,1
t5302677a,2,secondary_1,x3066819a,x3066819a.1.0,wye,0.01666667,0.00090909,1,1
t5302677a,3,secondary_2,x3066819a,x3066819a.0.2,wye,0.01666667,0.00090909,1,1
t5355778c,1,primary,l2673314,l2673314.3,wye,1,0.00036364,1,1
t5355778c,2,secondary_1,x2673314c,x2673314c.1.0,wye,0.01666667,0.00036364,1,1
t5355778c,3,secondary_2,x2673314c,x2673314c.0.2,wye,0.01666667,0.00036364,1,1
t5302369b,1,primary,l3197643,l3197643.2,wye,1,0.00090909,1,1
t5302369b,2,secondary_1,x3197643b,x3197643b.1.0,wye,0.01666667,0.00090909,1,1
t5302369b,3,secondary_2,x3197643b,x3197643b.0.2,wye,0.01666667,0.00090909,1,1
t227917130c,1,primary,l2803194,l2803194.3,wye,1,0.00136364,1,1
t227917130c,2,secondary_1,x2803194c,x2803194c.1.0,wye,0.01666667,0.00136364,1,1
t227917130c,3,secondary_2,x2803194c,x2803194c.0.2,wye,0.01666667,0.00136364,1,1
t5339007b,1,primary,l2916617,l2916617.2,wye,1,0.00090909,1,1
t5339007b,2,secondary_1,x2916617b,x2916617b.1.0,wye,0.01666667,0.00090909,1,1
t5339007b,3,secondary_2,x2916617b,x2916617b.0.2,wye,0.01666667,0.00090909,1,1
t2224490448c,1,primary,l3778577,l3778577.3,wye,1,0.00090909,1,1
t2224490448c,2,secondary_1,x3778577c,x3778577c.1.0,wye,0.01666667,0.00090909,1,1
t2224490448c,3,secondary_2,x3778577c,x3778577c.0.2,wye,0.01666667,0.00090909,1,1
t5337710b,1,primary,l2991916,l2991916.2,wye,1,0.00090909,1,1
t5337710b,2,secondary_1,x2991916b,x2991916b.1.0,wye,0.01666667,0.00090909,1,1
t5337710b,3,secondary_2,x2991916b,x2991916b.0.2,wye,0.01666667,0.00090909,1,1
t22112168870c,1,primary,l2897554,l2897554.3,wye,1,0.00181818,1,1
t22112168870c,2,secondary_1,x2897554c,x2897554c.1.0,wye,0.01666667,0.00181818,1,1
t22112168870c,3,secondary_2,x2897554c,x2897554c.0.2,wye,0.01666667,0.00181818,1,1
t21396796b,1,primary,l3141397,l3141397.2,wye,1,0.00090909,1,1
t21396796b,2,secondary_1,x3141397b,x3141397b.1.0,wye,0.01666667,0.00090909,1,1
t21396796b,3,secondary_2,x3141397b,x3141397b.0.2,wye,0.01666667,0.00090909,1,1
t5321852c,1,primary,l2916608,l2916608.3,wye,1,0.00036364,1,1
t5321852c,2,secondary_1,x2916608c,x2916608c.1.0,wye,0.01666667,0.00036364,1,1
t5321852c,3,secondary_2,x2916608c,x2916608c.0.2,wye,0.01666667,0.00036364,1,1
t226193899b,1,primary,l3082983,l3082983.2,wye,1,0.00090909,1,1
t226193899b,2,secondary_1,x3082983b,x3082983b.1.0,wye,0.01666667,0.00090909,1,1
t226193899b,3,secondary_2,x3082983b,x3082983b.0.2,wye,0.01666667,0.00090909,1,1
t5323244b,1,primary,l2804248,l2804248.2,wye,1,0.00036364,1,1
t5323244b,2,secondary_1,x2804248b,x2804248b.1.0,wye,0.01666667,0.00036364,1,1
t5323244b,3,secondary_2,x2804248b,x2804248b.0.2,wye,0.01666667,0.00036364,1,1
t5355937a,1,primary,l2841639,l2841639.1,wye,1,0.00090909,1,1
t5355937a,2,secondary_1,x2841639a,x2841639a.1.0,wye,0.01666667,0.00090909,1,1
t5355937a,3,secondary_2,x2841639a,x2841639a.0.2,wye,0.01666667,0.00090909,1,1
t21395962a,1,primary,l3197645,l3197645.1,wye,1,0.00090909,1,1
t21395962a,2,secondary_1,x3197645a,x3197645a.1.0,wye,0.01666667,0.00090909,1,1
t21395962a,3,secondary_2,x3197645a,x3197645a.0.2,wye,0.01666667,0.00090909,1,1
t5223661c,1,primary,l2730108,l2730108.3,wye,1,0.00054545,1,1
t5223661c,2,secondary_1,x2730108c,x2730108c.1.0,wye,0.01666667,0.00054545,1,1
t5223661c,3,secondary_2,x2730108c,x2730108c.0.2,wye,0.01666667,0.00054545,1,1
t5337643c,1,primary,l2897806,l2897806.3,wye,1,0.00054545,1,1
t5337643c,2,secondary_1,x2897806c,x2897806c.1.0,wye,0.01666667,0.00054545,1,1
t5337643c,3,secondary_2,x2897806c,x2897806c.0.2,wye,0.01666667,0.00054545,1,1
t5302810c,1,primary,l3178977,l3178977.3,wye,1,0.00054545,1,1
t5302810c,2,secondary_1,x3178977c,x3178977c.1.0,wye,0.01666667,0.00054545,1,1
t5302810c,3,secondary_2,x3178977c,x3178977c.0.2,wye,0.01666667,0.00054545,1,1
t5391976c,1,primary,l2841631,l2841631.3,wye,1,0.00090909,1,1
t5391976c,2,secondary_1,x2841631c,x2841631c.1.0,wye,0.01666667,0.00090909,1,1
t5391976c,3,secondary_2,x2841631c,x2841631c.0.2,wye,0.01666667,0.00090909,1,1
t5356796c,1,primary,l3235945,l3235945.3,wye,1,0.00090909,1,1
t5356796c,2,secondary_1,x3235945c,x3235945c.1.0,wye,0.01666667,0.00090909,1,1
t5356796c,3,secondary_2,x3235945c,x3235945c.0.2,wye,0.01666667,0.00090909,1,1
t5260502b,1,primary,l2748839,l2748839.2,wye,1,0.00036364,1,1
t5260502b,2,secondary_1,x2748839b,x2748839b.1.0,wye,0.01666667,0.00036364,1,1
t5260502b,3,secondary_2,x2748839b,x2748839b.0.2,wye,0.01666667,0.00036364,1,1
t225991691a,1,primary,l2989571,l2989571.1,wye,1,0.00054545,1,1
t225991691a,2,secondary_1,x2989571a,x2989571a.1.0,wye,0.01666667,0.00054545,1,1
t225991691a,3,secondary_2,x2989571a,x2989571a.0.2,wye,0.01666667,0.00054545,1,1
t2224061203c,1,primary,l3552667,l3552667.3,wye,1,0.00090909,1,1
t2224061203c,2,secondary_1,x3552667c,x3552667c.1.0,wye,0.01666667,0.00090909,1,1
t2224061203c,3,secondary_2,x3552667c,x3552667c.0.2,wye,0.01666667,0.00090909,1,1
t5138413c,1,primary,l3216347,l3216347.3,wye,1,0.00054545,1,1
t5138413c,2,secondary_1,x3216347c,x3216347c.1.0,wye,0.01666667,0.00054545,1,1
t5138413c,3,secondary_2,x3216347c,x3216347c.0.2,wye,0.01666667,0.00054545,1,1
t5323287b,1,primary,l2897789,l2897789.2,wye,1,0.00054545,1,1
t5323287b,2,secondary_1,x2897789b,x2897789b.1.0,wye,0.01666667,0.00054545,1,1
t5323287b,3,secondary_2,x2897789b,x2897789b.0.2,wye,0.01666667,0.00054545,1,1
t5321847b,1,primary,l3160100,l3160100.2,wye,1,0.00054545,1,1
t5321847b,2,secondary_1,x3160100b,x3160100b.1.0,wye,0.01666667,0.00054545,1,1
t5321847b,3,secondary_2,x3160100b,x3160100b.0.2,wye,0.01666667,0.00054545,1,1
t5337687b,1,primary,l2973156,l2973156.2,wye,1,0.00054545,1,1
t5337687b,2,secondary_1,x2973156b,x2973156b.1.0,wye,0.01666667,0.00054545,1,1
t5337687b,3,secondary_2,x2973156b,x2973156b.0.2,wye,0.01666667,0.00054545,1,1
t5302474a,1,primary,l3048214,l3048214.1,wye,1,0.00090909,1,1
t5302474a,2,secondary_1,x3048214a,x3048214a.1.0,wye,0.01666667,0.00090909,1,1
t5302474a,3,secondary_2,x3048214a,x3048214a.0.2,wye,0.01666667,0.00090909,1,1
t21357865a,1,primary,l2766719,l2766719.1,wye,1,0.00090909,1,1
t21357865a,2,secondary_1,x2766719a,x2766719a.1.0,wye,0.01666667,0.00090909,1,1
t21357865a,3,secondary_2,x2766719a,x2766719a.0.2,wye,0.01666667,0.00090909,1,1
t5355597b,1,primary,l2729401,l2729401.2,wye,1,0.00054545,1,1
t5355597b,2,secondary_1,x2729401b,x2729401b.1.0,wye,0.01666667,0.00054545,1,1
t5355597b,3,secondary_2,x2729401b,x2729401b.0.2,wye,0.01666667,0.00054545,1,1
t229106135c,1,primary,l2991640,l2991640.3,wye,1,0.00036364,1,1
t229106135c,2,secondary_1,x2991640c,x2991640c.1.0,wye,0.01666667,0.00036364,1,1
t229106135c,3,secondary_2,x2991640c,x2991640c.0.2,wye,0.01666667,0.00036364,1,1
t226264795a,1,primary,l3139366,l3139366.1,wye,1,0.00090909,1,1
t226264795a,2,secondary_1,x3139366a,x3139366a.1.0,wye,0.01666667,0.00090909,1,1
t226264795a,3,secondary_2,x3139366a,x3139366a.0.2,wye,0.01666667,0.00090909,1,1
t5337729a,1,primary,l2728247,l2728247.1,wye,1,0.00036364,1,1
t5337729a,2,secondary_1,x2728247a,x2728247a.1.0,wye,0.01666667,0.00036364,1,1
t5337729a,3,secondary_2,x2728247a,x2728247a.0.2,wye,0.01666667,0.00036364,1,1
t5337729b,1,primary,l2728247,l2728247.2,wye,1,0.00090909,1,1
t5337729b,2,secondary_1,x2728247b,x2728247b.1.0,wye,0.01666667,0.00090909,1,1
t5337729b,3,secondary_2,x2728247b,x2728247b.0.2,wye,0.01666667,0.00090909,1,1
t5337729c,1,primary,l2728247,l2728247.3,wye,1,0.00036364,1,1
t5337729c,2,secondary_1,x2728247c,x2728247c.1.0,wye,0.01666667,0.00036364,1,1
t5337729c,3,secondary_2,x2728247c,x2728247c.0.2,wye,0.01666667,0.00036364,1,1
t5293608c,1,primary,l2673306,l2673306.3,wye,1,0.00090909,1,1
t5293608c,2,secondary_1,x2673306c,x2673306c.1.0,wye,0.01666667,0.00090909,1,1
t5293608c,3,secondary_2,x2673306c,x2673306c.0.2,wye,0.01666667,0.00090909,1,1
t5355936a,1,primary,l2954357,l2954357.1,wye,1,0.00136364,1,1
t5355936a,2,secondary_1,x2954357a,x2954357a.1.0,wye,0.01666667,0.00136364,1,1
t5355936a,3,secondary_2,x2954357a,x2954357a.0.2,wye,0.01666667,0.00136364,1,1
t28149184c,1,primary,l3141395,l3141395.3,wye,1,0.00090909,1,1
t28149184c,2,secondary_1,x3141395c,x3141395c.1.0,wye,0.01666667,0.00090909,1,1
t28149184c,3,secondary_2,x3141395c,x3141395c.0.2,wye,0.01666667,0.00090909,1,1
t226193338a,1,primary,l2876796,l2876796.1,wye,1,0.00054545,1,1
t226193338a,2,secondary_1,x2876796a,x2876796a.1.0,wye,0.01666667,0.00054545,1,1
t226193338a,3,secondary_2,x2876796a,x2876796a.0.2,wye,0.01666667,0.00054545,1,1
t5391979c,1,primary,l3197642,l3197642.3,wye,1,0.00054545,1,1
t5391979c,2,secondary_1,x3197642c,x3197642c.1.0,wye,0.01666667,0.00054545,1,1
t5391979c,3,secondary_2,x3197642c,x3197642c.0.2,wye,0.01666667,0.00054545,1,1
t5251862c,1,primary,l3254873,l3254873.3,wye,1,0.00054545,1,1
t5251862c,2,secondary_1,x3254873c,x3254873c.1.0,wye,0.01666667,0.00054545,1,1
t5251862c,3,secondary_2,x3254873c,x3254873c.0.2,wye,0.01666667,0.00054545,1,1
t5355591b,1,primary,l2822858,l2822858.2,wye,1,0.00090909,1,1
t5355591b,2,secondary_1,x2822858b,x2822858b.1.0,wye,0.01666667,0.00090909,1,1
t5355591b,3,secondary_2,x2822858b,x2822858b.0.2,wye,0.01666667,0.00090909,1,1
t2224387062a,1,primary,l3728040,l3728040.1,wye,1,0.00136364,1,1
t2224387062a,2,secondary_1,x3728040a,x3728040a.1.0,wye,0.01666667,0.00136364,1,1
t2224387062a,3,secondary_2,x3728040a,x3728040a.0.2,wye,0.01666667,0.00136364,1,1
t226193361b,1,primary,l3157710,l3157710.2,wye,1,0.00054545,1,1
t226193361b,2,secondary_1,x3157710b,x3157710b.1.0,wye,0.01666667,0.00054545,1,1
t226193361b,3,secondary_2,x3157710b,x3157710b.0.2,wye,0.01666667,0.00054545,1,1
t5323267b,1,primary,l2710514,l2710514.2,wye,1,0.00090909,1,1
t5323267b,2,secondary_1,x2710514b,x2710514b.1.0,wye,0.01666667,0.00090909,1,1
t5323267b,3,secondary_2,x2710514b,x2710514b.0.2,wye,0.01666667,0.00090909,1,1
t226924200b,1,primary,l2763072,l2763072.2,wye,1,0.00090909,1,1
t226924200b,2,secondary_1,x2763072b,x2763072b.1.0,wye,0.01666667,0.00090909,1,1
t226924200b,3,secondary_2,x2763072b,x2763072b.0.2,wye,0.01666667,0.00090909,1,1
t5302676a,1,primary,l2710519,l2710519.1,wye,1,0.00036364,1,1
t5302676a,2,secondary_1,x2710519a,x2710519a.1.0,wye,0.01666667,0.00036364,1,1
t5302676a,3,secondary_2,x2710519a,x2710519a.0.2,wye,0.01666667,0.00036364,1,1
t2224386874a,1,primary,l3727711,l3727711.1,wye,1,0.00054545,1,1
t2224386874a,2,secondary_1,x3727711a,x3727711a.1.0,wye,0.01666667,0.00054545,1,1
t2224386874a,3,secondary_2,x3727711a,x3727711a.0.2,wye,0.01666667,0.00054545,1,1
t5356009a,1,primary,l2691936,l2691936.1,wye,1,0.00054545,1,1
t5356009a,2,secondary_1,x2691936a,x2691936a.1.0,wye,0.01666667,0.00054545,1,1
t5356009a,3,secondary_2,x2691936a,x2691936a.0.2,wye,0.01666667,0.00054545,1,1
t5138641c,1,primary,l2841638,l2841638.3,wye,1,0.00054545,1,1
t5138641c,2,secondary_1,x2841638c,x2841638c.1.0,wye,0.01666667,0.00054545,1,1
t5138641c,3,secondary_2,x2841638c,x2841638c.0.2,wye,0.01666667,0.00054545,1,1
t5337714c,1,primary,l3254209,l3254209.3,wye,1,0.00136364,1,1
t5337714c,2,secondary_1,x3254209c,x3254209c.1.0,wye,0.01666667,0.00136364,1,1
t5337714c,3,secondary_2,x3254209c,x3254209c.0.2,wye,0.01666667,0.00136364,1,1
t21380453a,1,primary,l3010557,l3010557.1,wye,1,0.00054545,1,1
t21380453a,2,secondary_1,x3010557a,x3010557a.1.0,wye,0.01666667,0.00054545,1,1
t21380453a,3,secondary_2,x3010557a,x3010557a.0.2,wye,0.01666667,0.00054545,1,1
t226191778c,1,primary,l2820528,l2820528.3,wye,1,0.00090909,1,1
t226191778c,2,secondary_1,x2820528c,x2820528c.1.0,wye,0.01666667,0.00090909,1,1
t226191778c,3,secondary_2,x2820528c,x2820528c.0.2,wye,0.01666667,0.00090909,1,1
t226029836a,1,primary,l3251808,l3251808.1,wye,1,0.00054545,1,1
t226029836a,2,secondary_1,x3251808a,x3251808a.1.0,wye,0.01666667,0.00054545,1,1
t226029836a,3,secondary_2,x3251808a,x3251808a.0.2,wye,0.01666667,0.00054545,1,1
t2224237718a,1,primary,l3649305,l3649305.1,wye,1,0.00054545,1,1
t2224237718a,2,secondary_1,x3649305a,x3649305a.1.0,wye,0.01666667,0.00054545,1,1
t2224237718a,3,secondary_2,x3649305a,x3649305a.0.2,wye,0.01666667,0.00054545,1,1
t226194093a,1,primary,l3157718,l3157718.1,wye,1,0.00054545,1,1
t226194093a,2,secondary_1,x3157718a,x3157718a.1.0,wye,0.01666667,0.00054545,1,1
t226194093a,3,secondary_2,x3157718a,x3157718a.0.2,wye,0.01666667,0.00054545,1,1
t5302673a,1,primary,l3010569,l3010569.1,wye,1,0.00136364,1,1
t5302673a,2,secondary_1,x3010569a,x3010569a.1.0,wye,0.01666667,0.00136364,1,1
t5302673a,3,secondary_2,x3010569a,x3010569a.0.2,wye,0.01666667,0.00136364,1,1
t5293522a,1,primary,l2785527,l2785527.1,wye,1,0.00054545,1,1
t5293522a,2,secondary_1,x2785527a,x2785527a.1.0,wye,0.01666667,0.00054545,1,1
t5293522a,3,secondary_2,x2785527a,x2785527a.0.2,wye,0.01666667,0.00054545,1,1
t227917133c,1,primary,l3047073,l3047073.3,wye,1,0.00090909,1,1
t227917133c,2,secondary_1,x3047073c,x3047073c.1.0,wye,0.01666667,0.00090909,1,1
t227917133c,3,secondary_2,x3047073c,x3047073c.0.2,wye,0.01666667,0.00090909,1,1
t2224238167a,1,primary,l3649306,l3649306.1,wye,1,0.00136364,1,1
t2224238167a,2,secondary_1,x3649306a,x3649306a.1.0,wye,0.01666667,0.00136364,1,1
t2224238167a,3,secondary_2,x3649306a,x3649306a.0.2,wye,0.01666667,0.00136364,1,1
t5293592a,1,primary,l2973161,l2973161.1,wye,1,0.00136364,1,1
t5293592a,2,secondary_1,x2973161a,x2973161a.1.0,wye,0.01666667,0.00136364,1,1
t5293592a,3,secondary_2,x2973161a,x2973161a.0.2,wye,0.01666667,0.00136364,1,1
t225918926b,1,primary,l2688692,l2688692.2,wye,1,0.00054545,1,1
t225918926b,2,secondary_1,x2688692b,x2688692b.1.0,wye,0.01666667,0.00054545,1,1
t225918926b,3,secondary_2,x2688692b,x2688692b.0.2,wye,0.01666667,0.00054545,1,1
t5138717c,1,primary,l3254220,l3254220.3,wye,1,0.00090909,1,1
t5138717c,2,secondary_1,x3254220c,x3254220c.1.0,wye,0.01666667,0.00090909,1,1
t5138717c,3,secondary_2,x3254220c,x3254220c.0.2,wye,0.01666667,0.00090909,1,1
t5356007a,1,primary,l3141389,l3141389.1,wye,1,0.00054545,1,1
t5356007a,2,secondary_1,x3141389a,x3141389a.1.0,wye,0.01666667,0.00054545,1,1
t5356007a,3,secondary_2,x3141389a,x3141389a.0.2,wye,0.01666667,0.00054545,1,1
t5356008a,1,primary,l3197618,l3197618.1,wye,1,0.00054545,1,1
t5356008a,2,secondary_1,x3197618a,x3197618a.1.0,wye,0.01666667,0.00054545,1,1
t5356008a,3,secondary_2,x3197618a,x3197618a.0.2,wye,0.01666667,0.00054545,1,1
t226193696a,1,primary,l3143999,l3143999.1,wye,1,0.00090909,1,1
t226193696a,2,secondary_1,x3143999a,x3143999a.1.0,wye,0.01666667,0.00090909,1,1
t226193696a,3,secondary_2,x3143999a,x3143999a.0.2,wye,0.01666667,0.00090909,1,1
t5337689b,1,primary,l2691949,l2691949.2,wye,1,0.00090909,1,1
t5337689b,2,secondary_1,x2691949b,x2691949b.1.0,wye,0.01666667,0.00090909,1,1
t5337689b,3,secondary_2,x2691949b,x2691949b.0.2,wye,0.01666667,0.00090909,1,1
t5337624c,1,primary,l3066807,l3066807.3,wye,1,0.00036364,1,1
t5337624c,2,secondary_1,x3066807c,x3066807c.1.0,wye,0.01666667,0.00036364,1,1
t5337624c,3,secondary_2,x3066807c,x3066807c.0.2,wye,0.01666667,0.00036364,1,1
t5321880a,1,primary,l2876812,l2876812.1,wye,1,0.00054545,1,1
t5321880a,2,secondary_1,x2876812a,x2876812a.1.0,wye,0.01666667,0.00054545,1,1
t5321880a,3,secondary_2,x2876812a,x2876812a.0.2,wye,0.01666667,0.00054545,1,1
t5392038b,1,primary,l2841634,l2841634.2,wye,1,0.00136364,1,1
t5392038b,2,secondary_1,x2841634b,x2841634b.1.0,wye,0.01666667,0.00136364,1,1
t5392038b,3,secondary_2,x2841634b,x2841634b.0.2,wye,0.01666667,0.00136364,1,1
t5337712c,1,primary,l3235245,l3235245.3,wye,1,0.00054545,1,1
t5337712c,2,secondary_1,x3235245c,x3235245c.1.0,wye,0.01666667,0.00054545,1,1
t5337712c,3,secondary_2,x3235245c,x3235245c.0.2,wye,0.01666667,0.00054545,1,1
t21399508a,1,primary,l3104135,l3104135.1,wye,1,0.00054545,1,1
t21399508a,2,secondary_1,x3104135a,x3104135a.1.0,wye,0.01666667,0.00054545,1,1
t21399508a,3,secondary_2,x3104135a,x3104135a.0.2,wye,0.01666667,0.00054545,1,1
t5294809a,1,primary,l2952014,l2952014.1,wye,1,0.00054545,1,1
t5294809a,2,secondary_1,x2952014a,x2952014a.1.0,wye,0.01666667,0.00054545,1,1
t5294809a,3,secondary_2,x2952014a,x2952014a.0.2,wye,0.01666667,0.00054545,1,1
t5274994c,1,primary,l3048205,l3048205.3,wye,1,0.00090909,1,1
t5274994c,2,secondary_1,x3048205c,x3048205c.1.0,wye,0.01666667,0.00090909,1,1
t5274994c,3,secondary_2,x3048205c,x3048205c.0.2,wye,0.01666667,0.00090909,1,1
t5260461b,1,primary,l2861223,l2861223.2,wye,1,0.00090909,1,1
t5260461b,2,secondary_1,x2861223b,x2861223b.1.0,wye,0.01666667,0.00090909,1,1
t5260461b,3,secondary_2,x2861223b,x2861223b.0.2,wye,0.01666667,0.00090909,1,1
t5223655c,1,primary,l2936268,l2936268.3,wye,1,0.00054545,1,1
t5223655c,2,secondary_1,x2936268c,x2936268c.1.0,wye,0.01666667,0.00054545,1,1
t5223655c,3,secondary_2,x2936268c,x2936268c.0.2,wye,0.01666667,0.00054545,1,1
t5138465c,1,primary,l2879055,l2879055.3,wye,1,0.00036364,1,1
t5138465c,2,secondary_1,x2879055c,x2879055c.1.0,wye,0.01666667,0.00036364,1,1
t5138465c,3,secondary_2,x2879055c,x2879055c.0.2,wye,0.01666667,0.00036364,1,1
t5323387b,1,primary,l2690941,l2690941.2,wye,1,0.00090909,1,1
t5323387b,2,secondary_1,x2690941b,x2690941b.1.0,wye,0.01666667,0.00090909,1,1
t5323387b,3,secondary_2,x2690941b,x2690941b.0.2,wye,0.01666667,0.00090909,1,1
t5338918a,1,primary,l2897773,l2897773.1,wye,1,0.00036364,1,1
t5338918a,2,secondary_1,x2897773a,x2897773a.1.0,wye,0.01666667,0.00036364,1,1
t5338918a,3,secondary_2,x2897773a,x2897773a.0.2,wye,0.01666667,0.00036364,1,1
t5260561c,1,primary,l3104850,l3104850.3,wye,1,0.00090909,1,1
t5260561c,2,secondary_1,x3104850c,x3104850c.1.0,wye,0.01666667,0.00090909,1,1
t5260561c,3,secondary_2,x3104850c,x3104850c.0.2,wye,0.01666667,0.00090909,1,1
t226192846b,1,primary,l3139086,l3139086.2,wye,1,0.00090909,1,1
t226192846b,2,secondary_1,x3139086b,x3139086b.1.0,wye,0.01666667,0.00090909,1,1
t226192846b,3,secondary_2,x3139086b,x3139086b.0.2,wye,0.01666667,0.00090909,1,1
t2224386750a,1,primary,l3727707,l3727707.1,wye,1,0.00090909,1,1
t2224386750a,2,secondary_1,x3727707a,x3727707a.1.0,wye,0.01666667,0.00090909,1,1
t2224386750a,3,secondary_2,x3727707a,x3727707a.0.2,wye,0.01666667,0.00090909,1,1
t5260576c,1,primary,l3030126,l3030126.3,wye,1,0.00090909,1,1
t5260576c,2,secondary_1,x3030126c,x3030126c.1.0,wye,0.01666667,0.00090909,1,1
t5260576c,3,secondary_2,x3030126c,x3030126c.0.2,wye,0.01666667,0.00090909,1,1
t5391756b,1,primary,l2879079,l2879079.2,wye,1,0.00054545,1,1
t5391756b,2,secondary_1,x2879079b,x2879079b.1.0,wye,0.01666667,0.00054545,1,1
t5391756b,3,secondary_2,x2879079b,x2879079b.0.2,wye,0.01666667,0.00054545,1,1
t5391994a,1,primary,l3066821,l3066821.1,wye,1,0.00090909,1,1
t5391994a,2,secondary_1,x3066821a,x3066821a.1.0,wye,0.01666667,0.00090909,1,1
t5391994a,3,secondary_2,x3066821a,x3066821a.0.2,wye,0.01666667,0.00090909,1,1
t5337715a,1,primary,l3254204,l3254204.1,wye,1,0.00054545,1,1
t5337715a,2,secondary_1,x3254204a,x3254204a.1.0,wye,0.01666667,0.00054545,1,1
t5337715a,3,secondary_2,x3254204a,x3254204a.0.2,wye,0.01666667,0.00054545,1,1
t28150172a,1,primary,l2748135,l2748135.1,wye,1,0.00090909,1,1
t28150172a,2,secondary_1,x2748135a,x2748135a.1.0,wye,0.01666667,0.00090909,1,1
t28150172a,3,secondary_2,x2748135a,x2748135a.0.2,wye,0.01666667,0.00090909,1,1
t5294844a,1,primary,l2841623,l2841623.1,wye,1,0.00054545,1,1
t5294844a,2,secondary_1,x2841623a,x2841623a.1.0,wye,0.01666667,0.00054545,1,1
t5294844a,3,secondary_2,x2841623a,x2841623a.0.2,wye,0.01666667,0.00054545,1,1
t5337699b,1,primary,l2954349,l2954349.2,wye,1,0.00090909,1,1
t5337699b,2,secondary_1,x2954349b,x2954349b.1.0,wye,0.01666667,0.00090909,1,1
t5337699b,3,secondary_2,x2954349b,x2954349b.0.2,wye,0.01666667,0.00090909,1,1
t226194002b,1,primary,l2801902,l2801902.2,wye,1,0.00136364,1,1
t226194002b,2,secondary_1,x2801902b,x2801902b.1.0,wye,0.01666667,0.00136364,1,1
t226194002b,3,secondary_2,x2801902b,x2801902b.0.2,wye,0.01666667,0.00136364,1,1
t5321851b,1,primary,l2729434,l2729434.2,wye,1,0.00054545,1,1
t5321851b,2,secondary_1,x2729434b,x2729434b.1.0,wye,0.01666667,0.00054545,1,1
t5321851b,3,secondary_2,x2729434b,x2729434b.0.2,wye,0.01666667,0.00054545,1,1
t5260555a,1,primary,l3048962,l3048962.1,wye,1,0.00136364,1,1
t5260555a,2,secondary_1,x3048962a,x3048962a.1.0,wye,0.01666667,0.00136364,1,1
t5260555a,3,secondary_2,x3048962a,x3048962a.0.2,wye,0.01666667,0.00136364,1,1
t226101460a,1,primary,l2857591,l2857591.1,wye,1,0.00054545,1,1
t226101460a,2,secondary_1,x2857591a,x2857591a.1.0,wye,0.01666667,0.00054545,1,1
t226101460a,3,secondary_2,x2857591a,x2857591a.0.2,wye,0.01666667,0.00054545,1,1
t28128517c,1,primary,l3048890,l3048890.3,wye,1,0.00090909,1,1
t28128517c,2,secondary_1,x3048890c,x3048890c.1.0,wye,0.01666667,0.00090909,1,1
t28128517c,3,secondary_2,x3048890c,x3048890c.0.2,wye,0.01666667,0.00090909,1,1
t5260567c,1,primary,l2936211,l2936211.3,wye,1,0.00054545,1,1
t5260567c,2,secondary_1,x2936211c,x2936211c.1.0,wye,0.01666667,0.00054545,1,1
t5260567c,3,secondary_2,x2936211c,x2936211c.0.2,wye,0.01666667,0.00054545,1,1
t5338981b,1,primary,l2820535,l2820535.2,wye,1,0.00090909,1,1
t5338981b,2,secondary_1,x2820535b,x2820535b.1.0,wye,0.01666667,0.00090909,1,1
t5338981b,3,secondary_2,x2820535b,x2820535b.0.2,wye,0.01666667,0.00090909,1,1
t225533215c,1,primary,l3097861,l3097861.3,wye,1,0.00036364,1,1
t225533215c,2,secondary_1,x3097861c,x3097861c.1.0,wye,0.01666667,0.00036364,1,1
t225533215c,3,secondary_2,x3097861c,x3097861c.0.2,wye,0.01666667,0.00036364,1,1
t5391743b,1,primary,l3141390,l3141390.2,wye,1,0.00090909,1,1
t5391743b,2,secondary_1,x3141390b,x3141390b.1.0,wye,0.01666667,0.00090909,1,1
t5391743b,3,secondary_2,x3141390b,x3141390b.0.2,wye,0.01666667,0.00090909,1,1
t5391996a,1,primary,l3141412,l3141412.1,wye,1,0.00054545,1,1
t5391996a,2,secondary_1,x3141412a,x3141412a.1.0,wye,0.01666667,0.00054545,1,1
t5391996a,3,secondary_2,x3141412a,x3141412a.0.2,wye,0.01666667,0.00054545,1,1
t28118822a,1,primary,l2991920,l2991920.1,wye,1,0.00054545,1,1
t28118822a,2,secondary_1,x2991920a,x2991920a.1.0,wye,0.01666667,0.00054545,1,1
t28118822a,3,secondary_2,x2991920a,x2991920a.0.2,wye,0.01666667,0.00054545,1,1
t5260558c,1,primary,l3160861,l3160861.3,wye,1,0.00036364,1,1
t5260558c,2,secondary_1,x3160861c,x3160861c.1.0,wye,0.01666667,0.00036364,1,1
t5260558c,3,secondary_2,x3160861c,x3160861c.0.2,wye,0.01666667,0.00036364,1,1
t5355842a,1,primary,l2876813,l2876813.1,wye,1,0.00090909,1,1
t5355842a,2,secondary_1,x2876813a,x2876813a.1.0,wye,0.01666667,0.00090909,1,1
t5355842a,3,secondary_2,x2876813a,x2876813a.0.2,wye,0.01666667,0.00090909,1,1
t5338943c,1,primary,l2729410,l2729410.3,wye,1,0.00090909,1,1
t5338943c,2,secondary_1,x2729410c,x2729410c.1.0,wye,0.01666667,0.00090909,1,1
t5338943c,3,secondary_2,x2729410c,x2729410c.0.2,wye,0.01666667,0.00090909,1,1
t5293492c,1,primary,l2841637,l2841637.3,wye,1,0.00090909,1,1
t5293492c,2,secondary_1,x2841637c,x2841637c.1.0,wye,0.01666667,0.00090909,1,1
t5293492c,3,secondary_2,x2841637c,x2841637c.0.2,wye,0.01666667,0.00090909,1,1
t5355779c,1,primary,l3122817,l3122817.3,wye,1,0.00054545,1,1
t5355779c,2,secondary_1,x3122817c,x3122817c.1.0,wye,0.01666667,0.00054545,1,1
t5355779c,3,secondary_2,x3122817c,x3122817c.0.2,wye,0.01666667,0.00054545,1,1
t5260457b,1,primary,l3086079,l3086079.2,wye,1,0.00036364,1,1
t5260457b,2,secondary_1,x3086079b,x3086079b.1.0,wye,0.01666667,0.00036364,1,1
t5260457b,3,secondary_2,x3086079b,x3086079b.0.2,wye,0.01666667,0.00036364,1,1
t21393454b,1,primary,l3179699,l3179699.2,wye,1,0.00136364,1,1
t21393454b,2,secondary_1,x3179699b,x3179699b.1.0,wye,0.01666667,0.00136364,1,1
t21393454b,3,secondary_2,x3179699b,x3179699b.0.2,wye,0.01666667,0.00136364,1,1
t5321848b,1,primary,l3085390,l3085390.2,wye,1,0.00054545,1,1
t5321848b,2,secondary_1,x3085390b,x3085390b.1.0,wye,0.01666667,0.00054545,1,1
t5321848b,3,secondary_2,x3085390b,x3085390b.0.2,wye,0.01666667,0.00054545,1,1
t5338960c,1,primary,l2897767,l2897767.3,wye,1,0.00090909,1,1
t5338960c,2,secondary_1,x2897767c,x2897767c.1.0,wye,0.01666667,0.00090909,1,1
t5338960c,3,secondary_2,x2897767c,x2897767c.0.2,wye,0.01666667,0.00090909,1,1
t5356065b,1,primary,l3104124,l3104124.2,wye,1,0.00054545,1,1
t5356065b,2,secondary_1,x3104124b,x3104124b.1.0,wye,0.01666667,0.00054545,1,1
t5356065b,3,secondary_2,x3104124b,x3104124b.0.2,wye,0.01666667,0.00054545,1,1
t5138646a,1,primary,l2804251,l2804251.1,wye,1,0.00036364,1,1
t5138646a,2,secondary_1,x2804251a,x2804251a.1.0,wye,0.01666667,0.00036364,1,1
t5138646a,3,secondary_2,x2804251a,x2804251a.0.2,wye,0.01666667,0.00036364,1,1
t5337654c,1,primary,l3066808,l3066808.3,wye,1,0.00054545,1,1
t5337654c,2,secondary_1,x3066808c,x3066808c.1.0,wye,0.01666667,0.00054545,1,1
t5337654c,3,secondary_2,x3066808c,x3066808c.0.2,wye,0.01666667,0.00054545,1,1
t5337691b,1,primary,l2897774,l2897774.2,wye,1,0.00054545,1,1
t5337691b,2,secondary_1,x2897774b,x2897774b.1.0,wye,0.01666667,0.00054545,1,1
t5337691b,3,secondary_2,x2897774b,x2897774b.0.2,wye,0.01666667,0.00054545,1,1
t5391738b,1,primary,l3104115,l3104115.2,wye,1,0.00036364,1,1
t5391738b,2,secondary_1,x3104115b,x3104115b.1.0,wye,0.01666667,0.00036364,1,1
t5391738b,3,secondary_2,x3104115b,x3104115b.0.2,wye,0.01666667,0.00036364,1,1
t5247171b,1,primary,l0247171,l0247171.2,wye,1,0.00054545,1,1
t5247171b,2,secondary_1,x0247171b,x0247171b.1.0,wye,0.01666667,0.00054545,1,1
t5247171b,3,secondary_2,x0247171b,x0247171b.0.2,wye,0.01666667,0.00054545,1,1
t226192175c,1,primary,l3214055,l3214055.3,wye,1,0.00054545,1,1
t226192175c,2,secondary_1,x3214055c,x3214055c.1.0,wye,0.01666667,0.00054545,1,1
t226192175c,3,secondary_2,x3214055c,x3214055c.0.2,wye,0.01666667,0.00054545,1,1
t5328367c,1,primary,l3104830,l3104830.3,wye,1,0.00036364,1,1
t5328367c,2,secondary_1,x3104830c,x3104830c.1.0,wye,0.01666667,0.00036364,1,1
t5328367c,3,secondary_2,x3104830c,x3104830c.0.2,wye,0.01666667,0.00036364,1,1
t5247084b,1,primary,l3254211,l3254211.2,wye,1,0.00090909,1,1
t5247084b,2,secondary_1,x3254211b,x3254211b.1.0,wye,0.01666667,0.00090909,1,1
t5247084b,3,secondary_2,x3254211b,x3254211b.0.2,wye,0.01666667,0.00090909,1,1
t5247100b,1,primary,l2729407,l2729407.2,wye,1,0.00054545,1,1
t5247100b,2,secondary_1,x2729407b,x2729407b.1.0,wye,0.01666667,0.00054545,1,1
t5247100b,3,secondary_2,x2729407b,x2729407b.0.2,wye,0.01666667,0.00054545,1,1
t226101449a,1,primary,l3027133,l3027133.1,wye,1,0.00090909,1,1
t226101449a,2,secondary_1,x3027133a,x3027133a.1.0,wye,0.01666667,0.00090909,1,1
t226101449a,3,secondary_2,x3027133a,x3027133a.0.2,wye,0.01666667,0.00090909,1,1
t5321838a,1,primary,l2691944,l2691944.1,wye,1,0.00090909,1,1
t5321838a,2,secondary_1,x2691944a,x2691944a.1.0,wye,0.01666667,0.00090909,1,1
t5321838a,3,secondary_2,x2691944a,x2691944a.0.2,wye,0.01666667,0.00090909,1,1
t226194262c,1,primary,l2745806,l2745806.3,wye,1,0.00090909,1,1
t226194262c,2,secondary_1,x2745806c,x2745806c.1.0,wye,0.01666667,0.00090909,1,1
t226194262c,3,secondary_2,x2745806c,x2745806c.0.2,wye,0.01666667,0.00090909,1,1
t22112168887c,1,primary,l2878848,l2878848.3,wye,1,0.00136364,1,1
t22112168887c,2,secondary_1,x2878848c,x2878848c.1.0,wye,0.01666667,0.00136364,1,1
t22112168887c,3,secondary_2,x2878848c,x2878848c.0.2,wye,0.01666667,0.00136364,1,1
t5355773a,1,primary,l2991909,l2991909.1,wye,1,0.00090909,1,1
t5355773a,2,secondary_1,x2991909a,x2991909a.1.0,wye,0.01666667,0.00090909,1,1
t5355773a,3,secondary_2,x2991909a,x2991909a.0.2,wye,0.01666667,0.00090909,1,1
t226192926a,1,primary,l2726973,l2726973.1,wye,1,0.00090909,1,1
t226192926a,2,secondary_1,x2726973a,x2726973a.1.0,wye,0.01666667,0.00090909,1,1
t226192926a,3,secondary_2,x2726973a,x2726973a.0.2,wye,0.01666667,0.00090909,1,1
t5337718a,1,primary,l2691947,l2691947.1,wye,1,0.00036364,1,1
t5337718a,2,secondary_1,x2691947a,x2691947a.1.0,wye,0.01666667,0.00036364,1,1
t5337718a,3,secondary_2,x2691947a,x2691947a.0.2,wye,0.01666667,0.00036364,1,1
t5251859c,1,primary,l2952007,l2952007.3,wye,1,0.00090909,1,1
t5251859c,2,secondary_1,x2952007c,x2952007c.1.0,wye,0.01666667,0.00090909,1,1
t5251859c,3,secondary_2,x2952007c,x2952007c.0.2,wye,0.01666667,0.00090909,1,1
t5260622c,1,primary,l3198347,l3198347.3,wye,1,0.00054545,1,1
t5260622c,2,secondary_1,x3198347c,x3198347c.1.0,wye,0.01666667,0.00054545,1,1
t5260622c,3,secondary_2,x3198347c,x3198347c.0.2,wye,0.01666667,0.00054545,1,1
t21467859b,1,primary,l2916625,l2916625.2,wye,1,0.00136364,1,1
t21467859b,2,secondary_1,x2916625b,x2916625b.1.0,wye,0.01666667,0.00136364,1,1
t21467859b,3,secondary_2,x2916625b,x2916625b.0.2,wye,0.01666667,0.00136364,1,1
t226193298a,1,primary,l2820533,l2820533.1,wye,1,0.00090909,1,1
t226193298a,2,secondary_1,x2820533a,x2820533a.1.0,wye,0.01666667,0.00090909,1,1
t226193298a,3,secondary_2,x2820533a,x2820533a.0.2,wye,0.01666667,0.00090909,1,1
t21399809a,1,primary,l2785531,l2785531.1,wye,1,0.00054545,1,1
t21399809a,2,secondary_1,x2785531a,x2785531a.1.0,wye,0.01666667,0.00054545,1,1
t21399809a,3,secondary_2,x2785531a,x2785531a.0.2,wye,0.01666667,0.00054545,1,1
t5294812a,1,primary,l3120502,l3120502.1,wye,1,0.00054545,1,1
t5294812a,2,secondary_1,x3120502a,x3120502a.1.0,wye,0.01666667,0.00054545,1,1
t5294812a,3,secondary_2,x3120502a,x3120502a.0.2,wye,0.01666667,0.00054545,1,1
t226308723b,1,primary,l3252336,l3252336.2,wye,1,0.00136364,1,1
t226308723b,2,secondary_1,x3252336b,x3252336b.1.0,wye,0.01666667,0.00136364,1,1
t226308723b,3,secondary_2,x3252336b,x3252336b.0.2,wye,0.01666667,0.00136364,1,1
t5338945a,1,primary,l2954353,l2954353.1,wye,1,0.00090909,1,1
t5338945a,2,secondary_1,x2954353a,x2954353a.1.0,wye,0.01666667,0.00090909,1,1
t5338945a,3,secondary_2,x2954353a,x2954353a.0.2,wye,0.01666667,0.00090909,1,1
t5321837a,1,primary,l2673312,l2673312.1,wye,1,0.00090909,1,1
t5321837a,2,secondary_1,x2673312a,x2673312a.1.0,wye,0.01666667,0.00090909,1,1
t5321837a,3,secondary_2,x2673312a,x2673312a.0.2,wye,0.01666667,0.00090909,1,1
t5441311a,1,primary,l2766720,l2766720.1,wye,1,0.00090909,1,1
t5441311a,2,secondary_1,x2766720a,x2766720a.1.0,wye,0.01666667,0.00090909,1,1
t5441311a,3,secondary_2,x2766720a,x2766720a.0.2,wye,0.01666667,0.00090909,1,1
t5338934b,1,primary,l2879070,l2879070.2,wye,1,0.00054545,1,1
t5338934b,2,secondary_1,x2879070b,x2879070b.1.0,wye,0.01666667,0.00054545,1,1
t5338934b,3,secondary_2,x2879070b,x2879070b.0.2,wye,0.01666667,0.00054545,1,1
t5157716b,1,primary,l3179674,l3179674.2,wye,1,0.00090909,1,1
t5157716b,2,secondary_1,x3179674b,x3179674b.1.0,wye,0.01666667,0.00090909,1,1
t5157716b,3,secondary_2,x3179674b,x3179674b.0.2,wye,0.01666667,0.00090909,1,1
t5338930b,1,primary,l3029506,l3029506.2,wye,1,0.00036364,1,1
t5338930b,2,secondary_1,x3029506b,x3029506b.1.0,wye,0.01666667,0.00036364,1,1
t5338930b,3,secondary_2,x3029506b,x3029506b.0.2,wye,0.01666667,0.00036364,1,1
t5337717a,1,primary,l3216348,l3216348.1,wye,1,0.00054545,1,1
t5337717a,2,secondary_1,x3216348a,x3216348a.1.0,wye,0.01666667,0.00054545,1,1
t5337717a,3,secondary_2,x3216348a,x3216348a.0.2,wye,0.01666667,0.00054545,1,1
t21400215b,1,primary,l3048231,l3048231.2,wye,1,0.00181818,1,1
t21400215b,2,secondary_1,x3048231b,x3048231b.1.0,wye,0.01666667,0.00181818,1,1
t21400215b,3,secondary_2,x3048231b,x3048231b.0.2,wye,0.01666667,0.00181818,1,1
t227921416a,1,primary,l3065696,l3065696.1,wye,1,0.00090909,1,1
t227921416a,2,secondary_1,x3065696a,x3065696a.1.0,wye,0.01666667,0.00090909,1,1
t227921416a,3,secondary_2,x3065696a,x3065696a.0.2,wye,0.01666667,0.00090909,1,1
t5323399b,1,primary,l3178974,l3178974.2,wye,1,0.00054545,1,1
t5323399b,2,secondary_1,x3178974b,x3178974b.1.0,wye,0.01666667,0.00054545,1,1
t5323399b,3,secondary_2,x3178974b,x3178974b.0.2,wye,0.01666667,0.00054545,1,1
t5321882c,1,primary,l2916607,l2916607.3,wye,1,0.00090909,1,1
t5321882c,2,secondary_1,x2916607c,x2916607c.1.0,wye,0.01666667,0.00090909,1,1
t5321882c,3,secondary_2,x2916607c,x2916607c.0.2,wye,0.01666667,0.00090909,1,1
t5339021a,1,primary,l3197652,l3197652.1,wye,1,0.00090909,1,1
t5339021a,2,secondary_1,x3197652a,x3197652a.1.0,wye,0.01666667,0.00090909,1,1
t5339021a,3,secondary_2,x3197652a,x3197652a.0.2,wye,0.01666667,0.00090909,1,1
t5355589b,1,primary,l2691939,l2691939.2,wye,1,0.00090909,1,1
t5355589b,2,secondary_1,x2691939b,x2691939b.1.0,wye,0.01666667,0.00090909,1,1
t5355589b,3,secondary_2,x2691939b,x2691939b.0.2,wye,0.01666667,0.00090909,1,1
t225668688a,1,primary,l2858175,l2858175.1,wye,1,0.00054545,1,1
t225668688a,2,secondary_1,x2858175a,x2858175a.1.0,wye,0.01666667,0.00054545,1,1
t225668688a,3,secondary_2,x2858175a,x2858175a.0.2,wye,0.01666667,0.00054545,1,1
t5302803c,1,primary,l3085400,l3085400.3,wye,1,0.00090909,1,1
t5302803c,2,secondary_1,x3085400c,x3085400c.1.0,wye,0.01666667,0.00090909,1,1
t5302803c,3,secondary_2,x3085400c,x3085400c.0.2,wye,0.01666667,0.00090909,1,1
t5355596b,1,primary,l3178969,l3178969.2,wye,1,0.00054545,1,1
t5355596b,2,secondary_1,x3178969b,x3178969b.1.0,wye,0.01666667,0.00054545,1,1
t5355596b,3,secondary_2,x3178969b,x3178969b.0.2,wye,0.01666667,0.00054545,1,1
t21400108b,1,primary,l2748139,l2748139.2,wye,1,0.00054545,1,1
t21400108b,2,secondary_1,x2748139b,x2748139b.1.0,wye,0.01666667,0.00054545,1,1
t21400108b,3,secondary_2,x2748139b,x2748139b.0.2,wye,0.01666667,0.00054545,1,1
t21380500c,1,primary,l3235242,l3235242.3,wye,1,0.00090909,1,1
t21380500c,2,secondary_1,x3235242c,x3235242c.1.0,wye,0.01666667,0.00090909,1,1
t21380500c,3,secondary_2,x3235242c,x3235242c.0.2,wye,0.01666667,0.00090909,1,1
t28150189a,1,primary,l2729412,l2729412.1,wye,1,0.00090909,1,1
t28150189a,2,secondary_1,x2729412a,x2729412a.1.0,wye,0.01666667,0.00090909,1,1
t28150189a,3,secondary_2,x2729412a,x2729412a.0.2,wye,0.01666667,0.00090909,1,1
t226193737c,1,primary,l3082981,l3082981.3,wye,1,0.00054545,1,1
t226193737c,2,secondary_1,x3082981c,x3082981c.1.0,wye,0.01666667,0.00054545,1,1
t226193737c,3,secondary_2,x3082981c,x3082981c.0.2,wye,0.01666667,0.00054545,1,1
t5391989a,1,primary,l2766747,l2766747.1,wye,1,0.00090909,1,1
t5391989a,2,secondary_1,x2766747a,x2766747a.1.0,wye,0.01666667,0.00090909,1,1
t5391989a,3,secondary_2,x2766747a,x2766747a.0.2,wye,0.01666667,0.00090909,1,1
t5328365b,1,primary,l3179646,l3179646.2,wye,1,0.00136364,1,1
t5328365b,2,secondary_1,x3179646b,x3179646b.1.0,wye,0.01666667,0.00136364,1,1
t5328365b,3,secondary_2,x3179646b,x3179646b.0.2,wye,0.01666667,0.00136364,1,1
t21387206c,1,primary,l3235251,l3235251.3,wye,1,0.00054545,1,1
t21387206c,2,secondary_1,x3235251c,x3235251c.1.0,wye,0.01666667,0.00054545,1,1
t21387206c,3,secondary_2,x3235251c,x3235251c.0.2,wye,0.01666667,0.00054545,1,1
t5337661b,1,primary,l2766749,l2766749.2,wye,1,0.00090909,1,1
t5337661b,2,secondary_1,x2766749b,x2766749b.1.0,wye,0.01666667,0.00090909,1,1
t5337661b,3,secondary_2,x2766749b,x2766749b.0.2,wye,0.01666667,0.00090909,1,1
t5338965a,1,primary,l3010568,l3010568.1,wye,1,0.00090909,1,1
t5338965a,2,secondary_1,x3010568a,x3010568a.1.0,wye,0.01666667,0.00090909,1,1
t5338965a,3,secondary_2,x3010568a,x3010568a.0.2,wye,0.01666667,0.00090909,1,1
t5391748b,1,primary,l2991902,l2991902.2,wye,1,0.00090909,1,1
t5391748b,2,secondary_1,x2991902b,x2991902b.1.0,wye,0.01666667,0.00090909,1,1
t5391748b,3,secondary_2,x2991902b,x2991902b.0.2,wye,0.01666667,0.00090909,1,1
t5356013a,1,primary,l2954348,l2954348.1,wye,1,0.00090909,1,1
t5356013a,2,secondary_1,x2954348a,x2954348a.1.0,wye,0.01666667,0.00090909,1,1
t5356013a,3,secondary_2,x2954348a,x2954348a.0.2,wye,0.01666667,0.00090909,1,1
t5323255b,1,primary,l2860484,l2860484.2,wye,1,0.00054545,1,1
t5323255b,2,secondary_1,x2860484b,x2860484b.1.0,wye,0.01666667,0.00054545,1,1
t5323255b,3,secondary_2,x2860484b,x2860484b.0.2,wye,0.01666667,0.00054545,1,1
t21399229a,1,primary,l2879078,l2879078.1,wye,1,0.00054545,1,1
t21399229a,2,secondary_1,x2879078a,x2879078a.1.0,wye,0.01666667,0.00054545,1,1
t21399229a,3,secondary_2,x2879078a,x2879078a.0.2,wye,0.01666667,0.00054545,1,1
t2224237643a,1,primary,l3649301,l3649301.1,wye,1,0.00136364,1,1
t2224237643a,2,secondary_1,x3649301a,x3649301a.1.0,wye,0.01666667,0.00136364,1,1
t2224237643a,3,secondary_2,x3649301a,x3649301a.0.2,wye,0.01666667,0.00136364,1,1
t5302473a,1,primary,l2804252,l2804252.1,wye,1,0.00090909,1,1
t5302473a,2,secondary_1,x2804252a,x2804252a.1.0,wye,0.01666667,0.00090909,1,1
t5302473a,3,secondary_2,x2804252a,x2804252a.0.2,wye,0.01666667,0.00090909,1,1
t226193886b,1,primary,l2783231,l2783231.2,wye,1,0.00090909,1,1
t226193886b,2,secondary_1,x2783231b,x2783231b.1.0,wye,0.01666667,0.00090909,1,1
t226193886b,3,secondary_2,x2783231b,x2783231b.0.2,wye,0.01666667,0.00090909,1,1
t5323394b,1,primary,l2710504,l2710504.2,wye,1,0.00136364,1,1
t5323394b,2,secondary_1,x2710504b,x2710504b.1.0,wye,0.01666667,0.00136364,1,1
t5323394b,3,secondary_2,x2710504b,x2710504b.0.2,wye,0.01666667,0.00136364,1,1
t21383553b,1,primary,l2935547,l2935547.2,wye,1,0.00054545,1,1
t21383553b,2,secondary_1,x2935547b,x2935547b.1.0,wye,0.01666667,0.00054545,1,1
t21383553b,3,secondary_2,x2935547b,x2935547b.0.2,wye,0.01666667,0.00054545,1,1
t5391742b,1,primary,l3048201,l3048201.2,wye,1,0.00090909,1,1
t5391742b,2,secondary_1,x3048201b,x3048201b.1.0,wye,0.01666667,0.00090909,1,1
t5391742b,3,secondary_2,x3048201b,x3048201b.0.2,wye,0.01666667,0.00090909,1,1
t5274992c,1,primary,l2804250,l2804250.3,wye,1,0.00090909,1,1
t5274992c,2,secondary_1,x2804250c,x2804250c.1.0,wye,0.01666667,0.00090909,1,1
t5274992c,3,secondary_2,x2804250c,x2804250c.0.2,wye,0.01666667,0.00090909,1,1
t225700953a,1,primary,l3081380,l3081380.1,wye,1,0.00054545,1,1
t225700953a,2,secondary_1,x3081380a,x3081380a.1.0,wye,0.01666667,0.00054545,1,1
t225700953a,3,secondary_2,x3081380a,x3081380a.0.2,wye,0.01666667,0.00054545,1,1
t226964880a,1,primary,l3172805,l3172805.1,wye,1,0.00090909,1,1
t226964880a,2,secondary_1,x3172805a,x3172805a.1.0,wye,0.01666667,0.00090909,1,1
t226964880a,3,secondary_2,x3172805a,x3172805a.0.2,wye,0.01666667,0.00090909,1,1
t21386552b,1,primary,l2822867,l2822867.2,wye,1,0.00054545,1,1
t21386552b,2,secondary_1,x2822867b,x2822867b.1.0,wye,0.01666667,0.00054545,1,1
t21386552b,3,secondary_2,x2822867b,x2822867b.0.2,wye,0.01666667,0.00054545,1,1
t5302734a,1,primary,l2991922,l2991922.1,wye,1,0.00054545,1,1
t5302734a,2,secondary_1,x2991922a,x2991922a.1.0,wye,0.01666667,0.00054545,1,1
t5302734a,3,secondary_2,x2991922a,x2991922a.0.2,wye,0.01666667,0.00054545,1,1
t5338955b,1,primary,l3010560,l3010560.2,wye,1,0.00090909,1,1
t5338955b,2,secondary_1,x3010560b,x3010560b.1.0,wye,0.01666667,0.00090909,1,1
t5338955b,3,secondary_2,x3010560b,x3010560b.0.2,wye,0.01666667,0.00090909,1,1
t5339002b,1,primary,l2785536,l2785536.2,wye,1,0.00054545,1,1
t5339002b,2,secondary_1,x2785536b,x2785536b.1.0,wye,0.01666667,0.00054545,1,1
t5339002b,3,secondary_2,x2785536b,x2785536b.0.2,wye,0.01666667,0.00054545,1,1
t5260551c,1,primary,l3160872,l3160872.3,wye,1,0.00136364,1,1
t5260551c,2,secondary_1,x3160872c,x3160872c.1.0,wye,0.01666667,0.00136364,1,1
t5260551c,3,secondary_2,x3160872c,x3160872c.0.2,wye,0.01666667,0.00136364,1,1
t5337665b,1,primary,l2973178,l2973178.2,wye,1,0.00054545,1,1
t5337665b,2,secondary_1,x2973178b,x2973178b.1.0,wye,0.01666667,0.00054545,1,1
t5337665b,3,secondary_2,x2973178b,x2973178b.0.2,wye,0.01666667,0.00054545,1,1
t21426205b,1,primary,l2731712,l2731712.2,wye,1,0.00090909,1,1
t21426205b,2,secondary_1,x2731712b,x2731712b.1.0,wye,0.01666667,0.00090909,1,1
t21426205b,3,secondary_2,x2731712b,x2731712b.0.2,wye,0.01666667,0.00090909,1,1
t28120786a,1,primary,l2841628,l2841628.1,wye,1,0.00090909,1,1
t28120786a,2,secondary_1,x2841628a,x2841628a.1.0,wye,0.01666667,0.00090909,1,1
t28120786a,3,secondary_2,x2841628a,x2841628a.0.2,wye,0.01666667,0.00090909,1,1
t5321849b,1,primary,l2748152,l2748152.2,wye,1,0.00054545,1,1
t5321849b,2,secondary_1,x2748152b,x2748152b.1.0,wye,0.01666667,0.00054545,1,1
t5321849b,3,secondary_2,x2748152b,x2748152b.0.2,wye,0.01666667,0.00054545,1,1
t5339049a,1,primary,l2916602,l2916602.1,wye,1,0.00090909,1,1
t5339049a,2,secondary_1,x2916602a,x2916602a.1.0,wye,0.01666667,0.00090909,1,1
t5339049a,3,secondary_2,x2916602a,x2916602a.0.2,wye,0.01666667,0.00090909,1,1
t225533337a,1,primary,l2929261,l2929261.1,wye,1,0.00054545,1,1
t225533337a,2,secondary_1,x2929261a,x2929261a.1.0,wye,0.01666667,0.00054545,1,1
t225533337a,3,secondary_2,x2929261a,x2929261a.0.2,wye,0.01666667,0.00054545,1,1
t5138680a,1,primary,l2710521,l2710521.1,wye,1,0.00090909,1,1
t5138680a,2,secondary_1,x2710521a,x2710521a.1.0,wye,0.01666667,0.00090909,1,1
t5138680a,3,secondary_2,x2710521a,x2710521a.0.2,wye,0.01666667,0.00090909,1,1
t21249626b,1,primary,l3142079,l3142079.2,wye,1,0.00054545,1,1
t21249626b,2,secondary_1,x3142079b,x3142079b.1.0,wye,0.01666667,0.00054545,1,1
t21249626b,3,secondary_2,x3142079b,x3142079b.0.2,wye,0.01666667,0.00054545,1,1
t5337695b,1,primary,l2879072,l2879072.2,wye,1,0.00054545,1,1
t5337695b,2,secondary_1,x2879072b,x2879072b.1.0,wye,0.01666667,0.00054545,1,1
t5337695b,3,secondary_2,x2879072b,x2879072b.0.2,wye,0.01666667,0.00054545,1,1
t5323249b,1,primary,l2729427,l2729427.2,wye,1,0.00054545,1,1
t5323249b,2,secondary_1,x2729427b,x2729427b.1.0,wye,0.01666667,0.00054545,1,1
t5323249b,3,secondary_2,x2729427b,x2729427b.0.2,wye,0.01666667,0.00054545,1,1
t5321841b,1,primary,l2954347,l2954347.2,wye,1,0.00090909,1,1
t5321841b,2,secondary_1,x2954347b,x2954347b.1.0,wye,0.01666667,0.00090909,1,1
t5321841b,3,secondary_2,x2954347b,x2954347b.0.2,wye,0.01666667,0.00090909,1,1
t5260595a,1,primary,l2767340,l2767340.1,wye,1,0.00272727,1,1
t5260595a,2,secondary_1,x2767340a,x2767340a.1.0,wye,0.01666667,0.00272727,1,1
t5260595a,3,secondary_2,x2767340a,x2767340a.0.2,wye,0.01666667,0.00272727,1,1
t5260595b,1,primary,l2767340,l2767340.2,wye,1,0.00272727,1,1
t5260595b,2,secondary_1,x2767340b,x2767340b.1.0,wye,0.01666667,0.00272727,1,1
t5260595b,3,secondary_2,x2767340b,x2767340b.0.2,wye,0.01666667,0.00272727,1,1
t5260595c,1,primary,l2767340,l2767340.3,wye,1,0.00272727,1,1
t5260595c,2,secondary_1,x2767340c,x2767340c.1.0,wye,0.01666667,0.00272727,1,1
t5260595c,3,secondary_2,x2767340c,x2767340c.0.2,wye,0.01666667,0.00272727,1,1
t5293427c,1,primary,l3104157,l3104157.3,wye,1,0.00090909,1,1
t5293427c,2,secondary_1,x3104157c,x3104157c.1.0,wye,0.01666667,0.00090909,1,1
t5293427c,3,secondary_2,x3104157c,x3104157c.0.2,wye,0.01666667,0.00090909,1,1
t5321858b,1,primary,l3122815,l3122815.2,wye,1,0.00054545,1,1
t5321858b,2,secondary_1,x3122815b,x3122815b.1.0,wye,0.01666667,0.00054545,1,1
t5321858b,3,secondary_2,x3122815b,x3122815b.0.2,wye,0.01666667,0.00054545,1,1
t5274987c,1,primary,l2916605,l2916605.3,wye,1,0.00054545,1,1
t5274987c,2,secondary_1,x2916605c,x2916605c.1.0,wye,0.01666667,0.00054545,1,1
t5274987c,3,secondary_2,x2916605c,x2916605c.0.2,wye,0.01666667,0.00054545,1,1
t227944551a,1,primary,l3234149,l3234149.1,wye,1,0.00909091,1,1
t227944551a,2,secondary_1,x3234149a,x3234149a.1.0,wye,0.01666667,0.00909091,1,1
t227944551a,3,secondary_2,x3234149a,x3234149a.0.2,wye,0.01666667,0.00909091,1,1
t227944551b,1,primary,l3234149,l3234149.2,wye,1,0.00909091,1,1
t227944551b,2,secondary_1,x3234149b,x3234149b.1.0,wye,0.01666667,0.00909091,1,1
t227944551b,3,secondary_2,x3234149b,x3234149b.0.2,wye,0.01666667,0.00909091,1,1
t227944551c,1,primary,l3234149,l3234149.3,wye,1,0.00909091,1,1
t227944551c,2,secondary_1,x3234149c,x3234149c.1.0,wye,0.01666667,0.00909091,1,1
t227944551c,3,secondary_2,x3234149c,x3234149c.0.2,wye,0.01666667,0.00909091,1,1
t21386143c,1,primary,l3160862,l3160862.3,wye,1,0.00054545,1,1
t21386143c,2,secondary_1,x3160862c,x3160862c.1.0,wye,0.01666667,0.00054545,1,1
t21386143c,3,secondary_2,x3160862c,x3160862c.0.2,wye,0.01666667,0.00054545,1,1
t226308727b,1,primary,l3233413,l3233413.2,wye,1,0.00181818,1,1
t226308727b,2,secondary_1,x3233413b,x3233413b.1.0,wye,0.01666667,0.00181818,1,1
t226308727b,3,secondary_2,x3233413b,x3233413b.0.2,wye,0.01666667,0.00181818,1,1
t5274986c,1,primary,l2822865,l2822865.3,wye,1,0.00036364,1,1
t5274986c,2,secondary_1,x2822865c,x2822865c.1.0,wye,0.01666667,0.00036364,1,1
t5274986c,3,secondary_2,x2822865c,x2822865c.0.2,wye,0.01666667,0.00036364,1,1
t5391981a,1,primary,l2879081,l2879081.1,wye,1,0.00054545,1,1
t5391981a,2,secondary_1,x2879081a,x2879081a.1.0,wye,0.01666667,0.00054545,1,1
t5391981a,3,secondary_2,x2879081a,x2879081a.0.2,wye,0.01666667,0.00054545,1,1
t28147974b,1,primary,l2691946,l2691946.2,wye,1,0.00054545,1,1
t28147974b,2,secondary_1,x2691946b,x2691946b.1.0,wye,0.01666667,0.00054545,1,1
t28147974b,3,secondary_2,x2691946b,x2691946b.0.2,wye,0.01666667,0.00054545,1,1
t227411655c,1,primary,l2806553,l2806553.3,wye,1,0.00090909,1,1
t227411655c,2,secondary_1,x2806553c,x2806553c.1.0,wye,0.01666667,0.00090909,1,1
t227411655c,3,secondary_2,x2806553c,x2806553c.0.2,wye,0.01666667,0.00090909,1,1
t5302859c,1,primary,l3254215,l3254215.3,wye,1,0.00054545,1,1
t5302859c,2,secondary_1,x3254215c,x3254215c.1.0,wye,0.01666667,0.00054545,1,1
t5302859c,3,secondary_2,x3254215c,x3254215c.0.2,wye,0.01666667,0.00054545,1,1
t226192801c,1,primary,l2951995,l2951995.3,wye,1,0.00272727,1,1
t226192801c,2,secondary_1,x2951995c,x2951995c.1.0,wye,0.01666667,0.00272727,1,1
t226192801c,3,secondary_2,x2951995c,x2951995c.0.2,wye,0.01666667,0.00272727,1,1
t5138651c,1,primary,l3197628,l3197628.3,wye,1,0.00090909,1,1
t5138651c,2,secondary_1,x3197628c,x3197628c.1.0,wye,0.01666667,0.00090909,1,1
t5138651c,3,secondary_2,x3197628c,x3197628c.0.2,wye,0.01666667,0.00090909,1,1
t21470122b,1,primary,l2673343,l2673343.2,wye,1,0.00054545,1,1
t21470122b,2,secondary_1,x2673343b,x2673343b.1.0,wye,0.01666667,0.00054545,1,1
t21470122b,3,secondary_2,x2673343b,x2673343b.0.2,wye,0.01666667,0.00054545,1,1
t28127146b,1,primary,l3160864,l3160864.2,wye,1,0.00054545,1,1
t28127146b,2,secondary_1,x3160864b,x3160864b.1.0,wye,0.01666667,0.00054545,1,1
t28127146b,3,secondary_2,x3160864b,x3160864b.0.2,wye,0.01666667,0.00054545,1,1
t5260601c,1,primary,l2730149,l2730149.3,wye,1,0.00054545,1,1
t5260601c,2,secondary_1,x2730149c,x2730149c.1.0,wye,0.01666667,0.00054545,1,1
t5260601c,3,secondary_2,x2730149c,x2730149c.0.2,wye,0.01666667,0.00054545,1,1
t5323284b,1,primary,l3160113,l3160113.2,wye,1,0.00090909,1,1
t5323284b,2,secondary_1,x3160113b,x3160113b.1.0,wye,0.01666667,0.00090909,1,1
t5323284b,3,secondary_2,x3160113b,x3160113b.0.2,wye,0.01666667,0.00090909,1,1
t5294810a,1,primary,l3010585,l3010585.1,wye,1,0.00136364,1,1
t5294810a,2,secondary_1,x3010585a,x3010585a.1.0,wye,0.01666667,0.00136364,1,1
t5294810a,3,secondary_2,x3010585a,x3010585a.0.2,wye,0.01666667,0.00136364,1,1
t5355359b,1,primary,l2766730,l2766730.2,wye,1,0.00054545,1,1
t5355359b,2,secondary_1,x2766730b,x2766730b.1.0,wye,0.01666667,0.00054545,1,1
t5355359b,3,secondary_2,x2766730b,x2766730b.0.2,wye,0.01666667,0.00054545,1,1
t5260638c,1,primary,l3160871,l3160871.3,wye,1,0.00090909,1,1
t5260638c,2,secondary_1,x3160871c,x3160871c.1.0,wye,0.01666667,0.00090909,1,1
t5260638c,3,secondary_2,x3160871c,x3160871c.0.2,wye,0.01666667,0.00090909,1,1
t5338969a,1,primary,l3104129,l3104129.1,wye,1,0.00136364,1,1
t5338969a,2,secondary_1,x3104129a,x3104129a.1.0,wye,0.01666667,0.00136364,1,1
t5338969a,3,secondary_2,x3104129a,x3104129a.0.2,wye,0.01666667,0.00136364,1,1
t5302672c,1,primary,l3254205,l3254205.3,wye,1,0.00090909,1,1
t5302672c,2,secondary_1,x3254205c,x3254205c.1.0,wye,0.01666667,0.00090909,1,1
t5302672c,3,secondary_2,x3254205c,x3254205c.0.2,wye,0.01666667,0.00090909,1,1
t5339046a,1,primary,l2785511,l2785511.1,wye,1,0.00090909,1,1
t5339046a,2,secondary_1,x2785511a,x2785511a.1.0,wye,0.01666667,0.00090909,1,1
t5339046a,3,secondary_2,x2785511a,x2785511a.0.2,wye,0.01666667,0.00090909,1,1
t5355588b,1,primary,l2822857,l2822857.2,wye,1,0.00054545,1,1
t5355588b,2,secondary_1,x2822857b,x2822857b.1.0,wye,0.01666667,0.00054545,1,1
t5355588b,3,secondary_2,x2822857b,x2822857b.0.2,wye,0.01666667,0.00054545,1,1
t5262075c,1,primary,l3067448,l3067448.3,wye,1,0.00090909,1,1
t5262075c,2,secondary_1,x3067448c,x3067448c.1.0,wye,0.01666667,0.00090909,1,1
t5262075c,3,secondary_2,x3067448c,x3067448c.0.2,wye,0.01666667,0.00090909,1,1
t5260508a,1,primary,l2955081,l2955081.1,wye,1,0.00054545,1,1
t5260508a,2,secondary_1,x2955081a,x2955081a.1.0,wye,0.01666667,0.00054545,1,1
t5260508a,3,secondary_2,x2955081a,x2955081a.0.2,wye,0.01666667,0.00054545,1,1
t28099529c,1,primary,l3235268,l3235268.3,wye,1,0.00090909,1,1
t28099529c,2,secondary_1,x3235268c,x3235268c.1.0,wye,0.01666667,0.00090909,1,1
t28099529c,3,secondary_2,x3235268c,x3235268c.0.2,wye,0.01666667,0.00090909,1,1
t5356795c,1,primary,l2842330,l2842330.3,wye,1,0.00090909,1,1
t5356795c,2,secondary_1,x2842330c,x2842330c.1.0,wye,0.01666667,0.00090909,1,1
t5356795c,3,secondary_2,x2842330c,x2842330c.0.2,wye,0.01666667,0.00090909,1,1
t227917119a,1,primary,l2821770,l2821770.1,wye,1,0.00136364,1,1
t227917119a,2,secondary_1,x2821770a,x2821770a.1.0,wye,0.01666667,0.00136364,1,1
t227917119a,3,secondary_2,x2821770a,x2821770a.0.2,wye,0.01666667,0.00136364,1,1
t21400253b,1,primary,l2691959,l2691959.2,wye,1,0.00363636,1,1
t21400253b,2,secondary_1,x2691959b,x2691959b.1.0,wye,0.01666667,0.00363636,1,1
t21400253b,3,secondary_2,x2691959b,x2691959b.0.2,wye,0.01666667,0.00363636,1,1
t5356801a,1,primary,l3011229,l3011229.1,wye,1,0.00054545,1,1
t5356801a,2,secondary_1,x3011229a,x3011229a.1.0,wye,0.01666667,0.00054545,1,1
t5356801a,3,secondary_2,x3011229a,x3011229a.0.2,wye,0.01666667,0.00054545,1,1
t5223663c,1,primary,l2936216,l2936216.3,wye,1,0.00036364,1,1
t5223663c,2,secondary_1,x2936216c,x2936216c.1.0,wye,0.01666667,0.00036364,1,1
t5223663c,3,secondary_2,x2936216c,x2936216c.0.2,wye,0.01666667,0.00036364,1,1
t5138371c,1,primary,l2879073,l2879073.3,wye,1,0.00054545,1,1
t5138371c,2,secondary_1,x2879073c,x2879073c.1.0,wye,0.01666667,0.00054545,1,1
t5138371c,3,secondary_2,x2879073c,x2879073c.0.2,wye,0.01666667,0.00054545,1,1
t5323247b,1,primary,l2935553,l2935553.2,wye,1,0.00090909,1,1
t5323247b,2,secondary_1,x2935553b,x2935553b.1.0,wye,0.01666667,0.00090909,1,1
t5323247b,3,secondary_2,x2935553b,x2935553b.0.2,wye,0.01666667,0.00090909,1,1
t5138753b,1,primary,l2748130,l2748130.2,wye,1,0.00090909,1,1
t5138753b,2,secondary_1,x2748130b,x2748130b.1.0,wye,0.01666667,0.00090909,1,1
t5138753b,3,secondary_2,x2748130b,x2748130b.0.2,wye,0.01666667,0.00090909,1,1
t5339097b,1,primary,l3085410,l3085410.2,wye,1,0.00054545,1,1
t5339097b,2,secondary_1,x3085410b,x3085410b.1.0,wye,0.01666667,0.00054545,1,1
t5339097b,3,secondary_2,x3085410b,x3085410b.0.2,wye,0.01666667,0.00054545,1,1
t5323283b,1,primary,l2916618,l2916618.2,wye,1,0.00136364,1,1
t5323283b,2,secondary_1,x2916618b,x2916618b.1.0,wye,0.01666667,0.00136364,1,1
t5323283b,3,secondary_2,x2916618b,x2916618b.0.2,wye,0.01666667,0.00136364,1,1
t5321883c,1,primary,l3010564,l3010564.3,wye,1,0.00054545,1,1
t5321883c,2,secondary_1,x3010564c,x3010564c.1.0,wye,0.01666667,0.00054545,1,1
t5321883c,3,secondary_2,x3010564c,x3010564c.0.2,wye,0.01666667,0.00054545,1,1
t21391390b,1,primary,l3217064,l3217064.2,wye,1,0.00090909,1,1
t21391390b,2,secondary_1,x3217064b,x3217064b.1.0,wye,0.01666667,0.00090909,1,1
t21391390b,3,secondary_2,x3217064b,x3217064b.0.2,wye,0.01666667,0.00090909,1,1
t5350994c,1,primary,l3048968,l3048968.3,wye,1,0.00136364,1,1
t5350994c,2,secondary_1,x3048968c,x3048968c.1.0,wye,0.01666667,0.00136364,1,1
t5350994c,3,secondary_2,x3048968c,x3048968c.0.2,wye,0.01666667,0.00136364,1,1
t5391973c,1,primary,l2673319,l2673319.3,wye,1,0.00054545,1,1
t5391973c,2,secondary_1,x2673319c,x2673319c.1.0,wye,0.01666667,0.00054545,1,1
t5391973c,3,secondary_2,x2673319c,x2673319c.0.2,wye,0.01666667,0.00054545,1,1
t5338937c,1,primary,l2897777,l2897777.3,wye,1,0.00090909,1,1
t5338937c,2,secondary_1,x2897777c,x2897777c.1.0,wye,0.01666667,0.00090909,1,1
t5338937c,3,secondary_2,x2897777c,x2897777c.0.2,wye,0.01666667,0.00090909,1,1
t2224500658a,1,primary,l3784018,l3784018.1,wye,1,0.00036364,1,1
t2224500658a,2,secondary_1,x3784018a,x3784018a.1.0,wye,0.01666667,0.00036364,1,1
t2224500658a,3,secondary_2,x3784018a,x3784018a.0.2,wye,0.01666667,0.00036364,1,1
t5138313a,1,primary,l3141400,l3141400.1,wye,1,0.00036364,1,1
t5138313a,2,secondary_1,x3141400a,x3141400a.1.0,wye,0.01666667,0.00036364,1,1
t5138313a,3,secondary_2,x3141400a,x3141400a.0.2,wye,0.01666667,0.00036364,1,1
t21388572b,1,primary,l3235252,l3235252.2,wye,1,0.00090909,1,1
t21388572b,2,secondary_1,x3235252b,x3235252b.1.0,wye,0.01666667,0.00090909,1,1
t21388572b,3,secondary_2,x3235252b,x3235252b.0.2,wye,0.01666667,0.00090909,1,1
t226010605c,1,primary,l2764411,l2764411.3,wye,1,0.00054545,1,1
t226010605c,2,secondary_1,x2764411c,x2764411c.1.0,wye,0.01666667,0.00054545,1,1
t226010605c,3,secondary_2,x2764411c,x2764411c.0.2,wye,0.01666667,0.00054545,1,1
t5260554c,1,primary,l3030200,l3030200.3,wye,1,0.00054545,1,1
t5260554c,2,secondary_1,x3030200c,x3030200c.1.0,wye,0.01666667,0.00054545,1,1
t5260554c,3,secondary_2,x3030200c,x3030200c.0.2,wye,0.01666667,0.00054545,1,1
t227653310c,1,primary,l2746587,l2746587.3,wye,1,0.00090909,1,1
t227653310c,2,secondary_1,x2746587c,x2746587c.1.0,wye,0.01666667,0.00090909,1,1
t227653310c,3,secondary_2,x2746587c,x2746587c.0.2,wye,0.01666667,0.00090909,1,1
t5325473b,1,primary,l3010562,l3010562.2,wye,1,0.00054545,1,1
t5325473b,2,secondary_1,x3010562b,x3010562b.1.0,wye,0.01666667,0.00054545,1,1
t5325473b,3,secondary_2,x3010562b,x3010562b.0.2,wye,0.01666667,0.00054545,1,1
t227187012a,1,primary,l2896685,l2896685.1,wye,1,0.00054545,1,1
t227187012a,2,secondary_1,x2896685a,x2896685a.1.0,wye,0.01666667,0.00054545,1,1
t227187012a,3,secondary_2,x2896685a,x2896685a.0.2,wye,0.01666667,0.00054545,1,1
t227187012b,1,primary,l2896685,l2896685.2,wye,1,0.00054545,1,1
t227187012b,2,secondary_1,x2896685b,x2896685b.1.0,wye,0.01666667,0.00054545,1,1
t227187012b,3,secondary_2,x2896685b,x2896685b.0.2,wye,0.01666667,0.00054545,1,1
t227187012c,1,primary,l2896685,l2896685.3,wye,1,0.00054545,1,1
t227187012c,2,secondary_1,x2896685c,x2896685c.1.0,wye,0.01666667,0.00054545,1,1
t227187012c,3,secondary_2,x2896685c,x2896685c.0.2,wye,0.01666667,0.00054545,1,1
t28121368a,1,primary,l2748143,l2748143.1,wye,1,0.00090909,1,1
t28121368a,2,secondary_1,x2748143a,x2748143a.1.0,wye,0.01666667,0.00090909,1,1
t28121368a,3,secondary_2,x2748143a,x2748143a.0.2,wye,0.01666667,0.00090909,1,1
t21398815a,1,primary,l3216351,l3216351.1,wye,1,0.00090909,1,1
t21398815a,2,secondary_1,x3216351a,x3216351a.1.0,wye,0.01666667,0.00090909,1,1
t21398815a,3,secondary_2,x3216351a,x3216351a.0.2,wye,0.01666667,0.00090909,1,1
t5391993a,1,primary,l3156034,l3156034.1,wye,1,0.00036364,1,1
t5391993a,2,secondary_1,x3156034a,x3156034a.1.0,wye,0.01666667,0.00036364,1,1
t5391993a,3,secondary_2,x3156034a,x3156034a.0.2,wye,0.01666667,0.00036364,1,1
t5247057a,1,primary,l3104128,l3104128.1,wye,1,0.00054545,1,1
t5247057a,2,secondary_1,x3104128a,x3104128a.1.0,wye,0.01666667,0.00054545,1,1
t5247057a,3,secondary_2,x3104128a,x3104128a.0.2,wye,0.01666667,0.00054545,1,1
t5138472c,1,primary,l2673309,l2673309.3,wye,1,0.00090909,1,1
t5138472c,2,secondary_1,x2673309c,x2673309c.1.0,wye,0.01666667,0.00090909,1,1
t5138472c,3,secondary_2,x2673309c,x2673309c.0.2,wye,0.01666667,0.00090909,1,1
t21474587c,1,primary,l3104155,l3104155.3,wye,1,0.00090909,1,1
t21474587c,2,secondary_1,x3104155c,x3104155c.1.0,wye,0.01666667,0.00090909,1,1
t21474587c,3,secondary_2,x3104155c,x3104155c.0.2,wye,0.01666667,0.00090909,1,1
t21248901b,1,primary,l2729430,l2729430.2,wye,1,0.00090909,1,1
t21248901b,2,secondary_1,x2729430b,x2729430b.1.0,wye,0.01666667,0.00090909,1,1
t21248901b,3,secondary_2,x2729430b,x2729430b.0.2,wye,0.01666667,0.00090909,1,1
t5138644a,1,primary,l3197630,l3197630.1,wye,1,0.00090909,1,1
t5138644a,2,secondary_1,x3197630a,x3197630a.1.0,wye,0.01666667,0.00090909,1,1
t5138644a,3,secondary_2,x3197630a,x3197630a.0.2,wye,0.01666667,0.00090909,1,1
t5338908c,1,primary,l2860481,l2860481.3,wye,1,0.00036364,1,1
t5338908c,2,secondary_1,x2860481c,x2860481c.1.0,wye,0.01666667,0.00036364,1,1
t5338908c,3,secondary_2,x2860481c,x2860481c.0.2,wye,0.01666667,0.00036364,1,1
t5323253b,1,primary,l2973152,l2973152.2,wye,1,0.00090909,1,1
t5323253b,2,secondary_1,x2973152b,x2973152b.1.0,wye,0.01666667,0.00090909,1,1
t5323253b,3,secondary_2,x2973152b,x2973152b.0.2,wye,0.01666667,0.00090909,1,1
t21357901b,1,primary,l3160117,l3160117.2,wye,1,0.00090909,1,1
t21357901b,2,secondary_1,x3160117b,x3160117b.1.0,wye,0.01666667,0.00090909,1,1
t21357901b,3,secondary_2,x3160117b,x3160117b.0.2,wye,0.01666667,0.00090909,1,1
t5323235b,1,primary,l3197624,l3197624.2,wye,1,0.00018182,1,1
t5323235b,2,secondary_1,x3197624b,x3197624b.1.0,wye,0.01666667,0.00018182,1,1
t5323235b,3,secondary_2,x3197624b,x3197624b.0.2,wye,0.01666667,0.00018182,1,1
t226308710b,1,primary,l2708744,l2708744.2,wye,1,0.00272727,1,1
t226308710b,2,secondary_1,x2708744b,x2708744b.1.0,wye,0.01666667,0.00272727,1,1
t226308710b,3,secondary_2,x2708744b,x2708744b.0.2,wye,0.01666667,0.00272727,1,1
t5260620c,1,primary,l3067506,l3067506.3,wye,1,0.00036364,1,1
t5260620c,2,secondary_1,x3067506c,x3067506c.1.0,wye,0.01666667,0.00036364,1,1
t5260620c,3,secondary_2,x3067506c,x3067506c.0.2,wye,0.01666667,0.00036364,1,1
t5302834c,1,primary,l2841625,l2841625.3,wye,1,0.00036364,1,1
t5302834c,2,secondary_1,x2841625c,x2841625c.1.0,wye,0.01666667,0.00036364,1,1
t5302834c,3,secondary_2,x2841625c,x2841625c.0.2,wye,0.01666667,0.00036364,1,1
t5323245b,1,primary,l2785512,l2785512.2,wye,1,0.00090909,1,1
t5323245b,2,secondary_1,x2785512b,x2785512b.1.0,wye,0.01666667,0.00090909,1,1
t5323245b,3,secondary_2,x2785512b,x2785512b.0.2,wye,0.01666667,0.00090909,1,1
t5138236b,1,primary,l2673305,l2673305.2,wye,1,0.00036364,1,1
t5138236b,2,secondary_1,x2673305b,x2673305b.1.0,wye,0.01666667,0.00036364,1,1
t5138236b,3,secondary_2,x2673305b,x2673305b.0.2,wye,0.01666667,0.00036364,1,1
t5323234b,1,primary,l2860480,l2860480.2,wye,1,0.00090909,1,1
t5323234b,2,secondary_1,x2860480b,x2860480b.1.0,wye,0.01666667,0.00090909,1,1
t5323234b,3,secondary_2,x2860480b,x2860480b.0.2,wye,0.01666667,0.00090909,1,1
t226196642a,1,primary,l2914324,l2914324.1,wye,1,0.00018182,1,1
t226196642a,2,secondary_1,x2914324a,x2914324a.1.0,wye,0.01666667,0.00018182,1,1
t226196642a,3,secondary_2,x2914324a,x2914324a.0.2,wye,0.01666667,0.00018182,1,1
t21386754a,1,primary,l2766741,l2766741.1,wye,1,0.00090909,1,1
t21386754a,2,secondary_1,x2766741a,x2766741a.1.0,wye,0.01666667,0.00090909,1,1
t21386754a,3,secondary_2,x2766741a,x2766741a.0.2,wye,0.01666667,0.00090909,1,1
t5339001b,1,primary,l3178988,l3178988.2,wye,1,0.00036364,1,1
t5339001b,2,secondary_1,x3178988b,x3178988b.1.0,wye,0.01666667,0.00036364,1,1
t5339001b,3,secondary_2,x3178988b,x3178988b.0.2,wye,0.01666667,0.00036364,1,1
t5339017c,1,primary,l2729423,l2729423.3,wye,1,0.00054545,1,1
t5339017c,2,secondary_1,x2729423c,x2729423c.1.0,wye,0.01666667,0.00054545,1,1
t5339017c,3,secondary_2,x2729423c,x2729423c.0.2,wye,0.01666667,0.00054545,1,1
t28147708b,1,primary,l2991929,l2991929.2,wye,1,0.00090909,1,1
t28147708b,2,secondary_1,x2991929b,x2991929b.1.0,wye,0.01666667,0.00090909,1,1
t28147708b,3,secondary_2,x2991929b,x2991929b.0.2,wye,0.01666667,0.00090909,1,1
t5356802a,1,primary,l2767342,l2767342.1,wye,1,0.00090909,1,1
t5356802a,2,secondary_1,x2767342a,x2767342a.1.0,wye,0.01666667,0.00090909,1,1
t5356802a,3,secondary_2,x2767342a,x2767342a.0.2,wye,0.01666667,0.00090909,1,1
t5356815a,1,primary,l2936212,l2936212.1,wye,1,0.00090909,1,1
t5356815a,2,secondary_1,x2936212a,x2936212a.1.0,wye,0.01666667,0.00090909,1,1
t5356815a,3,secondary_2,x2936212a,x2936212a.0.2,wye,0.01666667,0.00090909,1,1
t21389761b,1,primary,l2861219,l2861219.2,wye,1,0.00090909,1,1
t21389761b,2,secondary_1,x2861219b,x2861219b.1.0,wye,0.01666667,0.00090909,1,1
t21389761b,3,secondary_2,x2861219b,x2861219b.0.2,wye,0.01666667,0.00090909,1,1
t226163467a,1,primary,l3120376,l3120376.1,wye,1,0.00090909,1,1
t226163467a,2,secondary_1,x3120376a,x3120376a.1.0,wye,0.01666667,0.00090909,1,1
t226163467a,3,secondary_2,x3120376a,x3120376a.0.2,wye,0.01666667,0.00090909,1,1
t5302400a,1,primary,l2991919,l2991919.1,wye,1,0.00054545,1,1
t5302400a,2,secondary_1,x2991919a,x2991919a.1.0,wye,0.01666667,0.00054545,1,1
t5302400a,3,secondary_2,x2991919a,x2991919a.0.2,wye,0.01666667,0.00054545,1,1
t21380599a,1,primary,l3066804,l3066804.1,wye,1,0.00136364,1,1
t21380599a,2,secondary_1,x3066804a,x3066804a.1.0,wye,0.01666667,0.00136364,1,1
t21380599a,3,secondary_2,x3066804a,x3066804a.0.2,wye,0.01666667,0.00136364,1,1
t5274999c,1,primary,l2935550,l2935550.3,wye,1,0.00090909,1,1
t5274999c,2,secondary_1,x2935550c,x2935550c.1.0,wye,0.01666667,0.00090909,1,1
t5274999c,3,secondary_2,x2935550c,x2935550c.0.2,wye,0.01666667,0.00090909,1,1
t5247105b,1,primary,l2691942,l2691942.2,wye,1,0.00054545,1,1
t5247105b,2,secondary_1,x2691942b,x2691942b.1.0,wye,0.01666667,0.00054545,1,1
t5247105b,3,secondary_2,x2691942b,x2691942b.0.2,wye,0.01666667,0.00054545,1,1
t5260634a,1,primary,l2842383,l2842383.1,wye,1,0.00054545,1,1
t5260634a,2,secondary_1,x2842383a,x2842383a.1.0,wye,0.01666667,0.00054545,1,1
t5260634a,3,secondary_2,x2842383a,x2842383a.0.2,wye,0.01666667,0.00054545,1,1
t5223660c,1,primary,l3160863,l3160863.3,wye,1,0.00054545,1,1
t5223660c,2,secondary_1,x3160863c,x3160863c.1.0,wye,0.01666667,0.00054545,1,1
t5223660c,3,secondary_2,x3160863c,x3160863c.0.2,wye,0.01666667,0.00054545,1,1
t5337668b,1,primary,l2935549,l2935549.2,wye,1,0.00136364,1,1
t5337668b,2,secondary_1,x2935549b,x2935549b.1.0,wye,0.01666667,0.00136364,1,1
t5337668b,3,secondary_2,x2935549b,x2935549b.0.2,wye,0.01666667,0.00136364,1,1
t226194865a,1,primary,l3027122,l3027122.1,wye,1,0.00090909,1,1
t226194865a,2,secondary_1,x3027122a,x3027122a.1.0,wye,0.01666667,0.00090909,1,1
t226194865a,3,secondary_2,x3027122a,x3027122a.0.2,wye,0.01666667,0.00090909,1,1
t5338990b,1,primary,l2673331,l2673331.2,wye,1,0.00181818,1,1
t5338990b,2,secondary_1,x2673331b,x2673331b.1.0,wye,0.01666667,0.00181818,1,1
t5338990b,3,secondary_2,x2673331b,x2673331b.0.2,wye,0.01666667,0.00181818,1,1
t5338988a,1,primary,l3254231,l3254231.1,wye,1,0.00036364,1,1
t5338988a,2,secondary_1,x3254231a,x3254231a.1.0,wye,0.01666667,0.00036364,1,1
t5338988a,3,secondary_2,x3254231a,x3254231a.0.2,wye,0.01666667,0.00036364,1,1
t5321860b,1,primary,l2785543,l2785543.2,wye,1,0.00090909,1,1
t5321860b,2,secondary_1,x2785543b,x2785543b.1.0,wye,0.01666667,0.00090909,1,1
t5321860b,3,secondary_2,x2785543b,x2785543b.0.2,wye,0.01666667,0.00090909,1,1
t21459640c,1,primary,l2970258,l2970258.3,wye,1,0.00136364,1,1
t21459640c,2,secondary_1,x2970258c,x2970258c.1.0,wye,0.01666667,0.00136364,1,1
t21459640c,3,secondary_2,x2970258c,x2970258c.0.2,wye,0.01666667,0.00136364,1,1
t5323392b,1,primary,l2748124,l2748124.2,wye,1,0.00090909,1,1
t5323392b,2,secondary_1,x2748124b,x2748124b.1.0,wye,0.01666667,0.00090909,1,1
t5323392b,3,secondary_2,x2748124b,x2748124b.0.2,wye,0.01666667,0.00090909,1,1
t5207290a,1,primary,l2879773,l2879773.1,wye,1,0.00090909,1,1
t5207290a,2,secondary_1,x2879773a,x2879773a.1.0,wye,0.01666667,0.00090909,1,1
t5207290a,3,secondary_2,x2879773a,x2879773a.0.2,wye,0.01666667,0.00090909,1,1
t5302808c,1,primary,l2841626,l2841626.3,wye,1,0.00036364,1,1
t5302808c,2,secondary_1,x2841626c,x2841626c.1.0,wye,0.01666667,0.00036364,1,1
t5302808c,3,secondary_2,x2841626c,x2841626c.0.2,wye,0.01666667,0.00036364,1,1
t28148633a,1,primary,l2991905,l2991905.1,wye,1,0.00136364,1,1
t28148633a,2,secondary_1,x2991905a,x2991905a.1.0,wye,0.01666667,0.00136364,1,1
t28148633a,3,secondary_2,x2991905a,x2991905a.0.2,wye,0.01666667,0.00136364,1,1
t21015829a,1,primary,l2822861,l2822861.1,wye,1,0.00090909,1,1
t21015829a,2,secondary_1,x2822861a,x2822861a.1.0,wye,0.01666667,0.00090909,1,1
t21015829a,3,secondary_2,x2822861a,x2822861a.0.2,wye,0.01666667,0.00090909,1,1
t5356011a,1,primary,l3216337,l3216337.1,wye,1,0.00054545,1,1
t5356011a,2,secondary_1,x3216337a,x3216337a.1.0,wye,0.01666667,0.00054545,1,1
t5356011a,3,secondary_2,x3216337a,x3216337a.0.2,wye,0.01666667,0.00054545,1,1
t5260514c,1,primary,l2674047,l2674047.3,wye,1,0.00054545,1,1
t5260514c,2,secondary_1,x2674047c,x2674047c.1.0,wye,0.01666667,0.00054545,1,1
t5260514c,3,secondary_2,x2674047c,x2674047c.0.2,wye,0.01666667,0.00054545,1,1
t5338976b,1,primary,l2691967,l2691967.2,wye,1,0.00054545,1,1
t5338976b,2,secondary_1,x2691967b,x2691967b.1.0,wye,0.01666667,0.00054545,1,1
t5338976b,3,secondary_2,x2691967b,x2691967b.0.2,wye,0.01666667,0.00054545,1,1
t2224179616c,1,primary,l3626914,l3626914.3,wye,1,0.00054545,1,1
t2224179616c,2,secondary_1,x3626914c,x3626914c.1.0,wye,0.01666667,0.00054545,1,1
t2224179616c,3,secondary_2,x3626914c,x3626914c.0.2,wye,0.01666667,0.00054545,1,1
t227903012a,1,primary,l3177894,l3177894.1,wye,1,0.00090909,1,1
t227903012a,2,secondary_1,x3177894a,x3177894a.1.0,wye,0.01666667,0.00090909,1,1
t227903012a,3,secondary_2,x3177894a,x3177894a.0.2,wye,0.01666667,0.00090909,1,1
t226308716b,1,primary,l2690187,l2690187.2,wye,1,0.00272727,1,1
t226308716b,2,secondary_1,x2690187b,x2690187b.1.0,wye,0.01666667,0.00272727,1,1
t226308716b,3,secondary_2,x2690187b,x2690187b.0.2,wye,0.01666667,0.00272727,1,1
t5293673a,1,primary,l3122827,l3122827.1,wye,1,0.00090909,1,1
t5293673a,2,secondary_1,x3122827a,x3122827a.1.0,wye,0.01666667,0.00090909,1,1
t5293673a,3,secondary_2,x3122827a,x3122827a.0.2,wye,0.01666667,0.00090909,1,1
t2223664050b,1,primary,l3315860,l3315860.2,wye,1,0.00054545,1,1
t2223664050b,2,secondary_1,x3315860b,x3315860b.1.0,wye,0.01666667,0.00054545,1,1
t2223664050b,3,secondary_2,x3315860b,x3315860b.0.2,wye,0.01666667,0.00054545,1,1
t5355942a,1,primary,l2973165,l2973165.1,wye,1,0.00090909,1,1
t5355942a,2,secondary_1,x2973165a,x2973165a.1.0,wye,0.01666667,0.00090909,1,1
t5355942a,3,secondary_2,x2973165a,x2973165a.0.2,wye,0.01666667,0.00090909,1,1
t5338983b,1,primary,l2691965,l2691965.2,wye,1,0.00018182,1,1
t5338983b,2,secondary_1,x2691965b,x2691965b.1.0,wye,0.01666667,0.00018182,1,1
t5338983b,3,secondary_2,x2691965b,x2691965b.0.2,wye,0.01666667,0.00018182,1,1
t5391991a,1,primary,l3216346,l3216346.1,wye,1,0.00054545,1,1
t5391991a,2,secondary_1,x3216346a,x3216346a.1.0,wye,0.01666667,0.00054545,1,1
t5391991a,3,secondary_2,x3216346a,x3216346a.0.2,wye,0.01666667,0.00054545,1,1
t5321892c,1,primary,l3235267,l3235267.3,wye,1,0.00090909,1,1
t5321892c,2,secondary_1,x3235267c,x3235267c.1.0,wye,0.01666667,0.00090909,1,1
t5321892c,3,secondary_2,x3235267c,x3235267c.0.2,wye,0.01666667,0.00090909,1,1
t5138464c,1,primary,l3066801,l3066801.3,wye,1,0.00036364,1,1
t5138464c,2,secondary_1,x3066801c,x3066801c.1.0,wye,0.01666667,0.00036364,1,1
t5138464c,3,secondary_2,x3066801c,x3066801c.0.2,wye,0.01666667,0.00036364,1,1
t5260621c,1,primary,l2898515,l2898515.3,wye,1,0.00090909,1,1
t5260621c,2,secondary_1,x2898515c,x2898515c.1.0,wye,0.01666667,0.00090909,1,1
t5260621c,3,secondary_2,x2898515c,x2898515c.0.2,wye,0.01666667,0.00090909,1,1
t5337697b,1,primary,l2804258,l2804258.2,wye,1,0.00090909,1,1
t5337697b,2,secondary_1,x2804258b,x2804258b.1.0,wye,0.01666667,0.00090909,1,1
t5337697b,3,secondary_2,x2804258b,x2804258b.0.2,wye,0.01666667,0.00090909,1,1
t5302675a,1,primary,l2954354,l2954354.1,wye,1,0.00090909,1,1
t5302675a,2,secondary_1,x2954354a,x2954354a.1.0,wye,0.01666667,0.00090909,1,1
t5302675a,3,secondary_2,x2954354a,x2954354a.0.2,wye,0.01666667,0.00090909,1,1
t226308730a,1,primary,l2802481,l2802481.1,wye,1,0.00272727,1,1
t226308730a,2,secondary_1,x2802481a,x2802481a.1.0,wye,0.01666667,0.00272727,1,1
t226308730a,3,secondary_2,x2802481a,x2802481a.0.2,wye,0.01666667,0.00272727,1,1
t5323398b,1,primary,l2710505,l2710505.2,wye,1,0.00054545,1,1
t5323398b,2,secondary_1,x2710505b,x2710505b.1.0,wye,0.01666667,0.00054545,1,1
t5323398b,3,secondary_2,x2710505b,x2710505b.0.2,wye,0.01666667,0.00054545,1,1
t5355587b,1,primary,l3104114,l3104114.2,wye,1,0.00090909,1,1
t5355587b,2,secondary_1,x3104114b,x3104114b.1.0,wye,0.01666667,0.00090909,1,1
t5355587b,3,secondary_2,x3104114b,x3104114b.0.2,wye,0.01666667,0.00090909,1,1
t225533237b,1,primary,l2798067,l2798067.2,wye,1,0.00036364,1,1
t225533237b,2,secondary_1,x2798067b,x2798067b.1.0,wye,0.01666667,0.00036364,1,1
t225533237b,3,secondary_2,x2798067b,x2798067b.0.2,wye,0.01666667,0.00036364,1,1
t28118808a,1,primary,l3122825,l3122825.1,wye,1,0.00136364,1,1
t28118808a,2,secondary_1,x3122825a,x3122825a.1.0,wye,0.01666667,0.00136364,1,1
t28118808a,3,secondary_2,x3122825a,x3122825a.0.2,wye,0.01666667,0.00136364,1,1
t5337704b,1,primary,l2710546,l2710546.2,wye,1,0.00090909,1,1
t5337704b,2,secondary_1,x2710546b,x2710546b.1.0,wye,0.01666667,0.00090909,1,1
t5337704b,3,secondary_2,x2710546b,x2710546b.0.2,wye,0.01666667,0.00090909,1,1
t5337701b,1,primary,l2879071,l2879071.2,wye,1,0.00090909,1,1
t5337701b,2,secondary_1,x2879071b,x2879071b.1.0,wye,0.01666667,0.00090909,1,1
t5337701b,3,secondary_2,x2879071b,x2879071b.0.2,wye,0.01666667,0.00090909,1,1
t5337675a,1,primary,l2785514,l2785514.1,wye,1,0.00090909,1,1
t5337675a,2,secondary_1,x2785514a,x2785514a.1.0,wye,0.01666667,0.00090909,1,1
t5337675a,3,secondary_2,x2785514a,x2785514a.0.2,wye,0.01666667,0.00090909,1,1
t5260594a,1,primary,l2898457,l2898457.1,wye,1,0.00036364,1,1
t5260594a,2,secondary_1,x2898457a,x2898457a.1.0,wye,0.01666667,0.00036364,1,1
t5260594a,3,secondary_2,x2898457a,x2898457a.0.2,wye,0.01666667,0.00036364,1,1
t2224386815a,1,primary,l3727708,l3727708.1,wye,1,0.00054545,1,1
t2224386815a,2,secondary_1,x3727708a,x3727708a.1.0,wye,0.01666667,0.00054545,1,1
t2224386815a,3,secondary_2,x3727708a,x3727708a.0.2,wye,0.01666667,0.00054545,1,1
t5260590b,1,primary,l3216988,l3216988.2,wye,1,0.00090909,1,1
t5260590b,2,secondary_1,x3216988b,x3216988b.1.0,wye,0.01666667,0.00090909,1,1
t5260590b,3,secondary_2,x3216988b,x3216988b.0.2,wye,0.01666667,0.00090909,1,1
t5323266b,1,primary,l3197632,l3197632.2,wye,1,0.00054545,1,1
t5323266b,2,secondary_1,x3197632b,x3197632b.1.0,wye,0.01666667,0.00054545,1,1
t5323266b,3,secondary_2,x3197632b,x3197632b.0.2,wye,0.01666667,0.00054545,1,1
t5293422c,1,primary,l3178997,l3178997.3,wye,1,0.00054545,1,1
t5293422c,2,secondary_1,x3178997c,x3178997c.1.0,wye,0.01666667,0.00054545,1,1
t5293422c,3,secondary_2,x3178997c,x3178997c.0.2,wye,0.01666667,0.00054545,1,1
t5339005b,1,primary,l2785535,l2785535.2,wye,1,0.00136364,1,1
t5339005b,2,secondary_1,x2785535b,x2785535b.1.0,wye,0.01666667,0.00136364,1,1
t5339005b,3,secondary_2,x2785535b,x2785535b.0.2,wye,0.01666667,0.00136364,1,1
t5337626c,1,primary,l3216343,l3216343.3,wye,1,0.00090909,1,1
t5337626c,2,secondary_1,x3216343c,x3216343c.1.0,wye,0.01666667,0.00090909,1,1
t5337626c,3,secondary_2,x3216343c,x3216343c.0.2,wye,0.01666667,0.00090909,1,1
t5338919a,1,primary,l2748127,l2748127.1,wye,1,0.00054545,1,1
t5338919a,2,secondary_1,x2748127a,x2748127a.1.0,wye,0.01666667,0.00054545,1,1
t5338919a,3,secondary_2,x2748127a,x2748127a.0.2,wye,0.01666667,0.00054545,1,1
t5355438c,1,primary,l2673323,l2673323.3,wye,1,0.00090909,1,1
t5355438c,2,secondary_1,x2673323c,x2673323c.1.0,wye,0.01666667,0.00090909,1,1
t5355438c,3,secondary_2,x2673323c,x2673323c.0.2,wye,0.01666667,0.00090909,1,1
t5138798b,1,primary,l3104859,l3104859.2,wye,1,0.00054545,1,1
t5138798b,2,secondary_1,x3104859b,x3104859b.1.0,wye,0.01666667,0.00054545,1,1
t5138798b,3,secondary_2,x3104859b,x3104859b.0.2,wye,0.01666667,0.00054545,1,1
t228001810a,1,primary,l2859403,l2859403.1,wye,1,0.00090909,1,1
t228001810a,2,secondary_1,x2859403a,x2859403a.1.0,wye,0.01666667,0.00090909,1,1
t228001810a,3,secondary_2,x2859403a,x2859403a.0.2,wye,0.01666667,0.00090909,1,1
t5338915c,1,primary,l2954345,l2954345.3,wye,1,0.00054545,1,1
t5338915c,2,secondary_1,x2954345c,x2954345c.1.0,wye,0.01666667,0.00054545,1,1
t5338915c,3,secondary_2,x2954345c,x2954345c.0.2,wye,0.01666667,0.00054545,1,1
t5339048a,1,primary,l3160098,l3160098.1,wye,1,0.00054545,1,1
t5339048a,2,secondary_1,x3160098a,x3160098a.1.0,wye,0.01666667,0.00054545,1,1
t5339048a,3,secondary_2,x3160098a,x3160098a.0.2,wye,0.01666667,0.00054545,1,1
t5325474b,1,primary,l3254228,l3254228.2,wye,1,0.00090909,1,1
t5325474b,2,secondary_1,x3254228b,x3254228b.1.0,wye,0.01666667,0.00090909,1,1
t5325474b,3,secondary_2,x3254228b,x3254228b.0.2,wye,0.01666667,0.00090909,1,1
t5321878a,1,primary,l3101788,l3101788.1,wye,1,0.00090909,1,1
t5321878a,2,secondary_1,x3101788a,x3101788a.1.0,wye,0.01666667,0.00090909,1,1
t5321878a,3,secondary_2,x3101788a,x3101788a.0.2,wye,0.01666667,0.00090909,1,1
t5337677a,1,primary,l2785513,l2785513.1,wye,1,0.00090909,1,1
t5337677a,2,secondary_1,x2785513a,x2785513a.1.0,wye,0.01666667,0.00090909,1,1
t5337677a,3,secondary_2,x2785513a,x2785513a.0.2,wye,0.01666667,0.00090909,1,1
t225684682b,1,primary,l3231269,l3231269.2,wye,1,0.00054545,1,1
t225684682b,2,secondary_1,x3231269b,x3231269b.1.0,wye,0.01666667,0.00054545,1,1
t225684682b,3,secondary_2,x3231269b,x3231269b.0.2,wye,0.01666667,0.00054545,1,1
t28129399c,1,primary,l2991921,l2991921.3,wye,1,0.00090909,1,1
t28129399c,2,secondary_1,x2991921c,x2991921c.1.0,wye,0.01666667,0.00090909,1,1
t28129399c,3,secondary_2,x2991921c,x2991921c.0.2,wye,0.01666667,0.00090909,1,1
t5302731a,1,primary,l3122826,l3122826.1,wye,1,0.00090909,1,1
t5302731a,2,secondary_1,x3122826a,x3122826a.1.0,wye,0.01666667,0.00090909,1,1
t5302731a,3,secondary_2,x3122826a,x3122826a.0.2,wye,0.01666667,0.00090909,1,1
t21325725c,1,primary,l2842390,l2842390.3,wye,1,0.00054545,1,1
t21325725c,2,secondary_1,x2842390c,x2842390c.1.0,wye,0.01666667,0.00054545,1,1
t21325725c,3,secondary_2,x2842390c,x2842390c.0.2,wye,0.01666667,0.00054545,1,1
t5138571a,1,primary,l2991913,l2991913.1,wye,1,0.00054545,1,1
t5138571a,2,secondary_1,x2991913a,x2991913a.1.0,wye,0.01666667,0.00054545,1,1
t5138571a,3,secondary_2,x2991913a,x2991913a.0.2,wye,0.01666667,0.00054545,1,1
t5339020a,1,primary,l3104144,l3104144.1,wye,1,0.00036364,1,1
t5339020a,2,secondary_1,x3104144a,x3104144a.1.0,wye,0.01666667,0.00036364,1,1
t5339020a,3,secondary_2,x3104144a,x3104144a.0.2,wye,0.01666667,0.00036364,1,1
t5339013b,1,primary,l2804270,l2804270.2,wye,1,0.00054545,1,1
t5339013b,2,secondary_1,x2804270b,x2804270b.1.0,wye,0.01666667,0.00054545,1,1
t5339013b,3,secondary_2,x2804270b,x2804270b.0.2,wye,0.01666667,0.00054545,1,1
t5260632a,1,primary,l2917333,l2917333.1,wye,1,0.00090909,1,1
t5260632a,2,secondary_1,x2917333a,x2917333a.1.0,wye,0.01666667,0.00090909,1,1
t5260632a,3,secondary_2,x2917333a,x2917333a.0.2,wye,0.01666667,0.00090909,1,1
t5247058a,1,primary,l2673315,l2673315.1,wye,1,0.00036364,1,1
t5247058a,2,secondary_1,x2673315a,x2673315a.1.0,wye,0.01666667,0.00036364,1,1
t5247058a,3,secondary_2,x2673315a,x2673315a.0.2,wye,0.01666667,0.00036364,1,1
t225918936c,1,primary,l2688693,l2688693.3,wye,1,0.00054545,1,1
t225918936c,2,secondary_1,x2688693c,x2688693c.1.0,wye,0.01666667,0.00054545,1,1
t225918936c,3,secondary_2,x2688693c,x2688693c.0.2,wye,0.01666667,0.00054545,1,1
t5321893c,1,primary,l2841645,l2841645.3,wye,1,0.00090909,1,1
t5321893c,2,secondary_1,x2841645c,x2841645c.1.0,wye,0.01666667,0.00090909,1,1
t5321893c,3,secondary_2,x2841645c,x2841645c.0.2,wye,0.01666667,0.00090909,1,1
t5391740b,1,primary,l3048200,l3048200.2,wye,1,0.00036364,1,1
t5391740b,2,secondary_1,x3048200b,x3048200b.1.0,wye,0.01666667,0.00036364,1,1
t5391740b,3,secondary_2,x3048200b,x3048200b.0.2,wye,0.01666667,0.00036364,1,1
t5138260a,1,primary,l3048208,l3048208.1,wye,1,0.00054545,1,1
t5138260a,2,secondary_1,x3048208a,x3048208a.1.0,wye,0.01666667,0.00054545,1,1
t5138260a,3,secondary_2,x3048208a,x3048208a.0.2,wye,0.01666667,0.00054545,1,1
t5260535c,1,primary,l3067507,l3067507.3,wye,1,0.00136364,1,1
t5260535c,2,secondary_1,x3067507c,x3067507c.1.0,wye,0.01666667,0.00136364,1,1
t5260535c,3,secondary_2,x3067507c,x3067507c.0.2,wye,0.01666667,0.00136364,1,1
t21389962c,1,primary,l2804249,l2804249.3,wye,1,0.00054545,1,1
t21389962c,2,secondary_1,x2804249c,x2804249c.1.0,wye,0.01666667,0.00054545,1,1
t21389962c,3,secondary_2,x2804249c,x2804249c.0.2,wye,0.01666667,0.00054545,1,1
t5328363b,1,primary,l2936213,l2936213.2,wye,1,0.00136364,1,1
t5328363b,2,secondary_1,x2936213b,x2936213b.1.0,wye,0.01666667,0.00136364,1,1
t5328363b,3,secondary_2,x2936213b,x2936213b.0.2,wye,0.01666667,0.00136364,1,1
t228057846a,1,primary,l3215340,l3215340.1,wye,1,0.00090909,1,1
t228057846a,2,secondary_1,x3215340a,x3215340a.1.0,wye,0.01666667,0.00090909,1,1
t228057846a,3,secondary_2,x3215340a,x3215340a.0.2,wye,0.01666667,0.00090909,1,1
t5339052c,1,primary,l3118855,l3118855.3,wye,1,0.00136364,1,1
t5339052c,2,secondary_1,x3118855c,x3118855c.1.0,wye,0.01666667,0.00136364,1,1
t5339052c,3,secondary_2,x3118855c,x3118855c.0.2,wye,0.01666667,0.00136364,1,1
t5323261b,1,primary,l3085397,l3085397.2,wye,1,0.00090909,1,1
t5323261b,2,secondary_1,x3085397b,x3085397b.1.0,wye,0.01666667,0.00090909,1,1
t5323261b,3,secondary_2,x3085397b,x3085397b.0.2,wye,0.01666667,0.00090909,1,1
t5260569c,1,primary,l3104796,l3104796.3,wye,1,0.00090909,1,1
t5260569c,2,secondary_1,x3104796c,x3104796c.1.0,wye,0.01666667,0.00090909,1,1
t5260569c,3,secondary_2,x3104796c,x3104796c.0.2,wye,0.01666667,0.00090909,1,1
t228622562a,1,primary,l3108449,l3108449.1,wye,1,0.00054545,1,1
t228622562a,2,secondary_1,x3108449a,x3108449a.1.0,wye,0.01666667,0.00054545,1,1
t228622562a,3,secondary_2,x3108449a,x3108449a.0.2,wye,0.01666667,0.00054545,1,1
t5337632c,1,primary,l2673307,l2673307.3,wye,1,0.00054545,1,1
t5337632c,2,secondary_1,x2673307c,x2673307c.1.0,wye,0.01666667,0.00054545,1,1
t5337632c,3,secondary_2,x2673307c,x2673307c.0.2,wye,0.01666667,0.00054545,1,1
t21398536a,1,primary,l2973159,l2973159.1,wye,1,0.00054545,1,1
t21398536a,2,secondary_1,x2973159a,x2973159a.1.0,wye,0.01666667,0.00054545,1,1
t21398536a,3,secondary_2,x2973159a,x2973159a.0.2,wye,0.01666667,0.00054545,1,1
t5321877a,1,primary,l3101787,l3101787.1,wye,1,0.00090909,1,1
t5321877a,2,secondary_1,x3101787a,x3101787a.1.0,wye,0.01666667,0.00090909,1,1
t5321877a,3,secondary_2,x3101787a,x3101787a.0.2,wye,0.01666667,0.00090909,1,1
t5338931c,1,primary,l2785521,l2785521.3,wye,1,0.00136364,1,1
t5338931c,2,secondary_1,x2785521c,x2785521c.1.0,wye,0.01666667,0.00136364,1,1
t5338931c,3,secondary_2,x2785521c,x2785521c.0.2,wye,0.01666667,0.00136364,1,1
t5339016b,1,primary,l3235273,l3235273.2,wye,1,0.00090909,1,1
t5339016b,2,secondary_1,x3235273b,x3235273b.1.0,wye,0.01666667,0.00090909,1,1
t5339016b,3,secondary_2,x3235273b,x3235273b.0.2,wye,0.01666667,0.00090909,1,1
t5356798c,1,primary,l2692600,l2692600.3,wye,1,0.00090909,1,1
t5356798c,2,secondary_1,x2692600c,x2692600c.1.0,wye,0.01666667,0.00090909,1,1
t5356798c,3,secondary_2,x2692600c,x2692600c.0.2,wye,0.01666667,0.00090909,1,1
t21386442c,1,primary,l3179637,l3179637.3,wye,1,0.00136364,1,1
t21386442c,2,secondary_1,x3179637c,x3179637c.1.0,wye,0.01666667,0.00136364,1,1
t21386442c,3,secondary_2,x3179637c,x3179637c.0.2,wye,0.01666667,0.00136364,1,1
t5337633c,1,primary,l2729406,l2729406.3,wye,1,0.00054545,1,1
t5337633c,2,secondary_1,x2729406c,x2729406c.1.0,wye,0.01666667,0.00054545,1,1
t5337633c,3,secondary_2,x2729406c,x2729406c.0.2,wye,0.01666667,0.00054545,1,1
t5302678a,1,primary,l3029499,l3029499.1,wye,1,0.00036364,1,1
t5302678a,2,secondary_1,x3029499a,x3029499a.1.0,wye,0.01666667,0.00036364,1,1
t5302678a,3,secondary_2,x3029499a,x3029499a.0.2,wye,0.01666667,0.00036364,1,1
t5251828b,1,primary,l3179650,l3179650.2,wye,1,0.00054545,1,1
t5251828b,2,secondary_1,x3179650b,x3179650b.1.0,wye,0.01666667,0.00054545,1,1
t5251828b,3,secondary_2,x3179650b,x3179650b.0.2,wye,0.01666667,0.00054545,1,1
t5356803a,1,primary,l2748780,l2748780.1,wye,1,0.00090909,1,1
t5356803a,2,secondary_1,x2748780a,x2748780a.1.0,wye,0.01666667,0.00090909,1,1
t5356803a,3,secondary_2,x2748780a,x2748780a.0.2,wye,0.01666667,0.00090909,1,1
t21386976a,1,primary,l3141398,l3141398.1,wye,1,0.00054545,1,1
t21386976a,2,secondary_1,x3141398a,x3141398a.1.0,wye,0.01666667,0.00054545,1,1
t21386976a,3,secondary_2,x3141398a,x3141398a.0.2,wye,0.01666667,0.00054545,1,1
t5293668a,1,primary,l3085403,l3085403.1,wye,1,0.00090909,1,1
t5293668a,2,secondary_1,x3085403a,x3085403a.1.0,wye,0.01666667,0.00090909,1,1
t5293668a,3,secondary_2,x3085403a,x3085403a.0.2,wye,0.01666667,0.00090909,1,1
t5138796b,1,primary,l3236011,l3236011.2,wye,1,0.00054545,1,1
t5138796b,2,secondary_1,x3236011b,x3236011b.1.0,wye,0.01666667,0.00054545,1,1
t5138796b,3,secondary_2,x3236011b,x3236011b.0.2,wye,0.01666667,0.00054545,1,1
t5355584b,1,primary,l2710542,l2710542.2,wye,1,0.00090909,1,1
t5355584b,2,secondary_1,x2710542b,x2710542b.1.0,wye,0.01666667,0.00090909,1,1
t5355584b,3,secondary_2,x2710542b,x2710542b.0.2,wye,0.01666667,0.00090909,1,1
t226191995b,1,primary,l2801896,l2801896.2,wye,1,0.00054545,1,1
t226191995b,2,secondary_1,x2801896b,x2801896b.1.0,wye,0.01666667,0.00054545,1,1
t226191995b,3,secondary_2,x2801896b,x2801896b.0.2,wye,0.01666667,0.00054545,1,1
t5337688b,1,primary,l3029501,l3029501.2,wye,1,0.00054545,1,1
t5337688b,2,secondary_1,x3029501b,x3029501b.1.0,wye,0.01666667,0.00054545,1,1
t5337688b,3,secondary_2,x3029501b,x3029501b.0.2,wye,0.01666667,0.00054545,1,1
t228446184a,1,primary,l3159645,l3159645.1,wye,1,0.00090909,1,1
t228446184a,2,secondary_1,x3159645a,x3159645a.1.0,wye,0.01666667,0.00090909,1,1
t228446184a,3,secondary_2,x3159645a,x3159645a.0.2,wye,0.01666667,0.00090909,1,1
t226193698c,1,primary,l3125349,l3125349.3,wye,1,0.00090909,1,1
t226193698c,2,secondary_1,x3125349c,x3125349c.1.0,wye,0.01666667,0.00090909,1,1
t226193698c,3,secondary_2,x3125349c,x3125349c.0.2,wye,0.01666667,0.00090909,1,1
t5325472b,1,primary,l2973149,l2973149.2,wye,1,0.00054545,1,1
t5325472b,2,secondary_1,x2973149b,x2973149b.1.0,wye,0.01666667,0.00054545,1,1
t5325472b,3,secondary_2,x2973149b,x2973149b.0.2,wye,0.01666667,0.00054545,1,1
t21390038c,1,primary,l3030205,l3030205.3,wye,1,0.00090909,1,1
t21390038c,2,secondary_1,x3030205c,x3030205c.1.0,wye,0.01666667,0.00090909,1,1
t21390038c,3,secondary_2,x3030205c,x3030205c.0.2,wye,0.01666667,0.00090909,1,1
t5356012a,1,primary,l2841615,l2841615.1,wye,1,0.00054545,1,1
t5356012a,2,secondary_1,x2841615a,x2841615a.1.0,wye,0.01666667,0.00054545,1,1
t5356012a,3,secondary_2,x2841615a,x2841615a.0.2,wye,0.01666667,0.00054545,1,1
t5260495b,1,primary,l2767407,l2767407.2,wye,1,0.00036364,1,1
t5260495b,2,secondary_1,x2767407b,x2767407b.1.0,wye,0.01666667,0.00036364,1,1
t5260495b,3,secondary_2,x2767407b,x2767407b.0.2,wye,0.01666667,0.00036364,1,1
t225767272a,1,primary,l3139103,l3139103.1,wye,1,0.00090909,1,1
t225767272a,2,secondary_1,x3139103a,x3139103a.1.0,wye,0.01666667,0.00090909,1,1
t225767272a,3,secondary_2,x3139103a,x3139103a.0.2,wye,0.01666667,0.00090909,1,1
t28129466a,1,primary,l3011293,l3011293.1,wye,1,0.00181818,1,1
t28129466a,2,secondary_1,x3011293a,x3011293a.1.0,wye,0.01666667,0.00181818,1,1
t28129466a,3,secondary_2,x3011293a,x3011293a.0.2,wye,0.01666667,0.00181818,1,1
t28129466b,1,primary,l3011293,l3011293.2,wye,1,0.00181818,1,1
t28129466b,2,secondary_1,x3011293b,x3011293b.1.0,wye,0.01666667,0.00181818,1,1
t28129466b,3,secondary_2,x3011293b,x3011293b.0.2,wye,0.01666667,0.00181818,1,1
t28129466c,1,primary,l3011293,l3011293.3,wye,1,0.00181818,1,1
t28129466c,2,secondary_1,x3011293c,x3011293c.1.0,wye,0.01666667,0.00181818,1,1
t28129466c,3,secondary_2,x3011293c,x3011293c.0.2,wye,0.01666667,0.00181818,1,1
t226193702c,1,primary,l3181545,l3181545.3,wye,1,0.00054545,1,1
t226193702c,2,secondary_1,x3181545c,x3181545c.1.0,wye,0.01666667,0.00054545,1,1
t226193702c,3,secondary_2,x3181545c,x3181545c.0.2,wye,0.01666667,0.00054545,1,1
t5338917a,1,primary,l2935555,l2935555.1,wye,1,0.00054545,1,1
t5338917a,2,secondary_1,x2935555a,x2935555a.1.0,wye,0.01666667,0.00054545,1,1
t5338917a,3,secondary_2,x2935555a,x2935555a.0.2,wye,0.01666667,0.00054545,1,1
t5323248b,1,primary,l3048207,l3048207.2,wye,1,0.00054545,1,1
t5323248b,2,secondary_1,x3048207b,x3048207b.1.0,wye,0.01666667,0.00054545,1,1
t5323248b,3,secondary_2,x3048207b,x3048207b.0.2,wye,0.01666667,0.00054545,1,1
t5337707b,1,primary,l3160104,l3160104.2,wye,1,0.00090909,1,1
t5337707b,2,secondary_1,x3160104b,x3160104b.1.0,wye,0.01666667,0.00090909,1,1
t5337707b,3,secondary_2,x3160104b,x3160104b.0.2,wye,0.01666667,0.00090909,1,1
t21393643a,1,primary,l2851933,l2851933.1,wye,1,0.00090909,1,1
t21393643a,2,secondary_1,x2851933a,x2851933a.1.0,wye,0.01666667,0.00090909,1,1
t21393643a,3,secondary_2,x2851933a,x2851933a.0.2,wye,0.01666667,0.00090909,1,1
t21393643b,1,primary,l2851933,l2851933.2,wye,1,0.00090909,1,1
t21393643b,2,secondary_1,x2851933b,x2851933b.1.0,wye,0.01666667,0.00090909,1,1
t21393643b,3,secondary_2,x2851933b,x2851933b.0.2,wye,0.01666667,0.00090909,1,1
t21393643c,1,primary,l2851933,l2851933.3,wye,1,0.00136364,1,1
t21393643c,2,secondary_1,x2851933c,x2851933c.1.0,wye,0.01666667,0.00136364,1,1
t21393643c,3,secondary_2,x2851933c,x2851933c.0.2,wye,0.01666667,0.00136364,1,1
t5247170b,1,primary,l2897784,l2897784.2,wye,1,0.00136364,1,1
t5247170b,2,secondary_1,x2897784b,x2897784b.1.0,wye,0.01666667,0.00136364,1,1
t5247170b,3,secondary_2,x2897784b,x2897784b.0.2,wye,0.01666667,0.00136364,1,1
t5293664a,1,primary,l3207907,l3207907.1,wye,1,0.00181818,1,1
t5293664a,2,secondary_1,x3207907a,x3207907a.1.0,wye,0.01666667,0.00181818,1,1
t5293664a,3,secondary_2,x3207907a,x3207907a.0.2,wye,0.01666667,0.00181818,1,1
t5293664b,1,primary,l3207907,l3207907.2,wye,1,0.00272727,1,1
t5293664b,2,secondary_1,x3207907b,x3207907b.1.0,wye,0.01666667,0.00272727,1,1
t5293664b,3,secondary_2,x3207907b,x3207907b.0.2,wye,0.01666667,0.00272727,1,1
t5293664c,1,primary,l3207907,l3207907.3,wye,1,0.00181818,1,1
t5293664c,2,secondary_1,x3207907c,x3207907c.1.0,wye,0.01666667,0.00181818,1,1
t5293664c,3,secondary_2,x3207907c,x3207907c.0.2,wye,0.01666667,0.00181818,1,1
t226193395b,1,primary,l2726974,l2726974.2,wye,1,0.00090909,1,1
t226193395b,2,secondary_1,x2726974b,x2726974b.1.0,wye,0.01666667,0.00090909,1,1
t226193395b,3,secondary_2,x2726974b,x2726974b.0.2,wye,0.01666667,0.00090909,1,1
t5138262a,1,primary,l3029502,l3029502.1,wye,1,0.00181818,1,1
t5138262a,2,secondary_1,x3029502a,x3029502a.1.0,wye,0.01666667,0.00181818,1,1
t5138262a,3,secondary_2,x3029502a,x3029502a.0.2,wye,0.01666667,0.00181818,1,1
t5338923c,1,primary,l3178972,l3178972.3,wye,1,0.00181818,1,1
t5338923c,2,secondary_1,x3178972c,x3178972c.1.0,wye,0.01666667,0.00181818,1,1
t5338923c,3,secondary_2,x3178972c,x3178972c.0.2,wye,0.01666667,0.00181818,1,1
t5260607b,1,primary,l3029055,l3029055.2,wye,1,0.00136364,1,1
t5260607b,2,secondary_1,x3029055b,x3029055b.1.0,wye,0.01666667,0.00136364,1,1
t5260607b,3,secondary_2,x3029055b,x3029055b.0.2,wye,0.01666667,0.00136364,1,1
t5302368b,1,primary,l3029507,l3029507.2,wye,1,0.00090909,1,1
t5302368b,2,secondary_1,x3029507b,x3029507b.1.0,wye,0.01666667,0.00090909,1,1
t5302368b,3,secondary_2,x3029507b,x3029507b.0.2,wye,0.01666667,0.00090909,1,1
t5338989a,1,primary,l3254230,l3254230.1,wye,1,0.00018182,1,1
t5338989a,2,secondary_1,x3254230a,x3254230a.1.0,wye,0.01666667,0.00018182,1,1
t5338989a,3,secondary_2,x3254230a,x3254230a.0.2,wye,0.01666667,0.00018182,1,1
t5260639c,1,primary,l3030203,l3030203.3,wye,1,0.00090909,1,1
t5260639c,2,secondary_1,x3030203c,x3030203c.1.0,wye,0.01666667,0.00090909,1,1
t5260639c,3,secondary_2,x3030203c,x3030203c.0.2,wye,0.01666667,0.00090909,1,1
t5323273b,1,primary,l3048203,l3048203.2,wye,1,0.00090909,1,1
t5323273b,2,secondary_1,x3048203b,x3048203b.1.0,wye,0.01666667,0.00090909,1,1
t5323273b,3,secondary_2,x3048203b,x3048203b.0.2,wye,0.01666667,0.00090909,1,1
t5260521b,1,primary,l3048963,l3048963.2,wye,1,0.00054545,1,1
t5260521b,2,secondary_1,x3048963b,x3048963b.1.0,wye,0.01666667,0.00054545,1,1
t5260521b,3,secondary_2,x3048963b,x3048963b.0.2,wye,0.01666667,0.00054545,1,1
t21380325b,1,primary,l2674027,l2674027.2,wye,1,0.00090909,1,1
t21380325b,2,secondary_1,x2674027b,x2674027b.1.0,wye,0.01666667,0.00090909,1,1
t21380325b,3,secondary_2,x2674027b,x2674027b.0.2,wye,0.01666667,0.00090909,1,1
t5391753b,1,primary,l2973163,l2973163.2,wye,1,0.00036364,1,1
t5391753b,2,secondary_1,x2973163b,x2973163b.1.0,wye,0.01666667,0.00036364,1,1
t5391753b,3,secondary_2,x2973163b,x2973163b.0.2,wye,0.01666667,0.00036364,1,1
t5260479a,1,primary,l2955074,l2955074.1,wye,1,0.00136364,1,1
t5260479a,2,secondary_1,x2955074a,x2955074a.1.0,wye,0.01666667,0.00136364,1,1
t5260479a,3,secondary_2,x2955074a,x2955074a.0.2,wye,0.01666667,0.00136364,1,1
t5337645b,1,primary,l3216342,l3216342.2,wye,1,0.00090909,1,1
t5337645b,2,secondary_1,x3216342b,x3216342b.1.0,wye,0.01666667,0.00090909,1,1
t5337645b,3,secondary_2,x3216342b,x3216342b.0.2,wye,0.01666667,0.00090909,1,1
t5275008c,1,primary,l3235243,l3235243.3,wye,1,0.00090909,1,1
t5275008c,2,secondary_1,x3235243c,x3235243c.1.0,wye,0.01666667,0.00090909,1,1
t5275008c,3,secondary_2,x3235243c,x3235243c.0.2,wye,0.01666667,0.00090909,1,1
t226194421c,1,primary,l3214069,l3214069.3,wye,1,0.00090909,1,1
t226194421c,2,secondary_1,x3214069c,x3214069c.1.0,wye,0.01666667,0.00090909,1,1
t226194421c,3,secondary_2,x3214069c,x3214069c.0.2,wye,0.01666667,0.00090909,1,1
t5338972b,1,primary,l2841632,l2841632.2,wye,1,0.00090909,1,1
t5338972b,2,secondary_1,x2841632b,x2841632b.1.0,wye,0.01666667,0.00090909,1,1
t5338972b,3,secondary_2,x2841632b,x2841632b.0.2,wye,0.01666667,0.00090909,1,1
t5391747b,1,primary,l2822859,l2822859.2,wye,1,0.00090909,1,1
t5391747b,2,secondary_1,x2822859b,x2822859b.1.0,wye,0.01666667,0.00090909,1,1
t5391747b,3,secondary_2,x2822859b,x2822859b.0.2,wye,0.01666667,0.00090909,1,1
t5251865c,1,primary,l3142050,l3142050.3,wye,1,0.00054545,1,1
t5251865c,2,secondary_1,x3142050c,x3142050c.1.0,wye,0.01666667,0.00054545,1,1
t5251865c,3,secondary_2,x3142050c,x3142050c.0.2,wye,0.01666667,0.00054545,1,1
t5338898a,1,primary,l2973155,l2973155.1,wye,1,0.00054545,1,1
t5338898a,2,secondary_1,x2973155a,x2973155a.1.0,wye,0.01666667,0.00054545,1,1
t5338898a,3,secondary_2,x2973155a,x2973155a.0.2,wye,0.01666667,0.00054545,1,1
t5260605a,1,primary,l2973791,l2973791.1,wye,1,0.00181818,1,1
t5260605a,2,secondary_1,x2973791a,x2973791a.1.0,wye,0.01666667,0.00181818,1,1
t5260605a,3,secondary_2,x2973791a,x2973791a.0.2,wye,0.01666667,0.00181818,1,1
t5138405c,1,primary,l2841629,l2841629.3,wye,1,0.00136364,1,1
t5138405c,2,secondary_1,x2841629c,x2841629c.1.0,wye,0.01666667,0.00136364,1,1
t5138405c,3,secondary_2,x2841629c,x2841629c.0.2,wye,0.01666667,0.00136364,1,1
t21397544a,1,primary,l2822868,l2822868.1,wye,1,0.00054545,1,1
t21397544a,2,secondary_1,x2822868a,x2822868a.1.0,wye,0.01666667,0.00054545,1,1
t21397544a,3,secondary_2,x2822868a,x2822868a.0.2,wye,0.01666667,0.00054545,1,1
t5302370b,1,primary,l3122823,l3122823.2,wye,1,0.00090909,1,1
t5302370b,2,secondary_1,x3122823b,x3122823b.1.0,wye,0.01666667,0.00090909,1,1
t5302370b,3,secondary_2,x3122823b,x3122823b.0.2,wye,0.01666667,0.00090909,1,1
t5337614b,1,primary,l2952003,l2952003.2,wye,1,0.00090909,1,1
t5337614b,2,secondary_1,x2952003b,x2952003b.1.0,wye,0.01666667,0.00090909,1,1
t5337614b,3,secondary_2,x2952003b,x2952003b.0.2,wye,0.01666667,0.00090909,1,1
t5260467a,1,primary,l3104856,l3104856.1,wye,1,0.00054545,1,1
t5260467a,2,secondary_1,x3104856a,x3104856a.1.0,wye,0.01666667,0.00054545,1,1
t5260467a,3,secondary_2,x3104856a,x3104856a.0.2,wye,0.01666667,0.00054545,1,1
t5223662c,1,primary,l2786204,l2786204.3,wye,1,0.00136364,1,1
t5223662c,2,secondary_1,x2786204c,x2786204c.1.0,wye,0.01666667,0.00136364,1,1
t5223662c,3,secondary_2,x2786204c,x2786204c.0.2,wye,0.01666667,0.00136364,1,1
t21384215a,1,primary,l2841622,l2841622.1,wye,1,0.00054545,1,1
t21384215a,2,secondary_1,x2841622a,x2841622a.1.0,wye,0.01666667,0.00054545,1,1
t21384215a,3,secondary_2,x2841622a,x2841622a.0.2,wye,0.01666667,0.00054545,1,1
t21380528a,1,primary,l2973150,l2973150.1,wye,1,0.00054545,1,1
t21380528a,2,secondary_1,x2973150a,x2973150a.1.0,wye,0.01666667,0.00054545,1,1
t21380528a,3,secondary_2,x2973150a,x2973150a.0.2,wye,0.01666667,0.00054545,1,1
t5339003b,1,primary,l3066826,l3066826.2,wye,1,0.00136364,1,1
t5339003b,2,secondary_1,x3066826b,x3066826b.1.0,wye,0.01666667,0.00136364,1,1
t5339003b,3,secondary_2,x3066826b,x3066826b.0.2,wye,0.01666667,0.00136364,1,1
t21396959a,1,primary,l3197638,l3197638.1,wye,1,0.00090909,1,1
t21396959a,2,secondary_1,x3197638a,x3197638a.1.0,wye,0.01666667,0.00090909,1,1
t21396959a,3,secondary_2,x3197638a,x3197638a.0.2,wye,0.01666667,0.00090909,1,1
t5391985a,1,primary,l2785530,l2785530.1,wye,1,0.00036364,1,1
t5391985a,2,secondary_1,x2785530a,x2785530a.1.0,wye,0.01666667,0.00036364,1,1
t5391985a,3,secondary_2,x2785530a,x2785530a.0.2,wye,0.01666667,0.00036364,1,1
t226195153b,1,primary,l3082988,l3082988.2,wye,1,0.00054545,1,1
t226195153b,2,secondary_1,x3082988b,x3082988b.1.0,wye,0.01666667,0.00054545,1,1
t226195153b,3,secondary_2,x3082988b,x3082988b.0.2,wye,0.01666667,0.00054545,1,1
t5302733a,1,primary,l2860491,l2860491.1,wye,1,0.00036364,1,1
t5302733a,2,secondary_1,x2860491a,x2860491a.1.0,wye,0.01666667,0.00036364,1,1
t5302733a,3,secondary_2,x2860491a,x2860491a.0.2,wye,0.01666667,0.00036364,1,1
t5302733b,1,primary,l2860491,l2860491.2,wye,1,0.00136364,1,1
t5302733b,2,secondary_1,x2860491b,x2860491b.1.0,wye,0.01666667,0.00136364,1,1
t5302733b,3,secondary_2,x2860491b,x2860491b.0.2,wye,0.01666667,0.00136364,1,1
