bus_id,phase,scenario,v_re_pu,v_im_pu
sourcebus,a,h001,1.049999857830658,-0.000000887390587
sourcebus,b,h001,-0.525000654639706,-0.909326180562311
sourcebus,c,h001,-0.524999203088497,0.909327068130355
_hvmv_sub_lsb,a,h001,0.865432430579487,-0.59330690969417
_hvmv_sub_lsb,b,h001,-0.943562377245085,-0.455505885705902
_hvmv_sub_lsb,c,h001,0.073913996775997,1.047744630780398
hvmv_sub_48332,a,h001,0.865431899298088,-0.593307465516636
hvmv_sub_48332,b,h001,-0.943562572532514,-0.455505170645234
hvmv_sub_48332,c,h001,0.073914686668923,1.047744531932266
m1009763,a,h001,0.70823393744281,-0.705297415309111
m1009763,b,h001,-0.98554359394774,-0.226202505336073
m1009763,c,h001,0.186176912829582,1.01347376409664
l2673322,b,h001,-0.985528612228949,-0.226194821903212
m1069148,c,h001,0.170966300409213,1.016395746974328
l2673309,c,h001,0.170969663137356,1.016354738863115
m1069588,b,h001,-0.977276087610073,-0.256683274277022
l2804270,b,h001,-0.977271595488814,-0.256680788826389
m3036164,b,h001,-0.967105820213674,-0.224816058049367
l2935553,b,h001,-0.96691830054474,-0.224718598751753
m1209749,b,h001,-0.940276113101905,-0.409741678906601
l2748840,b,h001,-0.940253317920725,-0.409716982560705
m1108264,b,h001,-0.972924166977614,-0.345641509683452
m1108263,b,h001,-0.97287575507163,-0.345608771752979
l3085398,a,h001,0.712802324686085,-0.709898080205041
l3085398,b,h001,-0.991196233997183,-0.228793305068833
l3085398,c,h001,0.186873780075143,1.014919491146571
m1026891,a,h001,0.712543722958349,-0.709505677061778
m1026891,b,h001,-0.990379623046608,-0.228438066556024
m1026891,c,h001,0.186871728959124,1.014760316067614
l3216367,a,h001,0.726114529739092,-0.710314292561324
l3216367,b,h001,-0.984484266681817,-0.234719284979875
l3216367,c,h001,0.190673753601689,1.005377253051684
m1069468,a,h001,0.726064439273061,-0.710233478626434
m1069468,b,h001,-0.984218215254724,-0.234502664820086
m1069468,c,h001,0.19080077261768,1.005245105395645
m1142800,b,h001,-0.934788880587236,-0.359206886894743
m1142799,b,h001,-0.934770258052504,-0.35918822762237
m1047592,a,h001,0.729167943314952,-0.716876467337055
m1047592,b,h001,-0.99986769874374,-0.240268540442971
m1047592,c,h001,0.186227797447412,1.019664620564822
p827512,c,h001,0.186227939755999,1.01966252699429
m1047339,a,h001,0.765038952457034,-0.659630562560509
m1047339,b,h001,-0.953216811617373,-0.316778237814625
m1047339,c,h001,0.18066538113138,1.015291526352474
p895104,a,h001,0.765033566954877,-0.659627722128793
m1026915,a,h001,0.712573136703799,-0.709809680308053
m1026915,b,h001,-0.99149454190069,-0.228897997729384
m1026915,c,h001,0.186865684116945,1.014779217443602
m1026920,a,h001,0.712352360677429,-0.709621708059007
m1026920,b,h001,-0.991367839080687,-0.228832899726383
m1026920,c,h001,0.186859536314268,1.014641735742405
n1138596,a,h001,0.724975114885539,-0.707750086784497
l3254207,a,h001,0.724912336620591,-0.707713705521105
m1069464,a,h001,0.725998312459294,-0.71009309974566
m1069464,b,h001,-0.9837393240568,-0.234117911928979
m1069464,c,h001,0.191033410436951,1.005012739097036
p873787,b,h001,-0.983736535917537,-0.234115805336035
n1144665,a,h001,0.733903287845496,-0.71707616682807
n1144665,b,h001,-1.000669964639514,-0.244723073085838
n1144665,c,h001,0.185039411239405,1.018776847440445
m1047515,a,h001,0.733325529627456,-0.716605627486698
m1047515,b,h001,-1.000145097931634,-0.244587396009596
m1047515,c,h001,0.18494197627026,1.018136302064369
n1137002,a,h001,0.730988436799049,-0.713267311457501
m1047707,a,h001,0.730944665249337,-0.713250825056886
l2729406,c,h001,0.152281254028644,0.99758141447979
l2897768,c,h001,0.152288699197116,0.997505443095492
l3649301,a,h001,0.724477351480063,-0.71539239789551
l3649302,a,h001,0.724423512476633,-0.715371743247166
l2970842,b,h001,-0.975570600710816,-0.347448979800043
m1089113,b,h001,-0.975403412999348,-0.347335402520721
m1047312,a,h001,0.761526502379121,-0.656483800707601
m1047312,b,h001,-0.948781043936586,-0.3142703675496
m1047312,c,h001,0.180147173265574,1.014083624656712
p893163,a,h001,0.76151725953035,-0.656479127631159
l2822871,a,h001,0.716692670523203,-0.712361044306408
l2822871,b,h001,-0.995423681754497,-0.233276907255455
l2822871,c,h001,0.185955287129977,1.016411203222767
m1026872,a,h001,0.716350149065512,-0.712174284592938
m1026872,b,h001,-0.995113606889472,-0.232921214966119
m1026872,c,h001,0.186033521460524,1.016271422758788
m1026312,b,h001,-0.930231047598064,-0.30275568266861
l2973163,b,h001,-0.929901856473825,-0.302548546713587
l3728038,a,h001,0.72579761545937,-0.71187583540524
l3728039,a,h001,0.725722343173658,-0.711847239166892
m1069567,b,h001,-0.978888188568115,-0.257577729667051
m1069582,b,h001,-0.977753232958356,-0.256949228236288
n1140830,a,h001,0.709605152622013,-0.701343973985812
l3216351,a,h001,0.709594182637348,-0.701337572125905
l2952007,c,h001,0.093513861550617,1.02104311104872
l2861158,c,h001,0.093521507950179,1.02099490294068
n1140827,a,h001,0.710429849246101,-0.701562197499398
n1140827,b,h001,-0.994374714342834,-0.244135850703264
n1140827,c,h001,0.180144650243666,1.000820769504381
m1026726,a,h001,0.710423192572853,-0.701553897810421
m1026726,b,h001,-0.994358064412263,-0.244129698536986
m1026726,c,h001,0.180144326294933,1.000811201119693
l2730106,a,h001,0.716421038910344,-0.622149290649801
l2730106,b,h001,-0.933096609562306,-0.302578384249744
l2730106,c,h001,0.152434504338124,1.024747623035413
n1142099,a,h001,0.71591086567044,-0.622184854369917
n1142099,b,h001,-0.933069968804643,-0.302094132806916
n1142099,c,h001,0.152596081352431,1.024715586115377
m1026658,a,h001,0.709290161469258,-0.701315559595551
m1026658,b,h001,-0.99448230230924,-0.244635629302194
m1026658,c,h001,0.180046084068005,0.998810744590258
l3172805,a,h001,0.709264372262394,-0.701305653100175
p895112,a,h001,0.772430355500719,-0.619311151407561
l3048962,a,h001,0.77242042111073,-0.619308705907413
l2991914,a,h001,0.728057880971768,-0.712574184198086
l2991914,b,h001,-0.996502933397981,-0.243737154292242
l2991914,c,h001,0.183976458078307,1.012881751501031
m1047503,a,h001,0.727614559744841,-0.712293423732362
m1047503,b,h001,-0.996456438889915,-0.243753005619093
m1047503,c,h001,0.183877469638779,1.01257314606512
m1047751,a,h001,0.729202970478801,-0.706491736030518
l2973154,a,h001,0.729197494199551,-0.706488590730251
l3010565,c,h001,0.170985355785734,1.015947122328307
l2897775,c,h001,0.170995249263672,1.01590786539926
m1125955,c,h001,0.142508899292236,1.026464140038063
m1125957,c,h001,0.142509213256888,1.026461126231588
m1069640,b,h001,-0.974337065794026,-0.255056603826573
l2804269,b,h001,-0.974244078724638,-0.255005179716793
m1026702,a,h001,0.713285407671585,-0.703395932558835
m1026702,b,h001,-0.994936148915679,-0.244031879076545
m1026702,c,h001,0.180758560931939,1.00335350434997
n1139551,a,h001,0.711923642656816,-0.702535599564289
n1139551,b,h001,-0.994843794755295,-0.244081498147722
n1139551,c,h001,0.180448999751666,1.002496969362349
n1136355,b,h001,-0.983962604327599,-0.260360007423475
l2783231,b,h001,-0.983047875429402,-0.259860959253721
l2748143,a,h001,0.733833884769774,-0.685666336255938
l3251854,a,h001,0.733817618750063,-0.685660603679172
m1069610,b,h001,-0.975712857290493,-0.255815767939943
m1069600,b,h001,-0.975699438719286,-0.255805131759929
m1069424,a,h001,0.72547498782681,-0.709022962315889
m1069424,b,h001,-0.980082147793021,-0.23118295873211
m1069424,c,h001,0.192807889272347,1.003222951438536
l2935549,a,h001,0.725411513459363,-0.708870149865095
l2935549,b,h001,-0.979584490441932,-0.230772340672522
l2935549,c,h001,0.193042515726735,1.003006340761134
p895089,c,h001,0.170305841796661,1.028926927080037
l3235242,c,h001,0.170314351890915,1.028893642859918
m1026795,a,h001,0.723186037023605,-0.709742315991562
m1026795,b,h001,-0.996051828750809,-0.243870213449453
m1026795,c,h001,0.182964539293863,1.009623860473604
n1140522,c,h001,0.18296562629662,1.009619303684743
l3030199,a,h001,0.777658580651241,-0.622781222483033
l3030199,b,h001,-0.935182048505063,-0.358719940890415
l3030199,c,h001,0.141395960119917,1.024432866748965
m1125934,a,h001,0.777566635892051,-0.622899449737354
m1125934,b,h001,-0.935114088895903,-0.358532310960284
m1125934,c,h001,0.141672154532652,1.024300250516318
m1069189,a,h001,0.788478121334672,-0.665645677601434
m1069189,b,h001,-0.970471123267524,-0.340846338733316
m1069189,c,h001,0.171487051744092,1.018494352894953
l2860487,c,h001,0.171488496257953,1.018475033019748
221-312488,a,h001,0.726011593790749,-0.618797866605039
221-312488,b,h001,-0.929907837118191,-0.311839542067652
221-312488,c,h001,0.148445847202758,1.024205244500058
m1089183,a,h001,0.726010442434887,-0.61879704767068
m1089183,b,h001,-0.92990630984471,-0.311838935892644
m1089183,c,h001,0.14844583828403,1.024203629459672
m1108464,b,h001,-0.929690971285826,-0.311439908466923
l3102286,b,h001,-0.929630644046748,-0.311400304022096
f739845,a,h001,0.759927240347298,-0.654717475342129
f739845,b,h001,-0.945480909602398,-0.312451984384786
f739845,c,h001,0.179993338514602,1.01334355961763
293471,a,h001,0.75992046661401,-0.654711924534792
293471,b,h001,-0.945471374179301,-0.312448410589313
293471,c,h001,0.179992488248545,1.013333981375609
p827499,a,h001,0.725336244614051,-0.708714067950461
n1139254,a,h001,0.725334369549942,-0.708712978686559
m1026657,a,h001,0.709068830929512,-0.70085213837907
m1026656,a,h001,0.709040584796249,-0.700835579655314
m1108299,b,h001,-0.933218546573773,-0.351388161501954
m1108300,b,h001,-0.933215592570947,-0.351386094730389
l3198355,b,h001,-0.933170336080546,-0.351354548643791
l2805037,b,h001,-0.933170356730868,-0.351354530941386
n1137994,c,h001,0.189603060466305,1.00627216409307
m1069484,c,h001,0.189615276772078,1.00606069204374
l2860504,a,h001,0.709773046455581,-0.701381251597107
l2860493,a,h001,0.709672311844027,-0.701342649691361
m1026783,a,h001,0.721879265451066,-0.708903012331552
m1026783,b,h001,-0.995922495803367,-0.2438912574664
m1026783,c,h001,0.182670500308181,1.008831349955553
m1026780,a,h001,0.721671633319744,-0.708768860119186
m1026780,b,h001,-0.99589869759934,-0.243893431385285
m1026780,c,h001,0.182624035640571,1.008703816644808
p895111,c,h001,0.137344981760482,1.027621312642519
l2895496,c,h001,0.137359405324342,1.027571517480514
n1140819,a,h001,0.710953217953017,-0.701898137895702
n1140819,b,h001,-0.994529364471787,-0.244106810495407
n1140819,c,h001,0.180251623692439,1.001431385739151
m1026700,a,h001,0.710815120591953,-0.701807123689702
m1026700,b,h001,-0.994475881149478,-0.244111388967325
m1026700,c,h001,0.180224406753909,1.001258165513122
m1089173,c,h001,0.152243812065337,0.997978458993599
l2935551,c,h001,0.152256808456787,0.997837649270181
m1026344,a,h001,0.755620821898882,-0.649962315623063
m1026364,a,h001,0.755577113009262,-0.64994909231807
l2879070,a,h001,0.727370452329082,-0.716330558858235
l2879070,b,h001,-0.999459976357405,-0.239504874640569
l2879070,c,h001,0.186108776164576,1.019181053251279
l3216345,a,h001,0.726158339813798,-0.715953187787916
l3216345,b,h001,-0.99921752049506,-0.238987098295366
l3216345,c,h001,0.185993873306751,1.018921870784093
m1069428,a,h001,0.725559407139708,-0.709158503435715
m1069428,b,h001,-0.980501763570366,-0.231536077778303
m1069428,c,h001,0.192615376911052,1.003412145544522
n1139257,b,h001,-0.980496324460446,-0.231532096416968
l2991919,a,h001,0.755104605068704,-0.649701838386184
m1026361,a,h001,0.754779036685656,-0.649537542427858
n1147857,a,h001,0.708210805334655,-0.705311810896444
m1009742,a,h001,0.707997636326256,-0.705185651905731
q14412,a,h001,0.764084301647841,-0.658787677311398
q14412,b,h001,-0.952053434336554,-0.316110295412625
q14412,c,h001,0.180522874786487,1.014989925001317
m1047325,a,h001,0.763812247158429,-0.658548611941384
m1047325,b,h001,-0.951729131902784,-0.315926066691699
m1047325,c,h001,0.180481139514912,1.014900555054022
n1139263,a,h001,0.726054704863412,-0.710227829926612
l3048227,a,h001,0.726047077749164,-0.71022339072043
p827506,a,h001,0.726060442300742,-0.710231161331358
m1069469,a,h001,0.726057132663928,-0.710229242243147
m1027019,b,h001,-0.986604122574737,-0.226972950025129
l2785522,b,h001,-0.986590556408012,-0.226962866198238
l3216338,b,h001,-0.979050183885148,-0.222936092126345
l2973146,b,h001,-0.979036893864443,-0.222926257859248
m3037452,a,h001,0.75382657650036,-0.649056761397218
l2973164,a,h001,0.753817730851411,-0.64905234968413
l3120376,a,h001,0.718443038282997,-0.712888413513957
m1026925,a,h001,0.718233498216611,-0.712764267396214
m1047612,c,h001,0.186363258803326,1.020747618532372
p828360,c,h001,0.186363577221574,1.020743503852737
m1089195,c,h001,0.170324047667076,1.028855800377564
l3141393,c,h001,0.170331945016764,1.028824775531863
m1026946,b,h001,-0.988780670869178,-0.22760017284721
m1026940,b,h001,-0.988712593007071,-0.227565021008287
m1047471,b,h001,-0.962449849289269,-0.2202787082587
l3216349,b,h001,-0.962447307976279,-0.220276824282678
m1047401,a,h001,0.702858874464708,-0.697204868781619
l2748132,a,h001,0.702848781701516,-0.697199019055965
l3122820,a,h001,0.706491611964013,-0.699356176573292
l3141398,a,h001,0.706482988161704,-0.699352855928738
m1108360,c,h001,0.15120744393611,1.00844048872427
l3048968,c,h001,0.151210635502707,1.008408564814238
l2801950,c,h001,0.171208510664617,1.013153741357589
m1069224,c,h001,0.171212251327034,1.013060133230795
l2766746,c,h001,0.186786146287264,1.003882033656952
m1027073,c,h001,0.186859267948568,1.003569618325844
m1142873,c,h001,0.137369835577855,1.02753547004868
m1069181,a,h001,0.782504212171454,-0.663948926831574
l2973151,a,h001,0.782296941271552,-0.66384732472813
l3179682,c,h001,0.149977267931771,1.020125180913926
l2786274,c,h001,0.149978351218106,1.020114599905722
l3066816,a,h001,0.709470361116926,-0.701284573814146
m1026667,a,h001,0.709411296804235,-0.701262309324489
m1108529,a,h001,0.770267734584634,-0.685609404557298
m1108529,b,h001,-0.990065701603957,-0.3041909831555
m1108529,c,h001,0.159325059123644,1.030078212572741
m1108532,a,h001,0.769808409457401,-0.685627019557438
m1108532,b,h001,-0.990005922359937,-0.303678860112653
m1108532,c,h001,0.159526564395285,1.030057863203141
l2766723,a,h001,0.709640838391902,-0.701330516176836
l3122822,a,h001,0.709623807065454,-0.701320496515063
l2673312,a,h001,0.706359580047088,-0.704813107098607
l3235247,a,h001,0.706335571216977,-0.704803783332762
m1166391,c,h001,0.09296056814893,1.023151569715663
l3254873,c,h001,0.093048112148588,1.022585721738264
l2861157,c,h001,0.092005527980241,1.028702148314679
p901951,c,h001,0.092184202239532,1.028171060513608
m1047346,a,h001,0.766527640066538,-0.660928599734014
m1047346,b,h001,-0.954823906212697,-0.317692504886569
m1047346,c,h001,0.18092134159907,1.015704085506121
m1047345,a,h001,0.766127514390404,-0.660587733998714
m1047345,b,h001,-0.954421822010764,-0.317462164102891
m1047345,c,h001,0.180850750502762,1.015597831855486
l2989596,b,h001,-0.980050957487686,-0.258226253781952
l2822873,b,h001,-0.98003972872876,-0.258220104074443
m1108328,c,h001,0.150310513634898,1.016760631462352
l2875754,c,h001,0.150313761319776,1.01674874401868
l2786204,c,h001,0.090174928583236,1.037527276761882
m1209819,c,h001,0.090272245049072,1.036925757380559
p901972,a,h001,0.707952555364544,-0.705158541984046
m1009726,a,h001,0.70761314113045,-0.704954408570969
m1047702,a,h001,0.730997401231553,-0.713270683966461
n1137001,a,h001,0.730991357037934,-0.713268410508238
l2767340,a,h001,0.734891408330143,-0.620957087937378
l2767340,b,h001,-0.933843301308659,-0.3198990563992
l2767340,c,h001,0.147019096493339,1.025703441176868
m3037449,a,h001,0.734891482197645,-0.620957155886138
m3037449,b,h001,-0.933843219000729,-0.319899127048835
m3037449,c,h001,0.147019136339689,1.025703011744121
m1047457,b,h001,-0.963414234644792,-0.220996182263094
l2710546,b,h001,-0.963304308364251,-0.220914409240109
l2674027,a,h001,0.703794179313409,-0.622952112924599
l2674027,b,h001,-0.932227422953874,-0.290124322504326
l2674027,c,h001,0.15673380275707,1.023999484187975
l2692633,a,h001,0.702379916477862,-0.623037911489564
l2692633,b,h001,-0.932092627992725,-0.28865884305527
l2692633,c,h001,0.157276400903284,1.023910481802687
n1142108,a,h001,0.775440146174433,-0.62574562865319
l2674051,a,h001,0.775429116071133,-0.625742622525658
m1069135,a,h001,0.769574792106662,-0.662630141919315
m1069135,b,h001,-0.957236753922274,-0.319769831046395
m1069135,c,h001,0.180741973757295,1.016673265039158
r18242,a,h001,0.768626012359943,-0.662661877796285
r18242,b,h001,-0.956946496876571,-0.318866316094999
r18242,c,h001,0.181268913758833,1.016504372172343
m1047534,a,h001,0.744708317397478,-0.722590516437327
m1047534,b,h001,-1.008299419693891,-0.250250227364691
m1047534,c,h001,0.184442365270102,1.026892706674941
n1136663,a,h001,0.741595630795526,-0.7214800015653
n1136663,b,h001,-1.006438589315915,-0.248229249027446
n1136663,c,h001,0.184956570598981,1.025152723395186
m1108508,c,h001,0.163790643119495,1.029494325708109
l3097861,c,h001,0.163793266425578,1.029484300445308
m1069560,b,h001,-0.979545858122924,-0.257942004249583
l2973153,a,h001,0.731682390884919,-0.714717161268536
l2973153,b,h001,-0.993096406299118,-0.238262765386766
l2973153,c,h001,0.186371235286603,1.021045150760855
n1136998,a,h001,0.731647773669588,-0.714644062853354
n1136998,b,h001,-0.992933469103316,-0.238181422431283
n1136998,c,h001,0.18637435698987,1.02106681157648
l2898515,c,h001,0.115681556203558,1.03383522277304
m1166387,c,h001,0.115685296565166,1.033808368021132
m1047442,b,h001,-0.967190269762224,-0.223260361640792
l3235250,b,h001,-0.967181773620946,-0.223256062569672
m1142871,a,h001,0.766896072011211,-0.619617848271034
m1142871,b,h001,-0.936229534627551,-0.351370068183678
m1142871,c,h001,0.137007494488736,1.027709815747648
m1142874,a,h001,0.765916744039133,-0.619671217324025
m1142874,b,h001,-0.936145495259418,-0.350404938205529
m1142874,c,h001,0.137343313288716,1.027627068800862
l2955081,a,h001,0.775116656305768,-0.626254818460719
l2955081,b,h001,-0.933386012457573,-0.35380007231374
l2955081,c,h001,0.149101598270007,1.02059903968902
m1108315,a,h001,0.774852316760174,-0.626658903245277
m1108315,b,h001,-0.933186084845545,-0.353282281017142
m1108315,c,h001,0.149974053919393,1.020156529461838
l2973162,a,h001,0.755744307413154,-0.649835149957746
l2973162,b,h001,-0.937200966863725,-0.307143257382363
l2973162,c,h001,0.179503437240866,1.014444260220605
m1026333,a,h001,0.755754060206412,-0.649696220471952
m1026333,b,h001,-0.936745247834894,-0.306860435477196
m1026333,c,h001,0.179531038494717,1.014563731877931
m1009832,b,h001,-0.98012611843558,-0.223487721615712
l2860479,b,h001,-0.980121303106863,-0.223485262059949
m1026854,a,h001,0.720314960266176,-0.713992760982288
m1026854,b,h001,-0.997610945007183,-0.236120148968887
m1026854,c,h001,0.185645597639134,1.017536727451903
p901894,a,h001,0.720288725649325,-0.713977298722064
m1026485,b,h001,-0.949452849831319,-0.314451841172082
m1026492,b,h001,-0.949424980272454,-0.314426709853527
d6413567-3_int,a,h001,0.785616825538933,-0.664977328062748
d6413567-3_int,b,h001,-0.968980384959238,-0.33836579776794
d6413567-3_int,c,h001,0.172458917124572,1.018109815703681
e182724,a,h001,0.785602370122378,-0.664982822375806
e182724,b,h001,-0.968976766892708,-0.33834971939344
e182724,c,h001,0.172467904559878,1.018109077360491
n1139541,a,h001,0.785911113598518,-0.665043614484358
n1139541,b,h001,-0.969132637812967,-0.33862209844186
n1139541,c,h001,0.172357563792986,1.018147827262724
m4122658,a,h001,0.720553907475374,-0.621848965610396
m4122658,b,h001,-0.933311778255429,-0.306477612834317
m4122658,c,h001,0.15112003490372,1.025027512203312
l2933135,a,h001,0.720515228512401,-0.621851854542622
l2933135,b,h001,-0.933310018544186,-0.30644164947337
l2933135,c,h001,0.151131965260727,1.025024872514361
l2729414,a,h001,0.713277572020855,-0.703390371277175
l2729414,b,h001,-0.99492568079303,-0.244027224177339
l2729414,c,h001,0.180759698495104,1.003342670784738
l2729430,b,h001,-0.984849651698693,-0.225932799925191
l2766742,b,h001,-0.983959171045546,-0.225476170667086
m1026972,b,h001,-0.967355751102303,-0.224941985642388
l2860483,b,h001,-0.967328018105673,-0.224921249796309
l2860490,a,h001,0.767551086631565,-0.661785748474028
l2860490,b,h001,-0.955885973043929,-0.318278198010922
l2860490,c,h001,0.18109180014558,1.016091313217731
l3104134,a,h001,0.766952975717528,-0.661290241454537
l3104134,b,h001,-0.955263651386729,-0.317934828927785
l3104134,c,h001,0.180995316489627,1.015853226612148
m1089144,a,h001,0.753290123814357,-0.622584352878612
p827522,a,h001,0.753287490719934,-0.622583606452464
m1089118,a,h001,0.795006091506494,-0.666719980827972
m1089118,b,h001,-0.974804632707863,-0.346442561331303
m1089118,c,h001,0.168791983786249,1.0229613260645
l3048208,a,h001,0.794997979669344,-0.666716038163549
m1108505,a,h001,0.70753667499255,-0.622746176212917
m1108505,b,h001,-0.932596262257128,-0.294048654866101
m1108505,c,h001,0.155295223548369,1.024211817242254
l2955047,a,h001,0.706394983751809,-0.622807506185309
l2955047,b,h001,-0.932484989307581,-0.292851861021844
l2955047,c,h001,0.155730675921208,1.024149287760738
m1089148,a,h001,0.752902624862548,-0.622413622198336
l2766721,a,h001,0.752888643534097,-0.622406255710466
m1026745,b,h001,-0.961996793815949,-0.21994146159336
l3029183,b,h001,-0.961984222943829,-0.21993213300541
l2710512,b,h001,-0.963678020230992,-0.223054660812697
m1047828,b,h001,-0.963114665295482,-0.222763447076591
m1047342,a,h001,0.766050573935632,-0.66055393765453
l3197645,a,h001,0.766032590054783,-0.660548394385825
m1069192,a,h001,0.783115422150545,-0.664248427051623
l3235253,a,h001,0.783095775897786,-0.664242542246249
l3214071,a,h001,0.751791438494776,-0.620364263997998
l3214071,b,h001,-0.934993397657131,-0.336432687451571
l3214071,c,h001,0.142047338664965,1.026587155757354
m1125952,a,h001,0.750408617897086,-0.620428241129412
m1125952,b,h001,-0.934880409337514,-0.335057805155216
m1125952,c,h001,0.142506046792144,1.026491387738114
m1027101,b,h001,-0.963242066086766,-0.222810435820044
l2860480,b,h001,-0.963204418614106,-0.222782332578937
l2710517,a,h001,0.706751226372828,-0.699492286768892
m1026646,a,h001,0.706571363259898,-0.699386844430937
m1069662,b,h001,-0.974171256442366,-0.254956227500238
l2935547,b,h001,-0.974163168873149,-0.254949831423316
m1026931,a,h001,0.717638597888276,-0.712412525314029
l3216336,a,h001,0.717575120568337,-0.712375034214482
l3142049,a,h001,0.713818390477615,-0.622328779963141
l3142049,b,h001,-0.932954397807272,-0.30009480999098
l3142049,c,h001,0.153267984502218,1.024584729049131
m1108493,a,h001,0.711909094453333,-0.622456512052806
m1108493,b,h001,-0.93284453923099,-0.29825715009225
m1108493,c,h001,0.153886278953769,1.024469501578981
m1069169,a,h001,0.783773834857726,-0.664570926182487
m1069169,b,h001,-0.968030731006976,-0.336757231434306
m1069169,c,h001,0.173097628443158,1.017872891748426
l3010556,a,h001,0.782661029234835,-0.664410366449017
l3010556,b,h001,-0.967201354794066,-0.335476323888783
l3010556,c,h001,0.173674703935596,1.017708409552158
l2991933,c,h001,0.186752856630241,1.013396255940634
l3122837,c,h001,0.186759258992574,1.013300310151833
l2691936,a,h001,0.717508376108989,-0.712335622217468
l2897772,a,h001,0.760753261483795,-0.65608998765444
l3101814,a,h001,0.760753260011381,-0.656089994820452
l2766732,b,h001,-0.94947627952301,-0.314472914505437
l2989564,b,h001,-0.974207421548749,-0.254984898363268
m1126016,a,h001,0.705591242253828,-0.621751313960176
l3120534,a,h001,0.705544723920156,-0.621727535389894
m1026330,a,h001,0.755801677927312,-0.649440954688154
m1026330,b,h001,-0.935857373687035,-0.306308439596689
m1026330,c,h001,0.179591451499269,1.01480980475696
l2766726,b,h001,-0.935851662180215,-0.306304878994166
p901912,b,h001,-0.995193785078905,-0.242500429749909
l3195365,b,h001,-0.995193787075411,-0.242500428207298
m1108381,a,h001,0.72639012779831,-0.619074959416284
m1108381,b,h001,-0.9303341325673,-0.312080789820628
m1108381,c,h001,0.148418664268617,1.024588152373969
l3254237,a,h001,0.726257675427512,-0.618971315403304
l3254237,b,h001,-0.930237718403588,-0.312019935645703
l3254237,c,h001,0.148425050355629,1.024494624327595
l2804262,a,h001,0.719979907237615,-0.713795276124134
l2841639,a,h001,0.719684205276915,-0.713620983906113
n1230123,b,h001,-0.931192546867844,-0.312424941100565
l2708744,b,h001,-0.930999610584252,-0.312298486038865
m1069519,a,h001,0.733954545379947,-0.68630326130094
m1069519,b,h001,-0.984886193124908,-0.262066706794617
m1069519,c,h001,0.175386512861472,1.029347636946471
p901927,b,h001,-0.984884402108772,-0.262065278849024
l2897790,c,h001,0.175679424221154,1.029901599017165
l2935566,c,h001,0.175684249278588,1.029882224862107
l3216337,a,h001,0.717630564357729,-0.712409416512036
p901931,c,h001,0.175670518289748,1.029937328433443
m1069548,c,h001,0.175671383612556,1.029933858864505
m1010013,a,h001,0.696745766681309,-0.699320382473136
l3120503,a,h001,0.696737773086474,-0.699317241132838
m1089145,a,h001,0.753271076250812,-0.622562942661432
m1089145,b,h001,-0.917770628978148,-0.334643028707961
m1089145,c,h001,0.157997084680446,1.0037220657122
l3215385,a,h001,0.75326190945352,-0.622556107365566
l3215385,b,h001,-0.917755917996499,-0.334632887451914
l3215385,c,h001,0.157998604967439,1.003711880829676
m1026852,a,h001,0.719207213656216,-0.713527688133713
m1026852,b,h001,-0.99703208354788,-0.235335027997697
m1026852,c,h001,0.185703059383207,1.017205378448434
m1069420,a,h001,0.725338504373026,-0.708715380411883
m1069420,b,h001,-0.979064331480865,-0.230351626424006
m1069420,c,h001,0.193292529010616,1.002760192790675
l3157708,c,h001,0.184542433229479,1.015488742733346
n1137991,c,h001,0.184542587658513,1.015486589922781
m1108413,a,h001,0.726775125101785,-0.619648573091154
m1108460,a,h001,0.72645891038276,-0.619495891404371
p827532,a,h001,0.763808478386945,-0.658547461351213
m1047326,a,h001,0.763805624581069,-0.658546589874958
e182732,a,h001,0.717802909594294,-0.706287677520596
e182732,b,h001,-0.995429935144128,-0.243928809381986
e182732,c,h001,0.18176966782391,1.006287846526322
m1026760,a,h001,0.717703049205608,-0.706222926256421
m1026760,b,h001,-0.995415965201759,-0.243929702961037
m1026760,c,h001,0.181747545967619,1.006222671569708
l3048205,c,h001,0.151357265197251,1.006948819467768
m1108361,c,h001,0.151540127514673,1.00508872412004
m3036169,a,h001,0.707146821683856,-0.699725098261517
l2673317,a,h001,0.707136321637513,-0.699718917934919
l3178981,b,h001,-0.956423214636022,-0.319247775861988
m1047368,b,h001,-0.954991466627794,-0.318329131876514
n1136354,a,h001,0.734001707525368,-0.685948824652874
n1136354,b,h001,-0.984588503040649,-0.261254507840994
n1136354,c,h001,0.175527504564709,1.029700911702522
l2879794,a,h001,0.777739523192183,-0.621721209452977
m1142811,a,h001,0.777702226349228,-0.621704283938904
m1069565,b,h001,-0.980064342487323,-0.258233699246018
l2785536,b,h001,-0.980028190655777,-0.258213618800681
l3104114,b,h001,-0.982020454935246,-0.224523033815183
m1009824,b,h001,-0.981623417218704,-0.224322959966147
l2745848,a,h001,0.726419257239817,-0.710869042223755
l2745848,b,h001,-0.986251102123127,-0.236189354348081
l2745848,c,h001,0.189847728269199,1.006179917277874
l2673308,a,h001,0.72635533630193,-0.710741482187511
l2673308,b,h001,-0.985854204502204,-0.235853990621894
l2673308,c,h001,0.190030437102667,1.00601178165666
l2991939,a,h001,0.726225406524224,-0.710504553766421
l2991939,b,h001,-0.985099917553039,-0.235226216323648
l2991939,c,h001,0.19038298485515,1.005669545901072
l2916606,c,h001,0.151079527084078,1.00973656939786
l2822864,c,h001,0.151080952134534,1.009722335262807
m1142851,a,h001,0.777950680013868,-0.618994144426647
m1142851,b,h001,-0.937203795189769,-0.362172704737538
m1142851,c,h001,0.133218167611036,1.028726330288762
196-31070,a,h001,0.777590723161848,-0.619017162297035
196-31070,b,h001,-0.937173825381135,-0.361825172849986
196-31070,c,h001,0.13334193143891,1.02869108552178
m1209822,c,h001,0.091154078096491,1.031468024325631
m1209823,c,h001,0.091227396908573,1.031013553933214
m1069550,b,h001,-0.980599822326636,-0.258525480310246
m1069551,b,h001,-0.980553521251935,-0.258500230610384
l3141397,b,h001,-0.9673106349117,-0.224908257433016
l3649299,a,h001,0.724654262529262,-0.71546026121913
m3772794,a,h001,0.724646808568459,-0.715457402665243
p895106,b,h001,-0.934111369486673,-0.32425981959108
l3048887,b,h001,-0.934058729711612,-0.324225101999326
m1047824,b,h001,-0.96401774448912,-0.223213217724509
m1047834,b,h001,-0.963454173954676,-0.222920089334247
m1069350,a,h001,0.72530447508726,-0.708155935345228
m1069350,b,h001,-0.974903191290109,-0.227968825374153
m1069350,c,h001,0.195908814244389,0.99930140140341
n1144668,a,h001,0.725320466154334,-0.708193123168862
n1144668,b,h001,-0.974869141742539,-0.228011671851459
n1144668,c,h001,0.195968714474325,0.999166788278859
l2879072,b,h001,-0.969344689719232,-0.224353892500712
m1047441,b,h001,-0.967504746206656,-0.223419942236774
m1108274,b,h001,-0.973357370906868,-0.345949735412604
m1108269,b,h001,-0.973345134371255,-0.345938215065045
l3235244,a,h001,0.724387897950314,-0.707409805271123
m1069398,a,h001,0.724339730541586,-0.707381907810148
n1147862,a,h001,0.711736118101736,-0.708313608000254
l2685805,a,h001,0.711714686495508,-0.708305290633537
m1069247,a,h001,0.725251405435734,-0.708300418686763
m1069248,a,h001,0.725219970956467,-0.708283083020466
l2786273,b,h001,-0.973274196719498,-0.345893980640062
m1108278,b,h001,-0.973211733834137,-0.345852096205902
l3254238,a,h001,0.760403921988393,-0.655235757414047
l3254238,b,h001,-0.946429304178355,-0.31297492941535
l3254238,c,h001,0.180042538074446,1.013558316857006
m1047303,a,h001,0.759931476407328,-0.654720786450563
m1047303,b,h001,-0.945486705299298,-0.31245429893459
m1047303,c,h001,0.179993739328784,1.013349462045459
m1047633,c,h001,0.186390237409677,1.020398480385323
l2897554,c,h001,0.186396370244893,1.020319674816505
m1069627,b,h001,-0.973990684182063,-0.254865269699885
l2897791,b,h001,-0.97380805732764,-0.25476434440667
m1089097,b,h001,-0.97381964899852,-0.346259330424471
m1108270,b,h001,-0.973705759549286,-0.346183119451112
n1142101,a,h001,0.714803626784648,-0.622258723652406
l2936214,a,h001,0.714794011960343,-0.622255716387466
l3066810,c,h001,0.192232128486981,1.003687644765553
l2897769,c,h001,0.192241062548501,1.003537384806482
m1209758,b,h001,-0.940397300265957,-0.409873833290856
m1209753,b,h001,-0.940347696331096,-0.409819695459511
m1047528,a,h001,0.736353998302444,-0.719458717888891
m1047528,b,h001,-1.003151863350681,-0.244543668084799
m1047528,c,h001,0.185802331878904,1.022460738497987
l2858166,a,h001,0.736284621554578,-0.719425615953635
l2858166,b,h001,-1.003103065808624,-0.244483434811831
l2858166,c,h001,0.185811772142424,1.0224366067461
m1142843,a,h001,0.781453071093082,-0.61876663541722
m1142843,b,h001,-0.93749987058338,-0.3655541837691
m1142843,c,h001,0.132004719238464,1.029077234433309
l3081380,a,h001,0.781024295362772,-0.619235124996327
l3081380,b,h001,-0.937229663422878,-0.364794652155932
l3081380,c,h001,0.133090593216847,1.028527217232327
l2804272,b,h001,-0.980501183030391,-0.258470668100046
l2841641,b,h001,-0.980490766923652,-0.258462398489614
m1069393,b,h001,-0.972428731698522,-0.225940720969385
m1069408,b,h001,-0.971776331904558,-0.225604950839681
n1142104,a,h001,0.709137042947378,-0.622640503804777
n1142104,b,h001,-0.932686734513542,-0.295589038760247
n1142104,c,h001,0.154780382237065,1.024305380873369
m1108500,a,h001,0.708110559863464,-0.622708283490047
m1108500,b,h001,-0.932628706228273,-0.294601029197722
m1108500,c,h001,0.155110604443665,1.024245369597925
l3216348,a,h001,0.703178885616172,-0.697395557699509
l2841627,a,h001,0.702976395107042,-0.697274751538134
l2916599,a,h001,0.718228928644341,-0.712761563482562
m1047447,b,h001,-0.965542889078154,-0.222416928949973
l2954349,b,h001,-0.965525179482677,-0.222407983268563
l3235246,b,h001,-0.964003753555892,-0.223223030884267
m1125911,b,h001,-0.934167881739564,-0.356267812846556
l2711224,b,h001,-0.934004922316852,-0.356153008859851
n1147863,c,h001,0.186871967506022,1.014756717859734
l3122817,c,h001,0.186872078528347,1.014755041120838
m1186061,a,h001,0.823142800808295,-0.607263289087691
m1186061,b,h001,-0.940574831521978,-0.410045925472797
m1186061,c,h001,0.10457510063912,1.037545067397352
l2861223,b,h001,-0.940564198960709,-0.410037691329444
m1069130,a,h001,0.769387041499513,-0.662537141096692
l3085396,a,h001,0.769348755325013,-0.662518093694147
e182730,a,h001,0.719045278682616,-0.707072076437878
n1142109,a,h001,0.719035351953794,-0.707066287107719
m1069417,a,h001,0.725125149976159,-0.708117816783318
m1069417,b,h001,-0.977001892839532,-0.228700264513458
m1069417,c,h001,0.194296365275145,1.001801254842578
n1138597,a,h001,0.725105703663447,-0.708070871099015
n1138597,b,h001,-0.976833853003612,-0.228568681234031
n1138597,c,h001,0.194379824258555,1.0017163786664
m1026987,b,h001,-0.966447428521029,-0.224474740233087
m1026990,b,h001,-0.96625420057451,-0.22437434381643
m1142832,a,h001,0.78013197877033,-0.620193999366814
m1142832,b,h001,-0.93666170139296,-0.363199455153972
m1142832,c,h001,0.135339865785054,1.027382777519032
l3160865,a,h001,0.77986064006031,-0.620461554371736
l3160865,b,h001,-0.936514516264589,-0.362721887611342
l3160865,c,h001,0.135964286031043,1.027084853030129
l2673323,c,h001,0.186560737345448,1.01337799116812
m1009809,c,h001,0.186562538901195,1.013350582014059
l2822869,a,h001,0.726589945298206,-0.711644044052017
l2822869,b,h001,-0.996345083903901,-0.243789404319732
l2822869,c,h001,0.183649017713414,1.011853179845841
m1026808,a,h001,0.725455648060674,-0.710923686078691
m1026808,b,h001,-0.996209557605082,-0.243828914321821
m1026808,c,h001,0.18339720368791,1.01103501134859
m1047825,b,h001,-0.962191108814725,-0.222286703610126
m1069731,b,h001,-0.961985650193928,-0.222180723538885
n1140520,c,h001,0.183397517839557,1.01103369143289
l2729410,c,h001,0.183399033775298,1.011027317490908
l3178978,a,h001,0.705975880804032,-0.699037875986933
m1069384,a,h001,0.724561609832069,-0.707510461538663
l3066805,a,h001,0.724550167912504,-0.707503710132124
m4362181,b,h001,-0.963239312129137,-0.220866052117567
m1047319,c,h001,0.180048300694784,1.012613401700008
m1047318,c,h001,0.180052558370631,1.012556629312767
l3216358,a,h001,0.716399254986112,-0.712136109569644
m1026826,a,h001,0.71623861220164,-0.712037102371265
m1108276,b,h001,-0.973310730039927,-0.345918464284482
m1089198,a,h001,0.752998019142165,-0.68636322843037
m1089198,b,h001,-0.987915248936087,-0.285179116268423
m1089198,c,h001,0.166829334400087,1.029247648217193
m1089201,a,h001,0.749758795443619,-0.686487902263641
m1089201,b,h001,-0.987498109359982,-0.281560276098635
m1089201,c,h001,0.168250262398153,1.029115498201398
m1047763,a,h001,0.729516071868691,-0.706671205652205
m1047763,b,h001,-0.971481543515001,-0.227087651991619
m1047763,c,h001,0.187342710614638,1.025749570526718
n1136027,a,h001,0.729479761802598,-0.706650399113112
l3101827,c,h001,0.159364132835805,1.029669222635031
m1108540,c,h001,0.159404822486202,1.02924224496106
m1026335,a,h001,0.755747268856602,-0.649694144333518
l2804259,a,h001,0.755729950302155,-0.649688837952264
n1136357,c,h001,0.175673943463647,1.029923593924813
m1047513,a,h001,0.730949020162794,-0.714670482713745
m1047513,b,h001,-0.997984967103977,-0.244030070009121
m1047513,c,h001,0.184541653081558,1.015499934751743
m1047507,a,h001,0.729478578325547,-0.713472390388317
m1047507,b,h001,-0.996657130636831,-0.243681874979863
m1047507,c,h001,0.18429296909368,1.013900067674037
m1142863,a,h001,0.774169348553521,-0.619213264869598
m1142863,b,h001,-0.936853125313325,-0.358522961031346
m1142863,c,h001,0.134509808666897,1.028336882015508
n1141480,c,h001,0.134510058629517,1.028334795327007
m1125916,b,h001,-0.934323070282373,-0.356374988710958
l2879767,b,h001,-0.934305970540154,-0.356362948244068
l3066809,c,h001,0.189665561899126,1.005222564106258
m1069487,c,h001,0.189677063254409,1.005017064612136
m1142818,a,h001,0.778240251995492,-0.622032333699827
m1142818,b,h001,-0.935606689679553,-0.359876219603198
m1142818,c,h001,0.139665701280757,1.02527932992399
p829965,a,h001,0.778112698615778,-0.621950318899705
p829965,b,h001,-0.93556440004271,-0.359833788486888
p829965,c,h001,0.139638919533565,1.025291859778024
q14733,a,h001,0.75180966716287,-0.725078736164012
q14733,b,h001,-1.012528787707994,-0.254785689396602
q14733,c,h001,0.183237994601612,1.030971898476445
m1047568,a,h001,0.751396710738954,-0.724935790246112
m1047568,b,h001,-1.012286583156221,-0.254525942001658
m1047568,c,h001,0.183306785712815,1.030734362211358
m1047322,a,h001,0.763796088117082,-0.658543659315036
l2954338,b,h001,-0.981447003312344,-0.224243194055225
m1047409,a,h001,0.703404601050326,-0.697528485189257
l2841648,a,h001,0.703358796831283,-0.697501504792748
m1089177,c,h001,0.152272781055378,0.997667270367178
m1026951,b,h001,-0.988836848905726,-0.227619506295049
l2954347,b,h001,-0.988807050624134,-0.227597340903891
m4122657,c,h001,0.093102631734366,1.02232999861771
l3027124,c,h001,0.093122867323311,1.022269605756306
m1069419,a,h001,0.725202528122581,-0.708334584883915
m1069419,b,h001,-0.977749923255847,-0.229299141314307
m1069419,c,h001,0.193932342615347,1.002149057496899
m1069418,a,h001,0.725174991506174,-0.70825744961418
m1069418,b,h001,-0.977483725958978,-0.229086014728684
m1069418,c,h001,0.194061893218396,1.002025287395213
m1026824,a,h001,0.710483907169094,-0.706820134436246
m1026824,b,h001,-0.985459201605736,-0.226309018025559
m1026824,c,h001,0.186740154762395,1.01359401385522
p859694,c,h001,0.186740671126675,1.013578865826797
m1047453,b,h001,-0.963793684363834,-0.221278445893767
l2691948,b,h001,-0.963784095508448,-0.221271319973746
p860892,c,h001,0.170886994873336,1.017302061488446
n1139543,c,h001,0.170889406126686,1.017292510127338
m1089205,a,h001,0.748523772480379,-0.686530379481806
n1134472,a,h001,0.748519452405813,-0.686528061351671
l2710542,b,h001,-0.985151341560797,-0.226087508583023
m3032980,a,h001,0.823545737299008,-0.607381934565773
m3032980,b,h001,-0.940892242838474,-0.410528829744111
m3032980,c,h001,0.104393972729637,1.037924430690536
m3032977,a,h001,0.815768008762281,-0.609630569473189
m3032977,b,h001,-0.940399323557999,-0.402341017706594
m3032977,c,h001,0.109503640808969,1.036305806889373
m3763618,a,h001,0.728656587141344,-0.716738710077764
m3763618,b,h001,-0.999719169104755,-0.240067120254497
m3763618,c,h001,0.186231475027232,1.019423445792474
p1121282,c,h001,0.186231598765778,1.019422213040337
l2917330,a,h001,0.777639388958778,-0.621675755307835
l2861222,a,h001,0.777596942326503,-0.621656475485747
m1047490,a,h001,0.727267646425634,-0.712433782501692
m1047490,b,h001,-0.9935206468945,-0.241177866794039
m1047490,c,h001,0.18577451581632,1.01121480397532
p1164481,a,h001,0.727114443556649,-0.712375649859957
m1069356,c,h001,0.196049052151952,0.998956133056991
m1069363,c,h001,0.196053334091287,0.998937172818258
p828359,c,h001,0.186363594688172,1.02074254480542
l2878848,c,h001,0.186380150947122,1.020528758490872
m1047486,a,h001,0.726715491757476,-0.711630328669422
m1047486,b,h001,-0.989746091397026,-0.238613340935626
m1047486,c,h001,0.187902532333962,1.00848086983246
l3177665,a,h001,0.726708789140532,-0.711627950998977
l2805036,b,h001,-0.973203686135486,-0.345846711619292
l2692654,a,h001,0.776887522363881,-0.623682293289436
m1125929,a,h001,0.77688660809628,-0.623682066587762
m1047669,a,h001,0.731428053347684,-0.714180069605086
m1047669,b,h001,-0.991899244988623,-0.237665125214318
m1047669,c,h001,0.18639415642874,1.021204299120531
m1047672,a,h001,0.731416892733378,-0.714156499975201
m1047672,b,h001,-0.991846710157199,-0.237638899988445
m1047672,c,h001,0.186395161467754,1.021211282902918
m1125919,a,h001,0.776939647923199,-0.623695231090113
m1125919,b,h001,-0.934658210427323,-0.357250953769084
m1125919,c,h001,0.143535302065737,1.023414080089894
p829961,a,h001,0.776934017702625,-0.623693835246467
m1142819,a,h001,0.778543254264896,-0.621724085829376
m1142819,b,h001,-0.93575977935151,-0.360380472829739
m1142819,c,h001,0.13897981649197,1.025616869733389
p829960,b,h001,-0.935758704838902,-0.360379703462289
p829979,b,h001,-0.940795035959376,-0.410208133975056
m3036172,b,h001,-0.940768331116577,-0.410179054833267
m1026883,c,h001,0.186191031435878,1.019107726241377
m1026898,c,h001,0.186192940849511,1.019079632096973
m1089143,a,h001,0.753316246091025,-0.622591756730737
m1089143,b,h001,-0.917830857510366,-0.334681822044308
m1089143,c,h001,0.157990759157713,1.003775282992113
l3141400,a,h001,0.753304135330466,-0.622586026928907
m1069481,a,h001,0.726449099608682,-0.710928592059265
m1069481,b,h001,-0.986436396501164,-0.236345925485169
m1069481,c,h001,0.189762425218538,1.006258412197524
p827507,c,h001,0.189763193917918,1.006255106537029
m1026377,a,h001,0.754137009151817,-0.649213517431849
l3048210,a,h001,0.754079543587291,-0.649184479794829
e182722,a,h001,0.725009351768668,-0.707769926437552
m1026331,a,h001,0.755776359161627,-0.649582722013258
m1026331,b,h001,-0.936346174379281,-0.306613946910282
m1026331,c,h001,0.179558476877937,1.014668359482413
l3214055,c,h001,0.179559499003977,1.014654393010787
m1108295,a,h001,0.769868597399156,-0.626518635782795
m1108295,b,h001,-0.930423336314203,-0.348164679448091
m1108295,c,h001,0.152601097824275,1.017035761571561
l2936279,a,h001,0.767999357702177,-0.626075867727274
l2936279,b,h001,-0.928968796227186,-0.346630772404449
l2936279,c,h001,0.153217942986016,1.015487454826804
m1026704,b,h001,-0.961979503250376,-0.219928802172076
l2841634,b,h001,-0.961922663833173,-0.219886598742238
m1047386,b,h001,-0.952278839014722,-0.316589346859372
m1047379,b,h001,-0.952172890154526,-0.316522010867467
m1089115,a,h001,0.792193774253649,-0.666358698595716
m1089115,b,h001,-0.972749823027541,-0.344042400982162
m1089115,c,h001,0.170054843520931,1.020298053214672
m1026486,b,h001,-0.949437412754326,-0.314437970942409
m1026488,b,h001,-0.949436050691538,-0.31443674396675
l3010570,a,h001,0.755568249956844,-0.649946373461949
p904451,a,h001,0.72716323011726,-0.619835885439918
221-282819,a,h001,0.72714925796677,-0.619829145734093
m1125968,a,h001,0.740548758646844,-0.620778751433447
m1125968,b,h001,-0.93417467021989,-0.325294256000302
m1125968,c,h001,0.145503601140394,1.026000188530822
p895107,c,h001,0.145504837656622,1.025988958207454
n1136999,a,h001,0.731409315121597,-0.714153643030808
m1069412,b,h001,-0.971010432139895,-0.225210824608356
l2879061,b,h001,-0.970999370691336,-0.22520511214998
m1026947,b,h001,-0.988854027239401,-0.227638143714619
m1142880,c,h001,0.093756722118163,1.019485715857129
l2891575,c,h001,0.093760296441341,1.019463126873016
m1026848,a,h001,0.714320585609898,-0.711109087562788
m1026847,a,h001,0.714304356556158,-0.711102797780129
l2897793,a,h001,0.723345237936415,-0.687212333700198
m1069521,a,h001,0.723316689878737,-0.687196331332047
m1069175,a,h001,0.786768139270016,-0.665236645976361
m1069175,b,h001,-0.969576022225862,-0.339368501242645
m1069175,c,h001,0.172062395797077,1.018258523550093
l3197637,c,h001,0.172063237931559,1.018247196158019
l3197635,b,h001,-0.9674924113155,-0.223413594102301
l2804257,b,h001,-0.986763846933898,-0.227092734136365
l2860485,b,h001,-0.986734619634094,-0.227070838598266
l3235945,c,h001,0.159421763788527,1.029064280677376
l2842330,c,h001,0.159426950689506,1.029009816826357
l2804254,a,h001,0.728955458939304,-0.706350136294724
m1047752,a,h001,0.728949190143395,-0.706346552236126
m1166370,c,h001,0.11561262022771,1.034344294597566
m1166364,c,h001,0.115616656929312,1.034331396246906
m3763619,a,h001,0.728648680554352,-0.71673050833982
m3763619,b,h001,-0.999728167287623,-0.240058527973436
m3763619,c,h001,0.186222062529063,1.01946403781725
m3037540,c,h001,0.151658988407854,1.003880242784946
l2710509,c,h001,0.151659395721873,1.003878738232328
l2763072,b,h001,-0.931512234190986,-0.303562999310751
m4118754,b,h001,-0.931064540223521,-0.303280204116861
m1089196,a,h001,0.754953100496361,-0.68628795323701
m1089196,b,h001,-0.988166992513976,-0.287363337416864
m1089196,c,h001,0.165971691751569,1.029327386973519
m1047484,a,h001,0.726663634266103,-0.711479699600159
m1047484,b,h001,-0.988966865639295,-0.238100727735231
m1047484,c,h001,0.188354076958052,1.007924597701031
l3010560,a,h001,0.726632908102685,-0.711390436470137
l3010560,b,h001,-0.988505154934378,-0.237797007115658
l3010560,c,h001,0.188621609670343,1.007594994634915
l3254219,c,h001,0.180926076617045,1.015683235872859
l3254220,c,h001,0.180930399665555,1.015665326912809
m1026648,a,h001,0.707830535544087,-0.700126078887095
m1026647,a,h001,0.707603801321812,-0.699993119098481
m1089112,a,h001,0.79059901072483,-0.66615090551182
m1089112,b,h001,-0.971590868384168,-0.34268088203942
m1089112,c,h001,0.170767790831382,1.018811965866321
l2691951,c,h001,0.170812099487479,1.01822648566349
m1108433,b,h001,-0.929630690880244,-0.311400261796014
228-1048090-1_int,b,h001,-0.929630760746728,-0.311400198802891
m1026327,b,h001,-0.934851082676834,-0.305670162551238
l2841636,b,h001,-0.934084966914979,-0.305185930718834
l2990826,a,h001,0.726006011894139,-0.618793876684701
l2990826,b,h001,-0.929900414891016,-0.311836615169224
l2990826,c,h001,0.148445784648045,1.024197402375
l2911069,b,h001,-0.978871089696282,-0.222799777224976
l2948732,b,h001,-0.978841084495459,-0.222777502514894
m1108260,b,h001,-0.972786719942754,-0.345549402127482
m1108259,b,h001,-0.972769861041926,-0.345538181736682
m1069312,c,h001,0.196261258000398,0.998434236611992
p873800,c,h001,0.196261406644997,0.998431778644464
m1186078,c,h001,0.092343897045848,1.02713198556475
l2876797,a,h001,0.729578600315198,-0.707290553097102
l2876797,b,h001,-0.973348397677771,-0.228067038391918
l2876797,c,h001,0.187227439933927,1.025260342403218
r18241,a,h001,0.729552525448784,-0.707032331615387
r18241,b,h001,-0.972570037053391,-0.227658684192076
r18241,c,h001,0.187275511159488,1.025464321913254
l3254227,b,h001,-0.981177855279524,-0.25884080131884
m3037455,c,h001,0.135353176699407,1.027270224254104
l3217052,c,h001,0.135356359043012,1.027243193692672
p827500,a,h001,0.725468118696472,-0.709020378359462
l2822861,a,h001,0.725421331564012,-0.709002758102869
m1047724,a,h001,0.730404733666692,-0.711243080074503
m1047724,b,h001,-0.984388838638384,-0.233871876318304
m1047724,c,h001,0.186661433233171,1.022516224464425
m1047722,a,h001,0.730335340613337,-0.71099626074016
m1047722,b,h001,-0.983729086567022,-0.233529787325213
m1047722,c,h001,0.186691396117507,1.022656371825605
d5534969-2_int,a,h001,0.734065021680107,-0.686930751683613
d5534969-2_int,b,h001,-0.985471635504041,-0.263713495972957
d5534969-2_int,c,h001,0.175055924782825,1.02875692756889
e182729,a,h001,0.734007681036893,-0.686926894729505
e182729,b,h001,-0.98543717075332,-0.263665889469721
e182729,c,h001,0.175079123781409,1.028724812517801
n1134477,a,h001,0.734476013744004,-0.686920451722084
n1134477,b,h001,-0.985522522589785,-0.26418026295597
n1134477,c,h001,0.174881771290622,1.028762991744907
m1166355,a,h001,0.800639417153052,-0.613841786355846
l2858200,a,h001,0.800639412970085,-0.613841814983974
m1047699,a,h001,0.73100596950471,-0.71327390534531
m1047699,b,h001,-0.989724940353713,-0.236601784322681
m1047699,c,h001,0.186432183449958,1.021504711178385
l2935554,a,h001,0.730834187610019,-0.71277580851735
l2935554,b,h001,-0.98849164569615,-0.235978740641702
l2935554,c,h001,0.18647791581043,1.021728095863022
m1047292,a,h001,0.758097083432433,-0.652666990504027
m1047292,b,h001,-0.942015292581261,-0.31030158501619
m1047292,c,h001,0.179775092804428,1.013479606265574
l2766750,c,h001,0.179777541755444,1.013446036100956
l3649300,a,h001,0.724551356549094,-0.71542078740427
m1047733,a,h001,0.722928950858156,-0.687037203797248
l3066804,a,h001,0.72289096297613,-0.687023469216275
m3327098,b,h001,-0.962870123469718,-0.222636716098005
l2691943,b,h001,-0.96282943027556,-0.222615688790536
p829986,a,h001,0.775450921312642,-0.625748559045568
m1125904,a,h001,0.775442341249164,-0.625746224622538
n1139550,a,h001,0.707139834294795,-0.699720982999474
m1026307,b,h001,-0.925940666130629,-0.300048940302706
l3085388,b,h001,-0.925924267509945,-0.300038591845337
l3233413,b,h001,-0.929716948502164,-0.311457005829247
l3122827,a,h001,0.710382513793672,-0.701621872329366
l2954355,a,h001,0.710079648938006,-0.701444470541165
p827576,b,h001,-0.980500484637254,-0.231535113547488
n1139256,b,h001,-0.980499191031105,-0.231534138648657
l2952003,a,h001,0.726618614190684,-0.619259698022639
l2952003,b,h001,-0.930608801892986,-0.312190979383821
l2952003,c,h001,0.148444416350684,1.024843068177688
n1136359,c,h001,0.175660244691046,1.029927497395663
l3008237,c,h001,0.175661104016927,1.029916630475223
m1089102,c,h001,0.170870536826737,1.017566611184369
m1089096,c,h001,0.170896506366934,1.017255935260205
p895102,b,h001,-0.93425573650533,-0.326704043531966
m1125978,b,h001,-0.934247832088514,-0.326698797125872
m1026706,a,h001,0.710452878482278,-0.701591256113839
m1026706,b,h001,-0.994437164203549,-0.244157017106369
m1026706,c,h001,0.180145300125408,1.000864075290031
n1140825,a,h001,0.710447620671956,-0.701584552662589
n1140825,b,h001,-0.994421948421094,-0.24415220809789
n1140825,c,h001,0.180145244002508,1.000852174149409
l3141399,c,h001,0.171234442521097,1.012789067910723
m1069210,c,h001,0.171236814185394,1.012759552683274
m3763624,a,h001,0.728656136030997,-0.71673826022935
m3763624,b,h001,-0.999719681672367,-0.240066649805423
m3763624,c,h001,0.186230903936501,1.019425704912468
p1121283,c,h001,0.186232229674818,1.01940812918671
m1142839,a,h001,0.780414606983021,-0.619891230707726
m1142839,b,h001,-0.936836555439974,-0.363706792703725
m1142839,c,h001,0.134632402728504,1.027733856800876
l3067507,c,h001,0.134638861037313,1.027723550911463
n1141478,b,h001,-0.935751133503187,-0.360374283244009
m1142826,b,h001,-0.935697756871102,-0.360336119962018
m1108334,c,h001,0.150608801122591,1.014416519206796
l2692664,c,h001,0.150609709916789,1.014407520279278
l2823544,a,h001,0.705637755517764,-0.62177508999858
226-23751,a,h001,0.775237009527489,-0.626074961872886
226-23751,b,h001,-0.933473047814794,-0.354028935223152
226-23751,c,h001,0.148716583515257,1.020795446470037
p827536,a,h001,0.717460258669031,-0.71279012074637
n1137999,a,h001,0.717406905020079,-0.712757234846864
l3027157,a,h001,0.729786920396504,-0.708547419122194
l3027157,b,h001,-0.976956057459997,-0.229973284744059
l3027157,c,h001,0.187029565999165,1.024307854110362
l2973155,a,h001,0.729673845893063,-0.707937612162758
l2973155,b,h001,-0.975231396017084,-0.22906090301157
l2973155,c,h001,0.187120981812842,1.024763427780238
m1186052,a,h001,0.822552277024164,-0.60698232057971
m1186052,b,h001,-0.939987711509279,-0.409650254899704
m1186052,c,h001,0.104669455165254,1.036862732668162
198-5320,a,h001,0.822547387196899,-0.606979417799197
198-5320,b,h001,-0.939981673132703,-0.40964736481209
198-5320,c,h001,0.104669598511383,1.036855705135098
l3216346,a,h001,0.706532851408803,-0.704301472444599
l2858163,a,h001,0.706377744453988,-0.704208081632443
m1047813,b,h001,-0.964060827245645,-0.223235867577547
l2973149,b,h001,-0.964047160910468,-0.223228822218984
l3086079,b,h001,-0.940767703424826,-0.410178568110934
m1069574,b,h001,-0.980003271922109,-0.258198553077104
l2710530,b,h001,-0.97999667954283,-0.258193323812694
m1069285,a,h001,0.725348693786032,-0.708353845878043
m1069285,c,h001,0.196233742341491,0.998473173492208
m4113348,a,h001,0.725347885951174,-0.708353837147814
m4113348,c,h001,0.196233865869329,0.998470902777389
l2879074,a,h001,0.70652032210885,-0.69936722223135
m1026916,b,h001,-0.99149351805187,-0.22889723553498
e193509,a,h001,0.780651734028733,-0.619628203007615
e193509,b,h001,-0.93699130809635,-0.364136160576982
e193509,c,h001,0.134017501871824,1.02804363861753
m1047794,b,h001,-0.967700466915055,-0.225131626489488
m1047796,b,h001,-0.967682372405464,-0.225118013581958
l3027116,a,h001,0.759581345556414,-0.654337556537712
l3027116,b,h001,-0.944849263442718,-0.312061416741877
l3027116,c,h001,0.179950839032108,1.013359105401256
l2929261,a,h001,0.730984326119302,-0.713265757409668
m1166375,a,h001,0.797529040017217,-0.61483614166232
m1166375,b,h001,-0.939238658270054,-0.382971573376456
m1166375,c,h001,0.121479104219465,1.032630440100724
p895080,a,h001,0.797526610570737,-0.614835538320856
l2973156,b,h001,-0.973695977060732,-0.226593506238954
m1069311,a,h001,0.725387582285052,-0.708354254420511
m1069311,b,h001,-0.974722217233453,-0.228197805150997
m1069311,c,h001,0.196227782387778,0.998582465870666
m1069208,c,h001,0.171069819846404,1.014836728692731
l2691945,c,h001,0.171070548436726,1.014827752925986
n1140820,b,h001,-0.994471559772018,-0.244109088471456
m1026468,b,h001,-0.949644271966708,-0.314624032416001
p901909,b,h001,-0.949643057923294,-0.314622937620359
m1026662,a,h001,0.709341307135439,-0.701327135751178
m1026662,b,h001,-0.994510305478587,-0.244578460770293
m1026662,c,h001,0.180054959838689,0.99911774026834
n1141473,a,h001,0.709337156422159,-0.701324694103036
m1026941,a,h001,0.71744829376316,-0.712300142294257
m1026942,a,h001,0.717435793361225,-0.712292022345597
n1137985,a,h001,0.730332517887258,-0.710994638592405
m1047713,a,h001,0.730745147425818,-0.712506206015254
m1047713,b,h001,-0.987815441094046,-0.235637535382661
m1047713,c,h001,0.186504240893441,1.021850585488291
m1047720,a,h001,0.730575949451901,-0.711864115845874
m1047720,b,h001,-0.986053711599594,-0.234738094909699
m1047720,c,h001,0.186586800761063,1.022159342310532
m1108298,a,h001,0.773660214255747,-0.627266077903694
m1108298,b,h001,-0.933223221655167,-0.351391432936015
m1108298,c,h001,0.151217762238141,1.020064662258306
196-36167,a,h001,0.773475864049378,-0.627371400855321
196-36167,b,h001,-0.933234822708972,-0.351124679215586
196-36167,c,h001,0.151408241189662,1.020038410155402
e183472,a,h001,0.728661972540392,-0.621223241824567
e183472,b,h001,-0.933630454858705,-0.313904906120029
e183472,c,h001,0.148689560104877,1.025603363460282
l2989566,a,h001,0.727695786162473,-0.620329119249739
l2989566,b,h001,-0.932367954100872,-0.3131243358814
l2989566,c,h001,0.148558059441352,1.02546345215831
m1010007,a,h001,0.69661474078994,-0.699269203412658
m1010004,a,h001,0.696474536394923,-0.699214359265495
p862322,a,h001,0.72638886296685,-0.619074054745003
p862322,b,h001,-0.930332451225756,-0.312080127267776
p862322,c,h001,0.1484186491027,1.024586375291264
m1089188,c,h001,0.15234530470377,0.996877078657906
m1089189,c,h001,0.152351034866391,0.996814024751894
l2972704,c,h001,0.170906406951634,1.017225140360444
l3263051,c,h001,0.170913885551762,1.017195520775086
n1139544,c,h001,0.171229359382517,1.012839612253382
l2897776,c,h001,0.171230543611497,1.012823747452165
n1230122,a,h001,0.727135006372019,-0.619822270889366
l2689726,a,h001,0.702848699262967,-0.697199314224454
m1142868,a,h001,0.769045784487794,-0.619499121841232
m1142868,b,h001,-0.936416007693608,-0.353488631487126
m1142868,c,h001,0.136266224082387,1.027895008036304
m1142869,a,h001,0.767661705100503,-0.619575564472168
m1142869,b,h001,-0.936295949564737,-0.352124606564762
m1142869,c,h001,0.136743487574559,1.02777577426866
l2767414,c,h001,0.150408952205734,1.016398528839644
m1027027,c,h001,0.186700817899066,1.004246548199145
l3270853,c,h001,0.18670082084567,1.004246549771306
m1125982,b,h001,-0.934210639274762,-0.326674136305742
m1069572,b,h001,-0.980008464232278,-0.258202679589914
l3066826,b,h001,-0.979966495880836,-0.258179423258975
m1166356,a,h001,0.800680924246033,-0.613859115606707
l2730187,a,h001,0.800656880421504,-0.613848768438625
l3122825,a,h001,0.754770317441232,-0.649534736180756
l2991920,a,h001,0.754761282375594,-0.649531962679872
n1134474,a,h001,0.741060032670281,-0.686764203554211
n1134474,b,h001,-0.986345055003427,-0.271680226559963
n1134474,c,h001,0.172087555678526,1.028850679696402
m1069496,a,h001,0.740028021838604,-0.686788652528685
m1069496,b,h001,-0.986216094882344,-0.270504492731275
m1069496,c,h001,0.172525573215975,1.028837008148411
l3122826,a,h001,0.764950829455509,-0.659584048018854
m1047358,a,h001,0.764907988625941,-0.659562327617266
l3142078,b,h001,-0.972601798565748,-0.345424849558689
l2879752,b,h001,-0.97257722136279,-0.345408394878253
p850072,a,h001,0.726085456757323,-0.618861242347901
p850072,b,h001,-0.930019533498038,-0.311887061043833
p850072,c,h001,0.148450549314317,1.024299077618454
221-311609,a,h001,0.726084761652806,-0.61886074516618
221-311609,b,h001,-0.930018609530743,-0.31188669694688
221-311609,c,h001,0.148450540959503,1.024298101168906
m1027023,a,h001,0.702686177959569,-0.70258543098746
m1027023,b,h001,-0.986712045554794,-0.227144066699947
m1027023,c,h001,0.186608227280562,1.006750918131476
l3122815,b,h001,-0.98669706713495,-0.227136371994884
l2724120,c,h001,0.170962068897738,1.01644692421879
m1069149,c,h001,0.170962392023284,1.016443024970058
l2729429,a,h001,0.719006437882938,-0.707049407275192
l3215549,b,h001,-0.966714450964283,-0.224623331740329
l2897800,b,h001,-0.965884833126967,-0.22419427921198
l3027156,c,h001,0.186833174085459,1.023295831130263
l2860481,c,h001,0.186834355396329,1.023278614553925
n1140828,a,h001,0.710078536533574,-0.701481268573329
n1140828,b,h001,-0.994503524833075,-0.244244029112262
n1140828,c,h001,0.180087430721222,1.000550978324594
m1026708,a,h001,0.710040339737994,-0.701470042203514
m1026708,b,h001,-0.994510293836586,-0.244252910413362
m1026708,c,h001,0.180081522481633,1.000519029294819
m1126020,a,h001,0.70540854864791,-0.621657893396294
m1126023,a,h001,0.705397236368675,-0.62165429470332
m1026906,a,h001,0.718724960195943,-0.713055436713622
m1209824,c,h001,0.091405308158996,1.030485259416909
m1209828,c,h001,0.091890286328819,1.029044676923259
l3195315,a,h001,0.782765912527844,-0.664077167940694
m1069590,b,h001,-0.976608362534434,-0.256313591599248
m1069595,b,h001,-0.975883392063074,-0.255912260665772
m1027004,b,h001,-0.965079707881461,-0.223764452543138
l2897765,b,h001,-0.964664382427297,-0.223548771602782
m1047314,a,h001,0.761508504106619,-0.656474700914553
n1137961,a,h001,0.761468856355712,-0.656454658018614
l2876814,a,h001,0.711351900751078,-0.707712129924942
l2876814,b,h001,-0.986714112533242,-0.226816867270781
l2876814,c,h001,0.186853743691057,1.014150920940819
m1026834,a,h001,0.711131725396455,-0.707362986182433
m1026834,b,h001,-0.985981825287912,-0.22648751059291
m1026834,c,h001,0.186854117726449,1.014058574611021
m1008743,b,h001,-0.925143450620524,-0.299553361733406
m1008742,b,h001,-0.925074697651726,-0.299510687555831
p827525,a,h001,0.714538758809214,-0.711176200131492
p827525,b,h001,-0.993493202465366,-0.231028532427401
p827525,c,h001,0.186419320299404,1.015591658829184
m1026902,a,h001,0.714039139878429,-0.710863352244217
m1026902,b,h001,-0.99296868770601,-0.230421617482941
m1026902,c,h001,0.186550510309546,1.015415657328724
n1144663,a,h001,0.742352327803947,-0.686733580446526
n1144663,b,h001,-0.986506532135639,-0.273152498261771
n1144663,c,h001,0.171539059273796,1.028867792563996
m1089215,a,h001,0.741889675332992,-0.686744544777156
m1089215,b,h001,-0.986448723010022,-0.272625412024877
m1089215,c,h001,0.17173542635616,1.028861666882287
m1069467,a,h001,0.72605409192565,-0.71022810254187
m1047324,a,h001,0.763743134131984,-0.658486194680991
m1047324,b,h001,-0.95164025384553,-0.315875884047559
m1047324,c,h001,0.180470947636312,1.014876677742605
l2897780,a,h001,0.763047440383963,-0.657856754412164
l2897780,b,h001,-0.950743007189604,-0.315369857826917
l2897780,c,h001,0.180369311476157,1.014636010824575
m1069411,a,h001,0.725076399658882,-0.708000122260262
m1069411,b,h001,-0.976580626333045,-0.228370399402272
m1069411,c,h001,0.194505585130951,1.001588474800356
l2711226,a,h001,0.778856439941363,-0.621415400896893
l2711226,b,h001,-0.935926175017642,-0.360933159152366
l2711226,c,h001,0.138262172458542,1.025955454747742
l3101789,a,h001,0.70760354902707,-0.704950510269779
l2841616,a,h001,0.725372197012058,-0.70898423457523
m1089170,c,h001,0.152136579066423,0.999074356669952
l2879062,c,h001,0.152207992395752,0.998344504687747
n1139545,c,h001,0.170771479964715,1.018767735852163
m1069174,c,h001,0.170805920349128,1.018354497670266
n1140517,a,h001,0.762427409489942,-0.685972070722791
l3157718,a,h001,0.762412920479719,-0.685967271994628
l2727008,b,h001,-0.975276899195545,-0.255576614022801
m1069629,b,h001,-0.974519601596056,-0.255157633445499
l2691944,a,h001,0.706402648556855,-0.704838649113724
n1230121,c,h001,0.149987782291338,1.020020774008782
m1069533,a,h001,0.734057500479783,-0.685642998562926
m1069533,b,h001,-0.984326888705086,-0.260558757135654
m1069533,c,h001,0.175654760219394,1.030004157438317
n1136356,a,h001,0.734005522104985,-0.685676265985201
n1136356,b,h001,-0.98433733626543,-0.26058769737215
n1136356,c,h001,0.175666890771069,1.029952532355458
m1142865,a,h001,0.772433742661205,-0.619311984679255
m1142865,b,h001,-0.936709864932578,-0.356827511536934
m1142865,c,h001,0.135097959947608,1.028186851371894
m1047526,a,h001,0.736941791311112,-0.719739170508686
m1047526,b,h001,-1.003565297045766,-0.245053994743938
m1047526,c,h001,0.185722347072761,1.022665192918602
n1136666,a,h001,0.73678136591542,-0.719662627528617
n1136666,b,h001,-1.003452459687737,-0.24491471183945
n1136666,c,h001,0.185744177618356,1.022609391740122
l2804253,a,h001,0.782501559085518,-0.663948130066073
m1209790,a,h001,0.840169704529277,-0.602755816217093
m1209790,b,h001,-0.942142500178451,-0.42835865746415
m1209790,c,h001,0.093372727453028,1.041435376181392
m1209788,a,h001,0.838325643758399,-0.603270925257626
m1209788,b,h001,-0.942004174617123,-0.426385783205891
m1209788,c,h001,0.094595169980946,1.041042819725531
p850400,c,h001,0.1962344099512,0.998462568347684
l3029500,a,h001,0.70650799885933,-0.704306554435534
m1026764,a,h001,0.706481627757029,-0.704296377636863
m1108375,c,h001,0.147019978743044,1.025699984340485
m1069217,c,h001,0.171160695807006,1.013735156987248
l2954350,c,h001,0.171165205147278,1.013681118060232
l2802481,a,h001,0.725840172016422,-0.619196833531391
l3214549,a,h001,0.725806745715217,-0.61918062103786
l2851933,a,h001,0.710714301116454,-0.701716419164858
l2851933,b,h001,-0.994359248126609,-0.244073428191492
l2851933,c,h001,0.180209566780838,1.001151787600934
l3207907,a,h001,0.710698405558763,-0.701705757497202
l3207907,b,h001,-0.994346741411588,-0.244065484976212
l3207907,c,h001,0.180208696596805,1.001142886361927
l2841619,c,h001,0.152357867069057,0.996738567647191
m1108380,a,h001,0.72709541717064,-0.619669071540322
m1108380,b,h001,-0.931259537820073,-0.31246885747794
m1108380,c,h001,0.14849339839928,1.025359828754483
p904452,b,h001,-0.931236923051541,-0.312454031698414
n1136995,c,h001,0.186355492533299,1.020779649376105
m1047613,c,h001,0.186363168341663,1.020747992483631
221-306687,b,h001,-0.952104424111582,-0.31646031573613
l2916625,b,h001,-0.952031911005358,-0.316413095745434
m1009724,a,h001,0.707359986124186,-0.704802157942893
m1009720,a,h001,0.70720150283159,-0.704706830609957
l2822862,c,h001,0.151661671189265,1.003853160665856
d6019477-1_int,c,h001,0.186576900486956,1.006128941068126
e182727,c,h001,0.186578308716073,1.006124983982832
m1027043,a,h001,0.702098665902302,-0.702235048136969
m1027043,b,h001,-0.986670942115355,-0.227238415629245
m1027043,c,h001,0.186573572491579,1.006180964311715
m1026948,b,h001,-0.98887988127433,-0.227651549486829
m1026949,b,h001,-0.988875844373044,-0.227648541797122
m1089131,a,h001,0.745479985812229,-0.621113077147386
m1089131,b,h001,-0.91154061321744,-0.327689404818062
m1089131,c,h001,0.161046575406051,0.997301276225318
l3270854,a,h001,0.745479984768374,-0.621113082705857
m1209763,b,h001,-0.940640428747966,-0.410079070760615
l3176661,c,h001,0.093837498245292,1.019058259605286
l2970804,c,h001,0.093844544198612,1.019037102942391
p827504,a,h001,0.72655613970572,-0.711214817757309
n1137957,a,h001,0.726553523430117,-0.711213270763692
l2936275,b,h001,-0.940530657157954,-0.409993328822709
l2766722,b,h001,-0.964835001470959,-0.222053134331094
l3142079,b,h001,-0.933780168298668,-0.355959061874388
m3036162,b,h001,-0.933779153714688,-0.355958062843228
m1026724,a,h001,0.714635315657771,-0.704255303279172
m1026724,b,h001,-0.995066087465903,-0.243993043414843
m1026724,c,h001,0.181062067491172,1.004228557286153
r18243,a,h001,0.714564325337137,-0.704210112558632
r18243,b,h001,-0.995059255572433,-0.243995083692798
r18243,c,h001,0.181046108909765,1.004182539887967
l2710504,b,h001,-0.961957129983506,-0.222166035922328
m1142860,a,h001,0.775473734030211,-0.619136227977914
m1142860,b,h001,-0.936964420098924,-0.359797180494451
m1142860,c,h001,0.134060333881127,1.028456074009361
p895114,a,h001,0.775470647329103,-0.61913531047841
l3197652,a,h001,0.733848694715362,-0.685671553932088
p827575,c,h001,0.192217091958835,1.003753516416773
m1069437,c,h001,0.192218732546165,1.003746332603125
m1069620,b,h001,-0.975721621787236,-0.25582271495543
l3270814,a,h001,0.717426844418647,-0.712286725678626
m1026378,a,h001,0.754016556061776,-0.649152706011602
l2897778,a,h001,0.753830455795799,-0.649058720548544
m1069532,b,h001,-0.98432329845067,-0.260555896872464
l2785534,b,h001,-0.984310538791196,-0.260545751038688
m1069147,c,h001,0.170926344195047,1.016878563835207
l3066801,c,h001,0.170926797527958,1.016873013039181
m1069556,a,h001,0.733961239826974,-0.685693033884435
m1069556,b,h001,-0.984353063488755,-0.260600931247829
m1069556,c,h001,0.175659902502912,1.029931811198694
p901932,c,h001,0.175660095789404,1.029929375465444
l2691967,a,h001,0.720034235447274,-0.68654982846995
l2691967,b,h001,-0.982599059420596,-0.253225578583727
l2691967,c,h001,0.179202349337739,1.024794039196693
m1069504,a,h001,0.718634899455468,-0.68607504629574
m1069504,b,h001,-0.981865762415427,-0.252390995187278
m1069504,c,h001,0.179376404357072,1.024070229982919
m1166393,c,h001,0.093074923795288,1.022412449159104
m1166395,c,h001,0.093146097539793,1.022200245697999
l2766718,a,h001,0.781066808980622,-0.664187170200383
l2766718,b,h001,-0.965998159318858,-0.333620316101872
l2766718,c,h001,0.174512280750957,1.017471851777214
l3048206,a,h001,0.77968004364795,-0.663985855737286
l3048206,b,h001,-0.964967732839664,-0.332007289281991
l3048206,c,h001,0.175232464333504,1.017320273871448
m1047821,b,h001,-0.964196729183454,-0.223306206240255
l2684420,b,h001,-0.964159161225366,-0.22328676276051
p850080,a,h001,0.726107016112357,-0.61887550123452
p850080,b,h001,-0.930048127677177,-0.311904860399504
p850080,c,h001,0.148447185428802,1.024323212851755
221-311905,a,h001,0.726106146355848,-0.618874877550682
221-311905,b,h001,-0.930046970133064,-0.3119044057816
221-311905,c,h001,0.148447173417388,1.024321990070419
m1089204,a,h001,0.756590603487664,-0.686173693497802
l3157167,a,h001,0.756564975765768,-0.686160075601089
m1186072,a,h001,0.826409800186549,-0.606585768859079
m1186072,b,h001,-0.941113653586847,-0.413615290045215
m1186072,c,h001,0.102483079670647,1.038529437997342
m1186067,a,h001,0.825101357914667,-0.606949497830979
m1186067,b,h001,-0.941012504386397,-0.412205244818561
m1186067,c,h001,0.103356069595093,1.038253042864374
m1047432,a,h001,0.705502540623934,-0.69876045987219
l2879075,a,h001,0.705494153623197,-0.698755448125884
m3037537,b,h001,-0.978871876797376,-0.222800361565532
l3231269,b,h001,-0.978848704178091,-0.222783177264924
r42247,a,h001,0.787180307558374,-0.617675549118567
r42247,b,h001,-0.938322381149216,-0.371621606299601
r42247,c,h001,0.128510056021302,1.030470254563717
m1149233,a,h001,0.785977755136799,-0.617912884229154
m1149233,b,h001,-0.938143557561159,-0.370347804237783
m1149233,c,h001,0.129252318607716,1.030169226654927
m1108266,b,h001,-0.973456813512822,-0.346006660571154
m1108265,b,h001,-0.973390718217451,-0.345960978934917
m1069543,b,h001,-0.980502943813859,-0.258472485240261
m1069535,b,h001,-0.980459840648973,-0.258448798210789
m1126017,a,h001,0.705367005267515,-0.621644663915393
m1047711,a,h001,0.723169694922,-0.687123768150999
m1047718,a,h001,0.72312514798654,-0.687107807392521
m1069136,a,h001,0.770642666205249,-0.662764561744836
m1069136,b,h001,-0.958072492019875,-0.321102520233645
m1069136,c,h001,0.18013786059186,1.016704174551748
m1009771,b,h001,-0.98563047029114,-0.226248294955417
l2914323,b,h001,-0.98562056760688,-0.226243212306067
m1069218,c,h001,0.171226171992474,1.01289025123378
l2954351,c,h001,0.171227855920897,1.012869522419367
m1026744,a,h001,0.716450680528345,-0.70541081755334
m1026744,b,h001,-0.995240738152122,-0.243940946774987
m1026744,c,h001,0.181470065089382,1.005405285516402
m1008752,b,h001,-0.925419092550101,-0.299724953887397
m1008746,b,h001,-0.925218077635959,-0.299599716694635
m1069457,a,h001,0.725819582246037,-0.70969749143181
m1069457,b,h001,-0.982285023189949,-0.232994768436127
m1069457,c,h001,0.191767625350253,1.004237914888022
e182745,a,h001,0.725819582173234,-0.709697491699912
n1139546,b,h001,-0.975769609811964,-0.347584211929423
m1026363,c,h001,0.179650894134717,1.013638223632854
l2897779,c,h001,0.179656441853366,1.013562954291296
l2841626,c,h001,0.171161901615142,1.0137204876617
l2711234,b,h001,-0.933184678838233,-0.351364480797712
l2973178,b,h001,-0.980490623207262,-0.231527691688241
m1149236,a,h001,0.789653297292322,-0.617031599465831
m1149236,b,h001,-0.938589471441496,-0.374309135718552
m1149236,c,h001,0.126856506564065,1.031035947036809
p829974,a,h001,0.789652758886727,-0.617031362819591
l3160862,c,h001,0.1374064881041,1.027408688752947
l3104850,c,h001,0.137416943598158,1.027372403659588
l2748130,b,h001,-0.954941066744728,-0.318296808810495
l3083019,a,h001,0.701151684602357,-0.701669285465597
m1027080,a,h001,0.700997690622033,-0.701577644629399
l3085389,b,h001,-0.925409160453066,-0.2997187046653
l2729405,b,h001,-0.97333063895179,-0.345924591444116
p828362,a,h001,0.732807973463106,-0.716908081830974
p828362,b,h001,-0.998316737084104,-0.240721444381718
p828362,c,h001,0.18627187188822,1.021115578619028
n1136671,a,h001,0.732786021832394,-0.716865637210321
n1136671,b,h001,-0.998214596024876,-0.240675103628944
n1136671,c,h001,0.186274153926806,1.021105019438134
p901941,a,h001,0.757731228243085,-0.620077432532349
l3251799,a,h001,0.75771249016901,-0.620072190504332
m1026308,b,h001,-0.926872417372424,-0.300637117584336
l2897764,b,h001,-0.926837655723645,-0.300615205601945
m1009840,b,h001,-0.979112666401422,-0.222968020110771
l2991901,b,h001,-0.979061329293617,-0.222941592829679
n1134470,a,h001,0.699557082975861,-0.700720181443322
l3251808,a,h001,0.699168641231387,-0.700488921846694
l3139086,b,h001,-0.96338956818484,-0.220977850987374
n1137992,a,h001,0.729123779531259,-0.713294852734127
n1137992,b,h001,-0.996132684738811,-0.243255280153188
n1137992,c,h001,0.184536654066516,1.013474590910865
196-29520,a,h001,0.729102874902253,-0.713284598233333
196-29520,b,h001,-0.996102184315993,-0.243230613839373
196-29520,c,h001,0.184550899950966,1.013449419071072
l3029501,b,h001,-0.972257798872528,-0.225852284404083
m3036165,b,h001,-0.972255286334876,-0.225850984287546
m1026857,a,h001,0.720255554239352,-0.713957747766515
m1026859,a,h001,0.720220239761903,-0.71393693402488
m1108311,a,h001,0.774511087490798,-0.626834022261671
m1108311,b,h001,-0.933196541042548,-0.352746144726474
m1108311,c,h001,0.150329776173152,1.020126731260488
l2898526,c,h001,0.150330893347823,1.02012263835784
l3048965,a,h001,0.78303113197733,-0.618494416176733
l3048965,b,h001,-0.937705373248598,-0.367226604163024
l3048965,c,h001,0.131071080013912,1.029431607013667
l3216123,a,h001,0.732206104442944,-0.715693474725545
l3216123,b,h001,-0.995332934563381,-0.23936844097866
l3216123,c,h001,0.18634772498897,1.020816909626784
n1136996,a,h001,0.731828732580607,-0.714955045600035
n1136996,b,h001,-0.993676503052191,-0.23853112180868
n1136996,c,h001,0.186374468546761,1.021001752933332
m1069202,c,h001,0.170976664742748,1.01605170377691
l2879073,c,h001,0.171027963258089,1.015372447123947
m1089093,c,h001,0.170909852223073,1.017095662770803
m1047786,b,h001,-0.967428834085951,-0.224983873448877
l3048207,b,h001,-0.967118280484584,-0.22482253317218
l3160868,b,h001,-0.934876270568425,-0.359294185720842
l3082988,b,h001,-0.934862378998814,-0.359280344462242
l2936211,c,h001,0.142510950977795,1.02644440919711
n1140525,c,h001,0.186234434058042,1.019378873427871
l3645809,c,h001,0.186242899217786,1.019266157978266
p829962,c,h001,0.13534060494085,1.027376527089907
m1142835,c,h001,0.135341592494928,1.027368174882136
l3125349,a,h001,0.725246612129876,-0.707962400322291
l3125349,b,h001,-0.975073199417341,-0.227740413456615
l3125349,c,h001,0.19560169512374,1.000014471683868
n1138604,a,h001,0.72527104959146,-0.70804492652329
n1138604,b,h001,-0.97500078383364,-0.227837849870578
n1138604,c,h001,0.19573260749092,0.999710321172682
d5710794-3_int,a,h001,0.864861941221359,-0.593550082445376
d5710794-3_int,b,h001,-0.943542045384931,-0.454886361777502
d5710794-3_int,c,h001,0.074383153648215,1.047600718941799
e192860,a,h001,0.864754550128552,-0.593563275535532
e192860,b,h001,-0.943499595905267,-0.454791082073427
e192860,c,h001,0.074449482146429,1.047528477616964
l3254216,a,h001,0.702880037439424,-0.697217265997998
l2785511,a,h001,0.75652759364437,-0.686140194594065
l2897784,b,h001,-0.949411419291474,-0.314414624683907
m1026496,b,h001,-0.949373078672692,-0.314380226295566
p859135,a,h001,0.731001576339546,-0.71327225375477
m1027002,a,h001,0.704190313540104,-0.703635681416929
m1027002,b,h001,-0.987164180532043,-0.227161501128048
m1027002,c,h001,0.186652744807268,1.008122894974161
l2673313,a,h001,0.703808115540019,-0.7033544510294
l2673313,b,h001,-0.987016712730074,-0.227132738789945
l2673313,c,h001,0.186645606620651,1.007782479020462
m1047725,b,h001,-0.984387705376408,-0.23387128165478
m1047728,b,h001,-0.984358672380936,-0.23385606715877
m1047300,a,h001,0.759259997560311,-0.653978347797129
m1047300,b,h001,-0.944237880588774,-0.311685660752154
m1047300,c,h001,0.179912996356141,1.013369147255777
m1047299,a,h001,0.758966810104052,-0.653650585067358
m1047299,b,h001,-0.943680042871448,-0.311342843193154
m1047299,c,h001,0.179878444001402,1.013378307449947
l3122835,b,h001,-0.976594103539793,-0.256302288399882
l3234185,b,h001,-0.961491909218224,-0.22192616444172
l3065750,b,h001,-0.96145800981712,-0.221908710385169
l2991943,c,h001,0.1800416671427,1.012702501590124
l2952013,a,h001,0.716229024529367,-0.712031184307723
m1026701,a,h001,0.709849609390977,-0.701410578868898
m1026701,b,h001,-0.994548425071246,-0.244291266217091
m1026701,c,h001,0.180047420128448,1.00038656341476
m1026697,a,h001,0.709735397660729,-0.701381752406355
m1026697,b,h001,-0.994562817155488,-0.244325916899496
m1026697,c,h001,0.180036100002797,1.000254225961956
m1069730,b,h001,-0.961662703351134,-0.222014199695304
l3159037,b,h001,-0.961607698185708,-0.221985846098745
m1142833,c,h001,0.135342854321489,1.027357515451413
p901913,c,h001,0.184541819587647,1.015497550791223
n1140823,a,h001,0.710776835629916,-0.701772688284355
n1140823,b,h001,-0.994431598268162,-0.244096969086749
n1140823,c,h001,0.180218778456919,1.001217773119968
m1027066,c,h001,0.186944867487719,1.003203597218401
l2841645,c,h001,0.186946249407512,1.003197274788647
m1125959,c,h001,0.143132736313522,1.02635947387551
m1125974,c,h001,0.143141448052227,1.026326916896094
m1069191,a,h001,0.78292751239667,-0.664156358187193
m1108258,b,h001,-0.972747469934852,-0.345523062626506
p829976,a,h001,0.781449950244303,-0.618765235772141
l2955078,a,h001,0.781432651817962,-0.61875746918416
n1147867,c,h001,0.152345942871284,0.996908508328567
d5837361-8_int,c,h001,0.152345942946875,0.996908508356792
m1026792,a,h001,0.71471991615659,-0.711344674313703
l2821010,a,h001,0.714562111711991,-0.711251350291863
m1125976,a,h001,0.739498935726447,-0.620811526908091
m1125976,b,h001,-0.93412173875882,-0.324266659448146
m1125976,c,h001,0.145791225269429,1.02597160881776
n1142112,b,h001,-0.972819992936097,-0.345571566765387
p827496,b,h001,-0.972814130011829,-0.34556765928946
221-240988,c,h001,0.180051689829636,0.998675650847312
l3141411,c,h001,0.180053808966059,0.998647839845326
p829956,c,h001,0.137007590730839,1.027708942935156
d5535139-1_int,a,h001,0.726085316848938,-0.621443619565688
d5535139-1_int,b,h001,-0.933572824358396,-0.311560806594579
d5535139-1_int,c,h001,0.149451209929663,1.02543292795706
e183473,a,h001,0.726015035874855,-0.621437959653897
e183473,b,h001,-0.933535058692787,-0.311508954758204
e183473,c,h001,0.149476277622184,1.02539621036453
m1125997,a,h001,0.726164533153027,-0.621437542005359
m1125997,b,h001,-0.933575582298082,-0.311632831555888
m1125997,c,h001,0.14942809895829,1.025438270369042
m1047518,b,h001,-1.000951239651777,-0.241834411696019
l2973160,b,h001,-1.000939888355655,-0.241825777909564
n1134471,a,h001,0.700997688261471,-0.701577652938465
m1009838,b,h001,-0.979681992756989,-0.223260108400722
l2801896,b,h001,-0.979571190237989,-0.22320327481789
p827520,c,h001,0.170769339036171,1.018793404836114
m1009784,a,h001,0.708484182630617,-0.705491937945351
m1009784,b,h001,-0.985610382285944,-0.226257670339553
m1009784,c,h001,0.186234213253947,1.013450845664433
m1009770,a,h001,0.708242123997049,-0.705330344803492
m1009770,b,h001,-0.985631608584595,-0.226248880990903
m1009770,c,h001,0.186172619821534,1.013450514210076
n1136669,a,h001,0.732775377046522,-0.717869024693975
n1136669,b,h001,-1.000875796710076,-0.241708296126582
n1136669,c,h001,0.186216662717819,1.021167737359667
l3103822,a,h001,0.73200065251047,-0.717658874074388
l3103822,b,h001,-1.000653872481886,-0.241401795535981
l3103822,c,h001,0.186226196161902,1.020829567145801
m3768670,a,h001,0.725126183037517,-0.715641250617914
m3768670,b,h001,-0.999026502656495,-0.23856642330486
m3768670,c,h001,0.18589305608616,1.018693050171005
p1123251,a,h001,0.725113354779892,-0.71563633148078
n1136994,c,h001,0.186228564828647,1.019653320538313
l2729428,a,h001,0.708163782395379,-0.700321480268348
m1026926,a,h001,0.711841896302291,-0.7091972014085
m1026926,b,h001,-0.991097598772691,-0.228699530362696
m1026926,c,h001,0.186842509696448,1.014317539895478
n1138000,a,h001,0.711840182374091,-0.709196184279202
221-242079,a,h001,0.823381610414195,-0.607362963481324
221-242079,b,h001,-0.940770931655662,-0.410174849533901
221-242079,c,h001,0.104605789129318,1.037847837615214
l3011293,a,h001,0.823372051815795,-0.607357343367071
l3011293,b,h001,-0.940759179599054,-0.410169161175252
l3011293,c,h001,0.104606130858989,1.037834131742221
m1026777,a,h001,0.714506403521562,-0.711219325307159
l3233353,a,h001,0.714497593323592,-0.711215903284773
l3029506,b,h001,-1.00096843401539,-0.241843520228017
l3010559,a,h001,0.724321477614675,-0.707371323438543
m1069213,c,h001,0.171127109043871,1.014142357050708
l3178977,c,h001,0.171129410470959,1.014114194987618
m1108534,a,h001,0.762430367772457,-0.685973045873269
m1108534,b,h001,-0.989093105235746,-0.295609525382971
m1108534,c,h001,0.162736559017056,1.02966457653339
p901934,a,h001,0.762429456968101,-0.685972745808311
p829796,c,h001,0.159326713369954,1.030060917730597
n1142107,c,h001,0.159334014264595,1.029984566724825
l2691965,b,h001,-0.984318844998178,-0.260553416780097
l2785538,a,h001,0.723423551057346,-0.687256806082482
n1139259,c,h001,0.192221655841655,1.003733521718685
l2710543,c,h001,0.192223948560803,1.003723451713916
q1301,a,h001,0.777352419965325,-0.619020224696971
q1301,b,h001,-0.937115603525264,-0.361611049981358
q1301,c,h001,0.133425149863456,1.028630688825501
l3160872,a,h001,0.776985405026786,-0.619043693426368
l3160872,b,h001,-0.937085045555114,-0.361256703896171
l3160872,c,h001,0.133551340108305,1.028594752562094
p827509,b,h001,-0.971447656379026,-0.227070044680432
m1047793,b,h001,-0.967707481418335,-0.22513692803202
p827555,b,h001,-0.967704436160641,-0.225134626331855
l2879069,a,h001,0.729171083694176,-0.706473429867049
l2955006,c,h001,0.1594084068274,1.029228739873414
l2692600,c,h001,0.159412775736405,1.029212273400751
l3029505,c,h001,0.184447016817752,1.026873331534198
l2673318,c,h001,0.184453612290785,1.026845845427116
m1026682,a,h001,0.709528359355318,-0.701306508028186
m1047424,b,h001,-0.971994980669392,-0.225716377551166
l2691949,b,h001,-0.971973103882168,-0.22570508523056
m1026699,b,h001,-0.962034054086549,-0.219969316217019
l3085403,a,h001,0.709651137457136,-0.701334518899071
m4113345,c,h001,0.184543056319113,1.015479976984957
l3235255,a,h001,0.762718579395281,-0.657564364477879
l3235255,b,h001,-0.950335200183064,-0.315140635048249
l3235255,c,h001,0.180319960146378,1.014518792260753
m1047316,a,h001,0.762332457834212,-0.657221534316018
m1047316,b,h001,-0.949858600537588,-0.314873259620783
m1047316,c,h001,0.180262320938733,1.014380178419453
m1026886,a,h001,0.715225925878144,-0.711564342356317
m1026886,b,h001,-0.994095807316106,-0.231755895181687
m1026886,c,h001,0.186290541122183,1.015809262412783
l3120484,a,h001,0.715215378446169,-0.711558490275135
l3120484,b,h001,-0.99408665889677,-0.231744929666959
l3120484,c,h001,0.186292541069206,1.01580574168604
l2879078,a,h001,0.709537632591854,-0.701345386393605
l2879078,b,h001,-0.994570456522942,-0.244409821648912
l2879078,c,h001,0.180035041363609,0.999916542861034
m1026681,a,h001,0.709495340135143,-0.701344320907226
m1026681,b,h001,-0.994563570450934,-0.244439550887537
m1026681,c,h001,0.180043949959127,0.99979086522948
l3232902,a,h001,0.721455206185023,-0.621781646308946
l3232902,b,h001,-0.933352781711533,-0.307315633169226
l3232902,c,h001,0.150842032291451,1.025089021182655
l3123509,a,h001,0.823384195168441,-0.607365015465838
l3123509,b,h001,-0.94076972984885,-0.410176970405036
l3123509,c,h001,0.104609855884651,1.03784521922889
m1209772,a,h001,0.823384214885737,-0.607365048241444
m1209772,b,h001,-0.94076976782984,-0.410176971297276
m1209772,c,h001,0.104609874419095,1.037845250473781
r20703,a,h001,0.725862262634028,-0.621449680529134
r20703,b,h001,-0.933529739788477,-0.311370050467015
r20703,c,h001,0.149520848433224,1.025385907165694
l2859403,a,h001,0.724848259408835,-0.62152747387486
l2859403,b,h001,-0.933494434691475,-0.310448100650965
l2859403,c,h001,0.149816677408093,1.025317520107377
m1026927,a,h001,0.711769596039222,-0.709136123705459
m1026927,b,h001,-0.991056009861106,-0.228679322270055
m1026927,c,h001,0.186841032935085,1.0142691886825
m1125914,a,h001,0.776561793161322,-0.624199227509848
m1125914,b,h001,-0.934347991145189,-0.356392545675992
m1125914,c,h001,0.144761607893631,1.022854798880605
l2917328,a,h001,0.776435170188536,-0.624380758881638
l2917328,b,h001,-0.934260994121658,-0.356160593977174
l2917328,c,h001,0.145148437320286,1.022655648630448
l2841635,a,h001,0.727319018089322,-0.712106248786374
l2841635,b,h001,-0.996425440533048,-0.243763576697941
l2841635,c,h001,0.183811474040408,1.012367411679908
l2766499,c,h001,0.186389947314363,1.020402099825288
m1047444,b,h001,-0.966685795185329,-0.223004401622399
m1108459,b,h001,-0.930119354486797,-0.311721045561546
l2802480,b,h001,-0.929972796188116,-0.311624977814632
l2691954,a,h001,0.757698622741646,-0.65220535989421
l2691954,b,h001,-0.941236024558846,-0.309802495962411
l2691954,c,h001,0.179728749002975,1.013579419634432
l3122849,a,h001,0.757407394381449,-0.651876285133838
l3122849,b,h001,-0.940693043458544,-0.309453833775
l3122849,c,h001,0.179692630971365,1.013646046611094
l2764411,c,h001,0.09378997184839,1.019275991616391
m1026907,a,h001,0.71296988781379,-0.710159483026088
m1026907,b,h001,-0.991749156648237,-0.229035291551345
m1026907,c,h001,0.186873415626877,1.015018802749447
l2729206,c,h001,0.186365438214774,1.02071937433902
l2804957,c,h001,0.093812720268364,1.019132505588603
l3048937,c,h001,0.093823636183493,1.019099804636152
l2822872,a,h001,0.727701897338848,-0.712625650926813
l2822872,b,h001,-0.994113104203831,-0.241642048172874
l2822872,c,h001,0.185490155069747,1.011748283173408
l3235946,a,h001,0.706511257632442,-0.622221879749309
m1126005,a,h001,0.706042914225674,-0.621982352299151
m1009698,a,h001,0.70674676133823,-0.70443330137014
l3156034,a,h001,0.706710244174249,-0.704419117582626
l3254205,c,h001,0.18007886894807,1.01244870096684
l3197647,a,h001,0.718995125793534,-0.707045108545553
m1026778,a,h001,0.718995125793054,-0.707045108550186
m1026844,a,h001,0.711360440325276,-0.707725325894671
m1026844,b,h001,-0.986741254833075,-0.226829097399246
m1026844,c,h001,0.186853820024963,1.014154373417934
n1147861,c,h001,0.186854319912175,1.014152251319799
l2973833,a,h001,0.802052735194706,-0.613560223150538
l2973833,b,h001,-0.939552406425529,-0.387873671872401
l2973833,c,h001,0.118457052724537,1.033516841875108
m1166373,a,h001,0.800803714631612,-0.61391283667658
m1166373,b,h001,-0.93947887361609,-0.386550844527831
m1166373,c,h001,0.119264251688977,1.033273544737946
l2991902,b,h001,-0.926426951735712,-0.300356035028686
m1008758,b,h001,-0.926033492950354,-0.300107762373615
m1026734,a,h001,0.706173178773198,-0.704088336313673
l3065696,a,h001,0.706156982900328,-0.704082032525395
l2748780,a,h001,0.705764479183435,-0.621839898278369
m1125987,a,h001,0.73494636794207,-0.621001491707102
m1125987,b,h001,-0.933922706907052,-0.319925101125567
m1125987,c,h001,0.147023229073391,1.025797360547588
p901945,a,h001,0.734942647406812,-0.620998646862706
p901945,b,h001,-0.933918224180824,-0.3199236260416
p901945,c,h001,0.147022858346677,1.025791860999934
p901910,b,h001,-0.977000545523185,-0.228699283166442
l3027122,a,h001,0.707464256072928,-0.6227091522658
m1108506,a,h001,0.707438872395633,-0.6226961777198
l2841637,c,h001,0.180054593288512,1.012528537489946
n1139539,a,h001,0.769546718228927,-0.662616117285707
l2710520,a,h001,0.769432059556768,-0.662558794709474
m1089119,a,h001,0.796389179834968,-0.666900292624734
m1089119,b,h001,-0.975806707575966,-0.347609425361672
m1089119,c,h001,0.168177920426717,1.024279472858486
p827521,b,h001,-0.975790867226649,-0.347598659322676
l3046854,b,h001,-0.963994383021254,-0.221427756402016
m1047478,c,h001,0.188775012293182,1.007305333424921
l2766716,c,h001,0.188776254545931,1.007285734785258
n1137003,a,h001,0.730738974713699,-0.712502634412209
l2973171,b,h001,-0.977747470235182,-0.256944663832209
l3085392,c,h001,0.152138363289616,0.999056103789425
p875742,b,h001,-0.991749166170951,-0.229035284008553
m1010008,a,h001,0.696616736618119,-0.699269983461648
l3784018,a,h001,0.72961958762715,-0.707590805335354
l3784018,b,h001,-0.974229028931552,-0.228531556316765
l3784018,c,h001,0.18717681410753,1.025028008864698
m1026703,c,h001,0.180083215477187,1.000508582511645
l2973166,c,h001,0.18008521212892,1.00048023909893
l3068944,b,h001,-0.934171320709977,-0.356270148367081
m1047550,a,h001,0.747422324437333,-0.723546772343292
m1047550,b,h001,-1.009922245786498,-0.251993987116179
m1047550,c,h001,0.183982149123011,1.028444615075587
l2936270,a,h001,0.841829853096244,-0.602246865714936
l3086078,a,h001,0.841765779811124,-0.602221800740027
m1047593,a,h001,0.732635536168458,-0.716574654475169
m1047593,b,h001,-0.99751436951288,-0.240357422390497
m1047593,c,h001,0.186289792040635,1.021032631117344
m1047615,a,h001,0.732213623599707,-0.715707715115402
m1047615,b,h001,-0.995364330644344,-0.239384337814371
m1047615,c,h001,0.186347305048399,1.020813413908446
m1009855,b,h001,-0.979467928596632,-0.223150501692267
l2748139,b,h001,-0.979459031113402,-0.223143915268768
n1140832,c,h001,0.180055563105637,0.999115220609553
l2841631,c,h001,0.18005733661868,0.999107806420776
m1047819,b,h001,-0.96436244279954,-0.223391944083025
l2916610,b,h001,-0.994336563118174,-0.244118313018983
l2879076,c,h001,0.170864386259659,1.017535608298938
m1089122,c,h001,0.170879949689513,1.017329959143972
l2691939,b,h001,-0.981567282394941,-0.224294715473021
m1069489,c,h001,0.189712382620153,1.004647501162557
l2933120,c,h001,0.189731748493825,1.004563961200373
m1069225,c,h001,0.171228814399019,1.012846899199997
m1089120,a,h001,0.797396234860203,-0.667070162020006
m1089120,b,h001,-0.976677806825176,-0.348557683096003
m1089120,c,h001,0.167718234873874,1.025208567089383
l3645810,c,h001,0.186257583714148,1.019070527546836
m3763623,c,h001,0.186258075227666,1.019064031372372
l3649304,a,h001,0.724392271293146,-0.715359756707616
m1027042,c,h001,0.186580533693887,1.006090199734414
l3178969,b,h001,-0.980107049643086,-0.223477967946407
l2729401,b,h001,-0.980091672529663,-0.223470107145483
l3235249,a,h001,0.718007109193614,-0.712630124158787
l2954348,a,h001,0.717825800206527,-0.712523064229271
l3066812,a,h001,0.729226503063228,-0.706505265427981
l2841622,a,h001,0.729161255655468,-0.706467932912215
m1209787,a,h001,0.834978137961555,-0.604202409588825
m1209787,b,h001,-0.941756979178634,-0.422805013480184
m1209787,c,h001,0.09680509131599,1.040337105948014
l2823611,a,h001,0.831095333588596,-0.605282819656601
l2823611,b,h001,-0.941470228443758,-0.418651658555331
l2823611,c,h001,0.099368377733315,1.039518522201629
196-35541,c,h001,0.150023125947459,1.019671254692669
m1108317,c,h001,0.150136033815408,1.018554523224064
m1047340,a,h001,0.766074410498167,-0.660561254823852
l2991923,a,h001,0.766054654156104,-0.660551368346823
m1026661,a,h001,0.709384412082142,-0.701252157308273
p827530,a,h001,0.709382658613248,-0.701251150114936
p827503,c,h001,0.189596364590786,1.006387971382556
n1147865,a,h001,0.701862145206231,-0.702092029571818
l2895489,a,h001,0.701862142378883,-0.702092054795995
l2730163,a,h001,0.777367719953538,-0.623155217832611
l2730163,b,h001,-0.934967059630463,-0.358126392450663
l2730163,c,h001,0.142269670734743,1.024013344079946
m1089103,b,h001,-0.974457075374615,-0.346692475668544
l3048196,b,h001,-0.974327397820992,-0.346604415269315
l2673306,c,h001,0.152351062683736,0.996855589590135
l2726973,a,h001,0.727175036286107,-0.712312570689243
l2726973,b,h001,-0.99296638315753,-0.24079751404671
l2726973,c,h001,0.186084404682659,1.010812949767741
m1047485,a,h001,0.727083080570568,-0.71217284470333
m1047485,b,h001,-0.992312847572009,-0.240352024833088
m1047485,c,h001,0.186452182610054,1.010344466447103
l2991640,c,h001,0.151861541775213,1.001839360723671
m1089160,c,h001,0.151863193900106,1.001823489686128
l3160101,a,h001,0.72431245903574,-0.707366082549024
m1125905,b,h001,-0.933907805246777,-0.356084835638708
m1026950,a,h001,0.708522364892956,-0.70644885488964
m1026950,b,h001,-0.989317937998214,-0.227868537238225
m1026950,c,h001,0.186756921607717,1.012066723436493
m1026954,a,h001,0.707973711530993,-0.705995603006883
m1026954,b,h001,-0.989034152671649,-0.227731585706163
m1026954,c,h001,0.186737932292173,1.01171330233476
m1047558,a,h001,0.748914326280166,-0.724072452880707
m1047558,b,h001,-1.010814369271862,-0.25295261092413
m1047558,c,h001,0.183729138480109,1.029297757258165
n1136659,a,h001,0.748907301419168,-0.724068424589761
l2766741,a,h001,0.725048289083192,-0.707874194807174
l2766741,b,h001,-0.976110262818102,-0.228007607516385
l2766741,c,h001,0.194743497167876,1.001357150997738
m1069564,a,h001,0.73390663070436,-0.685703475062204
m1069564,b,h001,-0.984378499044799,-0.260607146463337
m1069564,c,h001,0.175635963935432,1.029926838048857
n1136361,a,h001,0.733903515700622,-0.685702379701222
m1047566,a,h001,0.751378103432265,-0.724925005253866
m1047566,b,h001,-1.012291537524469,-0.254527099292219
m1047566,c,h001,0.183302021963138,1.0307333537653
n1137995,a,h001,0.751376356670816,-0.724924004143867
n1145955,a,h001,0.755750647556242,-0.649695177545831
m1069461,a,h001,0.725921026170083,-0.709950913275432
m1069461,b,h001,-0.983234404355657,-0.23372218791597
m1069461,c,h001,0.191284301442799,1.004744836938404
p827574,a,h001,0.725917721674513,-0.709949665677869
m1069156,a,h001,0.778794763360241,-0.663863707436691
m1069156,b,h001,-0.964289471941033,-0.330953691328176
m1069156,c,h001,0.175708182042625,1.017222421355004
l3195356,a,h001,0.789852148517377,-0.665973000126717
l3195356,b,h001,-0.971196561730145,-0.342034851074135
l3195356,c,h001,0.171021082864753,1.01870012082309
n1137996,c,h001,0.183729744855451,1.029295239388141
l3178979,c,h001,0.183730471626569,1.029292220856424
l3254231,a,h001,0.723310688183492,-0.68719295877022
l3728042,a,h001,0.725749852427537,-0.711857694875089
l3728043,a,h001,0.725726249427942,-0.711848725553902
m1047723,a,h001,0.723048447103554,-0.6870802622534
m1047729,a,h001,0.723001135243765,-0.687063231091422
l2895461,a,h001,0.714706843377376,-0.711339595973884
l3029518,b,h001,-0.980487324635366,-0.231525510957305
l2897807,b,h001,-0.980474899904949,-0.231516156293194
l2785520,b,h001,-0.952991959128816,-0.317046626207558
n1139542,c,h001,0.170827202351091,1.01802696663072
221-308718,a,h001,0.72638797302331,-0.619073417834979
221-308718,b,h001,-0.930331267880109,-0.312079661320118
221-308718,c,h001,0.148418638060639,1.02458512468924
m1209750,b,h001,-0.940277066754825,-0.409742716735831
l3254869,b,h001,-0.934215836533462,-0.326677899338162
l2798067,b,h001,-0.93420983298126,-0.326672305821091
m1047403,a,h001,0.702842699962948,-0.697198643880783
m1047404,a,h001,0.702817602463984,-0.697188970941304
l3102793,b,h001,-0.975686681192659,-0.25579503461333
m1089141,a,h001,0.750528153022696,-0.622044537195359
m1089141,b,h001,-0.915647666353089,-0.332242147564928
m1089141,c,h001,0.159042856682361,1.001518970855355
n1139547,a,h001,0.761493213042123,-0.624530601186112
n1139547,b,h001,-0.92398109345996,-0.341314735662854
n1139547,c,h001,0.155345056315803,1.010233558882363
l2688693,a,h001,0.759586016578946,-0.624077461242026
l2688693,b,h001,-0.922529452393275,-0.33976020850193
l2688693,c,h001,0.155965938003888,1.008708901709108
l3048222,c,h001,0.186765040571215,1.013213439834192
l3104117,c,h001,0.189772789813294,1.004386918553464
221-311583,a,h001,0.725340005168814,-0.708349643281145
n1139250,a,h001,0.725337955133811,-0.708348502520217
l2690187,b,h001,-0.930723612563957,-0.312117503641402
m1108412,b,h001,-0.930514522678827,-0.311980310734753
m1026690,a,h001,0.709619915236722,-0.701352588531876
m1026690,b,h001,-0.994577358450753,-0.244360966917936
m1026690,c,h001,0.180024637977274,1.000120407602662
p873801,c,h001,0.196263036585346,0.998405651526262
m1089138,a,h001,0.750505380882974,-0.622038038767868
l2841628,a,h001,0.750480273490362,-0.622030850175936
m1069364,c,h001,0.196059244205623,0.998910887018922
l2689678,b,h001,-0.950532700938851,-0.315424021466065
m1026463,b,h001,-0.949722710282575,-0.314694616741941
l2692655,a,h001,0.779108127789791,-0.621217922600368
l2692655,b,h001,-0.936084216391567,-0.361351167663984
l2692655,c,h001,0.137756292989078,1.026240091014805
m1142821,a,h001,0.77889446079667,-0.62142567811652
m1142821,b,h001,-0.935968313891603,-0.360965012061559
m1142821,c,h001,0.138248451671496,1.026012049670971
p827508,a,h001,0.783726712476453,-0.664547847787456
n1144667,a,h001,0.701655895761704,-0.701969308877813
m1089162,c,h001,0.15185793538323,1.001874583215702
l3029520,b,h001,-0.963380297432868,-0.220970964682141
m1009655,c,h001,0.180050990910377,0.998684772215636
p827528,c,h001,0.180051358665674,0.998679975888682
l2991906,a,h001,0.752832322133784,-0.622380351665949
m1027056,a,h001,0.701826158464673,-0.702070610997055
l3066814,a,h001,0.734735362844371,-0.686913951665938
l3066814,b,h001,-0.985554633494982,-0.264474808101932
l3066814,c,h001,0.174771874530161,1.02876681804108
m1108398,a,h001,0.726085983303701,-0.618861618839982
m1108398,b,h001,-0.930020233294676,-0.311887336926385
m1108398,c,h001,0.148450555518778,1.024299817206832
m1108483,a,h001,0.718777502870327,-0.621977094331801
m1108486,a,h001,0.718769254388237,-0.621974542224863
m1026341,a,h001,0.755729715725079,-0.650017218205206
m1026341,b,h001,-0.937802890071823,-0.307515511932338
m1026341,c,h001,0.179465774836501,1.014287129669955
p827531,a,h001,0.755687916899312,-0.649996143416105
l2748133,c,h001,0.171231148725515,1.012813456869748
l3085399,c,h001,0.171232592157416,1.012794418463445
l2767342,a,h001,0.705869944423357,-0.621893850110142
m1125944,a,h001,0.757734575613228,-0.62007836809299
m1125944,b,h001,-0.935492778500201,-0.342341764773382
m1125944,c,h001,0.140047571958484,1.027023454861535
m1125947,a,h001,0.753294117333132,-0.620291985664411
m1125947,b,h001,-0.935119671455709,-0.337926749791068
m1125947,c,h001,0.141541718650088,1.026697478241516
l2710511,a,h001,0.731376369722009,-0.714141210725644
l2766719,a,h001,0.731360464788735,-0.714135204415965
p827549,a,h001,0.715386492560381,-0.684966923152999
n1140518,a,h001,0.715365750461981,-0.68495518913717
l2766728,c,h001,0.180262323573357,1.014380179331128
m1069462,b,h001,-0.983728886673585,-0.234110026770405
l3216342,b,h001,-0.983715455697679,-0.234099883486
m1027041,c,h001,0.186599648839518,1.005791214228901
l2916607,c,h001,0.186601400630427,1.005764256001961
l2710513,b,h001,-0.962848414537475,-0.222625966014683
m1009839,b,h001,-0.979408941605099,-0.223120033013343
l2973165,a,h001,0.720231120440516,-0.713943321981592
m1108501,a,h001,0.707160539346553,-0.622553895406537
m1108499,a,h001,0.706958222658068,-0.622450453960354
m1069227,c,h001,0.171227747028,1.012858032110059
l2785546,a,h001,0.715628520693706,-0.711801354228038
m1026810,a,h001,0.715429405574863,-0.711724462051563
m1108368,c,h001,0.152074743987435,0.999692273905118
l3085393,c,h001,0.15207742258254,0.999664884975454
l3178974,b,h001,-0.962899390689335,-0.222651896566449
m1026774,a,h001,0.720430777912751,-0.707967089620085
m1026774,b,h001,-0.99575644920484,-0.243906458115735
m1026774,c,h001,0.182346309045807,1.007941636812333
m1026769,a,h001,0.719048476157358,-0.707073829198442
m1026769,b,h001,-0.99559793517908,-0.243921040181202
m1026769,c,h001,0.182036836442945,1.007092549858891
l3189189,b,h001,-0.994463477607289,-0.244104792638101
l2821770,a,h001,0.725270658376345,-0.708310946530904
m1069555,b,h001,-0.980374675321046,-0.258400875028803
l3252336,b,h001,-0.929875373240853,-0.311561027701329
p829977,a,h001,0.823289019581326,-0.607337156220781
p829977,b,h001,-0.940722595317892,-0.410152371608168
p829977,c,h001,0.10458402353057,1.03777408596172
l2820556,a,h001,0.703663894219015,-0.697680786363148
m1047410,a,h001,0.703586919249663,-0.697635582910107
m1027001,b,h001,-0.965390923527054,-0.223926003011081
m1047344,a,h001,0.760766315747058,-0.656096498140604
l3029499,a,h001,0.760757092021034,-0.656091888027658
221-282818,b,h001,-0.931214979263118,-0.312439646299737
m1026830,a,h001,0.728081827904416,-0.71655462210597
m1026830,b,h001,-0.999606524633962,-0.239814333543186
m1026830,c,h001,0.186175386242164,1.019330923386457
p827511,c,h001,0.186175505489403,1.019329248978851
p895105,a,h001,0.750525692838496,-0.622043835065221
n1142110,a,h001,0.750522169324654,-0.622042829177644
n1142111,a,h001,0.753276862556774,-0.622580593358964
l2991912,a,h001,0.753223746064932,-0.622565529123381
l3010569,a,h001,0.76092176812589,-0.656177970021144
m1047335,a,h001,0.760859591631215,-0.656143021683518
l3216368,a,h001,0.710440527071355,-0.701575505569108
l3216368,b,h001,-0.994401416118242,-0.244145721052573
l3216368,c,h001,0.180145166139246,1.000836115506887
l2879081,a,h001,0.709563840213703,-0.701319911332721
l3104144,a,h001,0.733902914647693,-0.685702164979512
l2916619,b,h001,-0.975664397477014,-0.25579106934375
m1126031,c,h001,0.159441941299677,1.028852677557422
l3179608,c,h001,0.159443735401444,1.028833727429868
l2990098,a,h001,0.726210711865444,-0.619375985940216
m1108462,a,h001,0.726150416455833,-0.619346889364083
l2673326,b,h001,-0.979269785247402,-0.223048661494514
m1142815,a,h001,0.777822451336058,-0.621758852170086
m1142815,b,h001,-0.935452864671202,-0.359726427198855
m1142815,c,h001,0.139578606879025,1.025324843964534
n1141477,a,h001,0.777784246851024,-0.621741512057369
n1139252,b,h001,-0.976998431770187,-0.228697743712694
l3122812,b,h001,-0.976996482995029,-0.228696324568682
m1166386,c,h001,0.115658560543763,1.034000615593423
m1089163,c,h001,0.151864509297457,1.001810515106362
n1142100,a,h001,0.715115473991781,-0.622240298788262
n1142100,b,h001,-0.933028432444677,-0.301339155703534
n1142100,c,h001,0.152847988697091,1.024665637106212
m1069456,c,h001,0.152345941182195,0.996908507697866
l2897806,c,h001,0.152347371898135,0.996893771746545
l2822865,c,h001,0.151075940576972,1.009772257230965
l3195321,a,h001,0.705580783010375,-0.621747976295156
l3197646,a,h001,0.718330203583019,-0.713155920588133
l3197646,b,h001,-0.996583008564726,-0.234711255021912
l3197646,c,h001,0.185737925067991,1.016964668445603
m1026829,a,h001,0.7109794811577,-0.70712356074176
m1026829,b,h001,-0.985490361154509,-0.226261360128639
m1026829,c,h001,0.186853121183539,1.014016855867091
n1147859,b,h001,-0.985397996718527,-0.226213994292048
l3139121,a,h001,0.758754125934867,-0.653413222785574
l3139121,b,h001,-0.943283881862595,-0.311094611726605
l3139121,c,h001,0.179852552495901,1.013402157996104
l2763153,a,h001,0.758399528304179,-0.653017445439336
l2763153,b,h001,-0.942623348245888,-0.310680758732457
l2763153,c,h001,0.179809356670122,1.01344192175529
e182726,b,h001,-0.986655155340053,-0.227200988035982
l2766744,b,h001,-0.986594688785246,-0.227155952004642
l3216370,a,h001,0.762228840056364,-0.657126802229986
l3216370,b,h001,-0.94971999312266,-0.314795999451426
l3216370,c,h001,0.180247539315565,1.014340861088333
226-23745,c,h001,0.090463927146819,1.035740508271139
m1142828,a,h001,0.779349315398855,-0.620977808780562
m1142828,b,h001,-0.936220068978184,-0.361789491536504
m1142828,c,h001,0.137187425250823,1.026506958501159
l2674047,a,h001,0.779348122040749,-0.620979013593511
l2674047,b,h001,-0.936219381753958,-0.361787315491794
l2674047,c,h001,0.137190279819448,1.026505609768462
m3949157,a,h001,0.726225025530172,-0.712038105477971
l3727711,a,h001,0.726206402022308,-0.712031030849706
m1026329,a,h001,0.755816571336347,-0.649354633641269
m1026329,b,h001,-0.935552720452751,-0.306115768230707
m1026329,c,h001,0.179611405592343,1.014895696644179
m1026328,a,h001,0.755837021185019,-0.64927602141087
m1026328,b,h001,-0.935262438136683,-0.305932727222772
m1026328,c,h001,0.179631858053932,1.014977508745674
m1108355,c,h001,0.151220610294639,1.008479614430661
m1108352,c,h001,0.151228601871424,1.008450334714697
l3086002,c,h001,0.159434169148885,1.028934114063799
n1134476,a,h001,0.73546029945795,-0.686896798036626
n1134476,b,h001,-0.98564524294271,-0.265300689676297
n1134476,c,h001,0.174464204892006,1.028776439480733
m1069284,a,h001,0.725346845793799,-0.70835344840272
m1069284,c,h001,0.196233567149494,0.998470848644878
p850401,a,h001,0.725342142413632,-0.708350832363669
d5502543-2_int,a,h001,0.715830699969881,-0.711891034683969
d5502543-2_int,b,h001,-0.994643346679494,-0.232381802946771
d5502543-2_int,c,h001,0.186152149984899,1.0160594296498
q14413,a,h001,0.715819673843786,-0.711888136843642
q14413,b,h001,-0.994633357037159,-0.232372444855801
q14413,c,h001,0.18615497029393,1.01605159220751
l3029503,c,h001,0.170945766592761,1.016460013719408
n1140524,a,h001,0.7218645584453,-0.708897435171458
m1047792,b,h001,-0.967654134479037,-0.22510778495958
l2876846,b,h001,-0.96753253040783,-0.225045246355711
m1089165,c,h001,0.15203388329943,1.000105913263054
l3216343,c,h001,0.152055057762378,0.999891648185491
l2748144,a,h001,0.734005180523814,-0.685922717360973
l2748144,b,h001,-0.984566575212712,-0.261194686178064
l2748144,c,h001,0.175537888279744,1.029726930521309
l3010562,b,h001,-0.967665659967471,-0.225105506292926
m1069557,b,h001,-0.980275386454742,-0.258351042515934
m1047374,b,h001,-0.950718065533751,-0.315591041074116
l3197629,b,h001,-0.950690372786363,-0.315565992178602
m1089202,a,h001,0.749685389563131,-0.686490726935383
m1089202,b,h001,-0.987488655674111,-0.281478267913461
m1089202,c,h001,0.168282462359487,1.029112502940369
m1089203,a,h001,0.748532529296823,-0.686535085532718
m1089203,b,h001,-0.987340179065457,-0.28019030832035
m1089203,c,h001,0.168788169066964,1.029065458403571
m1026866,a,h001,0.711738808712958,-0.708314650131346
m1026866,b,h001,-0.987979727357825,-0.227374422350455
m1026866,c,h001,0.186854137212118,1.014362341822854
m1149235,a,h001,0.788445408581305,-0.617371097623874
m1149235,b,h001,-0.938494946388216,-0.372972921136023
m1149235,c,h001,0.127685439106834,1.030799759529874
l2766720,a,h001,0.711825429219704,-0.709187421835092
m1209791,a,h001,0.84189295435624,-0.602274447714116
m1209791,b,h001,-0.942271757753721,-0.430202284944639
m1209791,c,h001,0.092230366456881,1.041802210597744
p903354,a,h001,0.841888547664102,-0.602272521885042
m1026960,a,h001,0.706566643079106,-0.704937517665216
m1026960,b,h001,-0.988540207386628,-0.227557531306155
m1026960,c,h001,0.186660479797049,1.010741774308315
m3729981,a,h001,0.706562902882589,-0.7049360619834
l3011298,a,h001,0.771657494689586,-0.626942188186523
l3011298,b,h001,-0.931815978637571,-0.349632758568849
l3011298,c,h001,0.152010219728879,1.018518058580319
m1108524,c,h001,0.163781153713629,1.029530080030152
n1136031,c,h001,0.163781883679378,1.029522102548945
m1026722,b,h001,-0.962021320545063,-0.219959762428253
l2991915,b,h001,-0.961941474880724,-0.21990058681064
l2673320,b,h001,-0.961913971477074,-0.219880182338828
m1047497,a,h001,0.728471872516665,-0.71298136899738
m1047497,b,h001,-0.995193784138673,-0.242500430476385
m1047497,c,h001,0.184977464716143,1.0126864560233
m1047755,a,h001,0.729246079024459,-0.706516479775978
m3037441,a,h001,0.710697472970329,-0.701705391625326
m3037441,b,h001,-0.9943470235489,-0.244065540135694
m3037441,c,h001,0.180208426353448,1.001142841902002
n1140824,a,h001,0.710684945933615,-0.70170062227522
m1026709,a,h001,0.710038043016669,-0.701469367156216
m1026709,b,h001,-0.994510700834286,-0.244253444450681
m1026709,c,h001,0.180081167207109,1.000517108234297
l3729298,a,h001,0.726642680204233,-0.712196617183493
l3727707,a,h001,0.726427377485279,-0.712114904259635
l3160123,a,h001,0.725894544825937,-0.709940907539081
l2897805,a,h001,0.725872709466828,-0.709932647942372
m1089094,c,h001,0.170918067405024,1.016987627218621
m1125917,a,h001,0.7768262379873,-0.623851046577645
m1125917,b,h001,-0.934561130987285,-0.356990753448632
m1125917,c,h001,0.143914294888537,1.023238922593254
m1069154,a,h001,0.775450741953456,-0.663389387218529
m1069154,b,h001,-0.961762412554898,-0.326961085157275
m1069154,c,h001,0.177488028837837,1.016999797554803
l3197630,a,h001,0.772849013313273,-0.663040676183623
l3197630,b,h001,-0.959798379831178,-0.32382989366556
l3197630,c,h001,0.178896125940189,1.016840095391959
m1026343,a,h001,0.75566013274643,-0.649982134534115
m1069155,a,h001,0.776933744360694,-0.663597867453402
m1069155,b,h001,-0.962889395752891,-0.328744112718764
m1069155,c,h001,0.176692922999084,1.017085606955772
l2785523,c,h001,0.170839275316843,1.017947563153263
l3141388,c,h001,0.170857384872297,1.017726759170302
m1026786,a,h001,0.722288315768973,-0.709165742923791
m1026786,b,h001,-0.995962984663567,-0.243884663706346
m1026786,c,h001,0.182762549509383,1.009079426755468
m1026785,a,h001,0.722241220358179,-0.709135494227251
m1026785,b,h001,-0.995958323251233,-0.243885422568166
m1026785,c,h001,0.182751951933445,1.009050864903166
n1137958,c,h001,0.188769141270827,1.007397631511346
m1026877,a,h001,0.71952166887093,-0.713525193170786
l2820583,c,h001,0.151163054628514,1.008873989355758
m1108354,c,h001,0.151183274707493,1.008677935213376
l2991911,c,h001,0.17005618210808,1.020281662649387
n1136363,a,h001,0.733906633625717,-0.685703481526686
n1136363,b,h001,-0.984378506184583,-0.260607145514174
n1136363,c,h001,0.175635967815189,1.029926843786556
r18245,a,h001,0.733906636210778,-0.685703487246997
r18245,b,h001,-0.984378512502459,-0.260607144674276
r18245,c,h001,0.175635971248321,1.02992684886375
221-306686,c,h001,0.19626150340307,0.998430173574154
l2970258,c,h001,0.196262191557408,0.998418639493641
l2841632,a,h001,0.70877625042623,-0.682682495717467
l2841632,b,h001,-0.97651983517657,-0.24637601674279
l2841632,c,h001,0.180698783002938,1.018879773021924
regxfmr_190-8593,a,h001,0.708026959101127,-0.68242557913162
regxfmr_190-8593,b,h001,-0.976112616808116,-0.245920138830939
regxfmr_190-8593,c,h001,0.180800917985196,1.018481345494164
p1197121,c,h001,0.143915125994913,1.02323579907165
l2805031,c,h001,0.143919980578443,1.023217537361698
m1069226,c,h001,0.171227388428083,1.012862697722257
l2860506,b,h001,-0.986660103902854,-0.227014948368869
l2954346,b,h001,-0.963091118170398,-0.22275125651357
l2879077,b,h001,-0.962302482471793,-0.220169047108249
d5860423-3_int,a,h001,0.75186020101382,-0.725091732880573
d5860423-3_int,b,h001,-1.012562972972341,-0.254817945893449
d5860423-3_int,c,h001,0.183224751701571,1.031008781785171
190-8593,a,h001,0.752081761962493,-0.7251684264838
190-8593,b,h001,-1.012692921233749,-0.254957306706275
190-8593,c,h001,0.183187843395645,1.031136225511578
l3139366,a,h001,0.822865202167726,-0.607135886206782
l3139366,b,h001,-0.940323649572445,-0.409874804780897
l3139366,c,h001,0.104611180556591,1.037245181027396
m4362177,a,h001,0.822665454388735,-0.6070378787233
m4362177,b,h001,-0.940109227610696,-0.409731460004713
m4362177,c,h001,0.104648393998343,1.037001062359469
l2763812,c,h001,0.196346346779648,0.997063129581973
l2951995,c,h001,0.196369668490112,0.996687152502699
l3197638,a,h001,0.714357906634799,-0.711123548633788
m1026849,a,h001,0.714321292460881,-0.711109361584839
n1137993,a,h001,0.726699760684268,-0.711621276962036
l2860482,a,h001,0.726669581657775,-0.711603895527584
p901946,a,h001,0.707522494920114,-0.622738926825152
n1142105,a,h001,0.707508858211373,-0.622731955165637
m1026905,a,h001,0.713557218689464,-0.710551886303194
m1026905,b,h001,-0.992435349917922,-0.229811494331974
m1026905,c,h001,0.186688959959507,1.015240188106174
p827515,a,h001,0.713555592672193,-0.710550922267626
m1108520,c,h001,0.163784957593739,1.029515662451033
l2804277,c,h001,0.163788822796983,1.02950084638749
l2991913,a,h001,0.783098721543349,-0.66424024208524
l2933165,b,h001,-0.977732599711751,-0.256937776570787
l3235273,b,h001,-0.97769060889601,-0.256914533905813
l3029502,a,h001,0.74360803006748,-0.620775895508786
l3029502,b,h001,-0.910030550618437,-0.326004093540393
l3029502,c,h001,0.161796170267546,0.995723795241814
m1047780,b,h001,-0.968588291411057,-0.225579782958422
l3066811,b,h001,-0.968560259791799,-0.225558804919407
m1047732,a,h001,0.730079168816419,-0.709941383377044
m1047732,b,h001,-0.980833559619314,-0.23202290709541
m1047732,c,h001,0.186832625282661,1.02330354696795
n1137987,c,h001,0.186832754820859,1.023301740881802
l3197661,c,h001,0.18619317032467,1.019078662809176
l3122848,c,h001,0.18619584899962,1.019067347397901
m1047580,a,h001,0.732832493797298,-0.716955492696153
m1047580,b,h001,-0.998430829637284,-0.240773207763651
m1047580,c,h001,0.186269322549382,1.021127373325858
m1108345,c,h001,0.151208643386531,1.00852327235939
m1108347,c,h001,0.151212204926706,1.008510302332058
d5655682-1_int,b,h001,-0.989028708461028,-0.227728770521492
e182725,b,h001,-0.989027987841897,-0.227728094317329
d5926308-3_int,a,h001,0.764092098351066,-0.658789133350777
d5926308-3_int,b,h001,-0.952059859190964,-0.316117491312224
d5926308-3_int,c,h001,0.180521574455842,1.01499345874049
l2860491,a,h001,0.764367355315111,-0.659031004197441
l2860491,b,h001,-0.952387971762425,-0.316303892747213
l2860491,c,h001,0.18056379353353,1.015083879345264
l2897770,c,h001,0.152080093301046,0.999672360010748
l3104127,b,h001,-0.97197916004705,-0.225708213351467
l2767343,c,h001,0.093802929088975,1.019194229107768
l2786266,a,h001,0.798541816221595,-0.614550604415085
l2786266,b,h001,-0.939313932902087,-0.384080843392171
l2786266,c,h001,0.120792071169547,1.032829449738579
l2785512,b,h001,-0.964084803250954,-0.223248281520314
p827529,b,h001,-1.000978885271689,-0.241851859171468
n1136668,b,h001,-1.000977893273576,-0.241851067218357
m1027114,a,h001,0.698078374521946,-0.699839884370506
l3195327,a,h001,0.698049921657988,-0.699828734366514
m1027121,a,h001,0.6977064912925,-0.699694976035095
m1027123,a,h001,0.697701956955105,-0.699693197731119
l3104157,c,h001,0.179882170564205,1.013362908797578
p895409,c,h001,0.186291817918676,1.015803861753314
d6138608-3_int,a,h001,0.741991664811427,-0.620501729228003
d6138608-3_int,b,h001,-0.908668303265647,-0.324495004883248
d6138608-3_int,c,h001,0.16247883931908,0.994318942146867
q14404,a,h001,0.741975970321928,-0.620507612006916
q14404,b,h001,-0.908662985803661,-0.324476010578084
q14404,c,h001,0.162491893152377,0.994308109300842
l2991927,b,h001,-0.979428659956426,-0.223130427613803
m1089155,c,h001,0.151651104594979,1.003959274906022
m1089158,c,h001,0.151725139662245,1.003205489498243
m1026324,b,h001,-0.933725878631216,-0.304961650508311
m1026323,b,h001,-0.93332998299132,-0.30471145808644
l2804258,b,h001,-0.967485056587046,-0.223409809225262
p829978,a,h001,0.80077976914041,-0.613902377017153
l2992656,a,h001,0.800718960841572,-0.613875754564148
l2936271,a,h001,0.778059920483038,-0.621916374426303
l2936271,b,h001,-0.935546895599834,-0.359816237064745
l2936271,c,h001,0.139627829419792,1.025297043599084
m1069544,b,h001,-0.980504984189716,-0.258473602621333
l2916598,a,h001,0.718710902446096,-0.713047018375964
l2954344,c,h001,0.189682006874801,1.004937693002202
l2897767,c,h001,0.189684457554146,1.004898387817722
l2876796,a,h001,0.729349490411516,-0.706575736473998
m1047756,a,h001,0.72925629443079,-0.706522334137462
l3122810,b,h001,-0.96399981517373,-0.223199841636054
m1108379,a,h001,0.72716314047895,-0.619807836330643
m1108379,b,h001,-0.931612153216742,-0.312669158882236
m1108379,c,h001,0.148485159493399,1.025382753051128
n1140822,c,h001,0.180145752861838,1.000862189277558
l2860478,b,h001,-0.981534804586133,-0.224278376604366
l2822858,b,h001,-0.981514039331477,-0.224267936261233
l2841620,b,h001,-0.954294610314759,-0.317882107161588
l3727709,a,h001,0.726180012900366,-0.712021018373993
l3727710,a,h001,0.726154213356305,-0.712011220320831
n1136667,a,h001,0.73501586252536,-0.718817805401111
n1136667,b,h001,-1.002203411252552,-0.24337556575899
n1136667,c,h001,0.185987720567298,1.021993339413215
196-29519,a,h001,0.734513756404286,-0.718577260352203
196-29519,b,h001,-1.001847371040572,-0.242937134771602
196-29519,c,h001,0.186057345902271,1.021817915112938
n1144666,c,h001,0.186588710138108,1.005962335654774
m1125989,a,h001,0.733187063240848,-0.621070851636654
m1125989,b,h001,-0.933852860894009,-0.318245576306398
m1125989,c,h001,0.14748807924361,1.025743775285515
l2898495,a,h001,0.726915187305643,-0.619514362759002
l2898495,b,h001,-0.931013498707957,-0.312363802678509
l2898495,c,h001,0.148474958786142,1.025164434954096
l3179674,b,h001,-0.9404463718479,-0.409927464767811
regxfmr_190-7361,a,h001,0.741889081037959,-0.620492872759547
regxfmr_190-7361,b,h001,-0.90858975575956,-0.324394888636158
regxfmr_190-7361,c,h001,0.16252858963868,0.994232589594951
m1069249,c,h001,0.196246381146044,0.998276267462462
l2803194,c,h001,0.196250141561708,0.998216544549607
m1186065,a,h001,0.82341516976243,-0.60736422715007
m1186065,b,h001,-0.940814563437201,-0.410267370512542
m1186065,c,h001,0.104530623657427,1.037881621567715
m1186064,a,h001,0.823411613863353,-0.60734800547237
m1186064,b,h001,-0.940799378341964,-0.410215494867372
m1186064,c,h001,0.104547485155784,1.037892274772798
d6231996-1_int,b,h001,-0.97758624298142,-0.256856773273222
e206614,b,h001,-0.977582196776367,-0.256852754259887
m1209776,a,h001,0.82340523871684,-0.607350307599256
m1209776,b,h001,-0.940792689164239,-0.410203966747119
m1209776,c,h001,0.104560771517702,1.03788376174324
m1209775,a,h001,0.823398583700246,-0.607354122144831
m1209775,b,h001,-0.940786631554095,-0.410195624288812
m1209775,c,h001,0.104573862892402,1.037873625231746
l2804261,c,h001,0.179659707273321,1.013518673662195
l3178980,c,h001,0.179661341332934,1.013496369103971
m1047835,b,h001,-0.963431754174966,-0.222908351833451
m1047836,b,h001,-0.963353133545223,-0.222867310464828
m1125962,a,h001,0.748451625776376,-0.620509433926098
m1125962,b,h001,-0.934732390043907,-0.333112087547356
m1125962,c,h001,0.14313090655135,1.026377102077031
l3123452,a,h001,0.745252337787465,-0.620622796703334
l3123452,b,h001,-0.934515002437556,-0.329931296016735
l3123452,c,h001,0.144102104071007,1.026234281964181
p893610,b,h001,-0.933212775823265,-0.351384132585787
m1108302,b,h001,-0.933122327111934,-0.35132094335135
p829797,a,h001,0.718780534264606,-0.621978031322609
l2841629,c,h001,0.170808675395834,1.018321040643605
l3254218,a,h001,0.768245518480212,-0.66235407020044
l3254218,b,h001,-0.956580430201487,-0.318662809446985
l3254218,c,h001,0.181205620750064,1.016360549885179
l3778577,c,h001,0.192248165774415,1.003506225124152
l2820531,a,h001,0.729296102071898,-0.713379381034
l2820531,b,h001,-0.996384106005526,-0.243458612573097
l2820531,c,h001,0.184419219384834,1.013682088143092
l3626914,c,h001,0.1708640217976,1.017645855692718
l2955077,a,h001,0.779516272451592,-0.618894027006938
l2955077,b,h001,-0.937334141570658,-0.363684258188192
l2955077,c,h001,0.132679867723212,1.028879620278772
m1166374,a,h001,0.800529111517377,-0.613990264716707
m1166374,b,h001,-0.939458849754486,-0.386250976623823
m1166374,c,h001,0.11944973531358,1.033219630336769
n1139552,a,h001,0.714230558221992,-0.70399764042197
n1139552,b,h001,-0.995027132684678,-0.244004679287489
n1139552,c,h001,0.180971074501972,1.003966183980268
p827533,b,h001,-0.95715632876752,-0.319718219519503
n1139538,b,h001,-0.957088589883158,-0.319674749706717
l3160098,a,h001,0.747098871166163,-0.686586886693601
l3160098,b,h001,-0.987143304212222,-0.278563201248347
l3160098,c,h001,0.16943510170679,1.029008086128339
m1089213,a,h001,0.745188423193866,-0.686654560844222
m1089213,b,h001,-0.986875958452892,-0.276384629093447
m1089213,c,h001,0.170304525489864,1.028932070672767
l2820590,c,h001,0.150227023951764,1.017586728542126
l3104125,a,h001,0.74622758065772,-0.621247712608434
l3104125,b,h001,-0.912143666480746,-0.328362464486578
l3104125,c,h001,0.160747199494726,0.997931262640715
q14411,a,h001,0.72560645910969,-0.709246197194673
q14411,b,h001,-0.980763275509701,-0.231761794441624
q14411,c,h001,0.192498539615551,1.003516238345145
l3118855,a,h001,0.743734530226014,-0.686698457609664
l3118855,b,h001,-0.98668225099122,-0.274727410386107
l3118855,c,h001,0.170946237743688,1.02889144412323
l3231255,a,h001,0.742819661170802,-0.686722504049413
l3231255,b,h001,-0.986564924969766,-0.273684918038943
l3231255,c,h001,0.171340704560191,1.028873979239462
d5861005-2_int,a,h001,0.777431192651844,-0.619027363562956
d5861005-2_int,b,h001,-0.937160542849593,-0.361671149058037
d5861005-2_int,c,h001,0.133396782675744,1.028675465184329
m1027071,c,h001,0.186897288189111,1.003407166368946
l3235241,c,h001,0.186899235004016,1.003398839893371
l2729409,b,h001,-0.9793402619757,-0.223085229882611
l2841624,b,h001,-0.979322832089581,-0.223076321990292
l3235254,a,h001,0.724286770197603,-0.715356026654617
l3235254,b,h001,-0.998774835102784,-0.238141571659859
l3235254,c,h001,0.185855858362694,1.018478685407364
m1026855,a,h001,0.723137961806262,-0.714961752477828
m1026855,b,h001,-0.99843822354088,-0.237556873753591
m1026855,c,h001,0.185795074137036,1.018206250855116
m1026851,a,h001,0.717488878458824,-0.712807760956785
m1026851,b,h001,-0.996166567353831,-0.234131223372845
m1026851,c,h001,0.18576836899667,1.016726878984529
m1069466,a,h001,0.726051850114993,-0.710227261210589
m1069524,a,h001,0.723218985140229,-0.687141562461405
m1027091,a,h001,0.70036032589214,-0.701198291459135
m1027092,a,h001,0.700360324932006,-0.701198299991503
l2766747,a,h001,0.706215044510328,-0.704110067083965
p827560,a,h001,0.709842622414496,-0.7014079028565
l2822877,a,h001,0.725100267959211,-0.707739452598653
l2822877,b,h001,-0.975539919418741,-0.227585684257792
l2822877,c,h001,0.19504612310658,1.001097115700598
n1138598,a,h001,0.725135860063472,-0.707711815286045
n1138598,b,h001,-0.975399981494415,-0.227487945975978
n1138598,c,h001,0.195124749319578,1.00103684691179
m1009715,a,h001,0.707110310182334,-0.704651978546332
m1009705,a,h001,0.706881400668061,-0.704514297368591
l3198347,c,h001,0.115688933358741,1.033782032360439
m1108489,a,h001,0.714807379467511,-0.622259896143363
m1108492,a,h001,0.71480098169986,-0.622257899392236
l3226771,a,h001,0.710608019128078,-0.701671250504627
l3189190,a,h001,0.710568921133746,-0.701656277224588
l2991918,b,h001,-0.926866248359955,-0.300633233035617
l2954339,b,h001,-0.925155930884008,-0.299564133208505
l3048200,b,h001,-0.925075287170869,-0.299513336596926
l3160861,c,h001,0.137008577240712,1.027699912299687
n1142098,a,h001,0.718775756196958,-0.621976554475816
m1047795,b,h001,-0.967665244273444,-0.22511508190226
m1047552,a,h001,0.733141937350233,-0.717968453457478
m1047552,b,h001,-1.000980796661247,-0.24185331873076
m1047552,c,h001,0.186212148743785,1.021327740519628
l2804283,a,h001,0.781804046924141,-0.663600138319943
l2916627,a,h001,0.78167424115696,-0.663561246643194
l3029498,a,h001,0.75529085662482,-0.62306011698902
l3029498,b,h001,-0.919304995735579,-0.336279618110563
l3029498,c,h001,0.157354860020169,1.005318917447008
m1047773,b,h001,-0.969177180408113,-0.225890511705166
l2973152,b,h001,-0.968720378385664,-0.225653224512203
l2822870,c,h001,0.18296688858046,1.009614008636135
m1166369,a,h001,0.800784343068534,-0.613904378938676
l2839305,a,h001,0.800737220604066,-0.613883864825606
l2710508,b,h001,-0.963240735797041,-0.222809442804874
m1026861,a,h001,0.722717815095899,-0.714817549354203
m1026861,b,h001,-0.99831511000863,-0.237343039918799
m1026861,c,h001,0.185772837447975,1.018106611391689
m1026858,a,h001,0.720868684483551,-0.714182840592424
m1026858,b,h001,-0.997773226115601,-0.236401950744076
m1026858,c,h001,0.185674929329971,1.017668059601377
l3082992,a,h001,0.703299457329524,-0.697466711597796
m1010011,a,h001,0.696687845671807,-0.699297763532204
l3214069,a,h001,0.750080094052959,-0.62044236725763
l3214069,b,h001,-0.934854932293946,-0.334731172979869
l3214069,c,h001,0.142612230015436,1.026471075549886
m1026655,a,h001,0.709287834147046,-0.701321070167442
m1026655,b,h001,-0.994467671511372,-0.244655327332596
m1026655,c,h001,0.180047190164601,0.998700528929059
n1141475,c,h001,0.180049336768226,0.998691630382088
l3197643,b,h001,-0.934636255865676,-0.305533842792858
m1026339,b,h001,-0.934615100153858,-0.305520423744223
m1108268,b,h001,-0.973751503749069,-0.346211629552238
m1069310,a,h001,0.725387582285056,-0.708354254420977
m1069310,b,h001,-0.974722217233849,-0.228197805150744
m1069310,c,h001,0.196227782388172,0.998582465870882
m1047423,a,h001,0.704093115547884,-0.697932976977131
m1047420,a,h001,0.703964484546396,-0.697857393042452
m1069613,b,h001,-0.97380567846318,-0.254763029274671
m1026823,a,h001,0.71605551244673,-0.711966367410867
l2879087,a,h001,0.716046194295316,-0.711962754282329
d5806920-1_int,b,h001,-0.986655879695289,-0.227201665225054
m1027039,a,h001,0.702218756837108,-0.702297921310186
m1027039,b,h001,-0.986659572733051,-0.227204416615308
m1027039,c,h001,0.18658316309854,1.006302411059584
l3552667,c,h001,0.137381238199072,1.027496024934531
m1026890,a,h001,0.718600127032313,-0.712980729505212
l2954357,a,h001,0.718577478993764,-0.712967342997885
m1069438,a,h001,0.725721968060988,-0.70946272385837
m1069438,b,h001,-0.981407620633501,-0.232322231227158
m1069438,c,h001,0.192213847616026,1.003767721577048
l2785530,a,h001,0.709741803829594,-0.701369266968367
l2822868,a,h001,0.709669275762563,-0.701341436656956
n1139264,a,h001,0.726048190838263,-0.710225885953643
p827523,c,h001,0.170841308522877,1.01784058622473
m1027087,a,h001,0.700467210163362,-0.701261899301795
l2726983,a,h001,0.700434183012694,-0.701248978321253
l2821087,a,h001,0.726367705114352,-0.619451809927015
l2673310,a,h001,0.781618012152191,-0.663544387259338
l2936212,a,h001,0.718762295616609,-0.621972388992749
n1142106,b,h001,-0.989991698393765,-0.30366715254536
l2936213,b,h001,-0.989978227924152,-0.303656068297545
m1027011,a,h001,0.703533083802159,-0.703158928904933
m1027011,b,h001,-0.986926146602731,-0.227123609846629
m1027011,c,h001,0.186638473698648,1.007533619601661
m1209795,c,h001,0.094597867125779,1.041025983634473
l2746587,c,h001,0.186743144206951,1.013541770177836
n1147858,c,h001,0.186746074654345,1.013497906651788
m1108378,a,h001,0.727181018267772,-0.61984446537522
m1108378,b,h001,-0.931705233836286,-0.312722034654744
m1108378,c,h001,0.148482983072331,1.025388804341904
m1047809,b,h001,-0.965735143831368,-0.224117177720548
m1026805,a,h001,0.714992846751999,-0.711507396004376
l3120502,a,h001,0.71486760501264,-0.711433371760367
m1069526,b,h001,-0.980409353049696,-0.25840866903346
l2673331,b,h001,-0.98039241985478,-0.258395222979531
m1108490,a,h001,0.714812299283585,-0.622261431686296
m1108490,b,h001,-0.93301259971062,-0.301051385863108
m1108490,c,h001,0.152944006325325,1.024646597869549
m1009805,a,h001,0.709505345392984,-0.70617336583594
m1009805,b,h001,-0.985520714751683,-0.226294951470484
m1009805,c,h001,0.186493794687742,1.013452232832176
l3122816,a,h001,0.71127831671139,-0.708721061775956
l3122816,b,h001,-0.990773390430705,-0.228542022120266
l3122816,c,h001,0.18683097650595,1.013940629068206
l3160103,a,h001,0.708647530492661,-0.706552244635344
l3160103,b,h001,-0.989382671938849,-0.227899784461368
l3160103,c,h001,0.186761247153454,1.012147346258308
m1069503,a,h001,0.733869151372327,-0.68693036625257
m1069503,b,h001,-0.985420018461516,-0.26350856034772
m1069503,c,h001,0.175137824090343,1.028722768343637
n1134469,a,h001,0.697692861778727,-0.699689670785446
m1089200,a,h001,0.748506025906542,-0.686520653033973
l3027670,b,h001,-0.930374765777249,-0.311888664834863
l2691941,c,h001,0.186909419611698,1.00335527024774
m1125960,a,h001,0.748775880227357,-0.620496080383719
m1125960,b,h001,-0.934756790757523,-0.333434473426481
m1125960,c,h001,0.143027630033781,1.026395814189023
n1136367,a,h001,0.726293307596912,-0.687798150682524
n1136367,b,h001,-0.98503758594571,-0.257438014410925
n1136367,c,h001,0.177762700734928,1.027431340975488
m1069515,a,h001,0.725063246145617,-0.687596816052427
m1069515,b,h001,-0.98462014531327,-0.25660258309693
m1069515,c,h001,0.178063158904252,1.026954574451823
m1069131,a,h001,0.769397870973371,-0.662542534249604
p827534,a,h001,0.769390954457782,-0.662539089885673
m1069530,b,h001,-0.980421116506019,-0.258418013820871
m1069184,a,h001,0.787986197547426,-0.665527781159787
m1069184,b,h001,-0.97021298614983,-0.340420700112541
m1069184,c,h001,0.171653148159449,1.018426582835513
l3159645,a,h001,0.730943556737639,-0.713250407128027
m1069632,b,h001,-0.974245253007568,-0.255005982620207
p829957,c,h001,0.089342901559298,1.042662490130416
l3160863,c,h001,0.089593233979585,1.041118565702992
p829963,b,h001,-0.934338138742217,-0.356385604493487
m1010014,a,h001,0.696747638264742,-0.699321116406813
n1137998,c,h001,0.186293410941278,1.01579712150085
l3048199,b,h001,-0.963324558870802,-0.222852502798599
l3067478,a,h001,0.731398130271867,-0.621141372109317
l3067478,b,h001,-0.93378183025604,-0.316537770958896
l3067478,c,h001,0.14796075234857,1.025689280621613
m1125994,a,h001,0.728689026404512,-0.621243850565855
m1125994,b,h001,-0.933663462824077,-0.31392815356526
m1125994,c,h001,0.148691583243436,1.025608515676215
m1047480,a,h001,0.726559712156583,-0.711216929437715
m1047480,b,h001,-0.98765641434645,-0.237226107441587
m1047480,c,h001,0.189104833616106,1.007002409769571
m1069483,a,h001,0.72650238396668,-0.711037998684382
m1069483,b,h001,-0.986791527418308,-0.236639149651962
m1069483,c,h001,0.189594558708946,1.00641919226579
l2841615,a,h001,0.717697759764325,-0.712447458549912
l2673305,b,h001,-0.97444414253069,-0.34668393399056
m1047721,a,h001,0.723097264791099,-0.687097803219663
m1026366,a,h001,0.754556123244179,-0.649425054618826
l3104131,a,h001,0.754291402145039,-0.649291439992671
l2973167,a,h001,0.711306993500819,-0.702131273337013
l2973167,b,h001,-0.994666362535847,-0.244095098823897
l2973167,c,h001,0.180321326476662,1.001875127019462
m1027055,a,h001,0.701862146047685,-0.702092022064784
m1027055,b,h001,-0.986734623482561,-0.227251879137542
m1027055,c,h001,0.186512118861101,1.00616953083326
n1134475,a,h001,0.738946162814356,-0.686814276474289
n1134475,b,h001,-0.986080899544085,-0.269271972465452
n1134475,c,h001,0.17298474323264,1.028822671065903
l3067447,a,h001,0.718765588785401,-0.621973406980651
m1108350,c,h001,0.15119348789602,1.008578509178379
l3139598,b,h001,-0.951993898839198,-0.316388400509655
n1140829,c,h001,0.180082835106925,1.000510166217991
l3085397,b,h001,-0.9670486774484,-0.224786499158493
n1139540,a,h001,0.783688840783067,-0.664529299495558
l2748140,a,h001,0.706634212730573,-0.704386656603898
l3141412,a,h001,0.706620288012439,-0.70437838842744
m1069619,b,h001,-0.975723381904984,-0.255823688824046
m1047769,b,h001,-0.970576858936432,-0.226618883863085
l3197632,b,h001,-0.970543856079552,-0.226601757312735
l2785524,c,h001,0.170978004682124,1.016035570658032
p827495,b,h001,-0.949720098022241,-0.314692260723173
l2991921,c,h001,0.180050753780526,1.012603247610062
l2710510,c,h001,0.175709050183828,1.017211209104441
l3197628,c,h001,0.175710839423371,1.017188057006973
n1140831,c,h001,0.180055759621956,0.999105318490487
n1136358,c,h001,0.175672228165419,1.029930467062556
l3104119,a,h001,0.726541030025643,-0.711205877518361
l2842329,c,h001,0.142512802821295,1.026426561028131
m1125961,c,h001,0.143131922109457,1.026367319228229
l2973791,a,h001,0.723953436571404,-0.62159529864503
l2973791,b,h001,-0.933460683510411,-0.309629087585148
l2973791,c,h001,0.150081528270996,1.025257394882414
l3179650,a,h001,0.722448149160911,-0.621706556527654
l3179650,b,h001,-0.933394969480419,-0.30823264415453
l3179650,c,h001,0.150540129015772,1.025157025095323
p860843,c,h001,0.149974780808396,1.020149449907645
m1026961,a,h001,0.706555327127341,-0.704930697460384
l2710516,a,h001,0.706466565986757,-0.704877179742252
l3160864,b,h001,-0.93568677212023,-0.360325229150699
m1047623,a,h001,0.715290468534016,-0.68491260413546
l2748157,a,h001,0.715261656065869,-0.684896271551524
l3048212,a,h001,0.718713876390394,-0.713048792803296
l3122824,a,h001,0.7545445176034,-0.649419263771546
l2879089,c,h001,0.186863860170195,1.003549941373605
l2937757,c,h001,0.091929363743438,1.02892873912104
l3067448,c,h001,0.091944181701861,1.028884821423158
193-46661,c,h001,0.1863964461789,1.020319701095011
m1069390,a,h001,0.724743123032553,-0.707615646113067
l2897801,a,h001,0.724651690185006,-0.707562655979716
m1108527,b,h001,-0.989960206753699,-0.303640558330506
m1009650,a,h001,0.709291793299286,-0.701325080376323
m1009650,b,h001,-0.994463272396619,-0.244659294268149
m1009650,c,h001,0.180048695535513,0.998676630796134
e203026,a,h001,0.709291701964521,-0.701325278804312
e203026,b,h001,-0.994463399965935,-0.244659103826281
e203026,c,h001,0.180048912235503,0.998676643428214
m1026779,a,h001,0.706442094337344,-0.70428108337776
l2973169,a,h001,0.706428893245448,-0.704275951067691
m1026953,b,h001,-0.98880023865228,-0.227592273530678
q14734,a,h001,0.771275457604488,-0.685551223276263
q14734,b,h001,-0.990222154521588,-0.30531632705183
q14734,c,h001,0.158831182225585,1.03016715395167
l3197631,a,h001,0.730668814680646,-0.71246203675529
l2748127,a,h001,0.730659556538171,-0.71245666956924
m1209814,a,h001,0.861406881197534,-0.59498705213588
m1209814,b,h001,-0.943380448727442,-0.451156951479025
m1209814,c,h001,0.077197223474985,1.046686291563602
m1209811,a,h001,0.858268817353804,-0.596320914390364
m1209811,b,h001,-0.943269608914383,-0.447750651379753
m1209811,c,h001,0.079770595851162,1.045898346108387
l2729408,b,h001,-0.991362423387188,-0.228828870389039
l3048228,c,h001,0.151544119172715,1.005073955855621
l2991940,c,h001,0.151548248442397,1.005058675204874
m1108395,a,h001,0.726054521385648,-0.618832104285894
m1108395,b,h001,-0.92996434551834,-0.311861930382347
m1108395,c,h001,0.148449020256315,1.024261351227235
l2728247,a,h001,0.726047508628879,-0.618820934672025
l2728247,b,h001,-0.929936736784729,-0.311846910863304
l2728247,c,h001,0.14844950969661,1.024255437874316
l2804271,b,h001,-0.98045985718389,-0.258448781047271
l2916234,a,h001,0.704753844062957,-0.698321018984548
l2673316,a,h001,0.750518989995837,-0.622041921258486
n1138607,a,h001,0.725350790970342,-0.70826522102259
n1138607,b,h001,-0.974803319156564,-0.22809488983248
n1138607,c,h001,0.196084702094535,0.998905477845716
l3159448,a,h001,0.725385750438082,-0.708350885036553
l3159448,b,h001,-0.974725410509108,-0.228194005202081
l3159448,c,h001,0.196222287907199,0.99859447141518
l3048890,c,h001,0.093296028109331,1.021753066602589
m1166402,c,h001,0.093348991900579,1.021595120896466
l3010563,a,h001,0.707096857544843,-0.704646537979849
l2841623,a,h001,0.707087974817209,-0.704643083233438
m1125940,b,h001,-0.935627555379725,-0.360285960708456
l2991908,a,h001,0.729925415650758,-0.70942618925541
l3178973,a,h001,0.729901456803096,-0.709417212749854
m1047826,b,h001,-0.96234432675998,-0.222365757413605
m1047767,b,h001,-0.97060123774033,-0.226630291372942
l2879068,b,h001,-0.969831835788919,-0.226230613839737
l3066819,a,h001,0.760749017754756,-0.656087840957723
l3104853,c,h001,0.135343257123716,1.0273540139263
221-311359,a,h001,0.82254412795948,-0.606977482764365
221-311359,b,h001,-0.939977648134566,-0.409645438588922
221-311359,c,h001,0.104669693850788,1.036851020907152
l3234149,a,h001,0.822503784716388,-0.60695351528528
l3234149,b,h001,-0.939927812084384,-0.409621603460679
l3234149,c,h001,0.104670860347193,1.036793029922129
n1139537,a,h001,0.765023664723329,-0.659622498716533
l2673346,a,h001,0.761014062392169,-0.655916213826264
l2673346,b,h001,-0.947698200870469,-0.313677973738045
l2673346,c,h001,0.180101493336383,1.013818821264827
l3254210,c,h001,0.17669481283383,1.017060996113203
l2955005,b,h001,-0.933977159757924,-0.324172669565288
m1108372,b,h001,-0.933956673768411,-0.324159158086176
l2936268,c,h001,0.094600087160895,1.04101199992106
l2688692,a,h001,0.758705709415961,-0.62386723293408
l2688692,b,h001,-0.921862217689303,-0.339042441466572
l2688692,c,h001,0.15625123734375,1.008015442740596
m1108286,a,h001,0.758591130135537,-0.623840154878227
m1108286,b,h001,-0.921776391770538,-0.338949731362251
m1108286,c,h001,0.156288288975955,1.00792495030537
l2804247,b,h001,-0.925040613795191,-0.299489305428609
m1047744,a,h001,0.728883434213121,-0.70631532876306
l3178971,a,h001,0.728883113205858,-0.706315208897834
l3728040,a,h001,0.725686465920932,-0.71183360335404
l3728041,a,h001,0.725677418976932,-0.71183016204676
m1069509,a,h001,0.732634374360832,-0.687121328940962
m1069509,b,h001,-0.985404551450711,-0.262498826519059
m1069509,c,h001,0.175587982418909,1.028544515563849
l2766738,a,h001,0.731380698239787,-0.687315206179526
l2766738,b,h001,-0.985388839210184,-0.261473641979379
l2766738,c,h001,0.176045024838389,1.028363528166983
l3104128,a,h001,0.753101908785144,-0.622507988223945
l2673315,a,h001,0.752997920004639,-0.622458662823519
l3047289,a,h001,0.753244789635948,-0.622548177510597
l3047289,b,h001,-0.917740674237572,-0.334625139641488
l3047289,c,h001,0.158000251419251,1.003689815930161
l2785516,b,h001,-0.973536665542574,-0.346070037489561
l3048963,b,h001,-0.935621363016257,-0.360281581232706
d5799561-2_int,a,h001,0.780674279150753,-0.619623391077005
d5799561-2_int,b,h001,-0.937001246655134,-0.364160863079306
d5799561-2_int,c,h001,0.133998253665251,1.028069959956897
m1069199,c,h001,0.170918911334309,1.017175638220021
l2785525,c,h001,0.170923945312546,1.017155649708444
l3198356,c,h001,0.151203034621405,1.008543658040575
l3197641,a,h001,0.721805600074528,-0.708875045348873
l2973161,a,h001,0.721758837044784,-0.708857260374206
e183493,a,h001,0.775729427345771,-0.625361822824691
e183493,b,h001,-0.933807096514877,-0.354927250471344
e183493,c,h001,0.147208787628737,1.021571054829203
m1125902,a,h001,0.775454724948787,-0.625749593403759
m1125902,b,h001,-0.933630486839573,-0.354442949229826
m1125902,c,h001,0.148020086115201,1.021150740291974
l3085402,a,h001,0.753452216946886,-0.648866771242347
m1026394,a,h001,0.753434573084363,-0.64885781327377
m1047768,b,h001,-0.970672206095992,-0.226668284808285
p827554,b,h001,-0.97063937695972,-0.226651275407322
l2991909,a,h001,0.71353627694207,-0.710539458274276
m1026736,b,h001,-0.962011524553286,-0.219952437133349
m1026986,a,h001,0.70545174843834,-0.704349399521439
m1026986,b,h001,-0.987815471236976,-0.227324518804216
m1026986,c,h001,0.186665085237081,1.009478469430195
m1026997,a,h001,0.704964574703647,-0.704097080476836
m1026997,b,h001,-0.987511751110859,-0.227232098937215
m1026997,c,h001,0.18666534188734,1.008923945390122
m4118755,a,h001,0.841710667297904,-0.602200251359122
m1026978,a,h001,0.705923651293393,-0.704593951155582
m1026978,b,h001,-0.988110252509806,-0.227414578878393
m1026978,c,h001,0.186664665117525,1.010015439506098
m1026979,a,h001,0.705909119688973,-0.704586184338219
m1026979,b,h001,-0.988100533771954,-0.227411349583062
m1026979,c,h001,0.186664757773556,1.00999902329091
l3082981,c,h001,0.152062500311303,0.999816355857982
l3235275,a,h001,0.7563630730148,-0.650715223085151
l3235275,b,h001,-0.938868112711025,-0.308239383985287
l3235275,c,h001,0.179553188212592,1.014016974393658
m1026347,a,h001,0.7559549548126,-0.650271922825374
m1026347,b,h001,-0.938202287259706,-0.307785567960613
m1026347,c,h001,0.179495349643972,1.014185976570112
l2915534,a,h001,0.725155870936945,-0.708247166023268
l2710519,a,h001,0.76079678332166,-0.656111695271609
m1026820,a,h001,0.716068332283831,-0.711971312714149
l3141403,a,h001,0.715909977827987,-0.711910102631995
l3197633,a,h001,0.729135084632682,-0.706452737897476
m1069500,a,h001,0.715390790917739,-0.684969354471291
m1069500,b,h001,-0.980146935780418,-0.250442018884349
m1069500,c,h001,0.179789974983165,1.02238267899148
m1069382,a,h001,0.725040348818738,-0.707787198892976
m1069382,b,h001,-0.975775923648525,-0.227752263239892
m1069382,c,h001,0.194914574394473,1.001195582473593
n1147866,a,h001,0.709823913254264,-0.701400736769881
l2710537,b,h001,-0.925653504691064,-0.299871004558352
m1026935,b,h001,-0.988686886014754,-0.227545851766498
m1108364,c,h001,0.151667268200763,1.003849698173734
l2897789,b,h001,-0.974179334275616,-0.254962632208898
m1026466,b,h001,-0.949717988205852,-0.314690359299782
l3160878,c,h001,0.15032046940819,1.016665046958685
l2917336,c,h001,0.150325065352164,1.016620474178861
m1026977,a,h001,0.706114205645396,-0.70469578911538
m1026977,b,h001,-0.988237688055605,-0.227456930781683
m1026977,c,h001,0.186663442208361,1.010230702609268
p895082,b,h001,-0.990000311403205,-0.303674241399833
l3214112,b,h001,-0.962884712151308,-0.220602244751511
l3160104,b,h001,-0.962663146224862,-0.220437405872101
l2973144,c,h001,0.170946158299212,1.016639272937479
l2748152,b,h001,-0.988090188389551,-0.227403655588909
m1108387,a,h001,0.726107577529491,-0.618875903656585
m1108387,b,h001,-0.930048874713988,-0.31190515394566
m1108387,c,h001,0.148447193026429,1.024324002043527
l2955055,b,h001,-0.933770448762786,-0.355949497377025
l2991907,a,h001,0.783338048152838,-0.664357473389691
m1047812,b,h001,-0.965357820416501,-0.223922834930656
m4350438,b,h001,-0.965256729301402,-0.223870772872117
n1142103,a,h001,0.711070097871315,-0.622512637329616
n1142103,b,h001,-0.932796260382866,-0.297449634412067
n1142103,c,h001,0.154157971545896,1.024418864160724
l3104830,a,h001,0.710817798727639,-0.622529514622634
l3104830,b,h001,-0.932781741714716,-0.2972068023022
l3104830,c,h001,0.154239673342257,1.024403636313973
l3197626,c,h001,0.151860415444316,1.001849457733928
m1047483,a,h001,0.726615018308062,-0.711343603648451
m1047483,b,h001,-0.988254608187007,-0.23763483827549
m1047483,c,h001,0.188768317528467,1.007410536790525
m4277837,a,h001,0.725241692629514,-0.708444280366402
m4277837,b,h001,-0.978128518530398,-0.229602272252266
m4277837,c,h001,0.193748076008794,1.002325086914309
l3160102,a,h001,0.712275002351639,-0.709100754157393
l3160102,b,h001,-0.989554121581552,-0.228070834940262
l3160102,c,h001,0.186867607046006,1.014631625669251
p827514,a,h001,0.712084522190951,-0.70882152559459
p827514,b,h001,-0.988994862613075,-0.227823431313103
p827514,c,h001,0.186862842470714,1.014535969442807
l3160793,c,h001,0.147022441660975,1.025691107640054
n1147860,c,h001,0.18685470369647,1.014056081220495
l3177881,c,h001,0.1868559197035,1.014050903037802
d5835167-6_int,a,h001,0.709417656218157,-0.701348399149872
d5835167-6_int,b,h001,-0.994543242890868,-0.244504779783482
d5835167-6_int,c,h001,0.180068477051188,0.999512018970715
q14414,a,h001,0.709416768578971,-0.701348171196061
q14414,b,h001,-0.994543246377645,-0.244504777883484
q14414,c,h001,0.180069187727184,0.999510067401799
l3048221,a,h001,0.7094495736894,-0.701343151393176
l3048221,b,h001,-0.994556105917937,-0.244471738544771
l3048221,c,h001,0.180053574984543,0.999654846755565
l2748128,c,h001,0.152055574407565,0.999887915240213
l2913406,b,h001,-0.963764907473331,-0.221257052176146
m1069563,a,h001,0.733890622752943,-0.685694659569721
n1136360,a,h001,0.733884988026026,-0.685692678634269
m1166366,a,h001,0.80647448900207,-0.61231727161872
m1166366,b,h001,-0.939810181072779,-0.392557579758322
m1166366,c,h001,0.115608989145544,1.034371614155435
196-29518,a,h001,0.711743171197988,-0.709113800194943
196-29518,b,h001,-0.991040809414654,-0.228671936592991
196-29518,c,h001,0.18684049299137,1.014251516789641
l2805035,a,h001,0.800639415733108,-0.613841796073916
m1026713,a,h001,0.709781398150318,-0.701384449814786
l2991922,a,h001,0.765653175469048,-0.660172664801732
l2991922,b,h001,-0.95390427984979,-0.317168018042126
l2991922,c,h001,0.180769529577034,1.015465531316688
l3104145,b,h001,-0.977254148763292,-0.25667113705959
m1027013,a,h001,0.703108558319637,-0.702857070092482
m1027013,b,h001,-0.986786321138383,-0.227109545864625
m1027013,c,h001,0.186627428652276,1.007149465430176
l3649298,a,h001,0.724793789798802,-0.715513775363206
m1047388,b,h001,-0.951764031001114,-0.316259957698099
l3048211,a,h001,0.763777890255785,-0.658538051999604
l2766725,c,h001,0.182969441212914,1.009603296938025
l2673311,a,h001,0.714289841768868,-0.711097158020566
l3008279,a,h001,0.715279729826456,-0.684906542208321
l2785537,a,h001,0.715262921521225,-0.684897018678176
p827498,a,h001,0.756672639870738,-0.686217239437965
n1136032,a,h001,0.756651604327433,-0.68620608114424
m1009834,b,h001,-0.980107171998361,-0.223478030495132
221-240991,a,h001,0.709380301876946,-0.701249795918672
l3066817,a,h001,0.709310808597152,-0.701209613748245
l2673319,a,h001,0.709300846711888,-0.701318759585422
l2673319,b,h001,-0.994486458219968,-0.244625857027842
l2673319,c,h001,0.180048125192676,0.998862637991681
n1136993,a,h001,0.732632772443928,-0.71657302030099
l3104121,a,h001,0.781580051831918,-0.663532997205963
l3104113,a,h001,0.781572109019538,-0.663530611584716
l3104856,a,h001,0.800665643474588,-0.61385254270944
l2785518,c,h001,0.170967162874955,1.016385249413843
m1108393,a,h001,0.725806745624121,-0.619180621505411
m1069494,c,h001,0.189781010953289,1.004351421438015
l2745806,c,h001,0.189784977700895,1.004334206224954
193-48013,a,h001,0.725155830810058,-0.708247317021355
l3157710,b,h001,-0.96807592952401,-0.225326984733644
m1089176,c,h001,0.152281625131273,0.997594309003516
m1089179,c,h001,0.152290552477235,0.997496944569266
m1108257,b,h001,-0.972734398571389,-0.345514197660164
m1108340,c,h001,0.151070607556689,1.009825150897851
l2916605,c,h001,0.151070912477401,1.009822091371445
196-29521,b,h001,-0.984091990214766,-0.260430598523622
l2804245,b,h001,-0.979668303263128,-0.223253117014635
n1140527,c,h001,0.18617601904237,1.019322032323101
l3254915,b,h001,-0.935616688525638,-0.360278198967176
l3727708,a,h001,0.72624143818382,-0.712044334350318
l3160105,c,h001,0.171131647548544,1.014086836366378
l3235251,c,h001,0.171135168955653,1.014072824637058
m1142798,b,h001,-0.934750113644366,-0.359168090668161
m1142801,b,h001,-0.934734213225687,-0.359152230623949
m1010016,a,h001,0.696937868819286,-0.699395382629541
l3251807,a,h001,0.696903450646755,-0.699381881508261
l2992657,a,h001,0.777689310119142,-0.621700824117186
m1069597,b,h001,-0.973724253544644,-0.254718039860832
l3197653,b,h001,-0.973701803216789,-0.254700280750297
l2991929,b,h001,-0.975702764889313,-0.25580778122999
m3949154,a,h001,0.725802117645504,-0.711877545870757
l2895449,a,h001,0.730572931604565,-0.711852862318338
l2895449,b,h001,-0.986023106005098,-0.234722357164861
l2895449,c,h001,0.186588210930127,1.022165157398993
m1069463,b,h001,-0.9837299299351,-0.234110814820497
l3086074,c,h001,0.135355525293527,1.027250312429074
n1138595,b,h001,-0.975118483297375,-0.227326558225201
m3036167,b,h001,-0.973730594697843,-0.226611339986624
l3143999,a,h001,0.725302711022692,-0.708151832820178
l3143999,b,h001,-0.97490694737427,-0.22796409881195
l3143999,c,h001,0.195902206208028,0.999316251263958
m1069451,c,h001,0.152306481465819,0.997332427377299
l3160115,b,h001,-0.98020263320717,-0.258311352358021
l2935567,b,h001,-0.980186915976444,-0.258302642907164
l3253570,c,h001,0.091904993809971,1.029001025682741
n1137989,c,h001,0.18689544284239,1.023636524627728
l3122814,c,h001,0.18689599294783,1.023628357759482
l2935556,b,h001,-0.988666387314234,-0.227530606852374
m1009651,a,h001,0.709291793342742,-0.701325073779406
m1009651,b,h001,-0.994463266565201,-0.244659297863007
m1009651,c,h001,0.180048690062585,0.998676627643851
n1141474,a,h001,0.70928662600337,-0.701320605589682
m1047737,a,h001,0.729952935748969,-0.709442315898851
m1047737,b,h001,-0.979487279336787,-0.231312506849453
m1047737,c,h001,0.186895261544626,1.023639196948669
m1026387,a,h001,0.753608501765179,-0.648946118652885
m1166361,a,h001,0.800675789158127,-0.613857159649738
l2692661,a,h001,0.800654775589386,-0.613847940604068
m1047522,a,h001,0.740312157602074,-0.721022084566636
m1047522,b,h001,-1.005671291695298,-0.247395932924639
m1047522,c,h001,0.185168586298733,1.024435259973195
n1136664,a,h001,0.740309293121942,-0.72102096122465
m1026320,b,h001,-0.932506681643787,-0.304191232977386
l2879079,b,h001,-0.932493860899758,-0.304183251197088
m1047649,a,h001,0.731778487655294,-0.714856719394268
m1047649,b,h001,-0.993455946706808,-0.238419637197286
m1047649,c,h001,0.186378024519153,1.021026364475761
l3216361,b,h001,-0.98750053836946,-0.22722633771312
m1125913,b,h001,-0.934251344701598,-0.356324465284704
l3048209,b,h001,-0.961898821281884,-0.219868946751192
l2896685,a,h001,0.72601844307216,-0.618803226638621
l2896685,b,h001,-0.929916843575883,-0.311843128386128
l2896685,c,h001,0.148446273033651,1.024214276962495
l2748135,a,h001,0.755646984057219,-0.649978100243102
l2767409,b,h001,-0.93480746780798,-0.359225552764188
m1166400,c,h001,0.093157243666401,1.022166961685625
m1047435,a,h001,0.705502527741471,-0.698760580196653
l2970841,a,h001,0.705502527347021,-0.69876058388088
l3091052,a,h001,0.702794849179718,-0.697180186837361
n1137960,a,h001,0.761455791704086,-0.656404838751897
n1137960,b,h001,-0.948631000276461,-0.314188766708057
n1137960,c,h001,0.180140636199119,1.014047200849212
m1047309,a,h001,0.761338547390504,-0.656273909136759
m1047309,b,h001,-0.948382210971178,-0.314053466815828
m1047309,c,h001,0.180129794033677,1.013986806296304
l3215340,a,h001,0.700643045780327,-0.701366549177599
193-51796,a,h001,0.72580674562095,-0.619180621521684
m1069607,b,h001,-0.975744915713037,-0.255835606390447
m1166398,c,h001,0.092966153518239,1.02311693783732
l3142050,c,h001,0.092968694478414,1.023100959908827
e184626,a,h001,0.793061707734197,-0.616072436668542
e184626,b,h001,-0.938854110646149,-0.378072196222144
e184626,c,h001,0.124521417069873,1.03170420988691
m1166377,a,h001,0.792761499338253,-0.616157056192008
m1166377,b,h001,-0.938830659514178,-0.377740733405022
m1166377,c,h001,0.124727424131057,1.031645086919018
l2989432,b,h001,-0.965660500516354,-0.224078602355964
l3066830,b,h001,-0.965604942245694,-0.224049887976558
m1209774,a,h001,0.823382341047221,-0.607363391445409
m1209774,b,h001,-0.940771828460882,-0.410175285169281
m1209774,c,h001,0.104605761571639,1.037848884301866
m1026693,b,h001,-0.962134248226778,-0.22004385888564
l2991916,b,h001,-0.962110780058282,-0.220026443073012
m1069365,c,h001,0.196062182090153,0.998897769891555
l3235243,c,h001,0.196067369191166,0.998874527461777
p827502,a,h001,0.726710697981083,-0.711627570933756
m1026970,a,h001,0.706313487071817,-0.704802273038885
m1026970,b,h001,-0.98837094559398,-0.227501233937329
m1026970,c,h001,0.186662147582246,1.010455815789226
l3727712,a,h001,0.726196297063623,-0.712027189889741
l3236011,b,h001,-0.933087028421903,-0.351296660147207
l3198358,b,h001,-0.932991519860682,-0.351229956227001
m1108316,c,h001,0.150010490620209,1.019796210410616
l2860486,c,h001,0.171226513053722,1.012886075218178
m1027000,a,h001,0.704768505762524,-0.704004169647882
m1027000,b,h001,-0.987412932005726,-0.227211500014345
m1027000,c,h001,0.186662557047733,1.008696449621207
l2916608,a,h001,0.704551204929903,-0.703901177980182
l2916608,b,h001,-0.987303396896108,-0.227188683954876
l2916608,c,h001,0.18665945310574,1.008444309097606
m1108514,c,h001,0.163787815524056,1.029505002693021
l2673300,b,h001,-0.926001038400802,-0.300087224836171
n1139255,a,h001,0.725469905126653,-0.709021050433449
d6108141-1_int,a,h001,0.737117937657008,-0.719680071599385
d6108141-1_int,b,h001,-1.003598093402439,-0.245478883118614
d6108141-1_int,c,h001,0.185569168492658,1.022391144547033
e206209,a,h001,0.7370952268512,-0.719674281277542
e206209,b,h001,-1.003585111855892,-0.24546657989791
e206209,c,h001,0.185576074556808,1.022371729601793
m1047521,a,h001,0.737545088879444,-0.720027702790333
m1047521,b,h001,-1.003988646466123,-0.245578209594576
m1047521,c,h001,0.185640929269932,1.022873852052955
l3030126,c,h001,0.145517638383396,1.025872522956975
l3254870,c,h001,0.14552268075782,1.025826962188193
l2915542,a,h001,0.726077641415066,-0.61885564138395
l2915542,b,h001,-0.930009135014564,-0.311882973990458
l2915542,c,h001,0.148450444609037,1.024288092179523
l3085401,a,h001,0.740306705402193,-0.721019946178608
l3010557,a,h001,0.756584300978204,-0.686171574117745
l3254213,a,h001,0.702495337462285,-0.702465396419338
l3254213,b,h001,-0.986684617879297,-0.22716424418004
l3254213,c,h001,0.186598761590804,1.006569300760623
m1069738,b,h001,-0.961557170581278,-0.221959788924575
l2690941,b,h001,-0.961523533794061,-0.221942469512643
l2748839,b,h001,-0.933897231699196,-0.356077422526752
d5712486-1_int,c,h001,0.171228108313111,1.01285305242621
e206210,c,h001,0.171228416861743,1.012852227368175
l2876812,a,h001,0.697947795284559,-0.69978898145733
m1069497,a,h001,0.738340710725304,-0.686828614008733
m1069497,b,h001,-0.986005236000363,-0.268582205975118
m1069497,c,h001,0.173241711279787,1.028814645144455
n1144664,c,h001,0.186407171369085,1.021305091130843
l3178972,c,h001,0.186410164874678,1.02125607723589
n1147864,a,h001,0.714036612836906,-0.710862372006584
m3327097,b,h001,-0.962859180202316,-0.222628541303442
l3448661,b,h001,-0.962853261169988,-0.222624130733524
m1009828,b,h001,-0.980918834839374,-0.223972332628941
l2766715,b,h001,-0.980905151899465,-0.223965334289379
p827561,c,h001,0.180081714639911,1.000514830054876
m1026705,c,h001,0.180082357758445,1.00051215304806
p827573,b,h001,-0.985337976837204,-0.226183215509345
l2972930,a,h001,0.732626714982295,-0.716569436836861
l2879067,a,h001,0.728873621249126,-0.706311664670282
l3235252,b,h001,-0.972240429429791,-0.22583988762371
p827527,a,h001,0.751392145271098,-0.724933146826467
p827527,b,h001,-1.012287799879095,-0.254526223829216
p827527,c,h001,0.183305619510959,1.030734114988328
l2785517,c,h001,0.189642217377401,1.005593474907848
221-559682,c,h001,0.186232659798742,1.019402423839776
l3082993,a,h001,0.696247394128384,-0.699125290688285
m3016088,a,h001,0.696232538850489,-0.699119459878497
l3122821,a,h001,0.726869251896394,-0.711847852041942
l3122821,b,h001,-0.990793085338934,-0.239316156772169
l3122821,c,h001,0.187307320943563,1.009255045774719
d5867591-1_int,a,h001,0.728667904351918,-0.621224305867508
d5867591-1_int,b,h001,-0.933635864712966,-0.313911088465205
d5867591-1_int,c,h001,0.148688710179183,1.025605457292528
l2730108,c,h001,0.090053207976471,1.038279172606917
m1008733,b,h001,-0.924999693684459,-0.299466464724987
m1026354,a,h001,0.756702474137553,-0.651091919935054
m1026354,b,h001,-0.939447718003039,-0.308633330921576
m1026354,c,h001,0.179599852070918,1.013869189602334
m1026309,b,h001,-0.929385343333529,-0.302222382099378
l2804260,b,h001,-0.929313871859248,-0.3021771960794
l3085395,a,h001,0.776925769131527,-0.663595448163255
m1026767,a,h001,0.706586421724552,-0.704336886977357
l3141401,a,h001,0.751369020672003,-0.724919797555049
l3104120,b,h001,-0.961750687476026,-0.326953878277838
m1026896,a,h001,0.714611490316555,-0.711221740214952
m1026896,b,h001,-0.99356955604634,-0.231116884770671
m1026896,c,h001,0.186400220395456,1.015617278904538
p860847,a,h001,0.714580855021868,-0.711209889318548
m1108344,c,h001,0.15115167502589,1.009018283631857
m1108353,c,h001,0.151274500932613,1.007790439581424
l2763811,c,h001,0.196329428831852,0.997335938608156
l3235256,a,h001,0.771135741722687,-0.662824399920749
l3235256,b,h001,-0.958463286586879,-0.321718453172497
l3235256,c,h001,0.179856403675284,1.016734536782284
m3019248,b,h001,-0.980557920538888,-0.223704144263175
m3021569,b,h001,-0.9805455639116,-0.223694925296515
l3254230,a,h001,0.723218165038892,-0.687141103567455
l2814529,a,h001,0.710410654095001,-0.701545009148603
l2814529,b,h001,-0.9943413822551,-0.24412227983769
l2814529,c,h001,0.180146145246183,1.000793866379576
l2689727,a,h001,0.700360323821955,-0.701198309856136
l2860484,b,h001,-0.970579196646118,-0.226618867827831
221-703009,c,h001,0.145578706008509,1.025627561411479
l3150961,c,h001,0.145579964261275,1.025616422378032
l2711225,c,h001,0.134514121706752,1.028300761456059
l3030200,c,h001,0.134516789425516,1.028278343369766
m1186063,a,h001,0.823411348802664,-0.607346796835214
m1186063,b,h001,-0.940798246868432,-0.410211630731324
m1186063,c,h001,0.104548740963189,1.037893068013971
l2879054,a,h001,0.752811796196284,-0.622370618734073
n1136661,c,h001,0.184443413361186,1.026888342682776
l2689691,a,h001,0.708228990134867,-0.705311218258752
l2689691,b,h001,-0.985598945665156,-0.226230869182031
l2689691,c,h001,0.186171826218254,1.01345932491615
n1136353,b,h001,-0.984880849623327,-0.262062447404367
l2820535,b,h001,-0.98487854329293,-0.262060609817962
l2727795,c,h001,0.170900553562092,1.017248331888365
m1166368,a,h001,0.805222299811963,-0.612669390262995
m1166368,b,h001,-0.939741122990312,-0.391240396300869
m1166368,c,h001,0.116407353988613,1.034129969526926
l3086098,a,h001,0.805197668575247,-0.612663424618613
l3030197,a,h001,0.770855022299951,-0.619399190440965
l3030197,b,h001,-0.936572937222873,-0.355271658593914
l3030197,c,h001,0.135642350287658,1.028050861397306
l2822867,b,h001,-0.971044145248619,-0.225228172012241
d6049822-1_int,a,h001,0.72501146916966,-0.707770464387471
m1047323,a,h001,0.760992158373985,-0.656213585316234
m1089174,c,h001,0.152247998194361,0.997935740591101
p827501,c,h001,0.152262987202472,0.997782452128554
l3104859,b,h001,-0.932951941147116,-0.351202278020762
l3101194,c,h001,0.196382350889893,0.996482296455029
l2862616,c,h001,0.196391616315284,0.996331144006498
m1069205,c,h001,0.171053293581361,1.015037008007897
e182746,a,h001,0.733906636604302,-0.685703488117801
e182746,b,h001,-0.98437851346423,-0.260607144546418
e182746,c,h001,0.175635971770947,1.029926849636652
m1010015,a,h001,0.696842752088104,-0.699358260883534
l3066813,b,h001,-0.970466400582878,-0.224930926064766
l2991910,b,h001,-0.96972498381258,-0.224549513454859
m1108331,c,h001,0.150606480807283,1.014439188080156
l2785531,a,h001,0.71674639897671,-0.712350089507087
l3179646,a,h001,0.705404504546059,-0.62285960139794
l3179646,b,h001,-0.932384720619229,-0.29180577337669
l3179646,c,h001,0.156113891871564,1.024095367568752
l3066818,b,h001,-0.956836795715375,-0.319513170876867
l2954345,c,h001,0.186588209004896,1.022138622921063
l2804255,b,h001,-0.984327216930042,-0.233839626927905
m1108356,c,h001,0.151237015295648,1.008419400401284
l2842390,c,h001,0.151240170962249,1.008407747957507
p829975,c,h001,0.127686210958239,1.030793625570829
l3160871,c,h001,0.127687748674012,1.030781400952625
m1047338,a,h001,0.763790629122258,-0.658542031672799
l2691953,a,h001,0.763768484353426,-0.658535231612081
l2767408,c,h001,0.135348925779139,1.027306162031087
l3728037,a,h001,0.725999435109357,-0.711952468028058
p895113,c,h001,0.134510396810949,1.028331970886398
m1166396,c,h001,0.093153416795074,1.02217842187531
m1166399,c,h001,0.093217012111252,1.021988772074589
m1108507,a,h001,0.706948495524058,-0.62244736655449
l3108449,a,h001,0.70693876905791,-0.62244426637117
l3160109,a,h001,0.728805165647718,-0.71313855407111
l3160109,b,h001,-0.995667812679527,-0.24287933694478
l3160109,c,h001,0.184753774326716,1.013090936057775
p901936,c,h001,0.142506428078218,1.02648774979698
m1108267,b,h001,-0.973548285641948,-0.346070056266145
n1145956,a,h001,0.755952445358424,-0.650271153420748
l2729412,a,h001,0.755942730132634,-0.650268171277836
l3160107,a,h001,0.74833297265534,-0.621636919009352
l3160107,b,h001,-0.913878808287794,-0.33028350793607
l3160107,c,h001,0.159900860478494,0.999697284170201
l2897766,c,h001,0.151674575829093,1.003822615360454
m1026798,a,h001,0.714930589936146,-0.711470512137704
l2952014,a,h001,0.714926270012664,-0.71146794774592
l2748125,c,h001,0.189695308514827,1.00469530213583
l2673303,c,h001,0.189696077343266,1.004682837262232
l2879753,b,h001,-0.933767473753581,-0.355946568049459
l2914324,a,h001,0.715202810316161,-0.711636894438608
l2876847,b,h001,-0.994358072883465,-0.244129689439451
m1047787,b,h001,-0.968624192836933,-0.225609791573132
l2691942,b,h001,-0.9509779508007,-0.31575721156077
m1026393,a,h001,0.753380857237825,-0.648830896770768
n1140821,c,h001,0.180224853540324,1.001249554706966
l3189188,c,h001,0.18022548788659,1.001237310739949
n1136365,a,h001,0.727763497024032,-0.687864227133047
n1136365,b,h001,-0.985354049396281,-0.258513541718266
n1136365,c,h001,0.177340562752412,1.02786323599343
m1069517,a,h001,0.727210128243555,-0.68794821171091
m1069517,b,h001,-0.985348720905801,-0.258060700852287
m1069517,c,h001,0.177538753171387,1.027786695327332
l3254228,b,h001,-0.97397433787252,-0.254856252908796
n1137956,c,h001,0.189764073897311,1.006251320520304
m1142814,a,h001,0.777831795110895,-0.621712663859406
m1142814,b,h001,-0.935289564519552,-0.359610262821603
m1142814,c,h001,0.139588284982972,1.025373240766945
l3217053,c,h001,0.135352986321222,1.027271831794529
m1026357,a,h001,0.757025347525436,-0.651450235647225
m1026357,b,h001,-0.939999063589925,-0.309008105495092
m1026357,c,h001,0.179644213377314,1.013728603521102
l3178997,c,h001,0.179648841385538,1.013665949843111
m1125903,a,h001,0.775437574748019,-0.625744924297134
m1069488,c,h001,0.18969313175585,1.004730461936096
l2764412,a,h001,0.700178005065317,-0.70108976297407
n1136030,b,h001,-0.97132471316523,-0.227006383718058
l2785513,a,h001,0.724320057606042,-0.707370487492079
m1209782,a,h001,0.841677695701384,-0.602187346464313
l3217056,a,h001,0.841641557108546,-0.602179699722644
m1009827,b,h001,-0.980578463501082,-0.223719550156677
m1069201,c,h001,0.170978940502751,1.016024393826599
m1047406,a,h001,0.703215403286365,-0.69741734987593
l2691947,a,h001,0.703207553891746,-0.697412700869231
m1047766,b,h001,-0.97104909543599,-0.226863564436742
l3216344,b,h001,-0.970993187497742,-0.22683459326545
p830058,c,h001,0.115610811233363,1.034357906463585
m1089199,a,h001,0.758190107759728,-0.686159406438478
m1089199,b,h001,-0.988570124485888,-0.290951303122103
m1089199,c,h001,0.164571814850388,1.02946070253062
m1089197,a,h001,0.756680535602132,-0.686221426365705
m1089197,b,h001,-0.988389406471046,-0.289293242117441
m1089197,c,h001,0.165213898636211,1.02939782709278
n1140526,c,h001,0.186232132183188,1.019416880925732
m3763620,c,h001,0.186246701948859,1.019257902070088
l2729207,c,h001,0.186375280802836,1.02059092108116
228-961799-3_int,c,h001,0.186375281587101,1.02059092135263
m1108335,c,h001,0.150816382694915,1.012353233642803
m1027036,b,h001,-0.986526268909778,-0.227104991185854
l3010580,b,h001,-0.986523381620702,-0.227102846097542
m1010003,a,h001,0.696472091561025,-0.699213400599792
p901933,a,h001,0.733899553033386,-0.68569957756359
l3141394,b,h001,-0.989959405033915,-0.303639869142327
m1069465,a,h001,0.726041537102807,-0.710223379055868
l3104154,c,h001,0.15234200097378,0.996948608119027
l3104155,c,h001,0.152344469992875,0.996923390240869
d6047588-1_int,b,h001,-0.949435361821261,-0.314436123620745
d6047588-1_int,c,h001,-0.059331545629812,-0.019649552416702
f739844,b,h001,-0.949435306339001,-0.314436061158786
f739844,c,h001,-0.059331545629812,-0.019649552416702
l3104130,b,h001,-0.932007472097272,-0.303875849030276
l2841625,c,h001,0.171173681935536,1.013579087746564
l3010566,c,h001,0.171175308367923,1.013559097611996
m1027038,b,h001,-0.986563546236168,-0.227132749951628
l2935568,b,h001,-0.964818712361747,-0.223644316369882
m1047293,a,h001,0.758185879305495,-0.652769885656059
m1047293,b,h001,-0.942193817666454,-0.310412906902535
m1047293,c,h001,0.179785155491977,1.013468542437675
p901905,b,h001,-0.986780006336025,-0.227104821545503
l2897777,a,h001,0.734475306775682,-0.717542026363245
l2897777,b,h001,-1.001189613211529,-0.244857405810048
l2897777,c,h001,0.185135873566937,1.019411027486145
l2860488,b,h001,-0.927159977063171,-0.300817911950491
l3122811,a,h001,0.725326250583257,-0.708708259779381
l2897774,b,h001,-0.971768823512074,-0.225601078117275
l3254211,b,h001,-0.952261345898852,-0.316578199277214
m1069513,a,h001,0.730351570504495,-0.687471414803249
m1069513,b,h001,-0.985378948402297,-0.260631462276791
m1069513,c,h001,0.176413622530908,1.028221195741644
l2691938,b,h001,-0.97918378191993,-0.223004537636091
l2804256,a,h001,0.706853995666033,-0.705151835337654
l2804256,b,h001,-0.988637055795308,-0.227590020530885
l2804256,c,h001,0.186676818309042,1.010941311446717
m1047688,a,h001,0.731202980400859,-0.713729232363546
m1047688,b,h001,-0.990764347930294,-0.237130805014777
m1047688,c,h001,0.186406466435054,1.021316587221255
l2822863,c,h001,0.152291071621867,0.99746899879101
m1069505,a,h001,0.73321427799708,-0.687031645772424
m1069505,b,h001,-0.985411816449166,-0.262973039853492
m1069505,c,h001,0.175376569699386,1.028628231398047
m1047311,a,h001,0.761504405568812,-0.656472650064464
l2748158,a,h001,0.761502474442518,-0.656471682899142
l3254234,b,h001,-0.982639715911036,-0.224835078265877
p903360,a,h001,0.705224911258228,-0.698597554438627
l3214064,b,h001,-0.983729088519411,-0.233529785195935
n1140523,c,h001,0.182670881160983,1.008825854263206
l2766724,c,h001,0.182671227840329,1.008820818965065
m1069554,b,h001,-0.980230309660845,-0.258326446621006
m1108526,a,h001,0.760054073291143,-0.68608281050977
m1108526,b,h001,-0.988793252183379,-0.292998627221586
m1108526,c,h001,0.163778980581646,1.029538325450666
n1139251,c,h001,0.196235121658887,0.998451649217285
l3011229,a,h001,0.706030305824046,-0.621978332445218
m1166362,a,h001,0.80063943292118,-0.613841678439138
l3197639,a,h001,0.707132580467505,-0.699716707865907
l3085391,b,h001,-0.973697144330956,-0.226586313411095
l2691952,a,h001,0.709370692159577,-0.701334235569869
l2691952,b,h001,-0.9945255337727,-0.244546693561999
l2691952,c,h001,0.180060233363298,0.999287799301134
l2897781,a,h001,0.764897252991771,-0.659556871278177
d6049825-1_int,a,h001,0.761317239542072,-0.65625011360453
d6049825-1_int,b,h001,-0.948336995728817,-0.314028877733611
d6049825-1_int,c,h001,0.18012782316843,1.013975830154061
e182748,a,h001,0.761312199082118,-0.656249175110948
e182748,b,h001,-0.948330864771696,-0.314022015641784
e182748,c,h001,0.180129083102452,1.013972401438299
l2691950,c,h001,0.170926204697078,1.016758034159108
l2916609,c,h001,0.170929184807129,1.016746199934694
m1069498,a,h001,0.737859287970546,-0.686840013077451
m1069498,b,h001,-0.985945071028682,-0.268033741852843
m1069498,c,h001,0.173446037309709,1.028808262182756
m1069499,a,h001,0.736074362978806,-0.686882265774773
m1069499,b,h001,-0.985721992201212,-0.266000260845739
m1069499,c,h001,0.174203589125062,1.028784587541665
l3104132,a,h001,0.75359533934415,-0.648939548453582
l2805034,a,h001,0.789644445421159,-0.617027697518503
l2822866,a,h001,0.731311982059607,-0.713902007261472
l2822866,b,h001,-0.99124455648795,-0.237339965434178
l2822866,c,h001,0.186412344675319,1.021291677020833
p827563,b,h001,-0.975197543247798,-0.227367302134543
l3160100,b,h001,-0.965038820247816,-0.22373389907216
l3085390,b,h001,-0.965029638655026,-0.223727045946143
l2954361,b,h001,-0.974079924550186,-0.254914601879434
e182744,b,h001,-0.925043743281077,-0.299491439252121
e182744,c,h001,-0.057807283909413,-0.018715643416241
l2801895,b,h001,-0.925024139586239,-0.299479293728408
l2691973,a,h001,0.718615138325181,-0.712989594633045
m1047671,a,h001,0.731405147031594,-0.714152071152729
m1026984,a,h001,0.705682464150348,-0.70446885488279
m1026984,b,h001,-0.98795927719289,-0.227368311777227
m1026984,c,h001,0.186664930524982,1.009741062650693
m1209751,b,h001,-0.940277929089235,-0.409743653486452
p827505,c,h001,0.188768837411207,1.007402393245721
l3066829,c,h001,0.186948225933766,1.003188788311443
l2879063,b,h001,-0.983701616541872,-0.234089434011304
n1140528,a,h001,0.725095216916022,-0.715629376190067
l3649297,a,h001,0.724953834075284,-0.715575155316938
n1140817,a,h001,0.716448663479079,-0.705406871776406
n1140817,b,h001,-0.995231150632431,-0.243934818741042
n1140817,c,h001,0.181471224503016,1.005403530591497
n1136029,b,h001,-0.971399359717139,-0.227044950553583
n1136028,a,h001,0.729584298377799,-0.707332298683614
n1136028,b,h001,-0.973470833909747,-0.228131620108434
n1136028,c,h001,0.187220402476873,1.025228040769026
n1139258,c,h001,0.192221638334621,1.003733605869057
m1142875,a,h001,0.764499159261933,-0.619741769300336
m1142875,b,h001,-0.936032422965618,-0.349007963023334
m1142875,c,h001,0.137811843104329,1.027522501438968
m1026895,c,h001,0.186296553377409,1.015783818981948
l2820528,c,h001,0.186304583643136,1.015749785912528
n1138608,c,h001,0.19626487873647,0.998376035891773
l3048230,c,h001,0.180033816359779,1.012808497966904
n1139260,a,h001,0.725814906849974,-0.70968613846325
n1139260,b,h001,-0.982242165804702,-0.232962080769148
n1139260,c,h001,0.191789526782324,1.004214698753574
l2925506,a,h001,0.725745025062192,-0.709516432722994
l2925506,b,h001,-0.981601576019357,-0.232473517657044
l2925506,c,h001,0.19211686651378,1.003867686907042
l2729434,b,h001,-0.987481942041437,-0.227216782578068
m1069549,a,h001,0.733994223755313,-0.68568349312622
m1069549,b,h001,-0.984339603433783,-0.260593987674208
m1069549,c,h001,0.175669525313168,1.02994130941251
l2970811,a,h001,0.697808921381607,-0.699734861557702
n1137988,a,h001,0.729943988642838,-0.709437074978579
p829798,a,h001,0.714807514707019,-0.622259938357522
l2841621,a,h001,0.73019028690634,-0.710386321896162
l2841621,b,h001,-0.982041060919129,-0.232657048185459
l2841621,c,h001,0.186775740133071,1.023014789062421
n1137986,a,h001,0.730140810813242,-0.710188221493076
n1137986,b,h001,-0.981503435427816,-0.232374699293613
n1137986,c,h001,0.186801072156666,1.023143355956724
n1141479,a,h001,0.775467932680178,-0.619134546275275
l3198348,a,h001,0.775463167947964,-0.619133204680916
l2876813,a,h001,0.71706347981904,-0.712545536328252
l3104118,c,h001,0.186872774711906,1.003511809532196
l2748126,c,h001,0.186878035184752,1.003489265438559
m1166394,c,h001,0.092963746545762,1.023131943417878
l0247171,b,h001,-0.949431461048036,-0.314432600921868
l3179607,b,h001,-0.93393514890955,-0.324144978255131
l2861197,c,h001,0.143135882992398,1.026329045976219
l3160896,c,h001,0.14313755802533,1.026312793546538
l3067506,c,h001,0.11565074150454,1.034056696446739
l3029497,c,h001,0.152138014551959,0.999069008000575
l3047073,c,h001,0.196253913826783,0.998157354338497
221-559681,c,h001,0.186231699873275,1.01942120459446
l3104133,a,h001,0.76121611127719,-0.656326846868401
l3122819,c,h001,0.17123561861412,1.012819787049179
l3048889,c,h001,0.093428938130386,1.021356629735519
m1027068,c,h001,0.186927542511423,1.003277827336249
l3235268,c,h001,0.186933540549398,1.003252119229515
l3008232,b,h001,-0.988797515513666,-0.227590250109424
m1149249,c,h001,0.093684902755226,1.01993730276715
m1142808,b,h001,-0.934942516986946,-0.359360078333679
m1027100,a,h001,0.698922731273276,-0.700342526439224
l3140238,a,h001,0.698905689921471,-0.700335846975478
l3235257,a,h001,0.717318659215125,-0.712712263477702
l3235257,b,h001,-0.99600775204425,-0.233948578629476
l3235257,c,h001,0.185808333911751,1.016659393830639
l3010564,c,h001,0.1866230424215,1.005434214970878
l2691946,b,h001,-0.975394340375629,-0.347326863515807
l3139103,a,h001,0.698033153260886,-0.6998221569985
m1026732,a,h001,0.70618946690258,-0.704094659506197
e182723,b,h001,0.009515137057045,0.062352072841519
e182723,c,h001,0.152263284004209,0.997770048587952
l3119793,b,h001,-0.952133723982917,-0.316486403678209
m1047371,b,h001,-0.952106697403328,-0.31646179965314
m1026807,a,h001,0.725407423160396,-0.71090408025054
m1026807,b,h001,-0.996207746760154,-0.243829680841273
m1026807,c,h001,0.183389666258171,1.011005519571339
n1140521,a,h001,0.725231501952545,-0.710832558507552
n1140521,b,h001,-0.996201140262825,-0.243832477764388
n1140521,c,h001,0.183362169294786,1.010897935192864
l3066807,c,h001,0.1518658989263,1.001796456645659
n1138606,c,h001,0.196035997019407,0.999013512196952
m1069335,c,h001,0.19603808588791,0.999004374182252
n1142102,a,h001,0.714798605227071,-0.622256699278359
l2804956,a,h001,0.71478153702898,-0.622248072501661
m1047777,b,h001,-0.968609146932607,-0.225595432047116
l3254212,b,h001,-0.954906733032565,-0.318274793969526
l2820533,a,h001,0.723204141815672,-0.687136192469752
l2879055,c,h001,0.170934656267138,1.016778217556248
m1047434,a,h001,0.705502530485482,-0.698760554567108
m1026665,a,h001,0.709960640852515,-0.70137477000818
l3232933,a,h001,0.709960627867015,-0.701374816577413
l3104115,b,h001,-0.925135001037442,-0.299548124128438
l3086075,b,h001,-0.940264109727624,-0.409728704935064
m1108484,a,h001,0.718785126586474,-0.621979450569934
m1108484,b,h001,-0.933226039622226,-0.304822043723778
m1108484,c,h001,0.151673313868733,1.024907221453104
l2822857,b,h001,-0.981616153040155,-0.224317576798314
l3104126,c,h001,0.170977803034219,1.016037873637914
p827542,b,h001,-0.949443393737344,-0.314443344783412
m1209807,a,h001,0.854671369209182,-0.597850012925399
m1209807,b,h001,-0.943142516210901,-0.443845713812105
m1209807,c,h001,0.082720662794708,1.044995033730916
m1209805,a,h001,0.853375629057516,-0.598400760814637
m1209805,b,h001,-0.943096732522998,-0.442439224868502
m1209805,c,h001,0.083783220887312,1.044669670933192
l2989565,a,h001,0.775433688119834,-0.62574386306194
e182733,a,h001,0.708233928810553,-0.70529743365692
e182733,b,h001,-0.985543605461171,-0.226202487654629
e182733,c,h001,0.186176933158507,1.013473765316875
l2806553,c,h001,0.092419206765736,1.026641661541837
l3122813,a,h001,0.769306276475594,-0.66249696980244
l2729411,a,h001,0.764896197362556,-0.659556439632465
l2935555,a,h001,0.730734780730772,-0.712500207450136
m3037453,a,h001,0.71563505915505,-0.711803880343562
l3215203,a,h001,0.726103755579753,-0.618873161640834
l3215203,b,h001,-0.930043786895365,-0.311903157064125
l3215203,c,h001,0.148447138890412,1.02431862794751
m1026812,a,h001,0.71563408097359,-0.711803502304946
l3122847,a,h001,0.715621683802321,-0.711798696210766
n1138594,a,h001,0.711581080540975,-0.702323944240881
m1026679,a,h001,0.710812907235152,-0.701874007604904
l3141396,c,h001,0.189768049265534,1.006234192701278
l3066808,c,h001,0.189774318706085,1.00620714888637
m3036170,a,h001,0.709369805611133,-0.701334080367264
m3036170,b,h001,-0.994524943779874,-0.24454781938513
m3036170,c,h001,0.18006008814462,0.9992817281635
n1136362,a,h001,0.733873401058517,-0.685685170388678
m1026773,a,h001,0.714510815891704,-0.711221033899061
l3195751,a,h001,0.714477247099168,-0.711200815302927
m1026660,a,h001,0.709535794145953,-0.701125859380875
l3085410,b,h001,-0.980347057821565,-0.258378937698924
m1026670,a,h001,0.709362572623281,-0.701332320055058
m1026670,b,h001,-0.994521230311681,-0.244555593253243
m1026670,c,h001,0.180058788954578,0.999240113228904
l3178982,a,h001,0.707178029930391,-0.70469770709836
m1125988,a,h001,0.734938187166342,-0.620995236211965
m1125988,b,h001,-0.93391285002861,-0.319921857803655
m1125988,c,h001,0.147022413729721,1.025785267942229
l3197636,b,h001,-0.972055812703073,-0.225747819034016
m1089132,c,h001,0.170921937553345,1.016774970955108
l2876798,a,h001,0.725888931929654,-0.709865871046169
l2876798,b,h001,-0.982920714237105,-0.233479633162269
l2876798,c,h001,0.191442746741998,1.004582273667149
n1136660,a,h001,0.744706001331248,-0.7225896499375
l3104136,a,h001,0.728364694967714,-0.712930819095018
l3104136,b,h001,-0.995041343095437,-0.242378586681816
l3104136,c,h001,0.185049396229158,1.012556383866884
l3048888,c,h001,0.093650622132287,1.020152307088311
d5587291-3_int,a,h001,0.771334112440142,-0.685555352716624
d5587291-3_int,b,h001,-0.990257142717132,-0.305364510816224
d5587291-3_int,c,h001,0.158806562584227,1.030202918656607
190-8581,a,h001,0.771485802548264,-0.685546594354494
190-8581,b,h001,-0.990280692719736,-0.305533906404118
190-8581,c,h001,0.158732220115346,1.03021630640325
l3197644,a,h001,0.764904235641773,-0.659560447670109
m1009843,b,h001,-0.979512265843571,-0.223173216484696
l3251806,b,h001,-0.979505297510743,-0.223169720444084
m1069516,a,h001,0.728717521905946,-0.68771943134719
m1069516,b,h001,-0.98536323198189,-0.259294255183967
m1069516,c,h001,0.176998873655454,1.02799519155298
l3251830,a,h001,0.705494151479023,-0.698755455622287
l2804249,a,h001,0.763085978798545,-0.624909001384958
l2804249,b,h001,-0.92519337968647,-0.342612992326187
l2804249,c,h001,0.15482650693156,1.011506841000435
l2935557,a,h001,0.714299039199081,-0.711100719046157
m1069250,c,h001,0.196259873876979,0.998062198822966
l2690868,c,h001,0.19626042537964,0.998052988063887
l3030204,a,h001,0.828494662816426,-0.606006198673956
l3030204,b,h001,-0.941274817313069,-0.415862049834841
l3030204,c,h001,0.101092057907639,1.038969839072817
l3179637,c,h001,0.09316739033375,1.022136599590908
m1108262,b,h001,-0.972811969804744,-0.345566219778497
m1108261,b,h001,-0.972809809423527,-0.345564780262941
d5513564-1_int,a,h001,0.848206552039309,-0.600453270441294
d5513564-1_int,b,h001,-0.942815388010627,-0.436811249111435
d5513564-1_int,c,h001,0.087976058624066,1.043344275948211
e192201,a,h001,0.848097769844823,-0.600458078471162
e192201,b,h001,-0.942764946466226,-0.436718895331072
e192201,c,h001,0.088035790436424,1.043266599351895
r20185,a,h001,0.848855508699776,-0.600241723031208
r20185,b,h001,-0.942890502257302,-0.437495844413214
r20185,c,h001,0.087482363204979,1.043539058885435
l3181545,a,h001,0.725200400957321,-0.707818790445748
l3181545,b,h001,-0.975200213376872,-0.227571668410659
l3181545,c,h001,0.19537326813241,1.000541891071243
n1138603,a,h001,0.725236472032111,-0.707930890562836
n1138603,b,h001,-0.975101072287232,-0.227703384319587
n1138603,c,h001,0.195551573536866,1.000130204564078
l3178976,a,h001,0.70645518137703,-0.704286141379616
l3065665,a,h001,0.706837483508236,-0.622388705305074
l2785514,a,h001,0.724457197409034,-0.707449956731323
l2710536,a,h001,0.714020202979567,-0.710855996642039
l2936216,c,h001,0.090339739066006,1.036508484746157
m1026969,b,h001,-0.967373322158943,-0.224955131481988
l3048231,b,h001,-0.94940230472398,-0.31440627688563
m1069328,c,h001,0.196289158957273,0.997985157271613
d6198039-1_int,a,h001,0.743523825503444,-0.620680944875013
d6198039-1_int,b,h001,-0.93440145514799,-0.328212777062502
d6198039-1_int,c,h001,0.144618817925971,1.026164138964068
e206217,a,h001,0.743446328313722,-0.62067399545339
e206217,b,h001,-0.934356507714212,-0.32815268123519
e206217,c,h001,0.144645713890892,1.026122920112972
l2879071,b,h001,-0.964591453047842,-0.221871942995447
l3029504,b,h001,-0.964240326086229,-0.221610723149581
m1026796,a,h001,0.723553780365968,-0.709977213832861
m1026796,b,h001,-0.99609108986697,-0.243861379945634
m1026796,c,h001,0.18304683252696,1.009862948113032
p827553,b,h001,-0.962358199793328,-0.222372916143894
l2804251,a,h001,0.775446147630326,-0.663387069047087
m1069133,a,h001,0.769381156832374,-0.662534200300259
l2764399,b,h001,-0.988796145966941,-0.227589232702441
p895117,b,h001,-0.984324650966488,-0.260556974288691
l2842383,a,h001,0.794704104650895,-0.615632462940329
l2842383,b,h001,-0.939022028909148,-0.379861926513367
l2842383,c,h001,0.123409265048036,1.03207458100155
l2745811,c,h001,0.093097619996038,1.022344873811268
l2804252,a,h001,0.753364311665052,-0.648822601957583
l3066815,a,h001,0.734025258756247,-0.718343231183069
l3066815,b,h001,-1.001500977432928,-0.242510588438978
l3066815,c,h001,0.186125081191171,1.021647243616389
p895075,c,h001,0.163780371045356,1.029533050036772
l2710544,a,h001,0.703345449729918,-0.697496357664508
n1140519,a,h001,0.728753315951735,-0.713013870032323
n1140519,b,h001,-0.996578419465089,-0.243710086230023
n1140519,c,h001,0.184131401740043,1.013380223406887
l3160117,b,h001,-0.96731026222393,-0.224931484485719
l3029510,b,h001,-0.979398245064284,-0.223114887865105
e182731,b,h001,-0.935217371868794,-0.305901832914823
n1136658,a,h001,0.751390386293553,-0.72493212789199
n1136658,b,h001,-1.012288268461422,-0.254526332779803
n1136658,c,h001,0.18330516974263,1.03073401970245
l2730149,a,h001,0.72868986863911,-0.621244631746398
l2730149,b,h001,-0.933662524519665,-0.313928963691749
l2730149,c,h001,0.148692066361179,1.025603459076445
l2860500,b,h001,-0.967641064061987,-0.225098008696951
l3216347,c,h001,0.170822053224344,1.01815762199511
l2767341,a,h001,0.741313839846427,-0.620750122600357
l2767341,b,h001,-0.934219206805179,-0.326043070249996
l2767341,c,h001,0.145281770792632,1.026031765362888
e206211,a,h001,0.733898330899662,-0.686709368185926
e206211,b,h001,-0.985226784377216,-0.262995607721803
e206211,c,h001,0.17522562692032,1.02894219258818
n1134480,a,h001,0.733948199492164,-0.686349115814515
n1134480,b,h001,-0.984924650752787,-0.262171585370663
n1134480,c,h001,0.175368349245739,1.029301861796445
l3030203,c,h001,0.127694545522644,1.030727371917235
l2879773,a,h001,0.774088757013187,-0.627047041541642
l2879773,b,h001,-0.933212344811799,-0.352084014660424
l2879773,c,h001,0.150761779103428,1.020095628746564
l2804282,c,h001,0.152333153575172,0.997044405598875
n1137005,a,h001,0.730427332749736,-0.711325019421023
n1137005,b,h001,-0.984608435979396,-0.23398615158525
n1137005,c,h001,0.186651598111883,1.022469052092745
m1047574,a,h001,0.709134481544744,-0.682806351324325
m1047574,b,h001,-0.97671627537107,-0.246596221787836
m1047574,c,h001,0.18064956683578,1.01906948563817
l3225319,b,h001,-0.924988646842007,-0.299459619096864
l3048201,b,h001,-0.924972231918822,-0.299449450706061
m1126025,a,h001,0.705367165727549,-0.621636718888324
l2823545,a,h001,0.705349381513237,-0.621627169724593
l3160108,b,h001,-0.979441462735953,-0.223137000432941
n1134478,a,h001,0.733422380796813,-0.686999461855522
n1134478,b,h001,-0.985414423102068,-0.263143215098235
n1134478,c,h001,0.175300702338536,1.028658273124375
l3029055,b,h001,-0.934181418548784,-0.326654783565485
m1047577,a,h001,0.730493743776999,-0.717242677318559
m1047577,b,h001,-1.000235669399633,-0.240798931000895
m1047577,c,h001,0.186227063220452,1.020209862166548
m1209797,a,h001,0.844006616962952,-0.601682182734023
m1209797,b,h001,-0.942410886761825,-0.432418442400861
m1209797,c,h001,0.090868971649893,1.042249975351998
l3645811,c,h001,0.186265129779849,1.018969231353549
l3254229,b,h001,-0.98011505135828,-0.258261908979102
l2710521,a,h001,0.769375634552142,-0.662531427627313
m1009807,a,h001,0.709750809952708,-0.706337098620769
m1009807,b,h001,-0.985499131540668,-0.226303961664777
m1009807,c,h001,0.186556129501539,1.013452563600684
n1136672,c,h001,0.186269739056588,1.021125613292939
l3253995,c,h001,0.186270217012453,1.021123591477486
l2841638,c,h001,0.180139492351244,1.01668197925873
l2860492,c,h001,0.18014318572642,1.016666759708205
l2691959,b,h001,-0.949334363429982,-0.314345501429969
l2973159,a,h001,0.70781648940637,-0.700120682983251
l2822859,b,h001,-0.926023789520099,-0.300099134430335
l2973158,c,h001,0.168793621805138,1.022941691070101
l2674052,c,h001,0.151239848620323,1.008408935314069
m1125990,a,h001,0.733059165044044,-0.621075893688474
m1125990,b,h001,-0.933847782900357,-0.318123478118161
m1125990,c,h001,0.147521872779568,1.02573987947076
n1136366,a,h001,0.727209075101383,-0.68794830631924
n1136366,b,h001,-0.985347999071115,-0.258059499947919
n1136366,c,h001,0.177539827584212,1.027785876986662
l2916620,a,h001,0.727208953152191,-0.68794831708322
l2916620,b,h001,-0.985347915338534,-0.258059361009176
l2916620,c,h001,0.177539951802665,1.027785782127112
m1026472,b,h001,-0.949640456579398,-0.314620593220965
m1026939,b,h001,-0.988699521741915,-0.227558300445449
l3104124,b,h001,-0.98869463712521,-0.227555794627441
l3233412,a,h001,0.726812490823158,-0.61966659926234
l3235266,c,h001,0.171188457344442,1.013397479147156
l3235267,c,h001,0.186914865968362,1.003332007721417
l3235248,c,h001,0.18658154365977,1.006074234611903
l3217064,b,h001,-0.934714073200734,-0.359132185234239
l3200222,b,h001,-0.934714153347081,-0.35913213827175
l3729297,a,h001,0.726891159133693,-0.712290916073928
l3197625,c,h001,0.163783089029005,1.029508789724622
l2917333,a,h001,0.797505759261358,-0.614830346179466
n1140516,c,h001,0.152263604312008,0.997776234904054
m1209748,b,h001,-0.940309134374835,-0.409777881707778
l3142099,b,h001,-0.940294072794302,-0.409761609138521
l2898457,a,h001,0.734932421728173,-0.62099225996151
m1166376,a,h001,0.791779213835372,-0.616433930892995
m1166376,b,h001,-0.93875392578922,-0.37665618382591
m1166376,c,h001,0.125401480548371,1.031451634844359
l2842384,a,h001,0.791626545671515,-0.616476962946892
l2842384,b,h001,-0.938741999544263,-0.376487621744273
l2842384,c,h001,0.125506243161739,1.031421568118162
l2763407,c,h001,0.091967488171594,1.028815685651776
d6023352-1_int,a,h001,0.793163206242823,-0.616066798030343
d6023352-1_int,b,h001,-0.938901662838706,-0.378160604848348
d6023352-1_int,c,h001,0.124466653035501,1.031771119125701
m1047750,a,h001,0.728915570886807,-0.706327315494956
l2708293,a,h001,0.728915549454486,-0.706327395850357
l3176656,a,h001,0.730260004870392,-0.710952801953176
m1047548,a,h001,0.733389005887712,-0.718037040537919
m1047548,b,h001,-1.001054209918835,-0.241954475722371
m1047548,c,h001,0.186208553798571,1.021434331043904
m1089185,a,h001,0.726012711598493,-0.618798659669071
m1089185,b,h001,-0.929909318065589,-0.311840131797186
m1089185,c,h001,0.148445853886367,1.024206811230236
l2748781,a,h001,0.70534891046606,-0.621638889953744
m1026695,a,h001,0.711684696424146,-0.702384626714989
m1026695,b,h001,-0.994827583346828,-0.244090213706652
m1026695,c,h001,0.180394670609629,1.002346671584638
n1140818,a,h001,0.711361622935578,-0.702167919737931
n1140818,b,h001,-0.994689682394203,-0.244094390501754
n1140818,c,h001,0.180331936832873,1.001943330496927
l2860501,b,h001,-0.970986115040408,-0.226829299165511
m1209800,a,h001,0.846399716786028,-0.601011606912018
m1209800,b,h001,-0.942568399473548,-0.434927592727313
m1209800,c,h001,0.089327584966786,1.04275692967949
l2839332,c,h001,0.089327591511998,1.042756932630345
l2954353,a,h001,0.737541652077391,-0.7200257055814
l2726974,b,h001,-0.974214755558301,-0.254989141973826
l2785527,a,h001,0.762299809389805,-0.657205216841636
l2766729,a,h001,0.762277648925358,-0.657194132688066
m1069376,a,h001,0.725158527292347,-0.707694213312331
m1069376,b,h001,-0.975310859722942,-0.227425700692851
m1069376,c,h001,0.195174822611582,1.000998463658897
m1027005,b,h001,-0.965049478730624,-0.22374185775
l3176660,b,h001,-0.979534294821391,-0.257932826968395
m1125943,c,h001,0.145578512341704,1.02562926611195
m1026874,a,h001,0.714445014470206,-0.71115730669293
m1125969,a,h001,0.741992789311905,-0.620722887798933
m1125969,b,h001,-0.934261017532662,-0.326707549001285
m1125969,c,h001,0.1450802242472,1.026063930415129
l2673343,b,h001,-0.966398579747039,-0.224449285237511
l2764436,b,h001,-0.966398597601029,-0.224449265574522
d5565090-1_int,b,h001,-0.925043839241673,-0.29949154596448
d5565090-1_int,c,h001,-0.057807283909413,-0.018715643416241
l3029495,b,h001,-0.925060407127188,-0.299501824964841
n1134479,a,h001,0.733878592428649,-0.68686219493011
n1134479,b,h001,-0.985362847024755,-0.263352611028068
n1134479,c,h001,0.175164839026648,1.028790843115158
l2823592,a,h001,0.85028322564853,-0.599681575649234
l2823592,b,h001,-0.942982347742954,-0.439042734718511
l2823592,c,h001,0.086328109418243,1.043927981451082
l2933164,a,h001,0.756808114537172,-0.623418730156919
l2933164,b,h001,-0.920441542996802,-0.337507260303053
l2933164,c,h001,0.156864264178815,1.006517234013329
l2992624,a,h001,0.77709835202199,-0.623492570400753
l2992624,b,h001,-0.934775653977419,-0.35758095572238
l2992624,c,h001,0.143057670496072,1.02363941183855
l3232301,c,h001,0.196286047080939,0.998035065237652
m1010017,a,h001,0.697193241299064,-0.699495004533901
l2858175,a,h001,0.697180792004664,-0.699490121033002
m1009820,b,h001,-0.983278194360511,-0.225162429262928
l3045895,c,h001,0.15060660853655,1.014437942692983
l2841618,a,h001,0.724730883967638,-0.707607834750208
m1209817,a,h001,0.864179978685207,-0.593807855461066
m1209817,b,h001,-0.943478901869494,-0.454167264818792
m1209817,c,h001,0.074921740344366,1.047383500058395
l2785547,b,h001,-0.963536519085616,-0.221087149987838
221-311595,c,h001,0.196234868915949,0.998455529044415
f739841,b,h001,-0.949717147353007,-0.314689589356095
f739841,c,h001,-0.059349158269171,-0.019665395748908
l0247160,b,h001,-0.949713303914787,-0.314686129754194
l3122823,b,h001,-0.934838935819421,-0.305662563613764
l3048966,c,h001,0.115660517504498,1.033986392327976
m1142810,a,h001,0.777850993294835,-0.62161801433066
m1142810,b,h001,-0.934955978204962,-0.359373472610522
m1142810,c,h001,0.139607632579181,1.025471977471809
m1027109,a,h001,0.69826969354575,-0.69995373285335
l3101788,a,h001,0.698217561052948,-0.699922584694432
p903490,c,h001,0.14313161559804,1.026370272158443
l2916603,b,h001,-0.964347922394694,-0.223384456186924
l3160106,a,h001,0.709434444313928,-0.70106648699861
d5563942-4_int,a,h001,0.787536629291634,-0.617621880500378
d5563942-4_int,b,h001,-0.938428682427988,-0.371968161849606
d5563942-4_int,c,h001,0.128297747765372,1.030631029877704
q16483,a,h001,0.787435230871731,-0.617627531860787
q16483,b,h001,-0.938381129035927,-0.371879753675914
q16483,c,h001,0.128352181698347,1.030564894482867
m1069514,a,h001,0.723600507967515,-0.687357391618455
m1069514,b,h001,-0.98412373719547,-0.255609125854539
m1069514,c,h001,0.178420446428806,1.026387620661389
p850083,a,h001,0.7260120963771,-0.618798223425444
p850083,b,h001,-0.929908503200872,-0.311839807072324
p850083,c,h001,0.148445850448438,1.024205949082385
l3178988,b,h001,-0.980062002999933,-0.258232404968553
l3010568,a,h001,0.744696766471517,-0.722586191244922
m1026356,a,h001,0.756885523337621,-0.651295067192369
m1026356,b,h001,-0.939760300946581,-0.308845803491258
m1026356,c,h001,0.179625005793734,1.013789485759376
l2989600,a,h001,0.800670667600228,-0.613854946292055
m1026487,b,h001,-0.949422476327942,-0.314424555377417
m1069348,c,h001,0.196042819747713,0.998983605187432
l2804248,b,h001,-0.965065772878958,-0.223754036823647
l2729413,a,h001,0.7195042182332,-0.713518465130323
l2673314,c,h001,0.186872642560705,1.014746531832477
l2785528,b,h001,-0.954983451184909,-0.318323996649835
l2897773,a,h001,0.730711316047162,-0.712486637457689
l3010567,c,h001,0.171071859447644,1.014811312614022
l2991917,b,h001,-0.933324449770002,-0.304708012561145
l2766730,b,h001,-0.985538628068979,-0.22619996137833
m1166407,c,h001,0.093495625813295,1.021157749976793
m1008753,b,h001,-0.925979160978845,-0.300073548685625
m1047419,a,h001,0.703961417524303,-0.697856210666642
m1089207,a,h001,0.747526387278419,-0.686571440762969
m1089207,b,h001,-0.987202013369004,-0.279048402999491
m1089207,c,h001,0.169242187629921,1.029025195484659
m1047572,a,h001,0.732954476770278,-0.71719258202474
m1047572,b,h001,-0.999005886983184,-0.241032132475019
m1047572,c,h001,0.186256015044605,1.021194659829263
m1108329,c,h001,0.150608756254989,1.014417392725297
n1138599,a,h001,0.725169339007238,-0.707726380934791
n1138599,b,h001,-0.975282292811589,-0.227463388142917
n1138599,c,h001,0.195226062582448,1.000880578499708
l3217057,a,h001,0.841672897894587,-0.602185464208874
193-103041,c,h001,0.186265129951753,1.018969231413018
l2785515,c,h001,0.15236186045766,0.996694344844614
m1069206,c,h001,0.171168890636565,1.013637237014646
l2729424,a,h001,0.733878492905072,-0.685690388459459
l2917359,a,h001,0.777819727846516,-0.62175812167599
m3037538,a,h001,0.715764693953107,-0.711853958313882
l3027133,a,h001,0.71575891076944,-0.711851723291755
l3197627,c,h001,0.152038727779346,1.000056589028346
m1069187,a,h001,0.78209988370192,-0.663750719763268
l2748129,a,h001,0.782068536912524,-0.663741324690779
d6290228-6_int,a,h001,0.721581485192816,-0.687022114318183
d6290228-6_int,b,h001,-0.983386646069114,-0.254182402762022
d6290228-6_int,c,h001,0.178957414688007,1.025581489976692
q16642,a,h001,0.721527035409323,-0.687018926227931
q16642,b,h001,-0.983360412059274,-0.25414299970644
q16642,c,h001,0.178980119467852,1.025550678032827
n1136657,a,h001,0.723222943844112,-0.687294694572058
n1136657,b,h001,-0.983985899490697,-0.255342323260554
n1136657,c,h001,0.178520862146114,1.026236871949833
l3027671,a,h001,0.726004927013265,-0.6192765705377
m1108423,a,h001,0.725878958898607,-0.619215635717447
n1136665,a,h001,0.737543810213144,-0.720027573557036
l2710532,c,h001,0.18008330619768,1.000508191720151
l2785526,b,h001,-0.935836274502788,-0.306295058411397
l2857591,a,h001,0.715754369048501,-0.711849954314792
l2841630,c,h001,0.170811129469534,1.018285240194792
l3312692,a,h001,0.696221175446099,-0.699114990617906
m1069495,a,h001,0.738063121957568,-0.686835186868797
m1069495,b,h001,-0.98597054497968,-0.268265961002536
m1069495,c,h001,0.17335952595645,1.028810964851268
l3179678,a,h001,0.765723044393555,-0.625532272035332
l3179678,b,h001,-0.927208892759837,-0.344761752800259
l3179678,c,h001,0.153964063255641,1.0136457643099
m1149225,b,h001,-0.934834713184038,-0.359252727525012
r42246,a,h001,0.721332564490603,-0.686992485876514
r42246,b,h001,-0.983283059672233,-0.254004652314525
r42246,c,h001,0.179040063098761,1.025463959936206
l3632979,a,h001,0.706558063036517,-0.704934174692246
p841985,b,h001,-0.952105357597118,-0.316460925053129
l3104796,c,h001,0.143141492159166,1.026326751400178
n1141476,a,h001,0.776928687582991,-0.623692513446144
l2785519,a,h001,0.781996501678092,-0.66369450777112
l3104122,a,h001,0.781937372732748,-0.663665513222839
l3197618,a,h001,0.717427793089175,-0.712288032062459
e192258,a,h001,0.823384229831796,-0.607365073085933
e192258,b,h001,-0.940769796620102,-0.41017697197361
e192258,c,h001,0.104609888468531,1.03784527415796
d5534970-1_int,a,h001,0.717813162093048,-0.70629032411581
d5534970-1_int,b,h001,-0.995432033085055,-0.243930842958252
d5534970-1_int,c,h001,0.181767806084565,1.006292955980418
l2841633,a,h001,0.7189723161751,-0.707041896834317
l2841633,b,h001,-0.995594169092738,-0.243920502696305
l2841633,c,h001,0.182024550965248,1.007049478115112
l3254206,b,h001,-0.980758800809799,-0.223853488932114
n1145954,a,h001,0.759930547570405,-0.654720026244107
n1145954,b,h001,-0.945485398640691,-0.312453808394231
n1145954,c,h001,0.17999362355621,1.013348149091615
p827580,a,h001,0.759929269859639,-0.654718980296546
p827580,b,h001,-0.9454836010069,-0.312453133712606
p827580,c,h001,0.179993464120001,1.013346342890856
l2955074,a,h001,0.777934143717703,-0.622417398646548
l2955074,b,h001,-0.935393852200839,-0.359286767793106
l2955074,c,h001,0.140545881695481,1.024845706133044
l2970845,b,h001,-0.93293822612164,-0.35118883045633
l3010585,a,h001,0.714940805536029,-0.711476563916931
l2861219,b,h001,-0.935747573906828,-0.360368378958606
l3104135,a,h001,0.755803038995151,-0.649350496522064
l3254203,b,h001,-0.963312699266272,-0.222837019330132
l2954352,c,h001,0.170813117610046,1.018277346136776
m1047400,a,h001,0.70284868798967,-0.697199354588116
l2842379,a,h001,0.77682599612726,-0.623665736617736
l2916617,b,h001,-0.975737140667228,-0.255829624987551
n1136670,a,h001,0.733325512267558,-0.717913657937178
n1136670,b,h001,-1.000754922808747,-0.241819702570467
n1136670,c,h001,0.186215494424477,1.021399311868491
l2766727,b,h001,-0.934601002199284,-0.305511496518106
l2727019,a,h001,0.800680922992362,-0.613859124187488
l2801909,a,h001,0.86343945927148,-0.59412307388937
l2801909,b,h001,-0.943452229887464,-0.45336327697038
l2801909,c,h001,0.07553039538915,1.047196649262067
m1047831,b,h001,-0.962948467947924,-0.222677311175191
l2748131,b,h001,-0.967980864530076,-0.225270528276702
l2729427,b,h001,-0.967670979038404,-0.225109623490975
l2766717,c,h001,0.170968119730531,1.016373602061365
l2879064,a,h001,0.783748552136438,-0.664558532017968
l3195318,b,h001,-0.97274199061282,-0.34551791670144
l3254204,a,h001,0.726561099349757,-0.711541602782394
l2973148,a,h001,0.74846187879439,-0.686497066093306
l2801902,b,h001,-0.976605133895657,-0.256311035013634
l2748146,a,h001,0.782486288901007,-0.663940140890358
n1139549,a,h001,0.706543743766527,-0.699376230549163
n1138593,a,h001,0.720149690110148,-0.713895352145997
l3197624,b,h001,-0.963364632128804,-0.222873777349826
m1069558,b,h001,-0.980171763089305,-0.258293429187517
l3197654,a,h001,0.718623820715712,-0.686071007579435
l2710505,b,h001,-0.962927486630395,-0.222666493331996
l2879065,b,h001,-0.950702891785912,-0.315581319180978
m1166358,c,h001,0.115622984004309,1.034311125534441
l2898522,a,h001,0.800617783278735,-0.613832360218657
l2992556,c,h001,0.091157806183348,1.031444744980749
196-35813,a,h001,0.728845876650206,-0.713072389464528
196-35813,b,h001,-0.996588465590604,-0.243706484794785
196-35813,c,h001,0.184152022814206,1.013446568288924
l3064514,c,h001,0.093630354754558,1.020283949208708
l3141402,c,h001,0.18005869031692,0.999059158044596
l2859391,b,h001,-0.985517501530969,-0.226186572968646
l2860489,a,h001,0.754545006344488,-0.649419507252052
m1026989,b,h001,-0.966437818199796,-0.224469709515159
m1209752,b,h001,-0.940313155719441,-0.409781985447292
l2710514,b,h001,-0.969763150855207,-0.226197378964699
l2726975,b,h001,-0.962176805694724,-0.222279338348087
l3649306,a,h001,0.724620520407428,-0.715447314336624
l2767407,b,h001,-0.934297311526924,-0.356356857753728
l2730107,c,h001,0.159446716796698,1.028802433258531
m4113347,a,h001,0.725338168476717,-0.708234288161651
m4113347,b,h001,-0.974831446292375,-0.22805910487178
m4113347,c,h001,0.196035022819856,0.999017768430463
l3216339,b,h001,-0.924972345651341,-0.299449250956632
d5472341-1_int,b,h001,-0.949639661727639,-0.314619877268576
d5472341-1_int,c,h001,-0.059344312618145,-0.01966103544018
f739842,b,h001,-0.949639606266116,-0.314619814816419
f739842,c,h001,-0.059344312618145,-0.01966103544018
l2897792,a,h001,0.723563938899418,-0.687336599023223
m1026800,a,h001,0.72429056980092,-0.710447822003251
m1026800,b,h001,-0.996169740807841,-0.243843696269209
m1026800,c,h001,0.183211692410216,1.010341964855027
m1026797,a,h001,0.723584631151582,-0.709996919624694
m1026797,b,h001,-0.996094383410266,-0.243860639104844
m1026797,c,h001,0.183053736010888,1.009883005609656
l2729407,b,h001,-0.951754653410891,-0.316253960799936
l3342743,c,h001,0.186182063310979,1.01923640005607
l3122818,c,h001,0.186858343433147,1.014135138672835
m1047430,a,h001,0.705198986717106,-0.698582339806881
l3048203,b,h001,-0.967436571203115,-0.224996358017387
l2936276,b,h001,-0.940759215752149,-0.410171986932492
l2860499,b,h001,-0.980312600321167,-0.258351570490535
p827564,c,h001,0.196038849950184,0.999001027650444
l3030205,c,h001,0.115628185723314,1.034294410524326
l3008248,a,h001,0.697698329328175,-0.699691772510016
l2804250,c,h001,0.151154807017306,1.008959488998706
l2954354,a,h001,0.760823129749051,-0.656124709037052
l2673321,a,h001,0.760805962105495,-0.656116003064359
l3197634,b,h001,-0.9914898904377,-0.228894535315034
l3141389,a,h001,0.717434447572997,-0.712291148230748
l2935559,a,h001,0.7533406876055,-0.64881083829616
p895087,a,h001,0.748528721203408,-0.686533039137652
l3254217,a,h001,0.724887094533785,-0.710692533242306
l3254217,b,h001,-0.996188203497545,-0.243837956636886
l3254217,c,h001,0.183308333278124,1.010687311710716
l3101782,a,h001,0.705378749645105,-0.621648388885427
l2745799,c,h001,0.186306589673748,1.015741276992666
l3082983,b,h001,-0.977424893996049,-0.256765665533204
l2691966,b,h001,-0.978834282727522,-0.257547865499026
n1136368,a,h001,0.723575684950342,-0.687343277902306
l3197642,c,h001,0.1800609307691,0.999269707529482
l2973157,a,h001,0.703949748257444,-0.697851706765872
l2935550,c,h001,0.151654164200777,1.003928327755894
d5865224-1_int,b,h001,-0.949717202806659,-0.314689651804534
d5865224-1_int,c,h001,-0.059349158269171,-0.019665395748908
l3066821,a,h001,0.706672955327927,-0.704404630918858
m1009691,a,h001,0.706648467905588,-0.704395119956033
l3178975,b,h001,-0.968484449995805,-0.225501628315773
m1069518,a,h001,0.727209498026615,-0.687948268681959
m1069518,b,h001,-0.985348289222692,-0.258059981987554
m1069518,c,h001,0.177539396477683,1.027786205804192
l2916618,b,h001,-0.974170667615172,-0.25496479921252
l2710515,c,h001,0.186662191656732,1.004836503710524
l3235258,a,h001,0.716447585564843,-0.705404760856515
l3235258,b,h001,-0.99522602398892,-0.24393154382248
l3235258,c,h001,0.18147184286676,1.00540259206929
l3141395,c,h001,0.192252282209438,1.003488153519317
n1136997,c,h001,0.186377887706631,1.021024415287674
l3104123,c,h001,0.18637731955683,1.021016356248805
190-7361,a,h001,0.797497410410729,-0.667087227119128
190-7361,b,h001,-0.97676532227478,-0.348652952033676
190-7361,c,h001,0.16767205079968,1.025301909722042
l3645812,c,h001,0.186247912886401,1.019243283247626
228-1353934-4_int,c,h001,0.186248377247906,1.019243443925397
l3254214,b,h001,-0.963075037035116,-0.220743844158253
d5686080-1_int,a,h001,0.759927489465586,-0.654717522450482
d5686080-1_int,b,h001,-0.945481095771338,-0.312452193801299
d5686080-1_int,c,h001,0.179993241611638,1.013343825897067
l2766749,a,h001,0.725653391038618,-0.709326124434174
l2766749,b,h001,-0.981006445445066,-0.23197230841064
l2766749,c,h001,0.192391067459099,1.003616987139489
l2692660,a,h001,0.781387703491223,-0.618737362131618
l2955076,a,h001,0.781365404647513,-0.618731524464492
m1125979,c,h001,0.143144562065669,1.026315900364845
l3160114,a,h001,0.733896271264776,-0.685699825824901
l3235245,c,h001,0.1887789399656,1.007274162405335
m1026876,a,h001,0.712065579559642,-0.70879375535424
m1026876,b,h001,-0.988939243910673,-0.22779882821827
m1026876,c,h001,0.186862367413331,1.014526456409102
l2785535,b,h001,-0.973712927496138,-0.254708725019798
l2973150,a,h001,0.722963645992823,-0.687049713982883
l3160113,b,h001,-0.974316294387698,-0.255040168788059
l2710518,a,h001,0.709280897909535,-0.701318401682445
l3195310,a,h001,0.753344886396931,-0.648812861350848
l3142098,b,h001,-0.933899886094465,-0.35607929222782
m1026784,c,h001,0.182670630703438,1.008829472550268
l2897771,b,h001,-0.932927526864798,-0.351178381697255
l2917255,c,h001,0.143151607160409,1.026290899689091
l3254215,c,h001,0.171236663708731,1.012799429464495
l2989571,a,h001,0.696463424245635,-0.699209993822076
l3179699,b,h001,-0.97317714575427,-0.345819571013936
l3029507,b,h001,-0.934596121372941,-0.30550345657179
l2748124,b,h001,-0.961647832836997,-0.222007322775129
d5958866-1_int,a,h001,0.775749094431619,-0.625356587237032
d5958866-1_int,b,h001,-0.933814371613676,-0.354948630965341
d5958866-1_int,c,h001,0.1471907507779,1.021594463922793
l2861218,a,h001,0.77623945257239,-0.624664339305515
l2861218,b,h001,-0.934129603902326,-0.355813166028542
l2861218,c,h001,0.145742469079474,1.022344744472119
l0247162,b,h001,-0.949635762318213,-0.314616355039856
l2935552,c,h001,0.150612333517293,1.014382358516522
l3216350,a,h001,0.709324865012148,-0.70131745789135
l3197660,b,h001,-0.965559652760213,-0.224026494682304
m1026880,a,h001,0.714506507054326,-0.711181113765952
l2822860,b,h001,-0.963208813471527,-0.222785620454608
l3101787,a,h001,0.698191295402541,-0.699906886852024
l3027132,a,h001,0.698184322917925,-0.699902717264339
l3179673,c,h001,0.127696082108197,1.030715122763517
l2879092,c,h001,0.180052272463314,0.998661657253946
l2803199,a,h001,0.726382215469412,-0.619069289758723
l2803199,b,h001,-0.930323605289641,-0.312076651408336
l2803199,c,h001,0.148418559207657,1.024577029130568
l3254208,c,h001,0.189687580599924,1.004848173960005
m1027014,c,h001,0.186700880361131,1.004246569259304
m1047433,a,h001,0.705502536459835,-0.698760498765612
l2991905,a,h001,0.725056206411415,-0.707992500785808
l2935560,c,h001,0.180147575294697,1.000854578758722
l3085400,c,h001,0.171242508547987,1.012736854197597
l2764403,a,h001,0.715327963577462,-0.68493380642169
m1108535,a,h001,0.768082522379556,-0.685707987735578
m1108535,b,h001,-0.9897924198273,-0.301791249020073
m1108535,c,h001,0.160277472288324,1.029965885486319
l2785521,c,h001,0.186230077251946,1.01963097196444
l3216988,b,h001,-0.93393122151984,-0.324142388509311
l3649305,a,h001,0.724382758971039,-0.715356104587039
l2983432,a,h001,0.730921029601856,-0.713241913668099
l3315860,b,h001,-0.980524091017478,-0.22367898945672
m1125966,b,h001,-0.93403369862659,-0.324209955737027
l2729423,c,h001,0.175673006100638,1.029927337272802
d6140776-1_int,a,h001,0.719045620309924,-0.70707216420794
l2673307,c,h001,0.152245538872418,0.997959374662875
l2685809,a,h001,0.737540401543756,-0.72002722732319
l3254209,c,h001,0.188778286636094,1.00729235800623
l2860477,a,h001,0.717423624971562,-0.712286962162612
p827548,a,h001,0.723588455059519,-0.687350538788423
l3048946,c,h001,0.115687949634244,1.03378911110225
l2839331,a,h001,0.700997684844676,-0.701577664965418
l2973180,b,h001,-0.962432293375174,-0.22026567966832
l3066806,c,h001,0.151664609527442,1.003842263788728
l2785529,c,h001,0.18570359211408,1.017203125600779
l3177894,a,h001,0.696292256640944,-0.699142899479824
l2731712,b,h001,-0.986550187375349,-0.22712281695342
l2917310,b,h001,-0.933883394019978,-0.356067715510374
d5682346-3_int,a,h001,0.733899711106183,-0.686709681682715
d5682346-3_int,b,h001,-0.985234941467108,-0.263003732363808
d5682346-3_int,c,h001,0.175225272083603,1.028943131072096
l3085394,c,h001,0.151072982051999,1.009801531961475
l3236004,c,h001,0.142511492540768,1.026439224738824
l2879066,b,h001,-0.967354880523169,-0.224945597967256
l3048214,a,h001,0.753328934947029,-0.648804966644379
l3120504,a,h001,0.6966758910908,-0.699293069243731
p827537,a,h001,0.71076424176406,-0.701845499736095
228-979371-2_int,c,h001,0.196260426062095,0.998052988289815
l2785543,b,h001,-0.986508234815018,-0.227091578894757
m1047837,b,h001,-0.963324569781507,-0.222852490761382
l2916602,a,h001,0.748498004295332,-0.686516306389071
d6140778-1_int,b,h001,-0.935222310827927,-0.305907346940389
l2766748,a,h001,0.714501565300252,-0.711179192755271
regxfmr_190-8581,a,h001,0.701545286243026,-0.623086614775866
regxfmr_190-8581,b,h001,-0.932015452008432,-0.287794013256873
regxfmr_190-8581,c,h001,0.157591718039528,1.023862265161104
l3104129,a,h001,0.74886722513253,-0.724045416616145
m1027110,a,h001,0.697180792000475,-0.699490121069884
l3047058,a,h001,0.706154345121326,-0.704073466740158
l2801949,b,h001,-0.986604181367212,-0.22697290337598
l2710525,c,h001,0.18656478065757,1.013315967922896
l3197640,c,h001,0.184543904826823,1.015467681619376
l3010561,a,h001,0.726030712292672,-0.710219283427482
l3141390,b,h001,-0.925951453244437,-0.30005636691273
d5746546-1_int,b,h001,0.009515137057045,0.062352072841519
d5746546-1_int,c,h001,0.152262992352533,0.997770788262698
d5956499-2_int,a,h001,0.725611130750485,-0.70924736637501
d5956499-2_int,b,h001,-0.980771569592973,-0.231769575252014
d5956499-2_int,c,h001,0.192496010782014,1.003523497284626
l2823592_cap,a,h001,0.850175882278838,-0.599694770075964
l2823592_cap,b,h001,-0.942939894984253,-0.438947456057613
l2823592_cap,c,h001,0.086394386856156,1.043855837855296
q16642_cap,a,h001,0.721472585625822,-0.687015738137385
q16642_cap,b,h001,-0.983334178049176,-0.254103596651007
q16642_cap,c,h001,0.179002824247448,1.025519866088786
q16483_cap,a,h001,0.787333832451793,-0.617633183220903
q16483_cap,b,h001,-0.938333575643593,-0.371791345502339
q16483_cap,c,h001,0.128406615631081,1.030498759087842
hvmv_sub_hsb,a,h001,1.04789599232026,-0.013138017530248
hvmv_sub_hsb,b,h001,-0.534691246072542,-0.902022777400229
hvmv_sub_hsb,c,h001,-0.513204746145262,0.915160795107934
regxfmr_hvmv_sub_lsb,a,h001,0.854839125932436,-0.585867955121621
regxfmr_hvmv_sub_lsb,b,h001,-0.931864355906912,-0.450014299058353
regxfmr_hvmv_sub_lsb,c,h001,0.0733235350219,1.041243822165371
x2804253a,a,h001,0.774328599880728,-0.663305332569134
x2804253a,b,h001,-0.774342914447878,0.663379684388225
x3254213b,a,h001,-0.980778643678762,-0.220308151941497
x3254213b,b,h001,0.980845830040585,0.220275615265068
x3216339b,a,h001,-0.919531112958856,-0.291817428792172
x3216339b,b,h001,0.919598051295511,0.291791895722155
x2954355a,a,h001,0.701782637240543,-0.700187609116169
x2954355a,b,h001,-0.701791041190046,0.700260747294659
x2861197c,a,h001,0.14751200688767,1.018210158901834
x2861197c,b,h001,-0.14756765166911,-1.018262515118661
x2842379a,a,h001,0.768397351880615,-0.623273060058864
x2842379a,b,h001,-0.768413186022803,0.623344809891956
x2841636b,a,h001,-0.928711621143352,-0.297631506861545
x2841636b,b,h001,0.928779359179521,0.297605882524295
x3047289a,a,h001,0.744658157036799,-0.622051336306813
x3047289a,b,h001,-0.744672676804879,0.622121916496171
x3047289b,a,h001,-0.91258156196177,-0.326793796126037
x3047289b,b,h001,0.912649714943958,0.326770616970878
x3047289c,a,h001,0.162366961176489,0.995311443728641
x3047289c,b,h001,-0.162422404693787,-0.995361792939635
x3085399c,a,h001,0.175412657392403,1.004494528931771
x3085399c,b,h001,-0.175469287032571,-1.004544800929762
x3085391b,a,h001,-0.967733130071826,-0.219595859321948
x3085391b,b,h001,0.967799530305976,0.219563890331165
x2897778a,a,h001,0.745443321795624,-0.648373091690046
x2897778a,b,h001,-0.745456659785749,0.648445237232126
x3197647a,a,h001,0.710768228812219,-0.705805501057793
x3197647a,b,h001,-0.710776891018407,0.705879381471851
x2936275b,a,h001,-0.936033390031175,-0.402291345067215
x2936275b,b,h001,0.936106386069046,0.40227144714874
x2729408b,a,h001,-0.985480668064324,-0.222001604862514
x2729408b,b,h001,0.985548205137158,0.221968947372466
x2673310a,a,h001,0.773422489519037,-0.662901511890563
x2673310a,b,h001,-0.773436771300974,0.662975798704488
x3048212a,a,h001,0.710520555942506,-0.711772612235665
x3048212a,b,h001,-0.710528926321727,0.71184682815027
x3104133a,a,h001,0.752885664911636,-0.65563218791324
x3104133a,b,h001,-0.752899096963656,0.655705101020534
x2879087a,a,h001,0.707835816340207,-0.710678486265915
x2879087a,b,h001,-0.707844082512225,0.71075251459957
x2710510c,a,h001,0.17983513261311,1.008930166156344
x2710510c,b,h001,-0.179892225674946,-1.008980489499042
x3122810b,a,h001,-0.958004022901924,-0.216181976617818
x3122810b,b,h001,0.958069698914908,0.216150261808404
x2954352c,a,h001,0.174992035896037,1.010000320465812
x2954352c,b,h001,-0.175048897075775,-1.010050931504566
x2729411a,a,h001,0.756617367333666,-0.658856596369735
x2729411a,b,h001,-0.756630864174186,0.65892986904479
x3178971a,a,h001,0.720693097456095,-0.705135957054608
x3178971a,b,h001,-0.720702365098457,0.705210258194318
x3254234b,a,h001,-0.976705771054309,-0.217957618702117
x3254234b,b,h001,0.976772612820756,0.217925135395229
x_293471a,a,h001,0.751575284822767,-0.65402150105849
x_293471a,b,h001,-0.75158871597713,0.654094259815308
x_293471b,a,h001,-0.940166261488023,-0.304956330199531
x_293471b,b,h001,0.940235003059015,0.304930597297795
x_293471c,a,h001,0.184106522503283,1.004995885763224
x_293471c,b,h001,-0.184163681128775,-1.005045785624725
x2860482a,a,h001,0.71848350234638,-0.71038175624792
x2860482a,b,h001,-0.718492399069386,0.710456260646681
x2763811c,a,h001,0.200399923896617,0.988758039328886
x2763811c,b,h001,-0.200457275342793,-0.988806252903029
x3251799a,a,h001,0.749160881067106,-0.619613119710756
x3251799a,b,h001,-0.74917577321982,0.619683765884539
x2898526c,a,h001,0.154667443633617,1.011938142609959
x2898526c,b,h001,-0.154723212832688,-1.011989805028616
x2897780b,a,h001,-0.945467918378112,-0.307913991610879
x2897780b,b,h001,0.945537103971383,0.307888183151976
x3027124c,a,h001,0.097942985090323,1.014294196041564
x3027124c,b,h001,-0.097995564875195,-1.014348620209508
x2954361b,a,h001,-0.968357479819004,-0.247848555433689
x2954361b,b,h001,0.968425218364031,0.247818195756804
x2745811c,a,h001,0.097917622099754,1.014370058627886
x2745811c,b,h001,-0.097970203939967,-1.014424488356545
x2841633a,a,h001,0.710728057585455,-0.705803244720344
x2841633a,b,h001,-0.710736718642018,0.705877123964974
x2917359a,a,h001,0.769420747708023,-0.621379029908588
x2917359a,b,h001,-0.769436727073557,0.621450715884282
x2748158a,a,h001,0.75319153926772,-0.655776076332992
x2748158a,b,h001,-0.753204981421958,0.655849011495646
x2955047a,a,h001,0.697588893329138,-0.622048692516798
x2955047a,b,h001,-0.697600689836624,0.62211709226853
x3122837c,a,h001,0.190828585981877,1.004922919824072
x3122837c,b,h001,-0.190886132206962,-1.004972505898733
x2804269b,a,h001,-0.968522687578912,-0.247940098036014
x2804269b,b,h001,0.9685904399278,0.247909735971934
x3157708c,a,h001,0.188598421806608,1.007170229573372
x3157708c,b,h001,-0.188655942887061,-1.007220046016479
x3179682c,a,h001,0.154316822562942,1.011941851820651
x3179682c,b,h001,-0.154372571541614,-1.011993530678036
x2822877b,a,h001,-0.969615968383965,-0.220653982040141
x2822877b,b,h001,0.96968252278529,0.220621985208519
x3141393c,a,h001,0.174482399296792,1.020621835371065
x3141393c,b,h001,-0.174539724807239,-1.020673084142021
x2897801a,a,h001,0.716419103562513,-0.706353814326971
x2897801a,b,h001,-0.716428069114644,0.706427989657438
x3217056a,a,h001,0.833451944566988,-0.602212404773663
x3217056a,b,h001,-0.833472519765391,0.602285943493471
x2936270a,a,h001,0.833674550496945,-0.602273392822868
x2936270a,b,h001,-0.833695133693676,0.602346944435759
x3235249a,a,h001,0.709808509280553,-0.711352359312724
x3235249a,b,h001,-0.709816858014912,0.711426517836435
x3217052c,a,h001,0.139806904005761,1.019140749929049
x3217052c,b,h001,-0.139862143862723,-1.019193517687488
x2916598a,a,h001,0.710517559727808,-0.711770831227558
x2916598a,b,h001,-0.710525930016536,0.711845046899935
x3048206a,a,h001,0.771477445938189,-0.663330952942595
x3048206a,b,h001,-0.771491595272502,0.663405174662221
x3141402c,a,h001,0.184214639259923,0.990618287992101
x3141402c,b,h001,-0.18427113552599,-0.990667351645953
x3235256a,a,h001,0.762903374757101,-0.662134588095768
x3235256a,b,h001,-0.762917082982755,0.662208342759449
x3178973a,a,h001,0.721716299001369,-0.708225729231403
x3178973a,b,h001,-0.721725482985769,0.708300257896054
x3197654a,a,h001,0.710255789539681,-0.684957141727379
x3197654a,b,h001,-0.710265392776782,0.685029786917644
x3066809c,a,h001,0.193717534954886,0.996800141978373
x3066809c,b,h001,-0.193774871550301,-0.996849123178347
x2766742b,a,h001,-0.978040590965634,-0.218618797032945
x2766742b,b,h001,0.978107539595907,0.218586289514996
x2991908a,a,h001,0.721757241326642,-0.708234418613168
x2991908a,b,h001,-0.721766426439347,0.708308949170118
x3065750b,a,h001,-0.955445110506667,-0.214875919951331
x3065750b,b,h001,0.955510577921031,0.214844248605021
x3085401a,a,h001,0.73221449457648,-0.719818746145149
x3085401a,b,h001,-0.732223747598098,0.719894435414549
x2729413a,a,h001,0.711316890262092,-0.712244824410343
x2729413a,b,h001,-0.711325284952595,0.712319104927608
x3254915b,a,h001,-0.930707883208232,-0.352605023009285
x3254915b,b,h001,0.930778274810064,0.352582493193495
x2748131b,a,h001,-0.962019442133558,-0.218289018734125
x2748131b,b,h001,0.962085447064265,0.218257238661354
x3066810c,a,h001,0.196265497765316,0.995247298686435
x3066810c,b,h001,-0.19632291038089,-0.995296072180883
x2973146b,a,h001,-0.973079004971785,-0.216028950258203
x2973146b,b,h001,0.973145547487733,0.215996524021059
x2973180b,a,h001,-0.95640903169347,-0.21324800820284
x2973180b,b,h001,0.956474479786518,0.213216197448046
x2973167b,a,h001,-0.988912777411918,-0.237243263367883
x2973167b,b,h001,0.988981216491312,0.23721133009402
x2841621c,a,h001,0.190802691980281,1.014726129545017
x2841621c,b,h001,-0.190860692605976,-1.014776282045285
x3123509c,a,h001,0.109259417025399,1.029939541080655
x3123509c,b,h001,-0.109313382977042,-1.029994345480735
x2841627a,a,h001,0.694624162980065,-0.696001125893055
x2841627a,b,h001,-0.694632347601992,0.696073689348217
x3235250b,a,h001,-0.96121150645432,-0.216290576590167
x3235250b,b,h001,0.961277371644151,0.216258717789116
x3728037a,a,h001,0.717812599178332,-0.710724573496477
x3728037a,b,h001,-0.717821441150814,0.710799066776565
x3142078b,a,h001,-0.967597860487116,-0.338096393499178
x3142078b,b,h001,0.967669722140794,0.338071303281848
x2879066b,a,h001,-0.961389276543855,-0.217960503570604
x2879066b,b,h001,0.961455229782655,0.217928733799951
x3235254c,a,h001,0.18990366826386,1.010160881618805
x3235254c,b,h001,-0.189961404302012,-1.010210811780579
x2917330a,a,h001,0.769221289856527,-0.621298529550682
x2917330a,b,h001,-0.769237262371197,0.621370202062185
x2914323b,a,h001,-0.979720678765297,-0.219408453491874
x2914323b,b,h001,0.979787760646372,0.2193759131358
x3197640c,a,h001,0.188598256472102,1.007150012414887
x3197640c,b,h001,-0.188655776482599,-1.007199827244976
x3179673c,a,h001,0.132185080070682,1.022678314762995
x3179673c,b,h001,-0.132240041343751,-1.022731638550561
x3048228c,a,h001,0.155934309871357,0.996763875788436
x3048228c,b,h001,-0.155989446828413,-0.996814603439458
x3104126c,a,h001,0.175148389884274,1.00776239532176
x3104126c,b,h001,-0.175205156021419,-1.00781286804429
x2990098a,a,h001,0.717453254165674,-0.618759363720621
x2990098a,b,h001,-0.717466354432208,0.618828493032552
x2879067a,a,h001,0.720666580426472,-0.705132776356927
x2879067a,b,h001,-0.720675847526622,0.705207076595698
x3176656a,a,h001,0.722085012351185,-0.709754311503657
x3176656a,b,h001,-0.722094146578502,0.709828946112397
x2710532c,a,h001,0.184220411750088,0.992096538000408
x2710532c,b,h001,-0.184276977024468,-0.992145685083934
x3160115b,a,h001,-0.974500863254274,-0.251246590685617
x3160115b,b,h001,0.974569117445539,0.251216143027956
x3103822c,a,h001,0.190278456797638,1.012506977887692
x3103822c,b,h001,-0.190336323693958,-1.012557027871679
x2805034a,a,h001,0.781286903930538,-0.616735109490778
x2805034a,b,h001,-0.78130378494955,0.616807074649208
x3157167a,a,h001,0.748384709640242,-0.685249637955401
x3157167a,b,h001,-0.748396503630612,0.685324064625542
x2916620a,a,h001,0.718908011642483,-0.686869717780993
x2916620a,b,h001,-0.71891802521865,0.686942873827876
x2916620b,a,h001,-0.979687751136853,-0.25109585656339
x2916620b,b,h001,0.979756294850736,0.251065156534138
x2916620c,a,h001,0.18161904428898,1.019572183946273
x2916620c,b,h001,-0.181676736022102,-1.019623040095395
x3027132a,a,h001,0.689827690746868,-0.698584801450304
x3027132a,b,h001,-0.689835477774081,0.698657293189109
x2822862c,a,h001,0.156042124783179,0.99555115155036
x2822862c,b,h001,-0.156097211680042,-0.99560180281117
x2937757c,a,h001,0.096730760482385,1.021001254834231
x2937757c,b,h001,-0.096783581881602,-1.021056122990218
x2860483b,a,h001,-0.961354662439882,-0.217922696496751
x2860483b,b,h001,0.96142061300842,0.217890926554318
x3048210a,a,h001,0.74566045437662,-0.648503485389254
x3048210a,b,h001,-0.745673801050264,0.648575650006901
x3312692a,a,h001,0.687833035619995,-0.697790062577973
x3312692a,b,h001,-0.687840745151973,0.697862416377051
x3251854a,a,h001,0.72551573531457,-0.684634010753116
x3251854a,b,h001,-0.725526236123896,0.684707343451854
x3085398b,a,h001,-0.985313799376411,-0.221964921057144
x3085398b,b,h001,0.985381325084443,0.22193226921337
x3254207a,a,h001,0.716713770930987,-0.706504211253132
x3254207a,b,h001,-0.716722744767391,0.706578407767034
x2729424a,a,h001,0.72559449820385,-0.684663216178324
x2729424a,b,h001,-0.725605001330801,0.684736553708494
x3066816a,a,h001,0.701169824440932,-0.700025121262035
x3066816a,b,h001,-0.701178200502291,0.700098221631584
x2785518c,a,h001,0.175138493997034,1.008111217816666
x2785518c,b,h001,-0.175195275896104,-1.00816171162278
x3029503c,a,h001,0.175117053350571,1.00818656474557
x3029503c,b,h001,-0.175173837506743,-1.008237063900629
x2748140a,a,h001,0.698322505383508,-0.703092436984382
x2748140a,b,h001,-0.698330574973172,0.703165584498157
x2891575c,a,h001,0.098573633453146,1.011482734560868
x2891575c,b,h001,-0.098626119233461,-1.011536965710391
x2842329c,a,h001,0.14689381816665,1.018310402761762
x2842329c,b,h001,-0.146949431658029,-1.018362793380196
x3254212b,a,h001,-0.949652000163692,-0.310828140058602
x3254212b,b,h001,0.949721564247924,0.310802306252948
x3198348a,a,h001,0.766983018558842,-0.618769209715973
x3198348a,b,h001,-0.766998981489656,0.618840632665656
x3178979c,a,h001,0.187779782237249,1.021035183049239
x3178979c,b,h001,-0.187837900361949,-1.021085841748933
x2879054a,a,h001,0.744261796667853,-0.621868050516039
x2879054a,b,h001,-0.744276299680052,0.621938600359916
x3085388b,a,h001,-0.920504389448178,-0.292443385128546
x3085388b,b,h001,0.920571411387002,0.292417841985703
x2991914c,a,h001,0.188044856191097,1.004546465186899
x2991914c,b,h001,-0.188102223056032,-1.004596155548796
x2785534b,a,h001,-0.978652611569417,-0.253539358285932
x2785534b,b,h001,0.978721209706351,0.253508849065676
x3122835b,a,h001,-0.970894436135886,-0.249263794002686
x3122835b,b,h001,0.970962386080075,0.249233397804326
x3085395a,a,h001,0.768724725680107,-0.662928525262884
x3085395a,b,h001,-0.768738733667609,0.663002595663905
x2879064a,a,h001,0.775568068409381,-0.66391910836482
x2879064a,b,h001,-0.775582426977399,0.663993553713625
x3066814b,a,h001,-0.979943586039494,-0.257489323503335
x3066814b,b,h001,0.980012439922989,0.25745898251241
x2821087a,a,h001,0.717570751733596,-0.618840094228058
x2821087a,b,h001,-0.717583857608326,0.618909235227692
x2860479b,a,h001,-0.974186567966956,-0.216620052059022
x2860479b,b,h001,0.974253200322923,0.216587607742701
x3728042a,a,h001,0.717546627610663,-0.710629808059712
x3728042a,b,h001,-0.717555459511886,0.710704284195975
x2935557a,a,h001,0.706043934208459,-0.709812381223402
x2935557a,b,h001,-0.706052138791573,0.7098862775036
x2822864c,a,h001,0.155446393834877,1.001463578847304
x2822864c,b,h001,-0.155501721108287,-1.001514599536412
x3235247a,a,h001,0.698042898372405,-0.703505189078668
x3235247a,b,h001,-0.698050931712446,0.703578347101231
x3251807a,a,h001,0.688519884943654,-0.698059479806866
x3251807a,b,h001,-0.688527621668749,0.698131881054388
x2804282c,a,h001,0.156731083017213,0.988691455464662
x2804282c,b,h001,-0.156785890891463,-0.988741678230208
x2935560c,a,h001,0.184284954950879,0.992444018211224
x2935560c,b,h001,-0.184341540261726,-0.992493182874471
x3104145b,a,h001,-0.971558696655243,-0.249636455077022
x3104145b,b,h001,0.97162670231671,0.24960604954816
x3086078a,a,h001,0.833610039394192,-0.602248271433239
x3086078a,b,h001,-0.833630620027589,0.602321818595757
x2860477a,a,h001,0.709220731094135,-0.711008657216999
x2860477a,b,h001,-0.70922906202117,0.711082768843899
x3645811c,a,h001,0.19036231086555,1.010578694497514
x3645811c,b,h001,-0.190420092979148,-1.010628633778711
x3102793b,a,h001,-0.969974477545988,-0.248738442699305
x3102793b,b,h001,0.970042350917285,0.248708059303774
x2991910b,a,h001,-0.963762503226128,-0.217584971758957
x2991910b,b,h001,0.963828576655114,0.217553069593724
x2710511a,a,h001,0.723223939259958,-0.712930312078658
x2710511a,b,h001,-0.723232991672564,0.713005184065881
x2860486c,a,h001,0.175406349143149,1.00458684640878
x2860486c,b,h001,-0.175462982709934,-1.004637124036521
x2935551c,a,h001,0.156652682940574,0.989490670863283
x2935551c,b,h001,-0.156707523432452,-0.989540943464759
x2729409b,a,h001,-0.973384386188142,-0.216189605550359
x2729409b,b,h001,0.973450953820873,0.216157174406529
x2973833b,a,h001,-0.934871108460155,-0.380180741407584
x2973833b,b,h001,0.934943016163735,0.380159616480967
x2897769c,a,h001,0.196274771128731,0.995095922443765
x2897769c,b,h001,-0.196332177244532,-0.995144686757978
x3216368c,a,h001,0.184282622127924,0.992425428050106
x3216368c,b,h001,-0.184339206438486,-0.992474591746548
x2860490a,a,h001,0.759279411319376,-0.661086576568886
x2860490a,b,h001,-0.759292959555044,0.661160102939837
x2861158c,a,h001,0.098343818915022,1.013009527757602
x2861158c,b,h001,-0.09839636222744,-1.013063859085969
x3141399c,a,h001,0.175441782416456,1.004451683651252
x3141399c,b,h001,-0.175498411638588,-1.004501954640287
x3122816b,a,h001,-0.984888026289376,-0.221711464160632
x3122816b,b,h001,0.984955515615362,0.221678817446213
x2992556c,a,h001,0.095941514572404,1.023551934089481
x2992556c,b,h001,-0.09599440892239,-1.023606985076992
x2897779c,a,h001,0.18377273936074,1.005227418921964
x2897779c,b,h001,-0.183829889337119,-1.005277347618194
x2970811a,a,h001,0.689431409960606,-0.698415809068116
x2970811a,b,h001,-0.689439182830866,0.698488273214423
x2991933c,a,h001,0.190833884629582,1.005003685237145
x2991933c,b,h001,-0.190891434972125,-1.005053277223409
x2729428a,a,h001,0.699851978159696,-0.699060146965848
x2729428a,b,h001,-0.699860322877009,0.699133130234493
x3254216a,a,h001,0.694508878148673,-0.695943629331605
x3254216a,b,h001,-0.694517059678267,0.696016184672234
x2897807b,a,h001,-0.97459342914112,-0.224606422809149
x2897807b,b,h001,0.974660454567317,0.224574423410953
x2898522a,a,h001,0.792287921909358,-0.613613485960026
x2898522a,b,h001,-0.792305585226787,0.613685779797962
x3048230c,a,h001,0.184149046986905,1.004466564806456
x3048230c,b,h001,-0.18420618346994,-1.004516432096954
x3195327a,a,h001,0.689692266357034,-0.698510452524383
x3195327a,b,h001,-0.68970004900966,0.698582933673081
x3047058a,a,h001,0.697822871038981,-0.702779031482004
x3047058a,b,h001,-0.697830927267492,0.702852138377043
x2673313b,a,h001,-0.981111341810162,-0.220279332171863
x2673313b,b,h001,0.981178546120749,0.22024677832021
x3649302a,a,h001,0.71623508043122,-0.714116046289967
x3649302a,b,h001,-0.716243674329477,0.714190664426187
x3729297a,a,h001,0.718709911824399,-0.711066009085458
x3729297a,b,h001,-0.718718789822599,0.711140563748329
x2858163a,a,h001,0.698081679761722,-0.702913246491515
x2858163a,b,h001,-0.698089742876388,0.70298637188846
x3214112b,a,h001,-0.95687303682961,-0.213600320902597
x3214112b,b,h001,0.956938526978775,0.213568508556303
x2685805a,a,h001,0.703447647506582,-0.70701762651723
x2685805a,b,h001,-0.703455830971698,0.707091239442879
x2991912a,a,h001,0.744695751415903,-0.622061712121088
x2991912a,b,h001,-0.744710269527898,0.622132292823673
x3140238a,a,h001,0.690536566469,-0.699019800509299
x3140238a,b,h001,-0.690544375163794,0.699092350915974
x3066830b,a,h001,-0.95962015628163,-0.21704126422899
x3066830b,b,h001,0.959685965630593,0.217009523968426
x3160878c,a,h001,0.154668829349262,1.008456915082291
x3160878c,b,h001,-0.154724436698556,-1.00850837613186
x2916609c,a,h001,0.175099736340517,1.008474788586328
x2916609c,b,h001,-0.175156532894163,-1.008525305208394
x2876814a,a,h001,0.703097391016272,-0.706424867475514
x2876814a,b,h001,-0.703105580709933,0.706498428885785
x3197646b,a,h001,-0.990757640948084,-0.227899354754024
x3197646b,b,h001,0.990825756278552,0.227866793662462
x2973151a,a,h001,0.774122529927509,-0.663204217281465
x2973151a,b,h001,-0.774136837276495,0.663278553677254
x3197627c,a,h001,0.156441942944394,0.991708912936813
x3197627c,b,h001,-0.156496874285818,-0.991759324843839
x2764412a,a,h001,0.691818934009304,-0.699776846117835
x2764412a,b,h001,-0.691826781659465,0.699849499885297
x2766716c,a,h001,0.192818299364528,0.998897736238338
x2766716c,b,h001,-0.192875681225778,-0.998946879072561
x2991917b,a,h001,-0.927954040030741,-0.29716317990331
x2991917b,b,h001,0.928021711906459,0.297137563253268
x3254229b,a,h001,-0.974431115170004,-0.251231086915196
x3254229b,b,h001,0.974499361992697,0.251200640474413
x2935556b,a,h001,-0.982768170721689,-0.220688182237939
x2935556b,b,h001,0.982835489931974,0.220655574912268
x3197660b,a,h001,-0.959574561667479,-0.21701760796266
x3197660b,b,h001,0.959640367281795,0.216985868454131
x2989565a,a,h001,0.767023358426396,-0.625327521710698
x2989565a,b,h001,-0.76703901660481,0.62539932679987
x3645809c,a,h001,0.190311248888782,1.010916955226905
x3645809c,b,h001,-0.190369043804845,-1.010966913230682
x3086075b,a,h001,-0.935758910676415,-0.402010833181263
x3086075b,b,h001,0.93583187831716,0.401990932259705
x3122824a,a,h001,0.74616271998596,-0.64873565833765
x3122824a,b,h001,-0.746176082967326,0.648807858565564
x3216338b,a,h001,-0.973092405162005,-0.216038845921202
x3216338b,b,h001,0.973158948911537,0.216006419633931
x2729405b,a,h001,-0.968319076397131,-0.338574977500929
x2729405b,b,h001,0.968391003410575,0.338549882322407
x2823545a,a,h001,0.696530252452846,-0.620870826337954
x2823545a,b,h001,-0.696542042544151,0.620939108563936
x2916610b,a,h001,-0.988575861928005,-0.237251789061034
x2916610b,b,h001,0.988644282850705,0.237219872359768
x3177665a,a,h001,0.718508212583821,-0.710406746154179
x3177665a,b,h001,-0.718517110479508,0.710481253823937
x2803199a,a,h001,0.717623980196092,-0.618455869346902
x2803199a,b,h001,-0.717637104444381,0.618524988904268
x2803199b,a,h001,-0.924979991849849,-0.304415515844695
x2803199b,b,h001,0.925047830625166,0.304390460891854
x2803199c,a,h001,0.15279606415648,1.016377842297321
x2803199c,b,h001,-0.152851930838755,-1.01642985225878
x2691952a,a,h001,0.701070029444029,-0.700073907601112
x2691952a,b,h001,-0.701078397464216,0.700147006189136
x2748144a,a,h001,0.725705611842918,-0.684895519325736
x2748144a,b,h001,-0.725716111473366,0.68496887602085
x3029504b,a,h001,-0.958232638274371,-0.214601741164796
x3029504b,b,h001,0.958298254557418,0.214569923986043
x3197635b,a,h001,-0.96151518401183,-0.216436230931712
x3197635b,b,h001,0.961581074149908,0.2164043668293
x2724120c,a,h001,0.175145368452568,1.008156678135746
x2724120c,b,h001,-0.175202152807407,-1.008207175481761
x3235244a,a,h001,0.716168348929412,-0.706199501457919
x3235244a,b,h001,-0.716177306234446,0.706273655528207
x2804254a,a,h001,0.720748979315226,-0.705171473079427
x2804254a,b,h001,-0.720758249381951,0.705245779382024
x2820531b,a,h001,-0.990623069929746,-0.236610219453112
x2820531b,b,h001,0.99069157986551,0.23657817013659
x3254214b,a,h001,-0.957057322493412,-0.213729262937518
x3254214b,b,h001,0.957122830377786,0.213697449899142
x2691966b,a,h001,-0.973123705313332,-0.250475003736201
x2691966b,b,h001,0.973191844054072,0.250444575487235
x3122822a,a,h001,0.701306348228603,-0.700061964973571
x3122822a,b,h001,-0.701314731354983,0.700135074352397
x3197639a,a,h001,0.698794857529678,-0.698453184943804
x3197639a,b,h001,-0.698803170222378,0.698526084550313
x3120503a,a,h001,0.688371410724439,-0.697994116357054
x3120503a,b,h001,-0.688379140997019,0.698066506359034
x3216349b,a,h001,-0.956431873476978,-0.213272819197171
x3216349b,b,h001,0.956497322935854,0.213241008404
x3027670b,a,h001,-0.925008006816198,-0.30418276342776
x3027670b,b,h001,0.925075839470853,0.304157695349701
x3085392c,a,h001,0.156531092915461,0.990718279822353
x3085392c,b,h001,-0.156585983440622,-0.990768629027198
x3010556a,a,h001,0.774491050646558,-0.66376533338058
x3010556a,b,h001,-0.774505353228576,0.663839719474172
x3232902a,a,h001,0.712727769643112,-0.621116611936133
x3232902a,b,h001,-0.712740484613336,0.621185658172968
x3101782a,a,h001,0.696540576889362,-0.620894098418309
x3101782a,b,h001,-0.696552367713074,0.62096238327602
x2766715b,a,h001,-0.974967284618618,-0.217090859497283
x2766715b,b,h001,0.975033984566741,0.217058406510501
x2970804c,a,h001,0.098672599137493,1.011037557400246
x2970804c,b,h001,-0.09872506980393,-1.011091759472762
x3178975b,a,h001,-0.962518696554383,-0.218509835972138
x3178975b,b,h001,0.962584741693851,0.218478045855687
x2841648a,a,h001,0.695009575033826,-0.696228783504303
x2841648a,b,h001,-0.695017771358684,0.69630137803356
x3029497c,a,h001,0.156528712482797,0.990732559136476
x3029497c,b,h001,-0.156583603424832,-0.990782908785824
x3029520b,a,h001,-0.957372874890924,-0.213971398130016
x3029520b,b,h001,0.957438411143167,0.213939584025117
x2766744b,a,h001,-0.980688424429224,-0.22029920305157
x2766744b,b,h001,0.980755605149442,0.22026667005971
x3029518b,a,h001,-0.974598886877975,-0.224603101632581
x3029518b,b,h001,0.974665913499318,0.22457110218039
x2936214a,a,h001,0.706031911264914,-0.621549575787278
x2936214a,b,h001,-0.70604421903716,0.62161833727837
x2954346b,a,h001,-0.957089328643094,-0.21572800643839
x2954346b,b,h001,0.957154930686303,0.215696307912634
x2879061b,a,h001,-0.965054240563168,-0.218261389042133
x2879061b,b,h001,0.965120419477255,0.21822946554103
x3141394b,a,h001,-0.984639059865769,-0.296533471464786
x3141394b,b,h001,0.984709991122452,0.296505177587713
x3142098b,a,h001,-0.928950275756937,-0.348382584880121
x3142098b,b,h001,0.929020372276701,0.348359892960183
x3645812c,a,h001,0.190304555862828,1.010909472216243
x3645812c,b,h001,-0.190362349990743,-1.010959428635968
x2916627a,a,h001,0.773479068187816,-0.662918527107554
x2916627a,b,h001,-0.773493352450952,0.662992817531005
x3066815c,a,h001,0.190161529500252,1.013350827333905
x3066815c,b,h001,-0.190219428876821,-1.013400929994193
x3179678b,a,h001,-0.92216629643002,-0.337045775597981
x3179678b,b,h001,0.922235474880037,0.337022742005037
x3254237a,a,h001,0.717541239591794,-0.618353418477765
x3254237a,b,h001,-0.717554361296558,0.618422526770915
x2710512b,a,h001,-0.957680214233465,-0.216034830199179
x2710512b,b,h001,0.957745864686879,0.216003121941406
x3104125b,a,h001,-0.906942417466458,-0.320536589842211
x3104125b,b,h001,0.907009951677594,0.320513309200386
x3010559a,a,h001,0.716118513499599,-0.706160542696163
x3010559a,b,h001,-0.716127468885958,0.706234691675961
x2897790c,a,h001,0.179781259178632,1.021690653827418
x2897790c,b,h001,-0.179838942597766,-1.021741719153182
x2711225c,a,h001,0.138955374947583,1.020224218921816
x2711225c,b,h001,-0.139010615785186,-1.020277087531832
x2766729a,a,h001,0.753956883864345,-0.656499033488045
x2766729a,b,h001,-0.753970337564568,0.656572046609783
x3235275b,a,h001,-0.933520015708995,-0.300702958400708
x3235275b,b,h001,0.933588175468859,0.300677288591942
x3728038a,a,h001,0.717609513267622,-0.710647263419333
x3728038a,b,h001,-0.71761834708814,0.710721742804903
x3048222c,a,h001,0.190834567924466,1.004835412406085
x3048222c,b,h001,-0.190892110428245,-1.004884993145077
x2841630c,a,h001,0.174990040503742,1.010008275365165
x2841630c,b,h001,-0.175046901937378,-1.01005888695621
x2991907a,a,h001,0.77515464503863,-0.663717424446589
x2991907a,b,h001,-0.775168989071501,0.663791838921777
x2973144c,a,h001,0.175128999572098,1.008350419571893
x2973144c,b,h001,-0.175185791985315,-1.008400928877218
x3178976a,a,h001,0.698159907836649,-0.702991299738249
x3178976a,b,h001,-0.698167971845837,0.703064433294063
x3159448a,a,h001,0.717175751775009,-0.707140622661602
x3159448a,b,h001,-0.717184723583287,0.707214878079081
x3231255c,a,h001,0.175482450023192,1.02066844848866
x3231255c,b,h001,-0.175539835868243,-1.020719653670396
x3197626c,a,h001,0.156245997335378,0.993532540491935
x3197626c,b,h001,-0.15630100219029,-0.993583065604423
x2802480b,a,h001,-0.924603243965475,-0.303916173828081
x2802480b,b,h001,0.924671040848413,0.303891109161084
x2823544a,a,h001,0.696821153011464,-0.621019362522671
x2823544a,b,h001,-0.696832953010213,0.621087666854155
x2841624b,a,h001,-0.973374090956341,-0.216193409531052
x2841624b,b,h001,0.973440657122868,0.216160978698833
x3101194c,a,h001,0.200454824708911,0.98789773063515
x3101194c,b,h001,-0.200512139345635,-0.987945891954293
x2841619c,a,h001,0.156786002817362,0.988344305860389
x2841619c,b,h001,-0.156840797567998,-0.988394508992923
x2861218c,a,h001,0.150122868808581,1.014174114795744
x2861218c,b,h001,-0.150178477606903,-1.014226118023248
x2710513b,a,h001,-0.956861714188697,-0.215628670989027
x2710513b,b,h001,0.956927296724864,0.215596976489679
x2879062c,a,h001,0.156602554459953,0.990001336133292
x2879062c,b,h001,-0.156657415791114,-0.990051640579571
x2879767b,a,h001,-0.929371308665135,-0.348697581317349
x2879767b,b,h001,0.929441442610286,0.348674887027098
x2766725c,a,h001,0.18705613577394,1.001247587632698
x2766725c,b,h001,-0.187113291711711,-1.001297133022842
x3141396c,a,h001,0.19380424940008,0.99783601872998
x3141396c,b,h001,-0.193861639245033,-0.997885054546162
x2879752b,a,h001,-0.967566318609132,-0.338066355688103
x2879752b,b,h001,0.967638177557395,0.338041265624698
x2991940c,a,h001,0.155925564531586,0.996765580670357
x2991940c,b,h001,-0.155980701140411,-0.996816307542974
x2673321a,a,h001,0.752472408510852,-0.655420689193929
x2673321a,b,h001,-0.752485826497597,0.655493570866272
x2673326b,a,h001,-0.973320694976233,-0.216165456588388
x2673326b,b,h001,0.973387256757243,0.216133026622031
x2925506c,a,h001,0.196150764095689,0.995428952377424
x2925506c,b,h001,-0.196208178483667,-0.995477741683842
x2730106c,a,h001,0.156749880414907,1.016571600854472
x2730106c,b,h001,-0.156805986171998,-1.016623436060009
x2820556a,a,h001,0.695298940795687,-0.696409013595138
x2820556a,b,h001,-0.695307146373341,0.696481632557993
x3235248c,a,h001,0.190646458500697,0.997683473490854
x3235248c,b,h001,-0.190703657550354,-0.997732646644853
x2822871b,a,h001,-0.989584927818502,-0.226462095174429
x2822871b,b,h001,0.989652908791434,0.226429505313694
x2955076a,a,h001,0.772971161843302,-0.618390274495949
x2955076a,b,h001,-0.772987485387872,0.618461951048621
x2955005b,a,h001,-0.928764589549216,-0.316564687226227
x2955005b,b,h001,0.928833204929678,0.316540158458645
x3254208c,a,h001,0.19374041648832,0.996422981544018
x3254208c,b,h001,-0.193797736875948,-0.996471939881047
x3178978a,a,h001,0.697647094399903,-0.69777138916242
x3178978a,b,h001,-0.697655371527863,0.697844195452107
x3235253a,a,h001,0.774910666592159,-0.66360209944422
x3235253a,b,h001,-0.77492500187542,0.663676495914612
x3235241c,a,h001,0.190981096288899,0.994970638829005
x3235241c,b,h001,-0.191038188611354,-0.995019640920898
x3197636b,a,h001,-0.966101350158661,-0.218783429457606
x3197636b,b,h001,0.966167615546815,0.218751488253501
x3066811b,a,h001,-0.962595153560046,-0.218567373119392
x3066811b,b,h001,0.962661205787423,0.218535582778958
x3632979a,a,h001,0.698267098154407,-0.703636116549398
x3632979a,b,h001,-0.698275138373007,0.703709292560558
x3086074c,a,h001,0.139793537448585,1.01916389940402
x3086074c,b,h001,-0.139848777706134,-1.019216667912434
x2674051a,a,h001,0.767036483789755,-0.625324234873588
x2674051a,b,h001,-0.767052141943858,0.625396039920235
x3178981b,a,h001,-0.951185813443992,-0.311828501120333
x3178981b,b,h001,0.951255511400432,0.311802653212734
x3046854b,a,h001,-0.957974492191532,-0.21439993789241
x3046854b,b,h001,0.958040085602949,0.214368121578191
x2860506b,a,h001,-0.98075995789886,-0.2201717750992
x2860506b,b,h001,0.980827135860069,0.22013923099811
x3048966c,a,h001,0.120235876132427,1.026014429667597
x3048966c,b,h001,-0.120290297734309,-1.026068499240121
x2822872b,a,h001,-0.988333436673752,-0.234783581700175
x2822872b,b,h001,0.988401729527546,0.234751533064548
x3214071c,a,h001,0.146444102217257,1.01845757509235
x3214071c,b,h001,-0.146499696306587,-1.018509996237755
x2786273b,a,h001,-0.968262360416242,-0.338543990349235
x2786273b,b,h001,0.968334282708795,0.338518896016361
x3104853c,a,h001,0.139793511308114,1.019252355668256
x3104853c,b,h001,-0.13984875557796,-1.01930513050036
x2973158c,a,h001,0.172963474055518,1.014719268275142
x2973158c,b,h001,-0.173020436770052,-1.014770244838225
x3216123a,a,h001,0.724082342349987,-0.714477833156368
x3216123a,b,h001,-0.724091371632314,0.714552834350686
x2860485b,a,h001,-0.980835080849653,-0.220227999473826
x2860485b,b,h001,0.980902265761643,0.220195455135369
x3235946a,a,h001,0.697702289560903,-0.621468020980799
x3235946a,b,h001,-0.69771411962802,0.621536392196727
x2973148a,a,h001,0.740230439286962,-0.68554355470834
x2973148a,b,h001,-0.740241748838514,0.685617621446217
x3066829c,a,h001,0.191030254092707,0.99475892785696
x3066829c,b,h001,-0.191087339429582,-0.994807915434558
x3085393c,a,h001,0.156481654954227,0.991314254249974
x3085393c,b,h001,-0.156536570247017,-0.991364641502571
x2673322b,a,h001,-0.979628128464217,-0.219359565851927
x2673322b,b,h001,0.979695202723315,0.219327026971004
x3263051c,a,h001,0.175095282626238,1.008910651048095
x3263051c,b,h001,-0.175152099133429,-1.008961194305434
x2860500b,a,h001,-0.961677403012395,-0.218114537005782
x2860500b,b,h001,0.961743380062744,0.218082762746942
x3048211a,a,h001,0.755471361953263,-0.657841547341672
x3048211a,b,h001,-0.755484840822882,0.657914708665968
x3728041a,a,h001,0.717488562238397,-0.710601186527979
x3728041a,b,h001,-0.717497391205456,0.710675657636498
x3048199b,a,h001,-0.957331826782371,-0.215844242621295
x3048199b,b,h001,0.957397447148276,0.215812539125215
x3104136b,a,h001,-0.989275837740789,-0.235536341472512
x3104136b,b,h001,0.989344219009699,0.235504292231957
x2916599a,a,h001,0.710014945809049,-0.711485276806356
x2916599a,b,h001,-0.710023301356736,0.71155945343009
x3104134c,a,h001,0.185093146791801,1.007530117420776
x3104134c,b,h001,-0.185150480663973,-1.007580118136481
x2954344c,a,h001,0.193734639202729,0.996513164026856
x2954344c,b,h001,-0.193791963447979,-0.996562127844784
x3142099b,a,h001,-0.935784738242405,-0.40203098126711
x3142099b,b,h001,0.935857709206271,0.40201108084722
x2710515c,a,h001,0.190756962220243,0.996398211039925
x2710515c,b,h001,-0.190814107854642,-0.996447307633506
x3011298c,a,h001,0.156336101564778,1.010318136776799
x3011298c,b,h001,-0.156391892357355,-1.010369627843914
x3066812a,a,h001,0.72102203860544,-0.70532718358322
x3066812a,b,h001,-0.721031317225356,0.705401511578095
x3141403a,a,h001,0.707681523765885,-0.710625541977381
x3141403a,b,h001,-0.707689784325262,0.710699560622806
x3120484c,a,h001,0.190332379833426,1.007484718713111
x3120484c,b,h001,-0.190390016402302,-1.007534473083506
x2860504a,a,h001,0.701474363260215,-0.700122984390872
x2860504a,b,h001,-0.701482752384675,0.70019610454483
x2766750c,a,h001,0.183907928571052,1.005088714514785
x2766750c,b,h001,-0.1839650799119,-1.005138630498923
x2879077b,a,h001,-0.956285801872548,-0.213164352922009
x2879077b,b,h001,0.956351237857352,0.213132542641432
x3159037b,a,h001,-0.955585669019988,-0.214936132390025
x3159037b,b,h001,0.955651148776432,0.214904458538487
x3160793c,a,h001,0.151368075072504,1.017555119686708
x3160793c,b,h001,-0.151423913650317,-1.017607259594258
x3233412a,a,h001,0.7180601609646,-0.619051159694528
x3233412a,b,h001,-0.718073282741801,0.619120334074036
x2841620b,a,h001,-0.949049817481121,-0.310462309374389
x2841620b,b,h001,0.949119327477017,0.310436481290412
x3253995c,a,h001,0.190295248844995,1.01283963754998
x3253995c,b,h001,-0.190353132269957,-1.012889703260881
x2936279c,a,h001,0.157557908818654,1.00724519785739
x2936279c,b,h001,-0.157613627765737,-1.007296456396244
x2804277c,a,h001,0.16799256629789,1.021321832626487
x2804277c,b,h001,-0.168049546894334,-1.021373422229068
x2860489a,a,h001,0.746163212445409,-0.648735902663917
x2860489a,b,h001,-0.746176575443893,0.648808102928844
x2690868c,a,h001,0.200300288350725,0.989522533049362
x2690868c,b,h001,-0.200357669546747,-0.989570792022546
x3176661c,a,h001,0.098650042443723,1.011075876731745
x3176661c,b,h001,-0.098702513654433,-1.011130080340255
x2766746c,a,h001,0.190867626314594,0.99545764789528
x2766746c,b,h001,-0.190924734683647,-0.995506683393239
x3189189b,a,h001,-0.988709515544354,-0.237251384144688
x3189189b,b,h001,0.988777943217777,0.237219460812392
x3048196b,a,h001,-0.969326853677767,-0.339273385467783
x3048196b,b,h001,0.969398870499265,0.339248283373156
x2879074a,a,h001,0.698195829402577,-0.698101963849169
x2879074a,b,h001,-0.698204122893862,0.698174814756061
x3067478a,a,h001,0.722704788735848,-0.620537950678672
x3067478a,b,h001,-0.72271810851342,0.62060742582866
x2766726b,a,h001,-0.93048998881153,-0.298762408861694
x2766726b,b,h001,0.930557882194292,0.29873676722274
x2936271a,a,h001,0.769662983187058,-0.621537275986014
x2936271a,b,h001,-0.769678969204016,0.62160898238571
x2917328b,a,h001,-0.929312199111962,-0.348466806505201
x2917328b,b,h001,0.929382320515444,0.34844410260039
x3160103c,a,h001,0.190807337325196,1.003799324905276
x3160103c,b,h001,-0.190864830141568,-1.003848844209062
x3448661b,a,h001,-0.956857463815348,-0.215613079786119
x3448661b,b,h001,0.956923046015639,0.215581384981924
x2991901b,a,h001,-0.973103621962787,-0.216044409943354
x2991901b,b,h001,0.973170166619308,0.216011983456303
x2860499b,a,h001,-0.974611372518372,-0.251287537389536
x2860499b,b,h001,0.974679635005462,0.251257086957748
x2726975b,a,h001,-0.956176466381495,-0.21526435222733
x2726975b,b,h001,0.956241993012193,0.21523266892233
x2673300b,a,h001,-0.920566744304683,-0.292462591783859
x2673300b,b,h001,0.920633772478428,0.292437047853898
x2730107c,a,h001,0.163689376179089,1.020631898984334
x2730107c,b,h001,-0.163746074403921,-1.020683647838959
x2916619b,a,h001,-0.969952116318012,-0.248734315385106
x2916619b,b,h001,0.970019988202569,0.248703932792139
x2710525c,a,h001,0.190621151137816,1.004959864692357
x2710525c,b,h001,-0.190678687052648,-1.005009460945083
x2804260b,a,h001,-0.923902061400723,-0.294575511129887
x2804260b,b,h001,0.923969380526393,0.29454993426561
x3197631a,a,h001,0.722520741073216,-0.711256664054567
x3197631a,b,h001,-0.722529829811331,0.711331405678139
x2973153a,a,h001,0.723551060896252,-0.713504287034177
x2973153a,b,h001,-0.723560104716736,0.713579207032408
x3122813a,a,h001,0.761063548270183,-0.6618003743136
x3122813a,b,h001,-0.76107716562996,0.66187402434724
x2935567b,a,h001,-0.974510030360487,-0.251284876309588
x2935567b,b,h001,0.974578283239867,0.251254428901713
x2917336c,a,h001,0.154673537306591,1.008412020889826
x2917336c,b,h001,-0.154729142841435,-1.008463479125532
x2954350c,a,h001,0.175343128618539,1.005387639627638
x2954350c,b,h001,-0.175399795751636,-1.005437966483292
x3234185b,a,h001,-0.955479240821352,-0.214893572465906
x3234185b,b,h001,0.955544711028686,0.214861900553375
x3160107a,a,h001,0.739754444458476,-0.621116847889041
x3160107a,b,h001,-0.739768721811931,0.621187145335697
x3141401a,a,h001,0.743355625462663,-0.723753884372104
x3141401a,b,h001,-0.743365339151274,0.723830317505462
x2972704c,a,h001,0.175075685348143,1.00895712135892
x2972704c,b,h001,-0.175132502935191,-1.009007666983412
x3197644a,a,h001,0.756625562962544,-0.658861400745385
x3197644a,b,h001,-0.756639060283587,0.65893467435619
x2897805a,a,h001,0.717673792975632,-0.708715830793992
x2897805a,b,h001,-0.717682720336379,0.708790200852746
x2766499c,a,h001,0.19045370357253,1.012060560325571
x2766499c,b,h001,-0.190511559954729,-1.012110577845065
x3104132a,a,h001,0.745206276397584,-0.64825434223541
x3104132a,b,h001,-0.745219606447609,0.648326470183852
x2989564b,a,h001,-0.968492565172565,-0.247932520650644
x2989564b,b,h001,0.968560314401683,0.247902159132187
x2991923a,a,h001,0.757769475761122,-0.659852903803728
x2991923a,b,h001,-0.757782994026542,0.659926288513127
x3217053c,a,h001,0.139789262142201,1.019186425462564
x3217053c,b,h001,-0.139844503101194,-1.019239195020888
x3216345b,a,h001,-0.993421177753997,-0.232162208938161
x3216345b,b,h001,0.993489645617154,0.232129771620897
x2766721a,a,h001,0.744339251790541,-0.621903819633888
x2766721a,b,h001,-0.744353757617864,0.62197437514494
x3119793b,a,h001,-0.946875290813384,-0.309052563212611
x3119793b,b,h001,0.946944609594776,0.309026754706833
x2821010a,a,h001,0.706308993137342,-0.70996364735588
x2821010a,b,h001,-0.706317206016076,0.710037564697236
x3104118c,a,h001,0.190969524402607,0.995063257525125
x3104118c,b,h001,-0.191026620323192,-0.995112267112092
x3160101a,a,h001,0.716092344134816,-0.706155614038414
x3160101a,b,h001,-0.716101299084584,0.706229762039145
x2692633c,a,h001,0.161553421353166,1.015713447865204
x2692633c,b,h001,-0.161609766582852,-1.015765011161653
x2691950c,a,h001,0.175108850878553,1.008470070140142
x2691950c,b,h001,-0.175165647684461,-1.008520587295926
x3160108b,a,h001,-0.973476663885621,-0.216225202912428
x3160108b,b,h001,0.9735432398493,0.216192770049442
x2822873b,a,h001,-0.974370134867632,-0.25121481562028
x2822873b,b,h001,0.974438375826915,0.251184370268271
x3048887b,a,h001,-0.928832404084703,-0.316584735366371
x3048887b,b,h001,0.928901026712713,0.316560205824944
x3254227b,a,h001,-0.975515302739793,-0.251842069185066
x3254227b,b,h001,0.975583639055963,0.251811606867666
x2992624a,a,h001,0.768703800018009,-0.623097851425416
x2992624a,b,h001,-0.768719658048294,0.623169604181275
x3226771a,a,h001,0.702314582566344,-0.700416107500715
x3226771a,b,h001,-0.702323006656638,0.700489283584194
x3086002c,a,h001,0.163676508360946,1.020764507949929
x3086002c,b,h001,-0.163733212005027,-1.020816265068137
x3045895c,a,h001,0.154972689628141,1.006196870012597
x3045895c,b,h001,-0.155028209440677,-1.00624818756243
x2973160b,a,h001,-0.995183490426546,-0.235030002965277
x2973160b,b,h001,0.995252190708568,0.234997649101629
x2764403a,a,h001,0.706938362715254,-0.683808144182824
x2764403a,b,h001,-0.706947827532086,0.683880569020525
x3122812b,a,h001,-0.971068041648528,-0.221741561986339
x3122812b,b,h001,0.971134732823903,0.221709561527782
x3176660b,a,h001,-0.973853240482327,-0.250911328836022
x3176660b,b,h001,0.973921438035657,0.250880890358446
x2991943c,a,h001,0.184157143362326,1.004359795131572
x2991943c,b,h001,-0.184214275350993,-1.004409655874441
x2691941c,a,h001,0.190991315326273,0.994926724989004
x2691941c,b,h001,-0.191048406201066,-0.994975724069244
x2983432a,a,h001,0.722761673162525,-0.71203373121245
x2983432a,b,h001,-0.72277074052952,0.712108529673875
x3215549b,a,h001,-0.96073712932539,-0.21762114250327
x3215549b,b,h001,0.96080303018185,0.217589383839881
x2955077c,a,h001,0.137146806070734,1.020797364426371
x2955077c,b,h001,-0.137201968287089,-1.020850351065597
x2973157a,a,h001,0.695587066521933,-0.696580600527988
x2973157a,b,h001,-0.695595280782835,0.696653242801668
x2691951c,a,h001,0.174991184078403,1.009949108559032
x2691951c,b,h001,-0.175048042826839,-1.0099997166762
x3030199c,a,h001,0.145805818578055,1.016290930965074
x3030199c,b,h001,-0.145861274759253,-1.016343256355057
x2692655c,a,h001,0.142190342217754,1.018122683886231
x2692655c,b,h001,-0.142245673333136,-1.018175282490846
x2785546a,a,h001,0.707398274821089,-0.710515815587641
x2785546a,b,h001,-0.707406524099695,0.71058981474459
x2935559a,a,h001,0.744931776737857,-0.648126675414747
x2935559a,b,h001,-0.744945097776846,0.648198783720424
x2972930a,a,h001,0.724493006199888,-0.715351357477274
x2972930a,b,h001,-0.724502019435932,0.715426428968638
x2822866b,a,h001,-0.985426117490658,-0.230476830835768
x2822866b,b,h001,0.98549404290217,0.230444667737974
x2748781a,a,h001,0.696510509318453,-0.620884493152348
x2748781a,b,h001,-0.696522298850948,0.620952776059719
x3645810c,a,h001,0.190354527895811,1.010680743086482
x3645810c,b,h001,-0.190412314301979,-1.010730688626151
x2879076c,a,h001,0.175031373391051,1.009270844813482
x2879076c,b,h001,-0.175088202877147,-1.009321410174978
x2841616a,a,h001,0.717165777010608,-0.707770181312878
x2841616a,b,h001,-0.717174718963967,0.707844472874533
x2935554a,a,h001,0.722688345708288,-0.71156874943042
x2935554a,b,h001,-0.722697429427284,0.711643516676055
x2879075a,a,h001,0.697161617438459,-0.697487817723738
x2879075a,b,h001,-0.697169879675888,0.697560585056957
x2839305a,a,h001,0.79242530851175,-0.613662745007538
x2839305a,b,h001,-0.792442976571177,0.613735047656262
x2879753b,a,h001,-0.928816701519088,-0.34824899988096
x2879753b,b,h001,0.928886784121374,0.348226306441326
x2748129a,a,h001,0.773861848685591,-0.663101156863783
x2748129a,b,h001,-0.773876147521911,0.663175476226061
x2991906a,a,h001,0.744301632101107,-0.621875018726841
x2991906a,b,h001,-0.744316135831654,0.621945570020856
x2804247b,a,h001,-0.919599822486693,-0.291857967692536
x2804247b,b,h001,0.919666766679058,0.291832433770634
x3195318b,a,h001,-0.96773204181549,-0.33817692274097
x3195318b,b,h001,0.967803915483607,0.338151831367923
x3048888c,a,h001,0.098461925993584,1.012176856916813
x3048888c,b,h001,-0.098514437578712,-1.01223113338014
x2935552c,a,h001,0.154965945747684,1.006157537740599
x2935552c,b,h001,-0.155021463421141,-1.006208852081085
x2876797a,a,h001,0.721396970627801,-0.706109394105854
x2876797a,b,h001,-0.721406233718194,0.706183784426665
x3085389b,a,h001,-0.919970864523037,-0.29208994136215
x3085389b,b,h001,0.920037840940028,0.292064403597321
x2916603b,a,h001,-0.958362114845442,-0.21638209081719
x2916603b,b,h001,0.958427819757384,0.216350370519476
x2710518a,a,h001,0.700961965114746,-0.70005788321419
x2710518a,b,h001,-0.700970328512266,0.700130976418612
x3160896c,a,h001,0.147513724201264,1.018193792217776
x3160896c,b,h001,-0.147569368321262,-1.018246147408652
x2897776c,a,h001,0.175422753164687,1.004507240252604
x2897776c,b,h001,-0.175479383925723,-1.004557513760738
x2913406b,a,h001,-0.957743032171872,-0.214228116598772
x2913406b,b,h001,0.957808604237082,0.214196301100233
x2991915b,a,h001,-0.955913969681432,-0.212880554415541
x2991915b,b,h001,0.955979372117942,0.212848745407693
x2711224b,a,h001,-0.929068405738704,-0.348485525897006
x2711224b,b,h001,0.929138512318328,0.348462833428294
x2897766c,a,h001,0.156067949793295,0.995503178016754
x2897766c,b,h001,-0.156123035879825,-0.995553826595157
x2897775c,a,h001,0.17517993239784,1.007613746366065
x2897775c,b,h001,-0.175236693512504,-1.007664210721274
x3029495b,a,h001,-0.919626591025064,-0.291885607846581
x3029495b,b,h001,0.919693536929843,0.291860073743523
x2911069b,a,h001,-0.97291906079547,-0.21591455028983
x2911069b,b,h001,0.972985587711932,0.215882124477149
x3197633a,a,h001,0.720929939473831,-0.70527446126788
x3197633a,b,h001,-0.720939215218324,0.705348781934426
x3066817a,a,h001,0.700953614833333,-0.699951106849957
x3066817a,b,h001,-0.700961984807804,0.700024194897572
x2879089c,a,h001,0.190960578521713,0.99510169288221
x2879089c,b,h001,-0.191017675709232,-0.995150705105016
x3195315a,a,h001,0.774578435564996,-0.663436245573758
x3195315a,b,h001,-0.774592759343401,0.66351061701409
x2785529c,a,h001,0.189756372772678,1.008876785351671
x2785529c,b,h001,-0.189814040529088,-1.008926648089328
x2992656a,a,h001,0.792374845144762,-0.613659703718496
x2992656a,b,h001,-0.792392512346588,0.613732004845488
x2692661a,a,h001,0.792325183473847,-0.613629113397511
x2692661a,b,h001,-0.792342848219531,0.613701409870473
x3160114a,a,h001,0.725612408665944,-0.684672691848508
x3160114a,b,h001,-0.725622912388164,0.684746030758783
x3082992a,a,h001,0.694949770963678,-0.696193847730591
x3082992a,b,h001,-0.694957965454472,0.696266437460764
x2710537b,a,h001,-0.920216863249946,-0.29224394643052
x2710537b,b,h001,0.920283861041314,0.292218406129943
x3254238b,a,h001,-0.941129650159395,-0.305489471283933
x3254238b,b,h001,0.941198472215877,0.305463724401512
x2862616c,a,h001,0.200464441510749,0.987745396587381
x2862616c,b,h001,-0.200521749623576,-0.987793548658656
x2785526b,a,h001,-0.930474499141825,-0.298752484555041
x2785526b,b,h001,0.930542391168083,0.298726843062483
x2915542a,a,h001,0.717316423804884,-0.618242112717816
x2915542a,b,h001,-0.717329540216447,0.618311205603544
x2915542b,a,h001,-0.924663476357336,-0.304219582625395
x2915542b,b,h001,0.92473128773476,0.304194531065129
x2915542c,a,h001,0.152828689568729,1.016086809298878
x2915542c,b,h001,-0.15288454461132,-1.016138800924289
x3122820a,a,h001,0.698148968785996,-0.698091046257426
x3122820a,b,h001,-0.698157260965701,0.698163894916578
x3029505c,a,h001,0.188482997515726,1.018617531076643
x3029505c,b,h001,-0.188541044166119,-1.018668015946501
x2785522b,a,h001,-0.980682826638732,-0.220106899059115
x2785522b,b,h001,0.980749998151744,0.220074355167508
x2710543c,a,h001,0.196257291098548,0.995283387475587
x2710543c,b,h001,-0.196314704914878,-0.995332163436174
x2917310b,a,h001,-0.928939165212512,-0.348384824252211
x2917310b,b,h001,0.929009260195026,0.348362132439689
x3082993a,a,h001,0.687859430454034,-0.697800459599081
x3082993a,b,h001,-0.68786714102898,0.697872815224082
x3729298a,a,h001,0.718445098451519,-0.710971728271612
x3729298a,b,h001,-0.718453966420514,0.71104626587022
x2990826a,a,h001,0.717287149179575,-0.618175893978011
x2990826a,b,h001,-0.71730026445056,0.61824498018059
x2990826b,a,h001,-0.924572250820764,-0.304212073201517
x2990826b,b,h001,0.924640053749274,0.304187024003518
x2990826c,a,h001,0.152796836875703,1.016030525883495
x2990826c,b,h001,-0.152852687548277,-1.016082512725481
x2897792a,a,h001,0.71524323537452,-0.686242242816194
x2897792a,b,h001,-0.715253066398834,0.68631519304032
x2804261c,a,h001,0.183764095020656,1.005199644603766
x2804261c,b,h001,-0.183821243250159,-1.005249570859307
x3189190a,a,h001,0.702257491121364,-0.700401245329031
x3189190a,b,h001,-0.702265913480564,0.700474418452844
x2689691a,a,h001,0.699929539493513,-0.704020881713508
x2689691a,b,h001,-0.69993765885016,0.7040941575812
x3195751a,a,h001,0.706238745292358,-0.709912170389766
x3195751a,b,h001,-0.706246955575362,0.709986080786359
x2785517c,a,h001,0.193679543824206,0.997192178085681
x2785517c,b,h001,-0.193736896349813,-0.997241181985232
x2916606c,a,h001,0.155444932563518,1.001477917196252
x2916606c,b,h001,-0.155500260418903,-1.001528938782053
x3254217c,a,h001,0.187400926177806,1.002321382773019
x3254217c,b,h001,-0.187458152066306,-1.002370975531974
x2841641b,a,h001,-0.974815723733739,-0.25144641413222
x2841641b,b,h001,0.974884001794618,0.251415961852817
x2804256b,a,h001,-0.982754793892306,-0.220772544569796
x2804256b,b,h001,0.982822114627394,0.220739942006754
x3122818c,a,h001,0.190909801556707,1.005784049927738
x3122818c,b,h001,-0.190967392589617,-1.005833680469988
x2691953a,a,h001,0.755479107577072,-0.65783729285479
x2691953a,b,h001,-0.755492586203858,0.657910453819321
x2692654a,a,h001,0.768492753392841,-0.623285251543166
x2692654a,b,h001,-0.768508590511071,0.623357005425925
x3235246b,a,h001,-0.958015757425809,-0.216218608011013
x3235246b,b,h001,0.958081434715681,0.216186894367249
x2955078a,a,h001,0.773021201959301,-0.618418537450878
x2955078a,b,h001,-0.773037528022922,0.618490218415305
x3139598b,a,h001,-0.946720559194031,-0.308922498264468
x3139598b,b,h001,0.946789865290842,0.308896690561513
x2763812c,a,h001,0.200417474136947,0.988483101283763
x2763812c,b,h001,-0.20047481381983,-0.988531298157942
x2767414c,a,h001,0.154757458526578,1.008188275687813
x2767414c,b,h001,-0.154813058534942,-1.0082397171022
x2991918b,a,h001,-0.921437852684677,-0.293014607099984
x2991918b,b,h001,0.921504956855639,0.292989054577677
x3008248a,a,h001,0.689338343524224,-0.698372194976709
x3008248a,b,h001,-0.689346112137174,0.698444651708119
x3160865a,a,h001,0.77144875246252,-0.620103251978797
x3160865a,b,h001,-0.771464909314465,0.620174958119078
x3029510b,a,h001,-0.973449994407528,-0.216232394374372
x3029510b,b,h001,0.973516566773478,0.216199962267739
x2748126c,a,h001,0.190959825538835,0.995061778786669
x2748126c,b,h001,-0.191016920862206,-0.995110787131892
x3216358a,a,h001,0.708174130254976,-0.71085303177482
x3216358a,b,h001,-0.708182408728048,0.710927086444935
x2936276b,a,h001,-0.936263264815738,-0.402471631450636
x2936276b,b,h001,0.936336282521955,0.402451733271874
x2729207c,a,h001,0.190438614744788,1.012250758560407
x2729207c,b,h001,-0.190496479093676,-1.012300787773396
x2897768c,a,h001,0.156698560408174,0.989138479960547
x2897768c,b,h001,-0.156753387105673,-0.989188731387116
x2917255c,a,h001,0.147540120492349,1.018155635086342
x2917255c,b,h001,-0.14759576428071,-1.0182079880568
x2933120c,a,h001,0.193799851859948,0.996115402578157
x2933120c,b,h001,-0.193857161370353,-0.996164341980572
x2684420b,a,h001,-0.958172081462656,-0.216283308983012
x2684420b,b,h001,0.958237770799826,0.216251591808804
x2766723a,a,h001,0.70132351201189,-0.700072024156544
x2766723a,b,h001,-0.701331895663138,0.700145134914588
x3104120b,a,h001,-0.956586185217395,-0.319570834786057
x3104120b,b,h001,0.956656552976286,0.319545183758561
x3066813b,a,h001,-0.964508827176511,-0.217970613576534
x3066813b,b,h001,0.964574961667731,0.217938699012071
x2822860b,a,h001,-0.95720761381599,-0.215763171892856
x2822860b,b,h001,0.957273224337572,0.215731469895096
x2933135a,a,h001,0.71178292025338,-0.621181045006329
x2933135a,b,h001,-0.7117955776086,0.621250051255775
x3649298a,a,h001,0.716607689896777,-0.714259327939717
x3649298a,b,h001,-0.716616298684291,0.71433397165104
x3104130b,a,h001,-0.926613748131113,-0.296292715879246
x3104130b,b,h001,0.926681303781656,0.296267112204789
x2785538a,a,h001,0.715083996855776,-0.686162748436953
x2785538a,b,h001,-0.715093823259363,0.686235687198712
x3122849b,a,h001,-0.935363687069621,-0.301943675685421
x3122849b,b,h001,0.935432009980434,0.301917991391813
x2879794a,a,h001,0.769306426766341,-0.621346619172019
x2879794a,b,h001,-0.769322403007028,0.621418299043156
x2879069a,a,h001,0.72098303024561,-0.705294054004262
x2879069a,b,h001,-0.720992307098664,0.705368377471152
x3104113a,a,h001,0.773376300848306,-0.662887609052322
x3104113a,b,h001,-0.773390580605259,0.662961892918855
x2861222a,a,h001,0.769162755922136,-0.621281682673259
x2861222a,b,h001,-0.769178726874725,0.621353352113718
x3141411c,a,h001,0.184269075784827,0.99012411802277
x3141411c,b,h001,-0.184325552186602,-0.990173157206804
x3178982a,a,h001,0.698870481854819,-0.703404840029696
x3178982a,b,h001,-0.69887856860879,0.703478031067045
x3029498c,a,h001,0.161678439410304,0.997010019703016
x3029498c,b,h001,-0.161733921916206,-0.997060494035071
x2952013a,a,h001,0.708019746853433,-0.710746774499342
x2952013a,b,h001,-0.708028020279182,0.710820815023588
x2860488b,a,h001,-0.921733573896535,-0.29320132510777
x2860488b,b,h001,0.921800703835568,0.293175769629284
x2691945c,a,h001,0.175257928331124,1.006525832739059
x2691945c,b,h001,-0.175314643385844,-1.006576230584084
x3214549a,a,h001,0.717045839906365,-0.618563204662302
x3214549a,b,h001,-0.717058925745896,0.618632303704438
x2710536a,a,h001,0.705777786766533,-0.709566733076748
x2710536a,b,h001,-0.705785986452563,0.709640602055493
x2804956a,a,h001,0.706019321263422,-0.621541916295905
x2804956a,b,h001,-0.706031628664073,0.621610676758626
x3160105c,a,h001,0.175308614927804,1.005796294914093
x3160105c,b,h001,-0.175365299059244,-1.005846646995695
x3010563a,a,h001,0.69880641863754,-0.703353329375579
x3010563a,b,h001,-0.698814503203694,0.703426513901798
x3649297a,a,h001,0.716768741655432,-0.71432124746019
x3649297a,b,h001,-0.71677735687899,0.71439590222515
x2823611a,a,h001,0.822910380086127,-0.605245159448882
x2823611a,b,h001,-0.822930201942517,0.605318384791794
x2860487c,a,h001,0.175648921385662,1.010213971908531
x2860487c,b,h001,-0.175705830769437,-1.010264563677361
x3197629b,a,h001,-0.945422869432046,-0.308122707171936
x3197629b,b,h001,0.945492061040289,0.308096912425405
x2691943b,a,h001,-0.956833502348893,-0.215604483103982
x2691943b,b,h001,0.956899082763573,0.215572788917598
x2673311a,a,h001,0.706049956490636,-0.70980803998305
x2673311a,b,h001,-0.706058160696608,0.709881935588144
x2767343c,a,h001,0.098647395861108,1.011176264326608
x2767343c,b,h001,-0.098699871334179,-1.011230477168867
x2879063b,a,h001,-0.977840623552263,-0.227181442402233
x2879063b,b,h001,0.977907957133709,0.227149441520429
x3254219c,a,h001,0.185025010927812,1.00735912233358
x3254219c,b,h001,-0.185082332884461,-1.007409116316587
x3197653b,a,h001,-0.967976885134723,-0.247632032508783
x3197653b,b,h001,0.968044591619207,0.247601678004535
x3251806b,a,h001,-0.973557743572178,-0.216287821238805
x3251806b,b,h001,0.973624324742516,0.216255387328049
x2673308b,a,h001,-0.980002682000232,-0.228939113188505
x2673308b,b,h001,0.980070223364622,0.22890711407637
x3254203b,a,h001,-0.957319813239192,-0.215828731435728
x3254203b,b,h001,0.957385432192552,0.215797027599319
x2814529a,a,h001,0.702060268509564,-0.700290925760337
x2814529a,b,h001,-0.702068686680277,0.700364084774992
x2814529b,a,h001,-0.988562389166114,-0.237222762188793
x2814529b,b,h001,0.988630810511973,0.237190845484021
x2814529c,a,h001,0.184323902331457,0.992327461219927
x2814529c,b,h001,-0.184380484445153,-0.992376621802386
x2823592a,a,h001,0.842205694353462,-0.599749989343328
x2823592a,b,h001,-0.842226886129918,0.599823788898644
x2766718c,a,h001,0.178676429858193,1.009158086349942
x2766718c,b,h001,-0.178733466124811,-1.009208479723611
x2727795c,a,h001,0.175069811379312,1.008980490986921
x2727795c,b,h001,-0.175126629711565,-1.009031038234536
x2955055b,a,h001,-0.928819702198385,-0.348251948658501
x2955055b,b,h001,0.928889785110911,0.348229255249983
x2766722b,a,h001,-0.958832415878082,-0.21504700793599
x2766722b,b,h001,0.95889808748005,0.215015188646254
x2804957c,a,h001,0.098625152916567,1.011150708414817
x2804957c,b,h001,-0.098677626162214,-1.011204917502793
x3010570a,a,h001,0.747194320680166,-0.649264419428867
x3010570a,b,h001,-0.74720771873375,0.64933669817584
x3649299a,a,h001,0.716482021066538,-0.714204549093957
x3649299a,b,h001,-0.716490624233466,0.714279183128896
x2766717c,a,h001,0.175137763303907,1.008100482642584
x2766717c,b,h001,-0.175194544546827,-1.008150975406147
x3254870c,a,h001,0.14989283144358,1.017680704835787
x3254870c,b,h001,-0.149948589974431,-1.017732921477361
x2801895b,a,h001,-0.919583238767166,-0.291847840139701
x2801895b,b,h001,0.919650181530358,0.291822306403511
x2673320b,a,h001,-0.955886228711866,-0.212860017386302
x2673320b,b,h001,0.955951628592465,0.212828208479444
x3198358b,a,h001,-0.927993389101388,-0.343517218487066
x3198358b,b,h001,0.928063206715388,0.343494289781217
x3064514c,a,h001,0.098441264768446,1.012309439292342
x3064514c,b,h001,-0.098493781321765,-1.012363724379701
x2729429a,a,h001,0.71076236553157,-0.705810904632945
x2729429a,b,h001,-0.710771028216317,0.705884785910759
x2785525c,a,h001,0.175105378757509,1.008870471865206
x2785525c,b,h001,-0.175162193983323,-1.008921012332199
x2860492c,a,h001,0.184234129077184,1.008368427841733
x2860492c,b,h001,-0.18429145201307,-1.008418515560823
x2973154a,a,h001,0.721009763063669,-0.705310050919294
x2973154a,b,h001,-0.7210190409274,0.705384376839117
x2691973a,a,h001,0.710421152816159,-0.711713981980958
x2691973a,b,h001,-0.710429520379688,0.711788190176202
x3085394c,a,h001,0.155438222585802,1.001543355467447
x3085394c,b,h001,-0.155493553094859,-1.001594381147523
x2897791b,a,h001,-0.968074883169789,-0.247679779684777
x2897791b,b,h001,0.968142598853442,0.247649423937759
x2726983a,a,h001,0.69206097927799,-0.699937372572141
x2726983a,b,h001,-0.692068834439009,0.700010047616291
x2711234b,a,h001,-0.92819519112745,-0.343671468125321
x2711234b,b,h001,0.928265026282112,0.343648538247539
x3178980c,a,h001,0.183765780405029,1.005177178730028
x3178980c,b,h001,-0.183822927687786,-1.005227103608608
x3728039a,a,h001,0.717518944268297,-0.710619259886198
x3728039a,b,h001,-0.717527775058825,0.710693734127952
x2786266a,a,h001,0.790221037500181,-0.61431533808062
x2786266a,b,h001,-0.790238547784188,0.61438757658324
x2954338b,a,h001,-0.975505466055759,-0.217359005292333
x2954338b,b,h001,0.975572210615772,0.217326543176358
x3254869b,a,h001,-0.929024659066116,-0.319065514910755
x3254869b,b,h001,0.929093405014112,0.319041119046836
x3198356c,a,h001,0.155571440794356,1.000276246325584
x3198356c,b,h001,-0.155626720110515,-1.000327192574539
x2730163c,a,h001,0.146673634666972,1.015865630548931
x2730163c,b,h001,-0.146729121537002,-1.015917891190649
x3048965b,a,h001,-0.932842738305668,-0.359522533560749
x3048965b,b,h001,0.932913576345334,0.359500306800069
x3010561a,a,h001,0.717851024427078,-0.709001355781554
x3010561a,b,h001,-0.717859947921446,0.709075750130641
x3160102b,a,h001,-0.983662183022357,-0.221232935209028
x3160102b,b,h001,0.983729579204816,0.221200317841466
x3066806c,a,h001,0.156045074676048,0.995540167677405
x3066806c,b,h001,-0.15610016123356,-0.995590818166636
x3216361b,a,h001,-0.981597095375829,-0.220376253223742
x3216361b,b,h001,0.981664332313005,0.220343682362578
x2879092c,a,h001,0.184209474124583,0.990217892683765
x2879092c,b,h001,-0.18426595146887,-0.990266933430096
x3104117c,a,h001,0.193841033189848,0.995936955534111
x3104117c,b,h001,-0.193898336797877,-0.995985882715151
x2935568b,a,h001,-0.958836202063784,-0.216644593684953
x2935568b,b,h001,0.958901946573064,0.216612866527329
x2710530b,a,h001,-0.974318567963508,-0.251174475581674
x2710530b,b,h001,0.974386804645029,0.251144030689636
x2841618a,a,h001,0.716513902130313,-0.706398283396669
x2841618a,b,h001,-0.716522870178429,0.706472465018354
x3728043a,a,h001,0.717522875252925,-0.710620759393789
x3728043a,b,h001,-0.717531706201092,0.710695233904657
x2897765b,a,h001,-0.958680710253581,-0.216548227879874
x2897765b,b,h001,0.958746441301369,0.216516502376141
x2804283a,a,h001,0.77360968088755,-0.66295777857092
x2804283a,b,h001,-0.773623970879893,0.663032077325366
x3150961c,a,h001,0.149965583309904,1.017448826518655
x3150961c,b,h001,-0.150021335184254,-1.017501027915924
x2859391b,a,h001,-0.979601184447887,-0.219325619193501
x2859391b,b,h001,0.979668257191178,0.21929308036071
x3254206b,a,h001,-0.974812502886236,-0.216965617678779
x3254206b,b,h001,0.974879189119491,0.21693316502313
x3104122a,a,h001,0.773743958885138,-0.663023358032508
x3104122a,b,h001,-0.773758253594915,0.663097666818802
x3254218a,a,h001,0.759980066740561,-0.661654598060641
x3254218a,b,h001,-0.759993629090208,0.661728189908551
x2804255b,a,h001,-0.978465843968436,-0.226937509766162
x2804255b,b,h001,0.978533202515937,0.226905465594417
x2766748a,a,h001,0.706280319475866,-0.709890640878327
x2766748a,b,h001,-0.706288532311398,0.709964551413182
x2691938b,a,h001,-0.973226877979871,-0.216108039534558
x2691938b,b,h001,0.973293432717834,0.216075610996695
x3027671a,a,h001,0.717270452972775,-0.618657300232436
x3027671a,b,h001,-0.71728354606662,0.618726414414902
x2860501b,a,h001,-0.965037276103879,-0.219851778156068
x2860501b,b,h001,0.965103529170696,0.219819948545005
x2897764b,a,h001,-0.921409065548173,-0.292996381260813
x2897764b,b,h001,0.921476167208438,0.292970829023398
x3068944b,a,h001,-0.92921613984088,-0.348557164851724
x3068944b,b,h001,0.929286261118537,0.348534471371301
x2897781a,a,h001,0.756618430233524,-0.658857030407086
x2897781a,b,h001,-0.756631927115338,0.658930303156602
x2748132a,a,h001,0.694495543995562,-0.695925091586916
x2748132a,b,h001,-0.694503724714856,0.69599764466856
x2766727b,a,h001,-0.929231062383378,-0.297960572121435
x2766727b,b,h001,0.929298845736269,0.297934942657419
x2954339b,a,h001,-0.919715947211658,-0.291933592023382
x2954339b,b,h001,0.919782901628933,0.291908057074136
x2673316a,a,h001,0.741973944260215,-0.621527302192515
x2673316a,b,h001,-0.741988329578022,0.621597725475792
x3649304a,a,h001,0.716203642391852,-0.714103954256056
x3649304a,b,h001,-0.716212235034003,0.714178570234266
x2710508b,a,h001,-0.957247439580318,-0.215800697107724
x2710508b,b,h001,0.95731305304483,0.215768995017287
x2710520a,a,h001,0.761190241537451,-0.661862411285458
x2710520a,b,h001,-0.761203863340469,0.66193607079351
x3010567c,a,h001,0.175247118642277,1.00652600822003
x3010567c,b,h001,-0.175303833134416,-1.006576405340242
x2876798b,a,h001,-0.977053180003374,-0.226568086748585
x2876798b,b,h001,0.977120439618983,0.226536086965041
x3253570c,a,h001,0.096706279952654,1.021074104098756
x3253570c,b,h001,-0.096759103318278,-1.021128977600587
x3216350a,a,h001,0.701006114072651,-0.700057201523346
x3216350a,b,h001,-0.701014480055398,0.700130296731216
x2804257b,a,h001,-0.980864546081754,-0.220250026180371
x2804257b,b,h001,0.980931733718827,0.220217481747304
x3048937c,a,h001,0.098637999985186,1.01111678079752
x3048937c,b,h001,-0.098690472478934,-1.01117098780376
x2748157a,a,h001,0.706855309253465,-0.683771552016664
x2748157a,b,h001,-0.706864771966187,0.683843971604516
x3008237c,a,h001,0.17976304951509,1.021705839113809
x3008237c,b,h001,-0.179820732581251,-1.021756906160443
x3235258a,a,h001,0.70820059363733,-0.704161110941252
x3235258a,b,h001,-0.7082091840117,0.704234777196741
x3235258b,a,h001,-0.989457238367094,-0.237056715613045
x3235258b,b,h001,0.989525702609201,0.237024747027288
x3235258c,a,h001,0.185584013933498,0.997021076340286
x3235258c,b,h001,-0.185640887678897,-0.997070445502718
x2766738c,a,h001,0.18014834031672,1.020141086259696
x2766738c,b,h001,-0.180205973025334,-1.020192044995887
x2691948b,a,h001,-0.957780132383562,-0.214273673886094
x2691948b,b,h001,0.957845706196504,0.214241858344291
x2674052c,a,h001,0.155608394550505,1.00014045775966
x2674052c,b,h001,-0.155663669699699,-1.000191394447178
x3160868b,a,h001,-0.929953893771887,-0.351599315578904
x3160868b,b,h001,0.930024197065515,0.351576763385633
x3048889c,a,h001,0.098250458528599,1.013374000819719
x3048889c,b,h001,-0.098303013372576,-1.013428357545774
x3236004c,a,h001,0.146892474863755,1.018323155469686
x3236004c,b,h001,-0.146948088870222,-1.018375546887769
x3235255b,a,h001,-0.945063774227282,-0.307699185666436
x3235255b,b,h001,0.94513292454452,0.307673382879214
x3067447a,a,h001,0.710024159074022,-0.621291871011731
x3067447a,b,h001,-0.710036709607456,0.621360802298879
x2989432b,a,h001,-0.95967608893922,-0.217070301104782
x2989432b,b,h001,0.959741902870395,0.217038559922645
x2973164a,a,h001,0.745430499924414,-0.648366698895927
x2973164a,b,h001,-0.745443837470283,0.6484388434725
x3010565c,a,h001,0.175156154914184,1.007670991559064
x3010565c,b,h001,-0.175212917251955,-1.007721458636997
x2689678b,a,h001,-0.945263800434044,-0.307983410371584
x2689678b,b,h001,0.945332975478467,0.307957614746874
x2748840b,a,h001,-0.935748030111159,-0.401999037591171
x2748840b,b,h001,0.935820996575607,0.401979136492869
x2989566b,a,h001,-0.927060005205946,-0.305532219115624
x2989566b,b,h001,0.927128012283461,0.30550712998745
x3141388c,a,h001,0.175023848196958,1.009463338540782
x3141388c,b,h001,-0.175080686197874,-1.009513915381225
x2673317a,a,h001,0.698816554755596,-0.698455170254429
x2673317a,b,h001,-0.698824867721649,0.698528070426192
x2822870c,a,h001,0.187053574568388,1.001258382433916
x2822870c,b,h001,-0.187110730859178,-1.001307928566724
x2745799c,a,h001,0.190358290807991,1.007403021234433
x2745799c,b,h001,-0.190415925044806,-1.007452770904877
x2786274c,a,h001,0.154330375484637,1.011914806739356
x2786274c,b,h001,-0.154386123909865,-1.011966484632389
x2897772a,a,h001,0.752436708703096,-0.655393162877481
x2897772a,b,h001,-0.752450125006433,0.655466040819045
x2935566c,a,h001,0.179786101098013,1.021671134461446
x2935566c,b,h001,-0.17984378389104,-1.021722198434444
x3091052a,a,h001,0.694406832736273,-0.695907071082133
x3091052a,b,h001,-0.694415011049966,0.695979620315042
x3010566c,a,h001,0.175353519311062,1.005264735294542
x3010566c,b,h001,-0.175410181332468,-1.005315054562939
x3104131a,a,h001,0.745889824707337,-0.648608882329809
x3104131a,b,h001,-0.745903178726187,0.648681063039141
x3216336a,a,h001,0.70935620835749,-0.711097272384785
x3216336a,b,h001,-0.709364543846834,0.711171395962082
x2858166a,a,h001,0.728197569103797,-0.718209952504489
x2858166a,b,h001,-0.728206662704024,0.718285360899595
x2748128c,a,h001,0.156459225943949,0.991538966573351
x2748128c,b,h001,-0.156514150385184,-0.991589367855337
x2673318c,a,h001,0.188489615081535,1.018589838508731
x2673318c,b,h001,-0.188547660829103,-1.018640321471094
x2973169a,a,h001,0.698133448908223,-0.702981015432773
x2973169a,b,h001,-0.69814151186532,0.703054147166117
x3160106a,a,h001,0.70111466019003,-0.69980836641479
x3160106a,b,h001,-0.701123044024579,0.699881452176447
x2842384c,a,h001,0.130009029121175,1.023397965408595
x2842384c,b,h001,-0.130063897234081,-1.023451431049167
x2767341c,a,h001,0.14966845683189,1.017867982760126
x2767341c,b,h001,-0.149724210922072,-1.017920222142649
x3189188c,a,h001,0.184401166993309,0.992773966179525
x3189188c,b,h001,-0.1844577743675,-0.992823148994095
x2710544a,a,h001,0.694996139659961,-0.696223588237662
x2710544a,b,h001,-0.695004335449376,0.696296181843064
x3160123a,a,h001,0.717712715100288,-0.708723847282524
x3160123a,b,h001,-0.71772164349924,0.708798219094234
x2991927b,a,h001,-0.973473361814886,-0.216235298450808
x2991927b,b,h001,0.973539936714108,0.216202865812634
x3122847a,a,h001,0.70740862289819,-0.710512956587109
x3122847a,b,h001,-0.707416872057631,0.71058695552516
x3008232b,a,h001,-0.982915653147914,-0.220773990161156
x3008232b,b,h001,0.982982983272398,0.220741380187022
x3179607b,a,h001,-0.928716162527305,-0.316522416961263
x3179607b,b,h001,0.92878477419501,0.316497888528747
x2673346c,a,h001,0.184213136237453,1.005483851035462
x2673346c,b,h001,-0.184270323757675,-1.005533774174477
x3104127b,a,h001,-0.966024189341257,-0.218743385053405
x3104127b,b,h001,0.966090448408521,0.218711445121191
x3195321a,a,h001,0.696784580378365,-0.620990621995917
x3195321a,b,h001,-0.696796378513059,0.621058922361849
x2673303c,a,h001,0.193737257315634,0.996273705248282
x2673303c,b,h001,-0.193794570611501,-0.996322653840986
x2895461a,a,h001,0.706470101657827,-0.710051461275967
x2895461a,b,h001,-0.706478318844811,0.710125390478445
x3027116a,a,h001,0.751250037270897,-0.653646485745886
x3027116a,b,h001,-0.751263466146841,0.65371920715269
x2992657a,a,h001,0.769271601236288,-0.621323652378444
x2992657a,b,h001,-0.76928757549219,0.621395328681353
x3104154c,a,h001,0.156769538504554,0.988555939518233
x3104154c,b,h001,-0.156824342142246,-0.988606155646691
x3010580b,a,h001,-0.980623552972779,-0.220258256489533
x3010580b,b,h001,0.980690727023658,0.220225723763261
x3727710a,a,h001,0.717953545553509,-0.71078469243122
x3727710a,b,h001,-0.717962393788485,0.710859196405442
x2692664c,a,h001,0.154963259135923,1.006182882018674
x2692664c,b,h001,-0.155018777832027,-1.006234197948988
x3215385a,a,h001,0.744698489196254,-0.622056841812459
x3215385a,b,h001,-0.744713009772712,0.622127423533334
x3215385b,a,h001,-0.912596885273234,-0.326801663896509
x3215385b,b,h001,0.912665039507288,0.326778484483149
x3215385c,a,h001,0.162352327092007,0.995350022715604
x3215385c,b,h001,-0.162407771538761,-0.995400373274556
x2860493a,a,h001,0.701355192051582,-0.700084268743244
x2860493a,b,h001,-0.701363576965657,0.700157381679354
x3177881c,a,h001,0.190907639220105,1.005699224471358
x3177881c,b,h001,-0.190965226182638,-1.005748850209533
x3727709a,a,h001,0.717979508195838,-0.710794577097601
x3727709a,b,h001,-0.717988357472842,0.710869082848123
x2785528b,a,h001,-0.949742960950766,-0.310908671628119
x2785528b,b,h001,0.949812531759212,0.310882837129718
x2973171b,a,h001,-0.972048483429641,-0.24990008260739
x2973171b,b,h001,0.972116530669717,0.249869669965742
x2785523c,a,h001,0.175006917008444,1.009684749868268
x2785523c,b,h001,-0.175063764436012,-1.00973534074832
x3649300a,a,h001,0.716363729917606,-0.714165522048063
x3649300a,b,h001,-0.716372328956363,0.714240149014815
x2748133c,a,h001,0.175411167937922,1.004513705122826
x2748133c,b,h001,-0.175467798383308,-1.004563978298517
x3233353a,a,h001,0.70627654917527,-0.709927115793443
x3233353a,b,h001,-0.706284760096357,0.710001028274639
x2785547b,a,h001,-0.957522779987807,-0.214074786730255
x2785547b,b,h001,0.957588330800857,0.214042972052043
x2897800b,a,h001,-0.959918488774947,-0.217214410572025
x2897800b,b,h001,0.95998432169675,0.217182665645798
x2991939b,a,h001,-0.979250935727503,-0.228324402632881
x2991939b,b,h001,0.97931840383559,0.228292402363356
x2948732b,a,h001,-0.972888807249426,-0.215892138651826
x2948732b,b,h001,0.972955331377472,0.21585971294821
x0247162b,a,h001,-0.944359329205655,-0.307166925877388
x0247162b,b,h001,0.944428414996175,0.307141125263693
x2879065b,a,h001,-0.945443079577616,-0.308152261751324
x2879065b,b,h001,0.945512273155316,0.308126467332201
x3104121a,a,h001,0.773384293079751,-0.662890016666308
x3104121a,b,h001,-0.773398573187006,0.662964301042954
x2763153a,a,h001,0.75003801202125,-0.652330676095059
x2763153a,b,h001,-0.750051432884757,0.652403265334438
x2766724c,a,h001,0.186762818918389,1.000460373449984
x2766724c,b,h001,-0.186819921184063,-1.000509886901432
x2805031c,a,h001,0.148328142445738,1.015039050549135
x2805031c,b,h001,-0.148383686989304,-1.015091188379522
x2805036b,a,h001,-0.968203386850726,-0.33852200256142
x2805036b,b,h001,0.968275303288106,0.338496908812891
x3197625c,a,h001,0.167974978416107,1.021345879966084
x3197625c,b,h001,-0.168031959176098,-1.021397470585891
x3142049c,a,h001,0.157562931777451,1.016422027833671
x3142049c,b,h001,-0.157619077840669,-1.016473815107888
x3342743c,a,h001,0.190211537866441,1.010940538759571
x3342743c,b,h001,-0.190269327990004,-1.010990498092508
x2785524c,a,h001,0.175150315832753,1.007759074688462
x2785524c,b,h001,-0.175207082041925,-1.007809547586024
x2973166c,a,h001,0.184236654973933,0.992049684163915
x2973166c,b,h001,-0.184293219090917,-0.992098829547411
x3225319b,a,h001,-0.91953848389934,-0.291808344623612
x3225319b,b,h001,0.919605423674777,0.291782811388998
x3270814a,a,h001,0.709206809435849,-0.711008632383452
x3270814a,b,h001,-0.709215140405941,0.711082743892707
x3122814c,a,h001,0.190908605966585,1.015360010920139
x3122814c,b,h001,-0.190966642270356,-1.015410193972919
x2897770c,a,h001,0.156484275979917,0.991321774420794
x2897770c,b,h001,-0.156539191775,-0.991372161986889
x3197634b,a,h001,-0.985599829677206,-0.22205191350051
x3197634b,b,h001,0.98566737726316,0.222019253874269
x3030204a,a,h001,0.820282441709251,-0.605956119597063
x3030204a,b,h001,-0.820302079456541,0.606029264908486
x3102286b,a,h001,-0.924258709111081,-0.303689028122044
x3102286b,b,h001,0.924326475534809,0.30366396634561
x2801909c,a,h001,0.08036810339666,1.039465881540645
x2801909c,b,h001,-0.080420832736665,-1.039522573023124
x3122811a,a,h001,0.717118058156214,-0.70749556856727
x3122811a,b,h001,-0.717127010120378,0.707569841952982
x2822869a,a,h001,0.71840377514923,-0.710421228976112
x2822869a,b,h001,-0.718412665424796,0.710495731979976
x3086098a,a,h001,0.796851842805651,-0.612478079984316
x3086098a,b,h001,-0.796869824923325,0.612550520291765
x3120504a,a,h001,0.688309117290062,-0.697969715726145
x3120504a,b,h001,-0.68831684509464,0.698042101426652
x3727712a,a,h001,0.718010695690703,-0.710799955804512
x3727712a,b,h001,-0.718019545616208,0.710874462636117
x3101789a,a,h001,0.699299308352103,-0.703658643405686
x3101789a,b,h001,-0.699307408104472,0.703731869045455
x3254210c,a,h001,0.180814496986013,1.008775119706449
x3254210c,b,h001,-0.18087163992098,-1.00882538921
x2730187a,a,h001,0.792312305751105,-0.613632644933513
x2730187a,b,h001,-0.79232997059453,0.613704941589766
x3216367b,a,h001,-0.978629954598889,-0.227814777972653
x3216367b,b,h001,0.978697363178865,0.227782777064253
x2710509c,a,h001,0.156039781578338,0.995576918096221
x2710509c,b,h001,-0.156094869537495,-0.995627570955273
x3066805a,a,h001,0.716331834943698,-0.706293761212422
x3066805a,b,h001,-0.716340797321508,0.706367928330056
x3197661c,a,h001,0.190224630094134,1.010780738259072
x3197661c,b,h001,-0.190282413668262,-1.010830688191559
x3179608c,a,h001,0.163701074043101,1.020643779149626
x3179608c,b,h001,-0.163757773419296,-1.020695529658064
x2916234a,a,h001,0.69641575810943,-0.697050818020538
x2916234a,b,h001,-0.696423997303538,0.697123525117988
x3085402a,a,h001,0.745028246838321,-0.648184722374842
x3085402a,b,h001,-0.745041571777039,0.648256839183029
x2875754c,a,h001,0.154702475851747,1.008488802380673
x2875754c,b,h001,-0.15475808646407,-1.008540268026778
x2860478b,a,h001,-0.975600940329677,-0.21740742819031
x2860478b,b,h001,0.975667691621902,0.217374964049268
x2766732b,a,h001,-0.944206079898723,-0.307036762546325
x2766732b,b,h001,0.944275150220436,0.30701096107965
x3198355b,a,h001,-0.92819340197548,-0.343690056574068
x3198355b,b,h001,0.92826323632208,0.343667126845139
x3065665a,a,h001,0.698031362222118,-0.621635542319174
x3065665a,b,h001,-0.698043203520494,0.62170393851195
x2897771b,a,h001,-0.927941954983414,-0.343497593478276
x2897771b,b,h001,0.928011766412523,0.343474664781072
x2785516b,a,h001,-0.968531495480709,-0.338734024122212
x2785516b,b,h001,0.968603441253913,0.338708927807207
x2729206c,a,h001,0.190416807245238,1.01239563738959
x2729206c,b,h001,-0.190474677012041,-1.01244567453276
x3195310a,a,h001,0.744936007429414,-0.648128706250951
x3195310a,b,h001,-0.744949328618621,0.648200814870626
x3232301c,a,h001,0.200354922171459,0.989462615618942
x3232301c,b,h001,-0.200412303761565,-0.989510871991024
x3048946c,a,h001,0.120263842660185,1.025815778061708
x3048946c,b,h001,-0.120318256646253,-1.025869834850708
x2861157c,a,h001,0.096807273099859,1.020772900474391
x2861157c,b,h001,-0.096860088322103,-1.020827751883616
x3029183b,a,h001,-0.955964801354264,-0.212925924576707
x3029183b,b,h001,0.956030207725967,0.212894115418671
x3085396a,a,h001,0.761089439419961,-0.661822957790667
x3085396a,b,h001,-0.761103058098657,0.66189661079699
x2748146a,a,h001,0.774313219100375,-0.663297323287382
x2748146a,b,h001,-0.774327533150253,0.663371673928421
x2691954b,a,h001,-0.935903904404273,-0.302281883999343
x2691954b,b,h001,0.935972275308845,0.302256194650487
x2895449c,a,h001,0.190619187469582,1.01387110253436
x2895449c,b,h001,-0.190677137661184,-1.013921214092383
x2991911c,a,h001,0.174223402113637,1.012037269006384
x2991911c,b,h001,-0.174280313377896,-1.012088032176514
x2785515c,a,h001,0.156773892484802,0.988321245562483
x2785515c,b,h001,-0.156828685548106,-0.988371446256553
x2804262a,a,h001,0.711796100055731,-0.712522722328221
x2804262a,b,h001,-0.711804509542576,0.712597041182537
x0247160b,a,h001,-0.944437528154898,-0.307237152731359
x0247160b,b,h001,0.944506621723594,0.307211352546211
x2785537a,a,h001,0.706890953288169,-0.6837706761904
x2785537a,b,h001,-0.706900416195474,0.683843096107628
x3122819c,a,h001,0.175442851546318,1.004482618066279
x3122819c,b,h001,-0.175499482269352,-1.004532890794209
x2804245b,a,h001,-0.973714571524515,-0.216359329179401
x2804245b,b,h001,0.97378116613029,0.216326892499352
x2879068b,a,h001,-0.96387531758804,-0.219246455773136
x2879068b,b,h001,0.963941475363043,0.219214645183101
x2767409b,a,h001,-0.929884495638309,-0.351530233322289
x2767409b,b,h001,0.929954791715847,0.351507680358107
x2685809a,a,h001,0.729461957613684,-0.718815659987926
x2685809a,b,h001,-0.729471096385719,0.718891162400931
x3197637c,a,h001,0.176217709700489,1.009983848375736
x3197637c,b,h001,-0.176274641351823,-1.010034400062305
x3066818b,a,h001,-0.951601972812152,-0.312096592179004
x3066818b,b,h001,0.951671707283451,0.312070740425565
x2763407c,a,h001,0.096769057753013,1.020887321082449
x2763407c,b,h001,-0.096821876077453,-1.020942180877236
x2711226b,a,h001,-0.93101779055775,-0.353243968841212
x2711226b,b,h001,0.931088231521948,0.353221462418177
x3160109b,a,h001,-0.989900868103626,-0.236027792791262
x3160109b,b,h001,0.989969309277111,0.235995743325902
x2710516a,a,h001,0.698157106465768,-0.703579078291823
x2710516a,b,h001,-0.698165143853859,0.703652246448562
x3197641a,a,h001,0.713600891403088,-0.707641361060548
x3197641a,b,h001,-0.713609632296388,0.707715479619014
x2954351c,a,h001,0.175407731257237,1.004570173576505
x2954351c,b,h001,-0.175464364128987,-1.004620450176257
x2804272b,a,h001,-0.974826224440772,-0.251454734414826
x2804272b,b,h001,0.97489450349466,0.251424282128887
x2785519a,a,h001,0.77380351003179,-0.663052443242434
x2785519a,b,h001,-0.773817806833652,0.663126756477841
x2955006c,a,h001,0.163650010233641,1.021061202289754
x2955006c,b,h001,-0.163706726135841,-1.021112977790557
x3104123c,a,h001,0.190401728647554,1.012731374459288
x3104123c,b,h001,-0.190459613231804,-1.01278142898177
x2729414a,a,h001,0.70498793698519,-0.702140712775801
x2729414a,b,h001,-0.70499643636868,0.702214113405804
x2729414b,a,h001,-0.989165616038092,-0.237165537559204
x2729414b,b,h001,0.989234067157025,0.23713358837429
x2729414c,a,h001,0.184896546926734,0.994931033220255
x2729414c,b,h001,-0.184953283435327,-0.9949803146352
x2692660a,a,h001,0.772938464705786,-0.618403700350481
x2692660a,b,h001,-0.772954788918572,0.618475377822683
x2897793a,a,h001,0.715022967565932,-0.686116712628152
x2897793a,b,h001,-0.715032791459294,0.686189645059237
x3235266c,a,h001,0.17537925142913,1.005085144252793
x3235266c,b,h001,-0.17543590653711,-1.005135453186638
x2915534a,a,h001,0.716929349801758,-0.707037113006204
x2915534a,b,h001,-0.716938313087983,0.707111351681256
x2804259a,a,h001,0.747337713343909,-0.649010915223254
x2804259a,b,h001,-0.747351132394693,0.649083186352493
x2764399b,a,h001,-0.982905654698975,-0.220759941339064
x2764399b,b,h001,0.982972984180035,0.220727331394016
x2822863c,a,h001,0.156685900799189,0.989120558159439
x2822863c,b,h001,-0.15674072589711,-0.989170807331075
x3217057a,a,h001,0.833531877021522,-0.602208414937376
x3217057a,b,h001,-0.833552453900114,0.602281955563507
x3215203a,a,h001,0.717342789191206,-0.618259648150741
x3215203a,b,h001,-0.71735590631126,0.618328743277006
x3215203b,a,h001,-0.92469834370913,-0.304240017553587
x3215203b,b,h001,0.924766158051652,0.304214965552949
x3215203c,a,h001,0.152825305095463,1.016117566440037
x3215203c,b,h001,-0.152881161371858,-1.016169560000312
x3048221a,a,h001,0.701131507928878,-0.700083469131694
x3048221a,b,h001,-0.701139879942516,0.700156571669849
x2767408c,a,h001,0.139786792994454,1.019220142363046
x2767408c,b,h001,-0.139842035476125,-1.019272914436162
x3122848c,a,h001,0.190227317501411,1.010769337007663
x3122848c,b,h001,-0.19028510070168,-1.010819286156537
x2841635a,a,h001,0.719155310277367,-0.710884485387541
x2841635a,b,h001,-0.71916422164706,0.710959049599477
x2973162b,a,h001,-0.931848023890232,-0.29960993662699
x2973162b,b,h001,0.931916035160793,0.299584280844264
x3122821b,a,h001,-0.984988401501055,-0.232441618532925
x3122821b,b,h001,0.98505639230512,0.23240958985035
x3123452c,a,h001,0.148482812628434,1.018095473531284
x3123452c,b,h001,-0.14853850844536,-1.018147779402448
x3029500a,a,h001,0.698195277756826,-0.70301206714501
x3029500a,b,h001,-0.698203343725868,0.703085204097912
x3216344b,a,h001,-0.965023928723326,-0.219821298305199
x3216344b,b,h001,0.965090182393401,0.2197894686675
x2748125c,a,h001,0.193748508002263,0.996268981208945
x2748125c,b,h001,-0.193805821699202,-0.996317930268623
x2785520b,a,h001,-0.947746504961326,-0.309632444172853
x2785520b,b,h001,0.947815900484898,0.309606628254595
x3104119a,a,h001,0.718352148441356,-0.709985343363758
x3104119a,b,h001,-0.718361056001584,0.71005981863396
x2710517a,a,h001,0.698428465339647,-0.698227635627212
x2710517a,b,h001,-0.698436766441445,0.69830050460783
x3048227a,a,h001,0.717850544945728,-0.709005844521704
x3048227a,b,h001,-0.717859469043218,0.709080239623805
x3048209b,a,h001,-0.95587094767785,-0.212848708760158
x3048209b,b,h001,0.955936346150724,0.21281689990917
x3216370a,a,h001,0.753924752341138,-0.656429698684242
x3216370a,b,h001,-0.753938206278717,0.656502705532092
x3216370b,a,h001,-0.94445270859819,-0.307360979491294
x3216370b,b,h001,0.9445218081964,0.307335185334391
x3216370c,a,h001,0.184342672834213,1.006026981973162
x3216370c,b,h001,-0.184399893076464,-1.006076928831329
x3066819a,a,h001,0.752415038257603,-0.655392428664598
x3066819a,b,h001,-0.752428454240574,0.655465306037011
x2673314c,a,h001,0.190908728840816,1.006417525153468
x2673314c,b,h001,-0.190966349187468,-1.006467190691602
x3197643b,a,h001,-0.92926002371044,-0.297968720850127
x3197643b,b,h001,0.929327810194372,0.297943091028192
x2803194c,a,h001,0.200277394109894,0.989704094436351
x2803194c,b,h001,-0.200334782343707,-0.989752363411815
x2916617b,a,h001,-0.970025311794189,-0.248773303379734
x2916617b,b,h001,0.970093189722096,0.248742919638056
x3778577c,a,h001,0.19628189774208,0.99506451743782
x3778577c,b,h001,-0.196339302812095,-0.995113279606657
x2991916b,a,h001,-0.956084738776229,-0.213007225512372
x2991916b,b,h001,0.956150156958003,0.212975415897264
x2897554c,a,h001,0.190460310678592,1.011977533983783
x2897554c,b,h001,-0.19051816358432,-1.012027546397829
x3141397b,a,h001,-0.961337131254199,-0.21790962080333
x3141397b,b,h001,0.961403080202945,0.217877850919068
x2916608c,a,h001,0.190715178155059,1.000071381281128
x2916608c,b,h001,-0.190772492126402,-1.0001206888508
x3082983b,a,h001,-0.971723851467964,-0.249719203514439
x3082983b,b,h001,0.971791871536924,0.249688795505283
x2804248b,a,h001,-0.959093821654511,-0.216769550815074
x2804248b,b,h001,0.959159586238397,0.216737818503153
x2841639a,a,h001,0.711481161804036,-0.712347968616651
x2841639a,b,h001,-0.711489562041424,0.712422263257396
x3197645a,a,h001,0.757747289625057,-0.659849840391512
x3197645a,b,h001,-0.757760806749876,0.659923223895485
x2730108c,a,h001,0.094817020659833,1.030433654305997
x2730108c,b,h001,-0.094870169845805,-1.030489155376759
x2897806c,a,h001,0.156745694126292,0.988539687234826
x2897806c,b,h001,-0.156800495790459,-0.988589900549542
x3178977c,a,h001,0.175306313157675,1.005823851406206
x3178977c,b,h001,-0.175362998436835,-1.005874205187667
x2841631c,a,h001,0.184213151514514,0.990667296499788
x2841631c,b,h001,-0.184269649973279,-0.990716363055647
x3235945c,a,h001,0.163663786544271,1.02089559177305
x3235945c,b,h001,-0.163720495545158,-1.0209473570599
x2748839b,a,h001,-0.928960047110243,-0.348409183307551
x2748839b,b,h001,0.929030143877986,0.34838649146246
x2989571a,a,h001,0.688095236945253,-0.697885854994512
x2989571a,b,h001,-0.688102956279979,0.697958225921393
x3552667c,a,h001,0.141813922571951,1.019388327710278
x3552667c,b,h001,-0.141869290670576,-1.019441016921384
x3216347c,a,h001,0.174989199213608,1.009896313979903
x3216347c,b,h001,-0.175046055450004,-1.009946917913044
x2897789b,a,h001,-0.968464245806589,-0.247910116423037
x2897789b,b,h001,0.968531992359362,0.247879754924275
x3160100b,a,h001,-0.959057598837809,-0.216735549837731
x3160100b,b,h001,0.959123360378071,0.216703817640784
x2973156b,a,h001,-0.967759656505066,-0.219651549978365
x2973156b,b,h001,0.967826057027115,0.219619581475068
x3048214a,a,h001,0.744919933686788,-0.64812078339413
x3048214a,b,h001,-0.744933254314894,0.648192890808785
x2766719a,a,h001,0.72320793571929,-0.712924253343579
x2766719a,b,h001,-0.723216987487921,0.712999124237808
x2729401b,a,h001,-0.974147931085827,-0.216591461071106
x2729401b,b,h001,0.974214560483608,0.216559017280997
x2991640c,a,h001,0.156245193581025,0.993523603968043
x2991640c,b,h001,-0.156300197865125,-0.99357412811443
x3139366a,a,h001,0.814627212290024,-0.607055902678254
x3139366a,b,h001,-0.814646471949292,0.607128849950429
x2728247a,a,h001,0.717349893742095,-0.618200295411928
x2728247a,b,h001,-0.717363010156275,0.618269385058743
x2728247b,a,h001,-0.92460870249639,-0.304222657952189
x2728247b,b,h001,0.924676508027435,0.304197607668858
x2728247c,a,h001,0.152786302337044,1.016106028022498
x2728247c,b,h001,-0.152842155890817,-1.016158018054115
x2673306c,a,h001,0.156762629630816,0.988483698708576
x2673306c,b,h001,-0.156817429596002,-0.988533909315681
x2954357a,a,h001,0.710351069650351,-0.711692609361621
x2954357a,b,h001,-0.710359435913489,0.71176681428679
x3141395c,a,h001,0.196286027767348,0.995046303553877
x3141395c,b,h001,-0.196343432230657,-0.995095064478612
x2876796a,a,h001,0.721162881965329,-0.705397520971156
x2876796a,b,h001,-0.721172164618495,0.705471859064314
x3197642c,a,h001,0.184203794847599,0.990847891405237
x3197642c,b,h001,-0.184260301205458,-0.990896967546816
x3254873c,a,h001,0.097854003026697,1.014628539808832
x3254873c,b,h001,-0.097906593348465,-1.014682986193893
x2822858b,a,h001,-0.975572864691087,-0.217384162539741
x2822858b,b,h001,0.975639614318786,0.217351698743113
x3728040a,a,h001,0.71748283996072,-0.710605503463342
x3728040a,b,h001,-0.717491669302675,0.710679975234319
x3157710b,a,h001,-0.962115197038317,-0.218345988647391
x3157710b,b,h001,0.962181210149394,0.21831420741844
x2710514b,a,h001,-0.96380619348954,-0.219212815313402
x2710514b,b,h001,0.963872345705166,0.219181005992462
x2763072b,a,h001,-0.926115192871694,-0.295976464164304
x2763072b,b,h001,0.926182705011076,0.295950865387671
x2710519a,a,h001,0.752480533601929,-0.655414149637198
x2710519a,b,h001,-0.752493951228437,0.655487030547559
x3727711a,a,h001,0.718037737026161,-0.710803537123075
x3727711a,b,h001,-0.718046587513655,0.710878044901524
x2691936a,a,h001,0.709306109040318,-0.711057516937858
x2691936a,b,h001,-0.709314442633743,0.711131635357111
x2841638c,a,h001,0.184230423260726,1.008383763852499
x2841638c,b,h001,-0.184287746694247,-1.008433852629838
x3254209c,a,h001,0.192847069927786,0.998866230500872
x3254209c,b,h001,-0.192904451928229,-0.998915373019425
x3010557a,a,h001,0.748404180895279,-0.685261164027262
x3010557a,b,h001,-0.748415975475991,0.685335592269127
x2820528c,a,h001,0.190356277988939,1.00741159556764
x2820528c,b,h001,-0.190413912507393,-1.007461345826978
x3251808a,a,h001,0.690819764086931,-0.699173415621533
x3251808a,b,h001,-0.690827581116482,0.699245987496243
x3649305a,a,h001,0.71622564792945,-0.714099245110455
x3649305a,b,h001,-0.716234240332378,0.714173860642926
x3157718a,a,h001,0.754257639376197,-0.685087628597021
x3157718a,b,h001,-0.754269780582824,0.685162317754645
x3010569a,a,h001,0.752573753722178,-0.65548468036276
x3010569a,b,h001,-0.752587175579742,0.655557571088615
x2785527a,a,h001,0.753996514733545,-0.656508740160146
x2785527a,b,h001,-0.754009969380566,0.656581755207488
x3047073c,a,h001,0.200266386474558,0.989666059240108
x3047073c,b,h001,-0.200323772318835,-0.989714324904054
x3649306a,a,h001,0.716433329394941,-0.714192282419557
x3649306a,b,h001,-0.716441931214996,0.714266914163284
x2973161a,a,h001,0.713521635495076,-0.707624546573758
x2973161a,b,h001,-0.713530374355072,0.707698661695865
x2688692b,a,h001,-0.916767516981191,-0.33129279928412
x2688692b,b,h001,0.91683611661474,0.331269683759433
x3254220c,a,h001,0.185029348990584,1.007341075253606
x3254220c,b,h001,-0.18508667036031,-1.007391067992417
x3141389a,a,h001,0.709231621959503,-0.711012880532259
x3141389a,b,h001,-0.709239953320108,0.711086992908768
x3197618a,a,h001,0.709224922350628,-0.711009744603167
x3197618a,b,h001,-0.709233253469536,0.71108385648727
x3143999a,a,h001,0.717091227514607,-0.706942276332856
x3143999a,b,h001,-0.717100203657958,0.707016516305422
x2691949b,a,h001,-0.966018093030517,-0.218740222263147
x2691949b,b,h001,0.966084351598428,0.218708282431483
x3066807c,a,h001,0.156249659139479,0.993480380234795
x3066807c,b,h001,-0.156304661672658,-0.993530901675334
x2876812a,a,h001,0.689589463381743,-0.698470323269806
x2876812a,b,h001,-0.689597241954902,0.698542797327825
x2841634b,a,h001,-0.955884802021485,-0.212848688596832
x2841634b,b,h001,0.955950202714587,0.212816879647504
x3235245c,a,h001,0.192820993514743,0.998886073898061
x3235245c,b,h001,-0.192878374990389,-0.998935215933323
x3104135a,a,h001,0.747427186803762,-0.648673740343016
x3104135a,b,h001,-0.74744062578166,0.648745995515726
x2952014a,a,h001,0.706708446931231,-0.71018015159417
x2952014a,b,h001,-0.706716671067142,0.710254098776626
x3048205c,a,h001,0.155742613688932,0.998652678188348
x3048205c,b,h001,-0.155797827356852,-0.998703523914358
x2861223b,a,h001,-0.936056953460536,-0.402308932324296
x2861223b,b,h001,0.936129953059966,0.402289035331364
x2936268c,a,h001,0.099316585782835,1.033165211693295
x2936268c,b,h001,-0.09937012368949,-1.033220662632899
x2879055c,a,h001,0.175103351823926,1.008508002504183
x2879055c,b,h001,-0.175160150018304,-1.008558520424393
x2690941b,a,h001,-0.955511080969954,-0.214910062569394
x2690941b,b,h001,0.955576553783868,0.214878390129919
x2897773a,a,h001,0.722563356025599,-0.711280581854002
x2897773a,b,h001,-0.72257244591439,0.71135532655892
x3104850c,a,h001,0.141849771726381,1.019263757617714
x3104850c,b,h001,-0.141905136115167,-1.019316437966416
x3139086b,a,h001,-0.957374563997449,-0.213964781443606
x3139086b,b,h001,0.9574401011416,0.213932967288731
x3727707a,a,h001,0.718243224736523,-0.710888444725297
x3727707a,b,h001,-0.718252083997256,0.710962967464143
x3030126c,a,h001,0.149887673805785,1.017726589756568
x3030126c,b,h001,-0.149943434171031,-1.017778809290143
x2879079b,a,h001,-0.927109985122228,-0.296618012055255
x2879079b,b,h001,0.927177583483055,0.296592403592582
x3066821a,a,h001,0.698361519254257,-0.703110532514354
x3066821a,b,h001,-0.698369590258809,0.703183682885738
x3254204a,a,h001,0.718391095710317,-0.71031892013419
x3254204a,b,h001,-0.718399989174203,0.710393416089939
x2748135a,a,h001,0.747255841780592,-0.649297806783825
x2748135a,b,h001,-0.747269242759982,0.649370090809106
x2841623a,a,h001,0.69879747821211,-0.703349843015532
x2841623a,b,h001,-0.698805562423288,0.703423026925283
x2954349b,a,h001,-0.959527254122195,-0.215405860921126
x2954349b,b,h001,0.959592982561114,0.215374030074783
x2801902b,a,h001,-0.97088998836585,-0.249243034667327
x2801902b,b,h001,0.970957939408852,0.249212638435886
x2729434b,a,h001,-0.981585373865784,-0.220379038266735
x2729434b,b,h001,0.981652609236739,0.220346467733899
x3048962a,a,h001,0.763946419526322,-0.618926418945495
x3048962a,b,h001,-0.763962198375494,0.618997709816466
x2857591a,a,h001,0.707542146826981,-0.710564675043435
x2857591a,b,h001,-0.707550401304792,0.710638683168252
x3048890c,a,h001,0.098116939895106,1.01377357438678
x3048890c,b,h001,-0.098169505568778,-1.013827960398119
x2936211c,a,h001,0.146891919824785,1.01832837637938
x2936211c,b,h001,-0.14694753404183,-1.018380768125072
x2820535b,a,h001,-0.979233320218267,-0.255053089795092
x2820535b,b,h001,0.979302021937447,0.255022641345981
x3097861c,a,h001,0.167983564224044,1.02132200520713
x3097861c,b,h001,-0.168040544263737,-1.02137359361094
x3141390b,a,h001,-0.920516824336457,-0.29243138798297
x3141390b,b,h001,0.920583848174956,0.292405844570363
x3141412a,a,h001,0.698326256222903,-0.703083970323928
x3141412a,b,h001,-0.698334325543754,0.703157116966582
x2991920a,a,h001,0.746381158072368,-0.648848700416622
x2991920a,b,h001,-0.746394528429975,0.648920917333416
x3160861c,a,h001,0.141429511301485,1.019611671510437
x3160861c,b,h001,-0.141484867433569,-1.019664389769435
x2876813a,a,h001,0.708843469888644,-0.711263871282664
x2876813a,b,h001,-0.70885176797102,0.711337980817373
x2729410c,a,h001,0.187489836211847,1.002663562077184
x2729410c,b,h001,-0.187547083185262,-1.002713170503731
x2841637c,a,h001,0.184170472232293,1.004184561337438
x2841637c,b,h001,-0.184227596847034,-1.004234411332248
x3122817c,a,h001,0.190909831097016,1.006425091951363
x3122817c,b,h001,-0.190967451980933,-1.006474758327894
x3086079b,a,h001,-0.936271800918355,-0.402478273147752
x3086079b,b,h001,0.936344819426749,0.402458374956252
x3179699b,a,h001,-0.968157825732503,-0.338452830237745
x3179699b,b,h001,0.968229738912993,0.338427736097706
x3085390b,a,h001,-0.959048338983074,-0.216728652963494
x3085390b,b,h001,0.959114099668191,0.216696920797826
x2897767c,a,h001,0.193737179228626,0.99647356755328
x2897767c,b,h001,-0.193794501780306,-0.996522528964549
x3104124b,a,h001,-0.982803642186692,-0.220725870653707
x3104124b,b,h001,0.982870964181911,0.220693263484577
x2804251a,a,h001,0.767236817622847,-0.662713655342903
x2804251a,b,h001,-0.767250749326996,0.662787644079358
x3066808c,a,h001,0.193810538802921,0.997808764239368
x3066808c,b,h001,-0.19386792774635,-0.997857798188733
x2897774b,a,h001,-0.965819844071279,-0.218648181674157
x2897774b,b,h001,0.965886085833356,0.218616245337209
x3104115b,a,h001,-0.919709837438802,-0.291947479728234
x3104115b,b,h001,0.919776790405244,0.29192194486124
x0247171b,a,h001,-0.944153295776314,-0.306981980071651
x0247171b,b,h001,0.944222361077277,0.306956178333688
x3214055c,a,h001,0.183661422672846,1.006343612850965
x3214055c,b,h001,-0.183718618130527,-1.006393610001914
x3104830c,a,h001,0.158526991196358,1.01623662977203
x3104830c,b,h001,-0.158583184706747,-1.016288361713415
x3254211b,a,h001,-0.946997805039286,-0.309131672099529
x3254211b,b,h001,0.947067135584762,0.309105862962042
x2729407b,a,h001,-0.946493918284054,-0.308817616696974
x2729407b,b,h001,0.946563204098068,0.308791812338264
x3027133a,a,h001,0.707529495034221,-0.710566637920289
x3027133a,b,h001,-0.707537749539329,0.71064064610502
x2691944a,a,h001,0.698092688386432,-0.703540399678909
x2691944a,b,h001,-0.698100723847622,0.703613562605594
x2745806c,a,h001,0.193838398566651,0.995905027671145
x2745806c,b,h001,-0.193895700568262,-0.9959539515299
x2878848c,a,h001,0.19043194089018,1.012203642270749
x2878848c,b,h001,-0.190489802609266,-1.012253667613612
x2991909a,a,h001,0.705290000727235,-0.70924925499468
x2991909a,b,h001,-0.705298186964266,0.709323082939746
x2726973a,a,h001,0.718995075142779,-0.711089113042896
x2726973a,b,h001,-0.71900396856158,0.711163682247415
x2691947a,a,h001,0.694857398422819,-0.696138804660129
x2691947a,b,h001,-0.694865589900566,0.696211386605495
x2952007c,a,h001,0.098336028639344,1.01305808266197
x2952007c,b,h001,-0.098388573758227,-1.013112417158852
x3198347c,a,h001,0.120264845565497,1.025808650138733
x3198347c,b,h001,-0.120319259278264,-1.025862706469067
x2916625b,a,h001,-0.946758816017293,-0.308947445172044
x2916625b,b,h001,0.946828125484515,0.308921637132895
x2820533a,a,h001,0.714862906632366,-0.686041648038034
x2820533a,b,h001,-0.714872725881115,0.686114569524638
x2785531a,a,h001,0.708541121684007,-0.711067567289905
x2785531a,b,h001,-0.708549410559355,0.71114165088891
x3120502a,a,h001,0.706649340826502,-0.710145440552072
x3120502a,b,h001,-0.706657563157772,0.710219382980786
x3252336b,a,h001,-0.924536236119716,-0.303917939901392
x3252336b,b,h001,0.924604024763399,0.303892876023435
x2954353a,a,h001,0.72944693641049,-0.718814469344566
x2954353a,b,h001,-0.729456075173512,0.718889971482987
x2673312a,a,h001,0.698049285023334,-0.703514755440098
x2673312a,b,h001,-0.698057319166854,0.703587914867115
x2766720a,a,h001,0.703564086363162,-0.707895237321503
x2766720a,b,h001,-0.703572235745057,0.707968906664999
x2879070b,a,h001,-0.993683222106822,-0.232707259077538
x2879070b,b,h001,0.993751728128219,0.23267484032118
x3179674b,a,h001,-0.93593829714703,-0.402197878090155
x3179674b,b,h001,0.936011284731129,0.402177980188977
x3029506b,a,h001,-0.995220449661438,-0.235060595386113
x3029506b,b,h001,0.995289152942094,0.235028241203304
x3216348a,a,h001,0.694828252322652,-0.696122406741476
x3216348a,b,h001,-0.694836443107823,0.696194986693807
x3048231b,a,h001,-0.944100819982463,-0.306904705937945
x3048231b,b,h001,0.944169882335249,0.306878904011299
x3065696a,a,h001,0.697841430202268,-0.70278681019714
x3065696a,b,h001,-0.697849486182143,0.702859917677329
x3178974b,a,h001,-0.956903936318094,-0.215641095228985
x3178974b,b,h001,0.956969522505344,0.21560939988485
x2916607c,a,h001,0.190679108400299,0.997353998354116
x2916607c,b,h001,-0.190736293989712,-0.99740315220724
x3197652a,a,h001,0.725547012733983,-0.684645062530684
x3197652a,b,h001,-0.725557514838315,0.684718397319869
x2691939b,a,h001,-0.975626449930649,-0.217411240869636
x2691939b,b,h001,0.975693203914295,0.217378776147542
x2858175a,a,h001,0.688817372807346,-0.698168633162749
x2858175a,b,h001,-0.68882512075636,0.698241053949438
x3085400c,a,h001,0.175434883652072,1.004419698125879
x3085400c,b,h001,-0.175491511047283,-1.004469966011239
x3178969b,a,h001,-0.974163407959436,-0.216599407211118
x3178969b,b,h001,0.974230038621161,0.216566963160986
x2748139b,a,h001,-0.973511160034125,-0.216261768308774
x2748139b,b,h001,0.973577737301494,0.216229335056698
x3235242c,a,h001,0.174464744057472,1.020691221653167
x3235242c,b,h001,-0.174522071767924,-1.020742475253368
x2729412a,a,h001,0.74755459306837,-0.649587424929421
x2729412a,b,h001,-0.747567997858706,0.649659739631928
x3082981c,a,h001,0.156453285789451,0.991484236625467
x3082981c,b,h001,-0.15650820741943,-0.991534633716563
x2766747a,a,h001,0.69789990544305,-0.70281502027125
x2766747a,b,h001,-0.697907963492991,0.702888132097771
x3179646b,a,h001,-0.92687903882412,-0.2842434817355
x3179646b,b,h001,0.926946054933623,0.284217167485099
x3235251c,a,h001,0.175312148811713,1.00578217485811
x3235251c,b,h001,-0.175368832492011,-1.005832525959736
x2766749b,a,h001,-0.975122709724778,-0.225052093129055
x2766749b,b,h001,0.97518978744133,0.225020095323996
x3010568a,a,h001,0.736644518703303,-0.721398553902079
x3010568a,b,h001,-0.736653953674314,0.721474539440514
x2991902b,a,h001,-0.920995563691483,-0.292734360253294
x2991902b,b,h001,0.921062629277549,0.292708812095208
x2954348a,a,h001,0.709608777891159,-0.711245869564722
x2954348a,b,h001,-0.709617121079016,0.711320013470937
x2860484b,a,h001,-0.964635041036007,-0.219652199973641
x2860484b,b,h001,0.964701260506723,0.219620377120203
x2879078a,a,h001,0.701237741667744,-0.700085963475259
x2879078a,b,h001,-0.701246118827744,0.700159070525869
x3649301a,a,h001,0.716289258645023,-0.714136882721744
x3649301a,b,h001,-0.716297854708068,0.714211504576809
x2804252a,a,h001,0.74495558228313,-0.64813848027892
x2804252a,b,h001,-0.744968904149824,0.648210590373385
x2783231b,a,h001,-0.977382176357307,-0.252847223888623
x2783231b,b,h001,0.977450668884109,0.252816733707455
x2710504b,a,h001,-0.955937496437664,-0.215118387745222
x2710504b,b,h001,0.956003004996524,0.215086708072989
x2935547b,a,h001,-0.968447946926525,-0.247897236114804
x2935547b,b,h001,0.968515691939614,0.2478668746282
x3048201b,a,h001,-0.91953100080747,-0.291817626931723
x3048201b,b,h001,0.91959793914677,0.291792093878426
x2804250c,a,h001,0.155534984763566,1.000678233091079
x2804250c,b,h001,-0.155590280576478,-1.000729205537683
x3081380a,a,h001,0.772630584111704,-0.618888729126707
x3081380a,b,h001,-0.772646864799918,0.61896041890102
x3172805a,a,h001,0.700945292845251,-0.700045114234344
x3172805a,b,h001,-0.700953655872368,0.700118205924727
x2822867b,a,h001,-0.965090388138766,-0.218271151337944
x2822867b,b,h001,0.965156570213434,0.218239227113598
x2991922a,a,h001,0.757381218010374,-0.659473305424643
x2991922a,b,h001,-0.757394730587266,0.659546649612772
x3010560b,a,h001,-0.9826837049188,-0.230911022389304
x3010560b,b,h001,0.982751491451041,0.23087901227204
x2785536b,a,h001,-0.974350299028897,-0.251194941597865
x2785536b,b,h001,0.974418538495089,0.251164496414746
x3160872c,a,h001,0.138027453608368,1.020488099317462
x3160872c,b,h001,-0.138082652534206,-1.020541028848766
x2973178b,a,h001,-0.974609279162574,-0.224618032248263
x2973178b,b,h001,0.974676306043604,0.224586032785228
x2731712b,a,h001,-0.980643560628558,-0.22026586527453
x2731712b,b,h001,0.980710737208979,0.220233332438386
x2841628a,a,h001,0.741915666875508,-0.621518905186851
x2841628a,b,h001,-0.741930050482748,0.621589326089611
x2748152b,a,h001,-0.982196544252833,-0.220569765613475
x2748152b,b,h001,0.982263823853543,0.220537177672194
x2916602a,a,h001,0.740266830253868,-0.685562864848156
x2916602a,b,h001,-0.740278141012315,0.685636934393589
x2929261a,a,h001,0.722842042742154,-0.712057454449427
x2929261a,b,h001,-0.722851112828272,0.712132257505911
x2710521a,a,h001,0.761116515097199,-0.66183633625736
x2710521a,b,h001,-0.76113013471979,0.661909991295424
x3142079b,a,h001,-0.928834993860449,-0.348275516265771
x3142079b,b,h001,0.92890507775176,0.348252822970561
x2879072b,a,h001,-0.963379687826361,-0.217387179415497
x2879072b,b,h001,0.963445729935282,0.217355283611298
x2729427b,a,h001,-0.961707487216785,-0.218126340003808
x2729427b,b,h001,0.961773466555702,0.218094565027941
x2954347b,a,h001,-0.982909688828678,-0.220755713321147
x2954347b,b,h001,0.982977019359452,0.220723103320539
x2767340a,a,h001,0.726152816092138,-0.620380810790934
x2767340a,b,h001,-0.72616634632738,0.620450438620932
x2767340b,a,h001,-0.928549923868609,-0.312202834782887
x2767340b,b,h001,0.928618332112087,0.312178066703709
x2767340c,a,h001,0.151434160565706,1.017478571133444
x2767340c,b,h001,-0.151489999068333,-1.01753071094442
x3104157c,a,h001,0.183997085278258,1.005025326379616
x3104157c,b,h001,-0.184054238906777,-1.00507523300834
x3122815b,a,h001,-0.980797926592637,-0.220292969465269
x3122815b,b,h001,0.980865112352546,0.220260430628587
x2916605c,a,h001,0.155436100794237,1.00156406540844
x2916605c,b,h001,-0.155491432143234,-1.001615092384193
x3234149a,a,h001,0.814261648615458,-0.606853392756856
x3234149a,b,h001,-0.814280897201378,0.606926312774108
x3234149b,a,h001,-0.935396567451495,-0.401899840868543
x3234149b,b,h001,0.935469511729797,0.401879950706349
x3234149c,a,h001,0.109317616749586,1.028849112597389
x3234149c,b,h001,-0.109371536325046,-1.028903854083053
x3160862c,a,h001,0.141826805313258,1.019316307080588
x3160862c,b,h001,-0.141882170909501,-1.019368990324924
x3233413b,a,h001,-0.924367260574728,-0.303792199093277
x3233413b,b,h001,0.924435035045581,0.30376713655565
x2822865c,a,h001,0.15543940021399,1.001514976848529
x2822865c,b,h001,-0.155494729364645,-1.001566000359633
x2879081a,a,h001,0.7012639085813,-0.700060792397837
x2879081a,b,h001,-0.701272288425483,0.700133899195748
x2691946b,a,h001,-0.970400029122569,-0.340002543006511
x2691946b,b,h001,0.970472141874432,0.339977433194918
x2806553c,a,h001,0.09722637672329,1.018697477248074
x2806553c,b,h001,-0.097279119739475,-1.018752189233421
x3254215c,a,h001,0.175416678034045,1.004499563105919
x3254215c,b,h001,-0.175473308142221,-1.004549835208914
x2951995c,a,h001,0.20044166725606,0.988104187726902
x2951995c,b,h001,-0.200498990727357,-0.98815236158536
x3197628c,a,h001,0.179850656859211,1.008889226284774
x3197628c,b,h001,-0.179907748983426,-1.008939548218498
x2673343b,a,h001,-0.960426572430219,-0.217458706788346
x2673343b,b,h001,0.960492446703142,0.217426952760902
x3160864b,a,h001,-0.930778625678501,-0.352649004801312
x3160864b,b,h001,0.93084902430721,0.352626474492214
x2730149c,a,h001,0.153023927235013,1.017461441041024
x2730149c,b,h001,-0.153079857759548,-1.017513498909898
x3160113b,a,h001,-0.968595328655627,-0.247975529841952
x3160113b,b,h001,0.968663086851432,0.247945166448614
x3010585a,a,h001,0.706690589803887,-0.710189724281444
x3010585a,b,h001,-0.70669881423937,0.710263672426737
x2766730b,a,h001,-0.979629519954891,-0.219351642830081
x2766730b,b,h001,0.979696594519674,0.219319103805566
x3160871c,a,h001,0.132189123141506,1.022729281441989
x3160871c,b,h001,-0.132244086910841,-1.022782609187643
x3104129a,a,h001,0.740825710204024,-0.722872319690744
x3104129a,b,h001,-0.740835319367851,0.722948585079864
x3254205c,a,h001,0.18419477185206,1.004104090512524
x3254205c,b,h001,-0.18425189413803,-1.004153934730251
x2785511a,a,h001,0.748330403265904,-0.68523062704588
x2785511a,b,h001,-0.748342195843449,0.685305050569916
x2822857b,a,h001,-0.975682795957336,-0.217447089025606
x2822857b,b,h001,0.975749553825228,0.217414623372078
x3067448c,a,h001,0.096745645527022,1.02095699517027
x3067448c,b,h001,-0.096798465732237,-1.021011860077835
x2955081a,a,h001,0.76672483639934,-0.625831361284633
x2955081a,b,h001,-0.766740452964703,0.625903181397587
x3235268c,a,h001,0.191015517656242,0.994822758933984
x3235268c,b,h001,-0.191072605104203,-0.994871750883734
x2842330c,a,h001,0.16366910588518,1.020840744192221
x2842330c,b,h001,-0.16372581264448,-1.02089250606135
x2821770a,a,h001,0.717044986638868,-0.707101159759552
x2821770a,b,h001,-0.717053953634945,0.707175407510322
x2691959b,a,h001,-0.944053708473958,-0.306913089578603
x2691959b,b,h001,0.944122765054944,0.306887287899901
x3011229a,a,h001,0.697238006766784,-0.621221937619726
x3011229a,b,h001,-0.697249820355548,0.62129027243058
x2936216c,a,h001,0.09510703328855,1.028651510219764
x2936216c,b,h001,-0.095160116333352,-1.028706894339123
x2879073c,a,h001,0.175201878695142,1.00709118578777
x2879073c,b,h001,-0.175258616841246,-1.007141617680823
x2935553b,a,h001,-0.960942268230764,-0.217717633985269
x2935553b,b,h001,0.96100818543106,0.217685871361376
x2748130b,a,h001,-0.949694396904435,-0.310867854382483
x2748130b,b,h001,0.949763964006868,0.31084202026547
x3085410b,a,h001,-0.974671082684482,-0.251362139991782
x3085410b,b,h001,0.974739348468347,0.251331689562398
x2916618b,a,h001,-0.968439839330684,-0.247882386719579
x2916618b,b,h001,0.968507585523986,0.247852025720632
x3010564c,a,h001,0.190689412037216,0.99703874943537
x3010564c,b,h001,-0.19074658360346,-0.997087883326611
x3217064b,a,h001,-0.929790290897835,-0.351436256240547
x3217064b,b,h001,0.929860577170584,0.351413702218231
x3048968c,a,h001,0.155607992516644,1.000102467749511
x3048968c,b,h001,-0.155663265700951,-1.000153405136536
x2673319c,a,h001,0.184192315056107,0.990437897144408
x2673319c,b,h001,-0.184248801678346,-0.990486950114206
x2897777c,a,h001,0.189187267941199,1.011101687579712
x2897777c,b,h001,-0.189245006056298,-1.011151705295333
x3784018a,a,h001,0.721439677089205,-0.706407329471046
x3784018a,b,h001,-0.721448928588373,0.706481738807646
x3141400a,a,h001,0.744777071825792,-0.622081599816494
x3141400a,b,h001,-0.744791593441687,0.622152185143501
x3235252b,a,h001,-0.966287164484698,-0.218876568684448
x3235252b,b,h001,0.966353444942368,0.218844624226313
x2764411c,a,h001,0.098603861949048,1.011294256340591
x2764411c,b,h001,-0.098656340716408,-1.011348475190692
x3030200c,a,h001,0.138958100914978,1.020201643306237
x3030200c,b,h001,-0.13901334086092,-1.02025451048452
x2746587c,a,h001,0.190797305141229,1.005186787553682
x2746587c,b,h001,-0.190854861855816,-1.005236388772419
x3010562b,a,h001,-0.961702121987915,-0.218122198172613
x3010562b,b,h001,0.961768100824616,0.218090423206408
x2896685a,a,h001,0.717319750517603,-0.618183482576004
x2896685a,b,h001,-0.717332866269645,0.618252570172593
x2896685b,a,h001,-0.924595231121469,-0.304233327076042
x2896685b,b,h001,0.924663035283891,0.304208277507232
x2896685c,a,h001,0.152784916505825,1.016063706458875
x2896685c,b,h001,-0.152840768114118,-1.016115694558439
x2748143a,a,h001,0.725532106787453,-0.684639796466658
x2748143a,b,h001,-0.725542608274578,0.684713130259647
x3216351a,a,h001,0.701276699591472,-0.70007876612558
x3216351a,b,h001,-0.701285080221568,0.700151875109313
x3156034a,a,h001,0.698416969860936,-0.703124183933551
x3156034a,b,h001,-0.698425042336638,0.703197336809345
x3104128a,a,h001,0.744572952798862,-0.622003969477046
x3104128a,b,h001,-0.744587466495372,0.622074541134408
x2673309c,a,h001,0.175153182608241,1.008063825170154
x2673309c,b,h001,-0.175209963099207,-1.008114316785955
x3104155c,a,h001,0.156755859724831,0.988552014130685
x3104155c,b,h001,-0.156810662474121,-0.988602229000556
x2729430b,a,h001,-0.978929709049079,-0.21906776806576
x2729430b,b,h001,0.978996730970013,0.219035245557253
x3197630a,a,h001,0.764609119762776,-0.66235917159566
x3197630a,b,h001,-0.764622917061389,0.662433018760331
x2860481c,a,h001,0.190846888128316,1.015008902706712
x2860481c,b,h001,-0.190904904395611,-1.015059067875581
x2973152b,a,h001,-0.962756432370176,-0.218662667285371
x2973152b,b,h001,0.9628224983446,0.218630874959159
x3160117b,a,h001,-0.961336939908158,-0.217932744708708
x3160117b,b,h001,0.961402889913751,0.217900976175407
x3197624b,a,h001,-0.957372690148632,-0.21586978163648
x3197624b,b,h001,0.957438313099523,0.215838077576739
x2708744b,a,h001,-0.925637185113554,-0.304597091996046
x2708744b,b,h001,0.925705073370149,0.304572018611912
x3067506c,a,h001,0.120224267315524,1.026085984051078
x3067506c,b,h001,-0.120278691482482,-1.026140057853623
x2841625c,a,h001,0.175350097900535,1.005285908373472
x2841625c,b,h001,-0.175406760592694,-1.005336228564454
x2785512b,a,h001,-0.958089622254138,-0.216230891497354
x2785512b,b,h001,0.958155305486422,0.216199175537345
x2673305b,a,h001,-0.969451070069079,-0.33936700939489
x2673305b,b,h001,0.969523097912049,0.3393419065176
x2860480b,a,h001,-0.957203181069292,-0.21575986283567
x2860480b,b,h001,0.957268791181188,0.215728160852456
x2914324a,a,h001,0.7070156677793,-0.710350474192227
x2914324a,b,h001,-0.70702390064945,0.710424445014758
x2766741a,a,h001,0.716834157913068,-0.706664850103086
x2766741a,b,h001,-0.716843132088694,0.706739062046734
x3178988b,a,h001,-0.974392548363024,-0.251227244380359
x3178988b,b,h001,0.97446079119567,0.251196798705115
x2729423c,a,h001,0.179763194760828,1.021732648247552
x2729423c,b,h001,-0.179820879136857,-1.021783715657788
x2991929b,a,h001,-0.969990694098708,-0.248751268984704
x2991929b,b,h001,0.970058569002372,0.248720885577705
x2767342a,a,h001,0.697055372845065,-0.621138620292681
x2767342a,b,h001,-0.697067180836533,0.621206942402923
x2936212a,a,h001,0.710020841504227,-0.621290841859137
x2936212a,b,h001,-0.71003339189374,0.621359772932845
x2861219b,a,h001,-0.930834430969835,-0.352678787576382
x2861219b,b,h001,0.930904835195536,0.352656256930922
x3120376a,a,h001,0.71023066964073,-0.711612607301422
x3120376a,b,h001,-0.710239031744789,0.71168680131236
x2991919a,a,h001,0.746727084358736,-0.649019176749312
x2991919a,b,h001,-0.746740466794719,0.649091419598436
x3066804a,a,h001,0.714531842080665,-0.68592899248117
x3066804a,b,h001,-0.714541648398569,0.686001892796293
x2935550c,a,h001,0.156047351916155,0.995609712961957
x2935550c,b,h001,-0.15610244176024,-0.995660368652879
x2691942b,a,h001,-0.945712322269451,-0.308315788646051
x2691942b,b,h001,0.945781539580812,0.308289991608047
x2842383a,a,h001,0.786367502668715,-0.615372877434618
x2842383a,b,h001,-0.786384740999722,0.615444998953629
x3160863c,a,h001,0.094348816914646,1.033292470386992
x3160863c,b,h001,-0.094402071901341,-1.03334815848689
x2935549b,a,h001,-0.973678639259542,-0.223829310514841
x2935549b,b,h001,0.973745578137917,0.223797309560738
x3027122a,a,h001,0.698663597410444,-0.621957322969314
x3027122a,b,h001,-0.698675460290548,0.622025767145068
x2673331b,a,h001,-0.974691697615427,-0.25133166493827
x2673331b,b,h001,0.974759966795913,0.251301213323597
x3254231a,a,h001,0.714988153387384,-0.686097263462675
x3254231a,b,h001,-0.714997976171638,0.686170193151305
x2785543b,a,h001,-0.980601266379482,-0.220234436099262
x2785543b,b,h001,0.980668439057174,0.220201903409867
x2970258c,a,h001,0.200288774667713,0.989907661265275
x2970258c,b,h001,-0.200346173029628,-0.989955941480516
x2748124b,a,h001,-0.955636233193685,-0.214975639639578
x2748124b,b,h001,0.955701716288253,0.214943965173008
x2879773a,a,h001,0.765677577328252,-0.626615180145354
x2879773a,b,h001,-0.765693097847531,0.626686997813716
x2841626c,a,h001,0.175337986738511,1.005428330544954
x2841626c,b,h001,-0.175394655350061,-1.00547865953157
x2991905a,a,h001,0.716827802052352,-0.706783389987132
x2991905a,b,h001,-0.716836771265108,0.706857609209939
x2822861a,a,h001,0.717215221439952,-0.707788870264814
x2822861a,b,h001,-0.717224165384182,0.707863165201568
x3216337a,a,h001,0.709429221905197,-0.711131577872811
x3216337a,b,h001,-0.709437559175774,0.711205706296166
x2674047c,a,h001,0.141615623044104,1.018407946119649
x2674047c,b,h001,-0.14167093410331,-1.018460586603444
x2691967b,a,h001,-0.976888223408475,-0.246245783609571
x2691967b,b,h001,0.9769563813787,0.246214932997908
x3626914c,a,h001,0.175032375426766,1.009380879052531
x3626914c,b,h001,-0.175089210202747,-1.009431451183912
x3177894a,a,h001,0.687904594262286,-0.697818234350805
x3177894a,b,h001,-0.687912306622558,0.697890593099219
x2690187b,a,h001,-0.925359274481656,-0.304414119275813
x2690187b,b,h001,0.925427138180364,0.304389048237569
x3122827a,a,h001,0.702070086317556,-0.700365961702114
x3122827a,b,h001,-0.702078499478508,0.700439124101635
x3315860b,a,h001,-0.974583060573036,-0.216802794624356
x3315860b,b,h001,0.974649724948872,0.216770342823219
x2973165a,a,h001,0.71203217472086,-0.712671533642964
x2973165a,b,h001,-0.712040591782939,0.712745872598132
x2691965b,a,h001,-0.978667339962133,-0.25356254156082
x2691965b,b,h001,0.978735938169021,0.25353203245598
x3216346a,a,h001,0.698237993903504,-0.703006995611173
x3216346a,b,h001,-0.698246061699268,0.70308013369331
x3235267c,a,h001,0.190996779984192,0.994903278654721
x3235267c,b,h001,-0.191053870086551,-0.994952276126595
x3066801c,a,h001,0.175095271153898,1.008603478092405
x3066801c,b,h001,-0.175152073318657,-1.008654001907298
x2898515c,a,h001,0.120270005508116,1.025846652717405
x2898515c,b,h001,-0.120324421165392,-1.025900712197476
x2804258b,a,h001,-0.961500264218611,-0.216419056825743
x2804258b,b,h001,0.96156615378196,0.216387192829797
x2954354a,a,h001,0.752489705658473,-0.655429423402585
x2954354a,b,h001,-0.752503124239424,0.655502306383784
x2802481a,a,h001,0.717038636302845,-0.618584081882126
x2802481a,b,h001,-0.717051723330942,0.618653183361299
x2710505b,a,h001,-0.956932222849557,-0.215655854123171
x2710505b,b,h001,0.956997811357648,0.215624158317291
x3104114b,a,h001,-0.976082535558002,-0.217642102368514
x3104114b,b,h001,0.976149326634795,0.217609629791902
x2798067b,a,h001,-0.929026117931118,-0.319074550112144
x2798067b,b,h001,0.929094863800456,0.319050154237506
x3122825a,a,h001,0.746356596514382,-0.648854895634912
x3122825a,b,h001,-0.746369967102116,0.648927112920933
x2710546b,a,h001,-0.957288569684158,-0.21390093000121
x2710546b,b,h001,0.957354098896438,0.213869116148418
x2879071b,a,h001,-0.95858677903913,-0.214864647251651
x2879071b,b,h001,0.958652427985247,0.214832828826264
x2785514a,a,h001,0.716238168052152,-0.706239804232316
x2785514a,b,h001,-0.716247127521368,0.706313963877443
x2898457a,a,h001,0.72629622044329,-0.620403979887972
x2898457a,b,h001,-0.726309751598081,0.620473611925536
x3727708a,a,h001,0.718072991325979,-0.710816957860377
x3727708a,b,h001,-0.718081843228664,0.710891468050902
x3216988b,a,h001,-0.928712209537944,-0.316519799941621
x3216988b,b,h001,0.928780820855553,0.316495271541595
x3197632b,a,h001,-0.964599476114577,-0.219634882766952
x3197632b,b,h001,0.964665692724387,0.219603060565903
x3178997c,a,h001,0.18375289090885,1.005347985946045
x3178997c,b,h001,-0.183810045385284,-1.005397921297106
x2785535b,a,h001,-0.967979113703442,-0.247623606916274
x2785535b,b,h001,0.96804682124213,0.247593252373022
x3216343c,a,h001,0.156458700918027,0.991542728163022
x3216343c,b,h001,-0.156513625503702,-0.991593129686775
x2748127a,a,h001,0.722511415164995,-0.71125127723916
x2748127a,b,h001,-0.72252050361414,0.71132601811786
x2673323c,a,h001,0.190616965982341,1.005022338784374
x2673323c,b,h001,-0.190674504558924,-1.005071938842718
x3104859b,a,h001,-0.927966580567166,-0.343521647243114
x3104859b,b,h001,0.928036394535619,0.343498718792866
x2859403a,a,h001,0.716138402173949,-0.620883157138587
x2859403a,b,h001,-0.716151325158873,0.620952347671057
x2954345c,a,h001,0.190607645461827,1.013860832996834
x2954345c,b,h001,-0.190665594545578,-1.013910943294938
x3160098a,a,h001,0.738878765192465,-0.685624825857959
x3160098a,b,h001,-0.738889991931634,0.685698834259986
x3254228b,a,h001,-0.96825121448149,-0.247789586097667
x3254228b,b,h001,0.96831894414355,0.247759227951231
x3101788a,a,h001,0.689842954043821,-0.698604870039792
x3101788a,b,h001,-0.68985074192244,0.69867736422311
x2785513a,a,h001,0.716099999713462,-0.706160035567691
x2785513a,b,h001,-0.716108954900418,0.706234184179834
x3231269b,a,h001,-0.972896490139239,-0.215897848095852
x3231269b,b,h001,0.972963014976235,0.215865422365584
x2991921c,a,h001,0.18416644476297,1.004259812001532
x2991921c,b,h001,-0.184223572642975,-1.004309666533368
x3122826a,a,h001,0.756655363128646,-0.658886476008736
x3122826a,b,h001,-0.756668861891878,0.658959752926405
x2842390c,a,h001,0.155608718142162,1.000139261014973
x2842390c,b,h001,-0.15566399325451,-1.000190197618322
x2991913a,a,h001,0.774929986392964,-0.663598360498753
x2991913a,b,h001,-0.774944322121316,0.663672757208668
x3104144a,a,h001,0.725619108370134,-0.68467425731056
x3104144a,b,h001,-0.72562961218258,0.684747596331616
x2804270b,a,h001,-0.971576253924905,-0.249646207925579
x2804270b,b,h001,0.971644261054572,0.24961580214447
x2917333a,a,h001,0.789163475042505,-0.614590981054913
x2917333a,b,h001,-0.789180912286513,0.614663187027064
x2673315a,a,h001,0.744468534881539,-0.621953604246213
x2673315a,b,h001,-0.744483044608777,0.622024167840332
x2688693c,a,h001,0.160292265454371,1.000427207583266
x2688693c,b,h001,-0.160347826389761,-1.00047794411899
x2841645c,a,h001,0.191028270803946,0.994767481384123
x2841645c,b,h001,-0.191085356423214,-0.994816469547996
x3048200b,a,h001,-0.919649743162695,-0.291912273442999
x3048200b,b,h001,0.919716691018786,0.291886739335372
x3048208a,a,h001,0.786896658391796,-0.666113077035446
x3048208a,b,h001,-0.786911569344653,0.6661881741749
x3067507c,a,h001,0.139109072837789,1.019607263087484
x3067507c,b,h001,-0.139164293693872,-1.019660091638696
x2804249c,a,h001,0.159153394232145,1.003248398201225
x2804249c,b,h001,-0.159209020150418,-1.003299350561993
x2936213b,a,h001,-0.984650554561224,-0.296534067683168
x2936213b,b,h001,0.984721487689507,0.296505773857291
x3215340a,a,h001,0.692287648826733,-0.70005476391383
x3215340a,b,h001,-0.692295510659206,0.700127455530992
x3118855c,a,h001,0.175105742221785,1.02066748236746
x3118855c,b,h001,-0.17516310604616,-1.020718706428808
x3085397b,a,h001,-0.961073524064754,-0.217786287205701
x3085397b,b,h001,0.9611394520418,0.217754522449012
x3104796c,a,h001,0.147529965208137,1.018191761887886
x3104796c,b,h001,-0.147585610086356,-1.01824411741734
x3108449a,a,h001,0.69815434816765,-0.621689800216886
x3108449a,b,h001,-0.698166192970146,0.621758204661254
x2673307c,a,h001,0.156641094109657,0.989613310147338
x2673307c,b,h001,-0.156695939632382,-0.989663590375708
x2973159a,a,h001,0.699502013066001,-0.698858517856817
x2973159a,b,h001,-0.699510346919098,0.698931473204965
x3101787a,a,h001,0.689816479377984,-0.698589107951954
x3101787a,b,h001,-0.689824266458559,0.698661599993661
x2785521c,a,h001,0.190285757539214,1.011299941262703
x2785521c,b,h001,-0.19034356873108,-1.011349921126544
x3235273b,a,h001,-0.971991270900653,-0.249869615889828
x3235273b,b,h001,0.972059313417314,0.249839204146475
x2692600c,a,h001,0.163654395551536,1.021044611236856
x2692600c,b,h001,-0.163711110937143,-1.021096385575339
x3179637c,a,h001,0.098004339760836,1.014140687780766
x3179637c,b,h001,-0.098056915787559,-1.014195101800632
x2729406c,a,h001,0.156677794157976,0.989232509040588
x2729406c,b,h001,-0.156732624101327,-0.989282765553955
x3029499a,a,h001,0.752440547211534,-0.655394274887815
x3029499a,b,h001,-0.752453963449535,0.655467152790741
x3179650b,a,h001,-0.928046584378232,-0.300663268188977
x3179650b,b,h001,0.92811442384193,0.300637850689878
x2748780a,a,h001,0.696948985207026,-0.621084442556909
x2748780a,b,h001,-0.696960789568414,0.621152756591175
x3141398a,a,h001,0.698158250515231,-0.698087464319335
x3141398a,b,h001,-0.698166542507353,0.698160312644008
x3085403a,a,h001,0.701333878872923,-0.700076063034144
x3085403a,b,h001,-0.701342262935926,0.700149174506792
x3236011b,a,h001,-0.928102519013484,-0.34361698100163
x3236011b,b,h001,0.928172345270222,0.343594051743373
x2710542b,a,h001,-0.979233339720305,-0.219224149099321
x2710542b,b,h001,0.979300386459979,0.219191621518201
x2801896b,a,h001,-0.973624063533976,-0.216321742198149
x2801896b,b,h001,0.973690650114464,0.216289307165664
x3029501b,a,h001,-0.966312033887245,-0.218902169722119
x3029501b,b,h001,0.966378315903844,0.218870225188807
x3159645a,a,h001,0.722784340242047,-0.712042299059911
x3159645a,b,h001,-0.722793408521779,0.712117099068637
x3125349c,a,h001,0.199614970950316,0.991538522286557
x3125349c,b,h001,-0.19967240596716,-0.991586926344671
x2973149b,a,h001,-0.958059326131158,-0.216224722369015
x2973149b,b,h001,0.958125006228282,0.216193007049585
x3030205c,a,h001,0.120215292228182,1.02630901003112
x3030205c,b,h001,-0.120269726214589,-1.026363098782881
x2841615a,a,h001,0.709496910923216,-0.711169781180768
x2841615a,b,h001,-0.709505250332566,0.711243914958194
x2767407b,a,h001,-0.929362595899434,-0.348691430088587
x2767407b,b,h001,0.929432729055052,0.348668735847738
x3139103a,a,h001,0.689657138889384,-0.698503932699386
x3139103a,b,h001,-0.689664920716092,0.69857641241509
x3011293a,a,h001,0.815103363560852,-0.607283888246389
x3011293a,b,h001,-0.815122642260748,0.607356871874927
x3011293b,a,h001,-0.936240530738803,-0.402406462335032
x3011293b,b,h001,0.936313547807982,0.402386563899736
x3011293c,a,h001,0.109296869647115,1.029880132054412
x3011293c,b,h001,-0.109350834651152,-1.029934935387072
x3181545c,a,h001,0.199375115710311,0.992087900163579
x3181545c,b,h001,-0.199432562345172,-0.992136345809966
x2935555a,a,h001,0.72258718952368,-0.711294975000717
x2935555a,b,h001,-0.722596280324043,0.711369721927497
x3048207b,a,h001,-0.961151091902227,-0.217836083941046
x3048207b,b,h001,0.961217025591448,0.217804318049811
x3160104b,a,h001,-0.956641878132593,-0.213420844545997
x3160104b,b,h001,0.956707347700113,0.213389032970082
x2851933a,a,h001,0.702403848182576,-0.700461873847076
x2851933a,b,h001,-0.702412276187049,0.700535057269382
x2851933b,a,h001,-0.988598262933484,-0.23720725290861
x2851933b,b,h001,0.988666683097142,0.2371753325792
x2851933c,a,h001,0.184373136945384,0.992704413342327
x2851933c,b,h001,-0.184429739406245,-0.992753591881451
x2897784b,a,h001,-0.94411893873608,-0.306932401721912
x2897784b,b,h001,0.944188002074338,0.306906599854327
x3207907a,a,h001,0.702350240701349,-0.700452391415467
x3207907a,b,h001,-0.702358668131878,0.700525573236648
x3207907b,a,h001,-0.988545191708067,-0.237127816136575
x3207907b,b,h001,0.988613610393044,0.237095895965955
x3207907c,a,h001,0.184384817080382,0.992678890097133
x3207907c,b,h001,-0.184441419081715,-0.992728068172986
x2726974b,a,h001,-0.968493177359439,-0.247923887435593
x2726974b,b,h001,0.968560927249133,0.247893525806117
x3029502a,a,h001,0.734957672355893,-0.620242394706073
x3029502a,b,h001,-0.734971715476893,0.620312420572846
x3178972c,a,h001,0.190471258341096,1.012920528820366
x3178972c,b,h001,-0.190529155733992,-1.01297059524082
x3029055b,a,h001,-0.928975865237367,-0.319009284089438
x3029055b,b,h001,0.929044608137623,0.318984888464868
x3029507b,a,h001,-0.92921958019777,-0.297938075135023
x3029507b,b,h001,0.929287362921502,0.297912445420883
x3254230a,a,h001,0.714924044234144,-0.686046120649711
x3254230a,b,h001,-0.71493386476008,0.686119044221219
x3030203c,a,h001,0.132196064271893,1.022674872371584
x3030203c,b,h001,-0.132251025913736,-1.022728196649543
x3048203b,a,h001,-0.961464092208097,-0.217998351016972
x3048203b,b,h001,0.961530052611953,0.217966580365306
x3048963b,a,h001,-0.930712834512308,-0.352604890837422
x3048963b,b,h001,0.930783227286978,0.352582361036774
x2674027b,a,h001,-0.926716179953376,-0.282585165895866
x2674027b,b,h001,0.926783108638243,0.28255876236451
x2973163b,a,h001,-0.924508725280439,-0.294980504176936
x2973163b,b,h001,0.924576096576155,0.294954921527408
x2955074a,a,h001,0.769505471191557,-0.622038759115586
x2955074a,b,h001,-0.769521426769803,0.622110488466023
x3216342b,a,h001,-0.977854575767828,-0.227191956335166
x3216342b,b,h001,0.977921910643493,0.227159955413375
x3235243c,a,h001,0.200079566036286,0.990388997384858
x3235243c,b,h001,-0.20013697462877,-0.990437313487065
x3214069c,a,h001,0.147004650710206,1.018338824058906
x3214069c,b,h001,-0.147060271876998,-1.018391212399772
x2841632b,a,h001,-0.970736312706934,-0.239362314350008
x2841632b,b,h001,0.970803797173597,0.239331351390894
x2822859b,a,h001,-0.920589629522804,-0.292474666817511
x2822859b,b,h001,0.920656659581034,0.292449122521034
x3142050c,a,h001,0.097773045616436,1.015147434362948
x3142050c,b,h001,-0.097825655376835,-1.015201914505298
x2973155a,a,h001,0.721496255027571,-0.706753177217517
x2973155a,b,h001,-0.721505493923948,0.70682760956708
x2973791a,a,h001,0.71519584577362,-0.62094988612549
x2973791a,b,h001,-0.715208713689506,0.621019038392556
x2841629c,a,h001,0.175002355481262,1.010024038640381
x2841629c,b,h001,-0.175059218300795,-1.010074652121169
x2822868a,a,h001,0.701369917634632,-0.700082802909368
x2822868a,b,h001,-0.701378302586721,0.700155915893166
x3122823b,a,h001,-0.92946405328672,-0.298098823938198
x3122823b,b,h001,0.929531857608933,0.298073192151557
x2952003b,a,h001,-0.925284482553863,-0.304571641872449
x2952003b,b,h001,0.92535234338661,0.304546580327302
x3104856a,a,h001,0.7923532088314,-0.613631340075482
x3104856a,b,h001,-0.792370874181212,0.613703637557562
x2786204c,a,h001,0.094969969917401,1.02964281348656
x2786204c,b,h001,-0.095023090862647,-1.029698264416962
x2841622a,a,h001,0.720973257464484,-0.705289315041027
x2841622a,b,h001,-0.720982534180857,0.705363638065434
x2973150a,a,h001,0.714638623139772,-0.685953761174308
x2973150a,b,h001,-0.71464843261101,0.68602666663762
x3066826b,a,h001,-0.974272879018599,-0.251131184982552
x3066826b,b,h001,0.974341113339557,0.251100740661905
x3197638a,a,h001,0.706118456527358,-0.709834667893166
x3197638a,b,h001,-0.706126663457117,0.709908568216615
x2785530a,a,h001,0.701443052143709,-0.700110086435457
x2785530a,b,h001,-0.701451439833896,0.700183204088099
x3082988b,a,h001,-0.929945288820212,-0.351599232776598
x3082988b,b,h001,0.930015590622592,0.351576680440448
x2860491a,a,h001,0.756083311776693,-0.65833199084188
x2860491a,b,h001,-0.756096802117964,0.658405208277064
x2860491b,a,h001,-0.947114377849296,-0.308841539998095
x2860491b,b,h001,0.947183703043086,0.308815709244633
sx2673305b,a,h001,-0.96750445769226,-0.33892142769083
sx2673305b,b,h001,0.967576576414056,0.338896615955628
sx3048196b,a,h001,-0.96640120372073,-0.33860350678651
sx3048196b,b,h001,0.966473358068947,0.33857884242316
sx2991911c,a,h001,0.173350632610036,1.009025519009576
sx2991911c,b,h001,-0.173407213977138,-1.009076630044592
sx2973158c,a,h001,0.172097726735911,1.011713244278385
sx2973158c,b,h001,-0.172154359756334,-1.011764567319193
sx3048208a,a,h001,0.785027167743438,-0.664133115775343
sx3048208a,b,h001,-0.78504248406102,0.664208118839536
sx3029502a,a,h001,0.728207181661374,-0.613126604779895
sx3029502a,b,h001,-0.72822270031867,0.61319630824563
sx3104125b,a,h001,-0.901728531848434,-0.319324466389458
sx3104125b,b,h001,0.901796313708122,0.319301967908702
sx3160107a,a,h001,0.73640454732611,-0.617599321442587
sx3160107a,b,h001,-0.736419549575887,0.617669451218997
sx2785516b,a,h001,-0.965603021288785,-0.338064236831855
sx2785516b,b,h001,0.96567510482618,0.338039578613813
sx3141400a,a,h001,0.743443469198553,-0.620687495426158
sx3141400a,b,h001,-0.743458277323356,0.620758011999505
sx2897775c,a,h001,0.173708637142703,1.002563478660991
sx2897775c,b,h001,-0.173764846961784,-1.002614530835928
sx3010565c,a,h001,0.174568560255932,1.005656400815257
sx3010565c,b,h001,-0.174625101975779,-1.005707100433697
sx2916609c,a,h001,0.174219757493264,1.005454344973704
sx2916609c,b,h001,-0.174276223573747,-1.00550521110919
sx2879073c,a,h001,0.174319739169183,1.004067031644551
sx2879073c,b,h001,-0.174376146525202,-1.004117813633192
sx3104126c,a,h001,0.174560892209769,1.005747966676507
sx3104126c,b,h001,-0.174617437742714,-1.005798671913939
sx3029503c,a,h001,0.174236636011485,1.005165343501461
sx3029503c,b,h001,-0.17429308962696,-1.005216192290045
sx2691950c,a,h001,0.173639826707759,1.003423637697039
sx2691950c,b,h001,-0.173696072538949,-1.003474742057535
sx2691951c,a,h001,0.173526046502093,1.004909299234671
sx2691951c,b,h001,-0.173582354832748,-1.004960493499272
sx2879076c,a,h001,0.174445452309387,1.00725909788108
sx2879076c,b,h001,-0.174502061420487,-1.00730989533758
sx2841630c,a,h001,0.173525041690477,1.00496873869469
sx2841630c,b,h001,-0.173581352730927,-1.005019936392468
sx2841629c,a,h001,0.172800607415138,1.002442215571389
sx2841629c,b,h001,-0.172856644365633,-1.002493717043005
sx2785523c,a,h001,0.174128830638231,1.006667539491618
sx2785523c,b,h001,-0.174185347868059,-1.006718479376548
sx3216347c,a,h001,0.174111447203408,1.00687966627592
sx3216347c,b,h001,-0.174167973289609,-1.006930619124777
sx3141388c,a,h001,0.174438114235366,1.007451940016275
sx3141388c,b,h001,-0.174494731892434,-1.007502748899518
sx3066801c,a,h001,0.174508631052911,1.00659055647392
sx3066801c,b,h001,-0.174565212744467,-1.00664131257151
sx2879055c,a,h001,0.174516610701262,1.00649491177219
sx2879055c,b,h001,-0.174573188408107,-1.006545662001788
sx2973144c,a,h001,0.173659611278283,1.003303474729897
sx2973144c,b,h001,-0.173715852678676,-1.003354571330169
sx2785518c,a,h001,0.174257915264842,1.005089816166143
sx2785518c,b,h001,-0.174314366612179,-1.005140659641557
sx2766717c,a,h001,0.174550590838505,1.006086669716363
sx2766717c,b,h001,-0.174607151532689,-1.006137394903291
sx2673309c,a,h001,0.173683032734659,1.003015598002295
sx2673309c,b,h001,-0.173739262105693,-1.003066677118969
sx3104113a,a,h001,0.770235455203566,-0.65952126429401
sx3104113a,b,h001,-0.770250423083203,0.659595395475979
sx3104121a,a,h001,0.770243460073907,-0.659523707755257
sx3104121a,b,h001,-0.770258428298065,0.659597839446113
sx2673310a,a,h001,0.770281716866588,-0.659535374293896
sx2673310a,b,h001,-0.770296686737804,0.659609508416167
sx2916627a,a,h001,0.770338384880882,-0.659552643247038
sx2916627a,b,h001,-0.770353357192382,0.659626780970144
sx2804283a,a,h001,0.770469203715498,-0.659592480349381
sx2804283a,b,h001,-0.770484181661782,0.659666626383412
sx3104122a,a,h001,0.770603808009922,-0.65965865733637
sx3104122a,b,h001,-0.770618790568124,0.659732813396832
sx2785519a,a,h001,0.77066350385606,-0.65968800748095
sx2785519a,b,h001,-0.77067848845956,0.659762167988128
sx2748129a,a,h001,0.769141978214965,-0.658046515308828
sx2748129a,b,h001,-0.769157313929707,0.658120609011086
sx2973151a,a,h001,0.772243494444913,-0.66119042754693
sx2973151a,b,h001,-0.772258212396363,0.6612646712809
sx2748146a,a,h001,0.772434459152807,-0.661284039635295
sx2748146a,b,h001,-0.772449183716429,0.66135829761067
sx2991913a,a,h001,0.773052116944701,-0.661586712135125
sx2991913a,b,h001,-0.773066862900114,0.661661016166981
sx3235253a,a,h001,0.771773389121405,-0.660242580712801
sx3235253a,b,h001,-0.771788411334587,0.660316824416098
sx2991907a,a,h001,0.772017942177004,-0.660358988491871
sx2991907a,b,h001,-0.772032972949917,0.660433250188003
sx2879064a,a,h001,0.772432367178463,-0.660562504618426
sx2879064a,b,h001,-0.77244741216291,0.660636797171748
sx3197637c,a,h001,0.175630254957221,1.007974484811056
sx3197637c,b,h001,-0.175686966663907,-1.008025268608181
sx2860487c,a,h001,0.174769783137807,1.007199094892016
sx2860487c,b,h001,-0.174826362710285,-1.007250035619325
sx2841638c,a,h001,0.183325266039054,1.005375641705672
sx2841638c,b,h001,-0.183382262563727,-1.005426082354005
sx3235256a,a,h001,0.761020212675243,-0.66009023338443
sx3235256a,b,h001,-0.761034335885565,0.660163897252712
sx3197630a,a,h001,0.761464167832217,-0.658952836647101
sx3197630a,b,h001,-0.761478658912242,0.659026533793044
sx3104120b,a,h001,-0.953597343545931,-0.318931180435058
sx3104120b,b,h001,0.953667857852155,0.318905973143488
sx2804251a,a,h001,0.765982813889731,-0.6613584902766
sx2804251a,b,h001,-0.765997020762861,0.661432417624867
sx3254210c,a,h001,0.179919219048746,1.005763325475881
sx3254210c,b,h001,-0.179976033828121,-1.005813945832676
sx3048206a,a,h001,0.768338217440141,-0.659955907100027
sx3048206a,b,h001,-0.768353055929579,0.660029977040714
sx2710510c,a,h001,0.179240101229244,1.006922156600321
sx2710510c,b,h001,-0.179296975108789,-1.006972712950585
sx3197628c,a,h001,0.178360801910198,1.003855572002199
sx3197628c,b,h001,-0.178417346356724,-1.003906482866767
sx2766718c,a,h001,0.176446339176316,1.001582761310372
sx2766718c,b,h001,-0.176502552668395,-1.001634045907701
sx3010556a,a,h001,0.772613578139328,-0.661752480150792
sx3010556a,b,h001,-0.772628291077491,0.661826773712879
sx2710520a,a,h001,0.759306176472943,-0.659813343223645
sx2710520a,b,h001,-0.759320213957238,0.659886912189519
sx2710521a,a,h001,0.757968583397526,-0.658413937807629
sx2710521a,b,h001,-0.757982899180101,0.658487443726071
sx3085396a,a,h001,0.75794144161403,-0.658400435424334
sx3085396a,b,h001,-0.757955756474474,0.658473939312377
sx3122813a,a,h001,0.759179300721117,-0.659750959996279
sx3122813a,b,h001,-0.759193333822409,0.659824519491192
sx3254219c,a,h001,0.183507949637136,1.002330437025929
sx3254219c,b,h001,-0.183564726697489,-1.002381023151296
sx3254220c,a,h001,0.183512225452068,1.002312316904703
sx3254220c,b,h001,-0.183569001920881,-1.00236290180011
sx3104134c,a,h001,0.183576177248124,1.002502381221501
sx3104134c,b,h001,-0.183632966340306,-1.002552973989949
sx2860490a,a,h001,0.756127723472688,-0.657655734471267
sx2860490a,b,h001,-0.756141969292018,0.657729111911263
sx3254218a,a,h001,0.756831120619063,-0.658226950864375
sx3254218a,b,h001,-0.756845379909141,0.658300393881267
sx3066818b,a,h001,-0.946570958883307,-0.311047566036629
sx3066818b,b,h001,0.946640947303642,0.311022459548684
sx2785528b,a,h001,-0.946722542483636,-0.310281330538927
sx2785528b,b,h001,0.946792263984094,0.310255942990904
sx2748130b,a,h001,-0.944651617903555,-0.30981937916513
sx2748130b,b,h001,0.944721439993274,0.309794291824488
sx3254212b,a,h001,-0.942070786968811,-0.309249784932199
sx3254212b,b,h001,0.942140740882981,0.309225074936935
sx2785520b,a,h001,-0.945731747139151,-0.309215466056615
sx2785520b,b,h001,0.94580124268559,0.309189948067861
sx2729411a,a,h001,0.755355619707971,-0.657482057804015
sx2729411a,b,h001,-0.755369394885865,0.657555269590252
sx2897781a,a,h001,0.755356683472563,-0.657482493801753
sx2897781a,b,h001,-0.755370458691424,0.65755570566241
sx3197644a,a,h001,0.754732766104787,-0.656799838184936
sx3197644a,b,h001,-0.754746681448232,0.656873021098226
sx3010566c,a,h001,0.174468468391432,1.002235693041154
sx3010566c,b,h001,-0.174524799210345,-1.002286363180743
sx3236011b,a,h001,-0.925078791647878,-0.342867348687969
sx3236011b,b,h001,0.925148752800674,0.342844876267152
sx3198358b,a,h001,-0.920403102915973,-0.341631633815398
sx3198358b,b,h001,0.920473271031757,0.341609854390168
sx3104859b,a,h001,-0.924942327542119,-0.342772021162561
sx3104859b,b,h001,0.925012276449564,0.342749549618664
sx2936275b,a,h001,-0.934106530343781,-0.401707491997447
sx2936275b,b,h001,0.934179597522612,0.401687893244074
sx3179674b,a,h001,-0.931104141321038,-0.400731585047184
sx3179674b,b,h001,0.931177312102234,0.400712438926885
sx2748840b,a,h001,-0.932851282106529,-0.40112143366435
sx2748840b,b,h001,0.932924356518595,0.401101982524312
sx3142099b,a,h001,-0.930949457110065,-0.400564826329159
sx3142099b,b,h001,0.931022611381084,0.400545677828367
sx3011298c,a,h001,0.155785803953818,1.008292105203797
sx3011298c,b,h001,-0.15584136975098,-1.008343824772248
sx2711234b,a,h001,-0.923147626606262,-0.3424187300648
sx2711234b,b,h001,0.923217690388658,0.342396563534394
sx3198355b,a,h001,-0.926181608057125,-0.343191470729328
sx3198355b,b,h001,0.926251531459739,0.34316884481535
sx2879773a,a,h001,0.762365055981432,-0.623223290539445
sx2879773a,b,h001,-0.762381281654359,0.623294935299462
sx2786274c,a,h001,0.152965572166039,1.006839501651056
sx2786274c,b,h001,-0.153020757684803,-1.006891755255363
sx3179682c,a,h001,0.153499263292863,1.008904169758377
sx3179682c,b,h001,-0.153554674701593,-1.008956191226495
sx2936270a,a,h001,0.830298693314452,-0.599209148190879
sx2936270a,b,h001,-0.830319942982818,0.599282492511288
sx3086078a,a,h001,0.830234011992538,-0.5991837684136
sx3086078a,b,h001,-0.830255259145555,0.599257108282104
sx3217056a,a,h001,0.826665900698398,-0.596057966072529
sx3217056a,b,h001,-0.826687824636579,0.59613109771073
sx3217057a,a,h001,0.832184554392359,-0.600984654222457
sx3217057a,b,h001,-0.8322053962555,0.601058111008683
sx2936268c,a,h001,0.09867771758885,1.030129478993956
sx2936268c,b,h001,-0.098730904332139,-1.03018524870927
sx2823592a,a,h001,0.841534107000598,-0.599148204074896
sx2823592a,b,h001,-0.841555429592173,0.599221961011018
sx3160863c,a,h001,0.093724255862095,1.0302527249302
sx3160863c,b,h001,-0.093777158052894,-1.030308730230562
sx2730108c,a,h001,0.094188623617378,1.027386061299117
sx2730108c,b,h001,-0.094241419277811,-1.027441880703939
sx2786204c,a,h001,0.093391823876022,1.021977820272036
sx2786204c,b,h001,-0.09344405871632,-1.0220340831581
sx2936216c,a,h001,0.09468634908751,1.026616926314654
sx2936216c,b,h001,-0.094739196020826,-1.026672522449256
sx3029498c,a,h001,0.161106582641685,0.994963279458906
sx3029498c,b,h001,-0.161161839106693,-0.99501398677866
sx2991912a,a,h001,0.742694936226406,-0.619970431084684
sx2991912a,b,h001,-0.742709884758429,0.620040909350289
sx3104128a,a,h001,0.74257193924627,-0.619912332957547
sx3104128a,b,h001,-0.742586883425584,0.61998280218013
sx2673315a,a,h001,0.743134635038053,-0.620558903006841
sx2673315a,b,h001,-0.74314943137644,0.620629397855137
sx2766721a,a,h001,0.740994939786795,-0.618409086903381
sx2766721a,b,h001,-0.741010167022814,0.61847947363621
sx2991906a,a,h001,0.742967552850837,-0.620479995646284
sx2991906a,b,h001,-0.742982343249151,0.6205504781962
sx2879054a,a,h001,0.740917277451871,-0.61837294164335
sx2879054a,b,h001,-0.740932501939473,0.618443322712375
sx3254211b,a,h001,-0.94193830812174,-0.308083999080278
sx3254211b,b,h001,0.94200789513294,0.308058938864515
sx2729407b,a,h001,-0.94346147647096,-0.308190871991933
sx2729407b,b,h001,0.9435309140182,0.308165516123551
sx2691942b,a,h001,-0.942676976539043,-0.307689188332636
sx2691942b,b,h001,0.942746345835212,0.307663840156855
sx3197629b,a,h001,-0.942386435728061,-0.307496180326582
sx3197629b,b,h001,0.94245577941792,0.307470834580111
sx2879065b,a,h001,-0.943422643311115,-0.307735571178258
sx2879065b,b,h001,0.94349193739851,0.307710075415173
sx0247160b,a,h001,-0.941397031031222,-0.306611497424193
sx0247160b,b,h001,0.941466277121542,0.306586146707743
sx0247162b,a,h001,-0.941318509294192,-0.306541339872446
sx0247162b,b,h001,0.9413877476413,0.30651598876467
sx2766732b,a,h001,-0.9421822509955,-0.30662080979354
sx2766732b,b,h001,0.942251422192242,0.306595307373427
sx2897784b,a,h001,-0.936484417501917,-0.305358748116098
sx2897784b,b,h001,0.936553875805574,0.305334076739945
sx0247171b,a,h001,-0.941111625261123,-0.306356576629485
sx0247171b,b,h001,0.941180843210804,0.306331224495531
sx2936279c,a,h001,0.156168095761234,1.002154422453002
sx2936279c,b,h001,-0.156223251748882,-1.002206261290215
sx3179678b,a,h001,-0.919115151534727,-0.336302842710882
sx3179678b,b,h001,0.919184467958115,0.336280269056712
sx3179650b,a,h001,-0.924950010704547,-0.300029939493926
sx3179650b,b,h001,0.925018006176122,0.300004979447198
sx2730107c,a,h001,0.162299393243139,1.015617081653582
sx2730107c,b,h001,-0.16235553840025,-1.015669404634422
sx3048888c,a,h001,0.097806317616446,1.009078864228839
sx3048888c,b,h001,-0.097858471192256,-1.00913346665169
sx3064514c,a,h001,0.097785842128811,1.009211823447042
sx3064514c,b,h001,-0.097838000707694,-1.009266434439232
sx2861158c,a,h001,0.097251596594847,1.007837470337358
sx2861158c,b,h001,-0.097303543049094,-1.007892349093614
sx2952007c,a,h001,0.097243920859093,1.007886256217937
sx2952007c,b,h001,-0.097295869140948,-1.007941138108594
sx3254873c,a,h001,0.097202485429491,1.01153729187071
sx3254873c,b,h001,-0.097254718306879,-1.011592063134905
sx2745811c,a,h001,0.096829630583709,1.009204142538741
sx2745811c,b,h001,-0.096881616035117,-1.009259118631016
sx3142050c,a,h001,0.097122248996817,1.012057654966359
sx3142050c,b,h001,-0.097174501449011,-1.012112459775104
sx2861157c,a,h001,0.095734580075559,1.015637089207439
sx2861157c,b,h001,-0.095786801636723,-1.015692482486585
sx3086079b,a,h001,-0.934345541488352,-0.401894442082322
sx3086079b,b,h001,0.934418631093249,0.401874842974981
sx2936276b,a,h001,-0.934336983965258,-0.401887799518892
sx2936276b,b,h001,0.934410072769553,0.401868200427182
sx2861223b,a,h001,-0.931223609373606,-0.400842600494514
sx2861223b,b,h001,0.931296792098706,0.40082345517801
sx3086075b,a,h001,-0.932862210225992,-0.401133223373865
sx3086075b,b,h001,0.932935285809788,0.401113772404741
sx2730187a,a,h001,0.787263126676929,-0.608735385841891
sx2730187a,b,h001,-0.787281833925626,0.608807401564727
sx3104856a,a,h001,0.790342972016088,-0.611679848638648
sx3104856a,b,h001,-0.790361049946014,0.611752031442761
sx2861222a,a,h001,0.764146541730877,-0.616213427727466
sx2861222a,b,h001,-0.764163575360094,0.616284834446249
sx2917330a,a,h001,0.765884975131126,-0.617925945721659
sx2917330a,b,h001,-0.765901652114033,0.617997440692414
sx2879794a,a,h001,0.764290795348176,-0.616279358096929
sx2879794a,b,h001,-0.76430783408484,0.616350775240099
sx2936271a,a,h001,0.767667037514048,-0.619519138160869
sx2936271a,b,h001,-0.767683443849371,0.619590736991912
sx2955074a,a,h001,0.76449499309834,-0.616972463161227
sx2955074a,b,h001,-0.76451201062515,0.617043930368178
sx3030199c,a,h001,0.144489972599442,1.011219175713408
sx3030199c,b,h001,-0.144544862499169,-1.011272070020747
sx2730163c,a,h001,0.1453528612986,1.010793571374003
sx2730163c,b,h001,-0.1454077822337,-1.010846401612429
sx2992624a,a,h001,0.766712039110317,-0.62107653504766
sx2992624a,b,h001,-0.766728317553958,0.621148181031008
sx2692654a,a,h001,0.766501468196559,-0.621263280118042
sx2692654a,b,h001,-0.766517725777979,0.621334927341932
sx2842379a,a,h001,0.763394925160524,-0.618197939103969
sx2842379a,b,h001,-0.763411821782735,0.618269428552222
sx2805031c,a,h001,0.146329219768547,1.007407290260414
sx2805031c,b,h001,-0.14638391586137,-1.007460293251304
sx3068944b,a,h001,-0.921656623416585,-0.346644436646703
sx3068944b,b,h001,0.921727089047074,0.34662289051452
sx2767407b,a,h001,-0.927358746170877,-0.34818562611365
sx2767407b,b,h001,0.927428966805383,0.348163235194896
sx2879767b,a,h001,-0.92736748122487,-0.348191777183854
sx2879767b,b,h001,0.927437702647125,0.34816938621277
sx2711224b,a,h001,-0.927063805298856,-0.347979724277122
sx2711224b,b,h001,0.927133999417034,0.347957335229361
sx3142098b,a,h001,-0.92392007102126,-0.347111778346079
sx3142098b,b,h001,0.923990392377446,0.347089848888432
sx2748839b,a,h001,-0.926955169431218,-0.347903383449103
sx2748839b,b,h001,0.927025353759668,0.347880995061402
sx2917310b,a,h001,-0.925926118188079,-0.347624353861306
sx2917310b,b,h001,0.925996345788408,0.347602118313907
sx2861218c,a,h001,0.148782475455882,1.009100928398999
sx2861218c,b,h001,-0.148837519710132,-1.009153503921656
sx2955081a,a,h001,0.764740348471046,-0.623803662536537
sx2955081a,b,h001,-0.764756385728952,0.623875377328294
sx3160878c,a,h001,0.153845934090119,1.005409773919408
sx3160878c,b,h001,-0.153901203047616,-1.005461579041213
sx2917336c,a,h001,0.153850572478882,1.005364757733837
sx2917336c,b,h001,-0.15390583961139,-1.005416560060728
sx2674047c,a,h001,0.140841574666079,1.015373393321603
sx2674047c,b,h001,-0.140896545188999,-1.015426370399233
sx3160865a,a,h001,0.768107875499524,-0.616741909301426
sx3160865a,b,h001,-0.768124735682113,0.616813436408802
sx2767408c,a,h001,0.139018834579674,1.016185794365804
sx2767408c,b,h001,-0.139073736079547,-1.0162389022093
sx3104853c,a,h001,0.138511736615549,1.014183014271296
sx3104853c,b,h001,-0.138566412248969,-1.014236353298223
sx3254915b,a,h001,-0.929707872085474,-0.352349314128499
sx3254915b,b,h001,0.929778306556164,0.352326935875717
sx3048963b,a,h001,-0.927711922942651,-0.351836805956644
sx3048963b,b,h001,0.927782446363812,0.351814731407359
sx2711226b,a,h001,-0.926011104291916,-0.35195864313531
sx2711226b,b,h001,0.926081766260731,0.351936897197555
sx3217052c,a,h001,0.138524852919155,1.014070902435668
sx3217052c,b,h001,-0.138579524095418,-1.014124234466973
sx3217053c,a,h001,0.13927712856995,1.017163910435526
sx3217053c,b,h001,-0.139332142048395,-1.017216903164928
sx3086074c,a,h001,0.139025495733594,1.016129399437289
sx3086074c,b,h001,-0.139080394995941,-1.016182503739235
sx3067507c,a,h001,0.137188897962739,1.011981271628663
sx3067507c,b,h001,-0.137243264867378,-1.012034954365952
sx2955078a,a,h001,0.769673124794634,-0.615065554095981
sx2955078a,b,h001,-0.769690153645639,0.615137054424261
sx2955077c,a,h001,0.135880430141117,1.015730367270177
sx2955077c,b,h001,-0.135935022820045,-1.015783915867898
sx3160872c,a,h001,0.136117460551278,1.012865370171357
sx3160872c,b,h001,-0.136171805140405,-1.012919152258732
sx3198348a,a,h001,0.760247241204079,-0.611975412395604
sx3198348a,b,h001,-0.760264634958817,0.612046487816159
sx2711225c,a,h001,0.138190904825721,1.017191776117576
sx2711225c,b,h001,-0.138245804659526,-1.017244979884146
sx3030200c,a,h001,0.138193597476443,1.017169139568944
sx3030200c,b,h001,-0.138248496413206,-1.017222341913053
sx3048962a,a,h001,0.758908988807752,-0.613821829770314
sx3048962a,b,h001,-0.758925836931236,0.613892858162277
sx3160861c,a,h001,0.14091462351434,1.017591215253205
sx3160861c,b,h001,-0.140969752647251,-1.017644156886279
sx3104850c,a,h001,0.140558343623547,1.014198428410386
sx3104850c,b,h001,-0.140613140652818,-1.014251673909514
sx3251799a,a,h001,0.744117967446173,-0.614398621452456
sx3251799a,b,h001,-0.744133944073576,0.614469013452916
sx2936211c,a,h001,0.146102947166316,1.015299774709552
sx2936211c,b,h001,-0.146158222780082,-1.015352504554296
sx2842329c,a,h001,0.146104818945107,1.015281752611091
sx2842329c,b,h001,-0.146160093828932,-1.01533448133596
sx3104796c,a,h001,0.146209794294409,1.013132465734724
sx3104796c,b,h001,-0.146264874848561,-1.013185389741037
sx3236004c,a,h001,0.146103494479343,1.015294539721744
sx3236004c,b,h001,-0.14615876988129,-1.015347269241025
sx3160896c,a,h001,0.146722849466624,1.015165547491946
sx3160896c,b,h001,-0.146778155177376,-1.015218241005633
sx3123452c,a,h001,0.147157991826373,1.013037616710187
sx3123452c,b,h001,-0.147213123870619,-1.013090491558592
sx3254869b,a,h001,-0.925960982299132,-0.31838281475466
sx3254869b,b,h001,0.926029875131848,0.31835887582241
sx3030126c,a,h001,0.148555548131784,1.012669798572304
sx3030126c,b,h001,-0.148610745434939,-1.012722587966832
sx2767341c,a,h001,0.147668628104257,1.010260602754618
sx2767341c,b,h001,-0.147723536969135,-1.010313705370286
sx3254870c,a,h001,0.148560589674321,1.012623707157356
sx3254870c,b,h001,-0.148615785125287,-1.012676493692166
sx3048887b,a,h001,-0.921130554720576,-0.314882916730437
sx3048887b,b,h001,0.921199561295793,0.314859536706648
sx2955005b,a,h001,-0.925696017419981,-0.315888376599135
sx2955005b,b,h001,0.925764780916784,0.3158643049149
sx3216988b,a,h001,-0.92358862229966,-0.315389418967803
sx3216988b,b,h001,0.923657484515754,0.31536565440292
sx3179607b,a,h001,-0.923592600871329,-0.315392035079761
sx3179607b,b,h001,0.923661463435292,0.315368270479079
sx2898457a,a,h001,0.724957032455562,-0.618972707311274
sx2898457a,b,h001,-0.724970855482854,0.619042272774436
sx2767340a,a,h001,0.71596427938346,-0.60952291147641
sx2767340a,b,h001,-0.715980070531014,0.609592083751181
sx2767340b,a,h001,-0.912980692940143,-0.308815195923906
sx2767340b,b,h001,0.91304992968365,0.30879275490859
sx2767340c,a,h001,0.147389070172571,1.002146188105092
sx2767340c,b,h001,-0.147443219459267,-1.002200110662153
sx3067478a,a,h001,0.717655165663952,-0.615120326556788
sx3067478a,b,h001,-0.71766959774402,0.61518956338247
sx2730149c,a,h001,0.152216769644778,1.014437756990793
sx2730149c,b,h001,-0.152272363617631,-1.014490154978274
sx2989566b,a,h001,-0.923968502424577,-0.304883624683244
sx2989566b,b,h001,0.92403666309798,0.304858993519503
sx2973791a,a,h001,0.70844119500519,-0.613627164144311
sx2973791a,b,h001,-0.708455566778773,0.613696010936202
sx3029055b,a,h001,-0.921285257124952,-0.317291487621452
sx3029055b,b,h001,0.921354380931465,0.317268241290235
sx3067506c,a,h001,0.119754019615567,1.024062427287265
sx3067506c,b,h001,-0.11980821293553,-1.024116718797274
sx2898515c,a,h001,0.119092498043721,1.020773479890923
sx2898515c,b,h001,-0.119146336404089,-1.020828090032967
sx3198347c,a,h001,0.119559287012139,1.02277192913987
sx3198347c,b,h001,-0.119613354597025,-1.022826313160045
sx3048946c,a,h001,0.119558294246456,1.022779076413088
sx3048946c,b,h001,-0.119612362106388,-1.022833460889043
sx3048966c,a,h001,0.11953061026801,1.022978267192476
sx3048966c,b,h001,-0.119584685792366,-1.023032664371547
sx2992656a,a,h001,0.787325921308208,-0.608762856422938
sx2992656a,b,h001,-0.787344630839365,0.608834876615811
sx2973833b,a,h001,-0.93193101009449,-0.379352288326099
sx2973833b,b,h001,0.932003035657319,0.379331615286196
sx2786266a,a,h001,0.788211849423848,-0.612357655818695
sx2786266a,b,h001,-0.788229773028558,0.612429780267031
sx2917333a,a,h001,0.785807175761652,-0.6113164257283
sx2917333a,b,h001,-0.785825305980481,0.611388443722551
sx2842383a,a,h001,0.784359774966546,-0.613404041417466
sx2842383a,b,h001,-0.784377427986139,0.613476049950062
sx2842384c,a,h001,0.129518422448756,1.021376166914066
sx2842384c,b,h001,-0.129573061514604,-1.021429852819081
sx3160871c,a,h001,0.130949702663253,1.017662294651043
sx3160871c,b,h001,-0.131004094786634,-1.017716180774336
sx3030203c,a,h001,0.130956511562967,1.017607638749306
sx3030203c,b,h001,-0.131010901537048,-1.017661521442619
sx3179673c,a,h001,0.131442444135248,1.019645289863607
sx3179673c,b,h001,-0.131497062636521,-1.019698945960006
sx3048965b,a,h001,-0.925356514641997,-0.357556631898857
sx3048965b,b,h001,0.925427683893636,0.357535546972942
sx2692660a,a,h001,0.766205954241063,-0.611668053744934
sx2692660a,b,h001,-0.766223701157446,0.611739379247257
sx2805034a,a,h001,0.779949864446742,-0.615412572841149
sx2805034a,b,h001,-0.779967022750418,0.615484463204414
sx2898522a,a,h001,0.788929184962627,-0.610354098475936
sx2898522a,b,h001,-0.788947539424677,0.610426202807341
sx2692661a,a,h001,0.788966544679787,-0.610369888976481
sx2692661a,b,h001,-0.788984900540532,0.610441995942612
sx3067448c,a,h001,0.095673533224633,1.015821999603896
sx3067448c,b,h001,-0.095725759829687,-1.015877406237605
sx2935552c,a,h001,0.154139317094372,1.003104207453369
sx2935552c,b,h001,-0.154194495857178,-1.003155866854584
sx2822864c,a,h001,0.154612429204087,0.998397382105176
sx2822864c,b,h001,-0.154667416455451,-0.99844874985393
sx2822865c,a,h001,0.154883366153152,0.999471458024452
sx2822865c,b,h001,-0.154938468462551,-0.999522712174062
sx2916605c,a,h001,0.154602294243492,0.998498145142137
sx2916605c,b,h001,-0.154657285594287,-0.998549519134518
sx3085394c,a,h001,0.154604383457703,0.998477378224714
sx3085394c,b,h001,-0.154659373963645,-0.998528750930285
sx2804250c,a,h001,0.154140762614975,0.995551549518896
sx2804250c,b,h001,-0.154195491141072,-0.99560310578626
sx3048205c,a,h001,0.154343034602646,0.993516610345592
sx3048205c,b,h001,-0.154397680182887,-0.993568041372134
sx3048228c,a,h001,0.154529717130556,0.991619024463554
sx3048228c,b,h001,-0.154584285250452,-0.991670338800309
sx2935550c,a,h001,0.15463970216772,0.990459471847392
sx2935550c,b,h001,-0.154694222713277,-0.990510715071555
sx2710509c,a,h001,0.155196505849244,0.992494432062614
sx2710509c,b,h001,-0.155251252381621,-0.992545434515793
sx2822862c,a,h001,0.155198808693709,0.992468593535377
sx2822862c,b,h001,-0.155253554157525,-0.992519594401412
sx3066806c,a,h001,0.15520173573818,0.992457581520278
sx3066806c,b,h001,-0.155256480860744,-0.99250858162001
sx2916606c,a,h001,0.154610990470485,0.998411759916568
sx2916606c,b,h001,-0.15466597830723,-0.998463128555877
sx3235243c,a,h001,0.198451733720007,0.985318954889965
sx3235243c,b,h001,-0.198508600718175,-0.985367881260707
sx2786273b,a,h001,-0.963372314625147,-0.337424887737086
sx2786273b,b,h001,0.963444470132729,0.337400525508731
sx2805036b,a,h001,-0.96625383205351,-0.338076516780316
sx2805036b,b,h001,0.966325839614417,0.338051714554615
sx3178997c,a,h001,0.182844777553772,1.002330827617597
sx3178997c,b,h001,-0.182901604170293,-1.002381115950955
sx3122849b,a,h001,-0.932289829030828,-0.301318387626054
sx3122849b,b,h001,0.932358307186653,0.301293157173501
sx2766750c,a,h001,0.181627503483627,0.997503143244403
sx2766750c,b,h001,-0.18168383472517,-0.997553958026655
sx2763153a,a,h001,0.746843686696006,-0.648857264188792
sx2763153a,b,h001,-0.746857814199891,0.648929702377253
sx3104157c,a,h001,0.182479223979747,0.99998342006062
sx3104157c,b,h001,-0.182535831054307,-1.000033920016534
sx_293471a,a,h001,0.748389244171838,-0.650555217951362
sx_293471a,b,h001,-0.748403380358862,0.650627826160204
sx_293471b,a,h001,-0.935064533335706,-0.30390981425355
sx_293471b,b,h001,0.93513353499715,0.303884835760987
sx_293471c,a,h001,0.18258809018222,0.999954101712263
sx_293471c,b,h001,-0.182644702314537,-1.000004594966981
sx2748158a,a,h001,0.75128978774628,-0.653705069991778
sx2748158a,b,h001,-0.751303649876368,0.653777914032729
sx3104133a,a,h001,0.749707454116999,-0.652171941324332
sx3104133a,b,h001,-0.749721589775954,0.652244704415384
sx2673346c,a,h001,0.182695366844067,1.000444581219369
sx2673346c,b,h001,-0.182752008146223,-1.000495097458325
sx3254238b,a,h001,-0.936033773362847,-0.304443035989158
sx3254238b,b,h001,0.936102855038937,0.304418042736851
sx3048230c,a,h001,0.182629169300537,0.999422425145306
sx3048230c,b,h001,-0.18268575909742,-0.999472886213498
sx2841637c,a,h001,0.182649829298528,0.999139162952996
sx2841637c,b,h001,-0.182706407123446,-0.99918960693001
sx2897780b,a,h001,-0.940398291884873,-0.30686783981427
sx2897780b,b,h001,0.940467734976203,0.306842781496494
sx3235255b,a,h001,-0.944051403096911,-0.307490850552522
sx3235255b,b,h001,0.94412060348646,0.307465197331478
sx3216370a,a,h001,0.752658324171862,-0.655050236517466
sx3216370a,b,h001,-0.75267205746218,0.655123182248822
sx3216370b,a,h001,-0.942429664341168,-0.306944695672263
sx3216370b,b,h001,0.942498864709079,0.306919200484088
sx3216370c,a,h001,0.183736717105681,1.004017825829717
sx3216370c,b,h001,-0.183793718859266,-1.004068007232586
sx2785527a,a,h001,0.75209689645718,-0.654439954696205
sx2785527a,b,h001,-0.752110770618502,0.654512878725137
sx2766729a,a,h001,0.750782926508529,-0.653043753529724
sx2766729a,b,h001,-0.750797082816096,0.653116616788925
sx3197641a,a,h001,0.711848367969957,-0.705465194005238
sx3197641a,b,h001,-0.711857531158024,0.705539249206047
sx2973161a,a,h001,0.709119281826098,-0.702162750679588
sx2973161a,b,h001,-0.709129086551956,0.702236714417098
sx2673306c,a,h001,0.155335798245005,0.983299985854017
sx2673306c,b,h001,-0.15539002606307,-0.983350789285483
sx2785515c,a,h001,0.155346643952414,0.983136753720427
sx2785515c,b,h001,-0.155400864800026,-0.983187547358144
sx2729429a,a,h001,0.707826980789727,-0.702162305376853
sx2729429a,b,h001,-0.707836352968865,0.702236083267352
sx2841633a,a,h001,0.707792652986005,-0.702154481229508
sx2841633a,b,h001,-0.707802023560426,0.702228257097445
sx3235258a,a,h001,0.706439890567634,-0.70196882594001
sx3235258a,b,h001,-0.706448906014372,0.702042429042258
sx3235258b,a,h001,-0.981912861887679,-0.236115906318641
sx3235258b,b,h001,0.981981796286512,0.236085006399136
sx3235258c,a,h001,0.184658976869772,0.993983464705919
sx3235258c,b,h001,-0.184715521386544,-0.994033190734264
sx2729414a,a,h001,0.702038030960647,-0.698463041955144
sx2729414a,b,h001,-0.702047244862167,0.698536339649949
sx2729414b,a,h001,-0.984145526392253,-0.236540067142553
sx2729414b,b,h001,0.984214286148043,0.236508828760923
sx2729414c,a,h001,0.183350394592745,0.989844197792395
sx2729414c,b,h001,-0.183406580904248,-0.989894079981571
sx2973167b,a,h001,-0.985904970934095,-0.236868785818076
sx2973167b,b,h001,0.985973592949144,0.236837278295266
sx3189189b,a,h001,-0.985701147095783,-0.23687667005097
sx3189189b,b,h001,0.985769757718679,0.236845172561997
sx3189188c,a,h001,0.181292500023701,0.982521011513308
sx3189188c,b,h001,-0.181348004685105,-0.982571422676127
sx2935560c,a,h001,0.183356889685406,0.989391654405381
sx2935560c,b,h001,-0.18341314407654,-0.989441177512595
sx2916610b,a,h001,-0.98355315056739,-0.23662487823449
sx2916610b,b,h001,0.98362188015275,0.236593672794083
sx3216368c,a,h001,0.183354536276123,0.989373008334819
sx3216368c,b,h001,-0.183410789661271,-0.98942253048242
sx3207907a,a,h001,0.696404416891158,-0.693037708216992
sx3207907a,b,h001,-0.69641429379892,0.693110695582615
sx3207907b,a,h001,-0.973329662238119,-0.235212966986628
sx3207907b,b,h001,0.973399067505796,0.235183206407487
sx3207907c,a,h001,0.181275836087902,0.982424938137349
sx3207907c,b,h001,-0.181331335273394,-0.982475344690284
sx2973166c,a,h001,0.182686566786344,0.986947609778216
sx2973166c,b,h001,-0.182742579033584,-0.986997357705358
sx2710532c,a,h001,0.183601387750082,0.990061455803412
sx2710532c,b,h001,-0.183657732144814,-0.990110841209953
sx2860504a,a,h001,0.699704232293134,-0.697910400282522
sx2860504a,b,h001,-0.699713049920447,0.697983457655871
sx3085403a,a,h001,0.698375955820179,-0.69637990903035
sx3085403a,b,h001,-0.698385057499594,0.696452918014207
sx2954355a,a,h001,0.70001259704066,-0.697975924697591
sx2954355a,b,h001,-0.700021429366487,0.698049000036272
sx3122827a,a,h001,0.699113180149327,-0.69667347732827
sx3122827a,b,h001,-0.699122310356993,0.696746537075732
sx3195751a,a,h001,0.703324745524291,-0.706244650438066
sx3195751a,b,h001,-0.703333666135526,0.706318461745723
sx2766724c,a,h001,0.185839488338089,0.997434045863799
sx2766724c,b,h001,-0.185896262716246,-0.997483915055366
sx3197647a,a,h001,0.709597145325784,-0.704348967285965
sx3197647a,b,h001,-0.709606089710998,0.704422805082192
sx2821010a,a,h001,0.701928204785706,-0.704453169854994
sx2821010a,b,h001,-0.70193748832164,0.704526942595133
sx2895461a,a,h001,0.703556631370312,-0.70638510021429
sx2895461a,b,h001,-0.703565558689201,0.70645893030342
sx2952014a,a,h001,0.7049650331592,-0.707985617626185
sx2952014a,b,h001,-0.704973681319467,0.708059504090334
sx3010585a,a,h001,0.7023110990525,-0.704682125412322
sx3010585a,b,h001,-0.702320393655119,0.70475592888707
sx3120502a,a,h001,0.704905849074565,-0.707950730266342
sx3120502a,b,h001,-0.704914495459678,0.708024611980489
sx3101789a,a,h001,0.696359506995917,-0.699954816897338
sx3101789a,b,h001,-0.696368323955125,0.700027943019114
sx3178982a,a,h001,0.695929702861825,-0.699698824091346
sx3178982a,b,h001,-0.695938507191862,0.699771915660018
sx2841623a,a,h001,0.697037383117826,-0.701130710280944
sx2841623a,b,h001,-0.697045895919244,0.701203833237934
sx3010563a,a,h001,0.697046330528344,-0.701134223286122
sx3010563a,b,h001,-0.697054843680655,0.701207346858387
sx2766727b,a,h001,-0.926133611583865,-0.297336767787256
sx2766727b,b,h001,0.926201552269945,0.297311595161284
sx3029507b,a,h001,-0.924047887331642,-0.296895328910195
sx3029507b,b,h001,0.924115936402224,0.296870462550121
sx3197643b,a,h001,-0.924088605176168,-0.296925937421708
sx3197643b,b,h001,0.924156657979459,0.29690107092052
sx3122823b,a,h001,-0.924293953336705,-0.297055968454743
sx3122823b,b,h001,0.924362023860131,0.297031099820365
sx2766726b,a,h001,-0.927397383908263,-0.298138335326698
sx2766726b,b,h001,0.927465434199871,0.298113149907496
sx2785526b,a,h001,-0.927381834608738,-0.298128414469836
sx2785526b,b,h001,0.927449883549081,0.298103229204627
sx2973162b,a,h001,-0.928760602900936,-0.298985626646558
sx2973162b,b,h001,0.928828770633234,0.298960426418165
sx3010570a,a,h001,0.745273500200419,-0.647176791304162
sx3010570a,b,h001,-0.745287321926969,0.647248977752437
sx2991919a,a,h001,0.744805516352493,-0.646930223316594
sx2991919a,b,h001,-0.744819322695925,0.647002373874022
sx3122824a,a,h001,0.74424028503438,-0.646645101083913
sx3122824a,b,h001,-0.744254072204015,0.646717209033524
sx2860489a,a,h001,0.744240778241724,-0.646645346810866
sx2860489a,b,h001,-0.744254565428233,0.646717454797476
sx3104131a,a,h001,0.742676988899544,-0.645115992820494
sx3104131a,b,h001,-0.742691053625321,0.645188021640822
sx3048210a,a,h001,0.740829117026685,-0.6432531032034
sx3048210a,b,h001,-0.740843535828206,0.643325043810179
sx2897778a,a,h001,0.744161129168158,-0.646977907460503
sx2897778a,b,h001,-0.744174749817218,0.647049991052907
sx3104132a,a,h001,0.74328236848921,-0.646161061806111
sx3104132a,b,h001,-0.743296123204399,0.646233097498887
sx3085402a,a,h001,0.740194424179872,-0.642929789112595
sx3085402a,b,h001,-0.740208822058114,0.643001681963183
sx2804252a,a,h001,0.741740325741905,-0.64464113237885
sx2804252a,b,h001,-0.741754359102473,0.644713090628174
sx3048214a,a,h001,0.741704585942451,-0.644623265135718
sx3048214a,b,h001,-0.741718618094398,0.644695220707078
sx3235275b,a,h001,-0.928376043839082,-0.299658628239206
sx3235275b,b,h001,0.928444467453733,0.299633718247677
sx2897779c,a,h001,0.182256382739134,1.000185919847003
sx2897779c,b,h001,-0.182312986096315,-1.000236441636946
sx2804261c,a,h001,0.182855741988787,1.002182092159949
sx2804261c,b,h001,-0.182912562325518,-1.002232371460971
sx3178980c,a,h001,0.182857391097768,1.002159566574196
sx3178980c,b,h001,-0.182914210482772,-1.002209844507827
sx2973164a,a,h001,0.744148294285444,-0.646971490343864
sx2973164a,b,h001,-0.744161914494482,0.647043572970962
sx2748132a,a,h001,0.692715535532932,-0.693691071645388
sx2748132a,b,h001,-0.692724148372192,0.693763562351677
sx3254205c,a,h001,0.182673826952215,0.99905837588076
sx3254205c,b,h001,-0.18273040243093,-0.999108814146661
sx3010569a,a,h001,0.74779443170624,-0.650283024860339
sx3010569a,b,h001,-0.747808914951993,0.650355694280648
sx2673321a,a,h001,0.749293135379774,-0.651958509976394
sx2673321a,b,h001,-0.74930725731548,0.652031241649599
sx2954354a,a,h001,0.749310476443847,-0.651967325128997
sx2954354a,b,h001,-0.749324598959481,0.652040058110266
sx2710519a,a,h001,0.751212119524738,-0.654032018945106
sx2710519a,b,h001,-0.751225817011664,0.654104838687677
sx3066819a,a,h001,0.749235622814309,-0.651929980879064
sx3066819a,b,h001,-0.74924974279335,0.652002708255406
sx3029499a,a,h001,0.751172093586955,-0.654012069793288
sx3029499a,b,h001,-0.751185789698304,0.654084886529063
sx2897772a,a,h001,0.750533812471664,-0.653320049388574
sx2897772a,b,h001,-0.750547649120169,0.653392836225139
sx3122826a,a,h001,0.753493023904928,-0.655443622980455
sx3122826a,b,h001,-0.753507222697454,0.655516750547146
sx2691953a,a,h001,0.753583347249863,-0.655772586692039
sx2691953a,b,h001,-0.753597244547927,0.655845656820069
sx2860491a,a,h001,0.754820557876737,-0.656956480495569
sx2860491a,b,h001,-0.754834326762167,0.657029636986202
sx2860491b,a,h001,-0.939508027223266,-0.307266659728049
sx2860491b,b,h001,0.939577744832794,0.307241955836534
sx2991922a,a,h001,0.755490193222031,-0.657413813805526
sx2991922a,b,h001,-0.755504123407926,0.657487067364218
sx2991923a,a,h001,0.754611818470972,-0.656415157280156
sx2991923a,b,h001,-0.754626035713722,0.656488392836997
sx3085400c,a,h001,0.173955117351383,0.999355054160533
sx3085400c,b,h001,-0.174011192245207,-0.999405912165732
sx3141399c,a,h001,0.173217884625036,0.996831960493988
sx3141399c,b,h001,-0.173273684831133,-0.996883125617924
sx2954351c,a,h001,0.174521578957193,1.00153926392969
sx2954351c,b,h001,-0.17457788046807,-1.001589891695516
sx3235266c,a,h001,0.173901267776083,1.000023495907856
sx3235266c,b,h001,-0.173957370632526,-1.000074394479887
sx2841626c,a,h001,0.174748020959367,1.00340974718034
sx2841626c,b,h001,-0.174804468613623,-1.00346030933582
sx2954350c,a,h001,0.174458274585842,1.002358926502268
sx2954350c,b,h001,-0.174514610544146,-1.002409604176776
sx3178977c,a,h001,0.174422157204836,1.002796305977689
sx3178977c,b,h001,-0.174478511407517,-1.002847010392374
sx3160105c,a,h001,0.174424414966759,1.002768675711241
sx3160105c,b,h001,-0.1744807680155,-1.002819378437784
sx2691945c,a,h001,0.17378379701506,1.001470656716656
sx2691945c,b,h001,-0.173839960358068,-1.001521643159188
sx3010567c,a,h001,0.174364084431683,1.003500340753161
sx3010567c,b,h001,-0.174420468005536,-1.003551088208192
sx2841625c,a,h001,0.174759980007002,1.003267071476699
sx2841625c,b,h001,-0.174816421720439,-1.003317624876654
sx2897776c,a,h001,0.173943243897451,0.999442979527104
sx2897776c,b,h001,-0.173999322186788,-0.999493843089604
sx3254215c,a,h001,0.17453040410389,1.001468468206781
sx3254215c,b,h001,-0.174586702836442,-1.001519091506745
sx3122819c,a,h001,0.173219053159476,0.996863118401866
sx3122819c,b,h001,-0.173274854887508,-0.996914285232618
sx2748133c,a,h001,0.174524928699574,1.001482642231276
sx2748133c,b,h001,-0.174581227770823,-1.001533266596784
sx3085399c,a,h001,0.17452638773188,1.001463414438295
sx3085399c,b,h001,-0.174582685993532,-1.00151403763425
sx2879074a,a,h001,0.69642092718287,-0.695879341547735
sx2879074a,b,h001,-0.696429650882188,0.695952129844618
sx3122820a,a,h001,0.69518314734604,-0.694378540149144
sx3122820a,b,h001,-0.695192159947456,0.69445128661079
sx2710517a,a,h001,0.696653851412125,-0.696005722615726
sx2710517a,b,h001,-0.696662582605274,0.6960785289679
sx3197639a,a,h001,0.695830446529529,-0.69474398361963
sx3197639a,b,h001,-0.695839479091667,0.694816780945598
sx3160106a,a,h001,0.698155569144771,-0.696111020139991
sx3160106a,b,h001,-0.698164670847129,0.696184003357277
sx3008248a,a,h001,0.68756716639599,-0.696124087634463
sx3008248a,b,h001,-0.687575368311007,0.696196484257165
sx3235247a,a,h001,0.696283493826402,-0.701283961312921
sx3235247a,b,h001,-0.696291955981052,0.701357058638252
sx2673312a,a,h001,0.695109472798836,-0.699804890204382
sx2673312a,b,h001,-0.695118224955225,0.699877950597821
sx2691944a,a,h001,0.695152974728253,-0.69983075648496
sx2691944a,b,h001,-0.695161728164912,0.699903820372987
sx2710516a,a,h001,0.695217542034376,-0.699869764966498
sx2710516a,b,h001,-0.695226297342154,0.699942834077397
sx2804256b,a,h001,-0.980730443399312,-0.220550434597515
sx2804256b,b,h001,0.980797890569242,0.220518116237818
sx2954347b,a,h001,-0.977831692004012,-0.220197067738352
sx2954347b,b,h001,0.977899344702778,0.22016517096177
sx3178975b,a,h001,-0.957336049368176,-0.217927450761438
sx3178975b,b,h001,0.957402422157217,0.217896389499084
sx3160100b,a,h001,-0.955941124962651,-0.216389176928331
sx3160100b,b,h001,0.956007081838526,0.216357882618501
sx3085390b,a,h001,-0.955931829799396,-0.216382291143129
sx3085390b,b,h001,0.955997785824418,0.21635099686837
sx2748152b,a,h001,-0.979152558628147,-0.220235662589152
sx2748152b,b,h001,0.979220029372488,0.220203502044827
sx2729434b,a,h001,-0.978539428858228,-0.220044878784197
sx2729434b,b,h001,0.978606855522235,0.220012735910616
sx2916608c,a,h001,0.190091904055203,0.998057438880194
sx2916608c,b,h001,-0.190149000240696,-0.998106983671632
sx2673313b,a,h001,-0.976023825029972,-0.219719990803372
sx2673313b,b,h001,0.976091352198913,0.219688151483434
sx2804257b,a,h001,-0.97781638232203,-0.21991552353415
sx2804257b,b,h001,0.977883761384646,0.21988340707892
sx2860485b,a,h001,-0.977786809666475,-0.219893531114419
sx2860485b,b,h001,0.977854186017118,0.219861414765292
sx2860506b,a,h001,-0.977711412740772,-0.219837394371691
sx2860506b,b,h001,0.977778782174096,0.21980527828923
sx3122815b,a,h001,-0.977749612177068,-0.219958276789461
sx3122815b,b,h001,0.977816989349584,0.219926165965125
sx3254213b,a,h001,-0.97568955657626,-0.219748118572424
sx3254213b,b,h001,0.975757065834518,0.219716296688392
sx2785543b,a,h001,-0.975511193174054,-0.219674462534678
sx2785543b,b,h001,0.975578688837022,0.219642644762858
sx3235248c,a,h001,0.189708387118244,0.994655098575964
sx3235248c,b,h001,-0.189765259157102,-0.994704629589214
sx2764412a,a,h001,0.688864653166308,-0.69603481303696
sx2764412a,b,h001,-0.68887322426275,0.696107368483414
sx3027132a,a,h001,0.688056957674873,-0.696338192936964
sx3027132a,b,h001,-0.688065177770455,0.696410624506465
sx3101787a,a,h001,0.686857595042445,-0.694836634922296
sx3101787a,b,h001,-0.68686610732572,0.694909028886893
sx3101788a,a,h001,0.686884130916477,-0.694852535426609
sx3101788a,b,h001,-0.686892643974494,0.694924931529604
sx2876812a,a,h001,0.687818482268034,-0.696222981227328
sx2876812a,b,h001,-0.687826694026329,0.696295395141689
sx2970811a,a,h001,0.686471907040766,-0.694661356927962
sx2970811a,b,h001,-0.686480405426612,0.6947337230764
sx2916607c,a,h001,0.189112095554214,0.99229267285939
sx2916607c,b,h001,-0.189168735901173,-0.99234242817761
sx3010564c,a,h001,0.189750273639739,0.994008648454096
sx3010564c,b,h001,-0.18980711805273,-0.994058140483718
sx2710515c,a,h001,0.188397624245415,0.988776563794574
sx2710515c,b,h001,-0.188453951359194,-0.988826572777279
sx2766746c,a,h001,0.189295063318724,0.990387939705765
sx2766746c,b,h001,-0.189351625791291,-0.990437578091919
sx2691941c,a,h001,0.189416865496677,0.989854841294201
sx2691941c,b,h001,-0.189473410340348,-0.989904443691382
sx3235241c,a,h001,0.189406802576934,0.989898935155177
sx3235241c,b,h001,-0.189463348879409,-0.989948540528532
sx3104118c,a,h001,0.1886037348226,0.987432965363514
sx3104118c,b,h001,-0.188660011617935,-0.987482888929121
sx2748126c,a,h001,0.189385856062116,0.989990448550268
sx2748126c,b,h001,-0.189442405388591,-0.990040060103311
sx3235267c,a,h001,0.189422246753415,0.989831298861124
sx3235267c,b,h001,-0.189478790818709,-0.989880899668885
sx2841645c,a,h001,0.189453255156982,0.989694944554378
sx2841645c,b,h001,-0.189509794704657,-0.989744536163825
sx3066829c,a,h001,0.189455208054506,0.989686355937347
sx3066829c,b,h001,-0.189511747317614,-0.98973594696743
sx3254203b,a,h001,-0.954197107067542,-0.215483276899003
sx3254203b,b,h001,0.954262921977402,0.21545201169903
sx2860480b,a,h001,-0.951988729261449,-0.215181964619118
sx2860480b,b,h001,0.952054670232431,0.215150995327228
sx3197624b,a,h001,-0.95633226075753,-0.215754902557044
sx3197624b,b,h001,0.956397948285556,0.215723344599737
sx2822860b,a,h001,-0.951993190467052,-0.215185264740491
sx2822860b,b,h001,0.952059131844201,0.215154295431005
sx3048199b,a,h001,-0.954209173458488,-0.215498753738205
sx3048199b,b,h001,0.954274989772135,0.21546748887426
sx2710508b,a,h001,-0.954124483541755,-0.215455251581271
sx2710508b,b,h001,0.954190292984004,0.215423988159462
sx3122810b,a,h001,-0.952794399977246,-0.215603353489047
sx3122810b,b,h001,0.952860406356122,0.215572370791791
sx2897765b,a,h001,-0.955562896492137,-0.21620202511925
sx2897765b,b,h001,0.955628823005422,0.216170737665844
sx2804248b,a,h001,-0.957020226690312,-0.216539282383586
sx2804248b,b,h001,0.957086120527805,0.216507841384603
sx2785512b,a,h001,-0.952880521639181,-0.21565217195846
sx2785512b,b,h001,0.952946535181649,0.215621188049367
sx2935553b,a,h001,-0.95575026779346,-0.217136447019606
sx2935553b,b,h001,0.955816513571002,0.217105414387794
sx3048207b,a,h001,-0.958042103600517,-0.217488593426661
sx3048207b,b,h001,0.95810823187783,0.217457264523631
sx2729427b,a,h001,-0.958600480390402,-0.217778561573434
sx2729427b,b,h001,0.958666654120604,0.217747223347205
sx2748131b,a,h001,-0.958913545166122,-0.217941079489473
sx2748131b,b,h001,0.958979744377945,0.217909736032679
sx2879066b,a,h001,-0.958281136945346,-0.217612889186917
sx2879066b,b,h001,0.958347284687868,0.21758155630233
sx2973152b,a,h001,-0.957575251327764,-0.218079936134113
sx2973152b,b,h001,0.957641644785592,0.218048872495945
sx2879068b,a,h001,-0.958700789938597,-0.218662776249517
sx2879068b,b,h001,0.958767274524651,0.218631693545483
sx2860484b,a,h001,-0.961538419724478,-0.219302926947158
sx2860484b,b,h001,0.961604832557036,0.219271539591796
sx3085397b,a,h001,-0.955882308331614,-0.217204986531758
sx3085397b,b,h001,0.955948564806338,0.217173951672708
sx3066812a,a,h001,0.718080033438943,-0.701726000864538
sx3066812a,b,h001,-0.718090015753483,0.701800220804908
sx3216344b,a,h001,-0.954639374836732,-0.218640469672135
sx3216344b,b,h001,0.95470630203991,0.218610102533355
sx2860501b,a,h001,-0.959869639357762,-0.219267125389834
sx2860501b,b,h001,0.959936218540568,0.219236022833373
sx3197632b,a,h001,-0.961502730297698,-0.219285624109285
sx3197632b,b,h001,0.961569140281223,0.21925423742159
sx2710514b,a,h001,-0.958631259499124,-0.218629182128305
sx2710514b,b,h001,0.958697738565337,0.218598100743252
sx3048203b,a,h001,-0.956275223751874,-0.217416673650169
sx3048203b,b,h001,0.956341512410601,0.217385632616485
sx2860500b,a,h001,-0.958570293167655,-0.217766762467214
sx2860500b,b,h001,0.958636464618064,0.217735424971271
sx3197660b,a,h001,-0.954374398113637,-0.21643753427686
sx3197660b,b,h001,0.954440533123874,0.216406525748297
sx2897800b,a,h001,-0.957846862193857,-0.216983824359109
sx2897800b,b,h001,0.957912824171615,0.216952370511196
sx3235246b,a,h001,-0.954895577913787,-0.21587270380215
sx3235246b,b,h001,0.954961450898251,0.21584142849702
sx2710512b,a,h001,-0.952468681098323,-0.21545638101684
sx2710512b,b,h001,0.952534662097896,0.215425405109134
sx2897791b,a,h001,-0.960406496550714,-0.246603687291939
sx2897791b,b,h001,0.96047467515296,0.246574427224699
sx2916618b,a,h001,-0.960774711754679,-0.246805929678168
sx2916618b,b,h001,0.960842920542348,0.246776663957882
sx3160113b,a,h001,-0.963497457163407,-0.247260844419338
sx3160113b,b,h001,0.963565518654433,0.247231209030304
sx2804269b,a,h001,-0.963424396682108,-0.247225438148768
sx2804269b,b,h001,0.963492452364028,0.247195804142275
sx2989564b,a,h001,-0.965438648483378,-0.24750515115605
sx2989564b,b,h001,0.965506577374432,0.247475225546808
sx2897789b,a,h001,-0.965410221447976,-0.247482777520562
sx2897789b,b,h001,0.96547814767533,0.247452851942835
sx2690941b,a,h001,-0.950286472497364,-0.214333494346919
sx2690941b,b,h001,0.950352277182311,0.214302555832091
sx3234185b,a,h001,-0.950254439995263,-0.214317031941281
sx3234185b,b,h001,0.950320242093127,0.214286093976559
sx3065750b,a,h001,-0.950220103518484,-0.214299409002775
sx3065750b,b,h001,0.950285902844261,0.214268471629107
sx3159037b,a,h001,-0.947731137077039,-0.214066863721378
sx3159037b,b,h001,0.947797122692452,0.214036293762606
sx2748124b,a,h001,-0.950412382001092,-0.21439895874404
sx2748124b,b,h001,0.950478196889458,0.214368018111217
sx2710504b,a,h001,-0.94808617537822,-0.214248663981284
sx2710504b,b,h001,0.948152189462717,0.214218087814837
sx2954346b,a,h001,-0.951874239051159,-0.21515006929917
sx2954346b,b,h001,0.951940172000904,0.215119103551739
sx2710505b,a,h001,-0.953808154227522,-0.21531051679493
sx2710505b,b,h001,0.953873938816864,0.215279259795751
sx3178974b,a,h001,-0.953779765975079,-0.215295772955863
sx3178974b,b,h001,0.953845548253724,0.215264516430654
sx2691943b,a,h001,-0.953709078836266,-0.21525919791242
sx2691943b,b,h001,0.953774855367535,0.215227942575417
sx2916603b,a,h001,-0.95524315943119,-0.216036055714098
sx2916603b,b,h001,0.955309059922287,0.216004773604018
sx2804254a,a,h001,0.717806361982125,-0.701568962454885
sx2804254a,b,h001,-0.717816335968867,0.701643160730089
sx2710513b,a,h001,-0.954782817958465,-0.215399143258464
sx2710513b,b,h001,0.95484853026545,0.215367740712787
sx2973149b,a,h001,-0.954939285530451,-0.21587884532328
sx2973149b,b,h001,0.955005161314598,0.215847568322101
sx3010562b,a,h001,-0.958595094654118,-0.217774426533281
sx3010562b,b,h001,0.958661267884641,0.217743088318888
sx3254228b,a,h001,-0.963151319940471,-0.247075107986642
sx3254228b,b,h001,0.963219353091192,0.247045478094967
sx2936213b,a,h001,-0.977252622719514,-0.295177069545256
sx2936213b,b,h001,0.977323959121441,0.295149857830281
sx2692633c,a,h001,0.16016289690886,1.010671234476161
sx2692633c,b,h001,-0.160218685546576,-1.010723374205421
sx3179646b,a,h001,-0.91903227774616,-0.282762370613042
sx3179646b,b,h001,0.919099718966722,0.282737207588971
sx3104830c,a,h001,0.15797754785452,1.014223522862487
sx3104830c,b,h001,-0.158033517991903,-1.014275482176702
sx3142078b,a,h001,-0.965646858530997,-0.337650980797096
sx3142078b,b,h001,0.965718811431966,0.337626182287856
sx2879752b,a,h001,-0.964634389720136,-0.337396713977246
sx2879752b,b,h001,0.964706386727541,0.337372062455513
sx2952003b,a,h001,-0.920111813249103,-0.303487077167569
sx2952003b,b,h001,0.920179935024715,0.303462782361439
sx2990826a,a,h001,0.713915667337833,-0.614543308949069
sx2990826a,b,h001,-0.713929524589214,0.614612233950092
sx2990826b,a,h001,-0.919395211838395,-0.303127246952304
sx2990826b,b,h001,0.919463276035858,0.303102965090849
sx2990826c,a,h001,0.151447689543237,1.010971608699999
sx2990826c,b,h001,-0.151502978209172,-1.011024167838665
sx3197626c,a,h001,0.155399451321236,0.990444360216896
sx3197626c,b,h001,-0.155454114259646,-0.990495235811711
sx3066807c,a,h001,0.155685133218118,0.991422053535708
sx3066807c,b,h001,-0.155739907628146,-0.991472807906453
sx3197627c,a,h001,0.155023826256171,0.986540405639033
sx3197627c,b,h001,-0.155078186744224,-0.986591407966281
sx3216343c,a,h001,0.155040135994745,0.986373439903283
sx3216343c,b,h001,-0.155094489660643,-0.986424431970806
sx3085393c,a,h001,0.155062473858842,0.986143891765502
sx3085393c,b,h001,-0.155116818140483,-0.986194869731763
sx2897770c,a,h001,0.155065098738623,0.986151454759351
sx2897770c,b,h001,-0.155119443527826,-0.986202433035091
sx2748128c,a,h001,0.155040650163603,0.986369660955917
sx2748128c,b,h001,-0.155095003683655,-0.986420652784539
sx3085392c,a,h001,0.155680010544608,0.987622230838035
sx3085392c,b,h001,-0.155734558477982,-0.987672931755022
sx3029497c,a,h001,0.155961234252373,0.988669124580111
sx3029497c,b,h001,-0.156015896630994,-0.98871970795339
sx2673307c,a,h001,0.155788226387182,0.986514159001566
sx2673307c,b,h001,-0.155842729051693,-0.986564791426564
sx2729406c,a,h001,0.155824313398404,0.986132285877373
sx2729406c,b,h001,-0.155878800391171,-0.986182894754279
sx2897768c,a,h001,0.155273499666125,0.983957863115644
sx2897768c,b,h001,-0.155327754480187,-0.984008706877516
sx2822863c,a,h001,0.156116692616439,0.987054110492735
sx2822863c,b,h001,-0.156171288890369,-0.987104593855019
sx2841619c,a,h001,0.154640961729062,0.980543448612438
sx2841619c,b,h001,-0.154694897737478,-0.980594550654349
sx2804282c,a,h001,0.155876726752183,0.985589709494053
sx2804282c,b,h001,-0.155931191545007,-0.98564028486086
sx3104154c,a,h001,0.154625329157843,0.980756612395575
sx3104154c,b,h001,-0.154679274185191,-0.980807727193038
sx2897806c,a,h001,0.155891093022235,0.985437513413352
sx2897806c,b,h001,-0.155945551568125,-0.985488079395969
sx3216342b,a,h001,-0.972762975224752,-0.226593840517052
sx3216342b,b,h001,0.972830628197324,0.226562557686324
sx2879063b,a,h001,-0.972748936973054,-0.226583352809115
sx2879063b,b,h001,0.972816588661917,0.22655207002766
sx3048227a,a,h001,0.714926796334599,-0.705391705205877
sx3048227a,b,h001,-0.714936424412103,0.7054659956635
sx3216367b,a,h001,-0.973543198493999,-0.227215023284752
sx3216367b,b,h001,0.973610924557732,0.22718373995714
sx3010561a,a,h001,0.71610110092459,-0.70683732193754
sx3010561a,b,h001,-0.716110444899347,0.706911652311135
sx2991939b,a,h001,-0.974168072944339,-0.227723288712483
sx2991939b,b,h001,0.974235858037921,0.227692005616925
sx2673308b,a,h001,-0.972368806423337,-0.228030813856345
sx2673308b,b,h001,0.972436829779925,0.227999892644756
sx3066808c,a,h001,0.192863956805983,0.994785408971456
sx3066808c,b,h001,-0.192921020056695,-0.994834801508959
sx3141396c,a,h001,0.19285772510808,0.99481272936739
sx3141396c,b,h001,-0.192914789264438,-0.994862123758802
sx3066810c,a,h001,0.194667571120751,0.990190093178472
sx3066810c,b,h001,-0.194724441460526,-0.990239471913668
sx2897769c,a,h001,0.194676420418296,0.990038037974233
sx2897769c,b,h001,-0.194733284203343,-0.990087407641068
sx2766749b,a,h001,-0.970014076832503,-0.224459544308529
sx2766749b,b,h001,0.970081474776526,0.224428266403634
sx2973178b,a,h001,-0.971547318597078,-0.224264542996593
sx2973178b,b,h001,0.971614535508423,0.224232974794182
sx3029518b,a,h001,-0.969486910447051,-0.224011817367165
sx3029518b,b,h001,0.969554257736748,0.223980538156864
sx2935549b,a,h001,-0.965984825742054,-0.222941396443895
sx2935549b,b,h001,0.966052254367915,0.222910479680986
sx3122811a,a,h001,0.714187655067225,-0.703877328288694
sx3122811a,b,h001,-0.714197312083088,0.703951496495035
sx3254207a,a,h001,0.714957253020875,-0.704336338490201
sx3254207a,b,h001,-0.714966648360564,0.704410470470525
sx2822877b,a,h001,-0.966535219147496,-0.220306915175192
sx2822877b,b,h001,0.96660196592947,0.220275351581415
sx2841618a,a,h001,0.71357867902684,-0.702776726742286
sx2841618a,b,h001,-0.713588352949134,0.70285080282501
sx3066805a,a,h001,0.713396205317119,-0.702671311382584
sx3066805a,b,h001,-0.713405873720299,0.702745372980204
sx2785514a,a,h001,0.713302328402213,-0.702616894650676
sx2785514a,b,h001,-0.713311993974685,0.702690948785443
sx3235244a,a,h001,0.713232352329227,-0.702576249068466
sx3235244a,b,h001,-0.713242015795618,0.702650297635548
sx2785513a,a,h001,0.713163849402764,-0.702536447523892
sx2785513a,b,h001,-0.713173510807971,0.702610490639829
sx3160101a,a,h001,0.713156176601819,-0.702531988394934
sx3160101a,b,h001,-0.713165837776211,0.702606030900243
sx3010559a,a,h001,0.714361199808698,-0.703990925869397
sx3010559a,b,h001,-0.714370576991939,0.704065010349334
sx3159448a,a,h001,0.714243680708339,-0.703522478377864
sx3159448a,b,h001,-0.714253357686765,0.703596628391483
sx2973156b,a,h001,-0.964672361459416,-0.219305522972916
sx2973156b,b,h001,0.964738955023515,0.219273988488795
sx3029501b,a,h001,-0.963219649640865,-0.218556865799163
sx3029501b,b,h001,0.963286125202578,0.218525355899072
sx2691949b,a,h001,-0.960853442611463,-0.218162784918937
sx2691949b,b,h001,0.960920027998632,0.218131571185292
sx3104127b,a,h001,-0.960859574941345,-0.218165942599242
sx3104127b,b,h001,0.960926160824231,0.218134728760704
sx2897774b,a,h001,-0.962725726739598,-0.218303122701806
sx2897774b,b,h001,0.96279216221795,0.218271621207284
sx2879061b,a,h001,-0.962993607245258,-0.218032268288131
sx2879061b,b,h001,0.963059914538797,0.2180006343054
sx3066813b,a,h001,-0.961410083546162,-0.21762621380738
sx3066813b,b,h001,0.961476412211293,0.217594734643368
sx2991910b,a,h001,-0.960661120253863,-0.217240949418025
sx2991910b,b,h001,0.960727388118048,0.21720948297149
sx2879072b,a,h001,-0.960276949423394,-0.217043351297807
sx2879072b,b,h001,0.960343186101759,0.21701189137571
sx3197635b,a,h001,-0.958405840905516,-0.216093318171236
sx3197635b,b,h001,0.958471926263161,0.216061890749532
sx2804258b,a,h001,-0.956308829734751,-0.215845346231742
sx2804258b,b,h001,0.956375048812034,0.215814211569486
sx3235250b,a,h001,-0.959141839925175,-0.216062732437457
sx3235250b,b,h001,0.959207834377368,0.216031164245527
sx2954349b,a,h001,-0.954324041207079,-0.214833808563719
sx2954349b,b,h001,0.954390100348032,0.214802708472344
sx2766722b,a,h001,-0.953625039402889,-0.214475554677824
sx2766722b,b,h001,0.953691042128654,0.21444446664444
sx2879071b,a,h001,-0.953377832638378,-0.214293686346423
sx2879071b,b,h001,0.95344381290234,0.214262599345647
sx3029504b,a,h001,-0.95302142711001,-0.21403149124513
sx3029504b,b,h001,0.953087374990942,0.214000405733658
sx2691948b,a,h001,-0.954657211168062,-0.213933407043853
sx2691948b,b,h001,0.954722981638031,0.213902029765386
sx2710546b,a,h001,-0.952071313237755,-0.213332582076095
sx2710546b,b,h001,0.952137174796033,0.213301500537993
sx2785547b,a,h001,-0.952307024363009,-0.213505966037138
sx2785547b,b,h001,0.952372907336244,0.213474883512936
sx3254214b,a,h001,-0.951838583496402,-0.213161382454989
sx3254214b,b,h001,0.951904423910386,0.213130301889992
sx3160104b,a,h001,-0.951420473909278,-0.21285380541711
sx3160104b,b,h001,0.951486276336643,0.212822726599771
sx3216349b,a,h001,-0.953303795968772,-0.212934190984099
sx3216349b,b,h001,0.953369442714089,0.212902819006227
sx2879077b,a,h001,-0.953157164852648,-0.212825903077236
sx2879077b,b,h001,0.953222798192268,0.212794531671806
sx2991916b,a,h001,-0.950859756759744,-0.212441317802414
sx2991916b,b,h001,0.950925508244955,0.212410241328564
sx3235245c,a,h001,0.191878718404938,0.995864226903545
sx3235245c,b,h001,-0.191935774050152,-0.99591372683532
sx2766716c,a,h001,0.191876048848104,0.995875917449385
sx2766716c,b,h001,-0.191933104880694,-0.995925418174609
sx3254209c,a,h001,0.190482463466932,0.991269717563094
sx3254209c,b,h001,-0.190539030621793,-0.99131977105659
sx3254204a,a,h001,0.716644651449852,-0.708156744806982
sx3254204a,b,h001,-0.716653964876717,0.708231177094922
sx2841627a,a,h001,0.692844333385374,-0.693767504063906
sx2841627a,b,h001,-0.692852950060442,0.693840005135577
sx3216348a,a,h001,0.693048708330539,-0.693889416570286
sx3216348a,b,h001,-0.693057331062684,0.693961934126453
sx2691947a,a,h001,0.693671251399038,-0.69465011363127
sx2691947a,b,h001,-0.693679730483959,0.694722653504597
sx2841648a,a,h001,0.693230280758043,-0.693996353786378
sx2841648a,b,h001,-0.693238908935965,0.694068885907745
sx2973157a,a,h001,0.692615285408254,-0.692854890567385
sx2973157a,b,h001,-0.692624222323171,0.692927430933513
sx3178978a,a,h001,0.695871413835774,-0.695547080886613
sx3178978a,b,h001,-0.69588012145637,0.695619824597972
sx2879075a,a,h001,0.695385273468589,-0.695262018797148
sx2879075a,b,h001,-0.695393966448359,0.695334723583292
sx3082992a,a,h001,0.693170394763488,-0.693961233242453
sx3082992a,b,h001,-0.693179021138275,0.694033760568654
sx2728247a,a,h001,0.716005334106038,-0.616750655376596
sx2728247a,b,h001,-0.716018745246226,0.61681967918615
sx2728247b,a,h001,-0.919431865918163,-0.303137881800644
sx2728247b,b,h001,0.919499932708029,0.303113598823212
sx2728247c,a,h001,0.152247415437718,1.014087958262187
sx2728247c,b,h001,-0.152303044154874,-1.014140174658824
sx3197633a,a,h001,0.71798772691273,-0.701672830678132
sx3197633a,b,h001,-0.71799770642794,0.701747043299197
sx2879069a,a,h001,0.719809203203862,-0.703856305644442
sx2879069a,b,h001,-0.719818759958041,0.70393058466582
sx3178971a,a,h001,0.718931808880919,-0.702978723785804
sx3178971a,b,h001,-0.718941496985969,0.703052958930514
sx2973154a,a,h001,0.719248878841766,-0.703153735533313
sx2973154a,b,h001,-0.719258577014793,0.703227995438526
sx2973155a,a,h001,0.719739226686364,-0.704598571396594
sx2973155a,b,h001,-0.719748885364768,0.704672938100056
sx3122814c,a,h001,0.189995225801989,1.012380281921731
sx3122814c,b,h001,-0.190052939531969,-1.012430815684072
sx2991908a,a,h001,0.72000421602495,-0.706080914575737
sx2991908a,b,h001,-0.720013820461707,0.706155379922263
sx2860481c,a,h001,0.190237637429928,1.013022162376856
sx2860481c,b,h001,-0.190295438388691,-1.013072560769195
sx2841621c,a,h001,0.189276923391436,1.009744793200162
sx2841621c,b,h001,-0.189334385944624,-1.009795535153366
sx2804255b,a,h001,-0.973376764337191,-0.226341676706021
sx2804255b,b,h001,0.973444441073769,0.226310350115808
sx2954345c,a,h001,0.189692960922178,1.01087664336499
sx2954345c,b,h001,-0.189750586950716,-1.010927104900595
sx2935555a,a,h001,0.720842324727825,-0.709144553609824
sx2935555a,b,h001,-0.720851833807623,0.709219236148468
sx2897773a,a,h001,0.721400198656319,-0.709846757361342
sx2897773a,b,h001,-0.721409567101117,0.709921458710519
sx2748127a,a,h001,0.720766450447796,-0.709100637447044
sx2748127a,b,h001,-0.720775957213158,0.709175313941782
sx3197631a,a,h001,0.720775788677999,-0.709106051146684
sx3197631a,b,h001,-0.720785295727802,0.709180728385784
sx2935554a,a,h001,0.721525690103178,-0.710135203249844
sx2935554a,b,h001,-0.721535052302498,0.710209927183664
sx2822866b,a,h001,-0.98037664828675,-0.229876191430989
sx2822866b,b,h001,0.980444888005205,0.229844741072287
sx3178972c,a,h001,0.187404209879292,1.002886930042315
sx3178972c,b,h001,-0.187461029459697,-1.002938200206864
sx3104123c,a,h001,0.18948600299585,1.009743844622022
sx3104123c,b,h001,-0.18954356416942,-1.009794250785886
sx2973153a,a,h001,0.721811959296732,-0.711357086678328
sx2973153a,b,h001,-0.721821420520354,0.711431942786936
sx3216123a,a,h001,0.722345742881098,-0.712332339431807
sx3216123a,b,h001,-0.722355189145206,0.712407276928667
sx2972930a,a,h001,0.721595380083054,-0.711770547929581
sx2972930a,b,h001,-0.721605090795564,0.711845515495232
sx3029506b,a,h001,-0.993229126329094,-0.23482000522726
sx3029506b,b,h001,0.993297951001829,0.23478793232013
sx2785521c,a,h001,0.187983947874131,1.003780450125661
sx2785521c,b,h001,-0.188040949192978,-1.00383132610646
sx3197661c,a,h001,0.189306619991564,1.007787676284299
sx3197661c,b,h001,-0.189364079609513,-1.007837978601558
sx3216345b,a,h001,-0.985892178501489,-0.231265917680987
sx3216345b,b,h001,0.985961121059219,0.231234543497828
sx2879070b,a,h001,-0.99068409590292,-0.232350342358163
sx2879070b,b,h001,0.990752786476853,0.232318346853943
sx2973160b,a,h001,-0.992190912849152,-0.2346681710934
sx2973160b,b,h001,0.992259796513253,0.234636239998944
sx3066815c,a,h001,0.188635390591712,1.008361755275393
sx3066815c,b,h001,-0.188692750918363,-1.008412448068046
sx2897777c,a,h001,0.187660199735508,1.006100094996973
sx2897777c,b,h001,-0.187717397244664,-1.006150703989267
sx2991914c,a,h001,0.187123875864971,1.00153326764039
sx2991914c,b,h001,-0.187180916374748,-1.001583312384482
sx2822869a,a,h001,0.715486301224365,-0.70681031980491
sx2822869a,b,h001,-0.715495894555092,0.706884718719949
sx2729410c,a,h001,0.185950380148639,0.997619147390312
sx2729410c,b,h001,-0.186007081917115,-0.997669352235057
sx3197640c,a,h001,0.187985636299365,1.005146971896136
sx3197640c,b,h001,-0.188042939128364,-1.005197021678162
sx2954353a,a,h001,0.726562815732374,-0.715257534998121
sx2954353a,b,h001,-0.726572647724578,0.715332933050922
sx3160109b,a,h001,-0.984882235138356,-0.235408904854551
sx3160109b,b,h001,0.984950985693258,0.235377565487826
sx3104136b,a,h001,-0.986267259165155,-0.235167007788497
sx3104136b,b,h001,0.986335824107789,0.235135384003469
sx2822872b,a,h001,-0.983305244758006,-0.234167759529178
sx2822872b,b,h001,0.983373848179582,0.234136422012588
sx3122821b,a,h001,-0.979940256463788,-0.231830952047188
sx3122821b,b,h001,0.980008560149202,0.231799636710278
sx2860482a,a,h001,0.71556580943377,-0.706771190877723
sx2860482a,b,h001,-0.71557540918278,0.70684559113159
sx3010560b,a,h001,-0.977621877515538,-0.23030357170306
sx3010560b,b,h001,0.977689978474131,0.230272276483065
sx3104119a,a,h001,0.715432690444124,-0.706373982827147
sx3104119a,b,h001,-0.715442301275496,0.706448353787012
sx2785517c,a,h001,0.193048021099772,0.995175854613143
sx2785517c,b,h001,-0.193105156166326,-0.995225097014719
sx3066809c,a,h001,0.192135183792548,0.991743759025984
sx3066809c,b,h001,-0.19219197699545,-0.991793343327317
sx2954344c,a,h001,0.192151494841224,0.991455490830389
sx2954344c,b,h001,-0.192208275588507,-0.991505057960575
sx2897767c,a,h001,0.192153924548358,0.991415716733131
sx2897767c,b,h001,-0.19221070358764,-0.991465281485841
sx3254208c,a,h001,0.192157020889741,0.991364903766874
sx3254208c,b,h001,-0.192213797746532,-0.991414465482627
sx2748125c,a,h001,0.192164691383629,0.99121020798776
sx2748125c,b,h001,-0.192221461492381,-0.991259760538974
sx2673303c,a,h001,0.192788593079705,0.993245996908122
sx2673303c,b,h001,-0.192845580276326,-0.993295304712124
sx3104117c,a,h001,0.191458611640597,0.988323587381048
sx3104117c,b,h001,-0.191515099641012,-0.988373429334434
sx3010568a,a,h001,0.733769039062,-0.717874724121475
sx3010568a,b,h001,-0.733779162169132,0.717950604044649
sx3029505c,a,h001,0.186976644752893,1.013648325894587
sx3029505c,b,h001,-0.187034153387509,-1.013699396646468
sx2673318c,a,h001,0.186983168856525,1.013620523978504
sx2673318c,b,h001,-0.187040676581416,-1.013671592844224
sx3178979c,a,h001,0.185528985183045,1.013573415101807
sx3178979c,b,h001,-0.185586296858884,-1.013624958266854
sx3104129a,a,h001,0.736510745272307,-0.717606522665774
sx3104129a,b,h001,-0.736521387034532,0.717682631889697
sx3141401a,a,h001,0.74048804150494,-0.720260449732931
sx3141401a,b,h001,-0.740498438657056,0.720336775843828
sx2841632b,a,h001,-0.965632201299603,-0.238692897002931
sx2841632b,b,h001,0.965699995521046,0.2386626593408
sx2748157a,a,h001,0.702286301615134,-0.678245601148581
sx2748157a,b,h001,-0.702296852229589,0.678317853157413
sx2785537a,a,h001,0.705072411936714,-0.681569177091504
sx2785537a,b,h001,-0.705082305657026,0.681641527039582
sx2691967b,a,h001,-0.973856318887074,-0.245832907342385
sx2691967b,b,h001,0.973924656664777,0.245802488620756
sx2916620a,a,h001,0.71770015697096,-0.685425395717503
sx2916620a,b,h001,-0.717710453958655,0.685498503381818
sx2916620b,a,h001,-0.977679151803056,-0.25081443296543
sx2916620b,b,h001,0.977747812893494,0.250784019625959
sx2916620c,a,h001,0.181030449326164,1.017585154909638
sx2916620c,b,h001,-0.181087924119419,-1.017636241567433
sx2766738c,a,h001,0.178682698966967,1.015159786064385
sx2766738c,b,h001,-0.178739788896365,-1.015211326253209
sx3066814b,a,h001,-0.977940408627161,-0.257196293630703
sx3066814b,b,h001,0.97800937793047,0.257166239507778
sx2820535b,a,h001,-0.974199848670287,-0.254326095326169
sx2820535b,b,h001,0.974268846782422,0.254296367352571
sx2785534b,a,h001,-0.973613455441216,-0.252818245343314
sx2785534b,b,h001,0.973682351209522,0.252788456889599
sx2691965b,a,h001,-0.977661444523682,-0.25341903839969
sx2691965b,b,h001,0.977730100838711,0.25338867304262
sx2748144a,a,h001,0.722666820715631,-0.681309079200241
sx2748144a,b,h001,-0.722678029739201,0.681382314097066
sx2897792a,a,h001,0.713430105900695,-0.68406536414733
sx2897792a,b,h001,-0.713440364045618,0.684138243163682
sx2785538a,a,h001,0.712054083007532,-0.68252616279035
sx2785538a,b,h001,-0.712064624789862,0.682598984935355
sx2897793a,a,h001,0.713814170371689,-0.684664909336041
sx2897793a,b,h001,-0.713824278741253,0.684737793846516
sx3254231a,a,h001,0.713779323669644,-0.68464539114108
sx3254231a,b,h001,-0.71378943094177,0.684718272910247
sx3254230a,a,h001,0.714321938553747,-0.685322790294985
sx3254230a,b,h001,-0.71433190062985,0.685395689767454
sx2673331b,a,h001,-0.964521319601286,-0.249882064744595
sx2673331b,b,h001,0.964590208394394,0.249853068813702
sx2935567b,a,h001,-0.971477197324821,-0.250855076342171
sx2935567b,b,h001,0.971545627858668,0.250825062253935
sx2804272b,a,h001,-0.971794484349501,-0.251024827304677
sx2804272b,b,h001,0.971862940956304,0.250994808202674
sx3160115b,a,h001,-0.964328310623098,-0.249797033875988
sx3160115b,b,h001,0.964397184622689,0.249768042185824
sx3254227b,a,h001,-0.973499480749194,-0.251556041328398
sx3254227b,b,h001,0.973567934405793,0.251525867006135
sx2860499b,a,h001,-0.964440046268924,-0.249838033738658
sx2860499b,b,h001,0.964508928464114,0.249809039108174
sx3254229b,a,h001,-0.969367522632921,-0.250512487062976
sx3254229b,b,h001,0.969436069421925,0.250482764413772
sx2822873b,a,h001,-0.972351676207116,-0.250929069547157
sx2822873b,b,h001,0.972420034752236,0.25089891251589
sx3178988b,a,h001,-0.972374141488473,-0.250941492484833
sx3178988b,b,h001,0.972442501902098,0.250911335123957
sx2785536b,a,h001,-0.971316908756736,-0.250765207458761
sx2785536b,b,h001,0.971385325930648,0.250735195663603
sx3066826b,a,h001,-0.966659518926628,-0.250048955504869
sx3066826b,b,h001,0.966728210697778,0.250019600089443
sx3197653b,a,h001,-0.962875358355757,-0.246917764463702
sx3197653b,b,h001,0.962943368490599,0.246888138412949
sx2785535b,a,h001,-0.960309862491594,-0.246547631901165
sx2785535b,b,h001,0.960378033037596,0.246518373142474
sx2916619b,a,h001,-0.96486225705305,-0.248018696161434
sx2916619b,b,h001,0.964930431452013,0.247989040589621
sx2916617b,a,h001,-0.964935880267556,-0.248057643269316
sx2916617b,b,h001,0.965004060669366,0.248027986495605
sx3122835b,a,h001,-0.967848959856043,-0.248835461089715
sx3122835b,b,h001,0.967917088659636,0.24880549976318
sx2691966b,a,h001,-0.962934805612047,-0.249027253991898
sx2691966b,b,h001,0.963003565826126,0.24899828372507
sx3104145b,a,h001,-0.968515552186143,-0.249207845964728
sx3104145b,b,h001,0.968583736484015,0.249177875021861
sx2973171b,a,h001,-0.966970944395872,-0.249183069640168
sx2973171b,b,h001,0.967039292955546,0.249153382504564
sx2804270b,a,h001,-0.9685331709293,-0.249217591805469
sx2804270b,b,h001,0.968601356689529,0.249187620602798
sx3235273b,a,h001,-0.966913399026015,-0.249152634314911
sx3235273b,b,h001,0.966981742893726,0.249122948119023
sx2729423c,a,h001,0.17888834809685,1.018754821575734
sx2729423c,b,h001,-0.178945707159717,-1.018806234431533
sx2729424a,a,h001,0.723775156674225,-0.68251548057673
sx2729424a,b,h001,-0.723786083535321,0.682588743788439
sx3160114a,a,h001,0.723793091359052,-0.682525008365259
sx3160114a,b,h001,-0.723804018806604,0.682598272956122
sx3104144a,a,h001,0.724406379810095,-0.683242350623472
sx3104144a,b,h001,-0.724417165765658,0.683315639653234
sx3197652a,a,h001,0.722507073553329,-0.681057803892319
sx3197652a,b,h001,-0.722518285250746,0.681131016799986
sx3141394b,a,h001,-0.979717180597251,-0.295632031434092
sx3141394b,b,h001,0.979788376209154,0.295604456903042
sx2804277c,a,h001,0.166584417915315,1.016319325237193
sx2804277c,b,h001,-0.166640848469045,-1.016371490377036
sx3197625c,a,h001,0.16713146747097,1.018351620571078
sx3197625c,b,h001,-0.167188118341532,-1.018403553787733
sx2785511a,a,h001,0.745289690741316,-0.681749512976233
sx2785511a,b,h001,-0.745302178819648,0.681823806003564
sx2973148a,a,h001,0.737192049836587,-0.682025209531984
sx2973148a,b,h001,-0.737204059669398,0.682099149058895
sx3160098a,a,h001,0.737060557166618,-0.683514393883249
sx3160098a,b,h001,-0.737072202597434,0.683588325172838
sx2916602a,a,h001,0.737228525167698,-0.682044691527373
sx2916602a,b,h001,-0.737240536177813,0.682118633859012
sx3231255c,a,h001,0.174038968945324,1.015679189742836
sx3231255c,b,h001,-0.174095809239512,-1.01573097407923
sx3118855c,a,h001,0.172939000067932,1.013160314612325
sx3118855c,b,h001,-0.172995544892715,-1.01321241573569
sx3085410b,a,h001,-0.971638795600359,-0.250932311413363
sx3085410b,b,h001,0.97170723899124,0.250902294233906
sx2992556c,a,h001,0.095303759207702,1.020485293495479
sx2992556c,b,h001,-0.095356298265292,-1.020540665575516
sx3198356c,a,h001,0.154735595111548,0.997206783718855
sx3198356c,b,h001,-0.154790534125088,-0.997258077537428
sx3048968c,a,h001,0.153510318489008,0.99238491981623
sx3048968c,b,h001,-0.153564739950766,-0.992436742756695
sx2767414c,a,h001,0.153933975718,1.005140480224122
sx2767414c,b,h001,-0.153989237294682,-1.00519226584081
sx3045895c,a,h001,0.153592892673782,1.00109560107983
sx3045895c,b,h001,-0.15364784737566,-1.001147498455029
sx2692664c,a,h001,0.154136670094105,1.003129620815226
sx2692664c,b,h001,-0.15419184988551,-1.003181281795508
sx2991901b,a,h001,-0.967969715725292,-0.215492308787753
sx2991901b,b,h001,0.968036588002282,0.215460602375852
sx2673322b,a,h001,-0.977596821462208,-0.219138109318954
sx2673322b,b,h001,0.977664022791815,0.219105855506902
sx2766730b,a,h001,-0.976576871264336,-0.21901850990098
sx2766730b,b,h001,0.976644137793667,0.218986399338975
sx2689691a,a,h001,0.696991123024357,-0.700320262333043
sx2689691a,b,h001,-0.696999959050725,0.700393438604404
sx2914323b,a,h001,-0.977689582982,-0.219186963815237
sx2914323b,b,h001,0.977756791912527,0.219154708502779
sx3048222c,a,h001,0.188505730700373,0.997273183004828
sx3048222c,b,h001,-0.188562459945792,-0.997323667060627
sx3122837c,a,h001,0.188500107952301,0.997361277287953
sx3122837c,b,h001,-0.188556840966405,-0.997411766582129
sx2991933c,a,h001,0.187725439395691,0.994898341691671
sx2991933c,b,h001,-0.18778190601498,-0.994949149178695
sx2710525c,a,h001,0.189072935924471,0.999933594495819
sx2710525c,b,h001,-0.189129929680515,-0.999983786851334
sx2673323c,a,h001,0.189068920464186,0.999996345659388
sx2673323c,b,h001,-0.189125916904699,-1.000046541775343
sx2710542b,a,h001,-0.974134908125127,-0.218666774251436
sx2710542b,b,h001,0.97420227887731,0.218634962485978
sx2766742b,a,h001,-0.974982577189179,-0.218286211212869
sx2766742b,b,h001,0.975049718285419,0.218254132821416
sx3254234b,a,h001,-0.97159284185246,-0.217402177894528
sx3254234b,b,h001,0.971660009076465,0.217370412161366
sx3104114b,a,h001,-0.970966014247004,-0.217087158784037
sx3104114b,b,h001,0.971033131141844,0.217055404215331
sx2822857b,a,h001,-0.972616704815415,-0.217115571913613
sx2822857b,b,h001,0.972683655936709,0.217083536367303
sx2691939b,a,h001,-0.970507296941056,-0.216856662189075
sx2691939b,b,h001,0.970574377006956,0.216824915792928
sx2860478b,a,h001,-0.972534569053788,-0.217075945488415
sx2860478b,b,h001,0.972601513626379,0.217043911488808
sx2822858b,a,h001,-0.970453402415228,-0.216829626576676
sx2822858b,b,h001,0.970520478156212,0.216797881143386
sx3254206b,a,h001,-0.969688590893161,-0.216411856985309
sx3254206b,b,h001,0.96975560370727,0.216380123218399
sx2766715b,a,h001,-0.97189873363507,-0.216759671705206
sx2766715b,b,h001,0.97196562707694,0.216727649123999
sx2860479b,a,h001,-0.972142858389455,-0.216400313293738
sx2860479b,b,h001,0.97220961902244,0.216368155546749
sx3178969b,a,h001,-0.971091998061937,-0.216268858571428
sx3178969b,b,h001,0.971158822530513,0.216236845253817
sx2729401b,a,h001,-0.971076467608311,-0.216260920321651
sx2729401b,b,h001,0.971143290818274,0.216228907270506
sx2804245b,a,h001,-0.968584218470941,-0.215806703459479
sx2804245b,b,h001,0.968651140336149,0.215774986427688
sx3216338b,a,h001,-0.967958434009401,-0.215486753346143
sx3216338b,b,h001,0.968025305385866,0.215455047141899
sx2691938b,a,h001,-0.968093689112222,-0.2155558319234
sx2691938b,b,h001,0.968160571397689,0.215524123374542
sx2673326b,a,h001,-0.970246363821465,-0.215835342415093
sx2673326b,b,h001,0.970313119700505,0.215803343532217
sx3251806b,a,h001,-0.970484234967116,-0.215957583757139
sx3251806b,b,h001,0.970551010153365,0.215925580831117
sx3160108b,a,h001,-0.965761827002414,-0.215392532309041
sx3160108b,b,h001,0.965828901744162,0.215361182051093
sx2841624b,a,h001,-0.970299945507811,-0.215863266421674
sx2841624b,b,h001,0.970366705753684,0.215831266650726
sx2729409b,a,h001,-0.968252114193417,-0.215637260769453
sx2729409b,b,h001,0.968319009280249,0.215605549504614
sx3029510b,a,h001,-0.970376112160489,-0.215902212352413
sx3029510b,b,h001,0.970442878579578,0.215870211275412
sx2991927b,a,h001,-0.968341606982019,-0.215682878119552
sx2991927b,b,h001,0.9684085092829,0.215651165298173
sx2954338b,a,h001,-0.970385629553178,-0.216804479666261
sx2954338b,b,h001,0.970452700258587,0.216772735962088
sx3197634b,a,h001,-0.977989091149964,-0.221207326780674
sx3197634b,b,h001,0.978057127126073,0.221175736986567
sx2729408b,a,h001,-0.980417153063167,-0.221441259118583
sx2729408b,b,h001,0.980485010891882,0.221409313078152
sx2991909a,a,h001,0.70237339772633,-0.705576921300879
sx2991909a,b,h001,-0.702382295138588,0.705650650206134
sx3085398b,a,h001,-0.980249419551543,-0.221404474157633
sx3085398b,b,h001,0.980317266073084,0.221372533885238
sx2673314c,a,h001,0.190291230287016,1.004415358622424
sx2673314c,b,h001,-0.190348633942645,-1.004465259690307
sx3122817c,a,h001,0.18998374895805,1.003421157230277
sx3122817c,b,h001,-0.190041045091732,-1.003471177928364
sx3160102b,a,h001,-0.978588618005728,-0.220673250288164
sx3160102b,b,h001,0.978656335855565,0.220641345642084
sx2822871b,a,h001,-0.984548469736104,-0.22588744158641
sx2822871b,b,h001,0.984616767365175,0.225855560726875
sx2876813a,a,h001,0.70593441858754,-0.707609238959393
sx2876813a,b,h001,-0.705943424889128,0.707683249011836
sx2952013a,a,h001,0.706858383336597,-0.709286171435434
sx2952013a,b,h001,-0.706866938728841,0.709360170932699
sx2916598a,a,h001,0.709357567157808,-0.710315063283548
sx2916598a,b,h001,-0.709366218666207,0.710389237730158
sx3048212a,a,h001,0.709360566036731,-0.71031685019287
sx3048212a,b,h001,-0.709369217634634,0.710391024881596
sx2691973a,a,h001,0.708680841076428,-0.709530262276249
sx2691973a,b,h001,-0.708689630986724,0.709604409304516
sx2954357a,a,h001,0.705979358323056,-0.706211924682569
sx2954357a,b,h001,-0.705988790521677,0.706285983728421
sx2841639a,a,h001,0.708575801733836,-0.708706150670415
sx2841639a,b,h001,-0.708584908190753,0.708780345278531
sx2804262a,a,h001,0.710057603589011,-0.710343061361136
sx2804262a,b,h001,-0.710066434742288,0.710417318965182
sx2973165a,a,h001,0.709128034687643,-0.709032435315514
sx2973165a,b,h001,-0.709137157510364,0.709106674178022
sx2785529c,a,h001,0.188221461467103,1.003866393318552
sx2785529c,b,h001,-0.188278588086706,-1.003916849093906
sx3197646b,a,h001,-0.985729154393753,-0.227319908746481
sx3197646b,b,h001,0.985797585096965,0.227288055979558
sx3141389a,a,h001,0.707489733856159,-0.708825637659202
sx3141389a,b,h001,-0.707498488154153,0.708899688940996
sx3197618a,a,h001,0.7074830276186,-0.708822482121821
sx3197618a,b,h001,-0.707491781678016,0.708896532911891
sx2691936a,a,h001,0.707564321736941,-0.708870495229309
sx2691936a,b,h001,-0.707573078230535,0.708944552549551
sx3216336a,a,h001,0.706446123696366,-0.707444929422363
sx3216336a,b,h001,-0.70645516718145,0.70751895319915
sx3216337a,a,h001,0.707687601979474,-0.708944921708448
sx3216337a,b,h001,-0.707696362088642,0.70901898902579
sx2841615a,a,h001,0.707755376038062,-0.708983325131523
sx2841615a,b,h001,-0.707764138252806,0.709057397798245
sx2954348a,a,h001,0.706699255036137,-0.70759478051237
sx2954348a,b,h001,-0.706708306008201,0.707668824590268
sx3235249a,a,h001,0.70864789153971,-0.709895194247097
sx3235249a,b,h001,-0.70865652172727,0.709969311572487
sx2916599a,a,h001,0.707106328171938,-0.707836202790505
sx2916599a,b,h001,-0.707115391163713,0.707910279541555
sx3122816b,a,h001,-0.979821175194598,-0.221151521930126
sx3122816b,b,h001,0.979888985603285,0.221119587073167
sx3160103c,a,h001,0.189877745913497,1.000788055607442
sx3160103c,b,h001,-0.189934913294192,-1.000837930282517
sx2935556b,a,h001,-0.977689376079112,-0.220129626009001
sx2935556b,b,h001,0.977757017534615,0.220097732005444
sx3104124b,a,h001,-0.979761567098924,-0.220391919625394
sx3104124b,b,h001,0.979829080104803,0.220359739589973
sx2970804c,a,h001,0.097575649494903,1.005856122611286
sx2970804c,b,h001,-0.097627522450906,-1.005910873507019
sx3176661c,a,h001,0.098211762522868,1.009008970890071
sx3176661c,b,h001,-0.098263994744804,-1.009063391389733
sx3048937c,a,h001,0.097980871566934,1.008015782207425
sx3048937c,b,h001,-0.098032985776122,-1.008070315614578
sx2804957c,a,h001,0.09818696931927,1.009083935980675
sx2804957c,b,h001,-0.098239203586186,-1.009138361936535
sx2767343c,a,h001,0.096999903297175,1.003381592407853
sx2767343c,b,h001,-0.097051481313997,-1.003436637371633
sx3179608c,a,h001,0.161612211106056,1.013099484355232
sx3179608c,b,h001,-0.161668080493755,-1.013152104659847
sx3086002c,a,h001,0.162286863214372,1.015750277056222
sx3086002c,b,h001,-0.162343013840618,-1.015802608207928
sx2842330c,a,h001,0.162279654898541,1.015826850370801
sx2842330c,b,h001,-0.162335808668678,-1.015879186220136
sx3235945c,a,h001,0.162274475190528,1.015881940443116
sx3235945c,b,h001,-0.162330631222883,-1.015934279671841
sx2955006c,a,h001,0.162261109919474,1.016048287825712
sx2955006c,b,h001,-0.162317272916875,-1.016100637153674
sx2692600c,a,h001,0.162265440324846,1.016031629276946
sx2692600c,b,h001,-0.162321602801168,-1.016083977455388
sx3235946a,a,h001,0.694345578569412,-0.617730701963941
sx3235946a,b,h001,-0.694358163430181,0.617798922344974
sx3011229a,a,h001,0.69522880433835,-0.618983231402541
sx3011229a,b,h001,-0.695241068602111,0.619051474343056
sx2767342a,a,h001,0.693696844878223,-0.617397799543834
sx2767342a,b,h001,-0.693709408276018,0.617465970867137
sx2748780a,a,h001,0.693590158260441,-0.617343045357279
sx2748780a,b,h001,-0.693602718129006,0.617411208612521
sx2823544a,a,h001,0.693461966868156,-0.61727727246057
sx2823544a,b,h001,-0.693474522495285,0.617345426022565
sx3195321a,a,h001,0.694774619547228,-0.618750449894038
sx3195321a,b,h001,-0.694786868611266,0.618818658407056
sx2823545a,a,h001,0.693170246329385,-0.617127158682222
sx2823545a,b,h001,-0.693182792325213,0.617195290160157
sx3101782a,a,h001,0.691487241365453,-0.615267052721298
sx3101782a,b,h001,-0.69150017293886,0.615335116088063
sx2936214a,a,h001,0.70267635922289,-0.617856987408247
sx2936214a,b,h001,-0.70268941572112,0.617925594600926
sx3142049c,a,h001,0.157015427479662,1.014408465933756
sx3142049c,b,h001,-0.157071349960801,-1.014460480359739
sx2804956a,a,h001,0.7026637269189,-0.617849261224639
sx2804956a,b,h001,-0.702676783057815,0.617917867388856
sx2730106c,a,h001,0.155383425219344,1.011523358358722
sx2730106c,b,h001,-0.155438971714743,-1.01157576728988
sx2936212a,a,h001,0.706664442365956,-0.617619482978709
sx2936212a,b,h001,-0.706677738713273,0.617688257930782
sx3029495b,a,h001,-0.916491764166111,-0.291263886446633
sx3029495b,b,h001,0.916558870680046,0.291238813949586
sx2804247b,a,h001,-0.914365373599441,-0.290818588924003
sx2804247b,b,h001,0.914432589758615,0.29079382637918
sx3104115b,a,h001,-0.917624223434654,-0.291534038131138
sx3104115b,b,h001,0.917691282499485,0.291508810262213
sx2954339b,a,h001,-0.914482270413736,-0.290894159169115
sx2954339b,b,h001,0.914549496726961,0.290869395499236
sx3048200b,a,h001,-0.917563975127988,-0.291498835777379
sx3048200b,b,h001,0.917631029095196,0.291473608687818
sx3216339b,a,h001,-0.914296218436705,-0.290778061695534
sx3216339b,b,h001,0.91436342877851,0.29075330006052
sx3048201b,a,h001,-0.914296106267834,-0.290778258574756
sx3048201b,b,h001,0.914363316612119,0.290753496956564
sx3141390b,a,h001,-0.915288402868966,-0.291391698814415
sx3141390b,b,h001,0.915355698135783,0.291366926007344
sx2710537b,a,h001,-0.91498647194146,-0.291204357730749
sx2710537b,b,h001,0.915053741336995,0.291179588287936
sx2673300b,a,h001,-0.915338650550882,-0.291422885890353
sx2673300b,b,h001,0.915405950123689,0.291398112523968
sx3085388b,a,h001,-0.91842084232471,-0.292029833493119
sx3085388b,b,h001,0.91848797018359,0.292004597084399
sx2822859b,a,h001,-0.915361680011322,-0.291434964024018
sx2822859b,b,h001,0.915428981457108,0.29141019027183
sx2991902b,a,h001,-0.915770293427572,-0.291694493219256
sx2991902b,b,h001,0.915837630158423,0.29166971526455
sx2991918b,a,h001,-0.916215491438815,-0.291974575090033
sx2991918b,b,h001,0.916282866492739,0.291949792399915
sx2897764b,a,h001,-0.916186515095311,-0.291956359889539
sx2897764b,b,h001,0.916253887655555,0.291931577508462
sx2860488b,a,h001,-0.916513154199594,-0.292161186499296
sx2860488b,b,h001,0.916580554847313,0.292136400604981
sx2804260b,a,h001,-0.918695850774059,-0.29353457974912
sx2804260b,b,h001,0.918763439331625,0.293509770654873
sx2973163b,a,h001,-0.922435576409662,-0.294566343810089
sx2973163b,b,h001,0.92250305272121,0.294541066571
sx3104130b,a,h001,-0.921425200542968,-0.295250830744364
sx3104130b,b,h001,0.921493024043108,0.295225992582251
sx2879079b,a,h001,-0.924004350847672,-0.295994647686471
sx2879079b,b,h001,0.924072107256521,0.295969497107088
sx2991917b,a,h001,-0.925889759888172,-0.296748521109879
sx2991917b,b,h001,0.925957536011499,0.296723208739642
sx2841636b,a,h001,-0.925612169563654,-0.297007809891571
sx2841636b,b,h001,0.925680065107738,0.296982642647936
sx3085389b,a,h001,-0.914738855935642,-0.291050436745206
sx3085389b,b,h001,0.914806104101391,0.2910256700451
sx2673319c,a,h001,0.183261575127756,0.987379721213166
sx2673319c,b,h001,-0.183317730279283,-0.987429133445371
sx2841631c,a,h001,0.182659789971707,0.98555859676061
sx2841631c,b,h001,-0.182715735956389,-0.985608266837353
sx3216350a,a,h001,0.698048264577391,-0.696359472081288
sx3216350a,b,h001,-0.698057348380804,0.696432464936651
sx3141402c,a,h001,0.182661150538979,0.985509358755086
sx3141402c,b,h001,-0.182717094311118,-0.985559025965511
sx3197642c,a,h001,0.183273623630084,0.987790894154625
sx3197642c,b,h001,-0.183329798626916,-0.987840329389136
sx2691952a,a,h001,0.699299881801547,-0.697860154464967
sx2691952a,b,h001,-0.699308678481136,0.697933190362539
sx2879081a,a,h001,0.69949366442444,-0.697847588157974
sx2879081a,b,h001,-0.699502472862658,0.697920632209491
sx2785530a,a,h001,0.700263115685587,-0.69863485801533
sx2785530a,b,h001,-0.700271788717679,0.698707933354403
sx2766723a,a,h001,0.698365574859679,-0.696375818468546
sx2766723a,b,h001,-0.698374676135347,0.69644882674013
sx3122822a,a,h001,0.698348371639544,-0.696365671869086
sx3122822a,b,h001,-0.69835747240512,0.696438678763369
sx2766747a,a,h001,0.694956838796608,-0.699104030992494
sx2766747a,b,h001,-0.69496561526663,0.699177043453722
sx2858163a,a,h001,0.696320576982891,-0.700691924034793
sx2858163a,b,h001,-0.696329069057142,0.700764988520486
sx3216346a,a,h001,0.696477106707882,-0.700786151131458
sx3216346a,b,h001,-0.696485603382951,0.700859228292711
sx3029500a,a,h001,0.695252991252273,-0.699302603022536
sx3029500a,b,h001,-0.695261775376352,0.699375640588636
sx3156034a,a,h001,0.697243397773528,-0.701643878581699
sx3156034a,b,h001,-0.697251755771391,0.701716990374656
sx3066821a,a,h001,0.695419612395426,-0.699401918950705
sx3066821a,b,h001,-0.695428401411584,0.6994749699161
sx2748140a,a,h001,0.69538053333053,-0.699383626787263
sx2748140a,b,h001,-0.695389320963174,0.699456674902414
sx3141412a,a,h001,0.696565559211164,-0.700863403980207
sx3141412a,b,h001,-0.696574057359561,0.700936489704819
sx2991915b,a,h001,-0.950687890410404,-0.212314993654915
sx2991915b,b,h001,0.950753626286395,0.21228391790569
sx2673320b,a,h001,-0.95065997122902,-0.212294512812837
sx2673320b,b,h001,0.950725704571176,0.212263437183677
sx2841634b,a,h001,-0.948027093703628,-0.21199613669222
sx2841634b,b,h001,0.948093002719817,0.211965430732935
sx2766720a,a,h001,0.700642043588157,-0.704214032837176
sx2766720a,b,h001,-0.700650905757554,0.704287603147924
sx3235254c,a,h001,0.188371144545953,1.005156700540508
sx3235254c,b,h001,-0.188428340068444,-1.005207222915794
sx2935566c,a,h001,0.178325498366855,1.016695960418299
sx2935566c,b,h001,-0.178382638783511,-1.016747604674856
sx3141393c,a,h001,0.173043329143939,1.015630167595432
sx3141393c,b,h001,-0.173100108444482,-1.015681995130917
sx3030204a,a,h001,0.816910677020514,-0.60282970954143
sx3030204a,b,h001,-0.816930989206291,0.602902653042988
sx3160868b,a,h001,-0.924937686266027,-0.350317773852782
sx3160868b,b,h001,0.92500821184133,0.350295983108633
sx2785524c,a,h001,0.174269226557638,1.004736709670755
sx2785524c,b,h001,-0.174325662128879,-1.004787532382075
sx3235268c,a,h001,0.189440698100809,0.989750449024209
sx3235268c,b,h001,-0.189497239491278,-0.989800044374907
sx3122825a,a,h001,0.741527996527426,-0.643609516272542
sx3122825a,b,h001,-0.741542438350425,0.643681509489896
sx2991920a,a,h001,0.744459068258036,-0.646758763953533
sx2991920a,b,h001,-0.744472862694469,0.646830888588087
sx2973146b,a,h001,-0.967944950846004,-0.215476883871289
sx2973146b,b,h001,0.968011820999148,0.215445177726053
sx2935568b,a,h001,-0.955718961190418,-0.216298263148412
sx2935568b,b,h001,0.955784901102419,0.216266973975586
sx2814529a,a,h001,0.696113163529202,-0.69287326903387
sx2814529a,b,h001,-0.69612303168298,0.692946233679438
sx2814529b,a,h001,-0.978471966220012,-0.235957826567333
sx2814529b,b,h001,0.978541024360669,0.235927340277163
sx2814529c,a,h001,0.181213764554286,0.982069818766636
sx2814529c,b,h001,-0.18126924347039,-0.98212020830222
sx3122818c,a,h001,0.189362262664201,1.000762260584572
sx3122818c,b,h001,-0.189419312068195,-1.000812486774013
sx3048209b,a,h001,-0.950644592030428,-0.212283235119914
sx3048209b,b,h001,0.950710323977017,0.212252159557133
sx2841628a,a,h001,0.738568550842575,-0.618012141035902
sx2841628a,b,h001,-0.738583657687904,0.618082393763781
sx2673316a,a,h001,0.740638854449465,-0.620127680856602
sx2673316a,b,h001,-0.740653527123356,0.620198035623351
sx2748143a,a,h001,0.722492146093321,-0.681052465882594
sx2748143a,b,h001,-0.722503357184831,0.681125677797051
sx2860477a,a,h001,0.707478834641061,-0.708821382753166
sx2860477a,b,h001,-0.70748758851033,0.708895433286754
sx3066811b,a,h001,-0.957412992648894,-0.21798483478783
sx3066811b,b,h001,0.957479372465688,0.217953773249411
sx2954352c,a,h001,0.173527009958255,1.004960751294545
sx2954352c,b,h001,-0.173583320742706,-1.005011948446291
sx3160864b,a,h001,-0.927777961967267,-0.351880925891217
sx3160864b,b,h001,0.927848491223406,0.351858850800295
sx3085401a,a,h001,0.727883979580249,-0.714493718572825
sx3085401a,b,h001,-0.727894274378475,0.714569254513883
sx2766744b,a,h001,-0.97559888339448,-0.219739062626627
sx2766744b,b,h001,0.975666387034352,0.219707244495274
sx2804259a,a,h001,0.744127051570621,-0.645524953304944
sx2804259a,b,h001,-0.744141180231455,0.645597072271309
sx2860486c,a,h001,0.174520223530445,1.001555981502616
sx2860486c,b,h001,-0.174576525740128,-1.001606610289326
sx2785522b,a,h001,-0.975592937941862,-0.219547675479403
sx2785522b,b,h001,0.975660432523499,0.219515846422638
sx2897766c,a,h001,0.154659968254378,0.990352461034364
sx2897766c,b,h001,-0.154714485006507,-0.990403697229064
sx3048889c,a,h001,0.097159268286814,1.008203622238967
sx3048889c,b,h001,-0.097211226410671,-1.008258526118482
sx3048890c,a,h001,0.097027034011441,1.008604986661531
sx3048890c,b,h001,-0.097079003097896,-1.00865991950926
sx2991921c,a,h001,0.18264599833224,0.999214753552313
sx2991921c,b,h001,-0.182702579451219,-0.999265202012474
sx3011293a,a,h001,0.80832868043814,-0.600957136710416
sx3011293a,b,h001,-0.808349330166882,0.601029728966575
sx3011293b,a,h001,-0.926534003368687,-0.399455615703663
sx3011293b,b,h001,0.926607404251664,0.39943723129139
sx3011293c,a,h001,0.107053832806507,1.019683356180181
sx3011293c,b,h001,-0.107106632775481,-1.01973926727759
sx3123509c,a,h001,0.108589236115569,1.026903754824751
sx3123509c,b,h001,-0.108642853321425,-1.026958882152814
sx2841620b,a,h001,-0.946026841096175,-0.309835093888417
sx2841620b,b,h001,0.946096502005397,0.309809713082539
sx2991929b,a,h001,-0.964901053208788,-0.24803564525853
sx2991929b,b,h001,0.96496923060833,0.248005988844256
sx3160793c,a,h001,0.150565652586024,1.014529691150158
sx3160793c,b,h001,-0.150621154017342,-1.014582170687375
sx2691946b,a,h001,-0.967478183999687,-0.339332539947148
sx2691946b,b,h001,0.96755043395821,0.339307867374266
sx2991940c,a,h001,0.15508416520449,0.993686403946467
sx2991940c,b,h001,-0.155138960673057,-0.993737479900267
sx3197636b,a,h001,-0.960937191633713,-0.218205922278926
sx3197636b,b,h001,0.961003783791471,0.218174707113522
sx2991905a,a,h001,0.712417431396053,-0.701344045852255
sx2991905a,b,h001,-0.712427464107286,0.701418110812504
sx3141395c,a,h001,0.194687500334128,0.989988217216421
sx3141395c,b,h001,-0.194744362454323,-0.990037583533776
sx2748135a,a,h001,0.74404654591916,-0.645811417167514
sx2748135a,b,h001,-0.744060656457384,0.645883549241344
sx2729412a,a,h001,0.744346738151864,-0.64610243759931
sx2729412a,b,h001,-0.74436085219966,0.646174600424724
sx2839305a,a,h001,0.790415187949099,-0.611711441500249
sx2839305a,b,h001,-0.790433268554572,0.61178362947139
sx3160123a,a,h001,0.715962063934016,-0.706559354288904
sx3160123a,b,h001,-0.715971412930941,0.706633662066336
sx2822861a,a,h001,0.714286132092005,-0.704171218564716
sx2822861a,b,h001,-0.714295780905823,0.704245408445438
sx2841616a,a,h001,0.714236622630928,-0.70415229230957
sx2841616a,b,h001,-0.714246269490652,0.704226478825806
sx3122812b,a,h001,-0.963349322923272,-0.220862115606
sx3122812b,b,h001,0.963416507070662,0.220831201952022
sx2897771b,a,h001,-0.924917594653851,-0.342747986176752
sx2897771b,b,h001,0.924987541033012,0.342725514398613
sx3178973a,a,h001,0.718787356152397,-0.704629015080389
sx3178973a,b,h001,-0.718797242204503,0.704703437028015
sx3141411c,a,h001,0.179570528730368,0.974612844789749
sx3141411c,b,h001,-0.179625347098335,-0.974663771309569
sx2710518a,a,h001,0.698004140905934,-0.696359943201014
sx2710518a,b,h001,-0.698013222150189,0.696432934073144
sx3085391b,a,h001,-0.957375310280004,-0.218426820498978
sx3085391b,b,h001,0.957442383244826,0.218396309540219
sx2955076a,a,h001,0.770967249772621,-0.616382527900168
sx2955076a,b,h001,-0.770983992877943,0.616454095026788
sx2729430b,a,h001,-0.973829532957171,-0.218510644451021
sx2729430b,b,h001,0.973896879066903,0.218478837968287
sx3142079b,a,h001,-0.925821481077382,-0.347515140530264
sx3142079b,b,h001,0.925891697636232,0.347492903554348
sx2955055b,a,h001,-0.923788538249611,-0.34698131131396
sx2955055b,b,h001,0.923858846099501,0.346959380481363
sx2879753b,a,h001,-0.923785515683234,-0.346978366197938
sx2879753b,b,h001,0.923855823225161,0.346956435336835
sx2842390c,a,h001,0.154772589466623,0.997069450580346
sx2842390c,b,h001,-0.154827524252888,-0.997120734818587
sx2710511a,a,h001,0.720315868514553,-0.70934262118078
sx2710511a,b,h001,-0.720325620144868,0.709417388437614
sx2766719a,a,h001,0.720299844132808,-0.709336486861315
sx2766719a,b,h001,-0.720309595130868,0.709411253028513
sx3160117b,a,h001,-0.95614731350175,-0.217351172710671
sx3160117b,b,h001,0.956213591838478,0.217320133886925
sx2897790c,a,h001,0.178320721579212,1.016715557386572
sx2897790c,b,h001,-0.17837786262697,-1.016767202980913
sx3066817a,a,h001,0.695004284225564,-0.692522398128681
sx3066817a,b,h001,-0.695014105855501,0.692595292453414
sx2841641b,a,h001,-0.971783944222806,-0.251016518100466
sx2841641b,b,h001,0.97185239984121,0.250986499009335
sx2674027b,a,h001,-0.921492295549895,-0.28160937980853
sx2674027b,b,h001,0.921559503654491,0.281583741277919
sx3010557a,a,h001,0.746584266920932,-0.683176917860236
sx3010557a,b,h001,-0.746596476848746,0.683251266703709
sx3235242c,a,h001,0.173025905603554,1.015699832063339
sx3235242c,b,h001,-0.173082687122152,-1.015751664374597
sx2973150a,a,h001,0.712824784635992,-0.683775091857494
sx2973150a,b,h001,-0.712835021521008,0.683847926161913
sx3066804a,a,h001,0.709974843973428,-0.680460151865297
sx3066804a,b,h001,-0.709985729566117,0.680532881448151
sx2879067a,a,h001,0.717723816612308,-0.701529868448028
sx2879067a,b,h001,-0.717733787697015,0.70160406067228
sx2710530b,a,h001,-0.971285063927817,-0.250744761839502
sx2710530b,b,h001,0.971353478328844,0.250714750348837
sx2748781a,a,h001,0.691457092149147,-0.615257201424313
sx2748781a,b,h001,-0.691470022471065,0.615325262850645
sx3197654a,a,h001,0.70722163885816,-0.68129688846708
sx3197654a,b,h001,-0.707231960966034,0.681369418394424
sx2954361b,a,h001,-0.963258213225106,-0.247134005873285
sx2954361b,b,h001,0.963326255197818,0.247104374373973
sx2935547b,a,h001,-0.965393860613873,-0.247469914781152
sx2935547b,b,h001,0.965461785308814,0.247439989222385
sx3215385a,a,h001,0.739671190175434,-0.616807586619909
sx3215385a,b,h001,-0.739686798625064,0.616877919029411
sx3215385b,a,h001,-0.902209298458972,-0.324334597700362
sx3215385b,b,h001,0.902277958815795,0.324312984123425
sx3215385c,a,h001,0.160190286465793,0.987619858283547
sx3215385c,b,h001,-0.160244882675084,-0.987671104041672
sx2841622a,a,h001,0.719212324797009,-0.70313289370689
sx2841622a,b,h001,-0.719222021840521,0.703207150718719
sx2879062c,a,h001,0.155750314065546,0.986903275125206
sx2879062c,b,h001,-0.155804832632122,-0.986953931597865
sx2917255c,a,h001,0.146219830415669,1.013096188050545
sx2917255c,b,h001,-0.146274909869652,-1.01314910952601
sx3160862c,a,h001,0.141053211611111,1.01628457980507
sx3160862c,b,h001,-0.141108237003981,-1.01633759935849
sx3067447a,a,h001,0.706667765876742,-0.61762052962091
sx3067447a,b,h001,-0.706681062365171,0.61768930478578
sx3179637c,a,h001,0.096368630880604,1.006366976570941
sx3179637c,b,h001,-0.096420311238709,-1.006422219373484
sx2822867b,a,h001,-0.961993698285319,-0.217926458573059
sx2822867b,b,h001,0.962060074330684,0.217894969501465
sx2766741a,a,h001,0.713900032757381,-0.703044902647044
sx2766741a,b,h001,-0.713909712505956,0.703119009065067
sx2897807b,a,h001,-0.971531410231335,-0.224252950838206
sx2897807b,b,h001,0.971598625694796,0.22422138270698
sx2823611a,a,h001,0.820891576038844,-0.603380325011863
sx2823611a,b,h001,-0.820911799631354,0.603453427751348
sx3141398a,a,h001,0.696383318381186,-0.695864729315485
sx3141398a,b,h001,-0.696392040598641,0.695937515035152
sx3235251c,a,h001,0.174427919772337,1.002754521067158
sx3235251c,b,h001,-0.174484272367676,-1.002805222820336
sx2935551c,a,h001,0.155799618531805,0.986391174236214
sx2935551c,b,h001,-0.155854116135634,-0.986441799087991
sx3235252b,a,h001,-0.961124097757802,-0.218298922072594
sx3235252b,b,h001,0.96119070487691,0.218267703520284
sx2917328b,a,h001,-0.924283819559818,-0.347196723339758
sx2917328b,b,h001,0.924354165744447,0.347174781599424
sx2989565a,a,h001,0.763705280938089,-0.621942615387906
sx2989565a,b,h001,-0.763721643779737,0.622014246288581
sx2692655c,a,h001,0.140895103748363,1.013052573091468
sx2692655c,b,h001,-0.140949867181824,-1.013105737741923
sx2861219b,a,h001,-0.925825258630619,-0.35139530657044
sx2861219b,b,h001,0.925895884306475,0.351373536595072
sx2674051a,a,h001,0.765050628397056,-0.623297557327024
sx2674051a,b,h001,-0.765066707214968,0.623369256793679
sx2804249c,a,h001,0.158311152631089,1.000192095046118
sx2804249c,b,h001,-0.158366440462104,-1.00024339477452
sx3030205c,a,h001,0.11903883433063,1.021237960318759
sx3030205c,b,h001,-0.11909269121472,-1.021292599419781
sx3085395a,a,h001,0.766844317796981,-0.660900083916031
sx3085395a,b,h001,-0.766858738440292,0.660974062628687
sx2767409b,a,h001,-0.924867781080052,-0.35024877693065
sx2767409b,b,h001,0.924938299492072,0.350226985475983
sx3217064b,a,h001,-0.924772887297732,-0.350154916632411
sx3217064b,b,h001,0.924843395976831,0.350133124201614
sx2729405b,a,h001,-0.963429348945324,-0.337455895259611
sx2729405b,b,h001,0.963501509150432,0.337431532141952
sx3179699b,a,h001,-0.960806647005893,-0.33676875038859
sx3179699b,b,h001,0.960878916767698,0.336744757954397
sx2898526c,a,h001,0.153848893685445,1.008900884895422
sx2898526c,b,h001,-0.153904325446876,-1.008952890022309
sx2674052c,a,h001,0.15477226834181,0.997070650366678
sx2674052c,b,h001,-0.154827203165127,-0.997121934688519
sx2851933a,a,h001,0.699447233618869,-0.69677103124868
sx2851933a,b,h001,-0.699456378428004,0.696844111924633
sx2851933b,a,h001,-0.983575578348488,-0.236580588998868
sx2851933b,b,h001,0.983644307205031,0.236549379907559
sx2851933c,a,h001,0.182044764860554,0.985032853981105
sx2851933c,b,h001,-0.182100539878555,-0.985082944982985
sx2860492c,a,h001,0.183328940288042,1.005360268762426
sx2860492c,b,h001,-0.183385936312708,-1.005410708359637
sx3197645a,a,h001,0.754589614745485,-0.656411990652577
sx3197645a,b,h001,-0.754603830862797,0.656485225009978
sx3048211a,a,h001,0.752303947839074,-0.654393252601817
sx3048211a,b,h001,-0.752318127865855,0.654466264352696
sx2804253a,a,h001,0.772449863506211,-0.661292089672708
sx2804253a,b,h001,-0.772464588579854,0.661366348826006
sx3178981b,a,h001,-0.946152237167995,-0.310779593957705
sx3178981b,b,h001,0.946222189299435,0.31075449164474
sx2785525c,a,h001,0.173637277541496,1.003825898263141
sx2785525c,b,h001,-0.173693541962065,-1.003877025660414
sx2860483b,a,h001,-0.956165108089033,-0.21734120579279
sx2860483b,b,h001,0.956231386993454,0.217310165544083
sx3141397b,a,h001,-0.956147465329709,-0.217328164792824
sx3141397b,b,h001,0.956213742628085,0.217297124614271
sx3253995c,a,h001,0.189379961749572,1.009852249589522
sx3253995c,b,h001,-0.18943752174835,-1.00990266687229
sx2710536a,a,h001,0.702862412986445,-0.705896861826833
sx2710536a,b,h001,-0.70287132342236,0.705970631727368
sx3197638a,a,h001,0.7032041566187,-0.70616654089285
sx3197638a,b,h001,-0.703213073981044,0.706240342137277
sx2935557a,a,h001,0.70166228321001,-0.704299905525715
sx2935557a,b,h001,-0.701671558787019,0.704373657257864
sx2673311a,a,h001,0.70313556801491,-0.706139577921426
sx2673311a,b,h001,-0.703144482705136,0.706213374462934
sx2729413a,a,h001,0.709577772361277,-0.710063751712955
sx2729413a,b,h001,-0.709586588954074,0.710137971010216
sx3122848c,a,h001,0.18930928398577,1.007776247919046
sx3122848c,b,h001,-0.189366743228136,-1.007826549457956
sx2973169a,a,h001,0.696372522164707,-0.700759864042336
sx2973169a,b,h001,-0.696381014044954,0.700832934873885
sx2822868a,a,h001,0.699599703947123,-0.697869908102131
sx2822868a,b,h001,-0.699608517449779,0.697942958319071
sx2860493a,a,h001,0.698397297519939,-0.696388220939847
sx2860493a,b,h001,-0.698406400034009,0.696461231382324
sx3178976a,a,h001,0.696399001667603,-0.700770227315892
sx3178976a,b,h001,-0.696407494587849,0.700843299966357
sx2673317a,a,h001,0.697042472962711,-0.696234445448755
sx2673317a,b,h001,-0.69705121582082,0.696307282967612
sx2729428a,a,h001,0.698079309140996,-0.696842585869195
sx2729428a,b,h001,-0.698088083220046,0.69691550641929
sx2973159a,a,h001,0.697728874854913,-0.696639889313056
sx2973159a,b,h001,-0.697737638248095,0.696712781965775
sx3254216a,a,h001,0.691534577920883,-0.692212335648145
sx3254216a,b,h001,-0.691543483048466,0.692284789204132
sx2973180b,a,h001,-0.951186132736386,-0.212681441359401
sx2973180b,b,h001,0.951251913874548,0.212650363523093
sx3066816a,a,h001,0.699399507293162,-0.697811637192383
sx3066816a,b,h001,-0.699408311991411,0.697884674828121
sx3216351a,a,h001,0.698318817905581,-0.696382340594705
sx3216351a,b,h001,-0.698327916185023,0.696455347116857
sx2841635a,a,h001,0.717410214838098,-0.708724568419118
sx2841635a,b,h001,-0.717419545766223,0.708799068961253
sx3254217c,a,h001,0.185861055571997,0.997275167772346
sx3254217c,b,h001,-0.185917736053889,-0.997325357151619
sx2822870c,a,h001,0.186130592434535,0.998234686115453
sx2822870c,b,h001,-0.1861874211544,-0.998284587732472
sx2766725c,a,h001,0.186133131059032,0.998223865097519
sx2766725c,b,h001,-0.186189959424208,-0.998273765976958
sx2879078a,a,h001,0.699467577233527,-0.697872692687244
sx2879078a,b,h001,-0.699476382990184,0.697945737007116
sx3048221a,a,h001,0.698173721151325,-0.696386352944585
sx3048221a,b,h001,-0.698182810898901,0.696459353089042
sx2879092c,a,h001,0.182655027219177,0.985107045210403
sx2879092c,b,h001,-0.182710951895409,-0.98515668979766
sx2691954b,a,h001,-0.930775300269739,-0.30123649959096
sx2691954b,b,h001,0.930843933625235,0.30121156811224
sx3104135a,a,h001,0.74550469068549,-0.64658682635029
sx3104135a,b,h001,-0.74551855337229,0.646658988949507
sx2991943c,a,h001,0.182636976085011,0.999315178935099
sx2991943c,b,h001,-0.182693561348268,-0.999365633533069
sx3233353a,a,h001,0.704532567174784,-0.707731293041884
sx3233353a,b,h001,-0.704541202335632,0.70780514483234
sx3141403a,a,h001,0.70477010113464,-0.706965150823582
sx3141403a,b,h001,-0.704779070868265,0.707039070141656
sx2785546a,a,h001,0.704486487522637,-0.706854043874884
sx2785546a,b,h001,-0.704495446188355,0.706927943768098
sx2879087a,a,h001,0.706093433911618,-0.708487256171588
sx2879087a,b,h001,-0.706102123588913,0.708561223660759
sx2785531a,a,h001,0.706799599412596,-0.708878425227918
sx2785531a,b,h001,-0.706808311448947,0.708952447929913
sx3216358a,a,h001,0.705263512624732,-0.707195060006053
sx3216358a,b,h001,-0.705272499885918,0.707269015258888
sx2748139b,a,h001,-0.970437487820577,-0.215931560936437
sx2748139b,b,h001,0.970504259120926,0.215899558688306
sx2935559a,a,h001,0.7417164593551,-0.644629213752458
sx2935559a,b,h001,-0.74173049190797,0.644701170214234
sx3048231b,a,h001,-0.933896491459584,-0.304798435364183
sx3048231b,b,h001,0.9339660907453,0.304774146065224
sx2691959b,a,h001,-0.942310709547593,-0.305308378762252
sx2691959b,b,h001,0.94237992959841,0.305282966847489
sx2731712b,a,h001,-0.975553745676023,-0.219705810727518
sx2731712b,b,h001,0.975621245209874,0.219673992781255
sx3010580b,a,h001,-0.977574697801922,-0.21992349074493
sx3010580b,b,h001,0.977642063299092,0.219891386107833
sx3216361b,a,h001,-0.976512100830774,-0.219817252586796
sx3216361b,b,h001,0.976579660463925,0.219785395898702
sx2879089c,a,h001,0.188594994673573,0.987471639295058
sx2879089c,b,h001,-0.188651272750319,-0.987521565448941
sx3232301c,a,h001,0.195424218822952,0.974065694275733
sx3232301c,b,h001,-0.1954799762395,-0.974115858748996
sx2763811c,a,h001,0.195463009497556,0.973351261785404
sx2763811c,b,h001,-0.19551873603159,-0.973401385211223
sx2970258c,a,h001,0.197838664643309,0.982276540937294
sx2970258c,b,h001,-0.197895250494882,-0.982325746458249
sx2763812c,a,h001,0.195478132926573,0.973072474399747
sx2763812c,b,h001,-0.195533847408991,-0.973122581809476
sx3101194c,a,h001,0.195510310623433,0.972478902009294
sx3101194c,b,h001,-0.195565999445618,-0.972528975321528
sx2916625b,a,h001,-0.939150425868498,-0.307370457829653
sx2916625b,b,h001,0.939220127648577,0.307345777088297
sx2955047a,a,h001,0.694235313189358,-0.618310763419765
sx2955047a,b,h001,-0.69424786432236,0.61837901279103
sx3066830b,a,h001,-0.954420265808035,-0.216461151669249
sx3066830b,b,h001,0.954486404525315,0.21643014235573
sx2673343b,a,h001,-0.957315000976303,-0.217111590923704
sx2673343b,b,h001,0.957381070093808,0.217080274195522
sx2766748a,a,h001,0.704536233900082,-0.707694815633995
sx2766748a,b,h001,-0.704544870983601,0.707768665464835
sx2897801a,a,h001,0.712005990127995,-0.700911306658878
sx2897801a,b,h001,-0.712016019822866,0.700985327632765
sx2897805a,a,h001,0.714748784128247,-0.705100738011453
sx2897805a,b,h001,-0.714758415695532,0.70517500333862
sx3086098a,a,h001,0.790095256163669,-0.605976150876085
sx3086098a,b,h001,-0.790114631439489,0.606048216664625
sx3104155c,a,h001,0.155329213647006,0.983368624262192
sx3104155c,b,h001,-0.155383444276637,-0.983419431905324
sx2710543c,a,h001,0.194659493013414,0.990226328700154
sx2710543c,b,h001,-0.194716364562922,-0.990275709872401
sx2861197c,a,h001,0.146721156364703,1.015181958308459
sx2861197c,b,h001,-0.146776462740788,-1.01523465284137
sx2992657a,a,h001,0.76593543267005,-0.617951298232473
sx2992657a,b,h001,-0.765952111351915,0.618022796995186
sx3254237a,a,h001,0.714170748056223,-0.614722139242568
sx3254237a,b,h001,-0.714184611488079,0.614791086357075
sx2710544a,a,h001,0.693216834653255,-0.693991117907448
sx2710544a,b,h001,-0.693225462301965,0.694063649106771
sx2917359a,a,h001,0.767424276633473,-0.619360242850263
sx2917359a,b,h001,-0.767440676444752,0.619431821239931
sx3122847a,a,h001,0.705665914447575,-0.70832048329119
sx3122847a,b,h001,-0.705674587302782,0.708394421440333
sx3029520b,a,h001,-0.954248397676394,-0.213631624827618
sx3029520b,b,h001,0.954314130775467,0.213600249152696
sx3150961c,a,h001,0.147962399865726,1.009839347201894
sx3150961c,b,h001,-0.148017306508692,-1.009892412456009
sx2684420b,a,h001,-0.955052445040152,-0.215937373091247
sx2684420b,b,h001,0.955118330024172,0.215906094186641
sx2685809a,a,h001,0.727735655361099,-0.716685812155015
sx2685809a,b,h001,-0.727745208236283,0.716761250982145
sx3097861c,a,h001,0.167421065136238,1.019326216520688
sx3097861c,b,h001,-0.167477825076746,-1.019378032664548
sx2798067b,a,h001,-0.926987547175449,-0.318620519112553
sx2798067b,b,h001,0.927056390076563,0.318596427154358
sx2929261a,a,h001,0.7210991903172,-0.709907933363101
sx2929261a,b,h001,-0.721108678406564,0.709982672223199
sx2891575c,a,h001,0.09791704096603,1.008382770887892
sx2891575c,b,h001,-0.097969168555571,-1.008437328284691
sx2685805a,a,h001,0.700521538816393,-0.703335371078201
sx2685805a,b,h001,-0.700530435530219,0.703408884527821
sx3225319b,a,h001,-0.911667419285908,-0.290243122635741
sx3225319b,b,h001,0.911734775273956,0.290218750516134
sx2925506c,a,h001,0.194553820952058,0.990372300403938
sx2925506c,b,h001,-0.194610693058931,-0.990421694775046
sx2983432a,a,h001,0.719849714708398,-0.708443522397723
sx2983432a,b,h001,-0.719859481935506,0.708518215825833
sx2948732b,a,h001,-0.96981292622839,-0.215562397726595
sx2948732b,b,h001,0.969879644627747,0.215530403281629
sx2911069b,a,h001,-0.969843291638882,-0.215584773586648
sx2911069b,b,h001,0.969910012812985,0.215552779020657
sx2724120c,a,h001,0.173675465290648,1.003108866538328
sx2724120c,b,h001,-0.173731698560272,-1.003159951318493
sx2858175a,a,h001,0.687045789296527,-0.695918936769953
sx2858175a,b,h001,-0.687053970790355,0.695991297520586
sx3251807a,a,h001,0.685559180455139,-0.694300369797575
sx3251807a,b,h001,-0.685567643412109,0.69437267326676
sx3231269b,a,h001,-0.969820637544749,-0.215568098031298
sx3231269b,b,h001,0.969887356649577,0.215536103556644
sx3081380a,a,h001,0.770627985630402,-0.616879856784353
sx3081380a,b,h001,-0.770644685926189,0.616951437392584
sx3139103a,a,h001,0.6866979331888,-0.694750632480901
sx3139103a,b,h001,-0.686706440353949,0.694823014144461
sx2876814a,a,h001,0.701929022224645,-0.704954136825401
sx2876814a,b,h001,-0.70193749576879,0.705027657084324
sx3120503a,a,h001,0.686599478818758,-0.695743058131234
sx3120503a,b,h001,-0.686607642844199,0.695815388159413
sx3120504a,a,h001,0.6865371366688,-0.695718467157906
sx3120504a,b,h001,-0.68654529825532,0.695790792893311
sx2875754c,a,h001,0.151946643420079,0.998252074283285
sx2875754c,b,h001,-0.152001125010578,-0.998304719629503
sx3195327a,a,h001,0.687921365385062,-0.696263423639219
sx3195327a,b,h001,-0.687929581174983,0.69633584462995
sx2763407c,a,h001,0.095696725273348,1.015752016955757
sx2763407c,b,h001,-0.095748949974622,-1.015807418531142
sx2688692b,a,h001,-0.913691501259994,-0.330555649973105
sx2688692b,b,h001,0.913760241621527,0.330532997222681
sx2688693c,a,h001,0.159443111443826,0.997364299588085
sx2688693c,b,h001,-0.159498333965838,-0.997415384934768
sx2913406b,a,h001,-0.949903342712851,-0.213369931517689
sx2913406b,b,h001,0.949969420827005,0.213339217080865
sx2989571a,a,h001,0.686323088854645,-0.695633952664843
sx2989571a,b,h001,-0.686331242071206,0.695706263656482
sx2764411c,a,h001,0.097947002203773,1.008193756978954
sx2764411c,b,h001,-0.097999122731026,-1.008248302154511
sx3119793b,a,h001,-0.943844248695806,-0.308425775369736
sx3119793b,b,h001,0.943913719092646,0.308400415172984
sx3251808a,a,h001,0.68905038777796,-0.696929898418909
sx3251808a,b,h001,-0.689058637359522,0.697002410056891
sx3027133a,a,h001,0.70461787660978,-0.70690550587777
sx3027133a,b,h001,-0.704626840403379,0.706979414769277
sx2857591a,a,h001,0.70579954020378,-0.70837259044227
sx2857591a,b,h001,-0.705808218317808,0.70844653776079
sx2726983a,a,h001,0.687619846358265,-0.694315857938656
sx2726983a,b,h001,-0.68762879191318,0.694388389745395
sx3157167a,a,h001,0.74656476524791,-0.683165337730567
sx3157167a,b,h001,-0.746576974594934,0.683239685002602
sx3082993a,a,h001,0.684897852224474,-0.694037968179487
sx3082993a,b,h001,-0.684906289551413,0.694110226185367
sx3120376a,a,h001,0.707322533451812,-0.707964602769805
sx3120376a,b,h001,-0.707331602819363,0.708038696884645
sx2989432b,a,h001,-0.954476533456277,-0.216490140787483
sx2989432b,b,h001,0.954542676721898,0.216459130512014
sx3120484c,a,h001,0.189409382841724,1.00448284670307
sx3120484c,b,h001,-0.189466694690283,-1.004532954821418
sx2820528c,a,h001,0.188815155723132,1.002395934731533
sx2820528c,b,h001,-0.188872248906472,-1.002446279284496
sx2745799c,a,h001,0.188817138899601,1.002387325959458
sx2745799c,b,h001,-0.188874231799149,-1.002437669930279
sx3270814a,a,h001,0.706296388944561,-0.707355546927928
sx3270814a,b,h001,-0.706305428035902,0.707429558652732
sx2801895b,a,h001,-0.914348681406486,-0.290808465847119
sx2801895b,b,h001,0.914415896146034,0.29078370350198
sx2801896b,a,h001,-0.970550784670833,-0.215991471169491
sx2801896b,b,h001,0.970617565244414,0.215959467094092
sx3214055c,a,h001,0.182754959836451,1.00332907381322
sx3214055c,b,h001,-0.182811827648098,-1.003379423518825
sx3195310a,a,h001,0.741720700535102,-0.644631264814268
sx3195310a,b,h001,-0.74173473323466,0.64470322158978
sx3008232b,a,h001,-0.980891612258307,-0.220551983118698
sx3008232b,b,h001,0.980959068806702,0.220519657299241
sx2764399b,a,h001,-0.979863908268696,-0.220425993330354
sx2764399b,b,h001,0.979931428734515,0.220393810475516
sx3027116a,a,h001,0.74934209197806,-0.651570128098882
sx3027116a,b,h001,-0.749355942024255,0.651642757997768
sx2689678b,a,h001,-0.944251755662978,-0.307774921414218
sx2689678b,b,h001,0.944320980733853,0.307749275324392
sx2951995c,a,h001,0.195498978352694,0.97268825286814
sx2951995c,b,h001,-0.195554676226095,-0.972738338205404
sx3139086b,a,h001,-0.952157858715718,-0.213396259776058
sx3139086b,b,h001,0.952223728137612,0.213365177876875
sx2933120c,a,h001,0.191418385902722,0.988503135153923
sx2933120c,b,h001,-0.191474879871802,-0.988552989108414
sx2726973a,a,h001,0.716080406048896,-0.707481237764728
sx2726973a,b,h001,-0.716090001896696,0.707555703001184
sx2820531b,a,h001,-0.985608847407393,-0.235989885437496
sx2820531b,b,h001,0.98567766617312,0.235958545751233
sx3157708c,a,h001,0.187679679633195,1.004165019544204
sx3157708c,b,h001,-0.18773687522795,-1.004215189436392
sx2858166a,a,h001,0.727045920280733,-0.716787506950086
sx2858166a,b,h001,-0.72705529003925,0.716862872606862
sx2764403a,a,h001,0.703899790730843,-0.680131366647532
sx2764403a,b,h001,-0.703909976972524,0.680203676978503
sx2895449c,a,h001,0.189092225837672,1.008885467491754
sx2895449c,b,h001,-0.189149637491014,-1.008936169011654
sx3176656a,a,h001,0.719162924960121,-0.706159973022247
sx3176656a,b,h001,-0.719172760397364,0.706234501613571
sx2820533a,a,h001,0.711832481538052,-0.682403960155243
sx2820533a,b,h001,-0.711843016353025,0.682476765047384
sx2876796a,a,h001,0.719402202290226,-0.703241649994692
sx2876796a,b,h001,-0.719411905177737,0.70331592206489
sx2876797a,a,h001,0.71963819543936,-0.703954349684812
sx2876797a,b,h001,-0.719647878506035,0.704028674166082
sx3157710b,a,h001,-0.959009647938944,-0.217997979061079
sx3157710b,b,h001,0.959075855293982,0.217966634407751
sx2726974b,a,h001,-0.96339471248219,-0.247209246573635
sx2726974b,b,h001,0.96346276572171,0.247179613023192
sx2726975b,a,h001,-0.953049680814844,-0.21491940947431
sx2726975b,b,h001,0.953115403796748,0.214888165303108
sx3195315a,a,h001,0.771440335514574,-0.660075252916108
sx3195315a,b,h001,-0.771455346484567,0.660149471600388
sx3143999a,a,h001,0.714158275510934,-0.703323648035379
sx3143999a,b,h001,-0.714167956958561,0.703397782528604
sx3125349c,a,h001,0.197992235965692,0.986472627246733
sx3125349c,b,h001,-0.198049129526666,-0.986521640556276
sx3181545c,a,h001,0.198404629844334,0.989057136128822
sx3181545c,b,h001,-0.198461751677024,-0.989105944125661
sx3082981c,a,h001,0.155603442271792,0.988390332632542
sx3082981c,b,h001,-0.155658021493876,-0.988441081100218
sx2876798b,a,h001,-0.971956599256158,-0.225971576680499
sx2876798b,b,h001,0.972024177588679,0.225940295518731
sx3008237c,a,h001,0.178302627253972,1.016730770892922
sx3008237c,b,h001,-0.178359767943385,-1.016782418190502
sx2783231b,a,h001,-0.972335694647123,-0.252126847127325
sx2783231b,b,h001,0.97240448550286,0.252097078620913
sx3176660b,a,h001,-0.970818110556612,-0.250481810580651
sx3176660b,b,h001,0.970886485985277,0.250451805703533
sx3082983b,a,h001,-0.966644407566001,-0.249002406665958
sx3082983b,b,h001,0.96671272913935,0.248972724397057
sx2801902b,a,h001,-0.963246674314304,-0.248164151423701
sx2801902b,b,h001,0.9633150857841,0.248134847784929
sx3157718a,a,h001,0.752436993390744,-0.683019313239814
sx3157718a,b,h001,-0.752449547885924,0.683093921648933
sx2745806c,a,h001,0.192253261031458,0.990844786844075
sx2745806c,b,h001,-0.192310019357834,-0.99089431448996
sx3195318b,a,h001,-0.96480070027099,-0.337507265973066
sx3195318b,b,h001,0.964872711949374,0.337482613065337
sx3214071c,a,h001,0.145129541860447,1.013397388755583
sx3214071c,b,h001,-0.145184571070599,-1.013450377705016
sx3214069c,a,h001,0.145687230467164,1.01327918315534
sx3214069c,b,h001,-0.145742287049674,-1.013332139635711
sx3232902a,a,h001,0.709370877247236,-0.617459589316831
sx3232902a,b,h001,-0.7093843362997,0.617528478211506
sx3027122a,a,h001,0.695309582812639,-0.61822519632324
sx3027122a,b,h001,-0.695322199577772,0.618293489593341
sx3082988b,a,h001,-0.926940600730298,-0.350832331261171
sx3082988b,b,h001,0.927011033636877,0.350810234583546
sx3027124c,a,h001,0.096854750228843,1.009127940303146
sx3027124c,b,h001,-0.096906733599683,-1.009182910894806
sx2801909c,a,h001,0.079981621266374,1.03744392768193
sx2801909c,b,h001,-0.080034113514655,-1.037500825659198
sx2914324a,a,h001,0.706436976689626,-0.709621877314413
sx2914324a,b,h001,-0.706445350004681,0.709695827517439
sx2820556a,a,h001,0.692326480151511,-0.692681812226923
sx2820556a,b,h001,-0.692335408635839,0.69275432931418
sx2933135a,a,h001,0.708426212364802,-0.617519024400303
sx2933135a,b,h001,-0.708439614455126,0.617587873734674
sx3139366a,a,h001,0.811255554255262,-0.603903314130812
sx3139366a,b,h001,-0.811275491836771,0.603976061693971
sx2708744b,a,h001,-0.909961116134632,-0.3012915637876
sx2708744b,b,h001,0.910029853523211,0.301268824957245
sx2690187b,a,h001,-0.909677571505054,-0.301108844620993
sx2690187b,b,h001,0.909746284898094,0.301086108866624
sx3233412a,a,h001,0.711286747734724,-0.611759337308542
sx3233412a,b,h001,-0.711301370750369,0.611828201210785
sx3027670b,a,h001,-0.909319176474972,-0.300877812070663
sx3027670b,b,h001,0.909387859535798,0.300855080199887
sx2821087a,a,h001,0.707349429358684,-0.607845920438564
sx2821087a,b,h001,-0.70736481766565,0.607914613819945
sx2990098a,a,h001,0.710676431076916,-0.61146118643437
sx2990098a,b,h001,-0.710691033724832,0.611530005371554
sx3252336b,a,h001,-0.916751073170806,-0.302286345674814
sx3252336b,b,h001,0.916819262021006,0.302262436784526
sx2802480b,a,h001,-0.908906193194854,-0.300611597227806
sx2802480b,b,h001,0.908974841305365,0.300588869832961
sx3233413b,a,h001,-0.913958452909208,-0.301608146425327
sx3233413b,b,h001,0.914026772146767,0.301584629831872
sx3027671a,a,h001,0.712203988028178,-0.613197338369308
sx3027671a,b,h001,-0.712218200483372,0.613266215557038
sx3102286b,a,h001,-0.908554652765674,-0.300384775581653
sx3102286b,b,h001,0.908623271117714,0.300362051984482
sx2802481a,a,h001,0.70681272011443,-0.607581434835781
sx2802481a,b,h001,-0.706828091135331,0.607650088871297
sx3214549a,a,h001,0.710266723408371,-0.611260755718966
sx3214549a,b,h001,-0.710281312397697,0.611329544455154
sx3139598b,a,h001,-0.939111808147054,-0.307345529916205
sx3139598b,b,h001,0.939181506589815,0.307320849557287
sx3214112b,a,h001,-0.953746648062852,-0.213261155124861
sx3214112b,b,h001,0.953812335292192,0.213229781413164
sx3251854a,a,h001,0.722475750983135,-0.681046601146518
sx3251854a,b,h001,-0.722486961409256,0.681119811970004
sx2763072b,a,h001,-0.920923404902944,-0.294934754306049
sx2763072b,b,h001,0.920991185182186,0.294909921455928
sx3172805a,a,h001,0.697987416066196,-0.696347087633662
sx3172805a,b,h001,-0.697996496955755,0.696420076991902
sx3226771a,a,h001,0.700545031861148,-0.69820601075874
sx3226771a,b,h001,-0.700553884078717,0.698279123940846
sx3189190a,a,h001,0.699300660042542,-0.696709672715946
sx3189190a,b,h001,-0.699309799320873,0.696782743124047
sx2896685a,a,h001,0.715302396703168,-0.616008944223021
sx2896685a,b,h001,-0.715315955237789,0.61607793380669
sx2896685b,a,h001,-0.921494638955838,-0.303584355888444
sx2896685b,b,h001,0.921562597394365,0.303559765512089
sx2896685c,a,h001,0.151976725409759,1.013035802017857
sx2896685c,b,h001,-0.152032239994929,-1.013088130709324
sx2937757c,a,h001,0.095658788082764,1.015866455243316
sx2937757c,b,h001,-0.095711015896427,-1.015921865090854
sx2806553c,a,h001,0.096148466121501,1.013552033857684
sx2806553c,b,h001,-0.096200614628983,-1.013607289193297
sx2862616c,a,h001,0.19551858132628,0.972324431422138
sx2862616c,b,h001,-0.195574263464502,-0.972374495866028
sx2746587c,a,h001,0.189248837096564,1.00016198508326
sx2746587c,b,h001,-0.189305851863183,-1.000212182318644
sx2727795c,a,h001,0.174190599795532,1.005961411481709
sx2727795c,b,h001,-0.174247087773242,-1.00601230803232
sx3177665a,a,h001,0.714121956819643,-0.704981731503642
sx3177665a,b,h001,-0.714131914358182,0.705056086845505
sx3046854b,a,h001,-0.950137042353441,-0.213541055232668
sx3046854b,b,h001,0.950203141531535,0.213510339740269
sx3102793b,a,h001,-0.964884733647534,-0.248022847897455
sx3102793b,b,h001,0.964952909526967,0.247993191505968
sx2803199a,a,h001,0.710844023086126,-0.61115959333119
sx2803199a,b,h001,-0.710858649718974,0.611228401953838
sx2803199b,a,h001,-0.914580566781388,-0.302228983502137
sx2803199b,b,h001,0.914648949174487,0.302205473448106
sx2803199c,a,h001,0.150091104908542,1.006209476244725
sx2803199c,b,h001,-0.150145847284544,-1.00626265317854
sx3215203a,a,h001,0.710560600426999,-0.61096044288646
sx3215203a,b,h001,-0.71057522051329,0.61102922704122
sx3215203b,a,h001,-0.914295223465616,-0.3020535771802
sx3215203b,b,h001,0.914363581763403,0.302030070560978
sx3215203c,a,h001,0.150119002626465,1.005946821042074
sx3215203c,b,h001,-0.150173734397466,-1.005999981960651
sx3065665a,a,h001,0.694675574738974,-0.617900002240755
sx3065665a,b,h001,-0.694688170519721,0.617968247574348
sx3177881c,a,h001,0.189359905788124,1.000677040784368
sx3177881c,b,h001,-0.189416951085708,-1.000727262227796
sx3047058a,a,h001,0.693397605249122,-0.697201837148721
sx3047058a,b,h001,-0.693406744652823,0.697274799198922
sx3177894a,a,h001,0.684943076059385,-0.694055974361801
sx3177894a,b,h001,-0.684951515136034,0.694128235480226
sx3140238a,a,h001,0.68757935595269,-0.695271090150009
sx3140238a,b,h001,-0.687587889215979,0.69534354239354
sx2821770a,a,h001,0.712636693110672,-0.701663556801272
sx2821770a,b,h001,-0.71264672320463,0.701737650414183
sx2915534a,a,h001,0.712520682173327,-0.701598657716653
sx2915534a,b,h001,-0.712530708701719,0.70167274227557
sx2690868c,a,h001,0.197026712323384,0.979319192935213
sx2690868c,b,h001,-0.197083010516803,-0.979368698037906
sx2803194c,a,h001,0.197826568687854,0.982071494918836
sx2803194c,b,h001,-0.197883144277074,-0.982120689420213
sx3047073c,a,h001,0.198635825030591,0.984593134561448
sx3047073c,b,h001,-0.198692669120452,-0.984642011092582
sx3065696a,a,h001,0.694898260611152,-0.699075525204242
sx3065696a,b,h001,-0.694907035058681,0.699148533329583
sx2915542a,a,h001,0.710534034885586,-0.610942632419678
sx2915542a,b,h001,-0.710548654317222,0.611011414331642
sx2915542b,a,h001,-0.914259905639986,-0.302033141507351
sx2915542b,b,h001,0.914328261012264,0.302009635388293
sx2915542c,a,h001,0.150122228972562,1.005915782375192
sx2915542c,b,h001,-0.150176959486134,-1.005968941404465
sx3234149a,a,h001,0.809086331778822,-0.605740223054874
sx3234149a,b,h001,-0.809106506736688,0.605812945547256
sx3234149b,a,h001,-0.931504713742883,-0.397608146365996
sx3234149b,b,h001,0.931577980578804,0.397589242006789
sx3234149c,a,h001,0.111207169535412,1.023195043103665
sx3234149c,b,h001,-0.11126036729629,-1.023250570909254
sx2859391b,a,h001,-0.974504719695955,-0.218768365710392
sx2859391b,b,h001,0.974572116306329,0.218736542424861
sx2859403a,a,h001,0.712780899599696,-0.617244118817294
sx2859403a,b,h001,-0.712794564313429,0.617313150478177
sx3215340a,a,h001,0.689334443745942,-0.696315166683448
sx3215340a,b,h001,-0.689343028614772,0.696387759922958
sx3047289a,a,h001,0.737933495703995,-0.615033431356644
sx3047289a,b,h001,-0.737949475639704,0.615103684212524
sx3047289b,a,h001,-0.902193782464318,-0.32432670905877
sx3047289b,b,h001,0.90226244158355,0.324305095767302
sx3047289c,a,h001,0.159480208492775,0.984979036099864
sx3047289c,b,h001,-0.159534521198168,-0.985030590844353
sx3215549b,a,h001,-0.955543920949621,-0.217040079311478
sx3215549b,b,h001,0.955610150499077,0.217009050789551
sx3253570c,a,h001,0.095634537689603,1.015939627078806
sx3253570c,b,h001,-0.095686767493725,-1.015995042215265
sx2972704c,a,h001,0.174196425946216,1.005937984918082
sx2972704c,b,h001,-0.174252913174996,-1.005988879856448
sx3159645a,a,h001,0.719872411369088,-0.708452197477113
sx3159645a,b,h001,-0.719882179492304,0.708526892447762
sx3091052a,a,h001,0.689934437094847,-0.69029899410246
sx3091052a,b,h001,-0.689943706519204,0.690371394960553
sx2916234a,a,h001,0.695231031542654,-0.695565327194045
sx2916234a,b,h001,-0.695239557809771,0.695637992154679
sx3029183b,a,h001,-0.952834934128276,-0.212587867420968
sx3029183b,b,h001,0.952900538005204,0.21255649726963
sx3108449a,a,h001,0.696146678432089,-0.619454051057605
sx3108449a,b,h001,-0.696158973396285,0.619522363596869
sx3103822c,a,h001,0.187980998889101,1.00499575720008
sx3103822c,b,h001,-0.188038056637652,-1.00504670202559
sx2991640c,a,h001,0.155680714064517,0.99146535736484
sx2991640c,b,h001,-0.155735490232362,-0.991516114428974
sx2729206c,a,h001,0.188118019343716,1.004884145432591
sx2729206c,b,h001,-0.188175080033531,-1.004935077617608
sx2897554c,a,h001,0.187388865479563,1.001935179216296
sx2897554c,b,h001,-0.187445639798747,-1.001986396720542
sx2729207c,a,h001,0.187368668806819,1.002210823336735
sx2729207c,b,h001,-0.18742545476015,-1.002262057229834
sx2766499c,a,h001,0.187382714209144,1.002018940844761
sx2766499c,b,h001,-0.187439492062821,-1.0020701633298
sx2878848c,a,h001,0.188132366824588,1.004690885605781
sx2878848c,b,h001,-0.18818941936544,-1.00474180620161
sx3263051c,a,h001,0.173627318879932,1.003866241835569
sx3263051c,b,h001,-0.173683584592484,-1.003917371991494
sx3312692a,a,h001,0.684871422267133,-0.69402743588802
sx3312692a,b,h001,-0.684879858571924,0.694099692074324
sx3315860b,a,h001,-0.971513090808188,-0.216472067673352
sx3315860b,b,h001,0.971579948852057,0.216440046428944
sx3342743c,a,h001,0.18959959693715,1.008945892239744
sx3342743c,b,h001,-0.189657170925043,-1.008996085774303
sx3448661b,a,h001,-0.953733122390532,-0.215267793665807
sx3448661b,b,h001,0.953798900700704,0.21523653770026
sx3552667c,a,h001,0.140522903144381,1.014323521431187
sx3552667c,b,h001,-0.140577703919589,-1.014376775695735
sx3626914c,a,h001,0.174153808446683,1.006362860182002
sx3626914c,b,h001,-0.174210312956624,-1.006413781446402
sx3632979a,a,h001,0.69650799188175,-0.701415572776357
sx3632979a,b,h001,-0.696516460800875,0.701488688075166
sx3645809c,a,h001,0.187236082846154,1.000864082353824
sx3645809c,b,h001,-0.187292798119291,-1.000915246856289
sx3645810c,a,h001,0.185722576022398,0.995511676144459
sx3645810c,b,h001,-0.185778742523255,-0.995563468457445
sx3645811c,a,h001,0.185729513467613,0.995408241515826
sx3645811c,b,h001,-0.18578567556898,-0.995460027811737
sx3645812c,a,h001,0.188001224198616,1.003387360500116
sx3645812c,b,h001,-0.188058208235168,-1.003438213460053
sx3649297a,a,h001,0.712410678875791,-0.708887212108546
sx3649297a,b,h001,-0.712420352688156,0.708961718924237
sx3649298a,a,h001,0.712249311742205,-0.708824133369697
sx3649298a,b,h001,-0.712258979299171,0.708898629186197
sx3649299a,a,h001,0.713582770806,-0.710586716071757
sx3649299a,b,h001,-0.713592076512848,0.710661248941225
sx3649300a,a,h001,0.712004874070337,-0.708728570713472
sx3649300a,b,h001,-0.712014532152287,0.70880304986795
sx3649301a,a,h001,0.711930256974826,-0.708699394926063
sx3649301a,b,h001,-0.711939912164654,0.708773868994069
sx3649302a,a,h001,0.711875972673669,-0.708678168160182
sx3649302a,b,h001,-0.711885625759526,0.708752638527693
sx3649304a,a,h001,0.711844473069204,-0.708665849604506
sx3649304a,b,h001,-0.711854124934252,0.708740317824656
sx3649305a,a,h001,0.714490170261638,-0.711932249707381
sx3649305a,b,h001,-0.714499182414181,0.712006803384439
sx3649306a,a,h001,0.712074609804781,-0.708755832368023
sx3649306a,b,h001,-0.712084270589924,0.708830316275914
sx3729297a,a,h001,0.71579526211184,-0.707456815072234
sx3729297a,b,h001,-0.71580484271338,0.707531265875437
sx3729298a,a,h001,0.714062793341336,-0.705546698325713
sx3729298a,b,h001,-0.714072720638538,0.705621084107488
sx3727707a,a,h001,0.715327965850642,-0.707277022867826
sx3727707a,b,h001,-0.71533752805982,0.707351441846744
sx3727708a,a,h001,0.71632800064986,-0.708654052615599
sx3727708a,b,h001,-0.716337272499507,0.70872849938572
sx3727709a,a,h001,0.713596278566122,-0.705366194640041
sx3727709a,b,h001,-0.713606187694826,0.705440548729596
sx3727710a,a,h001,0.713570264340614,-0.705356122922326
sx3727710a,b,h001,-0.713580172456498,0.705430475244279
sx3727711a,a,h001,0.716292719065647,-0.708640531273609
sx3727711a,b,h001,-0.716301989515587,0.708714975636026
sx3727712a,a,h001,0.715095133325643,-0.707187423055904
sx3727712a,b,h001,-0.715104686371653,0.707261826177356
sx3728037a,a,h001,0.714896778351204,-0.707111093911023
sx3728037a,b,h001,-0.714906323590828,0.70718548352341
sx3728038a,a,h001,0.714693427395558,-0.70703281270902
sx3728038a,b,h001,-0.714702964633612,0.70710718847044
sx3728039a,a,h001,0.713134800013691,-0.705187557671506
sx3728039a,b,h001,-0.713144691174236,0.705261880406772
sx3728040a,a,h001,0.713098623936279,-0.705173540855915
sx3728040a,b,h001,-0.713108513688909,0.705247861132519
sx3728041a,a,h001,0.714572318389231,-0.706986157227363
sx3728041a,b,h001,-0.714581850863435,0.70706052473767
sx3728042a,a,h001,0.713162538390213,-0.705198305489937
sx3728042a,b,h001,-0.71317243063028,0.705272630110426
sx3728043a,a,h001,0.713138738824564,-0.705189085530218
sx3728043a,b,h001,-0.71314863013832,0.705263408533281
sx3778577c,a,h001,0.1946834351731,0.990006505207582
sx3778577c,b,h001,-0.19474029790454,-0.990055872754357
sx3784018a,a,h001,0.720267818106243,-0.704970607171171
sx3784018a,b,h001,-0.720277349218334,0.705044972239622
