row,col,g,b
1,1,0.10820468194596296,-70.821984866435884
2,1,-0.0041023409730056009,35.460992433217946
3,1,-0.0041023409729573461,35.460992433217925
4,1,-0.0047369753301102577,40.946827054099316
5,1,0.0094739506602406504,-81.893654108198632
6,1,0.002368487665023406,-20.473413527049644
1,2,-0.0041023409729778358,35.460992433217932
2,2,0.10820468194596608,-70.821984866435884
3,2,-0.004102340972988238,35.460992433217939
4,2,0.0023684876650509733,-20.473413527049654
5,2,-0.0047369753301181802,40.946827054099309
6,2,0.0094739506602381455,-81.893654108198632
1,3,-0.0041023409729780058,35.460992433217939
2,3,-0.0041023409729830365,35.460992433217939
3,3,0.10820468194596106,-70.821984866435884
4,3,0.009473950660227555,-81.893654108198632
5,3,0.002368487665058107,-20.473413527049651
6,3,-0.0047369753301200555,40.946827054099323
1,4,-0.0071054629951693505,61.420240581148981
3,4,0.0071054629951693505,-61.420240581148981
4,4,7304.7878825943917,-7820.04560968638
5,4,-2243.6819972020021,1325.7754951359807
6,4,-1614.6643639356614,1322.6284077457785
7,4,-7194.1057080280834,7508.4447530288735
8,4,2205.7447241781974,-1275.7208615183824
9,4,1593.0381456922705,-1282.5107164583319
10,4,-4.372138644537184e-26,-9.1509984638648913e-26
11,4,4.2830978744239446e-29,1.2226189752821378e-28
12,4,1.2249383016351931e-11,1.2489882047734895e-11
13,4,-3.7421464885845467e-11,-2.3978956632085718e-10
14,4,4.9761117628505558e-12,-2.2233962022590648e-11
15,4,1.1939903347010158e-11,3.7183949767440504e-11
16,4,-1.5959365140544307e-11,-1.3504203679511455e-11
17,4,2.2045072515729553e-12,1.9369235582012991e-11
18,4,9.297641007796293e-11,6.2503963628137354e-11
19,4,5.8250520387939819e-11,4.336263019087672e-11
20,4,-6.3003495524799735e-11,2.5497556877256302e-10
21,4,3.3687342145142402e-11,1.1563096545347114e-10
22,4,1.9030972726542339e-11,-1.4271136574427365e-11
23,4,-110.66986754416499,205.21787935763226
24,4,37.937273025017269,-50.054633617625122
25,4,21.626218243670149,-40.117691286948833
26,4,2.4655900637481359e-13,-5.0496184449935378e-12
27,4,-9.1012258413527843e-12,-5.7499767079075379e-12
28,4,2.7422508367470686e-12,-1.1982802729372685e-11
29,4,-3.2019163594591605e-12,5.9469093102064157e-12
30,4,-2.9627875578905008e-12,6.9652071182141943e-12
31,4,-2.6647500657716984e-12,6.3675802556475324e-12
32,4,-2.3912596328249514e-11,-1.7006377160112951e-11
33,4,1.6401896146276554e-11,5.0510465068026271e-12
34,4,-1.9832483673914246e-11,7.9882238098160766e-12
35,4,-5.2606178072431874e-13,1.511587288716293e-11
36,4,-2.6047954064641097e-10,-5.1575201209601021e-12
37,4,-4.3814098664617426e-11,-5.5945598246656359e-13
38,4,3.044218782890877e-11,-3.6107328869431493e-11
40,4,5.1107950473625464e-11,-2.172703630723301e-11
41,4,-2.2555905023151711e-12,-4.9183169634870897e-12
42,4,1.5837921651458072e-11,-2.0025609553828713e-11
43,4,1.5819534135869969e-10,-7.3498475001897782e-11
44,4,-8.6718140797283828e-12,4.5517820380772256e-12
45,4,2.0059078966317365e-11,9.2971045745390438e-13
46,4,4.3538920566436072e-14,-2.1771665593059325e-14
47,4,-9.8001774322562496e-17,2.775969936715389e-14
48,4,-1.2599307004994415e-15,1.1021907351710682e-14
49,4,9.1947092911122627e-16,-3.3852713211994717e-15
50,4,-1.6196477839118728e-14,6.1511314576764678e-13
51,4,-2.7460700815348049e-24,1.5534244556772925e-24
52,4,1.2943814965562036e-27,4.2436849884142406e-27
54,4,6.7171264365356899e-28,-4.406135861921509e-28
1,5,0.0071054629951774577,-61.420240581148981
2,5,-0.0071054629952042184,61.420240581149002
4,5,-2243.6819972045546,1325.7754951361603
5,5,7637.0524735394865,-7745.5461688723462
6,5,-2243.6819972017302,1325.7754951358243
7,5,2205.7447241781979,-1275.7208615183858
8,5,-7516.4772473747616,7429.2125625219433
9,5,2205.7447241781301,-1275.720861517917
10,5,1.7040156025645763e-25,-3.0428009786666908e-25
11,5,-2.6291893925955833e-28,3.6416296799223506e-28
12,5,8.1505208815168584e-12,1.4366898228694972e-11
13,5,-6.3808105877685477e-11,-6.9754620804111521e-12
14,5,-3.3782571791503204e-14,2.5216200822431845e-14
15,5,-2.958324530903199e-11,7.6440954202606147e-11
16,5,-2.8793310447463927e-11,2.0933706630433385e-12
17,5,2.5576273259922415e-13,2.0989741591284978e-13
18,5,-2.9482079421329385e-10,1.1620718952774346e-10
19,5,-4.2175921466143442e-10,-1.4954941650374484e-10
20,5,2.4227996551834116e-10,-1.4772779872570628e-10
21,5,-8.3146692458628696e-11,-2.8237112293402297e-10
22,5,1.1915300076178181e-11,1.326283251272586e-11
23,5,37.93727302503931,-50.054633617571866
24,5,-120.56291914200318,209.95062905072629
25,5,37.937273025007521,-50.054633617563681
26,5,1.4824826776953622e-11,5.7106630516317442e-12
27,5,2.4508128512788464e-12,-4.1997255044646087e-11
28,5,4.1376818105744976e-12,-1.4472746970087825e-11
29,5,-7.4860939110304025e-13,3.6031770536812085e-12
30,5,-1.396531185858061e-12,3.655466451561244e-12
31,5,-8.7498012845058791e-13,3.9602606150395914e-12
32,5,-1.2863348723965242e-10,4.8713209505926769e-11
33,5,2.9587090042634343e-10,-1.0607692149829675e-10
34,5,-1.6177950546945739e-11,-3.7587824772370068e-11
35,5,-4.1442122429889204e-12,1.3666409435950035e-11
36,5,-3.2517027238246115e-10,-8.4663481756770283e-12
37,5,-4.0540234707763238e-11,8.6168106704031004e-12
38,5,7.4501000705539732e-14,-6.0654201975343212e-14
40,5,2.2204567975147069e-13,-8.5151182840612753e-14
41,5,1.4434732202099569e-13,-6.4311662640467179e-14
42,5,-1.8007823345841184e-11,8.9468934307287322e-13
43,5,3.2786063547122751e-13,-8.6228563416956081e-14
44,5,-1.3694418983322225e-14,-1.4955068162609226e-16
45,5,5.4028344928787992e-14,-7.5899942516130992e-15
46,5,9.4344459607585216e-17,-3.0784663331749648e-17
47,5,-1.1971519352886728e-17,3.891916169667593e-17
48,5,-6.4777079092056286e-18,1.4981773320107014e-17
49,5,2.7349869502063816e-18,-4.3485376416284267e-18
50,5,-2.0002491237814834e-12,-1.2460985048522094e-12
51,5,-5.2731617576368563e-27,2.0934251982784722e-27
52,5,1.2544935580659861e-30,7.924858996016691e-30
54,5,1.2405187517965302e-30,-6.0589410831645564e-31
2,6,0.0071054629951651377,-61.420240581148981
3,6,-0.0071054629951693366,61.420240581148981
4,6,-1614.664363935749,1322.628407745623
5,6,-2243.6819972037842,1325.7754951359846
6,6,7304.7878825943917,-7820.0456096863554
7,6,1593.0381456925013,-1282.5107164587864
8,6,2205.7447241781974,-1275.7208615183808
9,6,-7194.1057080282599,7508.4447530289435
10,6,4.3252261651259533e-26,-1.6185066741083056e-25
11,6,-7.8558958590786844e-29,1.9799890224680169e-28
12,6,8.2515500897311476e-12,1.4007068017416292e-11
13,6,-3.2873946959572506e-11,-7.5086229729543234e-12
14,6,-4.8364513613744573e-14,-1.2007897791769731e-14
15,6,-1.8796235030670374e-11,3.5847859313105209e-11
16,6,-1.6034360900188454e-11,-6.1660258385490598e-12
17,6,-1.9790826329234289e-13,7.7786944592453798e-14
18,6,3.1227201107417194e-11,5.5244748153960105e-11
19,6,-2.3049819260286275e-10,5.3062347214909504e-11
20,6,-3.0586320247192142e-10,-1.6271676672970088e-10
21,6,1.4180581106711903e-10,2.5267320838397435e-10
22,6,4.9381155712438074e-12,3.6688392272594987e-11
23,6,21.626218243893199,-40.117691286978896
24,6,37.937273025184645,-50.054633617311019
25,6,-110.66986754406135,205.21787935777422
26,6,-3.2435610112102055e-11,-3.9715313009341417e-11
27,6,-2.7990928111597406e-11,3.3329630941102663e-11
28,6,-9.810484791099934e-12,2.4644216563681174e-11
29,6,-3.0136852151639238e-13,2.7189739845745315e-12
30,6,1.3318701192778994e-13,3.69690507226688e-12
31,6,-1.1081981926697355e-12,2.9353777511440064e-12
32,6,-1.8849347950349136e-10,2.5907488241641521e-11
33,6,1.5772292822082983e-10,6.2957356544448735e-11
34,6,-4.2386478183074548e-12,7.7406708456016781e-11
35,6,-3.8585894961176312e-12,1.3515303308796035e-11
36,6,-2.5926611120808557e-10,-6.6256620960340819e-11
37,6,-3.8902392958285322e-11,7.9836470519374457e-12
38,6,6.5693614922060904e-14,-4.7792203941306892e-14
40,6,1.1663008508821685e-13,-1.5612066037298656e-14
41,6,1.5483647219173315e-14,-7.8773805398162744e-15
42,6,-8.9797611149784126e-13,-3.7483676501454549e-12
43,6,2.8073224565954719e-13,-5.7730346268928828e-14
44,6,-1.1539159597667107e-14,-7.8547778191099326e-16
45,6,4.6016251004393907e-14,-4.0093257724200414e-15
46,6,8.1069610382884019e-17,-2.1674717707009955e-17
47,6,-1.191475190143307e-17,3.2244091738574196e-17
48,6,-6.1621738346332361e-18,1.2324937999634414e-17
49,6,2.509147788575206e-18,-3.5371672364181542e-18
50,6,-7.1652693885686704e-13,1.7481430958915791e-12
51,6,-4.5453265229817507e-27,1.5248104362850236e-27
52,6,6.9545992022622637e-31,6.7445559838693171e-30
54,6,1.0741521891161351e-30,-4.5429486707682143e-31
4,7,-7194.1057080280852,7508.4447530288735
5,7,2205.7447241781952,-1275.7208615183813
6,7,1593.0381456924988,-1282.5107164587876
7,7,8304.964901025176,-10206.466112925877
8,7,-2614.8794444653554,2021.7701307019431
9,7,-1780.047215302787,1816.6959739140582
10,7,-1110.8591929970976,2698.0213598970108
11,7,409.13472028716319,-746.04926918356432
12,7,187.00906961028818,-534.18525745527131
4,8,2205.7447241782002,-1275.7208615183874
5,8,-7516.4772473747598,7429.2125625219405
6,8,2205.7447241782043,-1275.7208615183856
7,8,-2614.8794444653599,2021.7701307019483
8,8,8768.2657107507293,-10247.468219416311
9,8,-2614.8794444653604,2021.7701307019433
10,8,409.13472028716353,-746.04926918356432
11,8,-1251.7884633759695,2818.2556568943701
12,8,409.13472028716257,-746.04926918356352
4,9,1593.0381456926216,-1282.5107164582239
5,9,2205.7447241782197,-1275.7208615183399
6,9,-7194.1057080282126,7508.4447530288235
7,9,-1780.0472153027877,1816.6959739140561
8,9,-2614.879444465359,2021.7701307019431
9,9,8463.8974285844379,-10371.861837714454
10,9,187.00906961028841,-534.18525745527188
11,9,409.13472028716274,-746.04926918356364
12,9,-1110.8591929970592,2698.0213598969958
13,9,-2.3891695871377591e-10,-2.0061524286821503e-10
14,9,-2.5022637930888122e-11,5.7857764937693677e-11
15,9,3.3855343235564036e-11,6.4673778812535491e-12
16,9,6.1334340449845721e-12,4.2312838479445126e-12
17,9,5.5769641318628296e-12,4.7040974301360295e-11
18,9,1.135644492701919e-10,4.130520888655997e-11
19,9,-4.8261122408905399e-11,7.0681355844921655e-11
20,9,7.4668721492051196e-11,-1.4753305498636382e-10
21,9,2.1055111372243446e-11,-9.4272036245227787e-12
22,9,-1.1259642777865927e-11,2.5016296108429325e-11
23,9,9.148222809813655e-11,-1.0607620060594497e-11
24,9,-4.09024211333594e-11,1.7057075562383179e-11
25,9,9.9413432049283071e-11,-1.8247938939067686e-13
26,9,1.9574570497361172e-12,-5.1104996446985032e-12
27,9,3.3874310249707191e-12,-1.2686648665791803e-11
28,9,7.5010514985255775e-12,1.1970511939522602e-11
29,9,6.1462607056159652e-12,-1.5679136059917571e-11
30,9,1.338532331276803e-11,-2.4812564508365032e-11
31,9,1.0822306870854403e-12,-9.9129868371874182e-12
32,9,2.1194021068241878e-11,6.0169474257144013e-11
33,9,-4.1407781369286526e-12,-4.1122134962774282e-11
34,9,3.9789969985597695e-11,1.3449525880807063e-11
35,9,3.1095114557088537e-11,1.5591079911861907e-11
36,9,-158.9325275598159,165.39572478884847
37,9,-7.2767706693420126e-12,3.3194621554628164e-11
38,9,-6.1615497862249162e-11,3.5618076136203511e-11
40,9,2.2943238422065801e-11,-1.0874510242204997e-11
41,9,1.7467225447248699e-11,-6.6008743209277648e-12
42,9,-6.178489924316093e-11,-4.5664125411330162e-11
43,9,1.2653216756068604e-10,-6.5504411983669963e-11
44,9,-3.5174345427174868e-11,-7.6845493612414308e-11
45,9,-1.2019420635842076e-10,-8.3814872689472619e-12
46,9,-1.3489497688772995e-14,-1.0200910926420698e-14
47,9,1.7509107775427907e-11,-4.7097750218009019e-11
48,9,9.3249266601480638e-12,-1.8202020352741355e-11
49,9,-3.6356139233586058e-12,5.1019933174917277e-12
50,9,4.4722777367660395e-13,-1.2449661775337299e-13
51,9,-3.8870043530005743e-21,5.6728436944158242e-22
52,9,-4.785142543655953e-25,5.6644931444911111e-24
54,9,7.5468392732172972e-25,-3.7289346791416456e-25
4,10,-2.0705243257928826e-26,1.7561573308973885e-26
5,10,3.0331795302807146e-26,-2.3555263023048228e-26
6,10,8.0578404754213693e-27,3.7467599174039627e-26
7,10,-1110.8591929970976,2698.0213598970108
8,10,409.13472028716319,-746.04926918356432
9,10,187.00906961028818,-534.18525745527131
10,10,1420.6839988106703,-3450.5145194093193
11,10,-523.2446687520021,954.12655873531253
12,10,-239.16693898084068,683.17249607466283
13,10,-309.82480581388228,752.49315951233234
14,10,114.1099484649144,-208.07728955159399
15,10,52.157869370560746,-148.98723861951257
16,10,-6.6799850687680714e-14,9.4663736537000632e-13
17,10,-7.0007685284544474e-13,7.061547397461325e-13
18,10,1.9878253724306771e-13,-5.4824731397202826e-14
19,10,3.0096413861966079e-14,-5.9225241133630219e-14
20,10,-5.473825655884786e-14,8.993768115060213e-14
21,10,-4.7248116044777713e-14,4.1861071874712701e-14
22,10,-5.182662382338016e-27,3.6917909111264551e-27
23,10,-1.0515282045872381e-26,5.5212589801901398e-27
24,10,1.2560146921028949e-26,-1.5275800475007869e-26
25,10,-3.720115926251999e-27,-2.3500537869544554e-27
26,10,-1.6926907103730417e-28,-6.81185356658188e-28
27,10,-7.3701831027256487e-28,-6.5432960365977998e-28
28,10,-1.8776671017617853e-28,-5.853284369105728e-27
29,10,3.9809848619559358e-28,-4.2572767788303637e-27
30,10,6.7133843473904734e-28,-4.6280580819098537e-27
31,10,4.675586601997083e-28,-4.1769372560410851e-27
32,10,8.2081266967206627e-15,3.4814865614261886e-14
33,10,4.0296513194175353e-14,-3.4187714746467588e-14
34,10,4.196367776483932e-14,-3.7097680964636687e-14
35,10,2.9873923371747278e-27,3.8473954908570891e-27
36,10,2.1909736116389923e-26,-1.7919899482062886e-26
37,10,1.5383457735564258e-27,-2.1051830483667053e-27
38,10,-2.4110667040563897e-31,1.2649912953300595e-31
40,10,4.1957255217429325e-16,4.4266444417231927e-16
41,10,2.5115670004280253e-15,3.3191539631216066e-15
42,10,-3.3859838709818695e-15,1.1721284884224522e-16
43,10,6.6783968746695526e-33,-9.1962498612367037e-32
44,10,-3.2132227020150595e-31,-3.2754062910279567e-31
45,10,-1.02370437111049e-31,1.0663805606000126e-30
46,10,-1.2178281682587462e-35,3.6403436444272909e-34
47,10,-1.4983945718979142e-33,3.1165331079869482e-34
48,10,8.5659494369302987e-34,-1.8122843454858174e-34
49,10,4.7123935236625313e-34,-1.414111457129018e-34
50,10,7.4696836780202363e-20,-6.1146688576164345e-20
51,10,-2.1172760603634611e-45,1.3463829431644626e-44
52,10,1.7879606959517472e-47,7.3332023554729986e-48
54,10,-7.1068682471455431e-49,-3.2434207085541141e-48
4,11,6.9636624854781041e-30,-4.5706072480151095e-30
5,11,-2.8733174650010484e-29,9.0651786182050225e-30
6,11,4.7477421397373726e-30,-2.9228802063419987e-29
7,11,409.13472028716353,-746.04926918356432
8,11,-1251.7884633759695,2818.2556568943701
9,11,409.13472028716257,-746.04926918356352
10,11,-523.24466875217809,954.12655873510971
11,11,1600.9192263296409,-3604.2828303972037
12,11,-523.24466875208566,954.12655873532515
13,11,114.1099484647884,-208.0772895516462
14,11,-349.13076295400731,786.02717350272098
15,11,114.10994846492216,-208.07728955159817
16,11,-7.7792258145986725e-15,5.6642998607727667e-15
17,11,-7.1021774320689678e-15,3.4051864785069611e-15
18,11,-3.4852731943689517e-16,1.698808910228656e-16
19,11,-1.0424763566532262e-16,1.0904048236303265e-16
20,11,1.7795030328952356e-16,-1.5966470257223191e-16
21,11,1.3015824560182598e-16,-6.004769275018633e-17
22,11,3.4108594403702634e-30,-3.027842695212761e-30
23,11,-9.2271646167108809e-31,1.985615522183384e-30
24,11,-1.3213882341871253e-29,7.748407930814472e-30
25,11,2.4288794012704016e-30,2.5048266537319192e-30
26,11,-7.2736543599473495e-32,5.2929091474006311e-31
27,11,3.4964523497877405e-31,5.9297451060597303e-31
28,11,-1.2540968947959062e-30,4.3359401911334015e-30
29,11,-1.3523011255271239e-30,3.0229747550954044e-30
30,11,-1.6463351238268529e-30,3.2242602485331864e-30
31,11,-1.3796112985230273e-30,2.9458943561221725e-30
32,11,4.9704894820288715e-18,-8.107221936312493e-17
33,11,-1.1001564964649975e-16,4.7920624512889517e-17
34,11,-1.1554754143312925e-16,5.3154791720514717e-17
35,11,-1.231071353936497e-30,-3.5974393831543237e-30
36,11,7.4948922482459152e-28,1.8206549301546614e-27
37,11,2.4137486105065263e-31,2.574398809074989e-30
38,11,4.8944633140922675e-34,-1.2667805468343331e-34
40,11,2.9173847977695166e-16,-1.8779885286087778e-16
41,11,1.4736854920052816e-15,1.1449263322250221e-15
42,11,-1.6342427916844987e-15,-1.8804964044916166e-16
43,11,2.4311408803519037e-35,-1.3936924850755833e-34
44,11,1.3721034703404064e-33,8.233098428469214e-34
45,11,-8.3219563699903734e-33,-1.6577103351024384e-34
46,11,-2.2179243239935093e-36,-9.2708680796087319e-38
47,11,1.1593768751415781e-36,1.3220256644021868e-37
48,11,-6.8212003133952918e-37,-7.2804136552816391e-38
49,11,-3.7869232964398703e-37,-8.7206730170476949e-39
50,11,-2.0247486311611031e-22,8.3988919807137597e-23
51,11,4.491481305950466e-48,-9.7657937333980571e-48
52,11,-1.2271622747921116e-50,-1.0637312818577601e-50
54,11,2.2504391834534557e-52,4.4524579050060289e-51
4,12,-4.0136274293139039e-12,1.0059074594316638e-11
5,12,1.0568940743336994e-11,8.9380972434881374e-12
6,12,-1.3358154534170971e-11,1.8333510597173178e-12
7,12,187.00906961028841,-534.18525745527188
8,12,409.13472028716274,-746.04926918356364
9,12,-1110.8591929971005,2698.0213598970186
10,12,-239.16693898074772,683.17249607475151
11,12,-523.24466875201392,954.1265587352824
12,12,1421.1109061557213,-3451.428323760756
13,12,52.157869370646956,-148.98723861946624
14,12,114.10994846491847,-208.07728955161193
15,12,-309.82480581385482,752.49315951229448
16,12,-2.5767427688650968e-12,1.1078535428944571e-12
17,12,-9.79449877191595e-12,7.5811611423411907e-12
18,12,8.3248026803656696e-12,7.9465106577298051e-12
19,12,-4.9932269398338246e-12,4.9793062640968221e-12
20,12,3.3528499710750976e-12,3.4163137270342841e-11
21,12,1.0934777711561834e-12,1.0452677871345486e-11
22,12,2.5627067013948032e-13,3.1429403630253253e-12
23,12,-2.3776338897810253e-12,8.2872256466308279e-12
24,12,1.2220334395336005e-11,1.0943410397928424e-11
25,12,-1.494391070321342e-11,1.7927638386555601e-12
26,12,-2.7654233453262317e-12,-2.9809137523434413e-12
27,12,-2.7676139813772261e-12,-2.2598807196555573e-12
28,12,-2.6430902528125695e-12,-3.0217095510978627e-12
29,12,-2.9210049794526937e-12,-2.8245356964689242e-12
30,12,-3.0505970125911044e-12,-3.0335481535166019e-12
31,12,-2.7821322730202277e-12,-2.8417001940183363e-12
32,12,5.6457052306044856e-13,2.5451820538295157e-12
33,12,-6.9189289745917485e-13,3.9986873138739651e-13
34,12,-7.2115381987803141e-13,4.3742322319477693e-13
35,12,-0.42690734476087383,0.91380435136183158
36,12,-3.8999233102904077e-11,-3.4424844563816752e-12
37,12,1.9227163716917782e-13,4.7218007641660746e-12
38,12,2.2225391367028181e-16,-1.7470178048129588e-16
40,12,5.3711042578861419e-14,-1.8981473598547734e-13
41,12,6.4986767114775749e-13,5.6737194419962713e-13
42,12,4.0403626091008962e-12,-3.3447516454964842e-12
43,12,-4.3435715824263119e-17,5.9064686504178172e-19
44,12,-2.4391088900528957e-17,-1.6340507193239803e-17
45,12,1.8864736639806503e-16,2.4747092307001574e-16
46,12,4.0559582149427477e-20,1.4532755504916921e-19
47,12,1.5277548591949848e-21,-5.722806056685699e-23
48,12,-4.5026017874128858e-22,1.9800246295877572e-22
49,12,-3.9084763324029133e-22,6.3302426019165745e-23
50,12,2.7204200778949966e-13,-3.6684176032425857e-14
51,12,-1.9432947836917418e-31,3.8192042837569321e-31
52,12,8.2863941620452752e-34,-2.9280948813875583e-34
54,12,7.3495539618505585e-35,-1.288625631858754e-33
4,13,4.3814233014681418e-11,-4.1771827534116767e-12
5,13,5.9659309676519395e-13,2.9745797940454833e-11
6,13,-3.1344392502742205e-11,2.4253148440879288e-12
9,13,1.638141478213623e-10,-2.1634235393958793e-10
10,13,-309.82480581375881,752.49315951231938
11,13,114.1099484650446,-208.07728955146868
12,13,52.157869370569273,-148.98723861960826
13,13,494.67551933927462,-1201.4530066564275
14,13,-182.19134478409796,332.22240227526345
15,13,-83.276808810963189,237.87746576824452
16,13,-184.85071352674714,448.95984714440317
17,13,68.081396319759904,-124.14511272343947
18,13,31.118939440203835,-88.890227148805693
19,13,-2.6137911964672101e-11,2.6569282717726204e-11
20,13,-6.5020645246276138e-11,-1.5678634145646495e-10
21,13,-6.0268999334858738e-11,1.6096205561335848e-11
22,13,-5.3349633678408165e-13,-1.7969789970321573e-11
23,13,5.8587748531730924e-11,5.1605141243579645e-11
24,13,8.4798594440698912e-12,1.6812632111451953e-11
25,13,1.1353615435246306e-12,4.2166173858208057e-13
26,13,1.3583065702663852e-12,1.5435858645502138e-13
27,13,2.4733613142767515e-12,-1.0582272808510664e-12
28,13,5.0896054163175289e-12,4.1540288354239071e-12
29,13,2.8116503816295552e-12,4.7395226838250231e-12
30,13,3.4540073074463403e-12,2.5150732163078843e-12
31,13,3.3377962681027831e-12,2.8588659847992315e-12
32,13,-3.1662597168191704e-11,2.892887585514514e-11
33,13,-6.6520503761953014e-12,-9.42186117513471e-12
34,13,-8.9753364551185045e-11,1.490004965631319e-10
35,13,-5.5230336951088397e-12,1.4229388554599045e-12
36,13,4.0976360074363617e-11,-2.1405858423186037e-10
37,13,2.3700191756414038e-11,6.151044395939589e-12
38,13,1.230945995599765e-10,1.0479210945438187e-10
40,13,1.4820364386655516e-11,-4.5509956157318489e-11
41,13,1.2017645740982109e-10,2.7767702931185252e-12
42,13,-1.1675027128520215e-10,1.8190278510266745e-10
43,13,1.4327086904126926e-11,3.6819076835822076e-11
44,13,1.3742763215994603e-10,6.0481940586951248e-11
45,13,2.1219640797820275e-10,-5.7333322224606364e-11
46,13,8.935389190540918e-13,-1.4024344799472334e-12
47,13,-5.7461958875740078e-14,2.0715200879514167e-13
48,13,3.3787903533712421e-14,3.4152425595447809e-14
49,13,-7.4339785938088835e-15,5.6066093225213895e-15
50,13,-1.7215847514235892e-14,-4.5336824702974196e-13
51,13,1.6056483262928129e-15,-1.9117083019030614e-15
52,13,-2.0453420128435728e-18,-2.932345341635065e-18
54,13,-5.9068474276568941e-20,7.3672931301257801e-19
4,14,6.3094413553031949e-12,-4.921731954986415e-12
5,14,-4.6740544607916482e-15,-7.3792625300198362e-15
6,14,2.8630711321200714e-14,-6.6885204006533977e-15
9,14,-1.6584820206541751e-11,1.2489463687230786e-11
10,14,114.10994846475741,-208.07728955167141
11,14,-349.13076295409797,786.02717350264595
12,14,114.10994846490294,-208.07728955153021
13,14,-182.19134478453543,332.22240227511747
14,14,557.58802403566278,-1256.3150653719313
15,14,-182.19134478434012,332.22240227504608
16,14,68.081396319482195,-124.14511272363357
17,14,-208.30181907708294,468.96723937793615
18,14,68.08139631962554,-124.14511272361045
19,14,-1.2592687020718105e-14,-2.0398531647336939e-13
20,14,-3.289455001432598e-14,8.3677548113220513e-14
21,14,-4.9135426512508171e-14,6.4825683192994039e-14
22,14,-1.5153068778894046e-14,1.3673900501814729e-14
23,14,3.4560471248231392e-12,-3.0098777825411229e-12
24,14,1.0949899219765157e-14,-8.8056485558247179e-16
25,14,1.0357785050359922e-14,-4.6056311177641138e-15
26,14,-1.474186653471272e-16,1.6732490152922425e-16
27,14,-4.6949814621217651e-17,-8.3125155174315744e-17
28,14,3.0142177334147182e-16,3.5743235258837943e-16
29,14,2.7444382736533068e-16,7.3264826927758613e-16
30,14,2.2952742160191438e-16,8.2966256973609831e-16
31,14,2.4241345501960112e-16,6.986736354119698e-16
32,14,1.7408439744622195e-13,3.9855633247681306e-14
33,14,-8.6616889224071345e-14,-1.1764594342975886e-13
34,14,-2.1551356759714004e-13,1.7897746037296419e-13
35,14,-5.6529088834233522e-16,-4.3961900994899079e-16
36,14,-2.1688854701999634e-11,8.1087156301668715e-12
37,14,5.2666692724287089e-12,7.127851453328042e-13
38,14,-0.15544200510658879,1.3206524913785385
40,14,-6.9810980071030107e-12,3.3928097597441136e-11
41,14,-2.0664268124340148e-10,5.0050950606193906e-11
42,14,2.0820965229894832e-10,-1.4793657020940871e-10
43,14,-4.1920577044572087e-12,1.4244576626181428e-11
44,14,-7.0304033053027737e-12,-1.2347139235985924e-13
45,14,3.6942692020140876e-12,-3.9777737872300843e-11
46,14,-1.5590575263042763e-14,1.1170321425395394e-14
47,14,5.4102135599787353e-21,5.3797423586351968e-22
48,14,-6.8699459223918075e-22,1.9999410401070855e-22
49,14,-1.2253868787124318e-21,-9.4183358709232562e-23
50,14,1.4254413827016092e-16,3.812400583328807e-17
51,14,1.2505865222150572e-25,1.1571559933463498e-25
52,14,2.0097890477711015e-28,-1.2391579644146726e-28
54,14,-5.0639904444498669e-29,-1.6103260003513383e-29
4,15,-1.717605327050163e-11,-1.3006687804820188e-11
5,15,-1.1394916385173263e-11,-7.7308378033909794e-12
6,15,2.539739798203875e-11,-6.92843423406949e-12
9,15,-2.3201870764897365e-12,5.0473898672141675e-11
10,15,52.157869370561201,-148.98723861947917
11,15,114.10994846490652,-208.07728955164248
12,15,-309.82480581384766,752.49315951233348
13,15,-83.276808810854163,237.87746576846712
14,15,-182.19134478408887,332.22240227526027
15,15,494.67551934059202,-1201.4530066566076
16,15,31.118939439996502,-88.890227148935125
17,15,68.081396319638458,-124.14511272360522
18,15,-184.85071352665889,448.95984714465925
19,15,-1.3275736225200345e-10,-1.4327912962439892e-10
20,15,-5.898494475445776e-11,2.8993580427511598e-11
21,15,2.9059572815384212e-11,-4.5680485279450917e-11
22,15,-2.1089243571450641e-12,3.0685187575078002e-12
23,15,3.8139858403194169e-12,-2.3851579596009128e-12
24,15,-6.342647922389764e-12,-4.1006369363375055e-12
25,15,1.0424675487193383e-12,-2.1679018207989616e-12
26,15,-6.5753848398707782e-13,2.1801441143708452e-13
27,15,-1.3989266374089363e-12,2.7351902803156512e-13
28,15,-7.7256657007451624e-13,-1.7285248958472732e-12
29,15,-1.1904201177364351e-12,-8.4168402840962042e-13
30,15,-1.3192930039786887e-12,-9.4454028028842485e-13
31,15,-1.1489054503944242e-12,-9.1620965518346167e-13
32,15,-1.6434663038212366e-11,-8.622637125429825e-11
33,15,-1.4672789979203692e-11,7.011706031885291e-12
34,15,2.1421596160168749e-11,4.4788387716432367e-11
35,15,1.9499033733880091e-12,-6.2219141507036541e-13
36,15,-1.0993338418377399e-11,-3.4005011196251996e-11
37,15,-6.3095357195154823e-13,-1.0930233002484322e-13
38,15,1.6448308537256e-16,-1.5765946655662767e-16
40,15,2.0746027352561353e-12,1.5681929306079215e-11
41,15,-1.7414724211145169e-10,7.767992948942166e-12
42,15,9.6334470632750776e-11,-8.1474334884150078e-11
43,15,-5.6261655808187358e-18,-3.1731752021418095e-18
44,15,-3.2620521209368584e-17,8.371921995777438e-18
45,15,6.6512251605316359e-17,7.705633260522773e-17
46,15,2.8026277930376994e-20,2.1368264907428768e-20
47,15,-7.3820460281480723e-20,1.5932784670880974e-19
48,15,3.2168146925231095e-20,-7.0828191288886855e-20
49,15,1.8710520291066536e-20,-4.8262278197845874e-20
50,15,-5.4828022702007011e-14,1.1264110622197072e-13
51,15,1.8809294330316162e-30,7.103636379477251e-31
52,15,1.7575018027266982e-33,-2.3139769793150117e-33
54,15,-4.6074501376646799e-34,-1.6303839619573827e-34
4,16,2.8291555963084451e-12,-1.0405313095933832e-11
5,16,3.9276371887922851e-12,1.6605471751319657e-11
6,16,-2.1197682365280262e-11,-5.7570961992043456e-12
9,16,-3.6953917506531947e-12,-4.0294859260510134e-11
10,16,2.9185105952031885e-13,-1.4199506841889772e-13
11,16,-4.5211636686659074e-16,1.3988142913476511e-16
12,16,-3.9940780902342112e-12,3.3794071079436682e-12
13,16,-184.85071352669078,448.95984714469171
14,16,68.08139631959375,-124.14511272352813
15,16,31.118939440103805,-88.890227148858514
16,16,274.08088764624063,-665.67940731941917
17,16,-100.94529352621248,184.07179525093079
18,16,-46.140511884547379,131.79885484478848
19,16,1.9816149805235458e-10,3.6457022626700183e-10
20,16,5.0511784548784057e-11,-3.4486070292444427e-10
21,16,-6.7550455136454867e-11,2.3823517307798361e-12
22,16,4.134549332461672e-13,-3.0421713508536222e-12
23,16,3.8153778188580189e-13,-5.1718315224978859e-12
24,16,2.8560557185267812e-12,8.0032795811862305e-12
25,16,1.7077045388813826e-12,2.0530887668315285e-13
26,16,3.1833091410167091e-13,5.5256775383162032e-15
27,16,5.493542986968926e-13,-5.0826620996660088e-14
28,16,1.8313036997726297e-12,1.6832666395023581e-12
29,16,1.3978913603705215e-12,1.2621161170307603e-12
30,16,1.459682044398671e-12,1.4226435062749296e-12
31,16,1.3483611865276542e-12,1.279570844578333e-12
32,16,1.5991092566224199e-10,3.1835823619055746e-10
33,16,9.7019136120797318e-11,-1.320927367762427e-11
34,16,-4.2756788085246601e-11,2.9160094183902543e-10
35,16,-2.1934515709818153e-12,2.4832612453147228e-14
36,16,-7.7656258481091955e-12,1.4031902572515016e-11
37,16,4.2696062170338768e-13,1.0471757979183176e-12
38,16,1.6798500936291339e-15,-2.0363298769335574e-15
40,16,-89.230174119645923,216.71956017474128
41,16,32.863897206272767,-59.926682527047021
42,16,15.021572444743708,-42.908627696091621
43,16,1.3863933249637907e-16,1.4821767726341657e-16
44,16,8.9474441987216116e-16,3.8562700124150028e-17
45,16,-9.3056393044417717e-16,-1.8188572986553056e-15
46,16,-4.5274093200010689e-19,-6.0227924622325117e-19
47,16,1.4756140856530399e-18,-2.340110433893956e-18
48,16,-9.7231290223663868e-19,1.4409663419227895e-18
49,16,-4.2729881381487685e-19,8.1987721081084151e-19
50,16,7.5846380027008864e-14,-2.7290487056907055e-13
51,16,-1.1101741568412443e-29,-1.5441941298242694e-29
52,16,-2.5465962637072072e-32,9.7877025475081207e-33
54,16,4.3244503018939922e-33,1.7734029401947388e-33
4,17,8.4540134878358622e-12,-9.7316736983940524e-11
5,17,5.7549680896188286e-13,-5.535772952508444e-13
6,17,6.6992473102574675e-13,-4.5022634197799808e-13
9,17,-3.1322870642398271e-11,-2.2420391369532558e-11
10,17,-1.1271444309901929e-13,-3.7612886320674389e-14
11,17,1.4924855388872353e-16,2.4995300600170361e-17
12,17,6.6308326572545208e-12,-7.4344636593655088e-12
13,17,68.081396319721648,-124.1451127235714
14,17,-208.30181907691232,468.96723937793803
15,17,68.081396319679783,-124.1451127234406
16,17,-100.94529352604411,184.07179525107517
17,17,308.8521887837926,-695.34466377476292
18,17,-100.94529352562074,184.07179525068454
19,17,1.1356192047550299e-10,-1.3021551762985694e-10
20,17,2.4135301549427385e-10,-1.5894640487278752e-10
21,17,1.8917624614016646e-10,2.011308740497383e-10
22,17,-1.0441264202158377e-11,1.0727790138865917e-11
23,17,5.0450879236672013e-11,-1.8974530728548343e-10
24,17,1.0843879322826851e-12,-6.8120491608523854e-13
25,17,1.1187699580267002e-12,-5.254871339080857e-13
26,17,1.8383292099951148e-14,5.1628339008402567e-14
27,17,2.1881942550338036e-14,3.671619755635592e-14
28,17,3.0276550382312067e-14,6.6606726399320796e-15
29,17,3.033616670675323e-10,2.8237014261057657e-10
30,17,2.1709159141154504e-10,3.463677004018154e-10
31,17,-7.8234111924097047e-11,-2.4191109547738564e-10
32,17,1.0145807913273592e-10,-8.1156079874216208e-11
33,17,-1.068766165349188e-10,-2.6278652409183614e-10
34,17,1.4250433709243882e-10,-3.8506529341816236e-12
35,17,8.2075401421016951e-12,-1.0558787821004447e-12
36,17,3.6768801924087166e-11,-8.8331463588748119e-11
37,17,8.4413407118701521e-12,1.8366053591235501e-12
38,17,3.6149490971551239e-11,-1.9688747881880369e-11
40,17,32.863897206390725,-59.926682526798331
41,17,-100.55036970669532,226.37742439712736
42,17,32.863897206637731,-59.926682526609881
43,17,-1.6616041356870081e-11,2.5129441528010899e-10
44,17,-9.0843979847734952e-12,-2.0737920797755807e-11
45,17,3.2973882035333726e-11,2.3531081421439193e-11
46,17,3.1231994740413255e-13,4.4962691532499805e-13
47,17,-8.7555166735683135e-11,-1.1424803833082012e-10
48,17,5.354901911723134e-11,7.5436018134350703e-11
49,17,3.2593494421592446e-11,3.5993529502548926e-11
50,17,2.4349668095922484e-14,-4.8082509528845181e-13
51,17,1.5949977706711688e-27,-3.7096207303176997e-25
52,17,-6.0054147067293293e-28,-1.1045158258554577e-29
54,17,-1.1851431842188259e-28,-6.4141180183585443e-30
4,18,6.2032413541342112e-12,-8.7279642011694985e-11
5,18,-2.5822943083363019e-12,-9.4696313579263995e-12
6,18,-2.1366197048061011e-11,-1.243175113913425e-11
9,18,-9.7396647381242249e-12,8.4639027065685707e-11
10,18,2.1165398892543252e-13,-1.8735006199437587e-12
11,18,-4.8699802785412556e-16,2.3946969803746515e-15
12,18,1.5312965184661347e-11,3.0404691001444341e-11
13,18,31.118939440103905,-88.890227148898006
14,18,68.08139631951137,-124.14511272358199
15,18,-184.85071352658542,448.95984714470507
16,18,-46.140511884604052,131.79885484465467
17,18,-100.9452935256777,184.07179525059382
18,18,274.08088764581657,-665.67940731892486
19,18,-3.8795952405175817e-10,-8.5830027318173749e-10
20,18,-8.4069502131776241e-11,4.3304914888660878e-11
21,18,5.3887464981914243e-11,1.3331568726612368e-10
22,18,-1.455174476350408e-11,2.1928399309315035e-12
23,18,6.2472409857409301e-11,-9.2299703235934164e-12
24,18,-4.8949673861395732e-11,2.6170147975377696e-12
25,18,1.7990959141144592e-11,-4.6564295498950526e-12
26,18,-1.5637926889333726e-12,-4.0383459854442487e-12
27,18,-5.4819727568057407e-12,2.2058230434027755e-12
28,18,-5.9937591964804075e-13,-2.6750260639157708e-12
29,18,-5.5360387827156665e-12,-2.4462575560152339e-12
30,18,-6.0524394390086564e-12,-2.8871703961093523e-12
31,18,-5.5487848158769976e-12,-2.9280142405501576e-12
32,18,6.745046999021984e-11,-5.0522605253670765e-10
33,18,-1.2888279299049601e-10,1.2839791969087685e-10
34,18,-2.1469252475013413e-10,5.9624666253905746e-10
35,18,7.7906757274690364e-13,1.8987398758923585e-11
36,18,-1.1807519889808372e-10,-2.3802730349814508e-10
37,18,-1.069899851514004e-11,-2.8128137114510174e-11
38,18,6.0418931948694046e-13,-9.6085376166724363e-13
40,18,15.021572444688793,-42.908627696140357
41,18,32.863897206693544,-59.926682527259196
42,18,-89.230174120056915,216.71956017467656
43,18,1.3600897400358318e-13,7.1702399193233981e-14
44,18,6.6159426240168218e-13,-1.9535935380487778e-13
45,18,-1.1842432062749631e-12,-1.1463800913718178e-12
46,18,-4.9878282485851097e-16,-3.3814389482245521e-16
47,18,5.2127901185203216e-16,-2.1530337303882875e-15
48,18,-3.8553568842502238e-16,1.3787823011078777e-15
49,18,-1.1523116855910154e-16,7.3994746331429949e-16
50,18,5.9049893680040347e-13,-2.7995152001709055e-13
51,18,-6.4453242975340474e-27,-1.1862212344953444e-26
52,18,-1.8893385241707615e-29,4.5676185652776074e-30
54,18,2.9054668840795147e-30,1.6457817944881603e-30
4,19,-1.1196744146767822e-10,2.9621165805067925e-10
5,19,4.1131469597569606e-10,1.8692925590358802e-10
6,19,-1.7750293859656148e-11,-5.5625449334507586e-10
9,19,1.0878888217831103e-11,1.829812731393051e-10
10,19,-1.9638373205331148e-23,8.4766551569610076e-23
11,19,3.9779433061418457e-26,-9.5301476642165931e-26
12,19,-1.0927117791597433e-11,-4.4278689956172462e-12
13,19,-4.0087081540354749e-11,4.8563196554754306e-12
14,19,-7.9848656716367615e-14,-3.9948996027539027e-14
15,19,6.7336357621226145e-12,3.4118283182438082e-11
16,19,4.0462765185108442e-10,1.4751980581619215e-10
17,19,-1.1536380506089995e-10,-1.979062259662069e-11
18,19,-7.0069744127865376e-11,2.0958234345394874e-10
19,19,257.81596229149591,-147.37682923110333
20,19,-64.474761974531816,2.121765765993338
21,19,-54.692838968078263,8.965931679622841
22,19,-4.6200403344724489e-11,7.734873146762844e-12
23,19,-8.6692176877157549e-11,6.799504739952268e-12
24,19,1.5091748469275394e-10,-2.0412576301129922e-10
25,19,1.0767537219682325e-10,2.1742768251031681e-10
26,19,-8.7548858247744051e-12,-1.4242846214714498e-11
27,19,2.3114101064024995e-11,1.0907644272302621e-12
28,19,1.3178413950144243e-11,8.0894585338420069e-11
29,19,-4.964075620299813e-12,1.050238068107119e-11
30,19,-6.4434216765504816e-12,7.8595455278601654e-12
31,19,-4.4989976588256193e-12,8.7416449811990118e-12
32,19,-257.81596229061637,147.37682923011923
33,19,64.474761974442742,-2.1217657661893812
34,19,54.692838967368068,-8.9659316797416189
35,19,-3.7367727738293541e-12,-9.4838849904176936e-12
36,19,-1.3138111973284105e-10,-4.1391725664526826e-10
37,19,9.6843298175172564e-12,-2.7771353061590961e-11
38,19,5.0569791696628398e-14,-4.4402328563532528e-14
40,19,2.6125433222487551e-10,-3.6021522095370178e-11
41,19,-1.8956720776683685e-10,-1.7180502352985509e-10
42,19,2.0143198596611014e-10,1.0378003925450287e-10
43,19,1.9279149654182129e-16,-1.4605502060362269e-16
44,19,-1.4081861825362699e-16,-1.1342392053053029e-16
45,19,-3.900310958498964e-16,5.4931861908856241e-16
46,19,2.4948927884660196e-19,-3.5129463238394924e-19
47,19,-4.602935348178614e-21,-8.3854207631997409e-22
48,19,-4.4584203560481519e-21,2.1947673820462093e-21
49,19,1.9143938686688126e-22,9.9235391131001903e-22
50,19,2.8217133569902513e-12,-4.9516254868275803e-13
51,19,-7.5423704104047386e-28,-9.7776168047249943e-29
52,19,-4.1582608005842424e-31,1.006322437306134e-30
54,19,1.9934719920350237e-31,-1.0516272483199128e-31
4,20,-7.5607357112550101e-11,-1.4255857926289628e-10
5,20,-1.5409815123709691e-10,-3.5623608007022315e-10
6,20,8.0529074371740458e-10,-7.9643202250920753e-10
9,20,8.6987361993337516e-12,-5.8437681159050424e-11
10,20,4.2925400240455069e-23,3.8800823181886033e-23
11,20,-5.1650329572076202e-26,-5.3790553871248668e-26
12,20,2.9917256260346177e-12,3.2235663181492349e-12
13,20,-5.4277839118271194e-11,-9.1615325367913443e-11
14,20,-8.9687994920459731e-14,-1.9404629001759896e-13
15,20,-7.8330917627741546e-11,-3.7660881301578749e-11
16,20,8.1829178755054865e-11,-1.050087035026833e-10
17,20,-5.2069579362757586e-11,4.3476466785852667e-10
18,20,-3.4794151102873516e-10,2.8797250616789903e-10
19,20,-64.474761974192347,2.1217657656318103
20,20,261.23863539165313,-142.96070809613957
21,20,-64.474761976050445,2.1217657661822003
22,20,-6.2344949085735017e-12,-3.0522295529559912e-11
23,20,-1.8879903455471866e-11,4.0273058646387552e-12
24,20,-2.3989470407320449e-11,-2.0309163338747097e-10
25,20,-4.5883651385690546e-11,-1.0472941135284167e-10
26,20,9.0084102531207018e-12,-4.9229695389055557e-12
27,20,-1.0911884621673681e-11,-3.5469638883945929e-12
28,20,-3.2228920615077123e-11,-1.1950147533343747e-11
29,20,-4.6806498006204854e-12,-7.4990677584895564e-13
30,20,-4.5640445967534464e-12,-2.6773747025981996e-12
31,20,-4.5599566137038478e-12,-1.2995222037564487e-12
32,20,64.474761975115854,-2.1217657667318202
33,20,-260.83595386322418,142.23396154382431
34,20,64.474761975198177,-2.1217657651600419
35,20,-2.3692770081746525e-13,3.7949624254150952e-12
36,20,2.6240419895437819e-10,-7.1668725199682598e-10
37,20,4.9098225710499757e-13,-3.5520943236851949e-11
38,20,2.7589181831258477e-13,4.3243210611045015e-14
40,20,8.6291830234698492e-11,-1.5443081080481204e-10
41,20,-6.0662869454677694e-11,4.0049397306790131e-10
42,20,-3.2451970973954697e-10,2.9547503378775596e-10
43,20,1.3519543705300541e-17,-1.7162922069054688e-17
44,20,-1.4165570933101494e-16,5.9974995910861626e-17
45,20,5.843024886371704e-16,1.4817562664463738e-16
46,20,2.9585847517447807e-19,-1.2054408372318874e-19
47,20,2.3563014379319784e-21,5.2611666418303453e-22
48,20,1.336371522686541e-22,-9.3721506027118096e-22
49,20,-5.1619448234553265e-22,-3.3753922335797487e-22
50,20,-0.40268152837800814,0.72674655323755255
51,20,-5.8608336010687981e-28,-1.6828217294001398e-27
52,20,-2.5446350952183268e-30,1.8390854898121115e-31
54,20,4.301438139170768e-31,3.046441834138018e-31
4,21,3.0773944227609995e-10,4.0641771924937473e-11
5,21,-2.9767143961679557e-10,-1.8250646945516455e-10
6,21,8.0286335104301917e-11,5.5923683195161175e-10
9,21,-1.978088623704749e-10,1.4369360760245003e-10
10,21,-3.942215029201784e-23,1.4713249825526317e-22
11,21,6.9907129740760543e-26,-1.8352840905915721e-25
12,21,-2.2075231336783408e-12,-1.7752013575216227e-12
13,21,-7.0711177534826558e-11,-1.5205313962070322e-11
14,21,-2.0777472911147275e-14,-1.5285317467350707e-13
15,21,-3.3294235158704007e-11,1.0489953316787276e-11
16,21,3.2773940668489782e-10,5.6113069145373855e-12
17,21,-1.7883632172116575e-10,3.7537431073069947e-11
18,21,2.2207835451036224e-11,7.719418244606988e-11
19,21,-54.692838967361581,8.9659316800121189
20,21,-64.474761975682441,2.1217657660156419
21,21,257.81596229109437,-147.37682922994168
22,21,-1.7485121728420634e-11,4.0834958996192859e-11
23,21,8.199549443261816e-11,-2.6898880113590469e-12
24,21,6.1450003951102311e-11,-1.1849454848204192e-10
25,21,-7.6107419108166815e-11,1.0213454781651464e-10
26,21,4.3005900028603731e-12,5.1049503987980257e-11
27,21,1.9838657837336953e-12,5.4648104429107765e-12
28,21,-1.0312288735873405e-11,-8.7630140294835836e-12
29,21,-5.3797537739647529e-12,7.446612235925328e-12
30,21,-6.4516202022811582e-12,8.5617300990589473e-12
31,21,-6.5077290089288044e-12,7.000562335772928e-12
32,21,54.69283896751196,-8.9659316796302182
33,21,64.4747619747491,-2.1217657662318699
34,21,-257.81596228978754,147.37682923022268
35,21,-2.031889739607316e-13,-2.4406916775944947e-12
36,21,1.3616176107051146e-11,-2.1084362702807231e-10
37,21,7.8895649093886071e-12,-1.9500515717141578e-11
38,21,3.177009674027411e-15,1.495789266036954e-15
40,21,3.9261071327027252e-10,1.2407483916490011e-10
41,21,-2.5298434217315648e-10,4.2927114407399288e-11
42,21,4.3859698283609844e-11,-3.5271731793130332e-11
43,21,3.0125325840713583e-19,-6.6833440396885033e-19
44,21,-3.040043373656822e-18,-1.3706230138433015e-18
45,21,6.612879481524868e-18,7.7590019646209773e-18
46,21,5.9575937866400136e-21,-8.0091391242446143e-22
47,21,-9.0728370904388292e-22,-4.6508280853772343e-22
48,21,-3.5203467871793217e-22,-2.4286927148975428e-22
49,21,9.1806282103938303e-23,8.3620763736730132e-23
50,21,-2.6183184356385423e-12,1.2005525701402574e-12
51,21,-1.4205057916531384e-30,-2.2359620793219713e-29
52,21,-3.1434539279425162e-32,-6.3596434340310516e-33
54,21,4.1994580983024729e-33,5.1372243777036039e-33
4,22,8.8284426180816166e-12,5.9389810388463806e-12
5,22,-1.5226471550126335e-11,2.7655066829271757e-11
6,22,-3.4094115137979871e-11,-1.8164344415518919e-11
9,22,3.2176000859591814e-11,3.8926945910500392e-11
10,22,5.8396067639193736e-27,1.6305057977733891e-26
11,22,-5.7507939463328669e-30,-2.1337432665920354e-29
12,22,5.4254826951730917e-12,6.3423374135351955e-12
13,22,8.9599119241360121e-12,-4.2091120901621742e-12
14,22,-7.5857043769559259e-14,2.6560520113170775e-14
15,22,-2.5806410805930875e-12,-4.9566677131854702e-12
16,22,2.0073732993989386e-12,8.087905667649445e-13
17,22,6.8019720995965743e-13,-4.3380149791765206e-12
18,22,7.2707275555276468e-12,-1.6689540314019735e-11
19,22,-2.5283321680249564e-11,-1.2801399961853463e-11
20,22,-1.3850875839184881e-11,-5.3330300175619792e-11
21,22,-1.2863033817625627e-11,-2.9922991406401131e-11
22,22,0.36249416241698468,-0.57539754301339696
23,22,2.4742736207341731e-11,-1.5801997988174952e-12
24,22,-1.0660013967086038e-11,3.3376763868307843e-11
25,22,-7.6766845786236159e-12,-3.0758336617619317e-11
26,22,3.5372648003195996e-12,-1.7860243741655785e-12
27,22,1.1881792936777751e-12,-1.3574837843702046e-12
28,22,1.0160706119577727e-12,-4.8516686131524335e-12
29,22,-7.9777113222507448e-13,-1.3605894545224998e-13
30,22,-5.8474998509308375e-13,-4.3544257856583459e-13
31,22,-6.3625663078319592e-13,-3.6791199044732382e-13
32,22,7.4742996361277045e-12,1.1164547764045911e-13
33,22,3.5992414235050846e-12,-2.0468978240333971e-12
34,22,-1.4649599178374871e-12,-7.7118086112370568e-12
35,22,-7.4065962968824492e-13,7.1779286150963607e-12
36,22,-0.36249416249340072,0.57539754302491708
37,22,-4.2433193548947263e-12,-2.3920482836526787e-12
38,22,-1.584415156662629e-13,3.2541466137211948e-14
40,22,1.3764654726338102e-14,9.3180294115368523e-15
41,22,-2.7576472820319712e-13,2.1531180656291176e-13
42,22,6.290633892813215e-12,-2.1231132409836365e-12
43,22,-3.1845613315371177e-18,-2.8108236123407897e-17
44,22,2.1377330256966551e-16,-1.643063279651807e-16
45,22,-1.5134367182574968e-15,-1.1120969516525441e-15
46,22,-4.9870766459152553e-19,-2.5273745654502191e-19
47,22,-5.2032195095773516e-21,7.6771148009506315e-22
48,22,-1.0166802525667373e-21,-2.4812666638251087e-23
49,22,8.7133680907342059e-22,-2.1003369087006317e-23
50,22,-3.9261249490135932e-14,-4.3295151435225155e-14
51,22,1.4317344297609044e-29,7.0001113384623587e-28
52,22,9.7340248174444405e-31,2.4132336425520342e-31
54,22,-1.2420030560450622e-31,-1.6574265382467211e-31
4,23,-110.6698675443578,205.21787935783249
5,23,37.937273025118117,-50.054633617586326
6,23,21.626218243782343,-40.117691286897852
9,23,4.875510135878425e-11,-1.1802355773425403e-10
10,23,-7.1784278442527125e-26,-7.258135300137281e-26
11,23,8.1292754750649092e-29,1.0216334517737205e-28
12,23,1.3951154698128184e-11,1.4532124091827742e-11
13,23,-1.0207714154740659e-11,-4.1496662136127144e-10
14,23,2.4988147688917654e-12,-3.6316536917299563e-11
15,23,1.5896104916143414e-11,2.5155744372854475e-11
16,23,-1.4685799477968007e-11,-9.5716404092089121e-12
17,23,8.1190254455864516e-12,1.040232728384852e-11
18,23,1.1160546124584396e-10,8.164892342122145e-11
19,23,1.2044675178382544e-10,1.0578141069002056e-10
20,23,-7.6934569985097631e-11,1.5013833490042171e-10
21,23,-8.0168816119070951e-12,1.5770953150496893e-10
22,23,4.1553440769708863e-11,-1.1964828144917001e-11
23,23,268.64680047852494,-498.25982147444756
24,23,-92.091412797321937,121.54169375444769
25,23,-52.492813924987956,97.407626409370891
26,23,-157.97693293434418,293.04194211662048
27,23,54.154139772125419,-71.487060137005685
28,23,30.866595681267889,-57.289935122435153
29,23,-5.3380076842304346e-12,1.0053569704814475e-11
30,23,-5.5892160561194709e-12,9.3737221122369454e-12
31,23,-4.6739112879912037e-12,8.5966368783764311e-12
32,23,5.0139801306405356e-11,-5.1109872458416648e-11
33,23,2.2151237604863917e-12,8.9005094889354089e-12
34,23,-3.7105773609159275e-12,1.8048756810524837e-11
35,23,-7.9151184217363234e-13,1.7398833494897189e-11
36,23,-2.6385044102494763e-10,-9.7205443114208859e-11
37,23,-5.1616191958517161e-11,6.2713184340673437e-12
38,23,6.2765592918328027e-11,-5.7766727203192105e-11
40,23,8.003460949061421e-11,-3.2971095029825247e-11
41,23,2.6563533708276517e-12,-1.0953586971698142e-11
42,23,-4.1439575714943882e-12,-4.411303252520354e-11
43,23,2.5554781904739665e-10,-1.0427894770501342e-10
44,23,2.1091696401819407e-12,-6.5042375299341529e-12
45,23,8.6302478314370002e-11,-3.0668733686414306e-11
46,23,8.3005145696249065e-14,-3.9927873127336486e-14
47,23,1.1856672501154067e-15,3.6692586153067488e-15
48,23,2.4668065503088723e-16,1.6376909944610282e-15
49,23,-2.8329778836886729e-17,-4.5637688852605334e-16
50,23,-1.5929892737926661e-13,5.1177302592293987e-13
51,23,-3.0983177486260033e-24,2.7761366833083633e-24
52,23,2.806199646444643e-27,5.2231198321601448e-27
54,23,5.5561889826935862e-28,-7.6180194201646769e-28
4,24,37.937273025156763,-50.054633617612346
5,24,-120.56291914197311,209.95062905102387
6,24,37.937273025137834,-50.054633617735789
9,24,1.0005094137833372e-11,-5.1926042507726883e-11
10,24,1.6468324254656977e-26,-2.4868130314884875e-26
11,24,-2.6713130961880812e-29,2.7792905463248298e-29
12,24,1.0660761385752884e-11,1.6187188782866389e-11
13,24,-3.7185907300977012e-11,-3.9591853917386525e-11
14,24,6.9213444787522198e-15,-5.8144745322066048e-14
15,24,4.0849923357311095e-12,1.7735562892034357e-11
16,24,-1.3821183681004008e-11,-1.6497965451541662e-11
17,24,8.3430144581099508e-14,1.7876570379136295e-13
18,24,5.3532823785014605e-11,5.1103437608115835e-11
19,24,-1.7853794879196858e-10,1.7263194452667072e-10
20,24,-1.2622894783655154e-10,5.4707802106059549e-11
21,24,2.2104052348266223e-10,1.4111191506925693e-10
22,24,-9.0410682959945085e-12,-7.4885037758397333e-12
23,24,-92.091412797217686,121.54169375443666
24,24,292.66479551917632,-509.75631697084327
25,24,-92.091412797404701,121.54169375450522
26,24,54.154139772141576,-71.487060137014524
27,24,-172.10187637748032,299.80568791987071
28,24,54.154139772141015,-71.487060137003965
29,24,-3.9045807922399622e-12,8.4132718265174249e-12
30,24,-4.3165223196488531e-12,7.4090560001994616e-12
31,24,-3.9634937655607769e-12,7.3066253522138024e-12
32,24,7.1519248374644557e-11,-3.7818501883456216e-11
33,24,1.1740613537263834e-11,-1.185532050422428e-12
34,24,-5.0424011342643286e-12,3.2618434736365138e-11
35,24,-3.7889016181118197e-12,1.6323612925251152e-11
36,24,-3.5379248049759868e-10,-1.4131521587112044e-10
37,24,-4.9629975981330081e-11,1.4171692882838142e-11
38,24,9.9498629888535683e-14,-7.1125542427100733e-14
40,24,1.3744666899011056e-13,-2.6131694200654173e-14
41,24,1.7681004067035771e-14,-2.9244663083920319e-15
42,24,4.2910827564685034e-12,-1.7666986553678716e-12
43,24,4.0402756934318246e-13,-8.9942838407111322e-14
44,24,-8.275951770598252e-15,-5.8272328121567174e-15
45,24,9.4075786910761324e-14,-1.8781028227474467e-14
46,24,1.2299745733061755e-16,-3.6427890104977128e-17
47,24,-1.2111361141240763e-17,2.8379461129552011e-17
48,24,-6.1123343618040112e-18,1.0855236058702867e-17
49,24,2.403597022720944e-18,-3.0411143258253406e-18
50,24,-4.0724948167118575e-13,3.5203151641444053e-13
51,24,-5.9320094202902596e-27,2.6464878916884424e-27
52,24,1.7723730347161639e-30,9.0613611966105296e-30
54,24,1.2977095738604096e-30,-7.7194690385087584e-31
4,25,21.626218243874519,-40.117691286897539
5,25,37.937273025083528,-50.054633617556142
6,25,-110.66986754439984,205.21787935773622
9,25,-1.2148160727490384e-11,-5.9944898704671647e-11
10,25,3.4480486958835335e-26,-1.7181486316451406e-26
11,25,-4.8423531475056915e-29,1.5767281053925858e-29
12,25,1.106388019785602e-11,1.5902818478201154e-11
13,25,-2.5224965838420296e-11,-4.640293183391252e-11
14,25,8.5236951935788475e-15,-5.5391505181769107e-14
15,25,-2.0497245943073819e-12,1.4206708946581093e-11
16,25,-1.1094541555944369e-11,-1.8658176668332192e-11
17,25,-7.3637596289684952e-14,2.2524017080529909e-15
18,25,4.4866325815648318e-12,5.1158236376830992e-11
19,25,-1.0177503966698091e-10,3.3162826372359548e-11
20,25,2.3189576832979708e-11,-3.5651378327289462e-11
21,25,-4.2456005485662258e-11,1.2696062154728977e-10
22,25,2.0404031871944069e-11,-2.3500390125170507e-12
23,25,-52.492813924999894,97.40762640933076
24,25,-92.091412797327735,121.54169375453068
25,25,268.64680047851857,-498.25982147443665
26,25,30.866595681253326,-57.289935122449606
27,25,54.154139772135281,-71.487060137005088
28,25,-157.97693293433065,293.04194211665379
29,25,-3.0139931570026263e-12,6.1733294581545735e-12
30,25,-3.0015394021755535e-12,7.6392665274218019e-12
31,25,-4.0540027984107909e-12,5.7559490426536876e-12
32,25,4.3885460514611961e-11,-5.3954967310219338e-11
33,25,-4.5139614459873694e-12,9.0041343872617078e-12
34,25,-1.1988722080991937e-11,1.4358735435272608e-11
35,25,-3.3705578846284358e-12,1.6406721207771141e-11
36,25,-2.8818318456089552e-10,-1.8339758778712697e-10
37,25,-4.7634750402976471e-11,1.3268394176081006e-11
38,25,8.7840179972257643e-14,-5.6159054814455981e-14
40,25,1.1362243824734967e-13,-2.1970849906259386e-14
41,25,5.2123909979967123e-15,-1.2625928857913415e-14
42,25,2.0097113444601948e-12,-1.9611315830592193e-12
43,25,3.4804409923930821e-13,-5.8767617295480037e-14
44,25,-6.825483029168334e-15,-5.2712729603511603e-15
45,25,8.0815891045520914e-14,-1.1682927961660182e-14
46,25,1.063252825369426e-16,-2.5555014203732187e-17
47,25,-1.153360480551814e-17,2.3758695137403433e-17
48,25,-5.676732626520593e-18,9.0253133835738721e-18
49,25,2.1811729055780112e-18,-2.5001938245779994e-18
50,25,-1.6758837151482826e-13,9.6286413552266302e-15
51,25,-5.1732148685008037e-27,1.991844228723423e-27
52,25,1.1079081123472951e-30,7.800890043010497e-30
54,25,1.1409647335591955e-30,-6.0035260782710878e-31
4,26,-3.5156910468882779e-11,-4.0817974413984155e-11
5,26,1.1465438002454268e-11,1.1612083141076917e-11
6,26,-2.0278961228075297e-11,6.1291315327723898e-11
9,26,4.9574391032220305e-11,-1.2429810805867606e-11
10,26,7.534673901859167e-26,7.4514748549558073e-27
11,26,-9.3876668876922864e-29,-1.8479377330663037e-29
12,26,8.9580967386444279e-13,1.6160604112477977e-14
13,26,1.3915352583949689e-11,5.7464548192836989e-12
14,26,-1.1509785284220714e-14,-2.02288900339562e-15
15,26,-3.673328183774829e-11,-1.508958614752339e-11
16,26,6.9522272138448666e-12,2.7647180042745689e-12
17,26,-2.5850058002725389e-14,5.0201023521489491e-14
18,26,-3.0440414079952131e-11,7.2970650808834834e-12
19,26,2.3203219026204553e-10,-7.2473537513865841e-12
20,26,5.7690137572344016e-11,-3.9468303352326896e-11
21,26,-2.2377847020408072e-10,1.9884687669856416e-11
22,26,7.6811138862128003e-12,-1.2600878183135165e-11
23,26,-157.9769329343587,293.04194211660797
24,26,54.15413977213899,-71.487060136976183
25,26,30.866595681258911,-57.289935122447375
26,26,468.56607721984392,-869.17444672485362
27,26,-160.62340473976792,212.03355906592014
28,26,-91.551591658679456,169.92430265538906
29,26,-310.58914428554255,576.13250460822053
30,26,106.46926496758483,-140.54649892887653
31,26,60.684995977456239,-112.63436753296217
32,26,7.8578615715483368e-12,1.0189564647902572e-11
33,26,7.170961177215242e-14,-7.1989408829969656e-14
34,26,6.9614904089219985e-14,-1.7092226073257463e-14
35,26,5.2362898024080944e-13,5.7083523927216267e-13
36,26,-2.605547609835258e-11,-5.576324280358621e-11
37,26,-3.4742501462021615e-12,4.249818463812287e-12
38,26,-1.0216339807798195e-21,8.2615034194034625e-22
40,26,1.0424945385374898e-16,1.8223313748264249e-15
41,26,3.1173039002936591e-15,4.5249053835070559e-15
42,26,2.3381868131890116e-13,7.7038448499961634e-13
43,26,-2.745907417643195e-21,-1.195353235411886e-21
44,26,-7.9075425163941513e-20,-9.6533743507034756e-20
45,26,1.542763031992476e-19,2.8034712670102959e-19
46,26,-2.6171013678762125e-23,-1.8741455830742891e-23
47,26,-2.86145827056984e-22,-1.3912080271300565e-22
48,26,-1.1081466220961316e-22,-6.6582866274401364e-23
49,26,2.9807434120646609e-23,2.6822978320337162e-23
50,26,1.1384042628548471e-13,-1.2203359246315846e-13
51,26,-2.8868798908450686e-33,2.1402713571335414e-32
52,26,3.0001226658978488e-35,4.5668850660423073e-36
54,26,8.148569088122716e-37,-6.8055030910403712e-36
4,27,-4.8867256868569164e-12,1.6706461493518697e-11
5,27,-2.0880267468861393e-12,-4.7474852640864962e-12
6,27,5.0057228207295228e-12,-5.9436100457756634e-11
9,27,2.8921435309790503e-11,-3.4849410702934042e-11
10,27,-1.3622590687314736e-25,-4.9413820264857088e-26
11,27,1.6499353785273497e-28,7.9086617922791591e-29
12,27,1.1599701469350648e-12,2.9458561690530588e-14
13,27,-3.068218791100276e-11,-1.5193537352639514e-11
14,27,1.8943816288169762e-14,6.644324422582986e-15
15,27,6.4933503106899926e-11,4.0424205296803563e-11
16,27,-1.4304534840728784e-11,-8.5111805601201392e-12
17,27,-1.5424758504116169e-14,1.3917811049714601e-15
18,27,6.3099376074311588e-11,2.8071681041274604e-11
19,27,-3.9645935489662948e-10,4.3446950043561004e-11
20,27,-2.3556575011238939e-11,-9.8352746712348776e-12
21,27,4.3465084111127689e-10,-2.7226968355147101e-11
22,27,2.6473015897960336e-12,3.1163894647231455e-12
23,27,54.154139772132694,-71.487060136985363
24,27,-172.10187637739156,299.80568791980244
25,27,54.154139772068739,-71.48706013698235
26,27,-160.62340473973916,212.03355906590741
27,27,1213.3494352081325,-1476.026193061969
28,27,-160.62340473977252,212.03355906590286
29,27,106.46926496757789,-140.54649892886627
30,27,-338.3593637447895,589.4303069023606
31,27,106.46926496757642,-140.54649892886479
32,27,3.0213998370934968e-12,6.3668283908010869e-12
33,27,1.6727124751952914e-14,1.6321866605726707e-13
34,27,6.6374502699751767e-15,1.4247115206730939e-13
35,27,6.7269370038854603e-13,7.4424967251492851e-13
36,27,-3.3153379299799753e-12,-3.8580250303985379e-11
37,27,-3.5928771854965858e-12,4.4428426886926971e-12
38,27,-9.5669015960801007e-22,-3.4823001900447258e-22
40,27,8.9634654911854171e-16,1.3514502182563262e-15
41,27,-7.7921996526564642e-16,2.6904566018211577e-15
42,27,5.6289769517078846e-13,4.7643951408956554e-13
43,27,-2.7175285451567071e-21,-3.4842040915618008e-21
44,27,1.0468537920012829e-20,-4.0779153390398233e-21
45,27,2.5494203276714183e-20,1.1584324323599493e-19
46,27,9.1327350669154419e-25,-2.6083698391707775e-24
47,27,-3.2329918245750776e-22,-2.0973988071753571e-22
48,27,-1.227304356285588e-22,-9.9786036781541082e-23
49,27,3.1734494172596066e-23,3.5968673163008721e-23
50,27,-7.0492660392487717e-16,3.5421815354542651e-14
51,27,-1.4377462222741721e-33,2.9848158959871784e-32
52,27,4.2853224437887189e-35,1.4921878809744371e-35
54,27,-702.88819508727499,586.79019823969588
4,28,1.489711221937008e-12,-2.211690370768791e-11
5,28,2.4557488486979574e-11,-7.7243622947113058e-11
6,28,-2.8758631515689885e-11,1.0487869388765506e-10
9,28,3.0816207370064222e-11,-2.4875732581605032e-11
10,28,7.4756068389783281e-26,1.5491702692806328e-26
11,28,-9.1982254476355283e-29,-2.9000492382778476e-29
12,28,1.7003465522646288e-12,2.4038438913368094e-13
13,28,1.9455840052880851e-11,8.6623967364621479e-13
14,28,-9.8777981201161772e-15,-2.8694629911198304e-15
15,28,-3.742498970350837e-11,-1.4796388667454982e-11
16,28,8.8678464601617458e-12,1.3829166429345942e-12
17,28,-9.8693992038896946e-14,-8.6251262713869893e-14
18,28,-3.6030826215998509e-11,-2.6811800749968279e-12
19,28,2.1911928675184475e-10,-1.6704505253148587e-12
20,28,-4.1738165866896879e-12,-3.2944030015688403e-11
21,28,-2.2415851151342884e-10,1.9667222801464014e-11
22,28,-1.1478027865246089e-12,-3.5417582668495728e-12
23,28,30.866595681265853,-57.289935122507401
24,28,54.154139772151289,-71.487060137000199
25,28,-157.97693293434941,293.04194211667357
26,28,-91.551591658703387,169.92430265539195
27,28,-160.62340473976377,212.03355906591821
28,28,468.56607721986848,-869.1744467248468
29,28,60.684995977456033,-112.63436753296261
30,28,106.46926496758425,-140.54649892887619
31,28,-310.58914428554169,576.13250460822212
32,28,3.6594175471045076e-12,-2.4969380653572193e-13
33,28,6.0094699533808965e-14,-7.6394625368547267e-14
34,28,9.2742841846055975e-14,-5.2922182577713703e-14
35,28,8.625273116821157e-13,1.2084609406647143e-12
36,28,-2.1552185289067578e-11,-3.4668869659413839e-11
37,28,-3.4576306084264356e-12,4.2428317923905162e-12
38,28,-4.9363965427445398e-22,-1.1978809812940338e-22
40,28,1.440063227615537e-16,1.5941907802598083e-16
41,28,-7.2963743061252106e-15,-1.6785752918578785e-16
42,28,8.5948884075259048e-14,6.4818481251037032e-14
43,28,-3.7902817289421577e-21,-5.13621975651599e-21
44,28,5.6305248785659743e-20,8.0968313441883846e-20
45,28,-2.1254160068314831e-19,-5.1516961158765134e-20
46,28,1.7419757862603427e-23,1.5890263062145088e-23
47,28,-2.3382956757702473e-22,-2.1177284060241402e-22
48,28,-8.8830692960091579e-23,-1.0104144156386851e-22
49,28,2.0087803389588614e-23,3.2532526489826549e-23
50,28,-3.0897212383939022e-14,-3.9346710285900285e-14
51,28,-2.1297602148216315e-33,2.7207157620325709e-32
52,28,3.4785527477218582e-35,1.3976005399885591e-35
54,28,-4.16935458596536e-36,-6.2722857450538542e-36
4,29,-1.0958860845530293e-11,-1.3011708553210318e-12
5,29,1.0508104418362845e-11,-1.0981680422078568e-11
6,29,-1.2274050317658714e-12,2.7440826515500831e-11
9,29,1.9792081141427563e-11,-1.9329892861824005e-11
10,29,-7.3357107337350175e-26,-2.5749280873129495e-26
11,29,8.8794800667148032e-29,4.1448194756481541e-29
12,29,-1.2954921593979948e-14,-6.8080754932898603e-14
13,29,-4.7002922779936579e-11,2.455772678563143e-11
14,29,1.02470370487895e-14,3.352709578118411e-15
15,29,3.6923461002138612e-11,2.2217524146078636e-11
16,29,-8.8845246723543836e-12,-4.8001062708688408e-12
17,29,-3.6676637668977052e-14,-2.3878339027545373e-14
18,29,3.2147481915560253e-11,1.1216625084543839e-11
19,29,-1.9689533790775212e-10,2.3970965937349399e-11
20,29,-1.1629581658491767e-11,-5.1422265598286307e-12
21,29,2.4946272978776024e-10,-2.167866537546459e-11
22,29,-2.8985390539537473e-14,2.3064516991659792e-13
23,29,-4.3342464413909162e-11,6.8608188922481393e-11
24,29,4.360389473527595e-11,-3.3850082811672379e-11
25,29,-5.1103414795423031e-12,-1.8698390066728849e-11
26,29,-310.58914428558006,576.13250460825373
27,29,106.46926496761074,-140.54649892890518
28,29,60.684995977472937,-112.63436753297367
29,29,1555605.2150042439,-675.90434816529432
30,29,-135.58023976213099,157.72772116767771
31,29,-81.642160504203275,129.81789390249276
32,29,-1555200.0000000002,5.7389367450448397e-13
33,29,1.9875993447836943e-14,4.8154718168975657e-14
34,29,1.6167992864646817e-14,4.3504663359330248e-14
35,29,3.4932209213819722e-14,-4.8680773298165403e-14
36,29,-3.9202340295689802e-12,-8.6204174387706099e-12
37,29,-7.0988441962886542e-14,9.9490979953283469e-14
38,29,-7.1570779491529126e-21,-1.1417127451068857e-20
40,29,-3.3720077573094449e-15,4.4026524584585884e-16
41,29,-2.1795092084339033e-13,4.2831899726196852e-13
42,29,8.4697063348769028e-11,-1.6535454896615509e-10
43,29,-1.5859040952256131e-10,4.4277927094889249e-11
44,29,1.1806862182483115e-10,-3.8197723535439231e-11
45,29,2.6683488125822125e-11,-1.3416427604064331e-11
46,29,-6.0648843285777127e-11,3.5182767693667913e-11
47,29,-94.625859958014473,99.771843556999286
48,29,29.110974794570527,-17.181222238752635
49,29,20.957164526744695,-17.183526369522173
50,29,2.1422519427214192e-15,3.7085017279063394e-15
51,29,-1.3892299416473159e-12,-6.9639408762101642e-13
52,29,-1.2024916688256271e-15,3.9897357193584115e-15
54,29,-4.5361933558037306e-13,5.0457175904039529e-13
4,30,-2.1540450987423083e-12,-1.8266364602296331e-11
5,30,1.4010151293744565e-11,-1.0182831942251024e-11
6,30,-1.2300631353540784e-11,1.608196401113031e-11
9,30,-3.5443413381479936e-12,-9.6603501176573017e-12
10,30,1.3992404193971305e-25,3.8607281949599089e-26
11,30,-1.7084313305873204e-28,-6.5938256799310944e-29
12,30,-7.8766723546044803e-14,-3.5695645749785759e-13
13,30,3.4041871173644747e-11,1.3700518578315896e-11
14,30,-1.946917996709086e-14,-5.2012849914005277e-15
15,30,-6.9709903693139484e-11,-3.5829530448979142e-11
16,30,1.6074521571081192e-11,7.373358967002232e-12
17,30,-7.7314443894696506e-14,-3.4878364580507212e-14
18,30,-6.1044221310037249e-11,-1.7908068387797353e-11
19,30,4.4712220727698788e-10,-2.4208965175797148e-11
20,30,-1.2186759456229234e-11,-4.6845885569240045e-12
21,30,-4.4939988592692838e-10,2.8393299952706508e-11
22,30,-1.6127711842495485e-13,-3.4049762317681786e-14
23,30,4.0371621361997653e-11,-9.7461956537114334e-11
24,30,-3.5503157802056339e-11,3.2330004860184921e-11
25,30,-9.7834337408725161e-13,4.791957469420108e-11
26,30,106.46926496762568,-140.54649892891538
27,30,-338.35936374483379,589.43030690240698
28,30,106.4692649675802,-140.54649892887232
29,30,-135.58023976213951,157.72772116759484
30,30,1555637.2960760123,-688.2048825078391
31,30,-135.58023976214918,157.72772116762474
32,30,-1.8509100362346219e-12,-3.3805943614679528e-12
33,30,-1555200.0000000002,-1.5094978690949943e-13
34,30,3.1105533228478392e-14,-1.3356973661605203e-13
35,30,1.7669399027181262e-13,-2.6203227737461844e-13
36,30,-1.5177700001471267e-11,4.4731982352341295e-12
37,30,-7.1111822663345978e-14,7.9428064192195007e-14
38,30,-8.3190797300172071e-22,-1.0690343549749213e-21
40,30,9.5255768449934658e-17,1.980456111159634e-17
41,30,9.7275523377441438e-14,3.4854615947911274e-14
42,30,8.8281920339875105e-12,-3.0100333008191514e-11
43,30,-2.7556115256403368e-11,1.3513796914263826e-11
44,30,3.6866194556683619e-11,-3.1786623617864597e-11
45,30,-5.9412988021416072e-12,-5.499320480096153e-12
46,30,1.2575125721211841e-11,-1.560880258101516e-11
47,30,29.110974794570328,-17.181222238756902
48,30,-98.936712267389936,98.774575605482568
49,30,29.110974794568985,-17.181222238752635
50,30,-4.5571617327958601e-16,2.7002990312845218e-15
51,30,-2.6037520758606214e-16,-1.9608867999075853e-16
52,30,-3.5044179890295051e-19,4.4234951207418913e-19
54,30,-1.1615827773075741e-16,6.0894418001861162e-17
4,31,-2.8210335617799298e-12,2.0189015379480871e-11
5,31,1.6486239529907539e-11,-1.7276112822260719e-11
6,31,-1.6988735452825787e-11,-8.3401372250196824e-12
9,31,1.0944767415749923e-11,-2.0513088193913745e-11
10,31,-7.9896435487404269e-26,-2.807007938055932e-26
11,31,9.6920014444026517e-29,4.5271449507535014e-29
12,31,1.7352323684871571e-13,-8.2419120629873716e-15
13,31,-1.5143589077628942e-11,-1.2897028922358388e-11
14,31,1.1024475831872972e-14,3.981084691716807e-15
15,31,3.7663662333008649e-11,2.2809278728301804e-11
16,31,-8.2484704032151764e-12,-4.4915860326557916e-12
17,31,-4.3898089481916602e-14,-2.3313978526315343e-14
18,31,3.5219959956475383e-11,1.3581005351671506e-11
19,31,-2.1257690432811486e-10,2.4820740280626644e-11
20,31,-1.7377218899779608e-11,-4.4105058885605761e-13
21,31,2.3541142427944618e-10,-2.0354804499973844e-11
22,31,-5.9692085721963689e-14,2.0038186218335548e-14
23,31,-1.6817913240466991e-11,8.6250948020032447e-12
24,31,3.783112337421012e-11,-4.368602555844443e-11
25,31,-2.7215932249257599e-11,3.1817435192526403e-11
26,31,60.684995977457135,-112.63436753296075
27,31,106.46926496761293,-140.54649892890697
28,31,-310.58914428556346,576.13250460824122
29,31,-81.642160504271487,129.81789390266317
30,31,-135.58023976216498,157.72772116758983
31,31,1555605.2150042439,-675.90434816521702
32,31,9.467796106568755e-13,2.3655750396210151e-13
33,31,2.0426409535977299e-14,4.9525185745247184e-14
34,31,-1555200.0000000002,4.4767824794786982e-14
35,31,1.085543158966682e-13,1.0379790909316764e-13
36,31,-1.1750563231029404e-12,-9.6887443889524309e-12
37,31,-6.9252392676498606e-14,6.1434569764671843e-14
38,31,2.1786496571528433e-21,1.6700610368132093e-21
40,31,1.6074580279598265e-16,-3.2321629715194493e-17
41,31,4.579961723459021e-14,-5.1784339930045944e-14
42,31,-3.369827465127059e-11,1.2433245654187123e-10
43,31,1.1665109560079128e-10,-2.1597746958570569e-11
44,31,-2.6952096655941149e-11,1.1731991018936762e-10
45,31,-7.5077060545191016e-12,-9.0898458513499617e-13
46,31,-4.0965801120434266e-12,-1.0942265417385911e-10
47,31,20.957164526743192,-17.183526369519214
48,31,29.110974794578699,-17.181222238759595
49,31,-94.625859958011077,99.771843556999542
50,31,2.9876639469531531e-15,-2.048821980686386e-15
51,31,-2.180275902162767e-16,-1.8308116588909665e-16
52,31,-3.2817383873475634e-19,3.690463981068858e-19
54,31,-1.0429807912584754e-16,4.7739430801528795e-17
4,32,-2.0188158806775275e-12,1.1423717956378055e-10
5,32,5.1012402354606083e-12,2.445643314012913e-10
6,32,5.2369408196706937e-10,1.6785200039716113e-11
9,32,5.7134970322450655e-13,4.5599072929392862e-11
10,32,-3.5765592667619156e-23,1.0119610677777905e-22
11,32,6.383865801340647e-26,-1.0407585925650245e-25
12,32,-1.7768998908558929e-11,-6.0430698946292196e-12
13,32,3.3066109641279415e-12,1.0045553866043943e-11
14,32,-1.5782582831622413e-13,2.2384040319186099e-13
15,32,-8.3059778142952366e-14,2.0489989603872691e-11
16,32,3.023124206254633e-10,-7.7197122564859263e-11
17,32,4.5822350127412842e-11,9.0076757818005134e-11
18,32,1.4357993970486963e-11,1.734082103931809e-10
19,32,-257.81596229018936,147.3768292296719
20,32,64.474761974306674,-2.1217657657761992
21,32,54.692838966873225,-8.9659316800574551
22,32,3.4258395654799917e-12,1.7084788751976329e-14
23,32,-2.9749100660101216e-11,-3.0457497330678874e-12
24,32,7.9495268164954579e-11,3.3951563187881462e-11
25,32,2.5304500605252548e-11,9.8869126839383633e-12
26,32,-2.4334754843480926e-12,6.4469814709554755e-12
27,32,3.6997000217675636e-12,2.441569070500154e-12
28,32,3.9296576996381779e-12,8.1964334453024114e-12
29,32,-1555200.0000000002,-6.8879481908971162e-13
30,32,1.5387678191596047e-12,-7.2377286276591594e-13
31,32,1.8038925631543929e-12,-7.5218843347793631e-13
32,32,1555457.8159622899,-147.37682923045213
33,32,-64.474761974825356,2.1217657658584557
34,32,-54.69283896781468,8.9659316799188531
35,32,-6.8015036868848395e-12,-1.4732572382759452e-11
36,32,-1.4900851489777515e-10,-1.5913893455402859e-10
37,32,-2.2949571673722474e-12,1.4587140283459307e-12
38,32,2.7714972016025296e-14,-2.6684249464391846e-14
40,32,3.2120762028154503e-11,-3.9166483970423844e-10
41,32,-3.3916382256354674e-11,-1.9828001462819299e-10
42,32,4.1986375851573599e-10,1.16693983298455e-10
43,32,7.6727693469924291e-16,-4.5841849017171524e-16
44,32,5.564394384561223e-17,-7.0696657294281302e-17
45,32,5.113497942516085e-17,6.1634326082503223e-17
46,32,1.1443923502213198e-18,-1.8578594400768716e-18
47,32,-1.7310122625192911e-21,-4.5729887286684852e-21
48,32,-2.45090114448139e-21,2.5626897882635722e-21
49,32,-1.7076491700726743e-23,1.6517669338856636e-21
50,32,-2.051904688600284e-13,-3.2142851043292253e-13
51,32,-4.3985890179844136e-28,-4.5156685058183014e-29
52,32,-2.260297389361843e-31,5.9134864574309079e-31
54,32,1.1428937315236085e-31,-6.4340078011289437e-32
4,33,1.7426597959111376e-11,-3.270757238031273e-11
5,33,-1.2344966512426494e-10,-1.4898688045124949e-10
6,33,3.0611766813561217e-10,-3.3155566380514796e-10
9,33,-1.2104431855646228e-11,-2.4414390689848207e-11
10,33,9.2021814464626767e-23,-1.2863233780922997e-25
11,33,-1.2025477236764442e-25,-1.1561406824963309e-26
12,33,-1.6690047717803666e-14,-1.2813678199960297e-14
13,33,3.2399519324523136e-11,4.9224542468296785e-11
14,33,-5.2313932951014539e-14,-1.9828584678964767e-14
15,33,-2.9589683525388628e-11,-1.5389094369718238e-11
16,33,8.0133672291677829e-11,8.016082327739891e-11
17,33,-2.2806354470748633e-10,2.9968939978832907e-10
18,33,-4.049401734214108e-10,4.0399957552265797e-10
19,33,64.474761974370111,-2.1217657665253542
20,33,-260.83595386418216,142.23396154341472
21,33,64.474761973958422,-2.1217657661267819
22,33,-5.6917975857416776e-13,-5.5194979988981398e-12
23,33,-3.8302912283315157e-12,1.3721705851665055e-12
24,33,-3.0321435038815741e-12,-2.728047785710328e-13
25,33,-5.1376086484194456e-12,1.6256937955657314e-12
26,33,1.1581694130666361e-14,4.742047144902662e-15
27,33,-9.0509800359946978e-15,-4.6117663946977371e-15
28,33,-6.4071309140043261e-15,-2.3972291052350651e-14
29,33,3.7119540535979819e-15,2.068386582360026e-15
30,33,-1555200.0000000002,2.7829152127622134e-15
31,33,4.826636547291845e-15,2.1033485307427536e-15
32,33,-64.474761974390617,2.1217657650116557
33,33,1555460.8359538638,-142.23396154357056
34,33,-64.474761974534772,2.1217657665723415
35,33,-1.9169821922652017e-15,-1.8090785439655731e-14
36,33,-2.3133855402549194e-11,-2.0009555328679944e-11
37,33,2.6421963780767667e-15,-3.5856518531360742e-16
38,33,5.0711927305482647e-17,-2.4690713074738585e-17
40,33,8.0809385377071255e-11,-9.7770872733600485e-12
41,33,-1.9477295509067773e-10,1.6708907540047358e-10
42,33,-5.3259839665065803e-10,2.2344746284308444e-10
43,33,2.9786604147686138e-19,-1.6367619396590622e-19
44,33,-3.7690617861194333e-20,-1.3330552239262906e-19
45,33,-4.3524722516649794e-19,2.5246929299948136e-19
46,33,3.9446125638558876e-22,-5.7365399562266207e-22
47,33,-2.8426424783173736e-23,-1.649913720975319e-23
48,33,-1.7470622375215928e-23,-5.9382347431348565e-25
49,33,2.052383040491947e-24,4.8863845979766477e-24
50,33,-5.1798234884952942e-13,-4.8839115365871326e-14
51,33,-5.9155252182737434e-31,-2.5852117442199824e-31
52,33,-5.7757565015429711e-34,7.2144591486974533e-34
54,33,1.8744141477332953e-34,-3.8338765544226065e-35
4,34,1.6569128252639799e-10,7.3881002743697982e-11
5,34,-1.2351386081714914e-10,7.7734482374835193e-12
6,34,-2.6815127409028376e-10,9.9519006447860946e-11
9,34,1.2376883245009845e-11,6.7125797838158154e-11
10,34,-9.7707205832570766e-23,2.6103039711991835e-22
11,34,1.6044403237727499e-25,-3.2283559889179634e-25
12,34,-1.428046345736142e-14,-1.2099609736238561e-14
13,34,-7.9763866266974326e-11,7.0587570637723997e-12
14,34,-9.3964500353956721e-14,-5.8445611389072542e-14
15,34,-2.153867210038461e-11,4.2802457022920354e-11
16,34,3.5426086453215611e-10,3.7514544353686973e-11
17,34,-9.2385398080053373e-11,-3.0089891851533629e-10
18,34,1.6564367388050394e-10,-2.5748809897446331e-11
19,34,54.692838967922654,-8.9659316800407023
20,34,64.474761974727613,-2.1217657665696503
21,34,-257.8159622902071,147.37682922954707
22,34,3.086993861141787e-12,9.9696281307928362e-12
23,34,1.8999250719081434e-11,-4.8722626078396575e-13
24,34,-7.5588375058540932e-12,4.2474265267269793e-12
25,34,-7.6596904565054878e-12,-9.6713636569904951e-13
26,34,-1.2890218761604893e-14,-1.7338175754816018e-14
27,34,-4.2571919074329051e-15,1.2648607403601347e-14
28,34,1.8073130786883417e-14,2.1424017970352355e-14
29,34,3.2402226977833706e-15,1.9252483793741065e-15
30,34,3.6082437134942607e-15,2.6271949027126121e-15
31,34,-1555200.0000000002,2.0635746621364654e-15
32,34,-54.692838967459863,8.9659316797187358
33,34,-64.47476197458775,2.1217657660086395
34,34,1555457.8159622902,-147.37682923038074
35,34,-9.2862302131607532e-16,-1.6155764609682308e-14
36,34,1.1886847506721115e-11,3.0816646143167541e-11
37,34,2.3011810994199658e-15,-1.9798004075012188e-16
38,34,4.5889915926024935e-17,-1.9918235930306278e-17
40,34,5.2978414111133353e-10,4.6238959325825355e-10
41,34,-8.9327405833331758e-11,-1.5187677513497228e-10
42,34,2.5269167719975956e-10,-5.6107364610713964e-12
43,34,2.7718215329513029e-19,-1.3362596367684745e-19
44,34,-2.7509016265563339e-20,-1.218419874501566e-19
45,34,-3.9666205825363581e-19,2.0807964947479535e-19
46,34,3.8059727448232623e-22,-4.9226249855812836e-22
47,34,-2.9314564567065653e-23,4.4059781820307492e-23
48,34,-1.9229847963096617e-23,2.280820646022645e-23
49,34,4.3501636262872552e-24,-2.6895520665081777e-24
50,34,-2.8575893163726222e-13,-8.8273866447589938e-13
51,34,-5.0933861445723842e-31,-2.5425417269014771e-31
52,34,-5.4134051147525868e-34,6.0942146853489474e-34
54,34,1.6679938151788988e-34,-2.5822791356803087e-35
4,35,-8.6932549674079639e-12,3.4790774658160078e-12
5,35,6.9779433712258499e-13,1.1946838817633349e-11
6,35,-9.1077902235009593e-12,-7.2762355575594578e-12
9,35,-7.9544225578357117e-12,3.1213347585569188e-12
10,35,-2.1296944618870643e-27,1.016496720800529e-27
11,35,2.6429155479085887e-30,-9.7202027711885025e-31
12,35,-0.42690734476087389,0.91380435136183158
13,35,-2.5423760601076475e-12,6.098174563564192e-14
14,35,5.554568329782796e-17,-1.8187191369195143e-16
15,35,1.7465408589372136e-12,-2.4993414670048508e-13
16,35,-9.2072993777427502e-13,9.9825920571941289e-14
17,35,-1.0880915456982958e-11,-2.2785353139300081e-12
18,35,7.5853576292254035e-13,1.0368237918171804e-11
19,35,-5.2520845765094804e-12,-2.6526730565395841e-13
20,35,-2.0748630685507489e-11,2.2518145349762558e-11
21,35,-6.6777965400485181e-12,6.7113138041163522e-12
22,35,-1.8162924542074123e-12,2.0332169019816306e-12
23,35,-6.6084488042302298e-12,3.4482668797169797e-12
24,35,4.2546255100209932e-13,1.4176235169383328e-11
25,35,-1.0027209554100614e-11,-8.293862183101165e-12
26,35,2.1974933486094714e-13,-3.5086082446365554e-12
27,35,-2.3326818488127622e-13,-3.0803651173778806e-12
28,35,3.1819719239311854e-13,-3.4562765918843896e-12
29,35,2.9080997029140911e-14,-3.5129016587411821e-12
30,35,8.2807720608244457e-14,-3.7186249732715106e-12
31,35,1.2257918694498564e-13,-3.4361279633563115e-12
32,35,-1.5684295400971112e-12,2.2057562283054565e-12
33,35,-1.276765059598189e-14,-1.2296369368356774e-14
34,35,-1.0988898992435417e-14,-1.1362128383558579e-14
35,35,0.42690734476916714,-0.91380435135264237
36,35,-2.108039782711688e-11,-2.6483359036454976e-11
37,35,-2.8435485618689225e-12,2.9338604887941847e-12
38,35,2.4187333846808415e-16,3.514433085465893e-17
40,35,8.1277149029904001e-15,7.9822515875020889e-15
41,35,-6.4621849180527393e-13,2.2029992233959945e-13
42,35,5.2389354194811088e-12,6.3268706379640338e-13
43,35,-2.6250475381343379e-17,-2.6859649523161293e-17
44,35,-4.2960343846476742e-18,-2.5016731042009961e-17
45,35,-4.2633020173865228e-17,2.6563509406720172e-16
46,35,-6.6877953150211647e-20,1.1200073998325902e-19
47,35,9.4613946544877511e-22,9.2300840053944362e-22
48,35,-3.923244665520429e-22,-1.641022116654482e-22
49,35,-2.7253770738335211e-22,-2.0714025408998431e-22
50,35,1.8507475435392347e-13,1.4857138521920101e-13
51,35,-3.5505322147633593e-31,1.0581752740309203e-31
52,35,6.7717006718270379e-34,3.4465978363000985e-34
54,35,8.5108836932146086e-34,-7.2176267196414018e-34
4,36,6.0722967651556719e-12,5.8437366098853562e-11
5,36,-1.2827246255044703e-10,-1.0220961957253414e-10
6,36,1.4440716418305046e-11,-7.2949424927063332e-12
9,36,-158.932527560008,165.39572478881493
10,36,3.9322430526222592e-26,5.0400863852005836e-26
11,36,-3.1350887924083338e-27,-5.2384017332626823e-27
12,36,1.0663546518438315e-10,-2.7349697730049111e-11
13,36,1.9647303960216197e-10,1.1736778909737752e-10
14,36,8.0467160515272662e-12,1.1966523254888497e-10
15,36,-3.2423371356603989e-11,-3.7510818665284508e-11
16,36,2.5875903850828002e-11,1.611182156861735e-11
17,36,-5.0294435912144259e-11,5.3089814013191182e-11
18,36,-4.7525147201400669e-11,6.596141013296614e-11
19,36,-5.7844006972624315e-10,5.0427805964166136e-11
20,36,-5.5089829568022824e-10,1.9899741634727942e-10
21,36,-3.291053662836488e-10,5.7404029354954739e-11
22,36,-0.36249416242121968,0.57539754295427425
23,36,1.1651899587342171e-10,-7.2205950923863631e-11
24,36,-2.0790699989436783e-10,-1.9494322769739986e-10
25,36,1.2971803857332132e-10,-1.0365145269349267e-10
26,36,5.1172272475438487e-11,-5.4770363571025206e-11
27,36,4.9960028571868742e-11,-5.815329962234839e-11
28,36,4.4343179383457033e-11,-5.2250184481676224e-11
29,36,3.5502645940324317e-11,-3.0164803665294015e-11
30,36,4.4465175828858952e-11,-4.6292601157125586e-11
31,36,2.8992864456300944e-11,-1.816450893521398e-11
32,36,-2.7563566635275883e-10,-4.9518130987795151e-11
33,36,-3.1918428638378187e-14,-6.8797470729269246e-12
34,36,-2.0934899879218409e-11,-8.2025768940607505e-12
35,36,8.0670984027461689e-11,5.0509049449856246e-11
36,36,159.3066509870082,-167.96045382783768
37,36,-0.011629265941321226,1.9893314975770651
38,36,-5.4038981424377609e-11,1.6215571220562817e-10
40,36,-3.6936435551159994e-11,1.192157746989784e-10
41,36,-9.6763590617764791e-13,-7.4230066946787302e-12
42,36,-9.3257113355152765e-11,1.9327633985456773e-10
43,36,-1.0029732076832699e-10,3.9582159058087356e-10
44,36,-7.7914432875914002e-11,-5.4304914153456301e-11
45,36,-8.6821002162506715e-11,-1.3692107722511844e-10
46,36,-3.8895401794483273e-14,1.0543334918304346e-13
47,36,1.3397919958360243e-11,-8.1313135352430131e-11
48,36,9.2479810109627326e-12,-3.2229504459394023e-11
49,36,-4.2602702934578529e-12,9.3576445755068811e-12
50,36,-1.9000784190348109e-12,8.9165649138247727e-13
51,36,-6.1670838342130652e-21,2.1356304793088621e-21
52,36,9.8137353162905632e-25,9.3906216223243077e-24
54,36,1.1173612750102685e-24,-8.4669052084223326e-25
4,37,-3.9532834760408576e-11,-5.160658007625505e-12
5,37,-7.0296779475767393e-12,2.6711172996287551e-12
6,37,-4.8640836162357775e-12,1.8665827269719976e-12
9,37,-2.0634351824801362e-11,1.6074153225239461e-11
10,37,4.8540220586781471e-28,2.2499503494385221e-28
11,37,-6.4991573353627183e-30,-1.7263731744438857e-30
12,37,-3.318147881278132e-12,-3.0387179003380945e-12
13,37,-1.4670039307627752e-11,9.4916349454126938e-11
14,37,-1.1828790374920458e-13,-2.3025892656614478e-11
15,37,-6.0916790333070697e-13,-2.3210260470461566e-12
16,37,1.5846003075350006e-12,2.9428151600825043e-12
17,37,1.4039192924715769e-11,3.3637999742192782e-13
18,37,9.5874346306162824e-12,-7.4900034734136834e-12
19,37,6.9251918842741145e-12,2.7662475091305103e-11
20,37,-8.4584160831655909e-12,2.0578673810282542e-11
21,37,4.8073529781924165e-12,1.3819981250020138e-11
22,37,1.8001847869299436e-12,7.092800436729052e-14
23,37,-3.6001070393431245e-11,-6.8359426979392423e-12
24,37,-4.9344683965247351e-12,1.8415834198392782e-12
25,37,-2.6387882865417813e-12,9.5359739647506232e-13
26,37,3.1725660534606412e-12,-1.3696108553199254e-12
27,37,3.2575434145521077e-12,-1.452150401667429e-12
28,37,3.0798529799517569e-12,-1.4146335052837282e-12
29,37,1.7317079040214299e-13,-2.1623034340215743e-13
30,37,1.7130252563305775e-13,-2.3078468364370234e-13
31,37,1.6812742789957134e-13,-2.2131503272222977e-13
32,37,-4.4790769223775513e-12,2.251367897982962e-11
33,37,-1.1637530444904562e-14,3.167859498295484e-14
34,37,-1.1685351511131625e-14,2.7663449533382346e-14
35,37,-7.3369266003927202e-14,-3.8893203602601214e-12
36,37,-0.011629265945901588,1.9893314976577823
37,37,0.011629266009452355,-1.9893314975738861
38,37,6.3121252414192841e-12,-4.3913820423848633e-11
40,37,1.3856309473552419e-13,4.5131648159618299e-13
41,37,-2.4487925572946402e-13,5.7972936065010066e-13
42,37,-9.1265957235267625e-12,1.6292849910595101e-11
43,37,6.296415707241638e-13,1.5139239416852202e-12
44,37,3.6220452847286244e-14,1.5959660007505175e-13
45,37,3.5968004253424025e-13,-6.0844923882153196e-13
46,37,3.6737695995301009e-16,2.0398586525750275e-16
47,37,-1.6822131680499531e-14,-1.0522495227525753e-16
48,37,-6.7934948582293187e-15,-8.2641811337294379e-16
49,37,2.023337515897827e-15,5.6205396261691827e-16
50,37,-1.3651735195743708e-13,3.2014954579628063e-14
51,37,3.4595546002781839e-25,1.1357127276965076e-24
52,37,1.7051915670253133e-27,-1.2297554702682336e-28
54,37,-1.3408447968093287e-28,-2.3041777787468764e-28
4,38,-2.5488743990984203e-12,-3.6606243276573873e-11
5,38,6.8706375730615285e-15,-6.1488451405841881e-14
6,38,8.6283369309705859e-15,-5.1548980560429878e-14
9,38,-1.3916932339613072e-10,1.1963453467409132e-10
10,38,2.1611759324349548e-31,1.4998393194069986e-31
11,38,-1.5676358039520402e-34,-4.2764736360589094e-35
12,38,1.8691769455778502e-16,-9.0654727732899513e-17
13,38,6.3144253932792597e-10,3.4119200536385336e-10
14,38,-0.15544200501551592,1.3206524913397966
15,38,-4.616943843380618e-16,3.6599448267898829e-16
16,38,-2.7912077699485401e-15,-4.4585272568885448e-15
17,38,8.0826874038921574e-11,-5.4408741903309159e-11
18,38,-1.1464988455397799e-12,-2.2696377599530591e-12
19,38,-4.1867742136418318e-16,-1.1483535881920504e-14
20,38,2.4797002179823413e-13,1.4321971709787693e-13
21,38,2.4310579999230881e-15,2.5877017559628161e-15
22,38,-1.3137884390636249e-13,-2.0016370039179174e-13
23,38,-9.9190536248429798e-12,-3.2892236641580167e-11
24,38,5.5148669561405747e-15,-6.353131414273538e-14
25,38,7.4992503513784229e-15,-5.3945680038833465e-14
26,38,3.9498642318232599e-22,1.349310914471209e-22
27,38,8.825306109786504e-22,3.6672011053866802e-22
28,38,1.3019018670082938e-21,1.284611005414373e-21
29,38,-1.5387602520017671e-19,3.0775430369486977e-20
30,38,-1.771412731195247e-19,-2.5124727652284368e-21
31,38,6.3646016367463076e-20,3.1962290710452299e-20
32,38,-1.7426777115374855e-15,-8.2223328211457951e-15
33,38,1.3769635317156735e-18,-1.2191780073846891e-17
34,38,1.6933590124367452e-18,-1.0751959247455728e-17
35,38,1.6816510291710007e-16,6.3084956833180513e-17
36,38,-2.5121366232921154e-10,1.6996302605305317e-10
37,38,-1.2295333597779283e-11,6.4657212444818616e-11
38,38,0.82520076122532826,-1.8039672442385908
39,38,-0.66975875620173397,0.48331475293972281
40,38,1.4873327277395436e-11,2.0685155757107167e-11
41,38,-5.9125693045874028e-12,1.7590333570122808e-11
42,38,1.7907239972866824e-10,-3.0647655671420315e-11
43,38,7.7109879297984514e-12,8.0240082664639332e-11
44,38,-8.9869889562051483e-11,-3.2776462195597081e-11
45,38,3.105608725293555e-11,-9.9188916421398946e-11
46,38,-7.9644714408288037e-14,2.2875107393957647e-14
47,38,-6.2256702005774627e-20,3.9284616249447856e-20
48,38,-7.3248361939302687e-20,1.0089997496688899e-20
49,38,-7.2488989653973003e-22,2.1460814181298195e-23
50,38,6.2182320409322424e-16,4.3640323099855084e-16
51,38,-1.5679862908409313e-24,-5.6990483483883214e-25
52,38,-1.3674360888284174e-27,1.9883053619337428e-27
54,38,4.2819113948052894e-28,-7.3127867494248248e-29
38,39,-0.66975875620173397,0.48331475293972281
39,39,0.66975875620173397,-0.48331475293972281
4,40,1.4745647821813188e-13,-8.1884606945992679e-13
5,40,5.9653200608690885e-15,-4.9033398037626273e-15
6,40,-1.372792282766504e-16,2.4416455520429215e-14
9,40,1.0400553654276487e-12,-6.8719550729091812e-13
10,40,-4.0797498314394261e-16,3.0852786163046988e-15
11,40,9.3775814572959612e-19,-3.9087390213341624e-18
12,40,-1.8695342926858285e-14,2.5963678796836107e-14
13,40,1.9203620478319352e-11,3.8057784939585542e-11
14,40,1.6336181085160252e-11,5.4726801532250425e-12
15,40,2.5557187418366394e-11,5.3505406690882483e-12
16,40,-89.230174119833322,216.7195601750079
17,40,32.863897206944046,-59.92668252729348
18,40,15.02157244479317,-42.908627695803155
19,40,2.7549301776852193e-11,9.9541112582855495e-11
20,40,3.0889716463426279e-10,-2.6014891626891223e-10
21,40,2.8933517088853265e-11,8.2942102813103616e-12
22,40,-2.3998437342424806e-14,-3.2803296458892395e-14
23,40,2.7004662574494654e-13,-3.0180500998216506e-13
24,40,-6.4563232399778695e-15,4.5356275282311202e-16
25,40,3.6144336342952403e-15,-4.061419017856832e-15
26,40,-4.9328726455707814e-16,-3.2760787369454643e-16
27,40,-4.8623180937907603e-16,3.7934209571861638e-16
28,40,-4.561695170948128e-16,-2.6710241275168686e-16
29,40,-9.1455551940201783e-16,-3.9433806091723418e-16
30,40,-2.8615679749087138e-16,2.5599653805601318e-16
31,40,-2.8388238126581612e-16,1.8744893484611741e-16
32,40,1.8449283442344417e-10,-1.7843518663118198e-10
33,40,4.11870244106525e-11,-3.9458777069138842e-11
34,40,1.1063294702415339e-10,1.324118278853651e-10
35,40,-4.5331952167235606e-14,1.7795187720088645e-14
36,40,-2.3302365386137256e-12,-2.062326357381528e-12
37,40,-1.0577369004912716e-14,-2.7005906485345276e-14
38,40,5.2436117160462702e-14,-2.2468404869856027e-13
40,40,217.71901196246426,-528.78938071859648
41,40,-80.186946844489853,146.21935055853828
42,40,-36.652196894605027,104.6957951028777
43,40,-128.48883784307645,312.06982054454357
44,40,47.323049637828028,-86.292668031410102
45,40,21.630624450042401,-61.787167407226761
46,40,-3.8491374941285512e-14,1.6114875388505853e-13
47,40,7.8712666333473873e-18,-5.5659160785182994e-17
48,40,2.2803697574687707e-17,-2.7830628171174542e-17
49,40,3.9428302174598794e-17,2.4629874190074854e-17
50,40,8.6950996037479257e-14,-2.1638307978578015e-13
51,40,7.4953731135427764e-26,2.0525423381370828e-25
52,40,3.4531164195738109e-28,-1.5351695337438205e-29
54,40,-5.4949312012416708e-29,-1.382394594201574e-28
4,41,-7.6894044196587099e-13,9.2154362241176208e-12
5,41,-2.7973762453578402e-14,-4.2305083421008349e-15
6,41,-1.1769535365015895e-14,2.8040292811305106e-14
9,41,1.286176623752709e-11,-2.5617928316906629e-11
10,41,-3.3023897484723276e-14,8.0749024907958785e-16
11,41,4.2531714109204501e-17,3.390360436047803e-18
12,41,9.1958930830990381e-13,6.1183569852659588e-14
13,41,1.1621317458512528e-11,5.1759124620803421e-12
14,41,2.6642897419020464e-13,8.1602669101080014e-12
15,41,-2.117658070307079e-12,1.726437604710431e-11
16,41,32.863897206498883,-59.926682527040803
17,41,-100.55036970648004,226.37742439694279
18,41,32.863897206843205,-59.926682527087067
19,41,4.0291957790762878e-10,-1.5277646420641704e-10
20,41,1.1915336514883452e-10,-1.3265336654537514e-10
21,41,1.9170986161678261e-11,2.3775089008637411e-10
22,41,-1.6312212326249942e-12,5.4865283715610154e-14
23,41,-9.2198424212416146e-13,-4.034535227027723e-12
24,41,-2.1780284473375117e-14,2.5070524457059303e-15
25,41,7.6832162691220879e-15,-2.3120675354739391e-15
26,41,1.1363889906206916e-15,2.0765580016529294e-15
27,41,1.8419158298223573e-15,1.3524202501628327e-15
28,41,2.937293228101145e-15,-1.5851954039015495e-15
29,41,-4.5801916541035574e-13,-2.9008918321718328e-13
30,41,2.98498422932894e-14,3.220569709030095e-15
31,41,-3.8748448054366562e-17,-1.1656977151186719e-15
32,41,2.3901524453251576e-10,-9.0427221722198529e-11
33,41,-7.8584113359641811e-11,-1.3352376268708585e-10
34,41,9.3389080995713e-11,3.6405214515933834e-10
35,41,3.3285037168165012e-13,4.4771932152874231e-13
36,41,4.2286407585328974e-11,-1.2130866710772664e-11
37,41,2.6507545035750091e-12,-2.2230334604077584e-14
38,41,2.2600545995737409e-11,-1.7052319001261615e-12
40,41,-80.186946844769977,146.21935055904351
41,41,245.33995771077502,-552.35428661497826
42,41,-80.186946844511112,146.21935055843846
43,41,47.323049637851341,-86.292668031528422
44,41,-144.7895880042519,325.97686221778025
45,41,47.323049638240917,-86.292668031520904
46,41,2.0647032134248381e-13,-2.2160177441530884e-13
47,41,-1.737264277880935e-14,-1.1035164377903002e-14
48,41,9.0439563316562295e-16,-1.7118143032479634e-16
49,41,-1.3186433163476582e-16,-2.5432366851607988e-17
50,41,3.3483948903589403e-13,-3.2343022925033398e-13
51,41,5.4649635783931208e-23,-4.4067584184744356e-23
52,41,-4.9493015675806311e-26,-7.8110535253568672e-26
54,41,2.7918260618036045e-27,3.4254557713068098e-26
4,42,8.7981686660196945e-11,-2.1885246821529722e-11
5,42,-1.7970000610085511e-12,1.2415802519760731e-12
6,42,2.6819469297356201e-12,-1.2887059113842141e-12
9,42,-1.1217005455346726e-10,-5.5572552801868079e-11
10,42,2.0978121527300119e-14,1.1662264583338867e-14
11,42,-2.5385479649505675e-17,-1.7794327122214216e-17
12,42,-5.1757854001614419e-12,2.3745188687699175e-11
13,42,-2.7503966494579389e-11,-2.201635450446161e-11
14,42,-1.0896472805012813e-11,1.0662477864079466e-11
15,42,1.6430893187713179e-11,-1.4707465862473389e-11
16,42,15.021572444351799,-42.908627696171315
17,42,32.863897206625488,-59.926682527324708
18,42,-89.230174119525572,216.71956017495606
19,42,-4.4735636095747901e-11,-6.8682947979818959e-13
20,42,1.9167639236047517e-10,1.7019561308725156e-12
21,42,-6.2926672925381182e-11,2.4669608405862475e-10
22,42,-8.2044905475165605e-12,-7.7218010025741807e-12
23,42,4.2909320807186628e-11,-1.5728220699583754e-11
24,42,-1.867731205518132e-12,1.517786774296841e-12
25,42,8.1885421509176284e-13,-2.74834552106206e-12
26,42,-2.4265460763639339e-13,-1.0653305605708192e-13
27,42,-1.7450653431516676e-13,1.9854954622039594e-13
28,42,-2.2389079787688367e-13,-7.2035145057212167e-14
29,42,8.6264451194007237e-11,1.4303537811655607e-11
30,42,3.3531054186740657e-11,-1.2999948760319957e-11
31,42,1.2001111892829491e-13,6.7728954398763941e-13
32,42,1.0592322797819915e-10,-3.2202836120596127e-11
33,42,-2.4860239890447904e-10,-4.5582409751618317e-11
34,42,-2.4906080049532672e-10,3.4297623959970547e-10
35,42,-1.7909830134658268e-11,1.1074002089527475e-11
36,42,-3.3955059528706217e-10,-1.641832073252077e-10
37,42,9.3334865670438357e-13,-7.7093542451354644e-12
38,42,-1.3823152809404299e-10,9.2011503458190692e-11
40,42,-36.652196894735823,104.69579510287645
41,42,-80.186946844521344,146.21935055854487
42,42,217.71901196287945,-528.78938071822085
43,42,21.630624449907376,-61.787167406872264
44,42,47.323049637482939,-86.292668030723618
45,42,-128.48883784348197,312.06982054409434
46,42,-1.6479166473755021e-11,4.7261291620750825e-12
47,42,1.6919433128052505e-12,-2.4017280531083151e-12
48,42,4.2269934361835881e-13,-1.9654335292307902e-12
49,42,2.080576619227893e-13,-4.8555777791533216e-13
50,42,1.0086052047884172e-12,-5.6696356844877749e-13
51,42,-1.2563876807483307e-15,1.5651863135003475e-13
52,42,2.1279937254825444e-16,6.4606103757326955e-17
54,42,-2.6588460088981659e-17,-3.8684177980158118e-17
4,43,-1.268814851913413e-11,-1.7173083542216533e-11
5,43,-1.4699686981402569e-14,-3.4717086723457517e-14
6,43,-1.0796065486766996e-14,-2.9974284980296926e-14
9,43,-6.1832185896183382e-11,5.7827377740078223e-11
10,43,1.4515396923156252e-32,-5.1752489788001631e-32
11,43,-7.9920154073643496e-34,-1.9643474496369341e-34
12,43,-5.853921063009151e-17,-5.1978094641544421e-17
13,43,-2.2155563903530183e-11,-5.9907112141127795e-11
14,43,2.4619061825810063e-12,-1.0177519983234927e-11
15,43,4.3082897960157176e-17,-9.5151431389004204e-18
16,43,-7.1282293979910264e-16,-2.1809112553423266e-16
17,43,1.0908749190287776e-12,1.0235753281933649e-11
18,43,-6.2739099578972478e-13,2.8400382822719972e-14
19,43,3.9064342241630511e-16,-8.0571003140088545e-16
20,43,7.330038921717157e-16,3.7938475953452374e-16
21,43,1.0583675189358993e-17,8.4689022163461404e-18
22,43,-3.2894247273814609e-16,-1.9867087900496013e-15
23,43,-1.0420909746769213e-11,-1.8801787608602116e-11
24,43,-1.3047174794619592e-14,-3.8138533182587474e-14
25,43,-9.4631890435367459e-15,-3.3074098611785574e-14
26,43,3.5123067577489784e-23,-9.501012260376725e-22
27,43,1.3055017022123535e-21,4.4562906340241036e-22
28,43,2.5811161239636934e-22,1.0741024799599614e-21
29,43,3.6138035294420961e-11,4.967647674497672e-11
30,43,-5.306805391097897e-11,-3.5839283305105028e-11
31,43,-1.4557843777082475e-11,3.3629832997159678e-12
32,43,2.0176698536887747e-16,-4.8281312802783805e-16
33,43,5.0965979506703483e-19,-5.5579168373786223e-19
34,43,4.723915494828962e-19,-4.7268230525583779e-19
35,43,-2.3164129366644761e-18,-6.7643884782985762e-17
36,43,-4.3627233405628358e-11,1.0139293198676641e-10
37,43,-1.8506657820436201e-13,6.0493718060563522e-13
38,43,-2.529776294020335e-11,2.739005826127206e-11
40,43,-128.48883784300125,312.06982054445439
41,43,47.323049637955549,-86.292668031518986
42,43,21.630624449511004,-61.787167407269592
43,43,128.49713004812247,-314.06259638968731
44,43,-47.323049637886129,86.292668031677749
45,43,-21.630624449429149,61.787167407440506
46,43,-0.0082922058093130423,1.99277584511543
47,43,-1.322350957528698e-10,-1.7447352337185305e-12
48,43,-5.3772819488974653e-11,-8.8545103804981102e-12
49,43,1.6101651555206052e-11,4.898677893425078e-12
50,43,1.2715279252592108e-16,9.1864086315186098e-17
51,43,-5.1045651935682253e-16,-3.2868221095959802e-15
52,43,-4.8049837020906993e-18,-3.6705542778246022e-19
54,43,4.441905740917234e-19,6.778197770038148e-19
4,44,-1.0838350814935426e-11,1.3399161020447828e-12
5,44,-1.9176756033890093e-14,-1.007632794225985e-14
6,44,-1.5723686343798312e-14,-9.4283863381328175e-15
9,44,2.7034468131042861e-11,-1.9945358544268657e-11
10,44,-1.0808816834617977e-34,4.3495435897064755e-33
11,44,-8.1647135727501908e-35,5.2869183893582791e-34
12,44,-4.3934159765391555e-17,-2.0214956081885964e-17
13,44,-2.6490618604389278e-11,-3.1694163352748298e-11
14,44,-1.0756331459119528e-11,-6.4096649627136311e-12
15,44,-6.6630070141798323e-19,-7.112352686922905e-19
16,44,9.2250624036865527e-17,6.2908813180798028e-18
17,44,-5.0495815394680564e-11,1.0966557082568731e-11
18,44,5.9801318566348536e-14,-1.5504606984154316e-14
19,44,1.373015766231119e-16,-1.1746592710953585e-16
20,44,4.5843773545508303e-19,1.531951353965689e-16
21,44,-5.570730013872847e-19,2.5487111735116519e-18
22,44,3.2662209795995159e-17,-3.5243037846556227e-16
23,44,-5.6922332354817832e-12,-2.1701651458580485e-11
24,44,-1.5988707312952237e-14,-2.3156360908034528e-14
25,44,-1.2604592243358434e-14,-2.0344250402234559e-14
26,44,-3.2163656787605188e-21,4.7855025908277599e-20
27,44,-3.8813550152625129e-20,-5.2791326615401972e-21
28,44,-2.3299752656493966e-20,-2.8054832871048302e-20
29,44,-3.3593245704985801e-12,2.9440391629261111e-11
30,44,-1.7347260623658272e-11,9.4142852491772396e-12
31,44,2.5724616690610253e-13,-1.0731645070499438e-13
32,44,6.8037372551853932e-17,-8.2490414616760707e-17
33,44,1.3049352207625627e-19,-8.600287445903615e-20
34,44,1.1789818702233561e-19,-7.1625311758443616e-20
35,44,-1.3513185436668945e-17,-3.9568586089936459e-17
36,44,4.8807941897977009e-11,1.9360873948346738e-11
37,44,-9.2816226453039649e-16,5.9501889767824578e-14
38,44,8.1062439429592873e-11,3.2952518720721976e-11
40,44,47.323049637897356,-86.29266803148586
41,44,-144.78958800431852,325.97686221778167
42,44,47.323049638506916,-86.292668030936483
43,44,-47.323049638167618,86.292668031429912
44,44,144.78958800381633,-325.97686221732602
45,44,-47.323049636139558,86.292668031996072
46,44,-4.4572947579705149e-13,4.47292431440479e-11
47,44,3.3704180719060248e-12,4.489525596222786e-12
48,44,2.6819552554157317e-12,-1.2978418502642047e-12
49,44,-1.8970955146415335e-13,-8.2600762072183386e-13
50,44,-8.1506823323759348e-18,3.716009486159691e-17
51,44,2.5562111059605111e-14,1.012082096908841e-13
52,44,1.5071403506508083e-16,-1.865031956761957e-18
54,44,-1.3131027187952658e-17,-1.9143289945792515e-17
4,45,6.2585174335452286e-11,-6.2942324120807706e-12
5,45,1.1107225334307373e-13,1.5415728279939909e-14
6,45,9.3012743694164936e-14,1.8150860136749537e-14
9,45,-1.6596017453725502e-10,-2.3234856345254087e-11
10,45,-1.9467162944526699e-31,-1.0642136233091777e-31
11,45,-1.4447080754054314e-33,-2.6197918390318219e-33
12,45,3.6501335730018373e-16,-4.7322785659575132e-16
13,45,-3.8191683545124421e-10,-1.0539184697326517e-10
14,45,-6.116177429393195e-11,-2.3807477263233461e-11
15,45,3.2442818581596273e-18,-1.5833761215742841e-16
16,45,-1.5324929943295939e-15,2.8189792920011449e-15
17,45,-1.8638388729934607e-11,-6.1242800894138958e-11
18,45,-4.1727519248095284e-13,2.5693786288435954e-12
19,45,-8.0212357096368644e-16,-7.3583847365581161e-16
20,45,9.2598024132338412e-17,9.3313674230422919e-16
21,45,-1.9385692096976435e-18,1.3940361614835936e-17
22,45,6.90159422827295e-16,-1.378878576805383e-15
23,45,6.5829327529167005e-11,3.6942062061632239e-12
24,45,1.1852030919107867e-13,2.5896284130293523e-14
25,45,9.988177136006419e-14,2.7221068423603356e-14
26,45,3.2535037790839333e-20,-2.6050755110867827e-20
27,45,-1.7499896628984867e-20,-1.9556888479803717e-21
28,45,-9.7465397853118715e-20,1.2419188652385169e-20
29,45,4.2354983219456473e-11,7.1258886820388042e-12
30,45,-1.2815226065524501e-12,1.6696458925575429e-12
31,45,-3.4426438815801195e-16,3.0314524826278489e-14
32,45,-4.884533390662263e-16,-2.8230679009777411e-16
33,45,-3.8057114168793834e-19,-7.7938683587399653e-19
34,45,-3.0652594321388095e-19,-7.0529715362188814e-19
35,45,5.1395457925486779e-16,-5.3291620640766535e-17
36,45,-4.6174708708551622e-10,8.8665562450613715e-12
37,45,-5.6726883049303664e-13,5.2072140698077109e-13
38,45,-3.1834082039625869e-10,-1.5360166256075722e-10
40,45,21.630624449798944,-61.787167406983293
41,45,47.323049638335448,-86.292668031810152
42,45,-128.48883784314833,312.06982054576628
43,45,-21.63062444970501,61.787167407637753
44,45,-47.323049636779842,86.292668031543371
45,45,128.48883784138616,-312.06982054532091
46,45,-3.9604652440678279e-12,5.9119109140786561e-13
47,45,1.1889445713808962e-12,1.8317029444409911e-13
48,45,-2.5178643455344295e-13,6.8541384577074668e-14
49,45,5.1341893861415344e-14,3.0697897053558169e-14
50,45,2.2487926742239135e-17,1.6027185991423943e-16
51,45,-5.961615198401279e-16,-1.8154242913622151e-15
52,45,-2.775221820340282e-18,2.6086644256411373e-19
54,45,2.6528564738348684e-19,3.3210716568672722e-19
4,46,-1.9517932838915384e-14,-7.3594574766225831e-15
5,46,-2.8309779906909785e-17,-1.5124068242257093e-17
6,46,-2.3170527165777377e-17,-1.4047910877617308e-17
9,46,-9.6648271264862471e-14,1.5652497329017814e-13
10,46,-6.8797369660015357e-35,-1.9855826024605942e-34
11,46,-1.0863202956977916e-36,-1.1149138238903203e-36
12,46,-1.9550927123004027e-19,-1.9107165937032372e-19
13,46,-8.6430477858572718e-12,-4.7786045033246094e-12
14,46,-1.7494674296894088e-14,-3.4377561461724903e-15
15,46,1.0758674301758585e-19,-1.2323940254818837e-19
16,46,-2.817649637851451e-18,9.360815181101255e-19
17,46,-2.2967174240127107e-14,1.604097900340995e-14
18,46,-1.9356898740450063e-15,1.522721023002478e-15
19,46,-5.678436856432544e-19,-3.1029582920373271e-18
20,46,2.317365168444063e-18,2.3752197412273836e-19
21,46,3.2837399922940873e-20,9.0071930264010601e-21
22,46,-3.9981894345764785e-18,-5.1858718661608505e-18
23,46,-1.6372619647324853e-14,6.766307480665176e-15
24,46,-2.866942395843046e-17,-9.5536596937534527e-18
25,46,-2.4056758503638303e-17,-9.4461002827248666e-18
26,46,1.8460530541478047e-24,1.2007372191648134e-23
27,46,-7.8511948453055783e-24,7.1661311725426797e-25
28,46,-6.8838704414414041e-24,-3.5452029644405868e-24
29,46,-4.0140028031920622e-11,-1.419095516634105e-11
30,46,3.9310283745136093e-12,1.1165067233422985e-12
31,46,-1.2705667697984843e-13,-2.8557890513387073e-13
32,46,-3.58424950673961e-19,-1.7922305313213245e-18
33,46,3.5826091284223748e-22,-2.6603974879936608e-21
34,46,4.1979466530644659e-22,-2.3417093433846668e-21
35,46,3.2114976008419937e-21,-2.3632937407276715e-19
36,46,-9.0328770464649801e-14,2.2631265095433556e-13
37,46,1.0755375788269901e-16,2.0408608140986689e-15
38,46,-8.3304698560118249e-14,8.0477810179126234e-14
40,46,3.1379840200004801e-14,-8.0972895062593119e-15
41,46,2.1341296980800244e-13,-1.1427254445979786e-13
42,46,-1.331381994202438e-11,-2.3174025658204913e-11
43,46,-0.0082922057924464561,1.9927758451890905
44,46,2.0249674730363513e-11,-1.0586154353697992e-11
45,46,-1.1002972734081944e-11,1.5807525188293093e-12
46,46,0.0082922058047157909,-1.9927758451642332
47,46,-2.5818318598167436e-12,5.4704011522144817e-13
48,46,2.906073999289856e-12,-1.846145554030441e-14
49,46,4.8570800843074154e-13,1.4247487334065311e-14
50,46,2.7388995202159281e-19,2.416958063615105e-20
51,46,4.0871202387355362e-13,-2.80834762134866e-13
52,46,-8.1992990015662069e-19,-2.5176596803745452e-16
54,46,3.6797580007239539e-14,-1.3361525778892612e-14
4,47,-4.1261862665680025e-18,7.7961234505750676e-18
5,47,-7.9220865471550774e-21,6.941910521175185e-21
6,47,-7.000358703170128e-21,5.4652258907161758e-21
9,47,3.0361595189920319e-17,-3.9259275275012667e-17
10,47,2.7200328056499521e-39,3.6654809248202418e-39
11,47,-2.000421916450876e-40,2.9370136370360229e-40
12,47,-1.1930502891395045e-27,-7.0402228265485927e-28
13,47,-1.6413259600663124e-12,1.5969949895388402e-12
14,47,-1.0397933375327454e-23,-8.5788969897103848e-23
15,47,-1.3697810328691923e-24,2.2640288190634984e-24
16,47,5.7142274702428257e-23,-4.5381919137205879e-23
17,47,-1.4962014885260873e-18,-5.1542785546718888e-19
18,47,3.0696838826600967e-20,-4.7340757981094161e-20
19,47,-6.562979626209817e-24,-8.5170792399830708e-24
20,47,-2.3769938547868855e-25,-1.0620573483011265e-24
21,47,-6.6360041590921002e-27,-2.8336911374520172e-26
22,47,-5.3672364727282224e-24,-1.2524128131635261e-24
23,47,4.5660321285206024e-18,-4.1083455451928691e-18
24,47,-3.4505566770236759e-21,1.3564218409597627e-21
25,47,-3.0163273683572597e-21,1.0638572289894563e-21
26,47,1.7305380010418672e-26,-1.774525478556712e-25
27,47,4.6298163738680899e-26,3.911091401220006e-26
28,47,-6.3389198550631461e-26,8.756132995084469e-27
29,47,-94.625859958008121,99.771843556992849
30,47,29.110974794581143,-17.181222238760533
31,47,20.95716452674505,-17.18352636952536
32,47,-3.8140827758786999e-24,-4.9364056838385085e-24
33,47,-2.5040832732001821e-27,-7.175319521634684e-27
34,47,-2.5844266219604493e-27,-5.5748314627589084e-27
35,47,-2.698037476629065e-28,-1.1669012471387915e-27
36,47,-2.9128566963663343e-18,-1.1977457884774599e-17
37,47,4.5866912591154877e-20,-5.0373921391590623e-20
38,47,-7.8972397734991232e-22,-9.08809875562277e-22
40,47,-1.3724197913177814e-16,2.1435387524753763e-17
41,47,-7.5419390945131866e-15,1.6332254969370064e-14
42,47,2.0347734102592358e-11,-4.5063942919118702e-12
43,47,-8.0432422500691112e-12,1.3159280180495439e-12
44,47,-1.1630820706239727e-11,-9.4194770767272219e-12
45,47,1.3420916480560332e-12,-3.140977031376527e-13
46,47,-2.2251063576297943e-12,6.0521783221884598e-13
47,47,94.625859960214711,-99.771843557044122
48,47,-29.110974794565664,17.1812222387411
49,47,-20.957164526748272,17.18352636952136
50,47,-1.5062133466537907e-27,-4.5990185061994594e-27
51,47,-2.4207893696302726e-13,9.3792346155707114e-13
52,47,-6.7711561589321475e-15,1.8697922193196331e-14
54,47,-6.7015092845444852e-14,-1.3983552934983811e-13
4,48,-4.1889681269374102e-18,8.7070162469288429e-18
5,48,-8.3797209008124209e-21,7.9313472024302766e-21
6,48,-7.4321522045625512e-21,6.275789414665704e-21
9,48,3.158394477865417e-17,-4.4124441985142477e-17
10,48,3.1383539477123074e-39,3.9435744215516522e-39
11,48,-2.4097776946039785e-40,2.0174684536597748e-40
12,48,3.3896060037137781e-28,2.310667953286401e-28
13,48,-2.9419366497267229e-13,1.8083766525814444e-13
14,48,6.0000439210189128e-24,6.2909462507032399e-24
15,48,-1.4055161376046177e-24,2.5331892280945565e-24
16,48,6.0660996369532176e-23,-5.2064218520191753e-23
17,48,-1.2088219569364608e-18,2.43941648893993e-19
18,48,3.1631448761345263e-20,-5.3109022927518981e-20
19,48,-7.4086432916320557e-24,-8.4992270213996585e-24
20,48,8.5608077363189506e-25,-5.8713220247566857e-25
21,48,3.3450705527514774e-27,-2.0691374224462761e-26
22,48,-5.922397731883385e-24,-1.6591483615110585e-24
23,48,4.8274015602757365e-18,-4.6898236606593954e-18
24,48,-3.7181858571481561e-21,1.6288571594528183e-21
25,48,-3.2554039315125129e-21,1.2905564603941452e-21
26,48,3.1534595872066646e-26,-2.6715865625593553e-25
27,48,2.3815359175118786e-26,7.4414207378722803e-26
28,48,-8.9032356229544947e-26,3.8385219921610442e-26
29,48,29.110974794573735,-17.181222238756561
30,48,-98.936712267387193,98.774575605480322
31,48,29.110974794568776,-17.181222238754803
32,48,-4.3144263600317334e-24,-4.9935153245060351e-24
33,48,-2.8996961739902483e-27,-7.3191463327478083e-27
34,48,-3.0363281167172562e-27,-5.7351807013753685e-27
35,48,5.7205461460091001e-29,3.5002909676862084e-28
36,48,-3.7167333776124494e-18,-1.2784774621301369e-17
37,48,4.7997518340258058e-20,-5.6926903310051132e-20
38,48,-4.7971824317260875e-22,-5.0367252932988102e-22
40,48,6.5506232201048675e-18,4.4592910200085582e-18
41,48,3.6979186309116047e-15,1.4139283391774563e-15
42,48,8.3575133319444631e-12,-3.0608952746894641e-13
43,48,-1.8914404768339844e-12,2.5557049907261772e-13
44,48,-5.9542342845718321e-12,-7.2546567839179326e-12
45,48,-1.0269204744020289e-13,-6.8929532465199617e-14
46,48,6.1659397302192588e-13,-1.7745527445324558e-12
47,48,-29.110974794559525,17.181222238742464
48,48,98.936712269432746,-98.774575605437121
49,48,-29.110974794568506,17.181222238758721
50,48,3.730161063466863e-27,-1.8051023783403898e-27
51,48,2.6969920364962673e-13,-4.2387144383471626e-13
52,48,3.8803718090323726e-16,8.7309851731975865e-15
54,48,-2.9842855421522167e-13,8.7286069025471985e-14
4,49,-2.1575201001041529e-18,4.7602859839346619e-18
5,49,-4.4329455687071891e-21,4.3929456485372588e-21
6,49,-3.9413397650158398e-21,3.486023944323919e-21
9,49,1.6883868192463292e-17,-2.3950900240457769e-17
10,49,1.7190174607254971e-39,2.0986848397539194e-39
11,49,-3.9294448979383459e-41,2.3393793146207585e-41
12,49,2.3796476977922388e-28,3.3756567576662282e-28
13,49,1.3327934379200967e-14,6.0277785755606301e-14
14,49,1.3591578572196426e-23,2.0236094900650623e-23
15,49,-7.2990333018779077e-25,1.3866702119370092e-24
16,49,3.2172440238860113e-23,-2.8892478715959137e-23
17,49,-1.7016612733108584e-19,8.989356418131356e-19
18,49,1.64615925576893e-20,-2.9105090010211505e-20
19,49,-4.1314044154791106e-24,-4.4610481712619863e-24
20,49,5.0562140402863871e-25,-2.3754079393383378e-25
21,49,-2.3654889418471997e-27,-9.3473961443408138e-27
22,49,-3.1983125952673038e-24,-8.5628402033533119e-25
23,49,2.5526801185513477e-18,-2.5949463388059826e-18
24,49,-1.9902823647814157e-21,9.2761834909572841e-22
25,49,-1.7442844414898085e-21,7.3888681003655868e-22
26,49,1.3348436080357781e-26,-1.6464167222344471e-25
27,49,1.7177878624565273e-26,7.047861057172839e-26
28,49,-8.3281289203862353e-26,3.2932007126720025e-26
29,49,20.957164526743448,-17.183526369519083
30,49,29.11097479456944,-17.181222238758451
31,49,-94.625859958012796,99.771843557000324
32,49,-2.4059373472542392e-24,-2.6296402935578389e-24
33,49,-1.7848281195364331e-27,-3.9086215180229169e-27
34,49,-1.7370683232453348e-27,-2.9159068054744329e-27
35,49,-6.9690564445431994e-29,3.5021288298558771e-28
36,49,-1.6820254940914039e-18,-6.2809237433634432e-18
37,49,2.5313080826471192e-20,-3.1235381535699513e-20
38,49,-2.1990041555669014e-22,-1.0825051771761048e-22
40,49,6.1577873837804767e-18,6.6817254968663305e-18
41,49,1.9115294572523839e-15,-2.3833477043049433e-15
42,49,3.665897482492672e-12,7.6273834429895398e-13
43,49,4.1952710042567315e-12,-1.6549289674994436e-13
44,49,-1.0109356550291778e-11,4.0055051180603505e-12
45,49,-4.0844361657455639e-14,-7.4794885000576108e-14
46,49,-1.7618711228237418e-14,-3.9373538426015292e-12
47,49,-20.957164526744009,17.183526369512265
48,49,-29.110974794554863,17.181222238737291
49,49,94.625859959918898,-99.771843557003649
50,49,2.5051859614899946e-27,-7.3967374626410993e-28
51,49,-3.1804026008742038e-14,-7.7187792003062094e-13
52,49,1.0679162823351819e-14,1.1099386432844949e-14
54,49,1.0748366361852237e-13,-1.7251160248238493e-14
4,50,-3.863289184581496e-13,-4.4088621006458069e-13
5,50,3.1491991669772601e-13,-5.7854285742836787e-13
6,50,-5.2860661221521568e-13,1.8252028549632806e-13
9,50,1.4508946198152788e-13,-7.2772619833871608e-14
10,50,3.1911549822318475e-28,-2.7063277345104318e-28
11,50,-4.4511744265663021e-31,3.0572273581120495e-31
12,50,-6.1307513303432664e-14,-1.516114874281142e-13
13,50,-3.6310299463580891e-13,-9.0196189724356289e-13
14,50,5.5225637518056157e-16,-2.7821415614198786e-18
15,50,1.4986928036811313e-15,-1.7435883193289263e-14
16,50,-8.5656440363239115e-15,1.5988865718831182e-13
17,50,3.9491112871264425e-13,8.9657975359849422e-13
18,50,2.106671444888065e-13,5.1556589735203431e-14
19,50,1.2577616816910424e-13,1.7862796408983691e-12
20,50,-0.40268152837687315,0.72674655323735382
21,50,4.5540063208967013e-13,1.6281777450143356e-12
22,50,1.2841861295090317e-14,3.0533843133834039e-14
23,50,-2.0372732483292444e-13,-1.8577793909476336e-13
24,50,-2.0495632093458699e-13,-7.5342019762609559e-13
25,50,-3.1761163668860971e-13,1.0560700274227256e-13
26,50,2.5124468616696324e-14,-7.1774473257835964e-15
27,50,-8.550224036794457e-15,1.3210439729884892e-14
28,50,-9.9964497765608885e-14,7.367094118733902e-14
29,50,-2.6095414988306017e-14,9.6580185388772365e-15
30,50,-3.4590511898211097e-14,4.102746022367167e-16
31,50,-3.0299542408598288e-14,6.6835069798180423e-15
32,50,3.631009730957348e-13,1.3483759026759773e-14
33,50,-1.1641183394538237e-13,-1.4752503677522049e-13
34,50,4.6726023233731317e-13,1.8792838588944844e-13
35,50,5.8452397693336423e-14,-1.2874306563521371e-13
36,50,4.6835514430853115e-13,2.3801873554055436e-12
37,50,-1.9948712460362344e-13,8.7793110119751085e-14
38,50,1.0487989982015204e-15,3.6513854608515166e-16
40,50,2.8299317275850446e-14,1.0919154196397483e-13
41,50,6.7089401709979379e-14,1.9506587327169915e-13
42,50,4.0396234379511261e-13,1.3299527916744037e-13
43,50,-2.7238740072345973e-18,-2.0040674894536933e-17
44,50,-4.8304084760104306e-17,-7.0642785041573454e-17
45,50,2.4028558271903508e-17,1.7429017097776503e-16
46,50,8.80215000706228e-20,-3.7904013970917049e-21
47,50,-1.0576644088720152e-22,-5.2335610314338726e-23
48,50,7.1106416997079213e-23,2.8879259991312023e-23
49,50,3.7380208647370708e-23,1.2907175861700752e-23
50,50,0.40268152837893323,-0.72674655323702253
51,50,-2.0916448654040123e-30,-7.0979345514436572e-30
52,50,-1.0404592666419676e-32,3.9298797726778197e-34
54,50,2.139970387192592e-33,1.0160950663662416e-33
4,51,5.2793368809250682e-25,-3.1324924946577868e-25
5,51,7.6667363992731339e-28,-3.4270311961207583e-28
6,51,6.6151444955200511e-28,-2.534038040710213e-28
9,51,-8.0246352733078563e-22,-3.6111235029833238e-22
10,51,-2.1505411688226421e-45,-5.2467531986449416e-45
11,51,2.0144976582889944e-48,7.047685519543706e-48
12,51,7.3672942281422493e-32,-4.8857802707646775e-32
13,51,8.7065924090935977e-16,-1.7591319850272129e-16
14,51,-3.6029133541789653e-26,-1.0040863780665331e-26
15,51,2.1690101343200593e-31,1.3426005814657095e-30
16,51,-3.7184028652945334e-30,3.5294059059639678e-30
17,51,-6.0968069776219309e-25,8.4505859495898925e-26
18,51,4.0619315290399618e-28,3.1242192176164294e-27
19,51,-1.0012064622445333e-28,2.1566470067412123e-28
20,51,2.3723675649920785e-28,4.7092349351490829e-28
21,51,9.8382161824964885e-31,6.5714658364934268e-30
22,51,1.2510167770412585e-28,-1.6806485448543063e-28
23,51,-1.5165559133623891e-25,-4.8722275565864729e-25
24,51,4.8187511844502829e-28,-4.6525670241050014e-28
25,51,4.3404147668591983e-28,-3.7586130680472565e-28
26,51,2.6122324034842779e-33,-6.1839921364650548e-33
27,51,3.0387181057555499e-33,-5.2290552882332846e-33
28,51,3.3544667169990061e-33,-4.1964375354095902e-33
29,51,-9.1370289174672293e-13,-6.0361430315941024e-13
30,51,-1.5047446867764937e-16,-1.5660508238183218e-16
31,51,-1.2397004701067788e-16,-1.4365400364046402e-16
32,51,-5.9427634890425415e-29,1.2211564898584568e-28
33,51,-1.3816610436640839e-31,1.4435566903636894e-31
34,51,-1.2752877026281355e-31,1.2194443168451442e-31
35,51,7.4505196563951714e-32,1.7043465465810904e-32
36,51,-1.2101537920386653e-21,-7.986118400842407e-22
37,51,-2.6815859751200161e-25,-1.7669270254233985e-25
38,51,-1.6819318798000472e-25,2.4959675637336599e-25
40,51,-5.1521190226693308e-26,-8.192283399096768e-26
41,51,9.0566325633403267e-24,-6.683554581364707e-24
42,51,-8.5282103068555519e-14,-2.0188913340961928e-14
43,51,-1.9958124133714152e-16,7.2337208076508186e-16
44,51,5.1430539451274696e-15,-2.082569288635289e-14
45,51,3.1965975763397993e-17,3.7476267492099387e-16
46,51,-7.1753081253064677e-14,-7.2122483662666309e-14
47,51,-7.2129487979914928e-13,-2.9615858949944585e-12
48,51,-2.0909882391438022e-13,4.1213004329642856e-14
49,51,1.6317401212761942e-12,2.2907588575458986e-13
50,51,8.8681803596216451e-31,2.139557090504296e-30
51,51,489.74573924792048,-409.16688374216255
52,51,-6.4281423777123811e-14,2.8954196299329939e-14
54,51,-489.74573924792202,409.16688374216375
4,52,-1.1642620563482218e-27,-1.4442294830124615e-27
5,52,-1.4824963370754407e-30,-3.1692039620648195e-30
6,52,-1.1046400471169351e-30,-2.7434604759521927e-30
9,52,-2.2826071293624294e-24,-1.1430864737508008e-24
10,52,-6.5767033243471249e-49,-2.4172494292027916e-49
11,52,9.2788748438803828e-52,4.9406911564914697e-52
12,52,-3.5217866950469309e-34,-8.8755307139026222e-35
13,52,6.6450048033672987e-19,1.4570169255328109e-18
14,52,-1.3293045275592743e-28,-4.8055686268844254e-29
15,52,1.3457802561037374e-33,-2.4656257466473743e-34
16,52,-1.3548883146009134e-32,-2.0230909645588452e-33
17,52,-1.4856826756677545e-28,-8.0168652855987004e-29
18,52,-7.5044430265331368e-30,4.390041042612467e-30
19,52,-4.2353751733446428e-31,-9.4146296407800101e-32
20,52,-7.2909419309365303e-31,6.0798514256498725e-31
21,52,-1.1176745302381158e-32,4.3579125189864553e-33
22,52,3.3825727291600137e-31,1.4968653095661058e-31
23,52,-1.0483109829128743e-27,-2.219359650587011e-27
24,52,-1.3521816040697502e-30,-3.819238068412007e-30
25,52,-9.8503207583906264e-31,-3.3116851859158264e-30
26,52,9.1126211009095159e-36,-1.586502491611031e-35
27,52,9.592367087683353e-36,-1.6815912371987944e-35
28,52,8.7227006753394899e-36,-1.2734331698347625e-35
29,52,-1.4865217218060931e-16,-4.2165474322472201e-15
30,52,4.1538086249804038e-19,-1.0934929200186756e-18
31,52,4.1177978304778107e-19,-9.3650210563795499e-19
32,52,-2.4096641671685455e-31,-5.8003461180077962e-32
33,52,-3.1107640123902909e-34,-1.8595975101026491e-34
34,52,-2.6676266400964354e-34,-1.7860131510249879e-34
35,52,-1.54236428401615e-34,-2.7351601498691608e-34
36,52,-3.4115894370677265e-24,-2.5100345623477922e-24
37,52,-6.344288454718198e-28,-7.2791010398172023e-28
38,52,-1.0137573321997832e-27,-5.5348250590514538e-28
40,52,4.8904798551802742e-29,7.1091354424675301e-29
41,52,4.3266225447122465e-26,6.8797871967422285e-26
42,52,2.406005109399626e-17,-9.676058395320035e-17
43,52,-8.0198963028293899e-19,2.0311391889356305e-18
44,52,3.5905470408749883e-17,-5.7374873537801747e-17
45,52,-5.9073307302273695e-19,1.1027868019942461e-18
46,52,-3.4094681654674654e-17,-4.8464839800191628e-17
47,52,2.9120965820040246e-15,1.6260518297914147e-14
48,52,-4.8814043369665843e-14,8.3673740933846529e-14
49,52,-2.8022693528830349e-14,-4.1739569049314929e-14
50,52,-3.3939315598614859e-33,2.3840740693537105e-33
51,52,-7.3531444973884339e-14,-1.3568529176557332e-13
52,52,1.3097916142210604,-1.5737447440296308
53,52,-0.87417612196630889,0.83030406198776152
54,52,-0.43561549225473561,0.74344068204185099
52,53,-0.87417612196630889,0.83030406198776152
53,53,0.87417612196630889,-0.83030406198776152
4,54,-3.6670726049682117e-27,8.605080174445447e-28
5,54,-6.9144367764448731e-30,9.0508600170461904e-32
6,54,-5.8391858123762495e-30,-2.4298995618514151e-31
9,54,-3.0720432033907162e-24,2.9559015133786468e-24
10,54,2.0353090540290594e-48,8.7115131037335033e-48
11,54,-5.7401596518612558e-52,-1.1041819494167153e-50
12,54,-5.3035046519603683e-34,7.6376106939021819e-34
13,54,2.0244950447607755e-18,4.5755145286669737e-19
14,54,-1.625012837808051e-28,1.7096075066662218e-28
15,54,5.9017044825620703e-34,-4.2049119601435824e-33
16,54,-1.1090385095080348e-32,1.616237696608433e-32
17,54,1.8761053552061285e-28,9.5727241002838535e-29
18,54,2.0234794899286512e-31,1.2657163953771941e-29
19,54,-4.3288968647586758e-31,3.6420048378877332e-31
20,54,5.6480803678893648e-32,1.2290499780669272e-30
21,54,-4.2858052949898547e-33,1.4978776278257461e-32
22,54,4.1835070291710283e-31,-2.2828038742262261e-31
23,54,-4.5776058400224712e-27,5.4474982117060639e-28
24,54,-7.8046995751169638e-30,-3.7720757498460441e-31
25,54,-6.6327714371760143e-30,-6.6281563635374283e-31
26,54,-1.9400684392872859e-35,-2.212537405373226e-35
27,54,-702.88819508727511,586.79019823969634
28,54,-1.5298431085010522e-35,-2.1001160938288725e-35
29,54,1.6863051328933044e-13,-2.4851634685469747e-13
30,54,4.6817069071826616e-17,-3.4348080180941624e-17
31,54,4.2491841012055253e-17,-2.7800706308371293e-17
32,54,-2.5074797287537884e-31,2.0371419379271333e-31
33,54,-4.3672647183632983e-34,1.753091534457908e-34
34,54,-3.9558742283923377e-34,1.3476575954303774e-34
35,54,-7.944809816273469e-34,1.2282071855564047e-34
36,54,-5.8420352735363894e-24,3.9542488651120732e-24
37,54,-1.4512535389242434e-27,5.1602922809469844e-28
38,54,-1.6388787448380989e-27,9.1126233365990101e-28
40,54,2.3963119612740387e-27,5.7218159413915686e-28
41,54,1.5919571382130558e-25,-1.4846968598429279e-26
42,54,-7.1761769717656324e-17,-1.0216647804415695e-16
43,54,2.6260533154176348e-18,2.4306505807693534e-18
44,54,-6.5662299785487047e-17,-8.818310592525029e-17
45,54,5.6770284578345527e-19,1.6684946866659422e-18
46,54,-8.9715311239316607e-14,3.9246034656580447e-14
47,54,1.2505477040267459e-13,-1.1223174718964895e-13
48,54,5.5606310976796919e-13,-3.0046982123279041e-13
49,54,6.3087876138354228e-14,4.4782501841302331e-14
50,54,-3.7228212189470901e-35,5.4720275859938993e-33
51,54,-489.74573924792162,409.16688374216284
52,54,-0.43561549225480056,0.74344068204189573
54,54,1193.0695498274526,-996.70052266390212
