row,col,g,b
1,1,75.283204580691802,-33154.616144732798
2,1,25.2619970418896,82.798738098797998
3,1,24.9216693694238,63.4749891939517
26,1,-71.989564381074203,31704.1016883999
27,1,-24.156784670660301,-79.176293307449697
28,1,-23.831346334540299,-60.697958416771101
1,2,25.2619970418877,82.798738098802801
2,2,76.778321620394607,-33159.551842671899
3,2,25.642454870026501,69.891442011639896
26,2,-24.1567846713588,-79.176293306518303
27,2,-73.419270051177605,31708.8214495555
28,2,-24.5205974696437,-66.833691423991695
1,3,24.921669369423501,63.474989193952197
2,3,25.6424548700294,69.891442011643207
3,3,75.954692041101197,-33156.6819075737
26,3,-23.8313463346567,-60.697958416771101
27,3,-24.520597469760101,-66.833691423293203
28,3,-72.631674264557702,31706.077074117999
4,4,17.290522865022702,-35.852477546646099
5,4,-8.3987076733158403,12.307236982893601
6,4,-3.0306826744253899,7.9942845420856603
26,4,-7.4102240850097401,15.365347706042799
27,4,3.5994461457067901,-5.2745301955677597
28,4,1.2988640033251699,-3.4261219694921801
93,4,-9.8802987800129891,20.4871302747237
94,4,4.7992615276090502,-7.0327069274236704
95,4,1.7318186711002199,-4.5681626259895696
4,5,-8.3987076733158403,12.307236982893601
5,5,19.334741232383713,-37.152480907172404
6,5,-5.1445595065962602,9.7570263734012297
11,5,9.9283960578256466e-16,-1.9770471859451119e-15
12,5,3.8934666224326999e-15,-3.6491361502929883e-15
13,5,-6.4882654738176293e-15,2.5474301051593843e-15
14,5,-1.4788746088183174e-15,-3.9038608330224166e-15
15,5,-3.5045809413359348e-17,-4.7665771551989972e-17
16,5,1.1385488043818616e-15,-1.607128133571956e-15
17,5,3.5084524171890042e-15,-2.2744168007711208e-15
18,5,-5.1179740109408901e-15,9.9510055128373964e-17
25,5,3.1332531350045446e-16,-2.4437792144065192e-16
26,5,3.5994461457067901,-5.2745301955677597
27,5,-8.2863176710215605,15.9224920874498
28,5,2.2048112171126801,-4.1815827696250398
35,5,1.6000251201737632e-15,2.6041332363270863e-15
36,5,-1.4355560093311435e-15,2.1699757531019874e-15
37,5,-3.1661582617365358e-15,1.4189981485533276e-15
41,5,8.1353836286366754e-16,2.2777108328446525e-15
42,5,8.4874352436273994e-16,-2.7367338118541918e-15
43,5,-7.4870712003056585e-15,2.2155900738266792e-15
44,5,1.292910595310885e-15,-8.4897646787101604e-15
45,5,-4.5268765998482024e-15,-1.5358220970993212e-15
46,5,5.5106277578307128e-15,-3.3421805022203375e-15
47,5,4.4861855108404649e-16,4.6958627843051644e-16
48,5,-1.1646644742758317e-15,2.9245443935607852e-16
49,5,-8.2373887571212838e-15,1.386747023956546e-14
50,5,1.3941314923292891e-15,-2.5922146467391527e-15
51,5,2.0606657004380793e-15,2.4598658875193541e-15
52,5,-7.6619615024192146e-16,-2.9754388498498664e-16
53,5,3.7481824220828803e-16,3.1973632296064404e-17
54,5,-3.5119467834348325e-16,-9.1908718222905273e-16
55,5,-2.992820915822107e-16,1.0645296880663686e-16
56,5,-2.448159881802755e-15,4.5684127745258054e-15
57,5,1.2083601788390617e-14,-6.8080778396079215e-15
58,5,6.900148404980253e-16,7.0865587665105305e-16
62,5,-4.9939797413755173e-26,4.0995326672521262e-26
63,5,-8.4767102903038915e-26,-2.0556543452243506e-25
64,5,2.6058589422625981e-25,-7.1763279852284332e-26
65,5,-2.0014816826378493e-26,1.9179222710703134e-27
66,5,2.1915200857823714e-25,-6.948867755391358e-26
67,5,1.0062964835615204e-25,-1.4664636704207082e-26
80,5,1.0927551451312937e-25,5.5451470682139368e-26
81,5,-7.3652661254570747e-27,-5.7509744265949774e-26
82,5,4.1299706440907523e-26,2.2437655127369882e-26
83,5,5.4637757256564913e-26,2.7725735341069902e-26
84,5,-3.6826330627285309e-27,-2.8754872132974841e-26
85,5,2.0649853220453882e-26,1.1218827563685089e-26
86,5,2.4760212869508148e-40,7.3066588803031628e-41
87,5,-9.5154775723680007e-41,-8.1582635523294414e-41
88,5,-3.2106590461414319e-40,-5.7109568214776506e-41
89,5,-2.7077661762475492e-41,-7.5030093349812697e-44
92,5,-4.199432829670645e-41,-3.1882638440415308e-41
93,5,4.7992615276090502,-7.0327069274236802
94,5,-11.0484235613621,21.2299894499331
95,5,2.93974828948358,-5.5754436928333897
96,5,-2.6356298538277455e-41,-3.7614993117942208e-41
100,5,2.8827609410372097e-41,-4.5731023769815364e-41
101,5,2.5224158234075637e-41,-4.001464579858847e-41
102,5,-3.1768049738467587e-41,-6.7416074613175493e-42
103,5,3.3351205406067947e-42,-1.2560402493140747e-41
104,5,-9.8365470844324973e-42,-1.8426826417876773e-41
105,5,-3.6927733887870819e-41,9.6911651874153884e-41
106,5,-4.8731034779304284e-41,3.7751142823365071e-41
107,5,7.2927998447097564e-41,-2.0305456873166901e-41
108,5,1.7308862288153905e-41,-2.4224206309484175e-41
109,5,8.1741183877509275e-15,1.5192424986538076e-15
111,5,-2.7028714517395485e-41,-2.7638209254553574e-42
112,5,-1.59255776787124e-41,2.7766375697816212e-41
113,5,9.8929243297918434e-42,1.8530731512269723e-41
114,5,-6.2328503927253689e-42,-1.9668501662634523e-42
115,5,-5.6130382528685612e-42,7.4439774655677122e-42
116,5,-2.3239197966216384e-41,-1.4313962885324388e-41
117,5,3.3914314311016305e-41,5.3828141465948475e-42
118,5,4.9097203116775586e-41,-1.0750999037313398e-40
119,5,3.3199051444611809e-41,-6.1376008516134406e-41
120,5,-9.1463121213302199e-41,-1.7366115631512822e-41
121,5,1.0591643309334629e-15,-2.2070855785812851e-15
122,5,-1.4540370832272694e-15,5.1838660689990273e-15
123,5,-4.6100698765905637e-16,-2.7553928819409641e-15
4,6,-3.0306826744253899,7.9942845420856603
5,6,-5.1445595065962602,9.7570263734012297
6,6,24.574475558786801,-43.765737974428902
26,6,1.2988640033251699,-3.4261219694921801
27,6,2.2048112171126801,-4.1815827696250398
28,6,-6.6574404280809496,14.8289248394757
47,6,-9.0404478932645809,9.1649138851745597
93,6,1.7318186711002199,-4.5681626259895696
94,6,2.93974828948358,-5.5754436928333897
95,6,-8.8765872374412709,19.771899785967602
7,7,20.335454398501799,-45.295624654652102
8,7,-3.9674391374295999,10.465245248583599
9,7,-6.7346960813623804,12.772834574970901
12,7,-9.6835497135722903,21.569345221055599
13,7,1.8892567321093301,-4.9834501374431603
14,7,3.2069981339820899,-6.0823022103636903
38,7,-10.6519046849295,23.726279743161101
39,7,2.0781824053202702,-5.4817951511874803
40,7,3.5276979473802998,-6.6905324314000598
7,8,-3.9674391374295999,10.465245248583599
8,8,22.634866296029799,-46.934152667413102
9,8,-10.994671863249801,16.111292128660899
12,8,1.8892567321093301,-4.9834501374431603
13,8,-10.7785077600142,22.3495966633349
14,8,5.2355580301189599,-7.6720439208258302
38,8,2.0781824053202702,-5.4817951511874803
39,8,-11.8563585360156,24.584556329668398
40,8,5.7591138331308596,-8.4392483129084095
7,9,-6.7346960813623804,12.772834574970901
8,9,-10.994671863249801,16.111292128660899
9,9,35.355876080565899,-58.819213026807297
10,9,-10.044942103627299,10.183237650194
12,9,3.2069981339820899,-6.0823022103636903
13,9,5.2355580301189599,-7.6720439208258302
14,9,-12.0528257033041,23.159988490836099
38,9,3.5276979473802998,-6.6905324314000598
39,9,5.7591138331308596,-8.4392483129084095
40,9,-13.2581082736345,25.475987339919701
9,10,-10.044942103627299,10.183237650194
10,10,16.999132790753901,-17.2331711364608
11,10,-6.9541906871265997,7.0499337578265804
5,11,2.6073061716990175e-15,-2.2030698817865512e-15
10,11,-6.9541906871265997,7.0499337578265804
11,11,6.9541906871265891,-7.0499329061165357
12,11,2.3552573943640815e-15,-1.4065252655767136e-15
13,11,-2.7153380084922738e-15,6.5772861203107496e-15
14,11,1.9394434664820996e-15,7.2655033070160479e-16
15,11,-7.2918032770777047e-16,3.3316310780382737e-16
16,11,9.7590960546116827e-16,8.2916878468562753e-16
17,11,-3.4427622564756856e-16,-4.0793999417503317e-15
18,11,8.6388641187799065e-16,1.3432006397100967e-15
25,11,1.2797041281984043e-15,-2.8206861164111854e-15
35,11,-9.4281604326622706e-17,-1.6870075896212811e-15
36,11,-5.7389229572765587e-16,-2.7091189920112776e-16
37,11,-2.3470514161483033e-16,3.4514129584101421e-16
41,11,-1.9401262886020132e-16,-1.5677314133059708e-15
42,11,3.1983263629552559e-16,4.7798035776555135e-16
43,11,-1.117150884942582e-15,-4.274697874095933e-16
44,11,4.8622830082438334e-16,1.3703607325347595e-15
45,11,6.1214191915125876e-17,1.1790993162897838e-16
46,11,7.5789388441701983e-16,6.5474185400866584e-16
47,11,-3.0217699045011318e-21,2.5742595324793933e-21
48,11,1.8703809743985834e-21,6.9032970131815122e-22
49,11,4.731168677755089e-15,-3.3379410244338876e-15
50,11,7.0234608617937112e-20,-3.0327887076295202e-19
51,11,-4.117372286603432e-19,1.0292170602822157e-19
52,11,-2.4380428920155241e-20,-6.4783903033418749e-20
53,11,-5.4220989556207146e-20,-2.1837680126832731e-19
54,11,-7.3501935935552603e-20,-2.1615071565316699e-19
55,11,3.8499928556280624e-20,-7.8792233120860099e-20
56,11,3.0507250817771919e-15,7.7460632718757467e-17
57,11,-5.5841674126200124e-16,2.7612485504405973e-15
58,11,-8.7212530058333611e-15,-1.1319875829387251e-15
62,11,-3.1933150942625763e-34,-2.929121806057458e-32
63,11,-7.5362372951895259e-32,6.0306849477324216e-32
64,11,-1.8412252493207674e-31,-4.3699452497810491e-32
65,11,-3.7131579926725359e-33,-8.0923448240237828e-33
66,11,-2.2116107396536113e-31,-8.2431546259959032e-32
67,11,-6.5192770739582268e-32,-1.8911572927804698e-32
80,11,-2.6590656762173889e-32,-5.201653083594646e-32
81,11,8.4897019904256124e-33,2.200683045854513e-32
82,11,-2.6969976118471276e-32,-6.5962113751511612e-32
83,11,-1.3295328381086947e-32,-2.6008265417973411e-32
84,11,4.244850995212826e-33,1.1003415229272566e-32
85,11,-1.3484988059235592e-32,-3.2981056875756003e-32
86,11,-1.1884403490198197e-46,-8.0100170678578547e-47
87,11,1.7446080931878587e-47,-1.0021457238855899e-47
88,11,2.0371956490933962e-46,2.4098606106263264e-46
89,11,7.1022474601960554e-48,2.4500723944984305e-47
92,11,1.0141674441288531e-47,3.4180993747014895e-47
96,11,5.8812042086270428e-48,1.9337246409460815e-47
100,11,-2.3604507187428704e-47,-4.8578439473878286e-48
101,11,-2.065394378900013e-47,-4.2506134539643674e-48
102,11,8.8042729839567769e-48,1.4082003338892179e-47
103,11,-8.3432496574543839e-48,-1.9315229325857584e-48
104,11,-5.1359471013222966e-48,2.762914733198626e-47
105,11,5.6089196575071423e-47,-4.409334311665655e-47
106,11,4.1186303733780135e-47,-2.3926574841985489e-49
107,11,-9.3243900392651074e-47,-1.1420424885313607e-48
108,11,5.7189716817341457e-49,2.1068498960683048e-47
109,11,-1.9764648449276651e-15,-1.5898580735765645e-15
111,11,2.1825842339437567e-48,1.2942665291435046e-47
112,11,2.8275312518109825e-47,-3.0522971468223298e-48
113,11,7.0891881423409695e-48,-8.1897619451528757e-48
114,11,1.8082453269523459e-48,1.1571768221273433e-47
115,11,1.2679094209142271e-47,3.0046748567466256e-49
116,11,1.0658370711078442e-47,2.6445467811148857e-47
117,11,-1.2752257079829708e-47,-1.9934504141694018e-47
118,11,-5.4692942330590075e-47,-1.2460937304108403e-47
119,11,-3.5975711978586415e-47,3.8342597408358121e-47
120,11,5.3813585951117878e-47,2.8121609979556981e-47
121,11,-9.6343238621173381e-17,-1.2037749810445233e-14
122,11,-1.7912420458409759e-16,5.764750946301889e-15
123,11,8.8645444512024814e-15,-1.194645220112254e-14
5,12,-3.7313429805930324e-15,-1.6501991165785407e-15
7,12,-9.6835497135722903,21.569345221055599
8,12,1.8892567321093301,-4.9834501374431603
9,12,3.2069981339820899,-6.0823022103636903
11,12,3.9830693075962056e-16,4.9874708065761516e-15
12,12,12.790047335772311,-25.524605378654257
13,12,-1.8892567180225683,4.983449867732852
14,12,-3.2069981159968268,6.0823018013880414
15,12,-6.941267355705964e-16,-9.3627252366223341e-18
16,12,-3.1064975125918175,3.9552616776809475
17,12,2.0310829365250856e-15,4.7285204830641603e-16
18,12,4.0520438905322188e-15,5.9177628336521939e-16
25,12,-1.3409272688852099e-15,9.808189010624592e-16
35,12,7.6915607360395973e-16,2.6495202147382131e-16
36,12,6.2374665679279344e-16,6.8607330418934023e-16
37,12,-3.9084749063961038e-16,-1.7641880586218218e-16
41,12,3.1173906801023221e-16,-2.8117454624351543e-16
42,12,-1.5070859396683606e-16,1.2345929066745301e-15
43,12,2.6939376723498295e-15,-3.1579977602270263e-15
44,12,-7.8942652595182478e-15,3.9894280596897183e-15
45,12,-4.2362207898818939e-16,-5.1442923613847834e-16
46,12,-3.5927926876595547e-15,1.0000966663064941e-15
47,12,1.655918438239947e-20,-5.5527676925003483e-21
48,12,-8.5274712492045403e-21,-1.2162487980215545e-20
49,12,-4.2449743909322325e-15,-5.1311360749336224e-16
50,12,5.2424592438586709e-19,-2.1650468778418809e-19
51,12,-5.6277999642041956e-19,-4.2014190789331132e-19
52,12,6.5720088439760888e-20,-9.8272245209852724e-20
53,12,2.5319561924265266e-19,-3.1069045579754295e-19
54,12,2.1972704615528695e-19,-3.1378719979933762e-19
55,12,1.461720389991261e-19,-3.5181345018752094e-20
56,12,-2.9546587179694961e-15,5.1192369646246329e-16
57,12,3.2034505210496997e-15,-1.7317140259952935e-15
58,12,-3.6528031927848485e-15,2.8494163771280891e-15
62,12,1.7130334119377198e-31,-3.5438656984107704e-32
63,12,2.6366104993311451e-31,1.6500932553566367e-30
64,12,-4.0971317745359748e-30,-6.9449292678900894e-31
65,12,7.1966931424666903e-32,9.748207768649349e-32
66,12,-3.4218900185707569e-30,-1.1713542310281973e-30
67,12,-1.5169324214518539e-30,-3.8504036448546422e-31
80,12,-6.1615452703211588e-31,-9.4863097894520441e-31
81,12,-7.6781070814416706e-33,9.7915995115707226e-31
82,12,-5.1703635784421254e-31,-9.5560808918701672e-31
83,12,-3.0807726351605886e-31,-4.7431548947260501e-31
84,12,-3.8390535407209154e-33,4.895799755785356e-31
85,12,-2.5851817892210645e-31,-4.7780404459351117e-31
86,12,-3.2878936547563793e-45,-1.6467712066104586e-45
87,12,1.0898830908782371e-45,4.393729251849333e-46
88,12,3.8070457567002174e-45,3.4095415618218109e-45
89,12,2.5800171071481117e-46,3.4828427524672305e-46
92,12,4.3139601107029994e-46,5.3584739327859767e-46
96,12,2.8807811296456664e-46,3.3392241829074535e-46
100,12,2.7938146473067263e-47,1.541393116895826e-46
101,12,2.4445878163933814e-47,1.3487189772838493e-46
102,12,4.6453390577302392e-46,3.4207364075191906e-46
103,12,-2.0206811626936751e-46,1.8562466411786939e-46
104,12,1.3257823715233347e-46,3.8130602906723761e-46
105,12,1.2409679350142722e-45,-8.3005810058180035e-46
106,12,7.5259330229701246e-46,-9.3451223306864319e-47
107,12,-1.6752974037966465e-45,-1.3853598070175784e-46
108,12,-2.2645071172900275e-46,2.2059767471274092e-46
109,12,-7.785894206710764e-15,3.1876149227102571e-15
111,12,2.0864864389285364e-46,1.0224988740001559e-46
112,12,5.1533110640291198e-46,-1.7305936223212897e-46
113,12,-1.8545504683146247e-46,-2.8252496332696269e-46
114,12,1.8489263683795514e-47,-7.1310448665842807e-47
115,12,2.8761124558029109e-46,-7.2823475870535311e-47
116,12,1.3111962203425547e-46,4.1754312571832235e-46
117,12,-3.6133660489700542e-46,-3.039030516697197e-46
118,12,-1.6302029287719255e-45,1.3688867820384181e-45
119,12,-1.3090374600551269e-45,8.7356228268039895e-46
120,12,1.0925126569557828e-45,3.5713412764699462e-46
121,12,-4.1683407807249546e-15,-4.7280439516990371e-15
122,12,2.4268553606500472e-15,-1.1376804427535735e-14
123,12,-8.133547886536446e-16,-3.9646409579566589e-15
5,13,4.0218471075686693e-15,4.0860039171092466e-15
7,13,1.8892567321093301,-4.9834501374431603
8,13,-10.7785077600142,22.3495966633349
9,13,5.2355580301189599,-7.6720439208258302
11,13,2.2287514226095589e-15,-6.472336854874338e-16
12,13,-1.8892567180225543,4.9834498677328369
13,13,13.603647726659545,-25.213630123300689
14,13,-5.2355580301189732,7.6720433354171531
15,13,-2.8251399666451755,2.8640356689648767
16,13,-1.4086761096879478e-08,4.6590978438892441e-08
17,13,1.2160950401477285e-14,-7.3621032560592592e-15
18,13,6.3376911568279702e-15,-1.6844056626487528e-15
25,13,-1.6457649467750059e-15,-3.386541052652383e-16
35,13,-3.1832832784304533e-16,-2.2738274960761359e-16
36,13,5.339325656786462e-16,-1.3660371285779042e-15
37,13,-9.0580011100627889e-16,-2.4712000113542773e-16
41,13,2.3569384293769636e-16,5.9557942461894686e-16
42,13,-1.9797565709035915e-15,-2.142784579235227e-15
43,13,-2.4863359013715369e-15,-2.4209941340817032e-15
44,13,8.8364873152025576e-16,-5.8950949240328502e-15
45,13,-1.5559905409430019e-15,-6.3372659615868675e-16
46,13,8.4450921675039669e-16,1.3029422395090911e-15
47,13,-3.6332474422682896e-20,-2.9428491543801964e-21
48,13,1.2963067703142408e-20,2.2875062057204819e-20
49,13,6.0932647725784391e-15,1.4541719783256508e-15
50,13,1.5129602125252196e-18,1.0812434106985012e-18
51,13,2.899810559519354e-19,-2.6014909873007016e-18
52,13,4.1551950517582583e-19,2.2261838838076965e-21
53,13,1.3467884820669432e-18,1.9125451454814697e-19
54,13,1.3773486009923859e-18,4.2808847139680323e-20
55,13,3.6735022320812256e-19,3.9758428933205064e-19
56,13,-4.074782336201592e-15,2.4914763045881411e-15
57,13,-1.2907715464864702e-14,8.505835674811277e-15
58,13,6.5812601246609923e-16,-2.4299699549553496e-15
62,13,-5.4507458225226996e-31,4.2399290866891015e-32
63,13,4.7678555169489584e-31,-1.7381502068716193e-30
64,13,4.0700612462128648e-30,9.6307373169627086e-31
65,13,-1.6416889209115279e-31,-8.527534983189684e-32
66,13,3.2234276144396192e-30,1.8409432955447105e-30
67,13,1.4855151563285822e-30,4.8148470753296933e-31
80,13,5.2940902003003946e-31,8.91140885024489e-31
81,13,1.0733405061219863e-31,-8.7135133589937952e-31
82,13,3.8214881842096492e-31,1.0513330420788243e-30
83,13,2.6470451001502035e-31,4.455704425122473e-31
84,13,5.3667025306099251e-32,-4.3567566794968932e-31
85,13,1.9107440921048211e-31,5.2566652103941502e-31
86,13,3.1358775057293442e-45,1.9699727279320099e-45
87,13,-1.3073985800519231e-45,-6.1720073954522684e-46
88,13,-2.7852918428080548e-45,-3.8433140788026306e-45
89,13,-1.6671312737966456e-46,-4.184359610819813e-46
92,13,-3.2251090098955894e-46,-7.0094847901783661e-46
96,13,-2.378586247439825e-46,-4.6874621939689709e-46
100,13,-5.4792726093430469e-48,-1.3059215619516343e-46
101,13,-4.7943635331750774e-48,-1.1426813667076808e-46
102,13,-4.0717580672305757e-46,-4.7031720554352984e-46
103,13,2.2194903648171118e-46,-1.3384631014986034e-46
104,13,-4.0067829036932751e-47,-3.8499428746849152e-46
105,13,-1.3266799918028771e-45,4.424372102947723e-46
106,13,-7.2891918031115829e-46,-1.1458772291840492e-46
107,13,1.7953051598115605e-45,6.0300367438472579e-46
108,13,2.3101243471886479e-46,-1.5940385931696428e-46
109,13,-8.9109586037971751e-15,8.6273236345627739e-15
111,13,-2.3891519628327646e-46,-2.4894243264602087e-46
112,13,-5.9083882353483551e-46,5.7730314370480029e-47
113,13,2.1999147034548954e-46,2.7983563227104918e-46
114,13,-9.9586369134712599e-47,-3.9602569723365358e-48
115,13,-3.2519390527133319e-46,3.3456592725159762e-47
116,13,-8.2747345708323483e-47,-4.5658256694278279e-46
117,13,3.4126167334515133e-46,3.7323436403033497e-46
118,13,1.8865051469072438e-45,-1.1758767200035984e-45
119,13,1.3717969067041896e-45,-9.7068047353130417e-46
120,13,-1.10329851765065e-45,-4.5254725194581617e-46
121,13,1.3547581694395884e-14,1.5346609850790032e-15
122,13,4.5541495306892721e-15,9.3182569895011782e-16
123,13,1.9257721109346784e-15,2.1250632713773816e-15
5,14,-2.5975818031300908e-15,-1.2693902625217324e-15
7,14,3.2069981339820899,-6.0823022103636903
8,14,5.2355580301189599,-7.6720439208258302
9,14,-12.0528257033041,23.159988490836099
11,14,-1.0907657247159349e-15,-3.8517770978767434e-16
12,14,-3.2069981159968273,6.0823018013880557
13,14,-5.235558030118975,7.6720433354171478
14,14,12.052825703304164,-23.159986579557906
15,14,4.1424720219488599e-16,6.40483837578624e-17
16,14,-1.7985283695585927e-08,3.6843732923819451e-08
17,14,1.3873723895693839e-14,6.9541862658613448e-15
18,14,7.4782404007766775e-15,-1.2551478232596345e-15
25,14,2.5177829835378518e-15,-5.5664447375366561e-15
35,14,-6.5200647702445006e-16,-9.0349941474322153e-16
36,14,-1.7328937631313808e-16,4.4605840464360176e-18
37,14,-1.0241916236880986e-15,-4.1440323064859419e-16
41,14,-1.5473928315082058e-15,-8.6243609591989088e-16
42,14,5.4582644553322016e-16,1.1571192325225725e-16
43,14,-5.8391260265992161e-16,6.2641577534065568e-16
44,14,-3.0781731146771101e-15,-2.4684501171064027e-15
45,14,-1.1633742217179354e-15,2.0265717808131359e-16
46,14,-1.8362809149993403e-15,1.9742480156138569e-15
47,14,-1.9958364095809095e-20,-6.8765817331698448e-21
48,14,5.7778805476558526e-21,1.3439138224164279e-20
49,14,-6.8137862567057868e-15,-1.3910709093110214e-14
50,14,1.4764619749060751e-18,8.7628123206769057e-19
51,14,9.4719256738901368e-20,-2.3705344298970713e-18
52,14,3.8084240277629995e-19,-2.5617849327247875e-20
53,14,1.2457551736899103e-18,7.3534094697240994e-20
54,14,1.2608404921217961e-18,-4.924574712485826e-20
55,14,3.6033498838411993e-19,3.3377477547210356e-19
56,14,-2.4815812887663199e-15,-4.7197249707252022e-15
57,14,-2.5108925770929773e-15,5.3867794277916751e-15
58,14,-1.6236997953903228e-16,-2.5869436734436732e-15
62,14,-5.4658921597808293e-32,-1.9542250832283779e-32
63,14,3.2168488779712172e-31,-3.6927018683795321e-31
64,14,1.053554412308255e-30,1.9576167159581459e-31
65,14,-3.7143095528080145e-33,-2.3595377153237343e-32
66,14,1.0174756167989577e-30,-2.7746238681492452e-31
67,14,3.7611232154571706e-31,9.7427452071142138e-32
80,14,1.3550797858326154e-31,3.3727012723170212e-31
81,14,1.0648631564047426e-32,-2.1412669352166267e-31
82,14,9.54237036721415e-32,3.7613471431959345e-31
83,14,6.7753989291630824e-32,1.6863506361585207e-31
84,14,5.3243157820236423e-33,-1.0706334676083127e-31
85,14,4.7711851836070466e-32,1.8806735715979773e-31
86,14,3.8873298624718652e-46,5.8735975213577644e-46
87,14,-6.2183761513106217e-47,-4.1852346327883363e-46
88,14,-1.0797713469414619e-45,-6.4657735879139229e-46
89,14,-7.6037222962295104e-47,-7.1893616389996285e-47
92,14,-5.9053741839024154e-47,-1.170776307845004e-46
96,14,-4.4364784702625022e-48,-7.6571612377057301e-47
100,14,8.7936933250818658e-47,-6.1081778625153318e-47
101,14,7.6944816594466416e-47,-5.3446556297009151e-47
102,14,-4.7067801696537676e-48,-4.7759430547892667e-47
103,14,1.7880896138303269e-47,-6.1373088366322375e-48
104,14,-5.1639338202047398e-47,-9.6484284514371756e-47
105,14,-1.4402013187270725e-46,2.6382687323677651e-46
106,14,-2.2131512988916296e-46,1.8719693990239711e-46
107,14,2.1204055245710736e-46,-2.0409222636594037e-47
108,14,6.0507993357288762e-48,-4.8034342192192562e-47
109,14,1.2270631967914573e-14,-5.1481436043125712e-16
111,14,6.2871955192820044e-47,-1.4855956195930162e-46
112,14,-9.3990361961584868e-47,4.1695076181965832e-47
113,14,-5.1009691332562216e-48,1.3426813819453605e-46
114,14,4.8553663857722267e-48,-7.2433952730144711e-47
115,14,-9.076519539319999e-47,1.9420202737689426e-47
116,14,-8.6188163587254319e-47,-5.85932963117801e-47
117,14,1.435097200019209e-46,9.6775206757894383e-47
118,14,6.5307141793141122e-46,-2.1367756601062175e-46
119,14,4.4694815093196977e-46,1.473217686089137e-46
120,14,-2.058632090044046e-46,-1.2711770830063568e-46
121,14,-1.287590595191094e-15,1.5587871119305956e-15
122,14,-1.7331831186712777e-15,2.0253983143950029e-15
123,14,-6.9961031951768244e-15,1.0490526445233183e-14
5,15,-9.1393899655541062e-18,1.1178604409553457e-16
11,15,-8.5460682140249399e-16,6.9326043161030854e-16
12,15,-3.5291503909917536e-16,-1.0172096528567353e-16
13,15,-2.825139966645176,2.8640356689648767
14,15,7.5908294182744664e-16,1.3761177124017558e-15
15,15,2.8251399666451835,-2.8640352739689132
16,15,1.0235240561200111e-16,3.5776071494933505e-16
17,15,8.0458079170099307e-16,-1.2021242743776944e-15
18,15,2.20317339841603e-16,-9.0459432252037863e-16
25,15,-6.444246893284766e-16,-4.5084992933121155e-16
35,15,9.2229398628720733e-19,-1.0009464487503122e-16
36,15,-7.2298069213225128e-17,5.0876961669938887e-18
37,15,-2.9714974103118114e-18,-2.5470609504374096e-17
41,15,-1.3480966624195535e-19,-1.1815402464236934e-16
42,15,-1.060390454209465e-16,1.7940451149930154e-16
43,15,-4.849108953703035e-16,-4.4979840926729149e-17
44,15,-2.328256743202539e-17,5.9327975880428701e-17
45,15,-1.7964009577008612e-16,8.760627368808396e-17
46,15,-1.3401126868299891e-16,1.5780133636253518e-16
47,15,3.5210322327169544e-31,1.1250665798102346e-30
48,15,-1.621261307314634e-30,-1.1223680065408662e-30
49,15,-1.2854898141973819e-15,-6.7876530942915149e-16
50,15,2.200357477599008e-30,1.9447000412192457e-30
51,15,-4.2354116870207356e-30,-1.0151462990394285e-30
52,15,-9.580496322097922e-32,-6.3973039936700043e-31
53,15,1.0123636477834708e-30,1.4971204506740038e-30
54,15,-1.7089892552972989e-30,4.5528181740782493e-31
55,15,3.4810126721622409e-31,-2.4965922615559448e-30
56,15,-4.4584782212083177e-16,1.3388980293966542e-15
57,15,-8.9074390541068182e-16,3.3403246043510198e-16
58,15,-1.7997536218381826e-15,-3.8464067636128964e-16
62,15,-1.3511544005592297e-32,1.2332869878203212e-32
63,15,-1.5327367244285131e-32,-2.2672871505686137e-32
64,15,8.4619607375309799e-33,-1.6688591332616209e-32
65,15,-5.2083693561847494e-33,2.9867633709376001e-33
66,15,6.7089663226693482e-32,1.5393393139891206e-31
67,15,4.1941540603215644e-33,-5.1944698211839648e-33
80,15,-3.2360984846398242e-32,4.562993652815266e-32
81,15,5.3843541384933862e-32,-4.4500867070039272e-32
82,15,-8.6888424260463177e-33,4.81231585517346e-32
83,15,-1.6180492423199192e-32,2.2814968264076415e-32
84,15,2.6921770692466931e-32,-2.2250433535019603e-32
85,15,-4.3444212130232293e-33,2.4061579275867396e-32
86,15,3.1593106403457949e-47,5.6863418300773189e-47
87,15,-4.4673182241496049e-48,5.1633333954534023e-47
88,15,-2.3678893676332943e-47,-2.4256324314435725e-46
89,15,4.1936496030085144e-48,-8.9012948889620597e-48
92,15,-9.0344777573469574e-50,-1.6866776824764915e-47
96,15,-3.7112302636850737e-48,-1.2282763780903541e-47
100,15,2.0030961408698279e-47,1.1909711677119747e-47
101,15,1.7527091232611003e-47,1.0420997717479799e-47
102,15,-8.9296427447618638e-48,-3.1862981236486687e-48
103,15,9.7976763759008485e-48,3.0229902829452348e-48
104,15,7.7734168084633664e-48,-3.3409062932612053e-48
105,15,-5.3088413832370148e-47,-3.0529730720464382e-47
106,15,2.9563962424515727e-48,-1.2232908441381397e-47
107,15,7.4411395177840754e-47,3.7388718093038094e-47
108,15,-4.4858419380318212e-48,1.063414547287215e-49
109,15,1.7104923678508736e-16,1.7415860724582185e-15
111,15,-1.2408868767975492e-47,2.2751867376010646e-49
112,15,1.7952151556875622e-48,-8.1869677734546441e-48
113,15,6.5261105187831977e-48,6.544502327461963e-48
114,15,-1.0582323744107064e-47,1.3363482670387493e-47
115,15,4.3734545980789599e-48,-5.1667180475712642e-48
116,15,1.8447592192609274e-48,-4.706075967098432e-48
117,15,5.9267381006466728e-49,4.4813685097849798e-48
118,15,2.9986819569297135e-47,1.4210354898169707e-47
119,15,1.5708094304867295e-47,-1.4349402712512814e-47
120,15,-1.2187812771596986e-47,-2.9321550366687212e-47
121,15,1.7806903299865192e-15,-3.3013890629270561e-17
122,15,2.9084515730462422e-16,7.6624547086103024e-16
123,15,4.927555211349236e-16,1.4020182615209268e-16
5,16,-1.2403681192725549e-15,-8.5965187513078124e-16
11,16,1.331517976809165e-17,1.9046465657248209e-15
12,16,-3.1064975125918162,3.9552616776809493
13,16,-1.4086767957559763e-08,4.6590976656230123e-08
14,16,-1.7985281488323976e-08,3.6843727263343534e-08
15,16,3.7356459217761429e-17,5.5022902661175635e-17
16,16,10.640203980704142,-11.592689118197759
17,16,-7.5337065777204852,7.637428237645473
18,16,3.6472871893403299e-15,1.669376347257414e-15
25,16,2.8650475234495648e-17,-3.8941785510823297e-16
35,16,1.8793549922702202e-16,2.8714065242045382e-17
36,16,3.0965071011124628e-16,2.1488499967903921e-16
37,16,-3.8482670140934797e-16,-3.5464271765577857e-16
41,16,-2.9705057029747019e-17,-1.6595282947258273e-16
42,16,-2.7120432480731457e-16,5.8543660016750702e-17
43,16,1.441854026773974e-15,-1.228318787813745e-15
44,16,-3.7001558414652244e-15,-1.0445953488358759e-15
45,16,-3.9717478038397955e-16,-5.2281334700448294e-16
46,16,-1.9546204098083294e-15,2.2319967733708244e-16
47,16,-4.1120472997388812e-23,-4.7954280784558569e-21
48,16,-1.1313607021231854e-21,2.6459076365565234e-22
49,16,-5.9125555748020608e-16,-2.5211279401748983e-15
50,16,5.7570745738240295e-19,4.8712027222538922e-19
51,16,2.1913409362999301e-19,-9.9123676117919223e-19
52,16,1.6502623014846182e-19,1.8635507249945182e-20
53,16,5.2965731312374034e-19,1.223264835911432e-19
54,16,5.4094451855475035e-19,7.7680012335431859e-20
55,16,1.2825056000426898e-19,1.6733164289883323e-19
56,16,-1.73017579843967e-15,-1.4953950694642231e-15
57,16,-1.1943503157068002e-15,9.2982917832093492e-16
58,16,-9.5270276763361605e-16,2.8575235237882458e-16
62,16,-5.8547447443727631e-33,-2.3937746386918672e-32
63,16,9.9916243373079197e-32,4.7517303434547385e-31
64,16,-9.0091745206639484e-31,-4.4208236969377463e-31
65,16,-1.068135184083361e-33,2.4996600238332427e-32
66,16,-6.9032339519170808e-31,-6.0484843861750173e-31
67,16,-3.2807788792916269e-31,-1.9721125038874368e-31
80,16,-6.3538995074481374e-32,-2.7728781723756261e-31
81,16,-1.0094460069554844e-31,2.579707378624735e-31
82,16,-7.025837375190057e-32,-2.5137277448013012e-31
83,16,-3.1769497537240725e-32,-1.3864390861878205e-31
84,16,-5.0472300347774218e-32,1.289853689312366e-31
85,16,-3.5129186875950187e-32,-1.2568638724006576e-31
86,16,-7.4162131778669327e-46,-6.3286721555679361e-46
87,16,2.5677374691893273e-46,9.6845993792441185e-47
88,16,7.0339428654055826e-46,1.2023826697388391e-45
89,16,4.2382438853937701e-47,9.9898009038667089e-47
92,16,8.4843120003120758e-47,1.5210441227327191e-46
96,16,6.3841260492865784e-47,9.3897008388896596e-47
100,16,6.6611824601193626e-48,3.7780960506128363e-47
101,16,5.8285346526044288e-48,3.3058340442862351e-47
102,16,1.1213625953781145e-46,1.1682027717741276e-46
103,16,-7.2527056017705003e-47,3.609265713080079e-47
104,16,6.8107652672040136e-48,1.0133562203010221e-46
105,16,3.9857117793003035e-46,-1.1019721026774718e-46
106,16,1.7554747721086208e-46,3.8304517693443805e-47
107,16,-4.3223104252935583e-46,-1.4102176269420737e-46
108,16,-7.9348041845956938e-47,3.9366274757935156e-47
109,16,-3.3763929023503344e-15,8.8969842361907485e-16
111,16,7.5333886920169017e-47,7.5905592472953124e-48
112,16,1.3120892280815956e-46,-1.4195768083545775e-47
113,16,-2.8203041103859947e-47,-7.4763233599321586e-47
114,16,1.6698486950792901e-47,-4.7560591296509078e-47
115,16,6.2906847485047384e-47,-1.2656470810717439e-48
116,16,-7.5305043073195442e-48,1.0798093933206782e-46
117,16,-5.7566716801895052e-47,-8.4393986385558067e-47
118,16,-4.3630657955156513e-46,2.5151058085108699e-46
119,16,-3.6908547538436504e-46,1.517626864554553e-46
120,16,2.3761771292877274e-46,1.6691173292601229e-46
121,16,-6.6267062007595366e-17,-1.6766450343384964e-15
122,16,3.0254966287461791e-15,-4.029128581586387e-15
123,16,-1.5546137022188203e-15,-3.1174420673820885e-16
5,17,-3.6624276329531301e-16,-2.9798275048809887e-15
11,17,2.4411573185322786e-15,-5.0022198314659831e-15
12,17,1.2523732623580288e-15,2.4645670074241655e-15
13,17,1.022545217242675e-14,-1.2801125495726501e-15
14,17,4.5434190714846624e-15,8.754559186246062e-16
15,17,1.0672017844889814e-15,-6.9364025987470601e-17
16,17,-7.5337065777204879,7.6374282376454721
17,17,11.010801921283687,-11.16239412954361
18,17,-3.4770953435633092,3.524966928762538
25,17,1.5093860430937933e-15,1.4607851222380894e-15
35,17,-1.6381717117866213e-15,-1.8968982121679003e-15
36,17,-7.3576280528894075e-16,-1.7816286119262374e-15
37,17,-4.35655067461571e-16,5.7414476591713208e-16
41,17,-1.7413904630130022e-15,-8.231213878879115e-16
42,17,1.8175855623301011e-15,-3.783264665547112e-16
43,17,-4.7713062626899704e-15,-4.2073605719798059e-16
44,17,9.1638196960855025e-15,-2.0301263955478426e-15
45,17,6.3471985602345454e-16,9.6359017664882669e-16
46,17,5.8800836147529106e-15,-4.652500505331839e-16
47,17,-2.1729622232236797e-20,1.8876980406209915e-20
48,17,1.5795874124034346e-20,4.799511686818152e-21
49,17,2.3068356565291278e-15,3.99348810016997e-15
50,17,-2.5224375028367568e-19,-3.5112048679920726e-19
51,17,-3.2759671011733397e-19,4.5356930195382756e-19
52,17,-8.7977513852572301e-20,-4.2084367390055862e-20
53,17,-2.6458423500814094e-19,-1.4941191949838717e-19
54,17,-2.7971143750095819e-19,-1.5407840906703054e-19
55,17,-3.2175645551754676e-20,-1.0822915734335637e-19
56,17,-2.7614065176478427e-15,8.0909025885921532e-15
57,17,-7.2093796192041116e-15,8.1764481944911682e-15
58,17,2.7503460072631518e-15,8.2996869971886811e-17
62,17,-1.6878581777452987e-30,1.0320241578634202e-30
63,17,-2.5376481434298233e-30,-4.8425269705915806e-30
64,17,1.6730161178510199e-29,-3.4701407759058508e-30
65,17,-7.8568051515099635e-31,3.6933881879416979e-32
66,17,1.3682797626671042e-29,-5.1421878690521341e-31
67,17,6.4141533479850679e-30,-8.5450384959614972e-31
80,17,3.8366199344485892e-30,1.7613785269956653e-30
81,17,-1.6834980203301152e-30,-2.5517901903682693e-30
82,17,3.2359705036207658e-30,2.7755903718333528e-30
83,17,1.9183099672243027e-30,8.8068926349784121e-31
84,17,-8.4174901016505705e-31,-1.275895095184134e-30
85,17,1.6179852518103871e-30,1.3877951859166869e-30
86,17,1.4603877089690289e-44,1.0413382615855753e-45
87,17,-5.3608530115256442e-45,-2.8296471098829197e-46
88,17,-1.6674727268731028e-44,-6.975504997943164e-45
89,17,-1.2778557258593282e-45,-9.1352723116392164e-46
92,17,-2.125912206838956e-45,-1.4601553889781677e-45
96,17,-1.4141194222198403e-45,-9.4045775688289143e-46
100,17,-1.9927747272417088e-46,-3.0747599188751297e-46
101,17,-1.7436778863364944e-46,-2.6904149290157414e-46
102,17,-2.1686923391602724e-45,-7.3383549218443639e-46
103,17,1.816554904105611e-46,-7.4919990727044297e-46
104,17,-8.5787507225758556e-46,-1.269824137634415e-45
105,17,-3.2575948516472242e-45,4.5432950447664377e-45
106,17,-2.6206896110112332e-45,1.6150691325633279e-45
107,17,6.5146149329705035e-45,-1.3429041294974667e-45
108,17,5.0398254977489329e-46,-1.0961087841197082e-45
109,17,3.2033064152321312e-15,-4.1940938467755054e-15
111,17,-6.5006039487629224e-46,-5.4846029182463101e-46
112,17,-1.6381391606217958e-45,1.4364711569459858e-45
113,17,6.1848518998293065e-46,1.0527749641086104e-45
114,17,2.1824608055496422e-46,-2.1707446510767722e-46
115,17,-9.3172188530643568e-46,8.00749136549012e-46
116,17,-1.464862462679174e-45,-1.1367141396151399e-45
117,17,1.6642257755238887e-45,7.4672281506819021e-46
118,17,3.2259594650546184e-45,-7.6301509365119326e-45
119,17,3.1421462212680613e-45,-4.9907196690249118e-45
120,17,-4.4389813453561847e-45,9.8439415167357814e-46
121,17,1.09435448987439e-15,-3.9418272948964526e-15
122,17,5.7457671750410744e-15,1.0910239073096893e-15
123,17,1.5317207936851816e-14,1.9263642728484651e-15
5,18,1.5648044610283576e-15,1.2601247093103593e-16
11,18,2.2542003424520789e-16,4.2667794364764771e-17
12,18,1.9034969586707765e-15,1.8533935282844954e-15
13,18,9.896135114946643e-16,2.3813214449256309e-15
14,18,4.9203942026922887e-16,-4.2878734462665937e-15
15,18,5.338350737831654e-16,4.0435280637976741e-16
16,18,7.3224900455631356e-16,6.0323401644217353e-16
17,18,-3.4770953435633136,3.5249669287625349
18,18,3.4770953435633478,-3.5249662868941511
25,18,-2.5597765092930353e-15,-1.6175900333481244e-15
35,18,2.1281662045843882e-15,5.8256921240599239e-17
36,18,2.1615443618133234e-15,2.2224362648924487e-17
37,18,-4.5453850170237528e-15,1.0431261227910271e-15
41,18,9.8990177893411644e-16,-6.0777669458584471e-17
42,18,1.4102581565920991e-15,1.1680742583747137e-16
43,18,2.0226683587155058e-15,-1.5136153089843137e-16
44,18,-6.882078572976139e-15,6.6664985763646724e-16
45,18,1.7469108921868917e-16,-1.4833404923423381e-16
46,18,-1.4199124483283989e-16,-4.8522543772386623e-16
47,18,2.5926592518837456e-21,2.4959044070871311e-21
48,18,3.1886201208537142e-22,-1.7923908275121417e-21
49,18,5.7614612950233587e-16,1.6142104622474818e-15
50,18,2.6438676656526793e-21,2.895647187725283e-21
51,18,-6.5168389264326995e-21,2.9109544191974396e-21
52,18,-2.986989982480859e-22,-2.2594467194265788e-23
53,18,2.328710949383593e-21,-6.8627470541472653e-22
54,18,-1.4534986872542769e-21,-2.8320175240793361e-22
55,18,3.6547152248941775e-22,-7.0311737420574142e-22
56,18,2.0719415571698822e-15,2.705818555798299e-15
57,18,2.4904027272711064e-15,4.5321511841761767e-15
58,18,-2.892577187657892e-15,-3.6938146223406985e-15
62,18,-1.7085379268463593e-31,-3.3903357937738591e-31
63,18,2.0159363667356445e-31,-2.9538263072416241e-31
64,18,8.4366535237970846e-31,1.6247987733987891e-30
65,18,-4.5639681192557619e-32,-1.4908268229770867e-31
66,18,7.1306957108444013e-31,6.5890009100510318e-31
67,18,2.8196656706469759e-31,6.4310394004480867e-31
80,18,-1.3101561059107662e-31,4.7625737549676304e-31
81,18,2.4161574064713541e-31,-2.076468161022958e-31
82,18,-2.3255990144877594e-31,5.1441802151010976e-31
83,18,-6.5507805295539196e-32,2.3812868774838275e-31
84,18,1.2080787032356755e-31,-1.0382340805114788e-31
85,18,-1.1627995072438922e-31,2.5720901075505576e-31
86,18,2.2035646016440421e-47,1.6367364242678504e-45
87,18,3.5490067704655983e-46,-1.0090025549545195e-45
88,18,-2.7214823883122326e-46,-1.3532404451601923e-45
89,18,2.9459023142546831e-47,-1.510531032747133e-46
92,18,5.6867142585013772e-47,-1.667145499113985e-46
96,18,4.1886470932496523e-47,-6.7195519807932191e-47
100,18,-1.145140116529772e-47,7.580313265996861e-47
101,18,-1.0019976019635557e-47,6.6327741077472583e-47
102,18,-6.3254180274728644e-47,-2.9053361700287848e-46
103,18,1.3639105912341444e-46,-5.0386662957126838e-47
104,18,1.3904734901017879e-47,-1.7759278038595223e-46
105,18,-4.1910934666348881e-46,1.879594203017454e-46
106,18,-1.6762607542470651e-46,-1.1735004417912445e-46
107,18,2.777753777889208e-46,4.1110610090658629e-46
108,18,8.6504813176563402e-47,3.8530741218451763e-47
109,18,-3.4091520135281834e-15,-3.959176139251818e-15
111,18,2.7746339421788176e-47,-4.7983291439480495e-47
112,18,-1.7901462791663408e-46,-2.5053907768167999e-47
113,18,-1.3902951771697425e-47,1.3405541819852076e-46
114,18,-2.2495788184010928e-47,-3.2025597331354941e-48
115,18,-1.2086608829178244e-46,-8.4502528481534286e-48
116,18,1.1270617769856841e-46,-1.6557097584252267e-46
117,18,6.913192762602512e-48,1.6419011281176375e-46
118,18,9.7907188111437864e-46,7.066895020592725e-47
119,18,9.8354865790672494e-46,1.4743834293393834e-46
120,18,-3.1173365384495738e-46,-4.573887858206241e-46
121,18,-5.1791123923324371e-16,1.4465304755392255e-15
122,18,6.0288015103466399e-15,-1.6779502095586658e-15
123,18,1.4863352250137172e-15,1.2636826017651753e-15
19,19,2964103.53191124,-6146167.2895428203
20,19,-1439784.3265436201,2109821.13836793
21,19,-519549.07833474799,1370455.91330728
29,19,-2964089.6340039,6146139.08241711
30,19,1439778.4582827201,-2109812.0782271
31,19,519545.60133006697,-1370448.7877968701
35,19,-4.01760856776803,7.7199961636120404
36,19,1.0689993779940301,-2.0274340701212301
37,19,1.7451860100396599,-2.5573479736086102
108,19,-9.8802987800129891,20.4871302747237
109,19,4.7992615276090502,-7.0327069274236704
110,19,1.7318186711002199,-4.5681626259895696
19,20,-1439784.3265436201,2109821.1383679402
20,20,3314541.34468209,-6369025.2547504399
21,20,-881928.05634560704,1672640.34444365
29,20,1439778.4582827201,-2109812.0782271
30,20,-3314527.0684086201,6368996.83497993
31,20,881924.48684507399,-1672633.1078500201
35,20,1.0689993779940301,-2.0274340701212301
36,20,-3.2278499045241,7.18978174035185
37,20,0.62975224403644403,-1.66115004581439
108,20,4.7992615276090502,-7.0327069274236802
109,20,-11.0484235613621,21.2299894499331
110,20,2.93974828948358,-5.5754436928333897
19,21,-519549.07833474799,1370455.91330728
20,21,-881928.05634560704,1672640.34444365
21,21,2663003.7080686898,-5931612.4324113298
29,21,519545.60133006697,-1370448.7877968701
30,21,881924.48684507399,-1672633.1078500201
31,21,-2662976.17123238,5931569.9357902799
35,21,1.7451860100396599,-2.5573479736086102
36,21,0.62975224403644403,-1.66115004581439
37,21,-3.59283592000472,7.4498655544449797
49,21,-15.067413155441001,15.2748564752909
108,21,1.7318186711002199,-4.5681626259895696
109,21,2.93974828948358,-5.5754436928333897
110,21,-8.8765872374412709,19.771899785967602
22,22,2964096.73527369,-6146154.8999367096
23,22,-1439780.8100813499,2109816.5385820102
24,22,-519546.98678500397,1370452.4423269399
35,22,-2964089.6340039,6146139.08241711
36,22,1439778.4582827201,-2109812.0782271
37,22,519545.60133006697,-1370448.7877968701
50,22,-7.1012697899530099,15.817519828774101
51,22,2.3517986315868602,-4.4603549542667098
52,22,1.3854549368801801,-3.65453010079165
22,23,-1439780.8100813499,2109816.5385820102
23,23,3314535.9071474699,-6369013.8189712502
24,23,-881928.326254296,1672638.7340154799
35,23,1439778.4582827201,-2109812.0782271
36,23,-3314527.0684086201,6368996.83497993
37,23,881924.48684507399,-1672633.1078500201
50,23,2.3517986315868602,-4.4603549542667098
51,23,-8.8387388490896601,16.983991559946499
52,23,3.83940922208724,-5.6261655419389403
22,24,-519546.98678500397,1370452.4423269399
23,24,-881928.326254296,1672638.7340154799
24,24,2662984.0754713998,-5931586.3254942698
35,24,519545.60133006697,-1370448.7877968701
36,24,881924.48684507399,-1672633.1078500201
37,24,-2662976.17123238,5931569.9357902799
50,24,1.3854549368801801,-3.65453010079165
51,24,3.83940922208724,-5.6261655419389403
52,24,-7.9042390240103897,16.389704219778899
5,25,-1.0039538585130942e-15,-3.2021859964971234e-16
11,25,-2.9537717984993755e-15,3.8537125429786871e-15
12,25,1.5659409735186576e-15,1.0229487915939262e-15
13,25,-1.4863797653591352e-15,4.2297248675995262e-16
14,25,-1.4609570831364217e-15,-1.1361607806690801e-16
15,25,3.7498592106110154e-16,-7.4416239979250094e-17
16,25,-1.3276472852604416e-16,4.9120678092743205e-16
17,25,1.2699005613999943e-15,4.9362130214868372e-15
18,25,1.9592079582829749e-15,6.3728532858105055e-16
25,25,3.4859655064808948,-3.5400529856697673
35,25,-1.8851511672345775e-16,-1.7934864920427886e-16
36,25,2.7648285221266258e-16,2.8702798781604225e-16
37,25,5.044949056459319e-17,-2.5121050838859656e-17
41,25,8.1178452854249282e-17,-6.6309526572822564e-17
42,25,-3.2650738368579982e-16,1.5224633605738955e-17
43,25,4.5257349065652075e-16,-1.1983050991169789e-16
44,25,2.0161359364750205e-16,1.7284206066152999e-16
45,25,4.768505501335806e-17,-8.6534864913156143e-18
46,25,-3.0363718679836761e-17,-6.3803649553950516e-18
47,25,-2.0796465093316508e-21,-2.6084208183979818e-22
48,25,-1.0743854346516339e-24,2.9384624811273955e-24
49,25,-2.4105050874970649e-15,3.9592775194655116e-15
50,25,1.329246012740178e-24,-4.3258652841569056e-26
51,25,-1.4833226187591069e-25,5.0223778304832003e-24
52,25,-3.791875651977435e-25,3.4525846943210023e-25
53,25,1.437271035640597e-25,-1.5362107430398726e-24
54,25,-7.814057484340511e-25,1.1729765436942344e-24
55,25,-5.1303151168919268e-25,3.1090945540544745e-25
56,25,-1.1562385466259627e-15,1.6306497952893033e-15
57,25,-2.0060121410630808e-15,2.5881717931864479e-15
58,25,-5.8625822839967891e-16,1.1280260668482189e-15
62,25,7.9011477202823756e-20,1.110523105369948e-19
63,25,8.1690840078321278e-20,1.1819964897333766e-19
64,25,8.7543168605589419e-20,1.2645332229431638e-19
65,25,2.8916337970352106e-20,4.603075973781305e-20
66,25,-4.7854801062387777e-16,-3.8285336191627028e-16
67,25,2.9649276326136412e-20,3.808482215869989e-20
80,25,-4.7936571489343112e-16,8.0420395975444592e-19
81,25,4.4828627247845573e-16,-6.0722678043802468e-16
82,25,-1.1245329526687932e-15,-5.9381642763584097e-16
83,25,-2.3968285744671655e-16,4.0210197987547089e-19
84,25,2.241431362392286e-16,-3.0361339021901214e-16
85,25,-5.6226647633439757e-16,-2.9690821381792374e-16
86,25,-2.5835517875931803e-16,-5.4764868864805765e-16
87,25,9.8501865152522985e-16,2.115115041293185e-16
88,25,-1.0753758259117401e-15,4.3578708100470224e-17
89,25,4.9521402784479884e-17,-2.4558552057717159e-16
92,25,5.1038387815669927e-17,-2.793569487214795e-16
96,25,1.7754244364089701e-17,-1.1906735146401411e-16
100,25,-3.285645851778788e-17,-1.2847003817658868e-16
101,25,-2.8749401203064343e-17,-1.1241128340451519e-16
102,25,-6.2633371171503314e-17,5.0940388071994616e-16
103,25,1.1028730642753336e-15,3.3707335390286242e-16
104,25,-6.5889829766813064e-16,-2.7686659358492969e-16
105,25,1.1899578290837307e-15,1.3031653224549674e-15
106,25,1.5123721369837613e-15,2.0750440311072506e-15
107,25,-3.4133919339104096e-15,-1.2705560374616278e-15
108,25,-3.4643135466250472,3.5180658879315678
109,25,-1.2641969220822118e-15,-2.2740957206779384e-15
111,25,-1.1607646881336881e-15,-1.7415008634458325e-16
112,25,-2.0626414574369328e-16,-5.6741298592961503e-16
113,25,1.0805726993004666e-15,1.0895794671368455e-15
114,25,-3.8037010582309691e-16,8.8850309513100835e-17
115,25,-1.0514011144055264e-16,-5.070551643868254e-16
116,25,4.4466097457314197e-16,5.0012499556730549e-16
117,25,-2.448913612725471e-17,3.9994619701469436e-16
118,25,8.6522597764982628e-16,1.9631325316418384e-15
119,25,6.9701203317709001e-15,-1.4907901854571154e-15
120,25,-3.0124704533738975e-16,2.4393625325450568e-15
121,25,-1.5010750513137146e-15,2.9046170935932606e-15
122,25,3.2274210456229561e-15,-9.3557353470618214e-15
123,25,-7.8282695066543658e-15,-2.3316064365759259e-15
1,26,-71.989564380286495,31704.1016884007
2,26,-24.156784671306902,-79.176293306975595
3,26,-23.831346334511501,-60.697958416716297
4,26,-7.4102240850097401,15.365347706042799
5,26,3.5994461457067901,-5.2745301955677597
6,26,1.2988640033251699,-3.4261219694921801
26,26,76.250245024450095,-30332.4125869907
27,26,19.5004791954998,80.986860590521204
28,26,21.4898609290249,61.4685446750373
1,27,-24.1567846713051,-79.176293306980099
2,27,-73.419270049502302,31708.821449554998
3,27,-24.5205974694628,-66.833691423630697
4,27,3.5994461457067901,-5.2745301955677597
5,27,-8.2863176710215605,15.9224920874498
6,27,2.2048112171126801,-4.1815827696250398
26,27,19.500479196198299,80.986860589589895
27,27,78.493494657333898,-30337.483002963501
28,27,21.2430101131322,68.091300142696099
1,28,-23.831346334511199,-60.697958416716801
2,28,-24.520597469465699,-66.833691423633795
3,28,-72.631674264303001,31706.0770741173
4,28,1.2988640033251699,-3.4261219694921801
5,28,2.2048112171126801,-4.1815827696250398
6,28,-6.6574404280809496,14.8289248394757
26,28,21.489860929199502,61.4685446750373
27,28,21.243010113248602,68.091300142230494
28,28,76.111478943377705,-30333.7651267285
19,29,-2964089.6340039,6146139.08241711
20,29,1439778.4582827201,-2109812.0782271
21,29,519545.60133006697,-1370448.7877968701
29,29,2964097.0442279801,-6146154.4477645596
30,29,-1439782.0577288601,2109817.3527572202
31,29,-519546.90019407001,1370452.21391881
59,29,-7.4102240850097401,15.365347706042799
60,29,3.5994461457067901,-5.2745301955677597
61,29,1.2988640033251699,-3.4261219694921801
19,30,1439778.4582827201,-2109812.0782271
20,30,-3314527.0684086201,6368996.83497993
21,30,881924.48684507399,-1672633.1078500201
29,30,-1439782.0577288601,2109817.3527572202
30,30,3314535.3547262899,-6369012.7574717598
31,30,-881926.69165629102,1672637.2894327301
59,30,3.5994461457067901,-5.2745301955677597
60,30,-8.2863176710215605,15.9224920874498
61,30,2.2048112171126801,-4.1815827696250398
19,31,519545.60133006697,-1370448.7877968701
20,31,881924.48684507399,-1672633.1078500201
21,31,-2662976.17123238,5931569.9357902799
29,31,-519546.90019407001,1370452.21391881
30,31,-881926.69165629102,1672637.2894327301
31,31,2662982.82867281,-5931584.7647148799
59,31,1.2988640033251699,-3.4261219694921801
60,31,2.2048112171126801,-4.1815827696250398
61,31,-6.6574404280809496,14.8289248394757
32,32,2964098.9094634699,-6146158.4580188897
33,32,-1439780.0085509501,2109816.1998614101
34,32,-519550.00119731401,1370455.3000528701
68,32,-2964089.6340039,6146139.08241711
69,32,1439778.4582827201,-2109812.0782271
70,32,519545.60133006697,-1370448.7877968701
89,32,-8.8116865897931707,18.4068219239199
90,32,1.54057905537397,-4.0958741203328399
91,32,4.2623713949900202,-6.3087480744762097
32,33,-1439780.0085509501,2109816.1998614101
33,33,3314534.6976019898,-6369013.9294195799
34,33,-881927.06580944697,1672638.04336255
68,33,1439778.4582827201,-2109812.0782271
69,33,-3314527.0684086201,6368996.83497993
70,33,881924.48684507399,-1672633.1078500201
89,33,1.47275482022946,-3.9155526181819602
90,33,-7.5815109057749703,16.987599608685699
91,33,2.49837173672339,-4.7812778128038103
32,34,-519550.00119731401,1370455.3000528701
33,34,-881927.06580944697,1672638.04336255
34,34,2662986.14416327,-5931589.2472298099
68,34,519545.60133006697,-1370448.7877968701
69,34,881924.48684507399,-1672633.1078500201
70,34,-2662976.17123238,5931569.9357902799
89,34,4.1798738841102603,-6.1866432730286904
90,34,2.5628458460550898,-4.9046656273126796
91,34,-9.6612768007434298,18.707957274977201
5,35,-2.5117950979082178e-15,-1.8571638149999603e-15
11,35,6.6883739907052341e-15,-3.1620881327121085e-15
12,35,1.0985234558386494e-15,-1.1698515505214735e-15
13,35,3.0167599919403775e-15,1.4728445220883705e-15
14,35,-4.0903758358868788e-16,-1.8622325977405436e-15
15,35,1.0380997851275188e-16,1.1555985061384635e-16
16,35,1.0364890615404237e-15,-2.8874196090226669e-16
17,35,-8.5810738578229298e-16,5.1744111392217952e-16
18,35,1.3141857450218987e-15,-1.7961544726281195e-15
19,35,-4.01760856776803,7.7199961636120404
20,35,1.0689993779940301,-2.0274340701212301
21,35,1.7451860100396599,-2.5573479736086102
22,35,-2964089.6340039,6146139.08241711
23,35,1439778.4582827201,-2109812.0782271
24,35,519545.60133006697,-1370448.7877968701
25,35,-4.4390218646770429e-16,3.6380516868292175e-16
35,35,2964103.6086548357,-6146162.3671516627
36,35,-1439781.1307811574,2109817.1468121181
37,35,-519549.96429509146,1370455.1811665602
41,35,-3.9306295188106835,3.9847452372355048
42,35,-6.0264128516520525,11.57999433452191
43,35,1.6034990669910474,-3.0411511225306729
44,35,2.6177790150594791,-3.8360219877046764
45,35,-8.699826841398221e-15,-5.335215314329398e-15
46,35,9.9778475058679196e-15,-6.7616141569020642e-15
47,35,-3.0600547916985859e-16,-8.5246840480448074e-16
48,35,-1.953612036934256e-16,-3.2810582879968249e-16
49,35,-1.0853345621693249e-15,-5.7953497583381168e-15
50,35,-7.1390791370217821e-15,-1.8998917795252137e-15
51,35,1.9337797002816041e-15,4.8344926302439502e-15
52,35,1.7452420174564854e-15,1.0840429321726348e-15
53,35,-5.0151095187404957e-15,-1.7495402745488885e-15
54,35,1.8975045152620814e-15,3.1104141742439826e-15
55,35,1.882093679074302e-15,1.2487764930066019e-15
56,35,-2.9030197773005342e-15,3.2702446243539779e-16
57,35,5.8049233182315559e-15,-9.833879962377101e-15
58,35,-9.4430662694633794e-15,-4.0027420440660682e-16
62,35,4.530930229270487e-18,3.7607343187025797e-19
63,35,1.1849208592516234e-18,1.1217666427846039e-17
64,35,-3.6517246824628947e-17,-1.2697822063913922e-17
65,35,1.7090348565429764e-18,9.7647454409152417e-19
66,35,-2.6516851403440155e-17,-1.4510877154935415e-17
67,35,-1.3533212905802772e-17,-5.7978497442240021e-18
80,35,-5.2956295468453801e-18,-7.5912998143919211e-18
81,35,6.469223501669358e-19,7.2016670330840497e-18
82,35,-3.2610277102450575e-18,-9.0749566765778842e-18
83,35,-2.6478147734226908e-18,-3.7956499071959852e-18
84,35,3.2346117508346694e-19,3.6008335165420279e-18
85,35,-1.6305138551225214e-18,-4.5374783382889606e-18
86,35,-2.8239900130884645e-32,-1.7318558238550792e-32
87,35,1.0749424136185907e-32,6.2630321688650742e-33
88,35,2.3950998134800563e-32,3.1223500054038968e-32
89,35,1.2104227798875769e-33,3.0963933819745557e-33
92,35,2.2610624782131731e-33,4.9234320790798149e-33
96,35,1.6318013659188109e-33,3.1572386411822942e-33
100,35,3.4788510379179513e-34,5.147369400182517e-34
101,35,3.043994658178211e-34,4.5039482251597072e-34
102,35,3.4577419032404253e-33,3.7677195188980877e-33
103,35,-9.2816890963048453e-34,1.2408812758777271e-33
104,35,1.1610576466194375e-34,3.3998270940587447e-33
105,35,1.1446801704947026e-32,-5.4558413397930078e-33
106,35,6.6938561150396313e-33,-1.3877185446436397e-34
107,35,-1.418316405443413e-32,-4.6096365728081445e-33
108,35,-2.1846346974916317e-33,1.6559770174745558e-33
109,35,2.9900927405236584e-15,-2.5277467867699825e-15
111,35,4.8408104574604467e-34,1.6069185332054667e-33
112,35,4.7809686946657197e-33,-1.0184766943286012e-33
113,35,4.3510318632920232e-34,-2.8176988127526458e-33
114,35,-9.5352988081975849e-34,6.2275354625827921e-35
115,35,2.7238486064104641e-33,-6.1028985311690216e-34
116,35,1.6905197031884143e-33,3.7712373728519817e-33
117,35,-2.0926115107005171e-33,-3.2735889250787728e-33
118,35,-1.4582714823103595e-32,1.2149211581141341e-32
119,35,-1.1156927815926812e-32,5.9589389644670044e-33
120,35,9.8591821972642866e-33,3.0635909767844237e-33
121,35,-2.0463893044892976e-15,3.6190373599782177e-16
122,35,-3.7462641984541767e-16,-1.8128585674642681e-15
123,35,5.6702011450806039e-16,1.2453698714940479e-15
5,36,-5.1173155391388364e-16,-1.3835428730862557e-15
11,36,-3.1964795653534549e-16,-1.1091262731016331e-15
12,36,8.1037557671773217e-16,-1.4247469869854762e-15
13,36,-1.4367573074677675e-15,3.0860609664952891e-15
14,36,-2.1431575208242676e-16,1.5654159688438843e-15
15,36,3.4996825214705715e-17,3.3187169492586139e-18
16,36,7.0270117120450466e-18,1.271591696901668e-16
17,36,-9.2179738299790966e-16,-8.1271040818652481e-16
18,36,3.0181923611639242e-15,-4.134972288359024e-15
19,36,1.0689993779940301,-2.0274340701212301
20,36,-3.2278499045241,7.18978174035185
21,36,0.62975224403644403,-1.66115004581439
22,36,1439778.4582827201,-2109812.0782271
23,36,-3314527.0684086201,6368996.83497993
24,36,881924.48684507399,-1672633.1078500201
25,36,-4.6345743229348185e-16,-1.3429417784037484e-16
35,36,-1439781.1307811574,2109817.1468121181
36,36,3314535.1380333793,-6369014.8094334407
37,36,-881926.06122568389,1672637.2607250339
41,36,-6.0623996983077945e-16,5.3271620858135613e-16
42,36,1.6034990669910443,-3.0411511225306596
43,36,-4.8417748567861443,10.784672819471066
44,36,0.94462836605467859,-2.4917250791234271
45,36,3.3436890002031351e-15,-4.6395850422571782e-15
46,36,3.3012147700959931e-15,-2.7731435946407583e-15
47,36,2.1042614847500042e-15,6.9987204669709983e-16
48,36,7.7051032652428143e-17,-1.9086255590935708e-16
49,36,3.9611651908310576e-15,4.46555516234287e-16
50,36,-3.0815766822413637e-15,-1.8561548408576191e-15
51,36,1.7539024658994459e-15,8.1185077562436351e-16
52,36,1.6413155913469889e-15,6.2216875765221923e-16
53,36,2.8788608348670208e-15,2.2469588821217699e-15
54,36,-1.759397158885678e-15,-2.3979145628788796e-15
55,36,8.1688206815096338e-16,-5.8854006501876432e-16
56,36,-7.2023446360025789e-16,6.7328761287747308e-15
57,36,-2.3616247474058643e-15,1.8894362074869821e-16
58,36,-1.0034951478697898e-14,-1.3223570436520976e-15
62,36,6.7074493867172533e-17,2.2775292747352607e-17
63,36,-2.4399901452389025e-17,1.7404425408434197e-16
64,36,-5.0412756997956428e-16,-3.2968991110723097e-16
65,36,2.2151901481153107e-17,2.1207469201535117e-17
66,36,-3.4611524871114033e-16,-3.1937680939500453e-16
67,36,-1.8270941758864928e-16,-1.3869084964460454e-16
80,36,-5.1419061329641396e-17,-1.3473055902059255e-16
81,36,-1.7384694552005298e-17,1.1130604802324276e-16
82,36,-1.5066236403042073e-17,-1.494843088059597e-16
83,36,-2.5709530664820701e-17,-6.7365279510296644e-17
84,36,-8.6923472760026473e-18,5.5653024011621343e-17
85,36,-7.5331182015208824e-18,-7.4742154402980232e-17
86,36,-3.6157184086299483e-31,-3.683190579721619e-31
87,36,1.3887290683444425e-31,1.3522269186863022e-31
88,36,2.442892715269133e-31,5.6233943524224493e-31
89,36,6.6183482956625065e-33,5.1373063555395442e-32
92,36,1.5609189627753199e-32,8.2954901845757676e-32
96,36,1.2758726396857976e-32,5.3882250861010049e-32
100,36,3.3173539941364553e-33,9.0933502764666242e-33
101,36,2.9026847448693957e-33,7.9566814919083042e-33
102,36,3.8058360312970888e-32,6.9998037651340777e-32
103,36,-1.8711409208749894e-32,1.5257138220145904e-32
104,36,-1.1068711454431687e-32,5.1832330271268503e-32
105,36,1.9361758238924451e-31,-3.9298324437640253e-32
106,36,1.0171288954232477e-31,2.315086737694263e-32
107,36,-1.9701641449568933e-31,-1.2318046927416876e-31
108,36,-3.927081346191971e-32,1.6792762450282298e-32
109,36,-6.149712506361247e-16,-3.6409167852172679e-15
111,36,1.2565814150116676e-33,2.6117322923970509e-32
112,36,7.6114389660753092e-32,2.6373287249268101e-33
113,36,1.7205470247760736e-32,-4.095332076421655e-32
114,36,-1.4649184959938711e-32,-2.6552306577407377e-33
115,36,4.3477741753321791e-32,1.0485137015345228e-33
116,36,1.1330407490299655e-32,6.3385406254942758e-32
117,36,-1.9285822209584082e-32,-5.7379226962398246e-32
118,36,-2.6626926220367634e-31,1.2865203922181989e-31
119,36,-1.9113326750116564e-31,4.7996912596319328e-32
120,36,1.3748334499406399e-31,8.349957327009109e-32
121,36,-6.5755184190151526e-16,9.0861594700225746e-16
122,36,-3.7058626760265185e-17,8.5507377118811112e-16
123,36,8.4788231884596469e-16,-1.7606859902779249e-15
5,37,-1.5588418437423494e-15,-7.8275560172380892e-16
11,37,-8.5217965379180079e-16,-3.8992919585637276e-16
12,37,-1.7513016400857112e-16,-4.3856763335590159e-16
13,37,-2.371589250560097e-16,-2.139556101051839e-15
14,37,-4.1159350157533842e-16,-1.4637698133578292e-15
15,37,-6.1964222110330389e-17,1.5405973062359765e-17
16,37,1.5878645652098682e-16,-7.9090902289489021e-16
17,37,3.4492207553638313e-16,-2.00100487915696e-15
18,37,-9.2766311561657004e-17,-2.5250137362321739e-16
19,37,1.7451860100396599,-2.5573479736086102
20,37,0.62975224403644403,-1.66115004581439
21,37,-3.59283592000472,7.4498655544449797
22,37,519545.60133006697,-1370448.7877968701
23,37,881924.48684507399,-1672633.1078500201
24,37,-2662976.17123238,5931569.9357902799
25,37,-4.2988957849132309e-17,-9.9652209822898162e-17
35,37,-519549.96429509146,1370455.1811665602
36,37,-881926.06122568389,1672637.2607250339
37,37,2662985.1533221803,-5931588.5604533963
41,37,-1.1244327418928218e-15,-6.5723630171614667e-16
42,37,2.6177790150594809,-3.8360219877046737
43,37,0.9446283660546767,-2.4917250791234133
44,37,-5.3892538800070868,11.17479841623638
45,37,3.0258326934450962e-16,5.2335049426443338e-15
46,37,-5.4960768587597581e-15,7.3511183715910131e-15
47,37,6.3568737677659965e-17,-2.5719463448094528e-15
48,37,-1.0244351755750197e-15,-1.3036331361891567e-17
49,37,-5.4695487891956393e-17,2.7681920713137762e-15
50,37,1.6642821032544554e-15,4.1466745626855949e-15
51,37,1.8020585565425503e-15,-7.0836976415627782e-16
52,37,-1.8380748984028361e-15,-2.8604445751310384e-15
53,37,3.6381629812313632e-15,1.1879332954856261e-15
54,37,-1.4470092661259405e-15,1.4018930806087734e-16
55,37,-5.0514973097679763e-16,-2.5571604801336222e-15
56,37,1.3027066181873499e-15,3.1773973774824672e-15
57,37,-5.7170305595460938e-15,2.460655214859726e-15
58,37,7.3470622597907149e-16,-7.0084878317061042e-16
62,37,4.2138244199236257e-18,4.2199950190438308e-19
63,37,9.259060066111372e-19,1.0466085705303522e-17
64,37,-3.380843303822241e-17,-1.2404119278277288e-17
65,37,1.5762076769688833e-18,9.3648193387420908e-19
66,37,-2.4466078176716772e-17,-1.3934300724773489e-17
67,37,-1.2512038390441176e-17,-5.6140093423251034e-18
80,37,-4.8117493374815796e-18,-7.1538480659788386e-18
81,37,4.8845071808202305e-19,6.7173552381983929e-18
82,37,-2.8933734550730527e-18,-8.5033984568136207e-18
83,37,-2.4058746687407994e-18,-3.5769240329894547e-18
84,37,2.4422535904101374e-19,3.3586776190991953e-18
85,37,-1.4466867275365281e-18,-4.2516992284068312e-18
86,37,-2.6026338298379237e-32,-1.6576457604373296e-32
87,37,9.9120526900666159e-33,6.0031623626664717e-33
88,37,2.1811766782460817e-32,2.9458593093500319e-32
89,37,1.0782654313161038e-33,2.9029246040755959e-33
92,37,2.0278220224156901e-33,4.6211339562570605e-33
96,37,1.4697433417237138e-33,2.9662644373627927e-33
100,37,3.1584356211963616e-34,4.848977869471226e-34
101,37,2.7636311685468096e-34,4.2428556357873321e-34
102,37,3.1606243836601588e-33,3.5637377210224622e-33
103,37,-8.8407986982319414e-34,1.1409683422198312e-33
104,37,5.429270999910963e-35,3.1681911215322384e-33
105,37,1.0747120109093827e-32,-4.8999031321821795e-33
106,37,6.2363698779972006e-33,-2.3237904423644447e-35
107,37,-1.313617234861387e-32,-4.5176863830588685e-33
108,37,-2.0608344817694948e-33,1.5076609849959809e-33
109,37,2.0126089850334849e-16,-6.9419503462081816e-16
111,37,4.2539077670984082e-34,1.5042333456484564e-33
112,37,4.4687762557638941e-33,-8.7282377269135985e-34
113,37,4.498447432713804e-34,-2.6173100802836658e-33
114,37,-8.890347915591425e-34,4.2898617326510939e-35
115,37,2.5464596830255703e-33,-5.252447648498767e-34
116,37,1.5147060436579197e-33,3.5390282022970798e-33
117,37,-1.8970659790178893e-33,-3.0819220561357852e-33
118,37,-1.3773678676619711e-32,1.10839624659215e-32
119,37,-1.0485119649209094e-32,5.3730422278935187e-33
120,37,9.1336123667304979e-33,3.0093368866158449e-33
121,37,5.3414295873304462e-16,-2.2453022547250656e-16
122,37,2.1660567933764053e-16,1.3648629426223039e-15
123,37,-1.2078940154283803e-16,-1.5243319678472145e-15
7,38,-10.6519046849295,23.726279743161101
8,38,2.0781824053202702,-5.4817951511874803
9,38,3.5276979473802998,-6.6905324314000598
38,38,2964100.2859085798,-6146162.8086967003
39,38,-1439780.53646512,2109817.5600222298
40,38,-519549.12902801402,1370455.4783292699
121,38,-2964089.6340039,6146139.08241711
122,38,1439778.4582827201,-2109812.0782271
123,38,519545.60133006697,-1370448.7877968701
7,39,2.0781824053202702,-5.4817951511874803
8,39,-11.8563585360156,24.584556329668398
9,39,5.7591138331308596,-8.4392483129084095
38,39,-1439780.53646512,2109817.56002224
39,39,3314538.9247671599,-6369021.41953611
40,39,-881930.24595890695,1672641.5470982799
121,39,1439778.4582827201,-2109812.0782271
122,39,-3314527.0684086201,6368996.83497993
123,39,881924.48684507399,-1672633.1078500201
7,40,3.5276979473802998,-6.6905324314000598
8,40,5.7591138331308596,-8.4392483129084095
9,40,-13.2581082736345,25.475987339919701
38,40,-519549.12902801402,1370455.4783292699
39,40,-881930.24595890695,1672641.5470982799
40,40,2662989.4293406499,-5931595.41177746
121,40,519545.60133006697,-1370448.7877968701
122,40,881924.48684507399,-1672633.1078500201
123,40,-2662976.17123238,5931569.9357902799
5,41,-4.9616970211192776e-16,1.0070133450394566e-15
11,41,5.3426282302792364e-15,-2.4303544888442767e-15
12,41,9.4975738982788707e-16,9.2515214407342123e-17
13,41,1.4319522379522787e-15,-1.5710017190376193e-15
14,41,-4.482741676576943e-16,-1.4466005684087766e-15
15,41,4.9611112428227996e-17,-3.4600149475668478e-18
16,41,6.9512106035563442e-16,-2.1654558107034755e-16
17,41,1.5032083956728235e-16,-3.5912301302214255e-16
18,41,1.7113614514603446e-15,-5.0394140764863846e-16
25,41,-2.5312631040744095e-16,2.5082788136301084e-16
35,41,-3.930629518810683,3.9847452372355083
36,41,2.9414994166379799e-16,-8.075264873196571e-16
37,41,8.5005263841405382e-16,3.2150662564751147e-16
41,41,3.9306295188106897,-3.9847449533321688
42,41,-4.8326326112928288e-15,1.0859181004931795e-15
43,41,-5.2360803169458396e-16,-5.8842476945979694e-15
44,41,3.098964870646156e-15,-1.2691965356463114e-15
45,41,-5.7871663975164375e-15,-2.0598772716022313e-15
46,41,4.0103759339454967e-16,-1.3263508595190532e-15
47,41,4.8050142594864178e-16,-7.549613499079493e-16
48,41,-3.9821346600649578e-16,-2.3788714321757069e-16
49,41,-2.5184136385034357e-16,-2.4658989328468009e-15
50,41,-2.1716089563925387e-15,-1.0881429569035296e-16
51,41,2.9802727725214072e-16,1.7975968904344123e-15
52,41,3.4779658810441184e-16,3.1776674909891671e-16
53,41,2.8533641484508958e-16,-1.2463860019359479e-16
54,41,-2.4940338897999048e-16,4.3778078139391988e-16
55,41,4.3179367933860545e-16,1.2114027501687658e-16
56,41,-1.3729656689737881e-15,-1.1089206103355534e-15
57,41,1.8038852694623174e-15,-1.0937347112871917e-15
58,41,-2.7565768202535857e-15,-2.6609608610165743e-15
62,41,-1.009089776497923e-26,-3.5337593321711014e-27
63,41,1.4910883001729842e-26,-2.968591341017143e-26
64,41,2.082161114096479e-26,1.5441626744242584e-26
65,41,-2.2805759710776026e-27,-2.6438304132978889e-27
66,41,2.172911528953717e-26,8.9366011271791783e-27
67,41,6.7788014992185243e-27,7.2057681616548421e-27
80,41,2.2257889213757906e-27,1.6600744501386882e-26
81,41,5.719713233859733e-27,-4.1629266967758446e-27
82,41,1.7995923209077745e-27,8.8862405102334067e-28
83,41,1.1128944606878906e-27,8.3003722506934812e-27
84,41,2.8598566169298622e-27,-2.0814633483879173e-27
85,41,8.9979616045388957e-28,4.4431202551168666e-28
86,41,8.5811311395391749e-42,2.6899932718011343e-41
87,41,5.943121188052623e-42,-1.6213812637335317e-41
88,41,-2.0698035107637997e-41,-2.556748576744348e-41
89,41,-3.2984976953447855e-42,-1.2970350008433022e-42
92,41,-2.6169575948901568e-43,-5.4295004420336744e-42
96,41,2.5257955926357736e-42,-5.30187539771167e-42
100,41,8.5559274314561919e-42,-3.6706426260542583e-45
101,41,7.4864365025241744e-42,-3.2118122977922227e-45
102,41,-1.8539537097803207e-42,-2.0578249881100716e-42
103,41,4.7318339778501998e-43,-1.19572085901274e-42
104,41,7.7177485087309271e-43,-1.0209764726078724e-42
105,41,-1.1913650880945175e-41,5.9260274968357994e-42
106,41,-7.7281801644077265e-42,-1.3004242679345929e-42
107,41,2.8893525635011526e-42,1.3089762956384469e-42
108,41,4.2620327234532174e-42,5.8514740302723137e-43
109,41,1.4788351402328296e-15,-2.2276747599073093e-16
111,41,-2.6685711726702309e-42,-2.5809865090512213e-42
112,41,-2.8245392026947393e-42,2.1355517788470846e-42
113,41,-1.649555261576435e-42,-1.1107740179015694e-43
114,41,-2.1935695411434619e-43,-8.4396964210503961e-43
115,41,-3.8174746704472561e-44,1.05832015184081e-42
116,41,-6.8715369715584184e-43,-3.1413616672481418e-42
117,41,2.2020305315424551e-42,2.4419309577710444e-42
118,41,8.6909783819640065e-42,-4.2873371207607062e-42
119,41,2.1923561787719169e-42,-2.2914505492540277e-42
120,41,-1.684542606704486e-42,-1.1253835666731517e-41
121,41,-1.3941136378383533e-15,2.2433056599757312e-17
122,41,-1.1892165657966457e-16,-1.2920083202252225e-16
123,41,9.0830502364825299e-16,-1.4734681134903403e-17
5,42,-8.5832524976491467e-16,-5.2019577596757555e-15
11,42,-6.7861770824821868e-16,6.5835790996552677e-16
12,42,3.4087162090410313e-15,-3.8176663822290001e-15
13,42,-1.2208007318216967e-15,4.068488356568057e-15
14,42,-8.5252311983118882e-16,-9.3435326265738435e-16
15,42,-6.4145955158855958e-17,2.6846343687448251e-16
16,42,1.588736985711494e-15,-8.1056674261234934e-16
17,42,-7.1181479955742405e-15,2.5300857224233705e-15
18,42,-6.9211781617070507e-16,-1.8289643855871579e-15
25,42,-9.9956152351025162e-17,-1.2134928824223962e-16
35,42,-6.026412851652041,11.579994334521901
36,42,1.6034990669910427,-3.0411511225306662
37,42,2.6177790150594729,-3.8360219877046631
41,42,2.2448637857308817e-15,-3.8164719631378496e-15
42,42,10.190875179845904,-20.596400667046751
43,42,-1.6034990562654778,3.0411506671608581
44,42,-4.48725542930804,7.2841677235177702
45,42,-4.1644623547961812,9.0164079322582733
46,42,1.8811606647297425,-3.4696971336936948
47,42,-4.5367183368635328e-15,-1.7819705456055024e-15
48,42,1.0516856429471231e-15,1.740376435164226e-15
49,42,1.2311952997292827e-15,-1.0536743908662139e-14
50,42,-1.2050161157838004e-14,3.484684027115374e-15
51,42,4.7555535095103184e-15,7.9946398900881616e-15
52,42,1.2300839638603624e-15,-7.0598620546919095e-16
53,42,-9.9369000152237448e-15,-6.6304045052286858e-16
54,42,-4.1830738621905362e-15,1.4082850343381868e-14
55,42,4.5395179499663334e-15,8.7540185830903735e-16
56,42,-5.2296133457607531e-14,-2.2477609336424157e-14
57,42,-1.2477131640190234e-14,-3.1598675420795753e-14
58,42,-2.4343745267915555e-14,1.3735046628474957e-15
62,42,3.5164737326839039e-17,8.3292083439628853e-17
63,42,4.2983608285342523e-16,-9.1038014160517436e-16
64,42,-5.4032400672687967e-16,-3.493631054164559e-16
65,42,5.9198586549430104e-17,-1.4311472557486699e-18
66,42,-4.6684713104261863e-16,-8.6694745386991059e-16
67,42,-2.3068468777407668e-16,-1.15559082825298e-16
80,42,1.5196214867763058e-16,-2.9427950892467709e-16
81,42,5.9858728556574235e-17,1.1377073525825715e-16
82,42,1.3262482703141513e-17,-2.0210492785043104e-16
83,42,7.5981074338816043e-17,-1.4713975446233906e-16
84,42,2.9929364278287117e-17,5.6885367629128673e-17
85,42,6.6312413515712812e-18,-1.010524639252159e-16
86,42,-8.3146406567722556e-32,2.4152273280637823e-31
87,42,-2.0747139176729907e-31,-6.5364242080960661e-31
88,42,2.7013521319549229e-31,1.2601034210522185e-30
89,42,-4.824857867817816e-32,8.8411953954526108e-32
92,42,-1.1046707483866971e-31,-2.3942408438277595e-32
96,42,-8.9082144788423466e-32,-1.0428601337144149e-31
100,42,-9.5092027060869178e-32,-2.8804392474444188e-31
101,42,-8.3205523678260464e-32,-2.5203843415138689e-31
102,42,1.0762434105881188e-31,-1.4801355913175235e-32
103,42,3.4093188490878884e-32,-6.28617009577211e-32
104,42,-4.4152614717838789e-32,6.3151944586917165e-32
105,42,3.4407391105181036e-31,-2.5305214338798828e-31
106,42,5.0051145607832464e-32,1.0917591091776142e-31
107,42,-3.5821709938652101e-31,-2.0271607889137423e-32
108,42,-4.8087574329277334e-32,5.7077221019695094e-32
109,42,8.0850711472547901e-15,2.7837576227770422e-15
111,42,-2.987349489183143e-32,-8.8802100927844852e-32
112,42,-4.4035715432748815e-32,2.821692728285691e-32
113,42,1.2287846857589181e-31,-2.5408948916070209e-31
114,42,-1.1798554970804546e-31,-2.7132763125037355e-32
115,42,-9.0772680508522405e-32,2.3022248341023661e-32
116,42,-3.0278876885788542e-33,-1.8296957502688167e-32
117,42,1.1905919858883216e-31,-1.379856375498241e-31
118,42,3.2538942284135745e-31,8.8559859525802373e-32
119,42,1.8332798653605643e-32,-1.9310806996092532e-31
120,42,1.8561883722975302e-31,5.9248391941600557e-32
121,42,-1.1970859871014255e-15,2.9794477805641524e-16
122,42,-9.4599221927655342e-16,-1.0277284694642156e-15
123,42,-1.5523304247383051e-16,1.4387124548663546e-15
5,43,-3.950534813918287e-15,-5.5002028598549656e-15
11,43,1.4982361560141247e-16,-1.1530395635753923e-15
12,43,-3.345162607745716e-15,-2.8735295208710745e-15
13,43,1.4743645700257631e-15,-1.2278108442022013e-15
14,43,5.2962760172272968e-15,1.7766070238274239e-16
15,43,-4.7119973837726558e-16,-1.9038804261663888e-16
16,43,3.3524875945298516e-16,-1.26372792089008e-15
17,43,2.1739833709672059e-15,2.107634011468612e-16
18,43,3.6036192920122604e-15,-4.7724890880208455e-15
25,43,-1.7131720697742102e-16,2.8295751044201057e-16
35,43,1.6034990669910334,-3.0411511225306413
36,43,-4.8417748567861354,10.78467281947106
37,43,0.94462836605466438,-2.4917250791234213
41,43,-8.258620197207251e-16,8.1815357695500598e-15
42,43,-1.603499056265477,3.0411506671608617
43,43,4.8417748567862411,-10.784670649819894
44,43,-0.94462837239975794,2.4917247751633003
45,43,-1.0725578686726128e-08,4.8251164141415333e-08
46,43,6.3847287887814227e-09,6.0237932095027705e-08
47,43,5.1812340461064516e-15,-4.082582107459631e-15
48,43,-1.3827208523026183e-15,-2.2919035407062804e-15
49,43,5.4431485272179609e-15,-6.201072415192923e-15
50,43,2.9472385859344787e-15,-1.289085603037959e-14
51,43,-1.0051414686157343e-14,6.4233965038003974e-15
52,43,-1.7519782811513508e-15,-2.3076086584374112e-15
53,43,1.6562192838827652e-14,2.6960025577774999e-15
54,43,-5.522461092033274e-15,-6.2768095208930438e-15
55,43,-4.7821229370973555e-15,-9.647106735077428e-15
56,43,1.0829557067458243e-14,-9.0982997576742562e-16
57,43,5.8856599825646431e-15,-1.4788995241777775e-16
58,43,1.3041158682237074e-14,-1.8315187096959809e-14
62,43,3.2298553287561066e-16,-6.3596257022157783e-17
63,43,-5.1006512559375609e-16,2.7824057804506872e-16
64,43,-8.9118500040056277e-16,-6.3747854687322967e-17
65,43,9.0745940974516964e-17,-1.6306388641266793e-17
66,43,-4.2327298761809694e-16,2.1479605622101994e-16
67,43,-3.2115116114535375e-16,-4.0601294510903802e-17
80,43,-2.1157575302396906e-16,6.3410770337197301e-17
81,43,1.9912083036227517e-16,-4.1459713428912364e-17
82,43,6.16480071285428e-18,-1.4240944373633908e-16
83,43,-1.0578787651198483e-16,3.1705385168598502e-17
84,43,9.9560415181137609e-17,-2.0729856714456034e-17
85,43,3.0824003564273727e-18,-7.1204721868169799e-17
86,43,-4.4533849640120508e-31,-1.8986327142017864e-31
87,43,3.644535803758746e-31,4.6910578675280073e-31
88,43,-1.6436460072326307e-32,-1.630153459961371e-31
89,43,6.8829737310628862e-33,3.7102087146524699e-32
92,43,2.8152286609072079e-32,1.1493590131833319e-31
96,43,2.7354939810469247e-32,1.0394394070481881e-31
100,43,9.2374595631050461e-32,-2.3051935487777386e-32
101,43,8.0827771177169235e-32,-2.0170443551805178e-32
102,43,-2.1332517748695544e-32,6.8393653037521975e-32
103,43,2.9169310955462692e-32,3.8822342783709584e-33
104,43,-9.4214953412455136e-33,6.8758372776976023e-32
105,43,-1.0952439251968033e-35,-5.576023422672945e-32
106,43,1.7348926219418241e-31,-1.266212911356025e-31
107,43,-1.1160523982308018e-31,-1.1415454725980094e-31
108,43,-3.2166966629647127e-32,2.8449575734134577e-32
109,43,-8.784852628662698e-15,-5.2651923879443005e-15
111,43,-8.1503170550947412e-32,2.0001268607741358e-31
112,43,1.0677942284181432e-31,-5.1167139747322711e-32
113,43,2.0037178199531261e-32,1.7447108654644618e-32
114,43,-4.4985923249153689e-32,1.5887665949167925e-31
115,43,9.6289450326570605e-32,-7.4880280906547928e-32
116,43,1.1010025309658338e-31,8.688226607004581e-32
117,43,-9.0447986899252641e-32,-4.8301076454404246e-32
118,43,-2.8757624356566416e-31,1.6161449712387109e-31
119,43,-2.8055228559744955e-31,6.8372573713689543e-32
120,43,2.0285187646041212e-32,-1.523066675337617e-32
121,43,1.0202696407897661e-15,2.9572724532690688e-15
122,43,1.6086935138392074e-15,3.8911597175826004e-15
123,43,-3.5362290435530315e-15,-6.8672831118580578e-15
5,44,-2.1979975462307278e-15,-3.1098418372513161e-15
11,44,-1.8480370566449577e-15,4.2000517216514938e-16
12,44,3.0040619801397331e-15,-4.113384106438285e-15
13,44,-1.2858025030985932e-15,3.0710172438352765e-15
14,44,-2.0588308716835946e-15,1.078298208684697e-15
15,44,-3.0122059315193934e-16,-1.1981901813410523e-16
16,44,1.2161065079318481e-15,-7.3332580555750515e-16
17,44,-3.3670558832053046e-15,-1.387668206648038e-15
18,44,-9.7675334141958925e-16,7.8448314122590198e-16
25,44,4.1514270716651332e-16,2.8768861040951801e-16
35,44,2.617779015059476,-3.8360219877046737
36,44,0.94462836605467038,-2.4917250791234151
37,44,-5.3892538800070735,11.174798416236358
41,44,-4.4865608173914523e-15,-3.5819086629507107e-15
42,44,-4.4872554293080285,7.2841677235177649
43,44,-0.94462837239973041,2.4917247751633447
44,44,9.4781051704517587,-20.106432861300611
45,44,1.8694764408143758,-3.4481462139308117
46,44,-4.1144066236344772,8.9874592154105688
47,44,2.6304461941018991e-15,-9.4239993408005043e-16
48,44,-2.2702581744674805e-15,-2.0067192398931304e-15
49,44,-3.2244036838576385e-15,4.745884949365406e-15
50,44,-1.6093749009955664e-15,6.0283747248640711e-15
51,44,1.0756916468421412e-14,-1.7288928340456458e-15
52,44,2.9401773363964622e-15,2.7703306742206649e-16
53,44,4.9750486173515617e-15,1.0922270842431134e-14
54,44,1.8240333182263227e-15,2.4444215918902733e-15
55,44,4.4665639021924486e-15,1.1856268589116582e-16
56,44,4.8528832591072087e-14,1.4323126581688201e-14
57,44,1.8554258078902903e-14,2.3094192693101826e-14
58,44,1.4491926000731871e-14,2.2890595928210452e-14
62,44,3.7371304943114941e-17,1.0813650085977304e-16
63,44,-3.8902700789126434e-16,6.6480183205979436e-16
64,44,-9.276079546641013e-19,-7.9987456991531685e-16
65,44,-2.4683569512829632e-17,7.0642394424850438e-17
66,44,7.0336561379761866e-17,-2.6379933946979711e-16
67,44,3.7725126029572382e-17,-3.2257004138944815e-16
80,44,-5.7181914064751323e-17,-8.7121263220894948e-17
81,44,-1.5164257190988776e-16,1.225566876669361e-16
82,44,1.1804853796045186e-16,-6.6689861183166686e-17
83,44,-2.8590957032375797e-17,-4.3560631610447696e-17
84,44,-7.5821285954943892e-17,6.1278343833467902e-17
85,44,5.9024268980226101e-17,-3.334493059158338e-17
86,44,-1.0567170302986251e-31,-9.8568652846693873e-31
87,44,1.0520628490838308e-31,7.2091502450253527e-31
88,44,-2.3576821091923084e-31,1.5782159617729997e-31
89,44,-8.9150511879102107e-33,1.2729939912901376e-32
92,44,4.2747162155730941e-33,1.2770624157676291e-31
96,44,1.2714460680740703e-32,1.3998412226888726e-31
100,44,6.3562727332484308e-32,2.1494875149165756e-31
101,44,5.5617386415923707e-32,1.8808015755520056e-31
102,44,-7.7030453550343488e-32,1.2124788167357666e-31
103,44,-5.6724196582231784e-32,5.4863637188356462e-32
104,44,-4.2172784489979334e-32,1.143797864710538e-32
105,44,9.7863213475681038e-32,2.5362285996934699e-31
106,44,9.9571949576577493e-32,8.7260422132687732e-32
107,44,8.4155125216718393e-32,-3.1829945240614088e-31
108,44,-4.2124583496909923e-32,-5.1705982802499632e-32
109,44,-1.5009493462392711e-15,-4.0491125402399971e-15
111,44,-3.217563344132963e-32,5.0753318853283279e-32
112,44,1.2672863069642828e-31,6.51554635965369e-32
113,44,-1.8192471729384105e-32,1.2300976122854991e-31
114,44,2.298996030834008e-32,-2.7737244367055023e-32
115,44,1.1998129323577688e-31,4.259533738346994e-32
116,44,-5.5936432291003114e-32,1.2151672126983916e-31
117,44,-3.4314665451812702e-32,-1.5383679849164099e-32
118,44,-6.5795697697181774e-31,-1.337434192060034e-31
119,44,-2.7684709709882911e-31,-2.1716586016515871e-32
120,44,1.2289177791648995e-32,1.87604282827093e-31
121,44,3.8772274044538078e-16,1.4554497428359033e-15
122,44,4.6902090145814648e-16,4.622254157918752e-15
123,44,-2.1389021692863788e-15,-6.2884754479898925e-15
5,45,-5.5156090338656149e-16,-4.4404102113759011e-15
11,45,-1.5793205237303198e-16,5.7848460577816764e-16
12,45,1.8731449612815343e-15,-2.2686359556752713e-15
13,45,-1.1842000785311455e-15,-1.0351327986668288e-15
14,45,4.092434907699269e-16,-8.8856094217451896e-16
15,45,-2.1189567923510917e-16,3.1554649763844705e-17
16,45,1.2387348818924468e-15,-9.501913181596961e-16
17,45,-3.5383414998759196e-15,1.4579646403980376e-15
18,45,3.1278561662023377e-16,-3.5498685141686006e-16
25,45,1.2265440571942074e-16,3.7396587604631262e-17
35,45,1.0393301303437713e-16,-1.0193128133569322e-15
36,45,-2.4520136449221954e-15,-1.2530296478460185e-15
37,45,-5.0190837247439543e-15,3.7628069072802055e-15
41,45,-3.1539641847008549e-18,1.2210926044907964e-15
42,45,-4.1644623547961794,9.016407932258268
43,45,-1.0725582904890352e-08,4.8251177080573811e-08
44,45,1.8694764408143709,-3.4481462139308126
45,45,7.2390250143294654,-12.790179028604037
46,45,-1.881160689687714,3.4696968210480748
47,45,-1.5130156083762048e-16,-4.7811504556080886e-15
48,45,-3.0745626047353807,3.7737724359769498
49,45,5.4968643559783129e-15,-7.6224900765916268e-15
50,45,-4.9895016313879716e-15,3.6856305772569474e-15
51,45,1.3117092484419945e-15,5.2400522810845749e-15
52,45,-1.7526569384182115e-15,-2.5184984639726082e-16
53,45,-3.3977153599506969e-15,4.4648405519215414e-15
54,45,-6.0154065537571562e-15,1.3718755700260657e-14
55,45,3.8146090537159567e-16,4.0893603581241039e-16
56,45,-2.5691743341503721e-14,-1.4429178009852628e-14
57,45,-1.5201229948822009e-14,-1.147249954105536e-14
58,45,-5.5821004250596557e-15,-3.4724379944572495e-15
62,45,7.8767161681599164e-17,4.4917648073758224e-17
63,45,1.4193745271927642e-16,-6.4261315075977504e-16
64,45,-4.1233519467707642e-16,-1.6687354772533431e-16
65,45,5.3359601808295343e-17,-1.0253018861228114e-17
66,45,-3.3961936059072508e-16,-4.4570482636995453e-16
67,45,-1.7140742265382786e-16,-4.9547550828071196e-17
80,45,6.0077135384181491e-17,-1.6014462167702486e-16
81,45,9.2146167748588033e-17,3.8650411260939673e-17
82,45,1.4785094539358912e-17,-1.2308057947734794e-16
83,45,3.0038567692091189e-17,-8.0072310838512738e-17
84,45,4.6073083874294023e-17,1.9325205630469963e-17
85,45,7.3925472696798149e-18,-6.1540289738674203e-17
86,45,-2.0034348255805425e-32,2.1501658119278118e-31
87,45,-1.4844777100930345e-31,-3.5905353889285137e-31
88,45,1.5305416168037778e-31,6.4303193818169755e-31
89,45,-3.1811225427297388e-32,5.4404077696261741e-32
92,45,-7.9803491647909093e-32,-1.061669859352547e-32
96,45,-6.6971337695967516e-32,-5.9307537018887301e-32
100,45,-5.7971019944650369e-32,-1.9522251326343425e-31
101,45,-5.0724642451569012e-32,-1.7081969910550516e-31
102,45,5.2684590543622538e-32,-2.1012665115763685e-32
103,45,3.2079114345936963e-32,-4.7473503011723605e-32
104,45,-2.9503007136594451e-32,4.3391605016828126e-32
105,45,1.6671488644265076e-31,-1.8317061817976427e-31
106,45,4.8771118426537414e-32,4.4903974459221508e-32
107,45,-2.017502566577318e-31,5.8465956159353043e-33
108,45,-2.6854449239306036e-32,4.036954423834898e-32
109,45,1.6928932548603002e-15,1.356342930185174e-15
111,45,-4.8276486865545346e-32,-2.6737286276285531e-32
112,45,-2.7694453603348885e-32,1.4126086673316576e-32
113,45,7.2457073351669377e-32,-1.6088465135168588e-31
114,45,-9.1219328919807776e-32,1.9768618749053615e-32
115,45,-5.1176280797796347e-32,7.1883322459927589e-33
116,45,1.3426854060775905e-32,-9.2488375961527757e-33
117,45,6.4123884192322636e-32,-9.4820769954939595e-32
118,45,2.3592761266330336e-31,2.7154019028766069e-32
119,45,-1.0330662653145948e-33,-1.4560938359087273e-31
120,45,9.1077421663986758e-32,8.4246362645293577e-33
121,45,-4.2239192766516716e-16,5.8319160491544104e-16
122,45,-2.3384104260170363e-16,1.560221426631154e-15
123,45,-4.8659422210486097e-16,-1.6102484803078095e-15
5,46,1.3446028136090766e-15,5.8121878939060068e-15
11,46,-6.8314797112020205e-17,4.2637910211223394e-16
12,46,1.4348454218927063e-15,-2.6100244026791978e-15
13,46,2.7668568151750954e-16,1.8579671265183091e-17
14,46,6.4082399804703027e-16,7.9980201711824618e-16
15,46,-2.7910426304992545e-16,-7.9578134502530872e-17
16,46,1.1852990625271251e-15,-5.8401755070857717e-16
17,46,-1.537208067158687e-16,2.4545788734655512e-17
18,46,1.9625428394908478e-16,-4.9081106842627159e-16
25,46,3.6710466735142223e-16,4.4982588019356862e-16
35,46,-3.8171388825111475e-15,1.0292197189554478e-14
36,46,-5.0961626434023467e-15,6.4719891162520972e-15
37,46,1.6644984661692724e-16,-2.5506055210139058e-15
41,46,-3.6940866446958916e-15,8.7877683027841567e-16
42,46,1.8811606647297214,-3.4696971336936673
43,46,6.3847186578190706e-09,6.0237952707083091e-08
44,46,-4.114406623634455,8.9874592154105688
45,46,-1.8811606896888735,3.4696968210474886
46,46,4.1401216780968504,-9.0436291203384016
47,46,-1.0353264427850682e-15,6.375475525767086e-15
48,46,-1.9652164528731594e-09,5.6622341449469678e-09
49,46,-8.5638250750565285e-15,6.5275097596171505e-16
50,46,5.4850645951648703e-15,-1.3475615997668414e-15
51,46,3.5849528155523993e-15,-3.8764340992485222e-15
52,46,5.163993697466084e-15,2.9836529393645573e-15
53,46,3.238217230516093e-15,8.2291318350988389e-15
54,46,-1.4464127671705747e-14,-1.0492031393660815e-14
55,46,8.853757951843923e-15,-2.2604069848567217e-15
56,46,9.7996406612814429e-15,-2.3096397709830968e-15
57,46,1.8359415589696329e-14,1.1720561227118022e-14
58,46,1.8538823759410408e-14,9.2032990293092234e-15
62,46,2.0283416412485268e-15,1.0908541696644225e-15
63,46,1.654591678170757e-15,4.8399913472636448e-15
64,46,-2.0691011169138624e-15,-1.215647077089721e-15
65,46,7.0625816439089042e-16,6.9304277085044699e-16
66,46,1.9670819124181619e-16,1.8427027672311361e-15
67,46,-7.8084992465250911e-16,-7.6348822549183173e-16
80,46,-3.7423858369134721e-17,-1.128816206848472e-15
81,46,-2.615507595066878e-16,5.3463527790564974e-16
82,46,-1.9172148337729322e-16,1.186717882121901e-15
83,46,-1.8711929184567299e-17,-5.6440810342423731e-16
84,46,-1.3077537975334422e-16,2.6731763895282433e-16
85,46,-9.5860741688648765e-17,5.9335894106095198e-16
86,46,-6.4399408582935933e-31,-1.6327588121136142e-31
87,46,-3.6740485732509822e-31,1.357765517746577e-30
88,46,1.4131723196412363e-30,-1.7079860919195649e-30
89,46,3.6264850868348406e-31,-5.436205464246028e-31
92,46,1.0282555344506151e-31,-1.8101340583006554e-32
96,46,-1.9017678314412095e-31,4.4585161260156063e-31
100,46,-7.8463727703512714e-31,4.2632886772047574e-31
101,46,-6.8655761740573706e-31,3.7303775925541626e-31
102,46,-2.1826947868191969e-32,-1.3127055017048493e-31
103,46,3.9883825424571825e-31,2.9515905363627362e-31
104,46,-1.8459536028944439e-32,-2.5462386274919372e-31
105,46,2.2424522337607548e-31,-8.5138046384951173e-31
106,46,3.4954735104975793e-31,2.3049492270479134e-31
107,46,1.4527206042403639e-30,7.6947473835493293e-33
108,46,-5.2052706828361911e-31,1.8891635661319546e-32
109,46,-3.5504590211815297e-15,-7.7701364522351557e-15
111,46,2.5489769493158507e-31,1.2073532850190478e-31
112,46,4.2064974390405351e-32,-8.9002673582223742e-31
113,46,6.0546139042579753e-31,3.8939295577786465e-31
114,46,-8.253416904421074e-33,1.0449718658934195e-31
115,46,5.7991549442938048e-32,-5.088901983011304e-31
116,46,4.4794306065024332e-31,1.5717007874177481e-31
117,46,-1.1287707803763664e-31,3.383970134524673e-31
118,46,1.0536570830618986e-30,9.1007041140445582e-31
119,46,1.5213570237224265e-30,-1.2641237500458397e-31
120,46,-7.0346613174076682e-31,1.0874129014389645e-30
121,46,-3.4035114930429286e-16,2.1636369987802569e-15
122,46,-1.9153629459517493e-16,2.2110332910046303e-15
123,46,-1.2198414505758291e-15,-4.1928949312985622e-15
5,47,9.5309189825599353e-16,-6.6264369107037783e-16
6,47,-9.0404478932645809,9.1649138851745597
11,47,-3.9880445396079205e-22,5.9118772800586967e-22
12,47,2.8499368404487139e-21,-3.2069958462698584e-21
13,47,-1.8495388601487336e-21,2.7425332387058885e-21
14,47,4.3587082443316868e-22,7.0030947532290997e-22
15,47,-3.4970353816150909e-31,6.3016184926756464e-31
16,47,1.2714793508952542e-21,-4.414579429098535e-22
17,47,-5.783086877634383e-21,1.2455133055125536e-21
18,47,-1.0876941904399466e-22,-1.3851924784536771e-21
25,47,-1.2120154333114768e-18,-9.5093529381329578e-19
35,47,5.0034059890355794e-16,2.1603703998346003e-15
36,47,-1.4335048917615564e-15,3.3872072983370139e-16
37,47,-1.3675622078007908e-15,-2.5677525562167827e-15
41,47,4.6650151303031323e-16,-6.068266293840122e-16
42,47,-2.9568248160488569e-15,7.1885095206874613e-15
43,47,-1.0079623884956496e-15,-9.6190375011380682e-15
44,47,-1.8844605616018406e-15,5.7370189789478789e-16
45,47,-3.2114442728064796e-15,8.0046784417983134e-15
46,47,3.9470844077718484e-15,3.5148145694151283e-16
47,47,9.0404478932646484,-9.1649129964336389
48,47,-1.1858312240070239e-15,1.712521196041962e-15
49,47,3.5835536901134012e-16,-1.4105216152609377e-16
50,47,5.845824035120116e-15,-1.5097145281104657e-14
51,47,6.5222928619022789e-15,5.3901833637941188e-16
52,47,-5.9289648575766468e-16,3.963748864853768e-15
53,47,-1.5726039800268696e-15,-3.1714502657670618e-15
54,47,-4.9174469518443665e-17,-5.2984763210361246e-15
55,47,-1.2250161651623967e-14,1.0423854526179347e-15
56,47,-1.0567467494448465e-16,-5.7991161485198267e-16
57,47,4.3289367620180587e-15,1.2720985172971638e-14
58,47,-1.7737511702769812e-14,-1.1205732545002921e-14
62,47,-3.7385054467733042e-15,-4.2325585629059172e-15
63,47,-9.4597583134396418e-16,-6.7803800238842958e-15
64,47,5.8915941255247219e-15,3.7437496991948367e-15
65,47,-1.255765103092318e-15,-1.9310397047742856e-15
66,47,-2.0115549472753727e-15,1.0763063324330807e-15
67,47,2.123508915034793e-15,1.9514203198720811e-15
80,47,-1.8347127523277562e-15,2.019936904302899e-15
81,47,1.3679367721428769e-17,-9.6849083872476526e-16
82,47,1.4108675258938781e-15,-1.0392364990833201e-15
83,47,-9.1735637616388227e-16,1.0099684521514505e-15
84,47,6.8396838607150393e-18,-4.8424541936238243e-16
85,47,7.0543376294694189e-16,-5.1961824954166025e-16
86,47,1.4284983027412018e-17,-6.012783724005715e-18
87,47,2.5202918864410395e-18,-1.7779571299319447e-19
88,47,-3.108457193216191e-18,2.6072749972495281e-18
89,47,7.0285641104988401e-20,-5.2925816962087159e-19
92,47,-1.4148583233773151e-19,6.8305456750454055e-20
96,47,-2.2762132809268127e-19,5.3562421451145193e-19
100,47,1.9316499855839202e-18,5.1102611782478638e-19
101,47,1.6901937373859314e-18,4.471478530966897e-19
102,47,8.1779826668741556e-19,4.1059573936566534e-19
103,47,-4.1739658520752169e-20,6.3868090478300804e-19
104,47,-2.8061566159689622e-19,6.7136893388628356e-19
105,47,4.0704915325291435e-18,4.7837263494892709e-18
106,47,1.166821770326431e-18,4.8217086472739339e-18
107,47,9.6002360653334872e-19,-3.6070495749986786e-18
108,47,-2.3043666652199756e-18,-1.8128663975875562e-18
109,47,-1.163203534397289e-15,-5.3082335646654212e-16
111,47,8.2806892212849329e-19,1.4820724191308019e-18
112,47,-1.2159747249528685e-19,-9.0814522110611532e-19
113,47,4.858428435844794e-19,-2.1254892446201387e-18
114,47,7.3888178959129211e-19,-2.4958914602742362e-18
115,47,2.1113527089639511e-19,-1.2836252518858464e-18
116,47,2.5136460457919238e-19,-8.0859257913032066e-19
117,47,1.0031167980751854e-18,1.4604194276102091e-18
118,47,5.2261904213453831e-18,4.8051969086771479e-18
119,47,3.6134391437490466e-18,1.5182443187583138e-18
120,47,-5.150299103015405e-18,1.7838149319921971e-18
121,47,-7.7839043077307774e-30,-4.1935436127296568e-30
122,47,-4.1592482067183062e-31,-7.9880291233275015e-30
123,47,7.3935412813944985e-30,8.5892536660227379e-30
5,48,-6.1356951333707413e-16,1.5468149471240753e-16
11,48,-1.6604294781527672e-22,9.7583529731897627e-23
12,48,1.8981596493422349e-20,-2.2802707484716478e-20
13,48,2.0967907877697352e-20,9.9936932126259134e-22
14,48,2.8170386346618082e-20,-7.9323946694726404e-21
15,48,-5.4482203061896097e-31,-1.1089491192273518e-30
16,48,1.947629771179423e-20,-4.205982629650068e-21
17,48,-4.1488262101733959e-20,1.730331094819621e-20
18,48,2.8390311192828864e-21,4.4487462616533422e-21
25,48,-3.3610396427881421e-25,2.7033465137963995e-24
35,48,3.5496145207776727e-16,6.5699644056726029e-16
36,48,-1.2756063237449447e-15,6.3444215489900866e-16
37,48,-1.0548764600052141e-15,-9.5522340444065724e-17
41,48,-5.9499646549401551e-16,9.4721657202393952e-17
42,48,4.6244286589790629e-16,6.9281978248188176e-16
43,48,-3.6599134209872288e-15,1.748348983565496e-15
44,48,9.4114285838394884e-16,1.0626337812506731e-15
45,48,-3.0745626047353829,3.7737724359769502
46,48,-1.9652115956281364e-09,5.6622368412231165e-09
47,48,6.9602312199468908e-16,-4.6448110194357164e-16
48,48,3.0745625768928182,-3.7737720928521732
49,48,-2.5250074873952479e-16,2.9201595927285405e-16
50,48,-8.0441776094893104e-17,3.0211081224199505e-16
51,48,8.7146253622016982e-16,4.490308156023428e-16
52,48,-5.5945069502739903e-16,2.7148098191282657e-16
53,48,-1.2550765780890889e-15,4.3625657132719649e-16
54,48,-2.4736520604388355e-16,1.8010343037028496e-15
55,48,-6.1730381935183687e-16,7.0283079927766529e-16
56,48,4.8506410340373794e-17,8.6904924801440577e-16
57,48,-1.4175103007219523e-15,-2.7579573191901917e-16
58,48,7.3065422103532204e-16,1.542198663940206e-16
62,48,9.2799939941782587e-19,-9.1030177755882606e-19
63,48,1.8541338756124922e-18,4.2409315194926632e-18
64,48,-6.1805460008807796e-18,2.0667215716289002e-18
65,48,3.914413920150952e-19,-6.3044025839258361e-20
66,48,-5.2553695065470972e-18,1.659100651519758e-18
67,48,-2.3883223684173709e-18,5.1379016742065277e-19
80,48,-2.4288146330246503e-18,-1.0385313001967174e-18
81,48,3.0006217855568428e-19,1.2715004488185293e-18
82,48,-1.1777058769971904e-18,-6.4010592059156331e-19
83,48,-1.2144073165123304e-18,-5.1926565009836315e-19
84,48,1.5003108927784197e-19,6.3575022440926358e-19
85,48,-5.8885293849859811e-19,-3.2005296029578536e-19
86,48,-6.0001187761089858e-33,-1.2540447387823365e-33
87,48,2.2926320873951425e-33,1.4691725403090477e-33
88,48,7.7055411666685475e-33,1.3025259784532438e-33
89,48,6.4164312560965201e-34,7.3165600410240418e-35
92,48,1.0300873327307336e-33,7.0491195264097664e-34
96,48,6.6588102080240573e-34,7.701916263222692e-34
100,48,-4.921740923510779e-34,9.5808147488174438e-34
101,48,-4.3065233080719414e-34,8.3832129052152665e-34
102,48,7.9386259575199473e-34,1.6349023057401266e-34
103,48,-1.0583207170131863e-34,3.1183106773679832e-34
104,48,3.1016173827475557e-34,4.4909641888328009e-34
105,48,8.2020546037627317e-34,-2.2083231759788846e-33
106,48,1.0603688645830753e-33,-8.8711771881401092e-34
107,48,-1.9305943791714981e-33,6.6137896390375487e-34
108,48,-2.8941031835194625e-34,5.5671581341764757e-34
109,48,-1.4912541670710201e-16,-1.352720837634791e-15
111,48,5.8580629874321883e-34,7.2567775530009947e-35
112,48,4.5327171255919782e-34,-6.4164497043909011e-34
113,48,-3.3187347922904668e-34,-4.0271674632007253e-34
114,48,1.4971173824429935e-34,4.4849341846952597e-35
115,48,2.1323805245316946e-34,-1.929614243562965e-34
116,48,5.557515692539164e-34,3.4373215125903629e-34
117,48,-8.1939931992204151e-34,-1.2745470696971209e-34
118,48,-1.2212301383003098e-33,2.7268655830682968e-33
119,48,-9.1930901177683848e-34,1.7302362479565052e-33
120,48,2.1190923025815114e-33,6.7641415189796612e-35
121,48,-5.6052972647399152e-30,3.1816439893695053e-30
122,48,1.9540586670512181e-30,-1.4422360383343429e-30
123,48,2.691810858263046e-30,1.9982833249853109e-31
5,49,-1.6601386638374395e-15,-6.3405446593667129e-15
11,49,-6.2799623156547685e-16,-1.4255388930586069e-15
12,49,-8.684528310934757e-15,-1.0118585478696356e-16
13,49,-9.4032710706286966e-16,-3.4027785977265888e-15
14,49,-4.0957274367174469e-15,-1.4212527633491907e-15
15,49,-1.5760839418562359e-15,5.9932888781172048e-16
16,49,-3.3619059654616029e-15,-2.4736756986277224e-15
17,49,-3.2989646896043253e-15,3.7227896795994976e-15
18,49,2.4433074500611303e-15,6.5025218173066343e-15
21,49,-15.067413155441001,15.2748564752909
25,49,-1.3424708367301429e-15,-5.2922282722695798e-17
35,49,-8.5416025862968322e-15,3.9680165293596666e-15
36,49,6.7722896938566703e-16,7.1667359590010703e-15
37,49,4.6124218330166913e-16,2.7626595435087707e-16
41,49,-3.9945109662238303e-15,2.8442761895780899e-16
42,49,3.9138809767490587e-15,6.1953185651173724e-15
43,49,-1.3421714739638206e-15,5.8685766575442005e-15
44,49,-1.3506991940902978e-15,-2.6091432678973633e-15
45,49,6.1656773583449833e-15,-1.6290301855758063e-15
46,49,3.7361202719763628e-15,-2.0372353186501032e-15
47,49,9.0133314945901403e-18,6.3415655333941719e-16
48,49,8.5209025155822034e-16,-3.3853840983870902e-16
49,49,15.06741315544086,-15.274855586550071
50,49,-6.7539043247387987e-16,-4.2244592270538204e-16
51,49,1.0780398468254723e-15,-4.6416733234210505e-16
52,49,-6.5141467341147219e-16,4.8412786663209615e-16
53,49,-4.5218708253064566e-16,-6.6368577695939285e-16
54,49,-3.7212208308801508e-16,1.6849375704849363e-16
55,49,-8.823864721942862e-16,4.1736828920057554e-16
56,49,-5.7642207263625327e-15,-6.7012133370787046e-15
57,49,7.5226626241125127e-15,-9.5145560461008929e-15
58,49,-3.798561326204939e-15,5.8359207219711213e-16
62,49,4.3145775556505382e-22,-7.7284807962485813e-22
63,49,2.0825987199189246e-21,9.0077937587242414e-22
64,49,-5.3320179999393508e-21,5.3876059091651456e-21
65,49,3.0690964223118426e-22,-2.1276311511150974e-22
66,49,-4.8328425947903528e-21,3.5124676211527116e-21
67,49,-2.1657124699104606e-21,1.8987020253544981e-21
80,49,-1.8275955131521363e-21,2.9194525931897252e-22
81,49,1.3020741833964685e-21,5.2210952330335414e-22
82,49,-1.9004257019454452e-21,-1.8548537965241961e-22
83,49,-9.1379775657607304e-22,1.4597262965948508e-22
84,49,6.5103709169823376e-22,2.6105476165167693e-22
85,49,-9.5021285097272673e-22,-9.2742689826212522e-23
86,49,-5.5303098712197951e-36,3.4262946724928842e-36
87,49,2.0517750317825133e-36,-1.2825404618081948e-36
88,49,7.6547735002419591e-36,-1.635015783485207e-36
89,49,6.640463775258587e-37,4.3604232708466691e-38
92,49,1.0878594887144142e-36,3.2318909840119188e-38
96,49,7.149015175493542e-37,7.1705706988753979e-40
100,49,1.2286810838455317e-37,3.9322427409512427e-38
101,49,1.0750959483648408e-37,3.4407123983323477e-38
102,49,9.6119836739219041e-37,-2.8275504278142328e-37
103,49,1.2726957432723831e-37,2.8517421482674162e-37
104,49,6.1978484023772121e-37,2.6629993650940901e-37
105,49,8.7531059563394834e-40,-2.4755848055166129e-36
106,49,5.4982101441450018e-37,-1.1997357435770039e-36
107,49,-2.0135584186883443e-36,2.1173594788254213e-36
108,49,1.0870124771637118e-37,5.240295237533331e-37
109,49,9.8580206108691416e-15,1.0092274563779405e-15
111,49,3.394127153904143e-37,4.6312554839326665e-38
112,49,2.4202272644187576e-37,-9.3439585523231005e-37
113,49,-4.8461415733183701e-37,-2.9278153375588207e-37
114,49,-5.2626006389110592e-38,1.6007935069753233e-37
115,49,1.3953324222947287e-37,-5.2869374991216731e-37
116,49,8.054085612552295e-37,3.2303327503058399e-38
117,49,-7.762785843757267e-37,1.0313684683887292e-37
118,49,8.2747641649825541e-37,3.6292078753477482e-36
119,49,8.4297230339208561e-38,2.5255075149580718e-36
120,49,1.3982754715155215e-36,-1.479679921240376e-36
121,49,-3.5710317214788307e-15,4.0865331084521559e-16
122,49,6.1280068893615478e-15,4.2951058682246358e-15
123,49,-5.6243602311948542e-16,-2.459152083370675e-15
5,50,-1.5151176476389542e-15,1.4467534794398376e-15
11,50,-6.225786197142315e-22,1.5735561737238021e-22
12,50,3.8310035988900734e-21,-4.4642139568808078e-22
13,50,-2.8813685125365044e-21,7.3916808563549607e-22
14,50,-1.2635054056656331e-22,7.3421632249267813e-22
15,50,-1.3410328685264848e-30,-3.9150918164215275e-31
16,50,1.1167269410253393e-21,4.6604923139945665e-22
17,50,-4.6254026573584519e-21,-2.6258853296071329e-21
18,50,7.3674763179635886e-22,-9.9023793360756409e-22
22,50,-7.1012697899530099,15.817519828774101
23,50,2.3517986315868602,-4.4603549542667098
24,50,1.3854549368801801,-3.65453010079165
25,50,1.3555991406785848e-24,1.4623623410446731e-25
35,50,-2.301679617733635e-15,3.6009844877853546e-15
36,50,6.6821337844850092e-15,-2.8380103242936013e-16
37,50,1.6935799992594162e-15,-7.3923203224392058e-16
41,50,-1.7686565789157756e-15,3.1046610909536197e-15
42,50,-5.7030220604199333e-15,4.8321467166698482e-15
43,50,-6.5107093378795164e-15,-6.1853996540828529e-15
44,50,5.9271201167767387e-15,9.5940587415045192e-16
45,50,-1.1796400463479453e-14,9.1445838333846717e-15
46,50,8.2823830130502574e-15,-1.3387442044081431e-14
47,50,-1.0867407977900038e-15,3.5278687723113121e-15
48,50,-7.9375648389320374e-16,1.4359880426678105e-15
49,50,-2.9076245188672012e-16,-1.3868911634397939e-16
50,50,13.029449057960809,-28.109796517147746
51,50,-5.2313555481522949,8.6799788381336622
52,50,-2.4245461395402996,6.3954276191753046
53,50,-5.9281792680077983,12.292278242355684
54,50,2.8795569165654351,-4.2196241814716595
55,50,1.0390912026601402,-2.7408975851287547
56,50,1.3959693254850704e-14,2.3574824830734543e-15
57,50,-8.4644731130041309e-15,2.7023030971754698e-14
58,50,4.6755481715599515e-15,-8.4345061803867183e-15
62,50,5.021278332675188e-15,-1.2434854564796265e-14
63,50,-8.4592708615935855e-16,1.4823212097334738e-14
64,50,-2.1347505988753696e-15,-2.8693454415701823e-15
65,50,1.4282590843510195e-15,-3.6482478514393324e-15
66,50,1.3742545349336325e-15,6.5523054666860168e-15
67,50,-8.2415897617257513e-16,-1.3438577940746112e-15
80,50,9.4056223842243619e-16,3.6120451191696696e-16
81,50,-2.7324465935262271e-16,-4.4856550431580696e-16
82,50,-1.1645653027535754e-15,1.2946745056809869e-15
83,50,4.702811192112182e-16,1.8060225595848531e-16
84,50,-1.3662232967631135e-16,-2.2428275215790393e-16
85,50,-5.8228265137679123e-16,6.4733725284049434e-16
86,50,3.5934721679910887e-29,-2.0257911012328685e-29
87,50,6.8065612807170368e-30,-2.7252914863955611e-30
88,50,-8.775758767882967e-30,4.8898147445802329e-30
89,50,-1.2109713957360891e-31,-1.6509313961791817e-30
92,50,-6.5738581245973035e-31,-1.9936874625549082e-31
96,50,-6.728270137693076e-31,1.1833647478355375e-30
100,50,4.8735182436482354e-30,2.4758322481786442e-31
101,50,4.2643284631922097e-30,2.166353217156346e-31
102,50,2.041671732985437e-30,7.8880791537299304e-31
103,50,6.7427614631726347e-31,1.5872861704495383e-30
104,50,2.6562507676008496e-31,2.059151556629267e-30
105,50,1.1791234754219812e-29,1.0217240017460349e-29
106,50,4.5525109282763912e-30,1.2090746143349565e-29
107,50,2.7226782826082443e-30,-1.0148661144475015e-29
108,50,-6.9844522032219275e-30,-3.9211828954718164e-30
109,50,-4.9073959632026437e-16,-9.9323661323694948e-16
111,50,3.2680354149564413e-30,3.4743651550267342e-30
112,50,-1.1041917451857765e-30,-2.6296489497079301e-30
113,50,8.0067214874674191e-31,-5.4502532808300669e-30
114,50,1.0015773630644094e-30,-6.6711697682418756e-30
115,50,-4.6321530519273259e-31,-3.6776423120305722e-30
116,50,5.2396861570663679e-31,-2.2035313133964495e-30
117,50,3.6516439699831582e-30,3.242976090983106e-30
118,50,1.65022012862942e-29,1.209551250649626e-29
119,50,1.283007232640157e-29,2.707433143593405e-30
120,50,-1.2974641207260151e-29,6.6401457630560355e-30
121,50,-2.5249646949644624e-29,-1.9111339021882316e-29
122,50,-9.479905101432193e-30,-3.1670847706045762e-31
123,50,4.2495088451164136e-29,2.270983652692115e-30
5,51,1.5358360465893522e-15,6.5663556749542655e-16
11,51,-1.0726834681732828e-23,-3.8239941984721219e-22
12,51,-2.5626614678651e-22,2.2877575785318641e-21
13,51,-3.2101725997938259e-23,-1.7676807189174306e-21
14,51,-4.0419743633056679e-22,-1.6753371590978524e-22
15,51,1.5036329458694525e-30,-1.2739303285089348e-30
16,51,-4.1983646850415389e-22,5.8941945861963343e-22
17,51,2.1473611036314983e-21,-2.3355548256681085e-21
18,51,4.5797537795528739e-22,5.861092960465838e-22
22,51,2.3517986315868602,-4.4603549542667098
23,51,-8.8387388490896601,16.983991559946499
24,51,3.83940922208724,-5.6261655419389403
25,51,-3.6569289863018322e-25,7.488943708440025e-25
35,51,4.9825827625351624e-15,4.3628554198781479e-15
36,51,1.2679712995834173e-15,-2.1819282303731042e-15
37,51,-2.6946371961665506e-15,-1.4690874591411964e-15
41,51,7.1120979444037528e-16,1.5333503913449283e-15
42,51,-3.2369329513660427e-16,1.0370742604897739e-15
43,51,6.7701281480570259e-15,8.2630243378576667e-17
44,51,3.5427360841675501e-16,-8.6955016692938439e-15
45,51,1.719204766672392e-15,-3.664822793601157e-16
46,51,-1.7277003580024257e-15,9.7924546548957575e-15
47,51,-4.4538324901382648e-15,-4.9765906209656298e-16
48,51,9.2051863792698089e-16,8.9961750159579567e-16
49,51,-5.8206934132116524e-16,-9.0481002157446697e-16
50,51,-5.231355548152294,8.6799788381336676
51,51,15.467792985906948,-29.721983437685168
52,51,-5.6032581957774017,8.9714316348773906
53,51,2.8795569165654342,-4.219624181471664
54,51,-6.629054136817266,12.737993751638392
55,51,1.7638489736901481,-3.3452662316030968
56,51,-2.0676790116134275e-15,1.1687734959662646e-14
57,51,1.3591099967474444e-14,-7.6415217478554107e-15
58,51,4.6789246835954867e-15,2.346038374232208e-15
62,51,2.3510807490381727e-14,-2.1994333924900917e-14
63,51,5.6711678237534639e-16,-1.6658302777620052e-15
64,51,-1.117387045246996e-14,3.8344757170177712e-15
65,51,8.5792488700978007e-15,-7.8539842915888036e-15
66,51,2.6465184315362287e-15,-9.7091510883120998e-16
67,51,-5.3961734415743341e-15,1.6383122513558578e-15
80,51,1.4964019822484625e-15,1.3418082010421789e-15
81,51,-1.1493430027378004e-16,-1.0902314693572201e-15
82,51,-1.9844077771895531e-16,2.8162957695504752e-16
83,51,7.4820099112423351e-16,6.7090410052109318e-16
84,51,-5.7467150136889636e-17,-5.4511573467860964e-16
85,51,-9.9220388859477628e-17,1.4081478847752477e-16
86,51,-1.9298644596069319e-29,8.8002693560222922e-30
87,51,-1.6900056051353326e-30,-4.4126934012237628e-31
88,51,2.5503350278195926e-30,-2.2867907398439338e-30
89,51,-5.7742309990466231e-31,3.2295336854874259e-31
92,51,1.5222295576477133e-31,-4.4857619707623738e-31
96,51,6.7619739722683706e-31,-8.0771526042124977e-31
100,51,-1.8322751421647545e-30,-1.6525630754353634e-30
101,51,-1.6032407493941608e-30,-1.4459926910059452e-30
102,51,-9.7106751080888789e-31,-1.4187962936228023e-31
103,51,4.5015675137811093e-31,-3.5069182009802833e-31
104,51,3.9097268725737526e-31,2.5849573006588041e-31
105,51,-3.4504747179901569e-30,-6.1811899292592935e-30
106,51,-6.9307186767514269e-31,-5.1645386865011556e-30
107,51,-4.3202396578102929e-31,2.8100930668266669e-30
108,51,2.6193076156832912e-30,2.1764084155774827e-30
109,51,6.8647233092833099e-16,-3.524636736782479e-17
111,51,6.8526437049444045e-32,-2.0045670529768242e-30
112,51,1.013470206721858e-31,7.9464960820902242e-31
113,51,-3.2848231154920926e-31,2.5730261158742776e-30
114,51,-1.8615919697669017e-31,2.8607692094515331e-30
115,51,-6.6674334540351148e-31,1.2200550848850056e-30
116,51,-7.6708574953113235e-31,1.1959384824375671e-30
117,51,-8.1258000845427614e-31,-2.0220392379232472e-30
118,51,-5.2245916973376783e-30,-4.2293499354824395e-30
119,51,-3.1888882609018609e-30,-9.4833983276290201e-31
120,51,6.0735078866122434e-30,-1.1399858785542022e-30
121,51,1.5047159475568111e-29,1.2247819364421716e-29
122,51,4.3665380116556653e-30,-1.0431810467798513e-29
123,51,-1.2637440262575137e-29,5.275290319834113e-30
5,52,-6.3210653705770597e-16,-1.3432399735778809e-15
11,52,1.6606576580021243e-23,-1.508766458278611e-23
12,52,-1.0860061790135272e-22,7.6722579456035537e-23
13,52,7.4034779965092154e-23,-7.0910343972691658e-23
14,52,-8.8806990618368736e-24,-2.5007055278859011e-23
15,52,-3.1485366224305511e-31,1.9170752161461869e-32
16,52,-4.1620327745126409e-23,3.9605671399130623e-24
17,52,1.8356350086416813e-22,3.1003711916593785e-24
18,52,9.3559393802784415e-25,3.9120427762375072e-23
22,52,1.3854549368801801,-3.65453010079165
23,52,3.83940922208724,-5.6261655419389403
24,52,-7.9042390240103897,16.389704219778899
25,52,-2.9646787482143334e-26,2.5729743982428272e-26
35,52,4.496893122421009e-16,-2.4736727198561512e-16
36,52,-7.2999701224730223e-15,5.3937418608381525e-15
37,52,1.661429370289079e-15,6.7699805213263695e-16
41,52,1.7424426814507216e-16,-2.2003697088922915e-17
42,52,1.7805133237923388e-15,-2.1738304876520754e-15
43,52,-1.4785591067658241e-14,4.2609812185196669e-15
44,52,-3.3050774839361476e-16,4.6585081942743777e-15
45,52,-1.7000948873212677e-15,-4.1703149555495462e-15
46,52,6.5161282642333668e-15,3.3881834546690266e-15
47,52,-4.5758806829288824e-15,1.0521479537238902e-15
48,52,-1.1538154499913189e-16,-5.6834776816658201e-16
49,52,1.1274459070866989e-16,3.5296898976852859e-17
50,52,-2.4245461395403014,6.3954276191752841
51,52,-5.6032581957773884,8.9714316348773941
52,52,13.230191366475145,-28.252843557443946
53,52,1.0390912026601398,-2.7408975851287738
54,52,1.7638489736901497,-3.3452662316031145
55,52,-5.3259523424647526,11.863140025519956
56,52,-7.0607033054635046e-15,2.2789790870626934e-15
57,52,-1.1350541639147223e-14,-6.003468022408928e-15
58,52,1.3967136373794111e-14,-9.8361364753760701e-15
62,52,-3.3592620623276348e-15,-1.9331985990114498e-15
63,52,-7.2440911465999996e-15,2.3413551257041865e-15
64,52,-1.5025140036418416e-15,-9.3990479238507783e-16
65,52,-1.602104847685426e-15,-7.2857131321827687e-16
66,52,-4.5372146965531434e-15,-1.9248220986960583e-15
67,52,-1.6612215873994176e-16,-2.1515785024958859e-16
80,52,-6.114545397653465e-16,-2.5256979532972126e-15
81,52,-5.9726351163665201e-16,3.1728132610880673e-16
82,52,1.0740122775954674e-15,-5.1167387286679575e-16
83,52,-3.0572726988267152e-16,-1.2628489766486126e-15
84,52,-2.9863175581832527e-16,1.5864066305440331e-16
85,52,5.3700613879773686e-16,-2.5583693643339921e-16
86,52,3.2510405273742098e-30,-1.6678731473250783e-30
87,52,-4.7047731923981804e-30,2.1435362752961978e-30
88,52,2.7806249182317783e-30,3.0287348131607462e-30
89,52,7.0826475163998137e-31,8.3440735826134402e-31
92,52,2.7514551617225999e-31,1.2594817063824398e-30
96,52,-2.8358450709028802e-31,7.7130180788023968e-31
100,52,5.0795845870448898e-31,1.9673214330950471e-31
101,52,4.4446365136642816e-31,1.7214062539581707e-31
102,52,5.3083874429842677e-31,-8.6228352843757672e-32
103,52,-9.0031279188750479e-31,-5.5078849157193955e-31
104,52,-5.54786098104585e-31,-1.5397479979535742e-30
105,52,-1.1704861091958811e-30,1.1501938845834503e-30
106,52,-8.3112306985958342e-31,-2.9516017502499704e-31
107,52,-3.9137929632672079e-30,4.5709187622991106e-31
108,52,1.0778238998739539e-30,3.767294292966348e-31
109,52,3.017336533834504e-17,3.1426429059546252e-18
111,52,-1.0014984141267571e-30,-7.4151158515794358e-33
112,52,-7.251771545131129e-32,1.2965300285128162e-30
113,52,-9.5813105862173005e-31,4.3280877674429206e-31
114,52,-3.2631358652613345e-31,1.7791073927724648e-31
115,52,5.2727800425183417e-31,1.3799655585461698e-30
116,52,2.5812574688716808e-31,1.9830456887870251e-31
117,52,-8.3017488923424676e-31,3.5581040757653017e-31
118,52,6.3916407063257257e-31,-2.295891259494093e-30
119,52,-1.2175416375477041e-30,-8.1662017159261689e-31
120,52,1.4064098249621661e-32,1.1377804687071631e-31
121,52,-8.3187028122173482e-30,5.6905720789328293e-30
122,52,5.5285123991869841e-31,-8.4542617863620394e-31
123,52,2.7077595411885454e-30,-7.7792902482216389e-30
5,53,7.8141070239906977e-16,1.2814490510263553e-15
11,53,-9.136828029643371e-22,-1.1613911012607823e-21
12,53,4.5188885341053772e-21,7.652614422362553e-21
13,53,-4.2363056377949883e-21,-5.3840057939533363e-21
14,53,-1.6571203469153604e-21,4.1685926735819147e-22
15,53,4.0920862927819355e-31,-1.0322179394065969e-30
16,53,6.491441746026515e-23,2.7876859877441639e-21
17,53,1.2073808213977865e-21,-1.2192960246002784e-20
18,53,2.7958487278294413e-21,6.6095537771326384e-22
25,53,8.8669329885125728e-25,3.0876949239834826e-24
35,53,-2.4087804047637397e-15,-4.7917617383729705e-16
36,53,2.986763928672159e-16,-1.4154663075650278e-15
37,53,2.0417202506128695e-15,-3.3456077835872259e-16
41,53,-1.129639454852101e-16,-2.8833948988586549e-16
42,53,1.2789106745546576e-18,-5.6227529711321725e-16
43,53,-1.5032250275232734e-15,-4.8946829076338286e-15
44,53,1.0644189931049031e-14,5.808867424158775e-15
45,53,-4.7144479143049823e-15,3.3879174113130603e-15
46,53,-9.8358777786425593e-15,-9.6184686249786453e-15
47,53,-1.2417207902021095e-14,-9.007017928489623e-15
48,53,-2.4439930814888073e-15,1.0154137516520307e-15
49,53,6.4202246638088058e-16,-5.9023718812121691e-17
50,53,-5.9281792680078134,12.292278242355685
51,53,2.8795569165654369,-4.2196241814716648
52,53,1.0390912026601389,-2.740897585128764
53,53,12.515045121349809,-25.950364419525812
54,53,-6.0790646016380867,8.9080952985258968
55,53,-2.1936369833936062,5.7863392717979503
56,53,-6.586865853342001,13.658087040636062
57,53,3.1995076850727013,-4.6884713071868376
58,53,1.1545457807335007,-3.0454417591352718
62,53,-5.377274338679857e-15,-4.5207498229696826e-15
63,53,4.4178811463303465e-16,-7.152155657075129e-16
64,53,-7.456808689356224e-15,1.4775818704893489e-15
65,53,-1.7914281024004291e-15,-1.6310741413131565e-15
66,53,3.9794514239588465e-15,-2.119853342859729e-15
67,53,-2.7605473847583494e-15,7.0175796154653938e-16
80,53,-3.1813268499778714e-15,1.297494724410734e-15
81,53,-1.1118055359040173e-15,-6.4951385421571515e-16
82,53,9.6407549381267056e-16,2.43595888959466e-15
83,53,-1.5906634249889454e-15,6.4874736220536757e-16
84,53,-5.5590276795200844e-16,-3.2475692710785955e-16
85,53,4.8203774690633045e-16,1.2179794447973348e-15
86,53,-4.7966951203963229e-27,-8.3588740521894122e-27
87,53,-7.4277275488151312e-27,-3.6386962196746692e-27
88,53,2.3960040581382047e-27,8.8420926732258116e-28
89,53,-6.8847186028767508e-28,4.7453461768240203e-28
92,53,2.2517211642809347e-28,9.3261331660563748e-29
96,53,8.5785691007550183e-28,-2.9764652736784517e-28
100,53,-1.4416174757507538e-27,-2.7745647530420331e-27
101,53,-1.2614152912819087e-27,-2.4277441589117816e-27
102,53,-3.8352314067421303e-28,-1.379755314636714e-27
103,53,7.8556153030190892e-28,-6.2219081363531317e-28
104,53,1.0743331412244043e-27,-3.8066585549428221e-28
105,53,1.2694720591850592e-27,-9.7463921249113732e-27
106,53,4.3662008226463031e-27,-6.4181328774294864e-27
107,53,-5.1885027601417772e-27,2.6752225268861651e-27
108,53,3.1878869154894554e-28,4.5781697936111222e-27
109,53,1.7773019428733449e-15,-1.944979820010799e-15
111,53,8.4739511303762005e-28,-2.5165597315025738e-27
112,53,-9.2515966713666251e-28,1.093714576177527e-27
113,53,-2.9757782556237852e-27,1.6713063904122782e-27
114,53,-3.6698419495306787e-27,1.7670785311606495e-27
115,53,-1.7105231188829684e-27,1.1037430663387617e-27
116,53,-1.2016075587648134e-27,5.5836780255153647e-28
117,53,6.3851770378144194e-28,-2.6966521980635749e-27
118,53,8.1104710028004474e-29,-1.1109351139689296e-26
119,53,-2.0356104333581358e-27,-5.7817326465617241e-27
120,53,7.4802535716444367e-27,4.098886345358056e-27
121,53,2.4279106972829359e-30,-5.0001101853790097e-30
122,53,5.5194940150697793e-30,-6.6867096993627727e-30
123,53,-3.5933874213787593e-30,1.0131840303851456e-29
5,54,1.2009320304366436e-15,-2.1398985822147126e-15
11,54,1.3481672514034904e-22,-4.1024622852818731e-22
12,54,-1.1302268326694483e-21,2.3370447185210657e-21
13,54,6.2317223912056409e-22,-1.9019230988680692e-21
14,54,-3.7004227458246389e-22,-3.3610724938686442e-22
15,54,-1.1835104984898673e-30,-2.3819195624860934e-31
16,54,-6.6767848702644758e-22,4.6648560604273905e-22
17,54,3.161628154548397e-21,-1.6784624050872126e-21
18,54,3.0430683539798602e-22,7.8353519450770899e-22
25,54,-5.8964588145023734e-25,7.2627427552285318e-25
35,54,-3.9343505613618268e-15,5.1982969549315378e-15
36,54,9.9058580914379971e-16,1.3223297667308273e-15
37,54,5.5208579725899983e-15,-6.2886190196489823e-15
41,54,5.8608106908375981e-16,5.37328047487072e-16
42,54,-4.2112906450139002e-15,3.660121584401584e-15
43,54,4.111684924874469e-15,2.0300816641927778e-14
44,54,4.0255423003092539e-15,-1.0174851986245711e-14
45,54,4.5912285643730565e-15,1.6121198414625827e-15
46,54,1.7283833103164384e-14,2.2962273393158721e-15
47,54,-1.1671971915870495e-14,2.120368000786483e-15
48,54,1.6351662964652519e-15,-6.0922627579783809e-17
49,54,1.3013929771856963e-16,-4.9698284093256131e-16
50,54,2.8795569165654324,-4.2196241814716657
51,54,-6.6290541368172429,12.737993751638401
52,54,1.7638489736901417,-3.3452662316031114
53,54,-6.0790646016380823,8.9080952985258985
54,54,13.994669844391986,-26.891319009694996
55,54,-3.7236811666792038,7.0622285867647632
56,54,3.1995076850726889,-4.688471307186834
57,54,-7.3656157075747073,14.153326372558578
58,54,1.9598321929890359,-3.7169624760249835
62,54,-1.0133328328471268e-14,1.7706588536452906e-14
63,54,7.5053870341622053e-15,-7.6672294429487325e-16
64,54,1.8317874305040602e-14,-4.8250937117162977e-15
65,54,-3.4199887467170425e-15,6.4002012531824533e-15
66,54,-5.7251157761590025e-16,6.4323267400296272e-15
67,54,7.263657083047835e-15,-2.0554621887640495e-15
80,54,5.20009186709246e-15,5.1184540675970581e-15
81,54,5.5893128616775164e-16,-8.8939843612110861e-17
82,54,4.9618418676614089e-16,-4.3926173853516596e-15
83,54,2.6000459335462387e-15,2.5592270337985441e-15
84,54,2.7946564308387464e-16,-4.4469921806053384e-17
85,54,2.4809209338307937e-16,-2.1963086926758318e-15
86,54,-3.4971432411083461e-28,-2.8904541082340386e-28
87,54,-3.8503800247150032e-28,-5.932883168634611e-29
88,54,1.2344011879569861e-28,1.5776993630199705e-30
89,54,-2.4041011619884304e-29,3.157452845250006e-29
92,54,1.4292783781933966e-29,-1.5346293355403844e-30
96,54,3.7554820572599534e-29,-2.8952090529275011e-29
100,54,-1.0063631355527326e-28,-1.0644991341047668e-28
101,54,-8.8056774360864355e-29,-9.3143674234167068e-29
102,54,-3.7598035744549713e-29,-5.4837376093378206e-29
103,54,2.5017900832789414e-29,-3.9709485292143228e-29
104,54,4.3039505362994423e-29,-3.1755238403623836e-29
105,54,-9.2669289822577828e-29,-4.5620055260903409e-28
106,54,9.5859213898805378e-29,-3.5630247627888025e-28
107,54,-1.9057832449819206e-28,1.981704793554652e-28
108,54,8.3513624433067498e-29,1.9788123224388841e-28
109,54,7.6045541622470919e-16,9.395417105132748e-17
111,54,2.5928591713230186e-30,-1.2596000455405397e-28
112,54,-2.5510462461136567e-29,6.4824036810588024e-29
113,54,-1.0619183214459857e-28,1.19370079427265e-28
114,54,-1.3708927958977744e-28,1.3476847805457453e-28
115,54,-6.0553337628864042e-29,7.6557377032168969e-29
116,54,-4.5993382513549625e-29,4.2534030570048132e-29
117,54,-9.6548317543428307e-30,-1.3082706828763239e-28
118,54,-1.6523246598060312e-28,-4.9577884243903275e-28
119,54,-1.7906650326462273e-28,-2.2881528596880654e-28
120,54,4.01719927503551e-28,7.0318683079270907e-29
121,54,2.0723104896971346e-29,1.659619247074438e-29
122,54,1.0114143462394456e-29,1.6959225699527431e-29
123,54,-3.6026165915906826e-29,-2.4898058946706717e-29
5,55,-1.9419306675742459e-15,-8.2063615021532487e-16
11,55,-1.4395029520457827e-22,-5.537931589612574e-22
12,55,4.2176815682834102e-22,3.4180851102874881e-21
13,55,-6.744660283957683e-22,-2.5721269985304155e-21
14,55,-6.5442241948647123e-22,-1.1071463012353602e-22
15,55,-2.8505083112640671e-31,-5.1799597955641465e-31
16,55,-4.0826480575113656e-22,9.9936915258506897e-22
17,55,2.3167785966133091e-21,-4.1451168118985336e-21
18,55,9.0757694102529563e-22,6.6177346997360806e-22
25,55,-1.2799396049501397e-25,1.2603842020573124e-24
35,55,-1.2313572917281497e-15,-1.6517263211714509e-15
36,55,-5.402979124348932e-15,5.5430840232820733e-15
37,55,2.7532116876592948e-15,1.6319799747871243e-15
41,55,2.0183828842757769e-16,1.9667449334776275e-18
42,55,-2.0612965153668014e-15,-1.9609073149482151e-15
43,55,-1.3672895918604405e-14,8.0639370855744607e-15
44,55,4.9618927133554389e-15,3.8943821002373892e-15
45,55,-3.6697218465994546e-15,-1.9029861102595424e-15
46,55,8.3206329129506924e-15,4.1946328602924713e-15
47,55,5.5466204868934808e-15,-1.6925327053113048e-15
48,55,-2.7798631411123931e-16,-8.4483353114919227e-16
49,55,4.5389429954432461e-17,-5.9449462774211312e-17
50,55,1.0390912026601393,-2.7408975851287827
51,55,1.7638489736901399,-3.3452662316031065
52,55,-5.3259523424647561,11.863140025519954
53,55,-2.1936369833936098,5.7863392717979387
54,55,-3.723681166679186,7.0622285867647578
55,55,11.243677167425581,-25.044405894383171
56,55,1.1545457807334807,-3.0454417591352732
57,55,1.9598321929890501,-3.7169624760249835
58,55,-5.917724824960831,13.181266589494683
62,55,4.6876952093919461e-15,-7.6242961202892212e-15
63,55,-3.7966170252856555e-15,2.3783520070512451e-15
64,55,-8.0582363277267755e-15,-2.3592706369526418e-15
65,55,1.4986486631408048e-15,-2.6226608217486409e-15
66,55,2.2786087628936972e-15,8.7455727399264361e-16
67,55,-3.0834416467802354e-15,-8.5723758436014293e-16
80,55,-1.3486154737279257e-15,-6.0634276831018125e-15
81,55,5.1928198505577391e-16,-3.2614226758324912e-15
82,55,2.1646727118283394e-15,-5.7300829634694452e-16
83,55,-6.7430773686395508e-16,-3.0317138415509244e-15
84,55,2.5964099252789139e-16,-1.6307113379162424e-15
85,55,1.082336355914179e-15,-2.865041481734765e-16
86,55,-2.430111988610703e-28,-2.678095773053423e-28
87,55,-3.1098125669065443e-28,-6.6259072214257981e-29
88,55,9.7004236547386835e-29,9.4619925588104022e-30
89,55,-2.0293039678358865e-29,2.3452135999777113e-29
92,55,8.6253193873782425e-30,1.6350083802182951e-30
96,55,2.7635510735077784e-29,-1.8224925170294305e-29
100,55,-7.8403985045861752e-29,-9.1124742029226285e-29
101,55,-6.8603486915129158e-29,-7.9734149275573009e-29
102,55,-2.7062716852213355e-29,-4.8239175352963374e-29
103,55,2.3117449536475722e-29,-3.0017763546852569e-29
104,55,3.5852257768707438e-29,-2.4655133446338667e-29
105,55,-3.9885619011709136e-29,-3.7049971395436659e-28
106,55,1.0703973091390655e-28,-2.7585640962966825e-28
107,55,-1.7025565665517887e-28,1.4721934041886267e-28
108,55,5.2914268328374616e-29,1.6765907700608186e-28
109,55,9.3791673179439277e-16,-4.6861560916562459e-16
111,55,8.1655170360916685e-30,-1.0077764266313632e-28
112,55,-2.4692473260221798e-29,4.9132092191099473e-29
113,55,-9.6639635227241702e-29,8.8760948016865117e-29
114,55,-1.2061192911222296e-28,9.7475017922258582e-29
115,55,-5.331015118767828e-29,5.625642056932023e-29
116,55,-3.9111517143971065e-29,3.2141992413501476e-29
117,55,-1.8473749254935312e-30,-1.0566080421938248e-28
118,55,-9.5077136550252563e-29,-4.1296391059442218e-28
119,55,-1.2658227995406531e-28,-1.9684690122021029e-28
120,55,3.1064350816954863e-28,8.5189705822498861e-29
121,55,-3.3791276480202376e-30,8.8167985828955735e-30
122,55,4.0387249335011426e-30,3.9213783629589798e-30
123,55,-6.7288101904349914e-30,-1.2588056361687061e-29
5,56,-2.9188282270798413e-15,-7.4483651017389357e-16
11,56,-3.9154375756868736e-16,-4.8059398167656918e-15
12,56,1.5158226691910761e-16,-1.4404575935532356e-16
13,56,6.5142560971127772e-15,-7.4009927657947701e-15
14,56,-3.631326413332877e-16,-4.9389145542810941e-15
15,56,8.5000804416495527e-16,-1.8851983877037251e-15
16,56,1.1684255298705534e-15,-9.4787633012309504e-16
17,56,8.7073974545419044e-15,-8.194708328935073e-15
18,56,3.3977949546116783e-15,-2.8058200882248223e-15
25,56,-4.6635422620878725e-16,-4.177958931909683e-16
35,56,-7.4677963591556327e-15,-5.9392518803253555e-15
36,56,3.1056056747110414e-15,1.5260732719796156e-15
37,56,-6.5150655682866905e-16,-6.2549651909562399e-15
41,56,-7.6100419139582427e-16,3.6723716332842356e-16
42,56,-8.8061121860697642e-15,-1.3766643090984522e-14
43,56,1.1269194754725684e-14,-1.6695631114949165e-14
44,56,-9.8203828062292416e-15,1.1382154729714426e-14
45,56,-1.28999997838915e-15,-5.9626084406600837e-15
46,56,-2.1034292864710023e-14,-1.007344924492842e-16
47,56,6.0157646497720781e-15,-2.7404056655090048e-14
48,56,-6.063835039857614e-16,3.1632683271578904e-16
49,56,8.9333806145612236e-15,-6.7870716151742063e-15
50,56,-2.4642224571476355e-15,-3.2629790390371816e-16
51,56,-6.8082459017947488e-16,-1.4661434727865e-15
52,56,3.7908338392648122e-16,-3.4150221495770424e-15
53,56,-6.5868658533420028,13.658087040636088
54,56,3.1995076850726853,-4.6884713071868136
55,56,1.1545457807335169,-3.0454417591353065
56,56,6.5868658533420898,-13.658084891105403
57,56,-3.1995076850726836,4.6884708608951549
58,56,-1.1545457807333968,3.0454415112248725
62,56,-1.8277266305570979e-14,2.3890988960165186e-15
63,56,-6.3404544603056417e-15,8.5855807141825674e-15
64,56,5.0976106591110669e-15,1.3792010507469687e-15
65,56,-7.0667839374690827e-15,1.0788749518513412e-15
66,56,-1.281440105109755e-15,1.0898836155179449e-14
67,56,2.8972461761532884e-15,6.0744516833376644e-16
80,56,-2.5824916886441761e-15,2.7390279790267443e-15
81,56,1.673754940923674e-15,-6.2328120488451177e-16
82,56,3.5171971281323321e-15,1.704397731488156e-15
83,56,-1.2912458443220924e-15,1.3695139895133782e-15
84,56,8.3687747046183543e-16,-3.1164060244225446e-16
85,56,1.7585985640661694e-15,8.5219886574408795e-16
86,56,-3.8401362714166082e-27,-6.6874171902974708e-27
87,56,-5.9399280014017214e-27,-2.9139256167342967e-27
88,56,1.9181473388388694e-27,6.9754852606818985e-28
89,56,-5.5076312026231844e-28,3.7974856485669644e-28
92,56,1.8120413352434461e-28,7.4629456908937612e-29
96,56,6.8753351736580587e-28,-2.3819701162907781e-28
100,56,-1.150726487314963e-27,-2.2182287678257431e-27
101,56,-1.0068856764005923e-27,-1.9409501718475282e-27
102,56,-3.0752499832190384e-28,-1.1042356093814131e-27
103,56,6.277005324667558e-28,-4.9833564463985988e-28
104,56,8.6015087319303508e-28,-3.0472518311618641e-28
105,56,1.0109305835007789e-27,-7.7957311394368459e-27
106,56,3.4921580116352776e-27,-5.1341987811467678e-27
107,56,-4.1481994933882516e-27,2.1428799296823334e-27
108,56,2.5464565343816535e-28,3.6621686148471366e-27
109,56,3.1423770836560805e-15,4.7068791973532137e-15
111,56,6.7848887184971935e-28,-2.0119172877315049e-27
112,56,-7.4003620457971683e-28,8.7538086330616971e-28
113,56,-2.3805866502871796e-27,1.3358008178632337e-27
114,56,-2.9352447957860004e-27,1.4142681743763883e-27
115,56,-1.3673886981994104e-27,8.8330355182632631e-28
116,56,-9.6097386510392795e-28,4.4560659395474336e-28
117,56,5.0943063893299725e-28,-2.1574765477409317e-27
118,56,6.2682713287643255e-29,-8.8866357585803879e-27
119,56,-1.6260844743552022e-27,-4.6284736321784079e-27
120,56,5.9853514313468442e-27,3.2768416602262667e-27
121,56,2.491224807780768e-15,-2.1653251644137132e-15
122,56,2.1312538321027641e-15,-7.0559040298540191e-16
123,56,-2.356339419908332e-15,6.7606857001406198e-15
5,57,1.2458332312982029e-15,-3.3040279732186401e-16
11,57,5.6651538650487558e-15,-6.9120241732366567e-15
12,57,7.25679940260147e-15,4.0952704582723934e-16
13,57,2.0147028214970541e-15,4.9234167983136777e-15
14,57,-2.450138369503765e-15,1.109285575497565e-14
15,57,8.0341332692487067e-16,3.8124194938975614e-16
16,57,1.5145785679577936e-15,3.4766529171571154e-15
17,57,-4.645812564301253e-15,-1.4224986954574432e-14
18,57,1.8963626403278051e-15,1.1086130018773623e-15
25,57,-1.7722534850386196e-15,3.5192187743034298e-15
35,57,-3.6432216478507309e-15,1.3807203186079112e-14
36,57,3.6512141067925401e-15,-1.6596209611364963e-15
37,57,2.4805963419102409e-15,7.3327322286683146e-16
41,57,-1.4078566462132224e-16,2.8233584816943696e-15
42,57,3.3649921218536179e-15,-1.2890494725046973e-14
43,57,5.7051501930387387e-15,1.8050663095394775e-14
44,57,1.3889107310069116e-14,1.3014374589631898e-14
45,57,5.5617309944482584e-15,-8.8631371736798101e-15
46,57,2.4321555798669458e-14,1.1644711345806203e-14
47,57,5.7425023895604981e-15,-2.8724586813847283e-14
48,57,-4.597338469951639e-16,8.6606957755545738e-16
49,57,1.580619160337644e-14,-4.6959303124959383e-15
50,57,1.3288599443871752e-14,-2.7193472357528134e-14
51,57,-4.3130495863977702e-15,-4.8388686629176604e-15
52,57,2.707549483295009e-15,5.8242678978262566e-15
53,57,3.1995076850727635,-4.6884713071868909
54,57,-7.3656157075746487,14.153326372558466
55,57,1.9598321929889193,-3.7169624760248228
56,57,-3.1995076850726321,4.6884708608951122
57,57,7.3656157075748254,-14.153324248916519
58,57,-1.9598321929891895,3.7169618583828061
62,57,-1.1757687271892214e-14,-1.4197546241897397e-15
63,57,-6.0501434801562853e-16,-1.0853669860227826e-14
64,57,1.5226163442367427e-14,-1.062641927642827e-14
65,57,-4.1345719059452606e-15,-1.0386804209348697e-15
66,57,5.098774152550967e-15,5.805525348316142e-15
67,57,6.0371775369008523e-15,-3.1338600332772607e-15
80,57,1.5400037639834499e-15,2.2869254332587259e-15
81,57,4.478504540149937e-21,-2.1781725030531489e-15
82,57,-3.8068864346193459e-15,-6.0947639361487855e-15
83,57,7.7000188199172612e-16,1.1434627166293618e-15
84,57,2.2392522734344576e-21,-1.0890862515265738e-15
85,57,-1.9034432173096702e-15,-3.0473819680744109e-15
86,57,-2.614735025906733e-28,-2.4454253088474179e-28
87,57,-3.1096576353042906e-28,-4.3222771472140813e-29
88,57,1.0005523848963785e-28,-4.9410055302004344e-30
89,57,-1.9120247005190424e-29,2.4473868979205458e-29
92,57,9.9568281484995071e-30,-2.9734650858971799e-31
96,57,2.8201091849382124e-29,-2.1386801029468562e-29
100,57,-8.0610083752991866e-29,-8.5615814917685212e-29
101,57,-7.0533823283867943e-29,-7.4913838052974421e-29
102,57,-3.0055821620953459e-29,-4.425893603034273e-29
103,57,2.0504697434602581e-29,-3.1065102179130452e-29
104,57,3.5228613200299204e-29,-2.5519498740031954e-29
105,57,-6.9574114886452476e-29,-3.641791270965265e-28
106,57,8.1260285636308209e-29,-2.8544168611650589e-28
107,57,-1.48073839183092e-28,1.5328352217172968e-28
108,57,6.3666698171831793e-29,1.5879786889867976e-28
109,57,5.5223540878355814e-15,-4.82727511745161e-16
111,57,3.3527156527644371e-30,-1.0008188844063813e-28
112,57,-2.2685445348086368e-29,4.9856070757440893e-29
113,57,-8.7856567674999238e-29,9.4760237624905949e-29
114,57,-1.1063442831999586e-28,1.0432985425232204e-28
115,57,-4.9534539966670286e-29,5.9788696290246004e-29
116,57,-3.7911070672230189e-29,3.4381190702444578e-29
117,57,-5.7936570612151871e-30,-1.0238228455425905e-28
118,57,-1.2312067878514173e-28,-3.9699101753461693e-28
119,57,-1.4135535203179638e-28,-1.8338077415692508e-28
120,57,3.1377844540199759e-28,6.0042237411969216e-29
121,57,-3.9750336556983205e-15,8.1013379109314578e-16
122,57,2.3752797247318648e-16,-6.39098772476319e-15
123,57,2.6801928373870424e-15,3.4978771841736272e-15
5,58,-1.1476792180912442e-15,-5.0624852187697714e-15
11,58,-2.8116006716058657e-15,-7.9922203773836926e-15
12,58,-7.913312615296541e-15,-5.2300244653242933e-15
13,58,1.4765367867824181e-15,3.0125678626299443e-15
14,58,-3.8067609666082078e-16,-1.5289492204076763e-15
15,58,-4.9572339844344311e-16,1.1778654156831141e-16
16,58,-2.1500909415122286e-15,-3.1303688847031929e-15
17,58,-1.4270470045336678e-14,-4.6434972227180979e-15
18,58,3.6384891988772236e-15,-1.5290276428597943e-15
25,58,2.9125746175432965e-15,-2.1847700465024528e-15
35,58,-2.9619208818705494e-15,-1.2371987255554132e-15
36,58,-3.8294849527830373e-15,-2.1964226739944905e-15
37,58,9.0715904969514816e-16,-2.0815398125586648e-15
41,58,-3.4531975482581279e-15,6.0262707992489741e-16
42,58,4.0930210761408816e-15,-2.5433327642160385e-15
43,58,-2.3774356692466219e-15,-7.2649886601644712e-15
44,58,6.5966314409374971e-15,7.6063613012863787e-15
45,58,2.5146226063726359e-15,9.5566327934408526e-16
46,58,1.4125051607357523e-14,4.3220308593113958e-15
47,58,2.96742755763699e-14,-2.5599805675805989e-14
48,58,9.8860708029094713e-16,8.1746511202890582e-16
49,58,-2.3342841336677076e-15,-3.691386919822216e-15
50,58,-7.5684428992133637e-16,-7.3335764262385726e-16
51,58,1.1536054636650463e-14,-1.4155811920610584e-14
52,58,-6.7287740145436684e-15,-3.2190583985466703e-15
53,58,1.1545457807334463,-3.045441759135231
54,58,1.9598321929890037,-3.7169624760249023
55,58,-5.9177248249607448,13.181266589494577
56,58,-1.1545457807334927,3.0454415112249293
57,58,-1.959832192989122,3.7169618583827351
58,58,5.9177248249609704,-13.181264587672345
62,58,7.3135736582892478e-16,-7.1127448978441855e-15
63,58,2.9685862406781856e-15,6.5811428194849884e-16
64,58,-8.4878558591807315e-15,-6.0773147076083679e-15
65,58,4.6557724962873816e-16,-2.3408567758177834e-15
66,58,2.4439626906461377e-15,-7.1729956300211868e-15
67,58,-3.3475529839739464e-15,-2.2698202915782174e-15
80,58,-3.6755098194833329e-15,-4.1237820387527909e-15
81,58,6.0266255036642269e-16,-1.6500627348209585e-15
82,58,2.1190942354119845e-15,4.1251238438189375e-15
83,58,-1.8377549097416688e-15,-2.0618910193764061e-15
84,58,3.0133127518321277e-16,-8.2503136741047836e-16
85,58,1.0595471177059909e-15,2.0625619219094751e-15
86,58,-1.9441134688319647e-28,-2.1509077468148461e-28
87,58,-2.4911957094923037e-28,-5.5320288777923141e-29
88,58,6.9120272262826355e-29,1.6886926373297175e-29
89,58,-1.7201608056848038e-29,1.8915941978592915e-29
92,58,7.223744641538422e-30,6.9719180878274521e-31
96,58,2.3322005964067736e-29,-1.5434376339816e-29
100,58,-6.5071826899667081e-29,-7.3787458811975825e-29
101,58,-5.6937848537208654e-29,-6.4564026460478825e-29
102,58,-2.1451906419077576e-29,-3.8115988126907352e-29
103,58,1.9849210490156433e-29,-2.3377163504676819e-29
104,58,2.8580380936545625e-29,-1.8349772599598602e-29
105,58,-2.6158420638780384e-29,-2.9653753575150136e-28
106,58,8.8756956504426393e-29,-2.1657066909755482e-28
107,58,-1.39667093174586e-28,1.1479918968586504e-28
108,58,4.3429757277163637e-29,1.3339409245449072e-28
109,58,-1.3627780819337213e-14,2.6032723359343322e-15
111,58,6.4880958029751942e-30,-7.9404317386387053e-29
112,58,-1.801853864065222e-29,3.9322882094319504e-29
113,58,-7.69440250108478e-29,6.873762031586571e-29
114,58,-9.7189159675965066e-29,7.9687001654611535e-29
115,58,-4.3341385257808014e-29,4.3771854531196601e-29
116,58,-3.1524597591839387e-29,2.4414746775050771e-29
117,58,-5.0696491592527286e-31,-8.6400667834333419e-29
118,58,-7.5770589911045632e-29,-3.3286346783680632e-28
119,58,-1.0387852272053553e-28,-1.5903475140436892e-28
120,58,2.50398758272568e-28,7.5686446319515958e-29
121,58,2.7880947533521842e-15,3.6810418785095178e-16
122,58,-1.7761237651845612e-15,4.1185353540738585e-15
123,58,9.4722301637378794e-16,-6.2350115681986362e-15
29,59,-7.4102240850097401,15.365347706042799
30,59,3.5994461457067901,-5.2745301955677597
31,59,1.2988640033251699,-3.4261219694921801
59,59,22.230672255029202,-46.096042746025098
60,59,-10.7983384371204,15.8235904666194
61,59,-3.8965920099755,10.278365862708499
62,59,-14.8204481700195,30.730695412085499
63,59,7.1988922914135802,-10.5490603911355
64,59,2.5977280066503301,-6.8522439389843504
29,60,3.5994461457067901,-5.2745301955677597
30,60,-8.2863176710215605,15.9224920874498
31,60,2.2048112171126801,-4.1815827696250398
59,60,-10.7983384371204,15.8235904666195
60,60,24.858953013064699,-47.767475870292401
61,60,-6.6144336513380502,12.5447482325404
62,60,7.1988922914135802,-10.5490603911355
63,60,-16.5726353420431,31.8449841748997
64,60,4.40962243422537,-8.3631655392500797
29,61,1.2988640033251699,-3.4261219694921801
30,61,2.2048112171126801,-4.1815827696250398
31,61,-6.6574404280809496,14.8289248394757
59,61,-3.8965920099755,10.278365862708499
60,61,-6.6144336513380502,12.5447482325404
61,61,19.972321284242899,-44.486774164639002
62,61,2.5977280066503301,-6.8522439389843504
63,61,4.40962243422537,-8.3631655392500797
64,61,-13.314880856161899,29.657849678951401
5,62,4.7282070101535124e-27,-9.5031223669519306e-26
11,62,-9.4823709158467099e-33,-3.2038405261397246e-33
12,62,-1.5197550066407102e-31,9.1512510200571243e-31
13,62,4.6020987204323986e-31,-9.0283426439845977e-31
14,62,-8.3983787639815817e-32,-9.2540330740196144e-32
15,62,-3.4051143663878585e-32,-5.1755886942025977e-32
16,62,-8.8839034656661263e-32,2.5448585935850536e-31
17,62,5.0301372060380637e-30,-2.0245535081478078e-30
18,62,4.4567709831928789e-31,-7.3250452567876508e-31
25,62,1.0831405104905783e-16,-7.3495528991850532e-17
35,62,-5.1695929174350915e-19,1.4050858511391203e-17
36,62,-6.0813380659063092e-17,2.1045360903734228e-16
37,62,-7.0396827223164189e-19,1.3077764342365009e-17
41,62,-1.3424749658699765e-26,-6.1449368183968372e-27
42,62,-2.9327661871448605e-16,6.6281941261612062e-16
43,62,-3.9140562909789247e-16,-2.4867948476742416e-16
44,62,3.7989743606842521e-16,3.9623484578956805e-17
45,62,-2.2892131667822263e-16,3.6633846449471539e-16
46,62,-5.1877841856426695e-16,-9.5531041082799872e-16
47,62,5.267380504292824e-15,-9.5331739930103432e-15
48,62,-9.5124742713584994e-19,1.7022425612874101e-18
49,62,-2.6176782485191028e-21,-5.2975371424559865e-22
50,62,1.4049228289736585e-15,2.6974007823334674e-15
51,62,1.936218429317855e-15,7.5648651491773406e-16
52,62,2.4388590617049356e-15,1.5373580834271326e-15
53,62,1.3082249816837207e-14,2.3262030266038261e-15
54,62,-3.2813933010120139e-15,9.2117279589686392e-15
55,62,7.7749284641414604e-15,9.0624254134758727e-15
56,62,1.4111983063549559e-14,8.5079322487492825e-16
57,62,-7.2684348195407831e-15,5.5203559488327142e-15
58,62,6.5898766172714022e-15,9.0392888569744254e-15
59,62,-14.8204481700195,30.730695412085499
60,62,7.1988922914135802,-10.5490603911355
61,62,2.5977280066503301,-6.8522439389843504
62,62,20.514816263235321,-43.316037124239003
63,62,-8.7792587850157418,13.840736781644505
64,62,-4.2034013232588787,10.194049983577671
65,62,-5.6943680966145509,12.58534263405981
66,62,1.5803665068567292,-3.2916766854776704
67,62,1.6056733126247964,-3.3418061606292824
80,62,9.2690256681228178e-16,9.8627429042441857e-16
81,62,4.7987507532839688e-15,2.768911382032966e-15
82,62,-2.189208554026648e-15,3.7762347657177287e-15
83,62,4.6345128340614227e-16,4.9313714521221964e-16
84,62,2.3993753766419785e-15,1.3844556910164849e-15
85,62,-1.0946042770133319e-15,1.8881173828588742e-15
86,62,-2.9768838536395464e-16,3.7595863956312765e-16
87,62,3.9222320493146763e-17,4.7066148473888277e-16
88,62,-1.4000026488484723e-17,-1.2091799991730617e-16
89,62,4.1016130519146064e-17,1.9384622798180797e-17
92,62,-1.8624575942257334e-18,-1.3211989658702606e-17
96,62,-3.7454619917070076e-17,-3.2275332993432071e-17
100,62,-9.1336957248757676e-17,1.4310151985003522e-16
101,62,-7.9919837592663119e-17,1.2521382986878092e-16
102,62,-5.4390271980118798e-17,5.5579011318363291e-17
103,62,-5.0622657365186087e-17,-1.9907823445489112e-17
104,62,-4.7059025886568333e-17,-4.0054619182823147e-17
105,62,-4.9246485383669101e-16,2.0568261888543605e-16
106,62,-4.2039355717065256e-16,-3.0298365844977449e-17
107,62,2.6709930201122974e-16,1.7104552109517356e-16
108,62,2.063293675098943e-16,-1.3960817446296822e-16
109,62,4.4047018567305003e-30,-7.6187713612029432e-30
111,62,-1.4135616354532416e-16,2.8666761565618647e-17
112,62,7.6646689255251447e-17,1.3659113742308088e-17
113,62,1.594451090874282e-16,9.428961605792935e-17
114,62,1.8287926679241475e-16,1.2435506627150532e-16
115,62,9.8413986924268052e-17,5.0299693815917968e-17
116,62,5.8933876647034182e-17,4.1260942291020985e-17
117,62,-1.4414324412308789e-16,4.3372314654124144e-17
118,62,-5.2408015168006251e-16,2.9865122910900755e-16
119,62,-2.1640363611660938e-16,2.5312716377199477e-16
120,62,-1.1109032516123447e-17,-4.6291531749134648e-16
121,62,-1.0697455470196705e-31,1.3554434448660855e-31
122,62,-2.5070136017535842e-31,2.358352518311612e-32
123,62,4.9309138064914647e-31,-3.133686734951835e-31
5,63,1.2182432470183984e-26,-8.7555985422849721e-26
11,63,-1.2977551702234128e-32,5.7644566624689845e-32
12,63,2.0870577838153282e-31,-7.9588464130249045e-31
13,63,2.2710681462956296e-31,9.9889310522039877e-31
14,63,-3.2739382875934318e-31,2.6944144653496944e-31
15,63,5.4431161834667094e-32,4.7068482764736432e-33
16,63,9.5202231479436198e-32,-1.268122144805987e-31
17,63,-2.3816260517014692e-30,2.354180903533429e-30
18,63,2.7913828657165619e-32,4.3695493160420555e-31
25,63,1.1442168005909997e-16,-7.3899342743206974e-17
35,63,-2.9320143348598143e-18,-8.8651662755103653e-18
36,63,-1.0883929428495091e-17,-1.4507194606896791e-16
37,63,-2.5902764831450514e-18,-8.3028046050123428e-18
41,63,-1.157195846345411e-26,-1.1155028684297827e-26
42,63,-2.4416856710229084e-16,3.4156837093710389e-16
43,63,5.4611740755036222e-16,-6.6500324184314695e-16
44,63,-1.9362579059283907e-16,-3.2406987489196415e-16
45,63,-3.7165680686463281e-17,1.3815149264657214e-16
46,63,3.4044843317549901e-16,1.8653449425202196e-15
47,63,1.0334552020771846e-14,-4.9228723209569071e-15
48,63,-6.8969145148025288e-19,1.4355392263593471e-18
49,63,1.7295807753185431e-21,-2.7842825486265972e-22
50,63,3.7926385581925685e-15,-5.9737329955577643e-16
51,63,-6.420098292601178e-15,-4.6137599632890951e-15
52,63,2.3903767070654463e-15,5.393999401655721e-16
53,63,-2.9399832001976983e-15,3.898156172799277e-15
54,63,-2.9255502659207387e-15,2.9285967000247727e-15
55,63,-1.0362738889952688e-14,-4.940801605920797e-15
56,63,1.10675290623831e-15,7.7033748201663371e-15
57,63,-7.4250874102336785e-15,-1.3449755891164129e-14
58,63,-1.2239925665558656e-14,-3.0510170065746695e-15
59,63,7.1988922914135802,-10.5490603911355
60,63,-16.5726353420431,31.8449841748997
61,63,4.40962243422537,-8.3631655392500797
62,63,-8.7792587850157418,13.840736781644539
63,63,22.909634555793907,-44.887277727406889
64,63,-7.0889852305685084,12.554427032105556
65,63,1.5803665069098116,-3.2916766839511888
66,63,-6.3369992190986455,13.04229452446242
67,63,2.6793627878804731,-4.1912616851634077
80,63,-3.9981530156823276e-15,6.7660944438176516e-15
81,63,3.547741821926915e-15,-5.4564399510536436e-15
82,63,4.1550088949868361e-15,-6.4696854826106891e-15
83,63,-1.9990765078411689e-15,3.3830472219088297e-15
84,63,1.7738709109634609e-15,-2.7282199755268171e-15
85,63,2.0775044474934358e-15,-3.2348427413053501e-15
86,63,-3.1874999787680858e-16,3.8427470227332252e-16
87,63,2.9724150571600505e-17,4.9053465934793118e-16
88,63,-1.1674620904059496e-17,-1.2617464908996352e-16
89,63,4.2212678951387097e-17,2.1136229383754379e-17
92,63,-1.625356010924123e-18,-1.3789527343216025e-17
96,63,-3.8202847276912517e-17,-3.446339062801946e-17
100,63,-9.8405365048080593e-17,1.4671612708863623e-16
101,63,-8.6104694417070706e-17,1.2837661120255674e-16
102,63,-5.7898697855625992e-17,5.6533953785174217e-17
103,63,-5.2193821486940178e-17,-2.1907237331544583e-17
104,63,-4.8010270146184631e-17,-4.2784495118321937e-17
105,63,-5.1719828204905695e-16,2.023343398742596e-16
106,63,-4.366391903534671e-16,-4.1461800893632735e-17
107,63,2.7383383776942697e-16,1.8426206896923143e-16
108,63,2.1795456409292093e-16,-1.4036148023451063e-16
109,63,6.5028449049074931e-32,5.1119924619697906e-30
111,63,-1.4773796616212014e-16,2.6481233196406319e-17
112,63,7.9416041548553767e-17,1.6021990826222909e-17
113,63,1.6364839049858539e-16,1.0186482233670513e-16
114,63,1.8731707085828514e-16,1.3369702647363788e-16
115,63,1.0119590578436282e-16,5.4655966962505748e-17
116,63,6.0336199516590257e-17,4.431922131690313e-17
117,63,-1.5098515165812076e-16,4.1715711363066625e-17
118,63,-5.5228650613513464e-16,2.9830862244053967e-16
119,63,-2.311176589513229e-16,2.582264037609782e-16
120,63,-6.1157829316725395e-19,-4.8185800068941865e-16
121,63,-2.8680686580529354e-31,-2.1753333069108858e-31
122,63,-1.5243515862346455e-31,-1.8626653809200002e-31
123,63,2.8287701138715206e-31,5.0278654070358404e-31
5,64,3.1962119313667645e-26,-1.9809073114926492e-25
11,64,-1.9527597720688222e-32,3.619800285460472e-32
12,64,-4.034503131841003e-32,7.6753933256679714e-31
13,64,4.4658470309460158e-31,-7.459093004513006e-31
14,64,-2.00709176835767e-31,6.2843967858149936e-32
15,64,4.1535523137710739e-32,-6.8825876293081531e-32
16,64,-9.0907270176832443e-32,2.441305346167706e-31
17,64,3.56695018992204e-30,-1.8358498157261222e-30
18,64,9.9067924897611707e-32,-5.3699894680807656e-31
25,64,1.1794680575089341e-16,-7.1390550756921369e-17
35,64,2.4167206180165414e-19,9.825283014062358e-18
36,64,-3.3406821217264155e-17,1.4943806712900017e-16
37,64,6.9482341358380529e-20,9.154383411999325e-18
41,64,-2.3441604154925805e-26,-2.0735107247330005e-26
42,64,-1.8438296257902351e-16,6.2094234328846663e-16
43,64,-1.7930243281865975e-16,-3.6226484467142021e-16
44,64,2.2764185910981716e-16,-1.9273088451611981e-17
45,64,-1.2251726481552876e-16,3.2562623407222637e-16
46,64,2.7197087829578994e-15,3.230590581327106e-15
47,64,-8.0086791607617887e-15,4.3834778144934759e-15
48,64,-2.0320620837910553e-18,3.4549681114366943e-18
49,64,-1.8890005205840526e-21,-2.2974884123478074e-22
50,64,-5.2127568599186934e-15,-2.8682867486455113e-15
51,64,-9.4872528327021085e-16,1.9317905994369478e-15
52,64,3.4923258927566074e-15,-1.7655650228655766e-15
53,64,7.911335776214511e-15,-1.3155628495677457e-15
54,64,2.4010670263140304e-15,2.196769385042786e-15
55,64,1.0802521924917609e-15,-2.6310587728480545e-15
56,64,1.1943846160871563e-14,-2.4950109846110617e-15
57,64,4.8017458496280982e-15,1.5302007182759757e-14
58,64,5.5674411849722086e-15,8.1232986658672259e-15
59,64,2.5977280066503301,-6.8522439389843504
60,64,4.40962243422537,-8.3631655392500797
61,64,-13.314880856161899,29.657849678951401
62,64,-4.2034013232588752,10.194049983577699
63,64,-7.0889852305684906,12.55442703210556
64,64,19.863244847840612,-42.812337794963511
65,64,1.6056733104007992,-3.3418061594194843
66,64,2.679362787791125,-4.1912616827283413
67,64,-6.5483639821620221,13.154488992384422
80,64,3.1651347030219567e-15,-9.106947440837905e-15
81,64,-1.4707569841152274e-16,-2.7751886659365202e-15
82,64,3.529332753557069e-16,6.9315169801273096e-15
83,64,1.5825673515109945e-15,-4.5534737204189667e-15
84,64,-7.3537849205758854e-17,-1.3875943329682575e-15
85,64,1.7646663767785101e-16,3.4657584900636623e-15
86,64,-3.3311981394060473e-16,3.840693028078315e-16
87,64,1.5521703781498401e-17,4.9591526582877248e-16
88,64,-8.3712396719480829e-18,-1.2903484151773598e-16
89,64,4.2085469536870226e-17,2.2628536914901832e-17
92,64,-1.2389060585806702e-18,-1.4001762518677264e-17
96,64,-3.7636796679434267e-17,-3.59968585067822e-17
100,64,-1.0388883750421247e-16,1.4554139057425373e-16
101,64,-9.090273281618606e-17,1.273487167524721e-16
102,64,-6.0247925551094983e-17,5.548342092656535e-17
103,64,-5.2157689801419098e-17,-2.3701446275021617e-17
104,64,-4.7312459791298755e-17,-4.4710245123195048e-17
105,64,-5.2925707907845109e-16,1.8944402011166863e-16
106,64,-4.4055574262508827e-16,-5.4834796410342994e-17
107,64,2.7162958709622925e-16,1.9450458322460948e-16
108,64,2.2465740843203094e-16,-1.3557788857124051e-16
109,64,-3.7795834745377207e-30,-5.2543951294748843e-30
111,64,-1.5026050082788202e-16,2.2436065750677221e-17
112,64,7.9876341576005036e-17,1.8550828337281292e-17
113,64,1.6256741299413359e-16,1.0789576644934053e-16
114,64,1.855746009432016e-16,1.4079879418999177e-16
115,64,1.0077656178379604e-16,5.8283003288515923e-17
116,64,5.9739229121906454e-17,4.6620673715543303e-17
117,64,-1.5399340606051252e-16,3.7761550578250483e-17
118,64,-5.6758342246443432e-16,2.855220637136542e-16
119,64,-2.41439120853338e-16,2.5445945731808078e-16
120,64,1.3594188973741637e-17,-4.8755898496579476e-16
121,64,-3.8031074926054881e-31,2.5619123922754749e-31
122,64,-9.5084731319500989e-33,-5.2874444670650191e-32
123,64,4.9049734510705863e-31,-3.0427329256283075e-31
5,65,3.5277942936835188e-27,-3.619477772649764e-26
11,65,-5.0614396871937878e-33,1.19260841940937e-33
12,65,-2.3493783325440303e-32,2.8264158451877396e-31
13,65,1.4672862522238198e-31,-2.5891951193307519e-31
14,65,-5.0488551883012203e-32,-2.6909925921163078e-32
15,65,-9.9931240529785764e-33,-1.6448898002688389e-32
16,65,-2.2561478577105167e-32,8.41571814196844e-32
17,65,1.5770377606075378e-30,-6.426646571116891e-31
18,65,1.4818940598226361e-31,-2.3228498129461619e-31
25,65,4.4808842258094768e-17,-2.6774805607136472e-17
35,65,-1.1830522774201082e-19,4.3854761848253458e-18
36,65,-1.8330030868860579e-17,6.5847978535569222e-17
37,65,-1.7962945933377984e-19,4.082441086068914e-18
41,65,-4.9410852582892577e-27,-2.7691027766712979e-27
42,65,-1.2186039076422668e-16,2.4167929213310567e-16
43,65,-9.5183666754432046e-17,-1.0608380069168936e-16
44,65,1.3054901670305828e-16,-6.8101753978056341e-18
45,65,-8.4848303978981383e-17,1.3340810488097674e-16
46,65,-2.2375214234137713e-16,-2.7723976972691636e-16
47,65,2.6154978252047556e-15,-3.4054352439238348e-15
48,65,-3.7881446589073848e-19,6.3499492307795129e-19
49,65,-8.1896468887864201e-22,-1.5802136236128581e-22
50,65,7.4062562838932517e-16,1.0632551007466895e-15
51,65,4.8434733768144447e-16,-1.2585453482995929e-16
52,65,9.3496640246636272e-16,6.3829880844929141e-16
53,65,4.3303965148606802e-15,9.6311345561068834e-16
54,65,-1.4127808003886019e-15,3.3224092804830823e-15
55,65,2.3211558512753412e-15,2.7645448584189919e-15
56,65,4.7740128750470302e-15,7.2463742061058549e-16
57,65,-2.6513015339632431e-15,9.3851434260386414e-16
58,65,1.7544576072841704e-15,2.6913182151847958e-15
62,65,-5.6943680966145518,12.585342634059813
63,65,1.5803665069098121,-3.2916766839512097
64,65,1.6056733104007974,-3.3418061594194954
65,65,9.2450029949895924,-20.494101654098962
66,65,-2.2730939886045376,5.1189416084929436
67,65,-2.7815726222105179,5.5719834498789353
68,65,-3.5506348949765099,7.9087599143870397
69,65,0.69272746844008903,-1.8272650503958301
70,65,1.1758993157934301,-2.23017747713335
80,65,-9.1509941534241738e-17,6.7679832250922748e-16
81,65,2.0007789866534847e-15,8.2440841051220256e-16
82,65,-4.0384156684006257e-16,1.0420389217297279e-15
83,65,-4.57549707671209e-17,3.3839916125461759e-16
84,65,1.0003894933267406e-15,4.1220420525610227e-16
85,65,-2.0192078342003313e-16,5.2101946086486749e-16
86,65,-1.2714531155796234e-16,1.4280529077055254e-16
87,65,4.8144566243382819e-18,1.8829254470399834e-16
88,65,-2.7976075805760149e-18,-4.8452289684391578e-17
89,65,1.5884660732506822e-17,8.6586697205574682e-18
92,65,-4.3830507645945228e-19,-5.3027358123391847e-18
96,65,-1.417092844722656e-17,-1.3709032000846958e-17
100,65,-3.9647128198530748e-17,5.4876134222451826e-17
101,65,-3.469123717371446e-17,4.801661744464536e-17
102,65,-2.2929388916229629e-17,2.0879219062027274e-17
103,65,-1.9697248501949462e-17,-9.0874057197071139e-18
104,65,-1.7816147266768607e-17,-1.702652171947023e-17
105,65,-2.0078147772008745e-16,7.0586456331765323e-17
106,65,-1.6667318253711558e-16,-2.1709252005279184e-17
107,65,1.0241345077530984e-16,7.4226365390244659e-17
108,65,8.5348103987648346e-17,-5.0846637801908536e-17
109,65,1.4806793153900581e-30,-2.3800034419320866e-30
111,65,-5.6934988655977588e-17,8.1691941604375058e-18
112,65,3.0201402371089389e-17,7.1968256581233666e-18
113,65,6.1315135884638348e-17,4.1197662658029317e-17
114,65,6.9954913212154029e-17,5.3705164110433152e-17
115,65,3.8026667019684222e-17,2.2283792122196701e-17
116,65,2.2516130568582487e-17,1.7779297656199217e-17
117,65,-5.8382058473024118e-17,1.3959847727270213e-17
118,65,-2.1550164417490292e-16,1.0687394306033715e-16
119,65,-9.1963893673033672e-17,9.5809997442534021e-17
120,65,6.1997873730510542e-18,-1.8455224576898415e-16
121,65,-4.3334459130681229e-32,2.9207469830912105e-32
122,65,-9.2668401769426597e-32,-4.4651990672713086e-33
123,65,1.728978953993895e-31,-7.7381212942420478e-32
5,66,4.3707284653705125e-27,-3.0147343878574198e-27
11,66,1.3881260261516107e-32,7.737154288996462e-32
12,66,-1.4761886662857827e-31,-1.529659487771583e-30
13,66,5.9616004719129276e-31,1.7492552119738478e-30
14,66,-3.016878249625392e-31,2.9489647350231832e-31
15,66,9.4986984695069225e-32,1.6501804496998333e-33
16,66,5.9808178984128535e-32,-3.5429928448742202e-31
17,66,-4.3834075938965408e-30,6.0332745477249517e-30
18,66,3.8220245114551184e-31,1.1949213052810826e-30
25,66,9.2958348333694176e-16,-4.8922633253400615e-16
35,66,-9.3018163127732593e-18,-1.6447671774466403e-17
36,66,-7.8574175248522161e-17,-2.8372124923757099e-16
37,66,-8.4025714203684524e-18,-1.5465472904098393e-17
41,66,-2.2724232232275322e-27,-3.9444098536004833e-27
42,66,-2.1170966803418417e-16,6.4238076892353829e-17
43,66,6.5935924182535932e-16,-8.5830986570855779e-16
44,66,-5.0251173505980901e-16,-2.6069313836897715e-16
45,66,6.8818936446181647e-18,-6.0484466908965955e-17
46,66,-3.3633008697791358e-16,1.4655634287186823e-15
47,66,1.0140498981492307e-14,-6.5004839234277895e-15
48,66,1.0937994114800073e-19,-1.8409542445165877e-19
49,66,3.3574303860561529e-21,-1.2492849782835409e-21
50,66,3.5568483896038606e-15,2.5714847088712308e-15
51,66,1.2855798029988659e-15,1.8768457749063398e-15
52,66,-7.7522848759674842e-16,1.4543970218395194e-15
53,66,-5.2633357928929494e-15,1.072965368680068e-14
54,66,6.6735921816728616e-15,4.9909766238439085e-16
55,66,-3.0772357330272358e-15,-1.3914077558739854e-15
56,66,8.3479926301569854e-15,1.6330007724780261e-14
57,66,3.9148501162250903e-16,-5.6926049714841346e-15
58,66,-7.4560654752137416e-15,-1.4895016886651596e-14
62,66,1.5803665068567565,-3.2916766854776331
63,66,-6.3369992190986633,13.042294524462417
64,66,2.6793627877911255,-4.1912616827283573
65,66,-2.2730939886045292,5.1189416084929604
66,66,10.289118736451721,-21.237145200498702
67,66,-4.5990673903721451,7.00434415860519
68,66,0.69272746844008903,-1.8272650503958301
69,66,-3.9521195120052002,8.1948521098894709
70,66,1.91970461104362,-2.8130827709694701
80,66,-1.6975910913083304e-14,6.7906142274961051e-15
81,66,1.8507250194658472e-14,-4.7939078098022154e-15
82,66,5.5065453321678154e-15,-7.5342489121708386e-15
83,66,-8.4879554565416709e-15,3.3953071137480498e-15
84,66,9.2536250973292362e-15,-2.3969539049010939e-15
85,66,2.7532726660839314e-15,-3.7671244560854225e-15
86,66,-1.9368292167709076e-15,2.8353750129681401e-15
87,66,1.6750075247715096e-16,1.581450744283988e-15
88,66,7.9778486868871299e-15,-1.208195869830439e-15
89,66,6.5938952712215213e-16,8.2196652297352193e-17
92,66,2.7821934811757774e-16,4.1079244879034202e-16
96,66,-2.3794333917264679e-16,4.148336226288781e-16
100,66,-2.7692213390846123e-16,-5.1052536874220377e-16
101,66,-2.4230686716990348e-16,-4.4670969764942886e-16
102,66,-1.619024628837983e-15,-2.8497171597670512e-17
103,66,-4.2514222438845472e-17,-1.536283688078149e-15
104,66,-1.4508743360943138e-15,1.2789527377188901e-15
105,66,-4.0093551042267911e-15,1.06047368097262e-16
106,66,-1.0485562499639121e-15,9.3790696314278264e-16
107,66,-3.2499043256252478e-15,4.2346250373852843e-15
108,66,1.7704269374181224e-15,-9.2878760972565832e-16
109,66,1.1632371129734835e-30,2.1740064282769045e-31
111,66,1.1859610948216132e-15,2.3998417722571552e-16
112,66,-3.3750252019906309e-16,8.8780114557618227e-16
113,66,1.1895341881452447e-15,-2.128148299812114e-16
114,66,1.8094931202043315e-15,1.7675522011874389e-16
115,66,-6.1565998801628612e-16,2.9904897537979217e-17
116,66,-1.4931382358752074e-16,-4.9777104000700195e-17
117,66,1.6695682684045548e-15,-1.1463581048801627e-15
118,66,-1.9738652827413795e-15,-3.2467787009970952e-16
119,66,2.0130897757229115e-15,-5.5096116357233528e-15
120,66,-2.1681589907568114e-15,2.4969367614546119e-16
121,66,-1.1710076103221568e-31,-3.3092313246182104e-31
122,66,-4.1597213244315277e-31,-2.5427821764531716e-31
123,66,5.9852626085429315e-31,7.5054194580438241e-31
5,67,1.095998650727616e-26,-6.811452550300345e-26
11,67,-6.0636521550585282e-33,1.1676851623987222e-32
12,67,-2.8044666656066998e-32,2.881345682030545e-31
13,67,1.584809295422191e-31,-2.9541322722642664e-31
14,67,-5.8102085202046735e-32,2.0991459530438857e-32
15,67,1.4805896229789699e-32,-2.4307009118104841e-32
16,67,-3.6412368318776648e-32,8.7137381669356011e-32
17,67,1.3083314042669825e-30,-7.0665324603490393e-31
18,67,2.5524586900950658e-32,-2.0200092317098017e-31
25,67,3.5125091512718014e-17,-2.404131721319081e-17
35,67,1.5378450440088017e-19,3.6545409559683898e-18
36,67,-1.1459889370127438e-17,5.58249011401006e-17
37,67,8.5350309740308137e-20,3.4060098350351369e-18
41,67,-7.9847149764918218e-27,-7.076199538165763e-27
42,67,-4.2441877434860951e-17,2.0683167589326346e-16
43,67,-8.6899250897847861e-17,-1.0947284397351476e-16
44,67,7.6093186374582375e-17,4.0041830440262605e-18
45,67,-3.3468830786901473e-17,1.0865543514773879e-16
46,67,1.000064174732978e-15,1.2138080153991477e-15
47,67,-3.8668321746479071e-15,1.7459973825602363e-15
48,67,-7.0166381410003606e-19,1.1929233743438676e-18
49,67,-7.0432204115326145e-22,-7.3432888755002286e-23
50,67,-2.0729718626237576e-15,-1.302346069405323e-15
51,67,-2.737779611918754e-16,9.4694232176186279e-16
52,67,1.2068784492078435e-15,-7.6762175257072741e-16
53,67,2.8050292578264329e-15,-7.671497741341507e-16
54,67,1.2887085725328046e-15,5.6981599173530535e-16
55,67,6.4801520646252564e-16,-1.0113416836122926e-15
56,67,4.1983398511177468e-15,-1.342563384535177e-15
57,67,1.948498042899754e-15,6.4043810859410992e-15
58,67,2.3298469781310764e-15,3.0764965166951209e-15
62,67,1.6056733126247971,-3.3418061606292739
63,67,2.6793627878804793,-4.191261685163405
64,67,-6.5483639821620212,13.154488992384424
65,67,-2.7815726222105175,5.5719834498789389
66,67,-4.5990673903721468,7.0043441586051971
67,67,10.967733397190234,-21.646483787306135
68,67,1.1758993157934301,-2.23017747713335
69,67,1.91970461104362,-2.8130827709694701
70,67,-4.4193694245448301,8.4919957799732497
80,67,1.5732668875688113e-15,-3.6078397378306648e-15
81,67,-3.5255577186058852e-16,-1.0702116440645451e-15
82,67,-1.0399970111115697e-16,2.6966772071607953e-15
83,67,7.8663344378441248e-16,-1.8039198689153379e-15
84,67,-1.762778859302933e-16,-5.3510582203227174e-16
85,67,-5.1999850555579793e-17,1.3483386035804002e-15
86,67,-9.616030850615078e-17,1.2447999077163071e-16
87,67,1.337780375200382e-17,1.5250942413751763e-16
88,67,-4.7926693632904415e-18,-3.9710104693583401e-17
89,67,1.3363387789239931e-17,6.2489034621663871e-18
92,67,-6.235257089244651e-19,-4.294866414593969e-18
96,67,-1.2222781045100445e-17,-1.0446709564894574e-17
100,67,-2.9512237707225331e-17,4.6656181879997989e-17
101,67,-2.5823207993822214e-17,4.0824159144998266e-17
102,67,-1.761379648575904e-17,1.8141875606002684e-17
103,67,-1.6486464732170595e-17,-6.4055787403851591e-18
104,67,-1.5355370375446358e-17,-1.2965962309463511e-17
105,67,-1.5987471443294875e-16,6.7527971454198241e-17
106,67,-1.3674788512331739e-16,-9.3010240404034779e-18
107,67,8.7087226059685675e-17,5.5269021542694538e-17
108,67,6.6910931088872588e-17,-4.5668363014908572e-17
109,67,-1.5216254594504732e-30,-2.0553096576664808e-30
111,67,-4.5931033527866346e-17,9.5088354292081002e-18
112,67,2.4942036209789481e-17,4.3397309462130603e-18
113,67,5.1973108083872772e-17,3.045398530126464e-17
114,67,5.9632866541109367e-17,4.0199183076244141e-17
115,67,3.2070400999772623e-17,1.6226764470487007e-17
116,67,1.9219186134743234e-17,1.3340021857276086e-17
117,67,-4.6817372603050374e-17,1.4297958966462487e-17
118,67,-1.700308145474814e-16,9.7806377138344874e-17
119,67,-7.0032152796889449e-17,8.2605068417764057e-17
120,67,-4.222569648893099e-18,-1.5052605376647191e-16
121,67,-1.3412103099808268e-31,1.020365083009563e-31
122,67,7.6512590582672882e-33,-6.8901518372559104e-33
123,67,1.6659830205557571e-31,-1.3005023906214447e-31
32,68,-2964089.6340039,6146139.08241711
33,68,1439778.4582827201,-2109812.0782271
34,68,519545.60133006697,-1370448.7877968701
65,68,-3.5506348949765099,7.9087599143870397
66,68,0.69272746844008903,-1.8272650503958301
67,68,1.1758993157934301,-2.23017747713335
68,68,2964114.5984926401,-6146166.1894121002
69,68,-1439786.0964722,2109819.43678769
70,68,-519551.61835685599,1370456.15453007
71,68,-6.0264128516520401,11.579994245418099
72,68,2.61777901505948,-3.83602196041292
73,68,1.6034990669910401,-3.0411511051818501
80,68,-15.3874409938759,7.6182434728026802
81,68,4.3276829964033201,-1.6952737441299299
82,68,3.2376284063229499,-2.0954047783073699
32,69,1439778.4582827201,-2109812.0782271
33,69,-3314527.0684086201,6368996.83497993
34,69,881924.48684507399,-1672633.1078500201
65,69,0.69272746844008903,-1.8272650503958301
66,69,-3.9521195120052002,8.1948521098894709
67,69,1.91970461104362,-2.8130827709694701
68,69,-1439786.0964722,2109819.43678769
69,69,3314552.5300653102,-6369023.3191749398
70,69,-881931.67886104702,1672640.10793141
71,69,2.61777901505948,-3.83602196041292
72,69,-5.3892538800070904,11.1747983316675
73,69,0.94462836605466705,-2.4917250687215802
80,69,4.3276829964033201,-1.6952737441299299
81,69,-16.120283293277399,7.1145472085843204
82,69,4.3276829964033103,-1.6952737441299299
32,70,519545.60133006697,-1370448.7877968701
33,70,881924.48684507399,-1672633.1078500201
34,70,-2662976.17123238,5931569.9357902799
65,70,1.1758993157934301,-2.23017747713335
66,70,1.91970461104362,-2.8130827709694701
67,70,-4.4193694245448301,8.4919957799732497
68,70,-519551.61835685599,1370456.15453007
69,70,-881931.67886104702,1672640.10793141
70,70,2663000.8198176599,-5931596.8306994904
71,70,1.6034990669910401,-3.0411511051818501
72,70,0.94462836605466705,-2.4917250687215802
73,70,-4.8417748567861496,10.784672610527799
80,70,3.2376284063229601,-2.0954047783073699
81,70,4.3276829964033103,-1.6952737441299299
82,70,-15.3874409938759,7.6182434728026802
68,71,-6.0264128516520401,11.579994245418099
69,71,2.61777901505948,-3.83602196041292
70,71,1.6034990669910401,-3.0411511051818501
71,71,2964095.6604167498,-6146150.6624109903
72,71,-1439781.07606173,2109815.9142489498
73,71,-519547.20482913399,1370451.8289479001
77,71,-2964089.6340039,6146139.08241711
78,71,1439778.4582827201,-2109812.0782271
79,71,519545.60133006697,-1370448.7877968701
68,72,2.61777901505948,-3.83602196041292
69,72,-5.3892538800070904,11.1747983316675
70,72,0.94462836605466705,-2.4917250687215802
71,72,-1439781.07606173,2109815.9142489498
72,72,3314532.4576625,-6369008.0097779203
73,72,-881925.43147344003,1672635.5995750399
77,72,1439778.4582827201,-2109812.0782271
78,72,-3314527.0684086201,6368996.83497993
79,72,881924.48684507399,-1672633.1078500201
68,73,1.6034990669910401,-3.0411511051818501
69,73,0.94462836605466705,-2.4917250687215802
70,73,-4.8417748567861496,10.784672610527799
71,73,-519547.20482913399,1370451.8289479101
72,73,-881925.43147344003,1672635.5995750399
73,73,2662981.0130072399,-5931580.72046257
77,73,519545.60133006697,-1370448.7877968701
78,73,881924.48684507399,-1672633.1078500201
79,73,-2662976.17123238,5931569.9357902799
74,74,0.093956440086270507,-0.20122882750916399
75,74,-0.046978053480999801,0.10061441375458199
76,74,-0.046978053480999801,0.10061441375458199
77,74,-0.093956273524135006,0.20122882750916399
78,74,0.046978053480999801,-0.10061441375458199
79,74,0.046978053480999801,-0.10061441375458199
74,75,-0.046978053480999801,0.10061441375458199
75,75,0.093956440086270507,-0.20122882750916399
76,75,-0.046978053480999801,0.10061441375458199
77,75,0.046978053480999801,-0.10061441375458199
78,75,-0.093956273524135006,0.20122882750916399
79,75,0.046978053480999801,-0.10061441375458199
74,76,-0.046978053480999801,0.10061441375458199
75,76,-0.046978053480999801,0.10061441375458199
76,76,0.093956440086270507,-0.20122882750916399
77,76,0.046978053480999801,-0.10061441375458199
78,76,0.046978053480999801,-0.10061441375458199
79,76,-0.093956273524135006,0.20122882750916399
71,77,-2964089.6340039,6146139.08241711
72,77,1439778.4582827201,-2109812.0782271
73,77,519545.60133006697,-1370448.7877968701
74,77,-0.093956273524135006,0.20122882750916399
75,77,0.046978053480999801,-0.10061441375458199
76,77,0.046978053480999801,-0.10061441375458199
77,77,2964089.7279603402,-6146139.2836459298
78,77,-1439778.50526077,2109812.1788415201
79,77,-519545.64830812003,1370448.88841128
71,78,1439778.4582827201,-2109812.0782271
72,78,-3314527.0684086201,6368996.83497993
73,78,881924.48684507399,-1672633.1078500201
74,78,0.046978053480999801,-0.10061441375458199
75,78,-0.093956273524135006,0.20122882750916399
76,78,0.046978053480999801,-0.10061441375458199
77,78,-1439778.50526077,2109812.1788415201
78,78,3314527.1623650598,-6368997.03620876
79,78,-881924.53382312704,1672633.2084644299
71,79,519545.60133006697,-1370448.7877968701
72,79,881924.48684507399,-1672633.1078500201
73,79,-2662976.17123238,5931569.9357902799
74,79,0.046978053480999801,-0.10061441375458199
75,79,0.046978053480999801,-0.10061441375458199
76,79,-0.093956273524135006,0.20122882750916399
77,79,-519545.64830812003,1370448.88841128
78,79,-881924.53382312704,1672633.2084644299
79,79,2662976.2651888202,-5931570.1370191099
5,80,7.9010598721327044e-26,3.3288360867314962e-26
11,80,6.024798967153749e-33,1.9660943450100092e-32
12,80,-3.2125572125211749e-31,-5.3913669706759009e-31
13,80,5.9380805652485543e-31,4.4215809411240749e-31
14,80,-5.3636502569001275e-32,1.057682445535133e-31
15,80,1.7233871207179883e-32,-4.8719520333419133e-32
16,80,-1.7024462694194686e-32,-1.4487837122263866e-31
17,80,-7.3496761314180801e-31,3.0331931425936118e-30
18,80,4.8481400795086356e-32,3.8325768061408416e-31
25,80,1.4061995889760082e-15,-9.2492568535463085e-16
35,80,-5.5170515484488673e-18,-4.8443589255584213e-18
36,80,-6.512747064034863e-17,-9.4040881690397695e-17
37,80,-5.061466398601121e-18,-4.5990528934729555e-18
41,80,1.0591257662012212e-26,-8.7689759866339018e-27
42,80,1.2408970177245806e-16,1.0736717439511747e-16
43,80,2.9294871113540815e-17,-3.507410856275852e-16
44,80,-3.4026175934058763e-16,-7.1556805867292064e-17
45,80,1.0384669637395781e-16,1.4700423074858514e-17
46,80,-1.6334931140729363e-15,7.4764178705116904e-16
47,80,7.7631112634574876e-16,-6.7258845565753689e-16
48,80,-1.1705181722468938e-18,-1.2359776085542858e-18
49,80,1.0470606748549931e-21,-9.1954247394231023e-22
50,80,1.5888841069741029e-15,-2.5716441635233273e-16
51,80,7.6988347196911225e-16,-2.3767571473238276e-16
52,80,-2.625840863792041e-16,4.8994099206437045e-16
53,80,3.0553680163668019e-15,-5.3232919652092024e-16
54,80,1.705880383609561e-15,3.2675927979306342e-15
55,80,-2.4149829743566416e-15,-2.9230623748480735e-15
56,80,-3.2818435538189732e-16,-1.4876178560014894e-15
57,80,2.21972695412836e-15,3.1561518829739156e-15
58,80,-3.0601471974813276e-15,-3.6845178393256751e-15
62,80,2.9983156334776244e-15,2.6929230203613088e-15
63,80,-5.8650288116336875e-15,3.6033671277920065e-15
64,80,2.287344991206863e-15,-2.5133006647911908e-15
65,80,6.5125998109501167e-16,1.0245673277298834e-15
66,80,6.2015795016315347e-16,-2.826632475542393e-15
67,80,1.1300505981304616e-15,-1.0755602175063592e-15
68,80,-15.3874409938759,7.6182434728026802
69,80,4.3276829964033201,-1.6952737441299299
70,80,3.2376284063229499,-2.0954047783073699
80,80,22.714793848102843,-11.245973624779189
81,80,-6.3884844232619962,2.5025469556204003
82,80,-4.7793562188576306,3.0932165775013809
83,80,-7.3273528542265618,3.627735843897204
84,80,2.0608014268587511,-0.80727321149042464
85,80,1.5417278125347693,-0.99781179919397456
86,80,-3.8944289429089371e-15,-3.9423029069370165e-16
87,80,3.7697058039382543e-16,-1.5145300757922859e-15
88,80,-2.1916496205778857e-15,1.4146673204314926e-15
89,80,2.1749423560049972e-16,5.3387269390517025e-17
92,80,-2.1488318218655198e-16,6.922769149476674e-16
96,80,-4.408900459101563e-16,7.722588662884519e-16
100,80,-1.8126330980899637e-15,5.9105804732695038e-16
101,80,-1.5860539608287207e-15,5.1717579141108108e-16
102,80,-1.8231093550753921e-15,1.3094187868603169e-15
103,80,-1.0599028015644059e-15,-1.9231427869901598e-16
104,80,9.9088336522756372e-16,-3.9517974110029135e-16
105,80,-5.5698624992566466e-15,-5.6760292533282193e-15
106,80,-5.0003423387027564e-16,-7.2421456839005732e-16
107,80,-8.7280195310022616e-16,6.5750455872841943e-15
108,80,2.6786217065468405e-15,-1.7568318058983247e-15
109,80,5.5433428741962286e-31,5.3668949490234935e-31
111,80,-2.2569290532641884e-15,6.8330512493960101e-15
112,80,3.1978895882056568e-16,1.3231439738682133e-15
113,80,-3.1380546945941852e-15,-4.6376981078707332e-16
114,80,-1.900777989455649e-15,7.7335384978516029e-15
115,80,1.6204039197320908e-17,9.4484239577155818e-16
116,80,-6.2237924974977333e-16,-2.3975387418617091e-15
117,80,-2.084606260001536e-15,1.8777431768775342e-15
118,80,-8.5858064215962179e-15,2.0745315598202745e-15
119,80,-1.1686961991453575e-14,-5.6703181563071715e-15
120,80,5.0741325536285927e-15,1.3123920682320568e-15
121,80,-1.8577185113680961e-31,-8.6235945386861288e-32
122,80,-1.4873866697340719e-31,-2.2088607408155876e-32
123,80,3.7511401533672203e-31,1.6874787609989992e-32
5,81,-7.4189923583270104e-26,5.2454130753073774e-26
11,81,3.1411349729724196e-32,-2.293154703676459e-32
12,81,-1.7478120943322147e-31,-5.8223260405595511e-31
13,81,9.2935265030061928e-32,3.9904293384446427e-31
14,81,3.0008588478917607e-32,4.5861679670565709e-32
15,81,2.9289796160006625e-33,-1.4930229146534584e-32
16,81,8.0695447456165594e-33,-1.901502162599285e-31
17,81,-8.5704507405690593e-31,2.3827429767204987e-30
18,81,6.5596086862548459e-32,3.0245257291926881e-31
25,81,7.1509179018865157e-16,-7.9086521491671497e-16
35,81,-4.8262025593212147e-18,-4.2852659251769686e-18
36,81,-5.6792918763381878e-17,-8.2983381364446019e-17
37,81,-4.4269135401157698e-18,-4.0674139263553268e-18
41,81,1.6257810820549338e-28,1.4055637567919906e-26
42,81,-1.2277632719044735e-16,-4.1148814970904181e-16
43,81,9.143118814962869e-17,-3.763061066676501e-17
44,81,-9.0447226567173621e-17,1.9620598676428374e-16
45,81,-7.0008502181540527e-17,-2.6047753062987959e-16
46,81,6.6974972816355463e-16,-1.4388369878287334e-15
47,81,-3.9369888561791809e-15,5.291676884152383e-15
48,81,1.7658347135261712e-18,-5.1787204468129299e-19
49,81,9.8641560486501301e-22,-7.4542351403142638e-22
50,81,1.5361288376255528e-16,6.2868814563130468e-16
51,81,1.488191116965966e-16,3.1506651338747078e-16
52,81,1.3052244286061187e-16,-1.2306769453029544e-15
53,81,-3.7094182391991071e-15,-2.6711241591707111e-15
54,81,1.7570692340044486e-15,2.8711397014086834e-16
55,81,5.8580234072203609e-15,1.9423273442942553e-15
56,81,-3.4207577749981596e-15,5.6209118198799236e-17
57,81,-2.2571250864454221e-15,-4.0323273753093757e-15
58,81,9.4820978322373519e-15,2.1355814536352667e-15
62,81,-1.7731030739857037e-15,-5.6815320003004182e-15
63,81,8.6990869498158866e-15,3.9656709335398881e-15
64,81,-4.5762044428408558e-15,6.064542224672596e-15
65,81,-2.0994744932070074e-16,-1.6614672620911889e-15
66,81,-2.4316837820018945e-15,1.1249519180192838e-14
67,81,-2.0952127058604105e-15,2.1177232640927526e-15
68,81,4.3276829964033201,-1.6952737441299299
69,81,-16.120283293277399,7.1145472085843204
70,81,4.3276829964033103,-1.6952737441299299
80,81,-6.3884844232619828,2.5025469556204056
81,81,23.796608671028707,-10.502421996647264
82,81,-6.3884844232619793,2.5025469556203968
83,81,2.0608014268587538,-0.80727321149042197
84,81,-7.6763253777510458,3.3878804799837039
85,81,2.06080142685876,-0.80727321149042619
86,81,3.8043607514085948e-15,-4.0570598805209485e-15
87,81,9.5847271875830303e-16,2.4180120646436653e-15
88,81,-7.2408611100248455e-16,-1.4400203769455356e-16
89,81,-2.5084759787158367e-16,4.3751303222316897e-16
92,81,6.5228340020669714e-16,-9.2493367553810485e-16
96,81,9.8648492899340846e-16,-1.4691476938277583e-15
100,81,-1.1526768217010251e-15,1.0587178078624983e-15
101,81,-1.0085922189883984e-15,9.2637808187968596e-16
102,81,1.1976604932055968e-15,6.0478414016266616e-16
103,81,-1.7364379503218578e-16,1.207835757885245e-15
104,81,1.7093822331878183e-16,-1.094829757682455e-15
105,81,6.4249716988441685e-15,4.4331701437644002e-15
106,81,-4.0434384786450781e-15,-1.0688510181382676e-15
107,81,5.021025421502843e-16,-3.9299948228783055e-15
108,81,1.3629538859609823e-15,-1.5034093966911192e-15
109,81,-1.4368474653581741e-31,1.4111534357375375e-31
111,81,9.928581374762729e-16,-2.5322996446337329e-15
112,81,1.9372278715421699e-15,2.6217861301085313e-15
113,81,4.2352824086286182e-15,1.6266154669657315e-15
114,81,-9.1782136717444001e-16,-3.6277486345372062e-15
115,81,1.7956169783906128e-15,2.0774848124601924e-15
116,81,1.6887050313572688e-15,1.5756088206598457e-15
117,81,1.3032989496898926e-15,1.3903063189637041e-16
118,81,-8.0702884945156312e-16,5.9961274809815019e-15
119,81,7.5903086312398846e-15,-1.6838231116067715e-16
120,81,8.9056164887759817e-16,-3.3349473624898177e-15
121,81,1.3046647505774629e-31,7.6394903946296437e-33
122,81,-1.7488221712124523e-32,9.5778162674020246e-32
123,81,-1.2538468377627906e-31,-5.3292362089401786e-32
5,82,1.8650986120358128e-26,-4.8657718062449589e-27
11,82,-8.9048130178453942e-34,1.0125985579883577e-32
12,82,2.5403975633932108e-31,-1.1388767178331247e-31
13,82,-3.9611211708195531e-31,8.5896986838341423e-32
14,82,4.09376224065212e-32,-7.7711295088908331e-32
15,82,-2.5791381781545916e-32,-3.2464561680568265e-32
16,82,7.6592006451001361e-32,-1.1407986963338237e-32
17,82,-1.7770497375043295e-30,-7.5964452783277057e-31
18,82,-3.0074553020074811e-31,6.0198480539540582e-32
25,82,-9.6535627235885647e-16,6.6151467986966777e-16
35,82,3.3943077789292779e-18,-3.5566869137953563e-18
36,82,6.4726471857086387e-17,-4.0962565701675848e-17
37,82,3.217535990582779e-18,-3.2586879488794948e-18
41,82,2.0059208078295818e-27,-3.497187377349102e-27
42,82,1.5379957888179492e-16,-4.7945293362080082e-17
43,82,1.507944467986883e-16,1.1334593458571402e-16
44,82,-7.5521820893848503e-17,-1.307959229754757e-16
45,82,1.1650181240737695e-16,-8.5428166490732648e-18
46,82,-8.3403888708808557e-16,3.164443138175918e-16
47,82,1.9065841965907908e-15,-2.7315471663690706e-15
48,82,-3.1659217012038837e-19,1.9915357865905714e-20
49,82,5.4633598662668511e-22,7.4086180769832656e-22
50,82,-4.1571556111325322e-16,-3.2476179146399114e-16
51,82,-4.4957268740954589e-16,-5.6242300243188672e-16
52,82,7.4579826562346559e-16,-8.8065535853603286e-16
53,82,9.2330576547720127e-16,-3.5324681571991402e-16
54,82,-1.8842943914401596e-15,2.2853690902378211e-15
55,82,2.412562268460401e-15,-6.3868195617150223e-15
56,82,-3.2004393665391056e-15,-1.673741777021529e-15
57,82,4.6052375623143817e-15,3.597168534348854e-15
58,82,3.2565845985005049e-15,-1.6902370335773572e-15
62,82,-2.3456410489564642e-15,-2.272252062352955e-15
63,82,-1.6845578798652017e-15,5.0104223031263665e-15
64,82,-2.1054903898439394e-15,-4.7321348931485432e-15
65,82,-1.0282907908857912e-15,-5.4568514965795561e-16
66,82,8.9916893504527195e-15,3.6040993204230905e-16
67,82,-5.3816434054060575e-16,-1.8557725793415442e-15
68,82,3.2376284063229601,-2.0954047783073699
69,82,4.3276829964033103,-1.6952737441299299
70,82,-15.3874409938759,7.6182434728026802
80,82,-4.779356218857636,3.0932165775013818
81,82,-6.3884844232619837,2.5025469556204012
82,82,22.714793848102833,-11.245973624779186
83,82,1.5417278125347726,-0.99781179919397411
84,82,2.0608014268587578,-0.80727321149042408
85,82,-7.3273528542265671,3.6277358438972009
86,82,-1.5256752202720582e-16,1.675888819733382e-16
87,82,2.0226101416291795e-15,-2.1385445451708383e-15
88,82,-2.9748450491802887e-17,3.4813295966817282e-16
89,82,-1.488464617646508e-16,-7.5621808273233308e-16
92,82,-1.1781960964935794e-15,1.003430905707287e-15
96,82,-1.2644794196285797e-15,1.8358454555397107e-15
100,82,-1.2109454033904361e-15,4.1222339991638301e-16
101,82,-1.0595772279666324e-15,3.6069547492683463e-16
102,82,1.5806402653884893e-15,-2.1213327641167661e-15
103,82,1.0205753365714103e-15,-6.958513157697412e-16
104,82,-9.1479835701719336e-16,1.8140734017494916e-15
105,82,1.0041165256701857e-15,-1.611677167541494e-15
106,82,1.2841780563315088e-16,1.9987104580080024e-15
107,82,2.1961597029715012e-15,-3.7977869276994231e-15
108,82,-1.8389405531276396e-15,1.2566017273981041e-15
109,82,-2.6903088465624823e-32,1.8301484978749066e-31
111,82,2.838437109734541e-15,-3.4920226808261502e-15
112,82,-2.732555972279806e-15,-2.3595953371522271e-15
113,82,3.3487458398757988e-16,-3.1988947507187522e-15
114,82,3.4320753853737457e-15,-3.0699373361069916e-15
115,82,-2.448863776356217e-15,-2.554667158094362e-15
116,82,-1.290761589752773e-15,2.2153006650968649e-16
117,82,1.2035971053947083e-15,-2.7683220259147552e-15
118,82,1.1199831078576053e-14,-7.0954113399118681e-15
119,82,6.9965918136557645e-15,5.0000162285841929e-15
120,82,-8.4072750185065811e-15,2.1389707212167947e-15
121,82,2.6570266847950604e-31,-2.2143655545203739e-32
122,82,6.9387682564846384e-32,3.6174268568439011e-32
123,82,-3.5196485516507162e-31,2.5550633615192233e-32
5,83,3.9505299360663597e-26,1.6644180433657648e-26
11,83,3.012399483576895e-33,9.8304717250500967e-33
12,83,-1.6062786062605857e-31,-2.6956834853379706e-31
13,83,2.9690402826242811e-31,2.2107904705620558e-31
14,83,-2.6818251284500807e-32,5.2884122276756835e-32
15,83,8.616935603590032e-33,-2.4359760166709698e-32
16,83,-8.5122313470970801e-33,-7.243918561131979e-32
17,83,-3.6748380657091171e-31,1.5165965712968122e-30
18,83,2.4240700397542565e-32,1.9162884030704318e-31
25,83,7.0309979448800813e-16,-4.6246284267731602e-16
35,83,-2.758525774224439e-18,-2.4221794627792338e-18
36,83,-3.2563735320174309e-17,-4.7020440845199217e-17
37,83,-2.5307331993005651e-18,-2.2995264467364993e-18
41,83,5.2956288310061364e-27,-4.3844879933169495e-27
42,83,6.2044850886229386e-17,5.3683587197558758e-17
43,83,1.4647435556770999e-17,-1.7537054281379319e-16
44,83,-1.7013087967029465e-16,-3.577840293364655e-17
45,83,5.1923348186979263e-17,7.3502115374292137e-18
46,83,-8.1674655703647207e-16,3.7382089352558353e-16
47,83,3.8815556317287399e-16,-3.3629422782876805e-16
48,83,-5.8525908612344681e-19,-6.1798880427714665e-19
49,83,5.235303374275009e-22,-4.5977123697115549e-22
50,83,7.9444205348705498e-16,-1.2858220817616503e-16
51,83,3.8494173598455785e-16,-1.1883785736619131e-16
52,83,-1.3129204318960175e-16,2.4497049603218478e-16
53,83,1.5276840081834072e-15,-2.661645982604613e-16
54,83,8.5294019180477992e-16,1.6337963989653282e-15
55,83,-1.2074914871783155e-15,-1.4615311874240454e-15
56,83,-1.6409217769095201e-16,-7.4380892800075179e-16
57,83,1.1098634770641836e-15,1.5780759414869669e-15
58,83,-1.5300735987406575e-15,-1.8422589196628439e-15
62,83,1.4991578167388158e-15,1.3464615101806562e-15
63,83,-2.9325144058168584e-15,1.8016835638960143e-15
64,83,1.1436724956034333e-15,-1.2566503323955997e-15
65,83,3.2562999054750608e-16,5.122836638649426e-16
66,83,3.1007897508158107e-16,-1.4133162377711914e-15
67,83,5.6502529906523216e-16,-5.3778010875318149e-16
80,83,-7.3273528542265609,3.6277358438972054
81,83,2.0608014268587516,-0.80727321149042475
82,83,1.5417278125347695,-0.99781179919397445
83,83,16.378788732977203,-8.1090485565881281
84,83,-4.606497307095955,1.8044930609786376
85,83,-3.4462151103717553,2.2304028452571529
86,83,-9.0514358787505618,4.4813196898839296
87,83,2.5456958802372398,-0.99721984948819176
88,83,1.9044872978370289,-1.2325910460631593
89,83,1.0874711780025004e-16,2.6693634695258506e-17
92,83,-1.0744159109327752e-16,3.4613845747383489e-16
96,83,-2.2044502295508007e-16,3.8612943314422743e-16
100,83,-9.0631654904498875e-16,2.955290236634747e-16
101,83,-7.9302698041436629e-16,2.5858789570554015e-16
102,83,-9.1155467753769901e-16,6.5470939343015936e-16
103,83,-5.299514007822047e-16,-9.6157139349508875e-17
104,83,4.9544168261378373e-16,-1.9758987055014523e-16
105,83,-2.7849312496283253e-15,-2.8380146266641231e-15
106,83,-2.5001711693514137e-16,-3.6210728419503172e-16
107,83,-4.3640097655011742e-16,3.2875227936421058e-15
108,83,1.3393108532734277e-15,-8.7841590294916353e-16
109,83,2.7716714370981182e-31,2.683447474511766e-31
111,83,-1.1284645266321017e-15,3.4165256246980141e-15
112,83,1.5989447941028131e-16,6.6157198693411e-16
113,83,-1.5690273472970952e-15,-2.3188490539354031e-16
114,83,-9.5038899472783276e-16,3.8667692489258125e-15
115,83,8.1020195986590241e-18,4.7242119788578086e-16
116,83,-3.1118962487488578e-16,-1.1987693709308589e-15
117,83,-1.0423031300007719e-15,9.3887158843876787e-16
118,83,-4.2929032107981231e-15,1.0372657799101351e-15
119,83,-5.8434809957267979e-15,-2.8351590781536023e-15
120,83,2.5370662768143015e-15,6.5619603411603355e-16
121,83,-9.2885925568404826e-32,-4.3117972693430907e-32
122,83,-7.436933348670391e-32,-1.1044303704078036e-32
123,83,1.8755700766836147e-31,8.437393804995259e-33
5,84,-3.7094961791635075e-26,2.6227065376536847e-26
11,84,1.5705674864862096e-32,-1.1465773518382257e-32
12,84,-8.7390604716609927e-32,-2.911163020279776e-31
13,84,4.6467632515030438e-32,1.9952146692223222e-31
14,84,1.5004294239458727e-32,2.2930839835282871e-32
15,84,1.4644898080003774e-33,-7.4651145732672866e-33
16,84,4.0347723728085096e-33,-9.5075108129964163e-32
17,84,-4.2852253702845594e-31,1.1913714883602473e-30
18,84,3.2798043431273786e-32,1.5122628645963432e-31
25,84,3.5754589509432657e-16,-3.9543260745835645e-16
35,84,-2.4131012796605996e-18,-2.1426329625884882e-18
36,84,-2.839645938169081e-17,-4.1491690682223047e-17
37,84,-2.2134567700578776e-18,-2.0337069631776672e-18
41,84,8.1289054102739334e-29,7.0278187839599528e-27
42,84,-6.1388163595223304e-17,-2.0574407485452076e-16
43,84,4.5715594074814456e-17,-1.8815305333382388e-17
44,84,-4.5223613283586909e-17,9.810299338214156e-17
45,84,-3.5004251090770011e-17,-1.302387653149397e-16
46,84,3.348748640817779e-16,-7.194184939143665e-16
47,84,-1.9684944280895932e-15,2.6458384420761875e-15
48,84,8.8291735676308598e-19,-2.5893602234064539e-19
49,84,4.9320780243250707e-22,-3.7271175701571159e-22
50,84,7.6806441881277419e-17,3.1434407281565283e-16
51,84,7.4409555848298324e-17,1.5753325669373561e-16
52,84,6.5261221430306993e-17,-6.1533847265147642e-16
53,84,-1.8547091195995492e-15,-1.3355620795853567e-15
54,84,8.7853461700222153e-16,1.4355698507043585e-16
55,84,2.9290117036101797e-15,9.7116367214713238e-16
56,84,-1.7103788874990774e-15,2.8104559099395526e-17
57,84,-1.1285625432227093e-15,-2.0161636876546863e-15
58,84,4.741048916118672e-15,1.0677907268176412e-15
62,84,-8.8655153699284615e-16,-2.8407660001502083e-15
63,84,4.3495434749079339e-15,1.982835466769948e-15
64,84,-2.2881022214204295e-15,3.0322711123362921e-15
65,84,-1.0497372466034889e-16,-8.3073363104559404e-16
66,84,-1.2158418910009563e-15,5.6247595900964165e-15
67,84,-1.0476063529302052e-15,1.0588616320463739e-15
80,84,2.0608014268587547,-0.80727321149042197
81,84,-7.676325377751045,3.3878804799837043
82,84,2.06080142685876,-0.8072732114904263
83,84,-4.606497307095955,1.8044930609786389
84,84,17.158844962031974,-7.5729012725461748
85,84,-4.6064973070959399,1.8044930609786367
86,84,2.5456958802372416,-0.99721984948819298
87,84,-9.4825195842808192,4.1850277697554805
88,84,2.5456958802372394,-0.99721984948819209
89,84,-1.2542379893579189e-16,2.1875651611158421e-16
92,84,3.2614170010334862e-16,-4.6246683776905203e-16
96,84,4.9324246449670443e-16,-7.3457384691387844e-16
100,84,-5.7633841085051354e-16,5.293589039312466e-16
101,84,-5.0429610949419998e-16,4.6318904093984071e-16
102,84,5.988302466027973e-16,3.0239207008133397e-16
103,84,-8.6821897516093788e-17,6.0391787894262193e-16
104,84,8.5469111659391605e-17,-5.4741487884122699e-16
105,84,3.2124858494220807e-15,2.2165850718822025e-15
106,84,-2.0217192393225371e-15,-5.3442550906913734e-16
107,84,2.5105127107514393e-16,-1.9649974114391496e-15
108,84,6.8147694298049275e-16,-7.5170469834555763e-16
109,84,-7.1842373267909012e-32,7.0557671786876963e-32
111,84,4.9642906873813625e-16,-1.2661498223168641e-15
112,84,9.686139357710824e-16,1.3108930650542661e-15
113,84,2.1176412043143075e-15,8.1330773348286814e-16
114,84,-4.5891068358721892e-16,-1.8138743172686015e-15
115,84,8.9780848919530465e-16,1.0387424062300966e-15
116,84,8.4435251567863332e-16,7.8780441032992303e-16
117,84,6.5164947484494569e-16,6.9515315948186241e-17
118,84,-4.0351442472578669e-16,2.998063740490749e-15
119,84,3.7951543156199399e-15,-8.4191155580334826e-17
120,84,4.4528082443880165e-16,-1.6674736812449079e-15
121,84,6.5233237528873103e-32,3.819745197314945e-33
122,84,-8.7441108560623666e-33,4.7889081337010035e-32
123,84,-6.2692341888139398e-32,-2.6646181044700958e-32
5,85,9.325493060179067e-27,-2.4328859031224098e-27
11,85,-4.4524065089225825e-34,5.0629927899418233e-33
12,85,1.2701987816966144e-31,-5.6943835891657045e-32
13,85,-1.9805605854097853e-31,4.294849341917116e-32
14,85,2.0468811203260712e-32,-3.8855647544454165e-32
15,85,-1.2895690890772917e-32,-1.6232280840284266e-32
16,85,3.8296003225501014e-32,-5.703993481669247e-33
17,85,-8.885248687521709e-31,-3.7982226391638664e-31
18,85,-1.50372765100375e-31,3.0099240269770455e-32
25,85,-4.8267813617942892e-16,3.3075733993483369e-16
35,85,1.6971538894646486e-18,-1.7783434568976909e-18
36,85,3.2363235928543397e-17,-2.0481282850838081e-17
37,85,1.6087679952913985e-18,-1.6293439744397594e-18
41,85,1.0029604039148035e-27,-1.7485936886745463e-27
42,85,7.6899789440897992e-17,-2.3972646681040118e-17
43,85,7.5397223399344533e-17,5.6672967292857267e-17
44,85,-3.7760910446924553e-17,-6.5397961487738331e-17
45,85,5.8250906203688867e-17,-4.2714083245366309e-18
46,85,-4.1701944354404505e-16,1.5822215690879442e-16
47,85,9.5329209829539856e-16,-1.3657735831845365e-15
48,85,-1.5829608506019358e-19,9.9576789329517136e-21
49,85,2.7316799331334467e-22,3.7043090384916549e-22
50,85,-2.0785778055662604e-16,-1.6238089573199579e-16
51,85,-2.2478634370477245e-16,-2.8121150121594464e-16
52,85,3.728991328117359e-16,-4.4032767926801757e-16
53,85,4.6165288273860428e-16,-1.7662340785995908e-16
54,85,-9.4214719572008628e-16,1.1426845451189163e-15
55,85,1.2062811342302174e-15,-3.1934097808575182e-15
56,85,-1.6002196832695583e-15,-8.3687088851077563e-16
57,85,2.3026187811571952e-15,1.7985842671744404e-15
58,85,1.6282922992502665e-15,-8.4511851678867415e-16
62,85,-1.1728205244782307e-15,-1.1361260311764871e-15
63,85,-8.4227893993261348e-16,2.5052111515631974e-15
64,85,-1.0527451949219705e-15,-2.366067446574283e-15
65,85,-5.1414539544289612e-16,-2.7284257482898067e-16
66,85,4.4958446752263708e-15,1.8020496602117329e-16
67,85,-2.6908217027030248e-16,-9.2788628967077645e-16
80,85,1.5417278125347724,-0.99781179919397422
81,85,2.0608014268587578,-0.80727321149042419
82,85,-7.3273528542265671,3.6277358438972014
83,85,-3.4462151103717535,2.2304028452571529
84,85,-4.6064973070959407,1.8044930609786378
85,85,16.378788732977199,-8.1090485565881316
86,85,1.90448729783703,-1.2325910460631599
87,85,2.5456958802372407,-0.99721984948819209
88,85,-9.0514358787505493,4.4813196898839296
89,85,-7.4423230882324844e-17,-3.7810904136616797e-16
92,85,-5.8909804824679293e-16,5.0171545285364381e-16
96,85,-6.322397098142943e-16,9.1792272776985693e-16
100,85,-6.0547270169522379e-16,2.0611169995819017e-16
101,85,-5.2978861398332132e-16,1.8034773746341613e-16
102,85,7.9032013269424967e-16,-1.0606663820583836e-15
103,85,5.1028766828570692e-16,-3.479256578848703e-16
104,85,-4.5739917850859974e-16,9.0703670087474759e-16
105,85,5.0205826283509799e-16,-8.0583858377074838e-16
106,85,6.4208902816570584e-17,9.9935522900400158e-16
107,85,1.0980798514857597e-15,-1.8988934638497143e-15
108,85,-9.1947027656382098e-16,6.2830086369905143e-16
109,85,-1.34515442328128e-32,9.150742489374626e-32
111,85,1.4192185548672788e-15,-1.7460113404130755e-15
112,85,-1.3662779861399051e-15,-1.1797976685761185e-15
113,85,1.6743729199379546e-16,-1.5994473753593804e-15
114,85,1.7160376926868809e-15,-1.5349686680534954e-15
115,85,-1.2244318881781099e-15,-1.2773335790471867e-15
116,85,-6.4538079487638846e-16,1.1076503325484189e-16
117,85,6.0179855269735929e-16,-1.3841610129573802e-15
118,85,5.5999155392880488e-15,-3.5477056699559301e-15
119,85,3.4982959068278886e-15,2.5000081142921118e-15
120,85,-4.2036375092533055e-15,1.0694853606083902e-15
121,85,1.3285133423975357e-31,-1.1071827772601578e-32
122,85,3.4693841282423121e-32,1.8087134284219656e-32
123,85,-1.7598242758253633e-31,1.2775316807595711e-32
5,86,-6.5268085058689073e-27,7.1209287671904951e-26
11,86,3.2378154744993922e-33,1.1204673134910495e-32
12,86,-2.2807923027152894e-31,5.1230802201796536e-32
13,86,2.8651899285313884e-31,-1.7706667811917449e-31
14,86,3.5446998129128121e-31,1.5518752426626211e-31
15,86,-4.2680732157752904e-33,-2.9575548111843795e-32
16,86,-7.9856102758436885e-33,3.759430764428061e-32
17,86,1.0567439467653868e-30,-3.469047727986531e-31
18,86,-1.0380457349409219e-31,-1.0718607258605038e-31
25,86,6.0659053464393852e-16,1.8115451288174298e-16
35,86,6.6979118341674402e-19,3.4746085374884194e-18
36,86,-2.9808480445563962e-18,5.5051237337807672e-17
37,86,5.6877091549905747e-19,3.2466053063102429e-18
41,86,9.062327344335568e-27,8.2800973461052288e-27
42,86,2.5630818196874981e-16,5.7399777185579988e-16
43,86,-4.0472984238375824e-16,-2.2951672765475733e-16
44,86,-6.3988171374546397e-17,-2.2353877006935241e-16
45,86,1.1781511591390668e-16,3.1208797222655791e-16
46,86,-7.3693074424141251e-16,-9.9029120623132682e-16
47,86,-7.7668550071159634e-16,1.1027893304691178e-16
48,86,5.2306615205158408e-19,-1.2524118451909264e-18
49,86,-6.6525777009030305e-22,-3.0410996944532604e-23
50,86,9.5669581821105389e-16,-2.0036070799207987e-15
51,86,6.6317789166594875e-16,4.3970165031776937e-16
52,86,1.5945151288305407e-16,4.2015981493801024e-17
53,86,-4.8794496802268812e-15,1.217072739361188e-16
54,86,2.610584981416297e-15,9.6597441414071096e-16
55,86,1.7956561795021069e-15,-1.4823838206770793e-15
56,86,-1.1294884522111953e-15,-1.9564593388998849e-15
57,86,-3.2051314288504374e-15,3.4670129552271515e-15
58,86,7.097044735521231e-15,-3.1804771740465804e-15
62,86,2.9326944560782821e-15,-3.247759523280896e-15
63,86,6.0959084402960252e-15,3.3975822881756403e-15
64,86,-4.7553730834254984e-15,-4.3479888508601519e-15
65,86,1.3079932552969395e-15,-7.8006606183721848e-16
66,86,2.4630550306592586e-17,2.7449872512674649e-15
67,86,-2.0400167736592115e-15,-1.8842069666773388e-15
80,86,6.4045021306796935e-16,4.6961373237499244e-16
81,86,-9.9128925456995496e-16,-4.1430100899382924e-15
82,86,5.0918544777290873e-16,-1.3060484554490603e-15
83,86,-9.05143587875056,4.4813196898839296
84,86,2.5456958802372394,-0.99721984948819309
85,86,1.9044872978370302,-1.2325910460631606
86,86,9.0514358787509686,-4.4813117946390637
87,86,-2.5456958802370986,0.99721984948827957
88,86,-1.9044872978368872,1.2325910460632239
89,86,5.53920729043463e-17,-2.1906067040615258e-15
92,86,-4.3121438232261709e-16,-1.5134682335071603e-15
96,86,-5.5722671284451655e-16,9.4191238271695139e-17
100,86,-6.1285243962971475e-16,-3.6640779324809294e-16
101,86,-5.3624588467600076e-16,-3.2060681909208202e-16
102,86,-8.1098018156813704e-16,2.6066505644346449e-16
103,86,-7.0037752423099828e-16,-7.2349841888019975e-17
104,86,4.7387401453442742e-16,6.9360293584399068e-16
105,86,-1.4840513958585927e-15,1.7155701564181306e-16
106,86,-2.880822981059499e-15,7.1201025804305822e-16
107,86,-2.7357119996031206e-15,1.4431043758888237e-15
108,86,1.1540258353339233e-15,3.4629152682543022e-16
109,86,1.0419327493078563e-30,1.3878690282776066e-31
111,86,-8.528456287727573e-16,-1.5024762277181642e-15
112,86,1.6574967201358094e-16,-2.2060481640288045e-16
113,86,-2.2433285818623485e-16,5.3618623537369819e-17
114,86,-7.9928143708844582e-16,-1.3066994841419598e-16
115,86,-7.0087980268139062e-17,9.2323795957346452e-18
116,86,8.9897071254014332e-16,3.322901103128967e-16
117,86,-5.4104554998009802e-16,-4.7710071722894825e-16
118,86,-1.4989928559918388e-15,-1.6093817502027179e-15
119,86,-1.0693387194335022e-15,-3.2918448217238704e-16
120,86,7.2698406848472096e-16,-5.1062249158022146e-16
121,86,-2.5226612065701561e-31,1.9267859339304969e-31
122,86,-5.0949074169858486e-33,-6.6719534061324128e-32
123,86,3.0313365992663433e-31,-3.2248853984927159e-31
5,87,3.142699394926972e-26,4.8177073063590354e-26
11,87,-1.0361405161904773e-33,-2.6407036453887989e-32
12,87,-4.4807153244636135e-31,4.5072338402553658e-31
13,87,2.3744502778994104e-31,-4.4558434277048954e-31
14,87,1.4069679373255e-31,-1.0335940295786455e-31
15,87,-3.217928053434048e-32,5.6338665345149648e-33
16,87,-1.5290764575114432e-31,6.0727400372889275e-32
17,87,2.6343645368213987e-30,-6.0087249030332269e-32
18,87,2.2685637311664488e-31,-1.3058567578647132e-31
25,87,1.2201023218114426e-16,1.0877120472656658e-16
35,87,-2.5933249631260036e-18,5.5246803895526831e-18
36,87,-6.0041304521886342e-17,7.3733500023431711e-17
37,87,-2.5027238935713344e-18,5.1042187851907397e-18
41,87,8.3952897426020682e-27,1.4089799240317787e-27
42,87,-1.3127912917630302e-17,-1.4121291017007629e-16
43,87,-2.9149164875457138e-16,1.8421484866071034e-16
44,87,7.0920007248686345e-17,2.4470607943661453e-16
45,87,-6.1606118142466503e-17,-7.24693023115689e-17
46,87,-4.6985713216189977e-16,-8.6570932771844499e-16
47,87,5.2224170778774871e-17,7.5859903582366852e-18
48,87,-3.5771311313319596e-19,-1.126796621761252e-18
49,87,-9.5077672669607933e-22,-6.6564330971364585e-22
50,87,8.9918027505966263e-16,-1.6681406576401985e-15
51,87,7.4611337442260607e-16,-1.3985855231298066e-15
52,87,-1.8335421912150136e-15,2.5009060424660827e-15
53,87,-6.9881073758802509e-17,-1.2820344169254695e-15
54,87,-1.3381641417851118e-15,-4.3435508884535529e-17
55,87,-1.7201727049086907e-16,6.7939779563612319e-16
56,87,-1.5109229184597104e-15,-3.4033202844744219e-16
57,87,-3.514530374259844e-15,2.372001965359418e-15
58,87,2.0529189960296658e-15,-1.9580034722477736e-15
62,87,-4.2487025999273345e-16,7.7586737762899404e-16
63,87,-6.3595619005897285e-16,1.8498352778017714e-15
64,87,1.8900949559810189e-15,-5.8763293788029074e-15
65,87,-2.6462033711443549e-16,4.0283154443094626e-16
66,87,4.3089970445307234e-15,4.548315042493866e-15
67,87,8.7370390498925795e-16,-2.2585528562827966e-15
80,87,2.2015500547613763e-15,3.9085759630643799e-15
81,87,-7.0789338381098845e-16,-4.8703895293453418e-16
82,87,-2.4230184202170996e-15,-1.5267006733584329e-15
83,87,2.5456958802372407,-0.99721984948818898
84,87,-9.4825195842808192,4.1850277697554796
85,87,2.5456958802372385,-0.99721984948819276
86,87,-2.5456958802370919,0.9972198494882738
87,87,9.4825195842812722,-4.1850198745106502
88,87,-2.5456958802370826,0.99721984948827624
89,87,-9.7155457053782263e-16,7.2945087643036584e-16
92,87,-1.2764950277023893e-16,3.8273877866415816e-17
96,87,6.8419666479164947e-16,-5.8173327780050127e-16
100,87,-2.9601430210108933e-16,3.4945676705463951e-16
101,87,-2.5901251433845359e-16,3.057746711728097e-16
102,87,1.5743548945627276e-15,-2.5117863992049142e-15
103,87,4.7536292566376942e-16,2.223661420740047e-15
104,87,-4.2636793966688103e-17,-7.0292070932450074e-16
105,87,1.2636146302831845e-15,-1.0867570171287701e-14
106,87,1.1016471507650606e-16,7.0504999199891671e-15
107,87,9.0828039652310854e-16,-1.7500805980907696e-15
108,87,2.3194140244417165e-16,2.0732050868898505e-16
109,87,-2.1480488590280148e-31,-7.17983086025535e-32
111,87,6.1449779989881619e-16,1.6325579587110018e-16
112,87,1.1518293155306771e-15,7.0150015812397993e-16
113,87,-1.0997350380668897e-15,-1.134144556622656e-15
114,87,1.6849364621694186e-16,4.3998491936218644e-16
115,87,7.9751316180105774e-16,-2.657863760897213e-16
116,87,-5.4633132564687157e-16,-8.6185495404450602e-16
117,87,-1.3734746362199876e-15,7.5437619477655716e-16
118,87,3.0128661196322018e-15,-8.2487283554354835e-16
119,87,-9.8786533878348011e-16,3.7383429279591476e-15
120,87,-1.0669285167572165e-15,2.1253597714415489e-16
121,87,1.3199092865307639e-31,1.3123258653989246e-31
122,87,6.2046406217105115e-32,-5.6834178169907671e-32
123,87,-2.0777815792454791e-31,3.9840448787199972e-32
5,88,-1.1934032238103432e-26,-8.1045706363156587e-27
11,88,-3.3613064005168336e-33,-6.7894256663753304e-33
12,88,1.6721078617375062e-31,1.9169722899115258e-31
13,88,-1.7028053115508276e-31,-2.4556074156167218e-31
14,88,-1.3768503894286236e-31,-5.0432925231647235e-32
15,88,-1.5232831495533988e-33,-3.7938538302336692e-33
16,88,1.0516426048088998e-32,4.3687335822003635e-32
17,88,2.0555388611899334e-31,-1.362941319824869e-30
18,88,-1.5690754520014237e-31,-3.3805015137807973e-32
25,88,-9.0083066951035617e-16,-1.5442100528865665e-16
35,88,3.0170309292077546e-18,1.7478136206969915e-18
36,88,3.9015146957165677e-17,3.7801269703389056e-17
37,88,2.7821654347912157e-18,1.6755646935781343e-18
41,88,-1.2648158814267381e-27,1.3979699855557356e-27
42,88,3.8150329534951663e-20,-5.741889296094424e-17
43,88,-4.4767915983921257e-18,1.9882624556404337e-16
44,88,1.2190722301996149e-16,1.2648828703091923e-17
45,88,-1.0801626283840607e-17,-6.3945399381851767e-18
46,88,2.1091504494859707e-16,-5.011791205832913e-16
47,88,1.1015272509667434e-15,3.3955031635334207e-16
48,88,1.4513247986468509e-19,2.9380100585377997e-19
49,88,-4.1554114908712329e-22,5.2031666647229399e-22
50,88,-7.879966327803022e-16,-1.2309761724322454e-15
51,88,-7.9583282962023915e-16,-5.238822531863664e-17
52,88,1.0825296665121337e-15,-6.6235145340160564e-16
53,88,-2.0299912720797015e-15,1.9358515615950004e-15
54,88,6.6362106517591522e-16,-7.7579124081165573e-16
55,88,7.5261254508077586e-16,-3.3116747637308316e-15
56,88,-6.3823457529692693e-16,1.0027210755755506e-15
57,88,1.7258908973877364e-15,2.1885738048770407e-15
58,88,-3.3397120891827847e-15,-4.5925428360032518e-15
62,88,-2.4965783633662544e-15,-2.2105858491255826e-15
63,88,1.9185439338953079e-15,-2.7270169707683922e-17
64,88,1.3856131142650953e-15,3.4213191873313809e-15
65,88,-7.8801147248213249e-16,-7.8333929849055494e-16
66,88,5.509781145249809e-17,2.1783333152300407e-15
67,88,4.4333977434890676e-16,1.3811748621052688e-15
80,88,-3.3451729680035663e-15,3.8598818262029573e-15
81,88,1.8146281251268469e-15,-4.0309286718084972e-15
82,88,-1.1962970652466035e-16,-1.8802715892758779e-15
83,88,1.9044872978370282,-1.2325910460631579
84,88,2.5456958802372407,-0.99721984948819298
85,88,-9.0514358787505493,4.4813196898839287
86,88,-1.9044872978368748,1.2325910460632263
87,88,-2.5456958802370826,0.99721984948827491
88,88,9.051435878750965,-4.4813117946390619
89,88,2.0503055904860105e-15,-2.7700802812410322e-15
92,88,1.7906851880730613e-15,-1.7524907139819893e-15
96,88,3.5401818581737351e-16,3.09770059087959e-16
100,88,4.501249807182685e-16,-9.6560067385607579e-16
101,88,3.938593581284859e-16,-8.4490058962406693e-16
102,88,-2.2770001695888503e-16,1.7859645952319822e-15
103,88,-1.1426729662683865e-15,6.3680491572803235e-16
104,88,-1.7971141807717906e-16,1.8345614821345801e-16
105,88,-2.6430534375529587e-16,1.0088651757007807e-14
106,88,-2.3061534630674048e-15,2.5003378043878111e-15
107,88,2.9610566321861038e-15,-1.7717742860246287e-16
108,88,-1.7140975687683361e-15,-2.9614597857300937e-16
109,88,-7.0216241961296258e-31,2.5351537892436858e-31
111,88,-6.7762944955496494e-16,-7.3880396067976072e-16
112,88,-1.5905155676431469e-17,5.5383711952481146e-16
113,88,1.8796158393607216e-16,2.1057387282983809e-15
114,88,-2.9590328796459819e-16,-1.2822473918071016e-15
115,88,7.2343373348386702e-17,6.3709006896962968e-16
116,88,-4.4195366706384615e-16,1.4191329901204128e-15
117,88,3.5139393831482242e-16,1.3899819062326408e-16
118,88,-1.7459362334300585e-15,-1.3186363868728477e-16
119,88,2.9926373960247959e-15,-2.2042226114585581e-15
120,88,-1.7409675340856633e-15,-1.8560642076751707e-16
121,88,7.0772887602259087e-32,1.0724095001414064e-31
122,88,1.6959857445580948e-31,-2.2468445624419981e-32
123,88,-1.8590191357362841e-31,-4.0785687386856997e-32
5,89,-4.3499551736244899e-42,2.9903210673998251e-41
11,89,1.2455369408979089e-48,-7.6166947397425589e-48
12,89,-3.2001768948067346e-46,2.0818160813615085e-46
13,89,3.2477475083590147e-46,-2.1052889163080542e-46
14,89,1.3524089686976815e-46,2.4143809685168952e-47
15,89,-2.4061335452482496e-48,-1.4122093002543063e-48
16,89,-8.4974618965200524e-47,3.8295987977508324e-47
17,89,2.0885143763277463e-45,1.9972341321189081e-46
18,89,1.928229131727105e-46,-1.9773104822307186e-46
25,89,1.6773316176291592e-16,4.816040283339105e-17
32,89,-8.8116865897931707,18.4068219239199
33,89,1.47275482022946,-3.9155526181819602
34,89,4.1798738841102603,-6.1866432730286904
35,89,-2.3378294694027321e-33,4.6898979290989368e-33
36,89,-5.303031134568252e-32,6.207799619647847e-32
37,89,-2.2515542633955627e-33,4.3308089567793421e-33
41,89,2.8558874670978426e-42,4.390245737191659e-42
42,89,-4.0372052413260033e-32,2.1305690193282692e-31
43,89,-2.6783590005389989e-31,-1.2051218760467541e-31
44,89,5.5995322010709745e-32,4.88202928059421e-32
45,89,-5.9200082317291204e-32,1.0694984092729484e-31
46,89,1.3132864873924065e-31,-7.0293823942103749e-31
47,89,8.8436315291211715e-20,6.827646390783677e-19
48,89,1.8823365659396773e-34,-5.5969803767393901e-34
49,89,-7.9538666220815252e-37,-5.9800031296276214e-37
50,89,1.9024993927229071e-30,8.702939249846094e-31
51,89,1.0407467982592104e-31,-7.9760897647704713e-31
52,89,-5.8576673718460351e-31,1.5930137518552384e-30
53,89,-1.0260836273040902e-27,-5.3681156298158012e-28
54,89,-5.2571990975336042e-29,-9.6226316655577441e-30
55,89,-4.3046087387522023e-29,-8.5008642868477358e-30
56,89,-8.1872333507798928e-28,-4.2950670154007505e-28
57,89,-4.6753691075258593e-29,-6.3841684932403682e-30
58,89,-3.212861005062039e-29,-8.1090071222416973e-30
62,89,2.2659674792186013e-17,-2.7652060205744759e-17
63,89,2.3926091833304399e-17,-2.8029888294906376e-17
64,89,2.4010027131186322e-17,-2.6794542046295934e-17
65,89,9.6518596220284011e-18,-1.04911524332319e-17
66,89,5.6111132010664928e-16,6.8693081330090608e-16
67,89,6.8306881428173996e-18,-8.6456108258537371e-18
80,89,-2.1775022486292974e-15,1.0169009927890347e-15
81,89,2.5126501505313648e-15,-9.9586815662146522e-16
82,89,-4.7752831568071005e-16,-5.9101837391992812e-16
83,89,-1.088751124314652e-15,5.0845049639451687e-16
84,89,1.2563250752656824e-15,-4.9793407831073093e-16
85,89,-2.3876415784035473e-16,-2.9550918695996559e-16
86,89,-2.0052076846158118e-15,-2.9325304691748551e-16
87,89,-5.2373008218213236e-16,1.8226502634102553e-15
88,89,-8.468919989477398e-16,-2.0535326572599638e-15
89,89,33.464687128944654,-67.605743974891382
90,89,-5.4309892400326198,14.3563256362039
91,89,-10.783948906594199,18.766145175668498
92,89,-4.7581304701392444,4.823638944104446
96,89,9.7671163634376632e-16,-5.1846735116159651e-16
97,89,-9.6835497135722903,21.569345221055599
98,89,1.8892567321093301,-4.9834501374431603
99,89,3.2069981339820899,-6.0823022103636903
100,89,1.1219930515769901e-15,7.5821562381036721e-16
101,89,9.8174392012986656e-16,6.6343867083407253e-16
102,89,-3.8898463084077497e-16,5.169081112883978e-16
103,89,5.3522744737836493e-16,9.0454451951084754e-17
104,89,2.5903862716476332e-16,6.3582960943681636e-17
105,89,2.4699070694033104e-15,-2.9062088112210752e-15
106,89,5.5290679182012127e-17,-9.3240676212393964e-16
107,89,-6.1265062191420451e-16,-1.4957708551469763e-15
108,89,3.1911366215868809e-16,9.2078656991373665e-17
109,89,-1.0654470940708825e-43,3.4734616415514602e-43
111,89,-1.8081980616060387e-16,-2.9299956861846776e-16
112,89,-2.1642042265197321e-17,1.3137581229795341e-16
113,89,4.170911698777009e-16,5.4194072355749255e-16
114,89,-5.0324770294622209e-16,-3.5699604097209072e-16
115,89,1.3659900416787365e-16,2.7117510049887169e-16
116,89,6.573616686651654e-16,8.8481671973749425e-18
117,89,-2.9730251411346826e-16,3.4712720052298943e-16
118,89,3.1941984845592969e-15,3.7271051713257825e-15
119,89,-1.6722334485563912e-15,-7.7406492376504627e-17
120,89,3.8347822137191988e-16,-3.1397432230504172e-16
121,89,-10.6519046849295,23.726279743161101
122,89,2.0781824053202702,-5.4817951511874803
123,89,3.5276979473802998,-6.6905324314000598
32,90,1.54057905537397,-4.0958741203328399
33,90,-7.5815109057749703,16.987599608685699
34,90,2.5628458460550898,-4.9046656273126796
89,90,-5.4309892400348696,14.356325636201699
90,90,30.168992758643601,-63.815579572168097
91,90,-13.477428776615699,20.862686910591499
97,90,1.8892567321093301,-4.9834501374431603
98,90,-10.7785077600142,22.3495966633349
99,90,5.2355580301189599,-7.6720439208258302
121,90,2.0781824053202702,-5.4817951511874803
122,90,-11.8563585360156,24.584556329668398
123,90,5.7591138331308596,-8.4392483129084095
32,91,4.2623713949900202,-6.3087480744762097
33,91,2.49837173672339,-4.7812778128038103
34,91,-9.6612768007434404,18.707957274977201
89,91,-10.7839489066029,18.766145175674399
90,91,-13.4774287766187,20.862686910606101
91,91,34.670295877658802,-66.759308869140099
97,91,3.2069981339820899,-6.0823022103636903
98,91,5.2355580301189599,-7.6720439208258302
99,91,-12.0528257033041,23.159988490836099
121,91,3.5276979473802998,-6.6905324314000598
122,91,5.7591138331308596,-8.4392483129084095
123,91,-13.2581082736345,25.475987339919701
5,92,1.2501816087427819e-41,-3.5871722891928625e-41
11,92,1.5781861065029725e-48,1.362164645211689e-48
12,92,5.5834916650377378e-47,2.2013481050922255e-46
13,92,7.5188029633352469e-47,-1.8061642324137777e-46
14,92,6.5479709713373174e-47,-3.7417305264690788e-47
15,92,2.230756734347643e-47,-5.0877048649677671e-48
16,92,1.3724770184135198e-47,7.5280517124901305e-47
17,92,1.1359043737311412e-45,-7.0842417676325487e-46
18,92,9.5867859808885527e-48,-4.3628522916392926e-46
25,92,1.6186924950471907e-16,-1.9878421251477317e-16
35,92,3.3718401205086805e-34,3.4933839307554002e-33
36,92,-8.0796116513021387e-33,5.4080495241619613e-32
37,92,2.5870739783846794e-34,3.2588241835901943e-33
41,92,-3.7667002055036053e-42,-4.0750340359659165e-42
42,92,-6.9586779632256806e-32,1.8078367111073949e-31
43,92,-7.0976721756726038e-32,-5.6030477792971257e-32
44,92,9.6862126199180828e-32,-5.9356470175504279e-33
45,92,-5.0391799703462965e-32,1.0267069593635104e-31
46,92,3.512034920763918e-31,8.30507362448053e-31
47,92,6.4117090237462456e-20,4.9484048671471148e-19
48,92,-5.287487491669178e-34,5.8094188493622562e-34
49,92,-6.7176845121970014e-37,-4.457276312476305e-38
50,92,1.2446838628184512e-30,1.1501395510181992e-30
51,92,-8.815114778666773e-31,-2.1466603145267965e-30
52,92,1.4944009511214509e-30,1.0073919244119625e-30
53,92,-7.4054949708849327e-28,-3.920203797763732e-28
54,92,-4.0223180310245457e-29,-6.3273395947249681e-30
55,92,-2.9425593416869536e-29,-3.5216299275315952e-30
56,92,-5.9318053163750877e-28,-3.1473235471082237e-28
57,92,-3.4633910104595127e-29,-6.4436470861810226e-30
58,92,-2.2328805677972803e-29,6.9476904924504779e-31
62,92,1.6407033645853584e-17,-2.0025465931305872e-17
63,92,1.7322960996002443e-17,-2.0296688728998331e-17
64,92,1.7378837790787591e-17,-1.939193772702847e-17
65,92,6.9886231948090953e-18,-7.5977004386665497e-18
66,92,2.0122419763339849e-15,-9.1739909268741229e-16
67,92,4.9434508389545323e-18,-6.2564846207057723e-18
80,92,-2.1970875090947719e-15,8.0293671007248526e-16
81,92,1.8481533957366857e-15,-1.5688491973281851e-15
82,92,-8.1988562888956527e-16,-9.2648235082763511e-17
83,92,-1.0985437545473899e-15,4.01468355036241e-16
84,92,9.2407669786834363e-16,-7.8442459866409127e-16
85,92,-4.0994281444478382e-16,-4.6324117541383715e-17
86,92,-8.2720345080645258e-16,-2.6261557622376966e-17
87,92,2.5537449632351023e-15,2.4273660516784216e-15
88,92,1.2741540035262835e-15,-5.4037630592178455e-15
89,92,-4.7581304701392444,4.823638944104446
92,92,8.5249837589995057,-8.6423526056988464
96,92,-3.7668532888602373,3.818714192370146
100,92,2.602281284841896e-16,5.0806045051599809e-16
101,92,2.2769961242366558e-16,4.4455289420149889e-16
102,92,-4.0729812078280169e-16,3.6307231383242929e-16
103,92,-5.471512358177128e-16,1.4541343411949794e-16
104,92,6.1838019474763409e-16,-2.9064882939704325e-16
105,92,2.0236907283385231e-15,-2.8226522120204213e-15
106,92,-2.326014987554487e-15,8.7581492303320768e-16
107,92,2.4650428128133129e-15,-3.4571148421076271e-15
108,92,3.085696053414099e-16,-3.7792700478219896e-16
109,92,-7.7738272793267979e-44,2.5134055577189704e-43
111,92,-3.193017835093502e-16,-8.4864027621207538e-16
112,92,5.0181329291420785e-16,5.0605082511163197e-17
113,92,5.3976119966901911e-16,8.1471283433439068e-16
114,92,-8.5733730796085504e-16,-1.0432640355683459e-15
115,92,4.639251101428084e-16,-1.2008217796849838e-17
116,92,7.0162398572549055e-16,2.291750639531487e-16
117,92,-8.8608380427479307e-17,2.8789370366995858e-16
118,92,1.3732410664522482e-15,3.8999290541998201e-15
119,92,-1.374681108979746e-15,-6.0614531929186397e-17
120,92,-9.7832349869561657e-16,-1.7548200015208341e-16
121,92,-1.7004977099557594e-46,-4.5428481512219288e-47
122,92,-7.852558227977152e-47,1.3337613078699703e-46
123,92,2.1384831768920122e-46,-1.4755716165964321e-46
4,93,-9.8802987800129891,20.4871302747237
5,93,4.7992615276090502,-7.0327069274236704
6,93,1.7318186711002199,-4.5681626259895696
93,93,24.700746950032499,-51.217825376723198
94,93,-11.998153819022599,17.581767218489301
95,93,-4.3295466777505602,11.420406526833901
108,93,-14.8204481700195,30.730695412085499
109,93,7.1988922914135802,-10.5490603911355
110,93,2.5977280066503301,-6.8522439389843504
4,94,4.7992615276090502,-7.0327069274236802
5,94,-11.0484235613621,21.2299894499331
6,94,2.93974828948358,-5.5754436928333897
93,94,-11.998153819022599,17.581767218489301
94,94,27.621058903405199,-53.0749732981186
95,94,-7.3493707237089501,13.938609168471199
108,94,7.1988922914135802,-10.5490603911355
109,94,-16.5726353420431,31.8449841748997
110,94,4.40962243422537,-8.3631655392500797
4,95,1.7318186711002199,-4.5681626259895696
5,95,2.93974828948358,-5.5754436928333897
6,95,-8.8765872374412709,19.771899785967602
93,95,-4.3295466777505602,11.420406526833901
94,95,-7.3493707237089501,13.938609168471199
95,95,22.191468093603198,-49.429749170095597
108,95,2.5977280066503301,-6.8522439389843504
109,95,4.40962243422537,-8.3631655392500797
110,95,-13.314880856161899,29.657849678951401
5,96,1.8513678004620876e-41,-6.8095787468112554e-41
11,96,7.9458488740943945e-49,8.1564115470950333e-48
12,96,3.4104324617350493e-46,8.1226369063298539e-47
13,96,-1.9028665991210263e-46,-3.250532061085324e-47
14,96,-3.8854998226806143e-47,-6.4972155868664222e-47
15,96,2.8431570403495448e-47,-4.7989423839995392e-48
16,96,8.9256219080266218e-47,5.6052323960330769e-47
17,96,-4.5265429499613852e-46,-1.0088916714973747e-45
18,96,-1.5440225268342893e-46,-3.4565916326646626e-46
25,96,4.713267649447552e-17,-2.7632086185359728e-16
35,96,2.4078642854641255e-33,9.7557995634150669e-35
36,96,3.603113978359332e-32,1.0557018306759005e-32
37,96,2.2409652998681017e-33,1.2898947725905616e-34
41,96,-6.906201867480926e-42,-8.5893836678599957e-42
42,96,-4.7538975507716168e-32,3.0530141882824189e-32
43,96,1.4632448259829585e-31,3.7362885838771795e-32
44,96,6.634521121792598e-32,-4.8976098969650477e-32
45,96,-8.671229723941321e-33,2.9414264979004357e-32
46,96,3.0218115618217381e-31,1.5856870225608234e-30
47,96,-2.3663542420523913e-22,-2.0275443301370509e-21
48,96,-7.8667249104662756e-34,1.1676304583799181e-33
49,96,-1.1027004673362959e-37,4.6130683819244904e-37
50,96,-1.6421606991854498e-31,6.11234608241346e-31
51,96,-1.1312389093952968e-30,-1.851413978708421e-30
52,96,2.2695791460955918e-30,-1.7864780993416869e-31
53,96,6.7282574873630149e-30,-1.9050558507179345e-30
54,96,-2.3506423382656714e-30,7.9292670390364822e-31
55,96,2.2225886751235647e-30,3.1446017040921649e-30
56,96,2.6645522640264879e-30,-2.7936344089228282e-30
57,96,-7.4599399281160489e-31,-2.1280000828668002e-30
58,96,1.226084572846394e-30,7.7908158244230004e-30
62,96,-8.5953446531309386e-20,1.0060027455137431e-19
63,96,-9.1984530870360137e-20,1.048090448223371e-19
64,96,-9.8091054221134419e-20,1.1227502355130009e-19
65,96,-3.6531271349218203e-20,3.8088349808274167e-20
66,96,1.8958266555757711e-15,-1.6746188003106986e-15
67,96,-2.8744602334819782e-20,3.6910951469946343e-20
80,96,-7.249857846537613e-16,7.4894597440544693e-17
81,96,2.4548098637054855e-17,-9.981417101594897e-16
82,96,-5.5851818264804955e-16,3.9848936587469021e-16
83,96,-3.6249289232688247e-16,3.7447298720270849e-17
84,96,1.2274049318528334e-17,-4.9907085507974475e-16
85,96,-2.792590913240264e-16,1.9924468293734412e-16
86,96,7.45880212683653e-16,2.2101581933403956e-16
87,96,3.4682103990872887e-15,1.3021299007879955e-15
88,96,2.2337255404530848e-15,-4.6212456290340145e-15
89,96,3.8087182677308246e-16,-1.4702532925895291e-16
92,96,-3.7668532888602373,3.8187141923701455
96,96,3.7668532888602462,-3.8187138961232039
100,96,-6.5681533050221463e-16,-5.1254383904881253e-17
101,96,-5.7471341418943832e-16,-4.4847585916771485e-17
102,96,-1.4701842697933847e-16,-1.5199195834347142e-17
103,96,-1.1066634813990331e-15,9.4106265092358661e-17
104,96,5.0816818697335761e-16,-3.9814388877619964e-16
105,96,2.6873916474763571e-16,-8.3796322274320988e-16
106,96,-2.7964493707043061e-15,1.8364614649143703e-15
107,96,3.4398081562924051e-15,-2.8000599461661589e-15
108,96,9.0393658672049543e-17,-5.2578299182609416e-16
109,96,-2.9688620743883821e-46,-1.5066247665614788e-45
111,96,-2.2194128265400279e-16,-7.5110416828104217e-16
112,96,6.1165349820092801e-16,-5.3112046941246878e-17
113,96,2.7940801558172635e-16,4.9704214925486407e-16
114,96,-5.806733382809523e-16,-9.2610883326591687e-16
115,96,4.3086772162779146e-16,-2.4726764956059723e-16
116,96,2.6418691254188341e-16,2.6323822113035715e-16
117,96,1.5081374435265487e-16,4.1880750168703774e-17
118,96,-1.1225055362933505e-15,1.4055447680387795e-15
119,96,-1.8733156970445298e-16,-5.1041558571652215e-18
120,96,-1.4858016143483718e-15,6.2474409074185978e-17
121,96,-6.495398217420179e-47,-8.7662701870461391e-47
122,96,-4.9215510599812797e-47,1.2645101867533371e-46
123,96,9.0883591964099532e-47,-9.227832985816193e-47
89,97,-9.6835497135722903,21.569345221055599
90,97,1.8892567321093301,-4.9834501374431603
91,97,3.2069981339820899,-6.0823022103636903
97,97,22.9984305697342,-51.227194619924703
98,97,-4.48698473875967,11.8356940401945
99,97,-7.6166205682074599,14.445467689182101
102,97,-13.314880856161899,29.657849678951401
103,97,2.5977280066503301,-6.8522439389843504
104,97,4.40962243422537,-8.3631655392500797
89,98,1.8892567321093301,-4.9834501374431603
90,98,-10.7785077600142,22.3495966633349
91,98,5.2355580301189599,-7.6720439208258302
97,98,-4.4869847387596602,11.8356940401945
98,98,25.5989559300336,-53.080291780838799
99,98,-12.4344503215325,18.221104216895
102,98,2.5977280066503301,-6.8522439389843504
103,98,-14.8204481700195,30.730695412085499
104,98,7.1988922914135802,-10.5490603911355
89,99,3.2069981339820899,-6.0823022103636903
90,99,5.2355580301189599,-7.6720439208258302
91,99,-12.0528257033041,23.159988490836099
97,99,-7.6166205682074599,14.445467689182101
98,99,-12.4344503215325,18.221104216895
99,99,36.844050039224101,-63.3367121151907
100,99,-8.2185889938768906,8.3317398956132394
102,99,4.40962243422537,-8.3631655392500797
103,99,7.1988922914135802,-10.5490603911355
104,99,-16.5726353420431,31.8449841748997
5,100,-1.4231613226205144e-39,9.2440406291196373e-40
11,100,3.1684663040088732e-45,-1.0287797973231383e-45
12,100,-5.2182530547992717e-44,1.8845045395646231e-44
13,100,3.8176502991957702e-44,-2.2179448607040859e-44
14,100,2.5001506206193063e-44,2.1403966498175275e-45
15,100,-2.6681158798252168e-45,8.3274913710504515e-46
16,100,-1.2734085749631231e-44,7.5657864236043984e-46
17,100,1.9291768111105375e-43,9.3621590319688372e-44
18,100,2.0259928944805456e-44,1.4568443336889863e-45
25,100,2.3293990647245913e-16,-3.1774854396228015e-16
35,100,-3.6947221170985834e-31,2.9521245018952488e-31
36,100,-6.6987407659547378e-30,3.0690400414298213e-30
37,100,-3.4877462550341147e-31,2.6908849785435408e-31
41,100,-7.6891667156781917e-41,2.8172696032502223e-40
42,100,1.9760711764509813e-29,-4.4984307111149088e-30
43,100,-3.8175819678697045e-29,-5.0333785156676419e-30
44,100,-1.1665499908910644e-29,1.9398582409262786e-29
45,100,6.7689548230099457e-30,-5.5110743557090703e-30
46,100,5.5687678965340402e-29,-2.299142776517777e-29
47,100,-1.4503470493452125e-21,2.465606906659303e-23
48,100,2.8329126342826101e-32,-1.2301377091638078e-32
49,100,-4.4273142616666857e-35,-7.7424997285719769e-35
50,100,2.0275112496483824e-29,1.0222963232122276e-28
51,100,1.4024088601979378e-28,9.8053532356924763e-29
52,100,-1.5483000705869626e-28,-1.4818368848294622e-28
53,100,3.8592843699838876e-29,-1.5343597033991058e-28
54,100,-4.9167850557323085e-29,1.5730360095141181e-28
55,100,2.3840493818014599e-29,-5.2829251076462428e-29
56,100,-9.0991887010651975e-29,-4.4040406048794717e-28
57,100,-1.8110085730435667e-28,1.9924558327701113e-29
58,100,2.2653038481432013e-28,2.4693377897281494e-28
62,100,6.4880864379063467e-20,6.8331176728285984e-20
63,100,6.7409977607703953e-20,7.2962873517467999e-20
64,100,7.2218951762486843e-20,7.8043209509266676e-20
65,100,2.4268804008049598e-20,2.8695783274553401e-20
66,100,-3.2257079579255784e-16,-8.8103500617748744e-17
67,100,2.3998107324852396e-20,2.3185549790902565e-20
80,100,3.8000246356354934e-16,-9.0508595460069697e-16
81,100,6.8348923583616971e-16,-5.0191067406225751e-17
82,100,1.8707908998510686e-15,5.4686139829346314e-16
83,100,1.9000123178177846e-16,-4.5254297730034868e-16
84,100,3.4174461791808431e-16,-2.5095533703111553e-17
85,100,9.3539544992553824e-16,2.7343069914673532e-16
86,100,5.3385122717985467e-16,1.5288390837193971e-15
87,100,6.7457062972769588e-16,-7.9355453983071974e-16
88,100,1.4569347624773048e-15,1.7302720173508298e-15
89,100,6.232650224218069e-16,1.3510427612446267e-15
92,100,5.7838644778581295e-16,1.0248640597052953e-15
96,100,1.4784875786366454e-16,4.9976143540626725e-17
99,100,-8.2185889938768906,8.3317398956132394
100,100,11.232071624965117,-11.386710776748572
101,100,-3.0134826310882024,3.0549713872239006
102,100,3.4369659633507832e-16,1.1911733695198479e-15
103,100,-1.3373965271245498e-16,-8.9949944665233802e-16
104,100,-1.3950367539151191e-15,4.5160082690473644e-16
105,100,-1.0005837615692654e-16,4.6222465446849388e-15
106,100,1.9027478778371919e-15,-1.0710541842121145e-15
107,100,-3.461993516797049e-15,3.5108124946168198e-15
108,100,4.441299086212646e-16,-6.0416546141608642e-16
109,100,1.6323173408435889e-44,-8.1528462272631701e-45
111,100,2.9956215380614805e-16,2.1017363986565746e-16
112,100,-1.4655500141964112e-15,4.07964437549824e-17
113,100,3.5463416655596162e-16,-4.2705961996292798e-16
114,100,3.4702999080364469e-16,8.1510607607709583e-17
115,100,-4.152216952235553e-16,2.7996664690425082e-16
116,100,1.3408708196068228e-16,-1.6657282469957672e-16
117,100,1.5204225780405299e-16,-2.8733321973894545e-16
118,100,7.763679868419696e-16,9.0585770961254555e-16
119,100,-2.1318984869287153e-15,-2.6385836669493054e-15
120,100,-3.2175869707431617e-16,1.6034801540442697e-15
121,100,-7.7492330035612798e-45,2.2083342075244139e-44
122,100,2.4568960065806805e-45,-5.0951983046796614e-45
123,100,-1.1766023298092574e-44,-1.5971376512695578e-44
5,101,-1.2452661572929518e-39,8.0885355504796801e-40
11,101,2.772408016007767e-45,-9.0018232265774494e-46
12,101,-4.5659714229493678e-44,1.6489414721190437e-44
13,101,3.3404440117963029e-44,-1.9407017531160744e-44
14,101,2.1876317930418947e-44,1.8728470685903537e-45
15,101,-2.3346013948470673e-45,7.2865549496691365e-46
16,101,-1.1142325030927337e-44,6.6200631206537772e-46
17,101,1.6880297097217212e-43,8.1918891529727489e-44
18,101,1.7727437826704787e-44,1.2747387919778754e-45
25,101,2.0382241816340213e-16,-2.7802997596699522e-16
35,101,-3.2328818524612651e-31,2.5831089391583432e-31
36,101,-5.8613981702104017e-30,2.6854100362510923e-30
37,101,-3.0517779731548545e-31,2.3545243562255982e-31
41,101,-6.7280208762184394e-41,2.4651109028439463e-40
42,101,1.7290622793946102e-29,-3.9361268722255368e-30
43,101,-3.3403842218859942e-29,-4.4042062012092132e-30
44,101,-1.0207312420296834e-29,1.6973759608104945e-29
45,101,5.9228354701337116e-30,-4.8221900612454368e-30
46,101,4.8726719094672906e-29,-2.0117499294530534e-29
47,101,-1.269053668177062e-21,2.1574060433268049e-23
48,101,2.478798554997287e-32,-1.0763704955183311e-32
49,101,-3.8738999789583489e-35,-6.7746872625004886e-35
50,101,1.7740723434423298e-29,8.9450928281070003e-29
51,101,1.227107752673196e-28,8.579684081230933e-29
52,101,-1.3547625617635924e-28,-1.2966072742257815e-28
53,101,3.3768738237359132e-29,-1.3425647404742185e-28
54,101,-4.3021869237657828e-29,1.3764065083248543e-28
55,101,2.0860432090762825e-29,-4.6225594691904654e-29
56,101,-7.9617901134320287e-29,-3.8535355292695419e-28
57,101,-1.5846325014131224e-28,1.7433988536738384e-29
58,101,1.9821408671253014e-28,2.160670566012134e-28
62,101,5.6770756331680544e-20,5.9789779637250331e-20
63,101,5.8983730406740967e-20,6.3842514327784597e-20
64,101,6.3191582792176004e-20,6.8287808320608456e-20
65,101,2.1235203507043398e-20,2.5108810365234262e-20
66,101,-2.8224944631848831e-16,-7.7090563040530397e-17
67,101,2.099834390924585e-20,2.028735606703978e-20
80,101,3.3250215561810643e-16,-7.9195021027561039e-16
81,101,5.9805308135664903e-16,-4.3917183980447184e-17
82,101,1.6369420373696861e-15,4.7850372350678166e-16
83,101,1.6625107780905657e-16,-3.9597510513780534e-16
84,101,2.9902654067832407e-16,-2.1958591990222436e-17
85,101,8.1847101868484658e-16,2.3925186175339419e-16
86,101,4.671198237823724e-16,1.3377341982544738e-15
87,101,5.9024930101173492e-16,-6.9436022235187999e-16
88,101,1.2748179171676417e-15,1.5139880151819783e-15
89,101,5.4535689461908068e-16,1.1821624160890497e-15
92,101,5.0608814181258626e-16,8.9675605224213451e-16
96,101,1.2936766313070654e-16,4.3729125598048507e-17
100,101,-3.0134826310882024,3.0549713872239002
101,101,3.0134826310881881,-3.0549710169152062
102,101,3.0073452179319313e-16,1.0422766983298681e-15
103,101,-1.1702219612339771e-16,-7.8706201582079651e-16
104,101,-1.2206571596757306e-15,3.9515072354164388e-16
105,101,-8.7551079137313402e-17,4.0444657265993248e-15
106,101,1.6649043931075451e-15,-9.3717241118559992e-16
107,101,-3.0292443271974228e-15,3.071960932789718e-15
108,101,3.8861367004360724e-16,-5.2864477873907583e-16
109,101,1.4282776732381421e-44,-7.1337404488552706e-45
111,101,2.6211688458037967e-16,1.8390193488245059e-16
112,101,-1.2823562624218608e-15,3.5696888285608727e-17
113,101,3.1030489573646697e-16,-3.736771674675621e-16
114,101,3.0365124195318937e-16,7.1321781656746167e-17
115,101,-3.6331898332061136e-16,2.4497081604121945e-16
116,101,1.1732619671559719e-16,-1.4575122161212968e-16
117,101,1.3303697557854663e-16,-2.5141656727157741e-16
118,101,6.7932198848672349e-16,7.9262549591097849e-16
119,101,-1.8654111760626259e-15,-2.3087607085806455e-15
120,101,-2.8153885994002783e-16,1.403045134788737e-15
121,101,-6.7805788781161397e-45,1.9322924315838633e-44
122,101,2.1497840057581002e-45,-4.4582985165947064e-45
123,101,-1.0295270385831003e-44,-1.397495444860865e-44
5,102,-2.7343531076150061e-41,-2.1557261338109057e-41
11,102,7.6588708084390826e-48,5.4193274192501372e-48
12,102,2.4214430562400541e-47,-3.2123350403908095e-46
13,102,2.6898720967857982e-47,3.0436506237054547e-46
14,102,-1.2660381803001534e-46,1.190491316728906e-46
15,102,8.3586509188563158e-48,1.2899194487045095e-48
16,102,1.5387535930602705e-47,-7.478802226032781e-47
17,102,-1.00510387956484e-45,1.0930336686115827e-45
18,102,-1.0577084153456057e-47,1.6292118894119923e-46
25,102,1.2848944557937109e-15,-6.0986394377690903e-16
35,102,-1.8474664651456552e-33,-3.1070745021195505e-33
36,102,-1.6208099929416049e-32,-5.3937401422908291e-32
37,102,-1.6713925761668242e-33,-2.9229604700831183e-33
41,102,-5.6979902842326612e-42,8.1175605608058072e-43
42,102,-1.0909952157803412e-31,-7.9075431605246606e-32
43,102,1.641532552903084e-31,-1.4186248685433865e-31
44,102,-4.7950047371673186e-32,6.9551580112469241e-33
45,102,-4.0049633689006576e-32,-6.4408592813987807e-32
46,102,7.0253579233679445e-31,1.2840009422807635e-31
47,102,-1.7804177939840349e-21,2.4651216050478534e-22
48,102,4.1430487307096363e-34,5.3965580884988179e-34
49,102,6.4546597241487519e-37,-2.3413884713893123e-37
50,102,3.035505337122422e-31,1.2250316541625865e-30
51,102,-1.5579849326052432e-31,6.0099433117810858e-31
52,102,-4.7746342081259596e-31,-1.2813299099180896e-30
53,102,3.318218944788281e-30,-4.6122549756550323e-30
54,102,-1.2956412034089786e-30,7.2365270789842813e-31
55,102,-4.968245486855179e-31,-7.2174271029628595e-32
56,102,1.591652252362957e-30,-3.3436479036695928e-30
57,102,-6.9269606565072939e-31,-1.8367459888280271e-30
58,102,1.9238553590870822e-31,2.7979693493705008e-30
62,102,9.4711979454738613e-20,7.6825376187939381e-20
63,102,9.9242100147647694e-20,8.2422645101422792e-20
64,102,1.0839061040667374e-19,8.8522882809933289e-20
65,102,3.5953483471983899e-20,3.2764447922308937e-20
66,102,-3.0370493367280191e-16,-4.1410031181995098e-16
67,102,3.5648662014399033e-20,2.5933180778889321e-20
80,102,-2.347903458008134e-15,-1.6471960146080123e-16
81,102,7.8540663526960583e-16,-1.6612363795990806e-16
82,102,3.0939168528229158e-16,2.437730693889766e-16
83,102,-1.173951729004071e-15,-8.2359800730403029e-17
84,102,3.9270331763480311e-16,-8.3061818979953859e-17
85,102,1.5469584264114513e-16,1.2188653469448832e-16
86,102,2.8206778463824155e-15,-3.553729293421642e-15
87,102,-4.2679373569101666e-16,-1.5422703025277818e-15
88,102,-1.9431874826534697e-15,1.9640189416822858e-15
89,102,-1.174309168966832e-16,4.4075127609323414e-16
92,102,2.5726156031316593e-16,7.7665291278874309e-16
96,102,4.0496874778543687e-16,5.3903499020738738e-16
97,102,-13.314880856161899,29.657849678951401
98,102,2.5977280066503301,-6.8522439389843504
99,102,4.40962243422537,-8.3631655392500797
100,102,1.084202515116571e-15,-1.5752977558117954e-15
101,102,9.4867720072700157e-16,-1.3783855363353217e-15
102,102,21.645345288843888,-47.177436607507012
103,102,-4.0761266247074985,10.781603775389804
104,102,-8.2395365648639647,14.185038040056558
105,102,-5.9281792680078036,12.292278214448006
106,102,1.0390912026601378,-2.7408975816961552
107,102,2.8795569165654515,-4.2196241724653936
108,102,2.4469645322334709e-15,-1.1575013324905439e-15
109,102,-7.475814341376519e-46,-7.8536619206723087e-46
111,102,-1.2097261431377366e-15,8.6259341629795521e-16
112,102,-8.4708458373532375e-16,2.1855515949902987e-16
113,102,1.8551583370603294e-15,-3.2039289563690588e-15
114,102,-2.745832920411639e-16,-2.596325613174462e-15
115,102,-5.3143155793648567e-16,-3.4128408614452412e-16
116,102,9.3373088111723129e-16,1.8172307301074661e-15
117,102,-1.6319400538844604e-15,3.470049899553207e-16
118,102,-2.4022851616268439,5.2273098190347085
119,102,0.43930741461826872,-1.1884623956622735
120,102,0.95035720670947788,-1.6022485969542004
121,102,-1.2908463341102613e-47,-1.0873807679088108e-46
122,102,3.5635103456512512e-47,5.6224089524838771e-48
123,102,3.8218610153225769e-47,1.2544799233679383e-46
5,103,2.1460359945588364e-41,8.74576147154437e-42
11,103,-9.866959449805655e-49,3.8510290869891685e-48
12,103,1.2501208584253935e-46,9.5427860094720879e-47
13,103,-1.7456415815808939e-46,-7.3894459639425378e-47
14,103,3.7258272002830695e-47,-5.7233978836191825e-47
15,103,-7.5015611557060983e-48,1.6790180925910195e-47
16,103,3.0799488408344263e-47,2.6474809680841169e-47
17,103,-4.2197119840304858e-46,-1.0273722286064382e-45
18,103,-1.5061003055847522e-46,1.6015922676061777e-47
25,103,8.2224466995501735e-16,1.7993360394156073e-16
35,103,2.8803070979770421e-33,-6.6545120066813328e-35
36,103,4.3791929674365502e-32,9.8583234114028078e-33
37,103,2.68356301261105e-33,-1.6362654419702569e-35
41,103,3.9793290740580501e-42,-2.1390483230382592e-42
42,103,1.5627969332872038e-31,9.6640516941897117e-33
43,103,-2.9046018158057984e-32,1.4612337146956001e-31
44,103,-1.4244333682396296e-32,-6.5058487542830818e-32
45,103,8.9489361430814155e-32,2.5831841072267953e-32
46,103,-7.3261825430419835e-31,1.2413174423382307e-31
47,103,-1.7836206957065032e-21,-1.333609612432042e-22
48,103,-3.2506364077044453e-34,-2.4835608448488916e-34
49,103,-8.6827306509789116e-38,5.3247287493165324e-37
50,103,-5.0655538822191644e-31,-3.4606604678595747e-31
51,103,-4.3709076985195149e-31,3.5860171985754261e-31
52,103,6.7334563100493492e-31,-6.1908411896257691e-31
53,103,1.268574856408592e-30,-7.725460809945763e-31
54,103,8.0658260042318452e-32,-1.3383758324908446e-30
55,103,6.8912700596294587e-31,-6.2316004093484331e-31
56,103,1.2943229509661802e-30,-2.0140710739948127e-30
57,103,6.8386110646505839e-31,7.2785280750828068e-31
58,103,-9.2122618961467115e-31,-5.0201490487098874e-31
62,103,7.2068143618496168e-20,9.1356976572827908e-20
63,103,7.4669587951916333e-20,9.7347125765679776e-20
64,103,8.0069123873928167e-20,1.0417629651011526e-19
65,103,2.66029681893153e-20,3.8029238418594179e-20
66,103,-6.1040896142342454e-16,-1.7210767893459848e-16
67,103,2.6919272840776116e-20,3.124068526847569e-20
80,103,-2.8155658228869794e-16,1.6113687593903939e-15
81,103,-4.0593793705716245e-16,-3.3006479078419963e-16
82,103,-5.790378306278703e-16,-1.4628450197027911e-15
83,103,-1.4077829114435163e-16,8.0568437969519845e-16
84,103,-2.0296896852858066e-16,-1.6503239539210038e-16
85,103,-2.8951891531393515e-16,-7.3142250985139902e-16
86,103,-7.347577947102887e-16,1.0484835505636249e-15
87,103,1.09180153732694e-16,6.4044752050626503e-16
88,103,-8.0854425682432687e-17,1.3321825462643518e-15
89,103,8.1684301542059285e-16,-1.033866238476429e-15
92,103,1.1654601900628673e-15,-4.6011403631740664e-16
96,103,6.752820956632083e-16,3.4484117031536809e-16
97,103,2.5977280066503301,-6.8522439389843504
98,103,-14.8204481700195,30.730695412085499
99,103,7.1988922914135802,-10.5490603911355
100,103,-1.87457503721567e-15,1.3519563009863556e-15
101,103,-1.6402531575637129e-15,1.1829617633630614e-15
102,103,-4.0761266247074976,10.781603775389803
103,103,22.605330397744652,-47.861789260297606
104,103,-10.018016039340846,15.579354042060023
105,103,1.0390912026601451,-2.7408975816961711
106,103,-5.3259523424647561,11.863139918752308
107,103,1.7638489736901584,-3.3452662258780061
108,103,1.5644671034670655e-15,3.4450605769949205e-16
109,103,-8.9057221011509527e-46,3.4764191481376852e-46
111,103,7.6642796847777093e-15,-6.4373133193254812e-15
112,103,-2.189182819444631e-17,-2.4976068452858514e-15
113,103,-6.6098769476105614e-15,4.606875420478503e-15
114,103,2.3363853548870502e-15,5.5530584465804704e-16
115,103,-5.0869293435474999e-16,-7.6736896278777426e-16
116,103,-1.052030252226014e-15,-9.1214615253408071e-16
117,103,-2.1017547988443935e-15,-2.4815492475075447e-15
118,103,0.4393074165913668,-1.1884623965453618
119,103,-2.4589298888170181,5.2679550633649619
120,103,1.0552747818452473,-1.6850277623288217
121,103,4.067155532920016e-47,2.5397212503746423e-47
122,103,2.5495288562352941e-47,-4.4032892356208392e-47
123,103,-7.2392452992174841e-47,8.7942064696018857e-51
5,104,2.5633422260337128e-41,2.4679337095184267e-41
11,104,1.174022335087357e-47,4.4137562846948389e-48
12,104,-2.5764888027568423e-46,-9.9771845545104255e-48
13,104,2.1813579744910914e-46,-8.7840420654660868e-47
14,104,1.3123188160144866e-46,-2.7043239434637771e-47
15,104,-1.3264187910668372e-47,-1.0270749702143526e-47
16,104,-4.1742891276853678e-47,-3.3836453196604411e-47
17,104,5.3793319801469639e-46,6.3049836212413422e-46
18,104,1.253318141706793e-46,9.706150764277806e-47
25,104,-1.0788571629024233e-15,4.0770027466445929e-16
35,104,-1.7881081253753127e-33,1.0189076186280994e-34
36,104,-2.7414734716093426e-32,-5.2043311149312169e-33
37,104,-1.6669278209409989e-33,6.657712724979578e-35
41,104,5.317468881131239e-42,-1.1541413322064186e-42
42,104,2.1658778313292056e-31,2.3905307819709028e-34
43,104,-1.9743904195822139e-31,-2.6810310648060838e-32
44,104,-1.5803004457977898e-31,4.4987045948798268e-32
45,104,1.0983128207637158e-31,-1.4545382453897594e-32
46,104,-5.8910158507190603e-31,-4.7697230839918819e-32
47,104,-1.5815895269994944e-21,-1.9388353807611913e-22
48,104,-3.1959003802080746e-34,-6.4703509659999295e-34
49,104,2.0719573749071301e-38,-3.5008839495300212e-37
50,104,-1.6785825248775844e-31,-5.6527905166702017e-31
51,104,1.6882768144385657e-31,-1.0806867092323767e-31
52,104,-6.2684472143662268e-31,4.9797637799201528e-31
53,104,2.0532367046606541e-30,-1.3728109970537854e-30
54,104,-2.3771487356225382e-31,-1.1103988559768706e-30
55,104,-5.0453679571129446e-31,1.2666740921693431e-31
56,104,1.330627305838744e-30,-1.8813278933591188e-30
57,104,1.2271746479831051e-31,5.6202512174447612e-31
58,104,-2.3990484823676373e-31,-1.1485439472235278e-30
62,104,5.5399673983054933e-20,8.1645966731036272e-20
63,104,5.6705658046196823e-20,8.6775911781159849e-20
64,104,5.8642753886088657e-20,9.2417414858784409e-20
65,104,2.0187432555982416e-20,3.3777564134231017e-20
66,104,7.0886320631969713e-18,-8.3104268583033157e-17
67,104,1.9862182698069372e-20,2.7824584908035502e-20
80,104,7.6478229997197045e-16,-4.7978091953705314e-16
81,104,2.0287516543519221e-15,1.1389095708524902e-17
82,104,-1.7974738074937294e-15,1.2408807678224491e-15
83,104,3.8239114998598759e-16,-2.3989045976852544e-16
84,104,1.0143758271759599e-15,5.694547854263783e-18
85,104,-8.9873690374686808e-16,6.2044038391122563e-16
86,104,-3.9179499582963746e-16,1.6659220575826356e-15
87,104,-8.3661238323847504e-16,-4.1324664780342664e-16
88,104,1.0023533891218491e-15,6.4904652339079337e-16
89,104,2.2227973822955502e-16,8.6392662330244256e-16
92,104,-4.7353169036777387e-16,1.3211258266570449e-15
96,104,-7.506787148633498e-16,8.1878201973969739e-16
97,104,4.40962243422537,-8.3631655392500797
98,104,7.1988922914135802,-10.5490603911355
99,104,-16.5726353420431,31.8449841748997
100,104,1.2882181430981122e-15,-8.4163247496921153e-16
101,104,1.1271908752108498e-15,-7.3642841559806001e-16
102,104,-8.2395365648639647,14.185038040056549
103,104,-10.01801603934085,15.579354042060025
104,104,26.058691395483851,-50.116619151664729
105,104,2.8795569165654422,-4.2196241724653785
106,104,1.7638489736901564,-3.3452662258780124
107,104,-6.6290541368172393,12.737993722234108
108,104,-2.054324793295736e-15,7.7325269075158338e-16
109,104,-6.5181604157167564e-47,-6.5678724970073169e-46
111,104,-1.8272917580272161e-15,2.5622042916815325e-15
112,104,-6.059618779299604e-16,1.9410682889661521e-15
113,104,1.8150028683241411e-15,-1.6105820048916411e-15
114,104,7.4032398382814016e-16,-4.6131886733247126e-16
115,104,-3.8245411079112364e-16,7.9818167687835836e-16
116,104,1.6643294757759931e-15,1.2220554490705603e-15
117,104,-2.7851236910044762e-15,-6.0963832657585585e-16
118,104,0.95035720658644629,-1.6022485987021617
119,104,1.0552747818932378,-1.6850277605376947
120,104,-2.8570019170679299,5.5336424639146191
121,104,1.0172671242395201e-47,1.2695838397413804e-46
122,104,1.4043400433679083e-47,2.5292107751147138e-47
123,104,-6.3662895047184965e-47,-1.4590125347948443e-46
5,105,-1.6121455773840783e-40,2.476862689708969e-41
11,105,9.3467466755333297e-48,-4.4771085698993608e-47
12,105,-1.963958015404335e-46,-4.9511883680024663e-46
13,105,1.7373408261280325e-46,3.8758975690489542e-46
14,105,-3.4628470190608517e-46,3.4751166181888909e-46
15,105,3.3562890291965292e-47,4.9629784869715978e-48
16,105,-9.113026052897784e-47,-1.4563166661943127e-46
17,105,-1.2962164333173198e-46,2.5430198925003459e-45
18,105,2.0408499080842455e-46,-4.5586562319254556e-48
25,105,3.1873142648998326e-15,1.349516988638291e-16
35,105,-7.2139011334707188e-33,-1.6100208477548516e-33
36,105,-1.0297799225634882e-31,-5.1548522115017326e-32
37,105,-6.6930081401183488e-33,-1.6136963057764021e-33
41,105,-1.2934541627675145e-41,2.2297862765379164e-41
42,105,-8.2615324652726568e-31,-4.045732069983698e-31
43,105,3.5202740433604571e-31,-1.9564281602226692e-31
44,105,2.9663414860059632e-31,2.8361935521795758e-31
45,105,-4.7473297482990837e-31,-2.6022338153455632e-31
46,105,2.7824862258329456e-30,-1.8559589341262532e-30
47,105,6.5132251933581388e-21,-3.2458450088338267e-21
48,105,3.1945110226092152e-33,4.8364061837872049e-34
49,105,6.2243775256508571e-37,-1.2461420958887371e-36
50,105,2.1409490162135749e-30,4.6540556758632617e-30
51,105,1.5073052164436779e-30,2.566361994759337e-30
52,105,-4.356385212288903e-30,-3.4385679876704512e-30
53,105,8.9461881521564216e-31,1.0280407884266401e-29
54,105,-1.8164945151966911e-30,1.4491113026847235e-30
55,105,-4.1313885867879182e-31,2.052772640857535e-31
56,105,-2.8744286145552966e-30,1.3162651912347598e-29
57,105,-1.207580401675324e-30,-8.9409945674743474e-30
58,105,3.9571211199799462e-30,8.4662479488288278e-30
62,105,-4.2253120635463846e-19,-1.5940489660248262e-19
63,105,-4.4107396147544786e-19,-1.738031040919869e-19
64,105,-4.6391570771670439e-19,-1.8414346115276649e-19
65,105,-1.6459049785927488e-19,-7.3146784460906519e-20
66,105,1.8940161574629877e-15,-1.2384090035325477e-15
67,105,-1.4805778647766351e-19,-4.9158670814362018e-20
80,105,6.8339061612926231e-16,-1.370299036284405e-15
81,105,-1.8061181227952673e-15,2.3319876512415388e-15
82,105,-8.5972946706153796e-16,-1.5714364216527032e-15
83,105,3.4169530806463101e-16,-6.8514951814220514e-16
84,105,-9.0305906139763482e-16,1.1659938256207672e-15
85,105,-4.2986473353076962e-16,-7.8571821082635557e-16
86,105,4.2885956851175295e-15,-1.0656191150670413e-14
87,105,4.5213418300211771e-16,-5.9912018486559858e-15
88,105,-2.1665185869176363e-15,4.5705795161975803e-15
89,105,2.9574111277629895e-15,1.067295877419576e-15
92,105,2.3101629674250404e-15,3.0949441315237261e-15
96,105,1.8828551284652583e-16,2.74031602939055e-15
100,105,6.600686282013249e-15,-5.5527833800021485e-15
101,105,5.7756004967616046e-15,-4.8586854575018796e-15
102,105,-5.928179268007808,12.292278214448002
103,105,1.0390912026601418,-2.7408975816961676
104,105,2.8795569165654444,-4.219624172465366
105,105,9.0482736195907165,-18.76189727016704
106,105,-1.585981309323337,4.1834751262455576
107,105,-4.395113188441826,6.4404786589195275
108,105,6.0658376204309449e-15,2.6479775359677407e-16
109,105,6.7274563340964232e-46,-1.7072309649266109e-45
111,105,-3.1200943515830586,6.4696202340457072
112,105,0.54689010666323368,-1.4425776894816567
113,105,1.5155562718765569,-2.2208548667196197
114,105,-7.0061177504247345e-15,-7.8824316967211622e-15
115,105,1.0989225812074106e-15,-5.2151406718136295e-15
116,105,4.3047249830701269e-15,3.5616183214749451e-15
117,105,4.3169052876798136e-15,-6.7151291903672345e-15
118,105,-7.1454163196831788e-16,-4.5393073930874861e-15
119,105,2.2141289089046467e-15,-2.8607208157256439e-15
120,105,1.1228485238427319e-14,1.6194725330898148e-14
121,105,-1.5740381221067251e-47,-3.1535622080497787e-46
122,105,2.9031685439648425e-46,6.3900627395277445e-47
123,105,-3.2610752368751794e-47,3.5005622829233594e-46
5,106,4.6757731129800375e-41,-3.8885544205876742e-41
11,106,-1.9036517780686459e-47,3.9579799485718335e-47
12,106,5.5855493308962349e-46,4.2593197780436908e-46
13,106,-5.2564990198981003e-46,-3.6566311817151089e-46
14,106,3.1337886652123731e-47,-2.4363279165435258e-46
15,106,-1.7506355003569904e-47,-2.6417314925342558e-48
16,106,1.3663453362687288e-46,1.4732469240208445e-46
17,106,-6.8112343166992024e-46,-4.1650369172223002e-45
18,106,-4.8450140826303007e-46,-1.1816991671053812e-46
25,106,1.8499590249152834e-15,-1.0149574507210448e-15
35,106,1.1048460944705504e-32,1.465763920926634e-33
36,106,1.6148825913286073e-31,6.3831453174417223e-32
37,106,1.0266523611302947e-32,1.5400700697002417e-33
41,106,1.9255862374879971e-42,-9.1407398720706246e-42
42,106,5.6377655347567432e-31,3.1076000093297158e-31
43,106,-1.5578494828880148e-31,3.2195849241512666e-31
44,106,-2.0653600904176905e-32,-3.1687603422797113e-31
45,106,3.2587790188592675e-31,2.3225934670020334e-31
46,106,-1.0401011662500722e-30,7.0427877172368687e-31
47,106,-1.4612103245666556e-20,-7.1062368657226738e-21
48,106,-1.1248971055293688e-33,6.0417644692868474e-34
49,106,-6.6128833165185681e-37,2.0051824391770777e-36
50,106,-2.5571739445315668e-30,-1.0256799703316517e-30
51,106,-1.7150599986892639e-30,1.7064642702220087e-30
52,106,4.2836892135358607e-30,-1.3444149720232129e-30
53,106,1.8878840115456153e-29,-4.6990439751458841e-30
54,106,1.436581266046928e-30,-5.1328197800652966e-30
55,106,2.6514783510340479e-30,-3.3371683532141154e-30
56,106,1.6165087171219484e-29,-8.2894595000194235e-30
57,106,4.486279632238038e-30,1.7609897806976789e-30
58,106,-3.5623790283975553e-30,-5.7502646152559481e-30
62,106,3.0212345829625359e-19,1.0120009668107624e-18
63,106,3.0398007140194907e-19,1.0711580483122396e-18
64,106,3.2653267205883793e-19,1.1464776689404624e-18
65,106,9.7108278620551583e-20,4.0989314993957074e-19
66,106,-5.7625343201752109e-15,-3.0175722015638783e-15
67,106,1.2244661345125255e-19,3.5351146501830502e-19
80,106,-3.3695915528810192e-16,1.0635929940126819e-15
81,106,-4.3676381785526632e-17,-5.3653213074390048e-15
82,106,-2.8626412073210018e-17,3.867526076623422e-15
83,106,-1.6847957764405207e-16,5.3179649700634063e-16
84,106,-2.1838190892760407e-17,-2.6826606537195008e-15
85,106,-1.431320603660883e-17,1.9337630383117145e-15
86,106,-8.2666740952904325e-15,5.4753554730222176e-15
87,106,7.8561268666964557e-16,1.9638212103000924e-15
88,106,1.8815868047127111e-15,4.3780358315879821e-15
89,106,1.1979588603845908e-15,-2.9174433593028455e-15
92,106,4.8317733480500786e-16,-3.521356756235459e-15
96,106,-4.5862283142877563e-16,-1.6540488163154935e-15
100,106,-8.0000986890834022e-15,1.0541237062445644e-14
101,106,-7.0000863529479909e-15,9.2235824296399412e-15
102,106,1.0390912026601424,-2.7408975816961654
103,106,-5.325952342464757,11.863139918752314
104,106,1.7638489736901644,-3.3452662258780097
105,106,-1.5859813093233166,4.1834751262455327
106,106,8.1290851542882905,-18.106896765612206
107,106,-2.692190538790177,5.1059324436829243
108,106,3.5234201977499959e-15,-1.9270749994171894e-15
109,106,-4.8104450947199714e-45,-2.9318195295313857e-45
111,106,0.54689010666325455,-1.4425776894816877
112,106,-2.8031328118235699,6.2437579671887509
113,106,0.92834156510006482,-1.7606664595316104
114,106,4.3487907008255109e-16,-5.3221512560809947e-15
115,106,4.4332395114355062e-16,1.0609224530457739e-15
116,106,-5.0203369383587177e-15,5.6806668177095714e-15
117,106,2.1807364176896574e-15,-4.8002738719046466e-15
118,106,-8.9944441020411945e-15,-1.048564992064632e-16
119,106,4.6256773442700989e-15,-8.3570932102210496e-15
120,106,1.1474505679505301e-14,-1.3704900581651476e-14
121,106,1.0446263206019351e-47,2.6102520354413008e-46
122,106,-5.6086388761751311e-47,-6.467360992223961e-47
123,106,-2.9064062078921768e-47,-1.6041619440311243e-46
5,107,3.854979599653793e-42,4.9366698794182821e-41
11,107,4.6939655863359435e-48,6.4066019053002481e-48
12,107,-8.5156003142865959e-47,3.4839242877802676e-47
13,107,8.2651137932882899e-47,-1.5095845441446233e-46
14,107,1.9078556256295406e-46,7.7806022594078314e-47
15,107,-1.6850970741957481e-47,-2.2567410592348187e-47
16,107,7.8411538414828674e-48,2.0607759341462549e-47
17,107,1.9329266523205939e-46,-4.3107245066359108e-46
18,107,-4.6009764672098741e-47,2.6833960273017197e-47
25,107,-3.7803487925746529e-15,1.0708459723966383e-16
35,107,1.2152732666934656e-33,1.0985717655349639e-33
36,107,1.4227282895158382e-32,2.1190757893647412e-32
37,107,1.1144203830947846e-33,1.0423751990703484e-33
41,107,7.2115158988264863e-42,4.616296851107427e-42
42,107,3.0347112431901059e-31,2.4100178980503159e-31
43,107,-2.7662894911805469e-31,-3.1471545342563766e-32
44,107,-1.1075160298070528e-31,-1.1744625971813844e-31
45,107,1.5541995644341759e-31,1.3467162720693943e-31
46,107,-4.7642130572993163e-31,-9.2628555306693539e-31
47,107,-2.7243821710674911e-21,4.1184810967010538e-21
48,107,2.1951355473800567e-34,-9.0980194440580235e-34
49,107,-2.4918604351290034e-37,1.6506915961708747e-37
50,107,-7.1035536906698523e-31,-1.4179239431205588e-30
51,107,2.9072379795080085e-31,-3.9764736845375376e-31
52,107,-6.2557117283566343e-32,8.4394604163121197e-31
53,107,-2.7550927874099603e-30,-8.2129404512957289e-30
54,107,-2.167973439487587e-30,-6.6878348091838897e-31
55,107,7.0420304705615047e-31,3.2140148137959676e-31
56,107,-1.0332535368373074e-30,-1.0244754956512108e-29
57,107,-2.6268701736549906e-30,2.3934139314712231e-30
58,107,2.2514021586439261e-30,-3.7063697925616729e-32
62,107,2.9763221943887738e-19,-6.0751138686696212e-20
63,107,3.1254264983667119e-19,-6.0102882730159271e-20
64,107,3.2598169353591656e-19,-6.6282145914556062e-20
65,107,1.1990286741004881e-19,-1.7379937470578286e-20
66,107,1.4132082056960209e-16,1.1746300984175954e-15
67,107,1.0043835084158089e-19,-2.6902102771879252e-20
80,107,-8.556001657570997e-16,2.5112500511593044e-15
81,107,2.2547495221493085e-16,-2.5829420366159529e-15
82,107,2.7171857928049941e-16,-1.1316423020916436e-15
83,107,-4.2780008287855251e-16,1.2556250255796538e-15
84,107,1.1273747610746752e-16,-1.2914710183079753e-15
85,107,1.3585928964025175e-16,-5.6582115104582385e-16
86,107,-6.1832457257024093e-15,3.3696851784072116e-15
87,107,-4.769373846766875e-17,-4.5162139928457167e-16
88,107,4.4475976174040169e-15,2.9412344129527264e-15
89,107,1.8134086373245859e-16,3.7049383096734819e-15
92,107,-6.949729335670385e-16,1.8646190072680395e-15
96,107,-9.7719487048150366e-16,-9.8076914187366053e-16
100,107,6.5469617975136365e-15,-5.6503788340396419e-16
101,107,5.7285915728244368e-15,-4.9440814797846496e-16
102,107,2.8795569165654507,-4.2196241724653856
103,107,1.7638489736901588,-3.3452662258780061
104,107,-6.6290541368172384,12.737993722234094
105,107,-4.3951131884418366,6.4404786589196235
106,107,-2.6921905387901841,5.1059324436829172
107,107,10.118029998300088,-19.442199830625327
108,107,-7.1951194629502753e-15,1.9437164144584822e-16
109,107,-2.7292807309864887e-45,1.2536411786285879e-45
111,107,1.515556271876537,-2.2208548667195771
112,107,0.92834156510008281,-1.7606664595316364
113,107,-3.4889758614827593,6.7042073499049213
114,107,6.16630887770512e-15,8.2509942761283216e-15
115,107,3.0199822914438803e-15,-1.850505276529144e-15
116,107,4.5684166458050113e-15,-4.2739403496260769e-15
117,107,-6.7715746141656144e-15,7.8977636917426475e-15
118,107,7.3097000998038004e-15,3.8505719988670319e-15
119,107,-8.4581860421364182e-16,1.1492688071023066e-14
120,107,-1.2364181190219897e-14,-3.054628469992234e-15
121,107,3.652592509658398e-47,1.4737925037861538e-46
122,107,7.0007378254640985e-48,-5.7282246019538201e-47
123,107,-3.2444265248704228e-47,-1.606065800571187e-46
5,108,2.0886666045133553e-41,-3.2293301752099423e-41
11,108,-3.6353237446324441e-48,1.2513305002512536e-47
12,108,1.5658475238673552e-46,1.0170239301150736e-46
13,108,-8.9980186118254196e-47,-6.0028224496568545e-47
14,108,-1.7728199042687904e-47,-5.5259642865855398e-47
15,108,-5.5773781213787878e-48,-7.3730074031166268e-49
16,108,4.2042724365628301e-47,4.3989146965298982e-47
17,108,-4.3476871994997307e-46,-8.6914734240739342e-46
18,108,-1.1579752908857747e-46,-5.2790920589915535e-47
19,108,-9.8802987800129891,20.4871302747237
20,108,4.7992615276090502,-7.0327069274236704
21,108,1.7318186711002199,-4.5681626259895696
25,108,-3.4643135466250472,3.5180658879315683
35,108,2.2653937001931888e-33,-2.7026617404240667e-34
36,108,3.5264846352934525e-32,4.4593196874631411e-33
37,108,2.1141033967139323e-33,-2.1583145986383241e-34
41,108,-2.2196735997592021e-42,-5.50228143886632e-42
42,108,1.7330920291537902e-31,7.6663605361648019e-32
43,108,-2.1886455073252741e-32,3.6922939706565687e-32
44,108,-5.6369717473472936e-32,-7.6631159183857821e-32
45,108,1.0715753305713365e-31,5.015867608713547e-32
46,108,-7.2189324099441269e-32,7.469073292033551e-31
47,108,-3.9618741486614094e-21,-4.994518999919791e-22
48,108,-6.0386106261766814e-34,4.8152368937283974e-34
49,108,-4.2198697316876343e-38,4.3094885854602146e-37
50,108,5.2721217315755833e-31,-6.1452194350066186e-32
51,108,-7.5294784610692264e-31,-2.8014435875357204e-31
52,108,6.1663323374431234e-31,8.7284200682724335e-31
53,108,5.7190882648044837e-30,-6.4094051694210013e-30
54,108,-1.606054164938057e-30,1.0986275265742399e-32
55,108,8.3070452871129441e-31,1.5345211571782825e-30
56,108,2.8722112184917757e-30,-5.401223475169696e-30
57,108,-1.2800819544476811e-30,1.3193025378402115e-30
58,108,1.6492790052404314e-30,1.5399348408159829e-30
62,108,1.5009942821108637e-19,2.1155465570264532e-19
63,108,1.5518101995477363e-19,2.251643316240074e-19
64,108,1.662987164672782e-19,2.4088752971136376e-19
65,108,5.4919405073937673e-20,8.7679031689339881e-20
66,108,-9.0982880682626472e-16,-7.2985015832388711e-16
67,108,5.6334181448694095e-20,7.255795822868872e-20
80,108,-9.123425518975265e-16,3.3425743879441405e-19
81,108,8.5470480857045909e-16,-1.1545700897658055e-15
82,108,-2.1387566498244594e-15,-1.132972365641203e-15
83,108,-4.5617127594876512e-16,1.6712871939389012e-19
84,108,4.2735240428523097e-16,-5.7728504488290234e-16
85,108,-1.0693783249122317e-15,-5.6648618282060762e-16
86,108,-4.9034115798252352e-16,-1.0429431304159434e-15
87,108,1.8741837165945503e-15,4.0501211404064945e-16
88,108,-2.0467903121051753e-15,8.0256313826828144e-17
89,108,9.4863236651539124e-17,-4.672807777021909e-16
92,108,9.7834680892242026e-17,-5.315515993181209e-16
93,108,-14.8204481700195,30.730695412085499
94,108,7.1988922914135802,-10.5490603911355
95,108,2.5977280066503301,-6.8522439389843504
96,108,3.4087460791987393e-17,-2.2656758530135043e-16
100,108,-6.2212600222760815e-17,-2.4458931444907554e-16
101,108,-5.4436025194915614e-17,-2.1401565014294129e-16
102,108,-1.2047665042817597e-16,9.6935360605991687e-16
103,108,2.0981737585557361e-15,6.4427861734784051e-16
104,108,-1.2533403857045925e-15,-5.2858363937537731e-16
105,108,2.2615045957769366e-15,2.4831857964482543e-15
106,108,2.8732050571155176e-15,3.9530488497878864e-15
107,108,-6.4932801086173923e-15,-2.4266718944112906e-15
108,108,28.143543021296956,-54.71403960369031
109,108,-11.998153819022599,17.581767218489301
110,108,-4.3295466777505602,11.420406526833901
111,108,-2.2087611094915541e-15,-3.3434354900230728e-16
112,108,-3.9115090624860011e-16,-1.0804290237163826e-15
113,108,2.0538531761929765e-15,2.0764109906320831e-15
114,108,-7.2415142032395074e-16,1.6815281467025103e-16
115,108,-1.9883980382260578e-16,-9.6530217357241235e-16
116,108,8.4504150405144441e-16,9.5295982798935235e-16
117,108,-4.7606443266291112e-17,7.611262613408745e-16
118,108,1.6418199601593516e-15,3.738441106334575e-15
119,108,1.3269423846396349e-14,-2.8199134220800517e-15
120,108,-5.7942850486784874e-16,4.6419025895664273e-15
121,108,1.5870318174764864e-47,5.9025365809491514e-47
122,108,-8.8867329681166235e-47,-4.7882539741137501e-48
123,108,1.0454324618993165e-46,-4.469009494047972e-47
5,109,1.6641795216584707e-16,-1.321577871369148e-15
11,109,-1.8547175231647553e-15,2.1620561487710665e-15
12,109,6.5146983190030177e-17,2.3318408075125069e-15
13,109,-5.7758896526892183e-15,3.4624666945884823e-15
14,109,1.2523362027859179e-15,-1.8884813012637517e-15
15,109,-3.5494547309231533e-16,-3.3359458911452969e-16
16,109,-9.9029636805414461e-16,1.0941206450856646e-15
17,109,1.0537039667766556e-15,-3.2102605699278828e-15
18,109,9.9714785803889498e-16,1.8563059562604478e-15
19,109,4.7992615276090502,-7.0327069274236802
20,109,-11.0484235613621,21.2299894499331
21,109,2.93974828948358,-5.5754436928333897
25,109,7.3060810807558477e-16,-2.4947057525099383e-16
35,109,-2.135699834712629e-15,6.423645586094249e-16
36,109,-7.4133919069097656e-16,-1.3069157779528161e-15
37,109,3.432034499763752e-16,-2.0590450721812916e-16
41,109,-1.9968761107569102e-15,-1.3737945799769925e-16
42,109,-4.4372943749597334e-15,7.1940624009065074e-16
43,109,5.3953916199993216e-15,-7.7420854244678072e-15
44,109,6.9914387476090094e-16,1.8818587309508669e-15
45,109,-9.267768140081206e-15,-5.0123427708166635e-15
46,109,2.8536752741966417e-15,-6.0363572015591744e-16
47,109,4.3020222752085855e-17,1.767566875303829e-15
48,109,-1.6725496364014816e-15,-1.8370017860029441e-15
49,109,1.4672652579699601e-15,4.9895237887281817e-16
50,109,-3.1485897753717481e-16,-1.9949084776899308e-17
51,109,-2.8032266532072633e-15,-1.634716065340551e-15
52,109,-6.1868836976488097e-17,-4.9003479706252518e-16
53,109,7.9946447812221775e-16,4.5871400772286255e-16
54,109,-5.2646147562092998e-16,-9.7783186608890633e-16
55,109,-2.8037805093631985e-16,-6.9703651602645133e-16
56,109,-2.9372588686813777e-15,4.8249694446656217e-15
57,109,-1.93707217801648e-15,-3.9367147613564995e-16
58,109,1.7035998339550996e-15,-2.3384439084129991e-15
62,109,1.3752063396320399e-29,-5.1693410806587786e-31
63,109,2.7189530710657168e-30,4.7338906181152754e-30
64,109,-3.0927255142376775e-30,-6.8892557006808093e-30
65,109,4.9247756745046871e-30,2.155093193438776e-31
66,109,2.3346583421728615e-30,2.1220301372952785e-30
67,109,-1.5208032638872392e-30,-3.0686718530341924e-30
80,109,6.2740307649870251e-31,-4.3812363339504697e-31
81,109,2.2766182344784807e-31,-1.3149401628878385e-31
82,109,7.4795026440125231e-32,2.6406011556762109e-31
83,109,3.1370153824935336e-31,-2.1906181669752349e-31
84,109,1.1383091172392399e-31,-6.5747008144391444e-32
85,109,3.739751322006319e-32,1.320300577838112e-31
86,109,1.0163388428891717e-42,2.4269764777781737e-42
87,109,-7.430774139449292e-43,6.8707037450995529e-43
88,109,-2.0115204983568987e-42,-1.5225974082982325e-42
89,109,1.4497350209910218e-43,5.2734443154266796e-44
92,109,1.4516326405231507e-43,2.4277690770665064e-43
93,109,7.1988922914135802,-10.5490603911355
94,109,-16.5726353420431,31.8449841748997
95,109,4.40962243422537,-8.3631655392500797
96,109,4.6951260670863042e-44,2.4159269185129991e-43
100,109,1.6897104364099225e-43,6.1455120282430222e-43
101,109,1.47849663185868e-43,5.3773230247126507e-43
102,109,-2.4392692314153574e-43,2.6704155423083993e-43
103,109,1.6836705123257992e-43,-3.0620732332024319e-43
104,109,-3.0096763259514363e-43,-4.3702697661469853e-43
105,109,-1.1690163911055211e-42,1.3089833081668203e-42
106,109,-1.1436229127290985e-42,-7.938611291316793e-43
107,109,2.7093910235077238e-42,-1.4378666913818835e-42
108,109,-11.998153819022599,17.581767218489301
109,109,27.621058903405221,-53.074973075933222
110,109,-7.3493707237089501,13.938609168471199
111,109,-4.2169340817834176e-43,7.2239283155409327e-43
112,109,1.7075907352667556e-43,-1.7189325584415278e-43
113,109,2.5647008587969874e-42,-7.3794425384164976e-43
114,109,1.4006837711962601e-42,3.4751367051847725e-44
115,109,7.1289074075470809e-43,-1.0465409685838783e-43
116,109,3.9189077004176138e-43,-3.0823046956040756e-43
117,109,-9.0846244679588542e-44,5.2615433891957516e-43
118,109,-2.6936999715741402e-42,4.0769461470381122e-42
119,109,7.8618222155726578e-43,2.8777880737970427e-43
120,109,1.3889911733069459e-42,-2.3670307769409725e-42
121,109,-7.6034043032570535e-16,-3.2970128179650137e-16
122,109,5.7025394540235778e-15,-1.7052613029059975e-15
123,109,-2.0841945459047391e-15,3.9928352217821524e-15
19,110,1.7318186711002199,-4.5681626259895696
20,110,2.93974828948358,-5.5754436928333897
21,110,-8.8765872374412709,19.771899785967602
93,110,2.5977280066503301,-6.8522439389843504
94,110,4.40962243422537,-8.3631655392500797
95,110,-13.314880856161899,29.657849678951401
108,110,-4.3295466777505602,11.420406526833901
109,110,-7.3493707237089501,13.938609168471199
110,110,22.191468093603198,-49.429749170095597
5,111,-1.2598075428818075e-41,3.7018880854900465e-41
11,111,-4.8757487276892215e-48,-1.5952347882731167e-47
12,111,7.4904249703781009e-47,-5.7695502910966871e-47
13,111,-2.1882124555650758e-46,-9.7136693167983288e-48
14,111,2.1263966223696506e-47,8.6195644710116168e-48
15,111,-8.9076395175512397e-48,-3.4043784245866632e-48
16,111,1.4406220206327958e-47,-2.1176219448349499e-47
17,111,-5.6592746921960501e-46,-2.2214931271053848e-46
18,111,-6.1671686846223467e-47,7.5879815083585143e-47
25,111,-2.0632253369965789e-16,1.8975123268254981e-16
35,111,1.0375042558947541e-33,-9.1354963417268397e-34
36,111,1.9129539159166632e-32,-9.8965390967852486e-33
37,111,9.8072324322889627e-34,-8.343839492201716e-34
41,111,3.9614305686686168e-42,5.2291047914453988e-42
42,111,-4.2184438148006617e-32,-1.6518149863865914e-31
43,111,7.3992593730305501e-32,1.6469276205490083e-31
44,111,4.9342450943126391e-32,2.3354873061197191e-32
45,111,-2.4698285385532284e-32,-7.4497459897048557e-32
46,111,-1.7659115129255623e-31,-6.05037550894057e-31
47,111,3.1065941140341018e-21,1.1954792489535524e-21
48,111,4.8178508623674007e-34,-5.8075318186172956e-34
49,111,1.5375763628807308e-37,2.213216701181422e-37
50,111,3.2967779883619019e-32,-6.3424912363887462e-31
51,111,-1.060215348174776e-31,-8.1936172358556825e-31
52,111,-4.6737665818581541e-31,1.2259776975600386e-30
53,111,-4.5453435091996147e-30,2.320915757235418e-30
54,111,-8.3740457118790648e-31,-1.322101226213606e-30
55,111,4.8762338238645428e-31,1.9710777200916698e-30
56,111,-4.1990384646164909e-30,3.74307402790133e-30
57,111,-1.4873020726376515e-30,-2.0880725568608431e-30
58,111,2.6174053499435849e-30,1.7923556279452129e-30
62,111,-7.9227143053850807e-20,-2.011871521212716e-19
63,111,-8.0621884154131324e-20,-2.1321616991194884e-19
64,111,-8.6479969678090124e-20,-2.281607008814029e-19
65,111,-2.693640530406081e-20,-8.1926469418563173e-20
66,111,6.9040974508424163e-16,2.8354204627842349e-16
67,111,-3.110138595197105e-20,-6.9971256642132436e-20
80,111,5.0245880170742611e-15,-4.4091271692820231e-16
81,111,-3.3826874368151972e-15,1.3974026067680474e-15
82,111,-1.9016822784924416e-15,-2.5344083013090504e-15
83,111,2.5122940085371384e-15,-2.2045635846409916e-16
84,111,-1.691343718407598e-15,6.9870130338402165e-16
85,111,-9.5084113924621981e-16,-1.2672041506545319e-15
86,111,-6.858632279173992e-16,6.5295121957480177e-16
87,111,7.6167274004692392e-16,-1.2561221172241344e-15
88,111,1.0394390656009337e-15,2.9178954595903397e-16
89,111,-8.6863646197666415e-16,-6.9298873805985032e-16
92,111,-4.3874467967186926e-16,-1.1321829644849027e-15
96,111,2.2808018886360146e-16,-7.4240772862079798e-16
100,111,-5.8115308827814849e-16,2.9806388952310695e-16
101,111,-5.0850895224338063e-16,2.6080590333271831e-16
102,111,-3.2699618266372713e-14,7.5911838153029933e-15
103,111,3.2458369262388685e-14,-4.1014226898750463e-14
104,111,-1.499936877747502e-14,-5.2077403513287065e-15
105,111,-3.1200943515830448,6.469620234045701
106,111,0.54689010666324078,-1.4425776894816702
107,111,1.5155562718765427,-2.2208548667195798
108,111,-3.9315163927045787e-16,3.6062427749202876e-16
109,111,6.7958397673259719e-46,1.3742499792083469e-45
111,111,9.0482736195908515,-18.761897577152123
112,111,-1.585981309323351,4.1834751640042471
113,111,-4.3951131884419707,6.4404787579887337
114,111,-5.9281792680078,12.292278242355668
115,111,1.0390912026601369,-2.7408975851287503
116,111,2.8795569165654329,-4.2196241814716666
117,111,3.1446138756076002e-16,1.1707293104343217e-15
118,111,-5.8586776969138107e-14,4.2421719910313407e-15
119,111,4.280229040680654e-14,-6.2761691012010673e-14
120,111,-4.2940282249775991e-15,-9.903507571525793e-15
121,111,1.4858281688796362e-46,-4.340369634580708e-47
122,111,2.7121511890491732e-47,1.5674073168107754e-49
123,111,-1.6172144408555613e-46,6.0586425589400858e-47
5,112,1.6907901826982616e-41,-2.530871454970292e-41
11,112,2.1074809332815126e-48,1.2053802200384007e-47
12,112,2.4252693947290795e-47,-4.6046585704989164e-47
13,112,6.8953734428041395e-48,-2.7911591070460981e-47
14,112,1.9640685385065836e-47,6.7658533757245323e-47
15,112,-3.4319875119807291e-48,-3.2668969741863255e-48
16,112,1.9185650827326226e-47,-4.9869634032078978e-48
17,112,-2.6329227145437684e-46,-9.1582741195103886e-47
18,112,-6.4042022871991414e-47,3.2080080470792656e-47
25,112,-3.0358680050060911e-16,-3.5335396898947188e-16
35,112,6.1457848596400576e-34,-6.6321572419615085e-34
36,112,1.1792031546795772e-32,-7.7075394328321746e-33
37,112,5.828765535390824e-34,-6.079385504091405e-34
41,112,-1.6120299808445665e-42,-4.2540494477630576e-42
42,112,1.4550124695988179e-31,3.6368932157655669e-32
43,112,-2.779599075307383e-32,-1.8027781469939178e-32
44,112,-8.7929925818837992e-32,-3.1857309910792785e-32
45,112,9.0302818990644827e-32,1.6071217058531656e-32
46,112,-2.1758170770969246e-32,5.8443179383996158e-31
47,112,-4.3817300889880494e-21,-1.0921144762412738e-22
48,112,-4.858781018881447e-34,3.6937679988089175e-34
49,112,8.4407698060951117e-38,1.3674975784742856e-37
50,112,-3.4770539477379612e-31,-8.9683532048825814e-31
51,112,-9.2900455644820955e-31,-4.5322378463072026e-31
52,112,1.4538959044067635e-30,7.1204120314654289e-31
53,112,2.7911640837661685e-30,-4.9432000124483404e-30
54,112,2.7358107731950307e-31,-2.1956882890801106e-30
55,112,1.9868234423831262e-30,2.5164958210862235e-31
56,112,1.7390190588257741e-30,-4.0240684876588577e-30
57,112,2.4700328287223031e-30,7.3786500538432341e-31
58,112,-1.4126353194701361e-30,-2.1230688929248842e-30
62,112,1.8722094379287163e-19,2.1450236786868181e-19
63,112,1.9426948890209913e-19,2.2880514782647462e-19
64,112,2.0814300455069963e-19,2.4475010973171753e-19
65,112,6.9633254027307502e-20,8.9703571385101587e-20
66,112,-7.4535811623888336e-16,2.7979097107632786e-16
67,112,6.9513051424561288e-20,7.3033664384763631e-20
80,112,1.6113224384245247e-15,-2.8712026604904303e-16
81,112,-8.6275097735617053e-16,9.5270804342020586e-16
82,112,-8.8462320273441651e-16,-6.1723005514569853e-16
83,112,8.0566121921226454e-16,-1.4356013302452087e-16
84,112,-4.3137548867808581e-16,4.7635402171010204e-16
85,112,-4.4231160136720889e-16,-3.0861502757285114e-16
86,112,-4.8309252547335418e-16,-4.5602119292079699e-16
87,112,5.570537433504503e-16,7.9558439605943566e-16
88,112,-2.9050690521012215e-16,-8.3849772554251703e-16
89,112,7.3626682822014344e-16,4.4042155843543686e-16
92,112,7.423832931757094e-16,-5.0597164146351804e-16
96,112,2.4453769247298674e-16,-9.7651063476503093e-16
100,112,-1.3905987676447594e-16,2.3834699306488666e-15
101,112,-1.216773921689178e-16,2.0855361893177594e-15
102,112,5.2382300530602318e-14,-1.4301906840032025e-14
103,112,-4.7440571079325514e-14,5.3561919363363958e-14
104,112,1.5050603975927879e-14,1.6288241988177055e-14
105,112,0.54689010666323834,-1.4425776894816549
106,112,-2.8031328118235797,6.243757967188766
107,112,0.92834156510007915,-1.7606664595316417
108,112,-5.7691197524389871e-16,-6.7326955289503272e-16
109,112,-1.6779055261330712e-45,-8.7390065529247217e-46
111,112,-1.585981309323349,4.18347516400424
112,112,8.1290851542882798,-18.106897057487338
113,112,-2.6921905387902099,5.1059325066591432
114,112,1.0390912026601349,-2.7408975851287529
115,112,-5.3259523424647499,11.863139945286404
116,112,1.7638489736901541,-3.3452662316031141
117,112,1.0084592955134717e-15,4.2382561953086859e-16
118,112,8.7959354640323623e-14,-2.5346028542365153e-14
119,112,-6.9401987123993878e-14,8.677738037665786e-14
120,112,5.5610768447729672e-15,2.5081556018405923e-14
121,112,-4.176850238867728e-47,-4.6549716157604577e-47
122,112,-4.2838572436723509e-47,3.4219507546728001e-47
123,112,9.0261868030841042e-47,-1.4230612550723877e-47
5,113,-1.9070960628704061e-43,-3.1392649883743728e-42
11,113,-6.1196024478040705e-48,-1.930641466939706e-47
12,113,-3.3744546174612246e-47,3.8319523261181696e-46
13,113,9.1131045120200125e-48,-3.6327255319257758e-46
14,113,6.6524145242020647e-48,2.1196103599736904e-47
15,113,1.3967151925850946e-47,1.1182915820473134e-47
16,113,-5.550879763492521e-47,9.7942705586829304e-47
17,113,1.5473504349534451e-45,-1.0680585864052455e-45
18,113,9.3802539084142456e-47,-2.8364408688298786e-46
25,113,4.5576759435649298e-16,4.6668570151185403e-17
35,113,7.6614245823738734e-34,4.8131057739358818e-33
36,113,-6.5730245714816705e-33,7.5648415237775145e-32
37,113,6.3730902970051246e-34,4.4947104220769485e-33
41,113,-3.087334740081838e-43,5.4278433799051733e-43
42,113,-1.5368949617383333e-31,-2.9705453757742556e-32
43,113,-8.1214996762697275e-32,1.5883169737506955e-31
44,113,2.0694865902452598e-31,1.101767718230646e-31
45,113,-1.1811274059243168e-31,3.8225756234614957e-33
46,113,9.5290125620592544e-32,-9.5487005021296681e-32
47,113,-2.3936426315750139e-21,1.7481248357042518e-21
48,113,-7.8180674757217867e-35,8.327282767127129e-35
49,113,-9.1299232781281959e-37,1.2019212300951827e-39
50,113,2.151041333627597e-31,-1.7835724648488351e-31
51,113,-6.5536963505553747e-32,-1.6102905640718625e-31
52,113,2.0413462231434258e-31,9.9158751544908782e-32
53,113,-3.4585574694971273e-31,-6.5690188732320404e-30
54,113,-1.2701668549367894e-30,4.2579194731518182e-31
55,113,1.4525051507748279e-30,2.3818163289220247e-31
56,113,-9.7514378197386331e-31,-4.9088475020925699e-30
57,113,-1.3951981339115773e-30,5.6277256902902914e-31
58,113,2.3000877802612234e-30,8.0641960112010573e-32
62,113,1.8879421884732876e-19,3.7784948396187995e-20
63,113,1.9846956920084679e-19,4.2545570977479283e-20
64,113,2.1248057371336041e-19,4.5373176875414022e-20
65,113,7.4309918437916287e-20,1.9372571815612091e-20
66,113,-8.2326282361465827e-16,5.5943148882595861e-17
67,113,6.7372555238455714e-20,1.0487197929516963e-20
80,113,3.0484054956164768e-15,-8.0281408544258075e-17
81,113,6.1918232182111983e-17,-2.4750670415408969e-15
82,113,-2.4979464846896469e-15,1.9314658065600243e-15
83,113,1.5242027478082441e-15,-4.0140704272127447e-17
84,113,3.0959116091057655e-17,-1.2375335207704477e-15
85,113,-1.2489732423448278e-15,9.6573290328001194e-16
86,113,-1.7796871104689802e-15,-8.5897493532654959e-16
87,113,7.7693274409698953e-16,-1.0205327891431984e-16
88,113,2.0748406981403869e-15,1.0460902897162542e-15
89,113,9.310523203236568e-16,1.5249638413590136e-16
92,113,1.2564122196990599e-15,6.3067398233768538e-16
96,113,6.846074884570679e-16,6.1427070681119968e-16
100,113,6.4064591796904448e-16,-9.832017549189378e-16
101,113,5.6056517822291483e-16,-8.6030153555407097e-16
102,113,-1.457608517374174e-14,4.6393703805248049e-15
103,113,1.3710350017732843e-14,-1.4458576545906722e-14
104,113,-8.3121317717549533e-16,-1.8303664391600008e-15
105,113,1.5155562718765436,-2.2208548667196073
106,113,0.92834156510008459,-1.760666459531641
107,113,-3.4889758614827691,6.7042073499049266
108,113,8.6731155727435462e-16,8.9958194183023048e-17
109,113,-2.4475969318227901e-45,1.2749137788063579e-45
111,113,-4.3951131884419707,6.4404787579887444
112,113,-2.6921905387902121,5.1059325066591486
113,113,12.083344757705389,-21.434572307657433
114,113,2.8795569165654369,-4.2196241814716604
115,113,1.7638489736901541,-3.3452662316031114
116,113,-6.62905413681725,12.737993751638378
117,113,-1.9653147594053382,1.9923727213918361
118,113,-1.6766257011642807e-14,9.8300790437392929e-15
119,113,2.3951762561262821e-14,-2.2022117035379248e-14
120,113,8.8634765327824572e-16,-6.2557584127150833e-15
121,113,2.0275665670056007e-47,-5.0265644058636297e-48
122,113,3.6311141163672751e-47,-4.8700578500785281e-47
123,113,-4.7534545688463491e-47,5.5176062934619334e-47
5,114,8.1337591379116305e-42,1.389605097292482e-41
11,114,-3.4914822122529326e-48,-2.5580598128925028e-48
12,114,1.021451140613294e-46,-8.6032408371305642e-47
13,114,-1.7825130928837977e-46,1.1921216817932564e-47
14,114,2.7241439368747312e-48,7.8213924161630449e-50
15,114,-1.2957103197766522e-47,-2.9579554290774953e-48
16,114,3.4035420964300044e-47,-2.505868497732215e-47
17,114,-8.1077755077052538e-46,-2.3136843925707755e-46
18,114,-1.1246383853394869e-46,8.6741821779717616e-47
25,114,-1.2014703416537316e-16,-2.6756541245931792e-16
35,114,1.3741302740437271e-33,-1.6735178163845512e-33
36,114,2.7084770326390652e-32,-2.0115075523031994e-32
37,114,1.3062671946737222e-33,-1.5368323884863843e-33
41,114,2.8444000525424008e-42,2.5475225783385435e-43
42,114,9.2829532510957699e-32,-1.0256397501395137e-31
43,114,4.7793216188404172e-32,1.1755561198690579e-31
44,114,-4.3911797032099178e-32,-2.0694865861443195e-32
45,114,6.0803989106948849e-32,-4.5745897963187557e-32
46,114,-3.6049621861928124e-31,1.4772310146867775e-31
47,114,1.3983956178727074e-21,1.1129774509183801e-21
48,114,-4.5166353126980844e-35,-2.8896594454940141e-34
49,114,2.6580199523423364e-37,3.0587447960897958e-37
50,114,-7.2995788835556875e-32,-9.3715318881750831e-31
51,114,-3.8476470439537243e-31,-1.1926535403761821e-30
52,114,1.0836814198549217e-31,1.0328610284838858e-30
53,114,-3.512719435643086e-30,1.9528861788804539e-31
54,114,4.3884551294476015e-31,-1.5877252557656497e-30
55,114,1.686251920901264e-31,1.3419597249134681e-30
56,114,-3.1974341041136375e-30,1.9040946191270692e-30
57,114,4.1998341676431622e-31,-1.0803285460200875e-30
58,114,6.570193558446156e-31,-2.4112960981509117e-31
62,114,-8.1524201575536257e-21,-1.1580961463179366e-19
63,114,-6.9281271748791907e-21,-1.2219521886737952e-19
64,114,-7.5200953023925304e-21,-1.3079336551429502e-19
65,114,-5.9195812643503131e-22,-4.6301043823621846e-20
66,114,4.3254548505702081e-16,1.5084727077426666e-16
67,114,-4.6520148264982267e-21,-4.0849263866272432e-20
80,114,3.740911520359495e-15,-1.714078412730352e-15
81,114,-2.5734011228099902e-15,2.4417752644540728e-15
82,114,-9.7748977615479659e-16,-1.3171929236121046e-15
83,114,1.8704557601797546e-15,-8.5703920636517563e-16
84,114,-1.2867005614049959e-15,1.2208876322270346e-15
85,114,-4.88744888077398e-16,-6.5859646180605567e-16
86,114,8.912866149890175e-17,1.2655341194686295e-15
87,114,-3.5139451543746449e-16,-8.8224758387712536e-16
88,114,6.9732719937074374e-16,-2.1987271206741145e-16
89,114,-6.535147800940177e-16,-1.0353731799613787e-15
92,114,-6.0518907181439137e-16,-1.2982954011785504e-15
96,114,-1.5352479454281125e-16,-6.4444158390536516e-16
100,114,-1.7572118150178617e-16,-1.5460498161578822e-16
101,114,-1.5375603381406293e-16,-1.352793589138149e-16
102,114,-3.3628524179961625e-14,7.5038621799623966e-15
103,114,3.1109773732330504e-14,-3.7494176340041521e-14
104,114,-1.3545577451847e-14,-8.4713158108869089e-15
105,114,-1.7302848615768252e-15,-2.6738914742096867e-15
106,114,-1.6079148931776742e-15,-1.0697470072110279e-15
107,114,2.8268123983240013e-15,8.5181712052560184e-15
108,114,-2.2799902561601003e-16,-5.095368761119073e-16
109,114,2.8616807930071187e-46,7.0207809677158894e-46
111,114,-5.9281792680078,12.292278242355669
112,114,1.0390912026601353,-2.7408975851287489
113,114,2.8795569165654338,-4.2196241814716657
114,114,5.9281792680078,-12.252277932269729
115,114,-1.0390912026601333,2.7408975469887014
116,114,-2.8795569165654271,4.2196240814018235
117,114,1.7271992815001834e-16,1.0119250822391974e-15
118,114,-5.8759226233006862e-14,6.4664207351523264e-15
119,114,4.6095479211293731e-14,-6.2213974039979217e-14
120,114,-7.4745134029149691e-15,-1.0883968622662983e-14
121,114,9.5080649567984432e-47,-9.3544913794104958e-48
122,114,-8.2876992005206127e-48,2.5448755684169688e-47
123,114,-7.7113678033333274e-47,-1.4911173331455765e-47
5,115,1.0084580448637422e-41,4.1435471922109158e-42
11,115,5.4962224436660871e-48,2.174538790387177e-49
12,115,-5.1619404992994833e-47,-8.8732748267697907e-47
13,115,2.3440598470594302e-47,2.1636841144504185e-47
14,115,2.987672064795571e-47,2.9956672274972934e-47
15,115,-2.6118073107155107e-48,-1.3562805751235843e-50
16,115,-1.4737807717555866e-48,-3.3075626702810798e-47
17,115,-2.430472095956489e-46,4.8741368770283706e-46
18,115,-5.3017047704942754e-48,9.5763480980369223e-47
25,115,-2.4722105606991598e-16,4.2053927666808936e-17
35,115,-7.9717878621952817e-34,-1.1454813306177866e-33
36,115,-7.7301079488522124e-33,-2.0322862517352326e-32
37,115,-7.242946450203464e-34,-1.0794424129251647e-33
41,115,1.4364102455228876e-42,-9.7753806952471001e-43
42,115,8.3513819559620028e-32,-9.4980191014098934e-32
43,115,-1.5018023069855493e-32,1.9696657291263765e-32
44,115,-8.4901805552110599e-32,4.0213725826279094e-32
45,115,4.941903536254625e-32,-5.9192393164323261e-32
46,115,-2.5471000039397249e-31,1.0434682596103735e-31
47,115,-5.8330214850051242e-22,1.1229672934204265e-22
48,115,-1.5182594697300015e-34,-1.4946639575119753e-34
49,115,2.3037155776461822e-37,-1.1251950984764894e-37
50,115,4.8459445039065104e-33,-4.4858670170334897e-31
51,115,-6.4820064505275609e-31,-2.1159981151158061e-31
52,115,3.3603867431777549e-31,6.2960703962722904e-31
53,115,-3.1512020578021897e-31,-1.0512245865452903e-30
54,115,5.4598008186358454e-31,-4.2866297473114972e-31
55,115,2.2240499472491969e-31,3.1220722701317589e-31
56,115,-1.2485011033078192e-30,-2.0516973831492931e-31
57,115,1.9750469188455388e-30,3.5989573774658405e-31
58,115,-4.7277725001440866e-31,-1.3658011005362458e-30
62,115,3.0992312246808195e-20,2.2982549908102045e-20
63,115,3.2339205557061121e-20,2.4672182444521807e-20
64,115,3.463700376337735e-20,2.6381612567571896e-20
65,115,1.1814080813676056e-20,9.8617302382742784e-21
66,115,1.2958010443050655e-16,9.8868025127897787e-17
67,115,1.1315803876501048e-20,7.6581107113893695e-21
80,115,7.7869236102230359e-16,3.6423262369126971e-17
81,115,-1.9107875409014198e-16,9.0406906191217959e-16
82,115,-1.3230591300024873e-15,-1.8502538997384782e-16
83,115,3.8934618051115199e-16,1.8211631184564555e-17
84,115,-9.553937704507153e-17,4.5203453095608901e-16
85,115,-6.6152956500124571e-16,-9.2512694986925413e-17
86,115,1.4011449874008417e-16,-5.1190474248265692e-16
87,115,2.9650945415507323e-16,5.7969631150409398e-16
88,115,-3.1838067907509075e-16,-5.4498474687307179e-16
89,115,2.6978356756131911e-16,1.1982471293845373e-16
92,115,1.1503382833665059e-16,-7.1537225961741421e-16
96,115,-9.5931021274679416e-17,-9.4842977909826055e-16
100,115,-1.0493889595610866e-16,-4.0071434026230509e-16
101,115,-9.1821533961594904e-17,-3.5062504772951745e-16
102,115,5.3460092782726309e-14,-1.4515755797590069e-14
103,115,-4.8677705566679932e-14,5.2380522351172515e-14
104,115,1.5516930182936544e-14,1.7711229466650073e-14
105,115,2.6948357888051571e-15,6.5469486992566643e-16
106,115,-3.1755338181456667e-15,8.1321474442898332e-16
107,115,-6.9222644655505829e-16,3.3228655326762381e-15
108,115,-4.706221076818392e-16,7.9421088777253325e-17
109,115,-3.2635193209630872e-46,2.4189361990808124e-48
111,115,1.0390912026601358,-2.7408975851287529
112,115,-5.3259523424647499,11.863139945286404
113,115,1.7638489736901533,-3.3452662316031132
114,115,-1.0390912026601344,2.7408975469886978
115,115,5.3259523424647499,-11.823139650462997
116,115,-1.7638489736901473,3.3452661679908053
117,115,4.5199610293858661e-16,5.5639327017967733e-16
118,115,8.8950935909198359e-14,-2.6917624076965119e-14
119,115,-7.154113311110959e-14,8.8195103463439358e-14
120,115,1.018539547122312e-14,2.6485253098107171e-14
121,115,9.4140270897688566e-48,1.8926793918049924e-48
122,115,1.1589163935358257e-48,1.173185421406312e-47
123,115,-3.5273561531486821e-47,-3.3549613597818122e-47
5,116,1.5573430592136719e-41,6.0002894035525705e-42
11,116,6.4810937004820264e-48,-1.3575196238073128e-47
12,116,-1.775508737314365e-46,2.0715598349721012e-46
13,116,1.5802572718404611e-46,-2.2502532188158965e-46
14,116,2.4532667678486065e-47,2.4253064820604143e-48
15,116,1.0423646625689607e-47,1.1386358794533714e-47
16,116,-6.8035553334965531e-47,3.0302679053191657e-47
17,116,1.1386793977144102e-45,-7.5591151702522222e-47
18,116,1.0866198729801311e-46,-1.1794498636589596e-46
25,116,3.7349461359153504e-16,7.9749916165668215e-16
35,116,-9.6606526302679754e-34,2.5615086885286614e-33
36,116,-2.4265572415870836e-32,3.507781149046764e-32
37,116,-9.4028728906272819e-34,2.3703048394865402e-33
41,116,2.3368701614363402e-42,-1.1757162075619149e-42
42,116,-3.7171314203394473e-33,-1.1020264124238818e-31
43,116,-1.189540959435285e-31,1.0994255974063047e-31
44,116,3.8516851992523844e-32,1.3860542331803225e-31
45,116,-2.6549039038304276e-32,-5.8406058066133186e-32
46,116,-2.8918103595157568e-31,1.9776044770360917e-32
47,116,-4.1362774874063846e-22,2.7290473140778696e-22
48,116,-2.7896720696965806e-34,-2.069445852082459e-34
49,116,-4.5171216805064445e-37,-2.5549060289075302e-37
50,116,-1.6556405231813824e-31,1.2823620409953294e-32
51,116,-1.4922314226652283e-31,-1.239511869345806e-31
52,116,4.5425396513295399e-31,-2.8605828629252879e-31
53,116,5.9520632896115858e-32,-1.8630785080385864e-30
54,116,-5.0631928140185821e-31,2.5850524230182013e-33
55,116,8.6058597170313191e-31,-2.4914613590521798e-31
56,116,-1.6791256266474815e-30,-2.0374722908877265e-30
57,116,4.5518983214271874e-31,4.8158114136233293e-31
58,116,3.4425152230365074e-31,-6.7444325085983893e-31
62,116,3.1220097742343786e-20,7.8101686676995293e-21
63,116,3.2797288855828818e-20,8.6820206881242402e-21
64,116,3.5112738532945664e-20,9.2658163987268878e-21
65,116,1.2252518197690948e-20,3.8254639614529121e-21
66,116,5.0209872088254726e-16,-6.0842601377163139e-16
67,116,1.1164347944907767e-20,2.2869097700007576e-21
80,116,1.4113820423522597e-15,-5.9801415343299555e-17
81,116,6.8120160547425786e-16,-1.8545864172239396e-15
82,116,-1.2408859799532198e-15,1.5872780623952976e-15
83,116,7.0569102117613308e-16,-2.9900707671649063e-17
84,116,3.4060080273712977e-16,-9.2729320861196861e-16
85,116,-6.2044298997661238e-16,7.936390311976499e-16
86,116,6.5911084147872965e-16,2.0562049029177861e-16
87,116,-4.2196068898899333e-16,-2.5555718783701668e-16
88,116,-1.4331064382828405e-17,7.0357056499326866e-16
89,116,1.0942938814954022e-15,-2.0672556272512682e-16
92,116,1.1623041398037415e-15,3.2606780343291523e-16
96,116,4.3308205220176083e-16,5.6303433400264455e-16
100,116,-1.0334738672827236e-16,-9.6860023491361838e-17
101,116,-9.042896338723838e-17,-8.475252055494173e-17
102,116,-1.6933740005825308e-14,4.6698523537651971e-15
103,116,1.2491678608125908e-14,-1.3413127931994609e-14
104,116,6.2203309649982358e-16,-6.6379587255079039e-15
105,116,-4.2957049457748956e-15,-3.3293330054283896e-15
106,116,1.5952138974568123e-15,-1.7286312258172643e-16
107,116,3.3927243727956245e-15,-6.3831635017486344e-15
108,116,7.0885380822788065e-16,1.5187520036354048e-15
109,116,-6.2939581668322225e-46,6.5865869357758778e-47
111,116,2.8795569165654347,-4.2196241814716586
112,116,1.7638489736901544,-3.3452662316031136
113,116,-6.6290541368172482,12.737993751638374
114,116,-2.8795569165654249,4.2196240814018307
115,116,-1.7638489736901466,3.3452661679908076
116,116,6.62905413681725,-12.697993424924226
117,116,9.1537653272579598e-16,-1.8894317488346861e-15
118,116,-1.9338693503539074e-14,6.7004975261010143e-15
119,116,2.2011375410306434e-14,-2.1199006719125206e-14
120,116,5.4270142490986393e-16,-1.1820987370247437e-14
121,116,-1.6131308840168916e-48,7.1781978004502231e-47
122,116,7.3826691764862736e-47,-3.0054101786349273e-47
123,116,-7.5011865555891465e-47,-4.614435789884923e-47
5,117,7.4822237683786975e-42,-1.9229147185182326e-41
11,117,-6.6725399223655531e-48,5.111787189111294e-48
12,117,7.7962429753638968e-47,7.760913322427954e-47
13,117,-5.7726104977668489e-47,-4.1120225566597895e-47
14,117,-6.9521873399205259e-48,-8.8427128572265687e-48
15,117,2.2311814426752831e-48,2.7349094610514363e-49
16,117,1.2636283853895922e-47,3.2657154962444937e-47
17,117,6.9945714695289463e-47,-4.6531581848733544e-46
18,117,-3.8864549578567106e-48,-5.8574784453828889e-47
25,117,1.2399739303780784e-16,-4.0327636024927702e-16
35,117,1.0309546017833301e-33,5.8903839800048252e-34
36,117,1.336289698803991e-32,1.2793027450566479e-32
37,117,9.5082834101441491e-34,5.6491389447398347e-34
41,117,-2.0723960048086282e-42,-2.7333633494550537e-42
42,117,-8.2024337962764463e-33,7.4509618750003213e-32
43,117,1.785861624905109e-32,-2.3984757379594747e-33
44,117,3.2294922208033383e-32,-4.2363810106271652e-32
45,117,-1.2100623293263623e-33,4.7408636618489765e-32
46,117,8.5539772110490405e-32,5.0578379883247995e-31
47,117,-2.0453121985614116e-21,1.1978274242479085e-21
48,117,-2.7046996393844149e-34,3.04232144080282e-34
49,117,-1.4698764779968352e-37,1.7350144166725801e-37
50,117,3.3051293995450099e-31,-1.0172351094562527e-31
51,117,2.2917443644100966e-31,-5.3753620236225946e-32
52,117,-5.5135950232554251e-31,3.0741930790223805e-31
53,117,7.8802116865309856e-31,-3.7018207126759488e-30
54,117,1.4861260345025637e-32,-4.889449937610306e-31
55,117,-1.1378280820382334e-30,2.780572142775229e-31
56,117,1.2666950822621221e-30,-3.2364578188642302e-30
57,117,-3.9599549955449223e-31,-3.4560138630915196e-31
58,117,-8.2691021260435961e-31,4.12619112128938e-31
62,117,1.471624382503053e-19,4.5279276179932687e-20
63,117,1.5447674448969799e-19,4.9846570233344316e-20
64,117,1.6539682534988754e-19,5.3224841876169724e-20
65,117,5.7560809900196595e-20,2.1402573131763452e-20
66,117,-7.369222749995069e-16,5.9085387887037102e-16
67,117,5.2757767900535208e-20,1.3773739607528556e-20
80,117,-3.3275947863017474e-16,8.6083367779363188e-18
81,117,1.8034545644884214e-15,-3.9632955063284503e-16
82,117,8.4927159156267792e-17,6.281424552450366e-16
83,117,-1.6637973931508631e-16,4.3041683889688435e-18
84,117,9.0172728224421013e-16,-1.9816477531642094e-16
85,117,4.246357957813437e-17,3.1407122762252022e-16
86,117,-5.7386920882969077e-16,-7.2608313714241555e-16
87,117,1.2961117091779653e-15,-3.4324905762563998e-16
88,117,-4.9886332609497461e-16,8.3406956468361189e-16
89,117,-8.3618600845975491e-17,4.2859709199655561e-16
92,117,5.2434693389334959e-17,4.2474609300133019e-16
96,117,1.3383880696410269e-16,1.3359168373180483e-16
100,117,3.337934166486038e-16,2.943669378740455e-17
101,117,2.9206923956752857e-16,2.5757107063979197e-17
102,117,7.5111527440502279e-16,1.0977614512714395e-15
103,117,1.9524868384415135e-15,-1.299920962445731e-15
104,117,-2.1486300806105639e-16,4.717334104631182e-15
105,117,-1.3465199372354873e-15,3.4364353749283867e-16
106,117,8.0517100152561365e-16,-5.7989537107677331e-15
107,117,1.9616718035889498e-15,1.556138555427646e-15
108,117,2.3700130080861025e-16,-7.6721597283604174e-16
109,117,-1.5916562232785174e-45,8.0325745551715069e-46
111,117,1.2330148309069463e-15,7.8462413442895884e-16
112,117,2.2593576430219444e-15,-8.7458095501754183e-16
113,117,-1.9653147594053368,1.9923727213918365
114,117,1.7977540107404774e-15,-2.1107842273175897e-15
115,117,8.3212123701882273e-16,1.1591973172905804e-15
116,117,-8.2141276474474578e-16,-5.9349939982224231e-16
117,117,1.9653147594053544,-1.9923721535851464
118,117,4.2813112708779792e-15,8.896996136177888e-16
119,117,-1.5241960374151747e-16,-2.1666864905692755e-15
120,117,-1.2267919759355815e-15,4.9646788533933911e-15
121,117,-2.6634466566755904e-47,-3.3878888760952409e-47
122,117,-4.7476508995529226e-47,1.4794319145524329e-48
123,117,5.6551404050071669e-47,3.7652828267714185e-47
5,118,6.6895601992908277e-41,-5.2232618019782325e-41
11,118,-1.7272124936527872e-47,-1.4586640390980046e-48
12,118,-2.7080463011459466e-46,3.0517470024181738e-46
13,118,6.3886386061186661e-47,-9.498082100650135e-47
14,118,-1.8948296806038048e-47,-9.945661441408811e-47
15,118,1.3817807974500179e-47,2.5305860192647299e-47
16,118,-1.4267195432791139e-46,4.4200598964566828e-47
17,118,1.3426037356011885e-45,2.9269612479525104e-46
18,118,2.2338258081230423e-46,-7.7725479025489597e-47
25,118,3.5623113827778607e-15,7.4617243400040132e-16
35,118,-2.8338786438724165e-33,3.2227419167634557e-33
36,118,-5.4994984263206388e-32,3.8028288249287888e-32
37,118,-2.6903045613751255e-33,2.9565507866114807e-33
41,118,-2.1987634574390894e-42,-1.4164154566071544e-41
42,118,-4.4517996834477141e-31,-2.3572683815267246e-31
43,118,2.0405454154436329e-31,1.0150489612897912e-31
44,118,2.1420991425956205e-31,2.359198194634828e-31
45,118,-2.5725426710740067e-31,-1.2206835994319671e-31
46,118,-2.5571982288016257e-31,2.1268037935296905e-30
47,118,7.7553612241219226e-22,8.4037103946600254e-21
48,118,-1.5874956046688578e-33,4.4831766413920445e-34
49,118,-5.2099186149945714e-37,-6.1568762455202554e-37
50,118,2.0170841203929432e-31,-5.2063271343176601e-32
51,118,-2.7194473159818364e-32,-2.0154043337787698e-30
52,118,-2.5335329490463197e-30,2.5618734481212863e-31
53,118,-1.172133653765997e-29,-1.1785793751428375e-29
54,118,1.5880449061504813e-30,2.4233691083859214e-30
55,118,-4.9093441453178044e-30,-1.6097271923018438e-30
56,118,-1.2064838988061654e-29,-2.8839439342429816e-30
57,118,3.8218716558026152e-30,1.0108200118359108e-30
58,118,-1.7152715743120782e-30,-4.429558452320078e-30
62,118,3.6814630487911535e-19,-4.0619941104573384e-19
63,118,3.9391529296251164e-19,-4.2289036085425907e-19
64,118,4.2129399410738147e-19,-4.5300052018454475e-19
65,118,1.559017959449215e-19,-1.533068424883234e-19
66,118,-1.4163346327314568e-15,1.6261810059567328e-15
67,118,1.2405211745581629e-19,-1.4933240722101352e-19
80,118,-2.4302530060008143e-15,-9.1821142472865879e-15
81,118,3.1065733286520305e-15,8.4712898731783731e-15
82,118,-1.4371887177793122e-15,6.4463519649431128e-15
83,118,-1.2151265030004071e-15,-4.5910571236433026e-15
84,118,1.5532866643260093e-15,4.2356449365891842e-15
85,118,-7.1859435888966892e-16,3.2231759824715675e-15
86,118,3.7747466030818704e-15,-5.0472962638094571e-15
87,118,-3.9808021426915578e-16,3.5572951461412006e-15
88,118,-1.7065581451835652e-15,-5.6129329049197655e-16
89,118,-1.4359367866581127e-15,2.2127100328993585e-15
92,118,-3.4416515371387557e-15,2.0128701784031087e-15
96,118,-2.8332127603173391e-15,4.7701315776951547e-16
100,118,1.4577899786611454e-16,4.9630058891132757e-16
101,118,1.2755662313285031e-16,4.3426301529741213e-16
102,118,-2.402285161626847,5.2273098190347183
103,118,0.4393074165913704,-1.1884623965453553
104,118,0.95035720658644529,-1.6022485987021486
105,118,7.3418087683095321e-15,1.9227500464744953e-14
106,118,8.0570200265912351e-15,5.7701690990818399e-15
107,118,-1.3250836317369745e-14,-2.9152745610051368e-14
108,118,6.7780159150206346e-15,1.4290238527028303e-15
109,118,8.3603638593880973e-47,3.0363103694741651e-45
111,118,9.9161822275148812e-15,-2.9594574295679127e-15
112,118,6.4841564578843704e-15,-2.0568392432473935e-15
113,118,-1.8969909142711316e-14,1.213665756828681e-14
114,118,7.3058317987686216e-15,-2.3661513840496925e-15
115,118,7.114578765882897e-15,-1.6948483327066905e-15
116,118,-1.0781264663731238e-14,7.7894617897806224e-15
117,118,-1.3394106935448068e-14,7.6761022561380918e-15
118,118,2.4022889801583247,-5.2173035253291289
119,118,-0.4393074157709318,1.1884621523892021
120,118,-0.95035719919888084,1.6022479734740163
121,118,1.3568541055792234e-46,-2.5040632509208497e-46
122,118,9.4267187145003327e-47,-1.8649833646153558e-47
123,118,-1.1053488243648376e-46,2.2744046821939873e-46
5,119,1.5070472162410523e-41,1.1978214758073132e-40
11,119,-4.3308946195095858e-48,-2.8687090526403279e-47
12,119,-4.3520577124805967e-46,-3.2977947127942241e-47
13,119,2.7652775212975841e-46,-3.3723491203512083e-47
14,119,1.6191500587086235e-46,1.6246190685714884e-46
15,119,-1.9650390891749911e-47,1.6681073492156516e-47
16,119,-1.0814783224810127e-46,-3.7316140439568738e-47
17,119,1.6118981980339094e-45,1.0238547449229319e-45
18,119,2.5379823544194957e-46,-7.8571943527504176e-47
25,119,-1.1265731407869969e-15,3.5615331418965666e-16
35,119,-3.7134779323974389e-33,3.0973444897810105e-33
36,119,-6.7818692548549769e-32,3.2814911424445198e-32
37,119,-3.5075137918515834e-33,2.8258353208803938e-33
41,119,1.7088753432688566e-41,9.0772445747531126e-42
42,119,-1.9558584922920431e-31,1.1687898772330253e-31
43,119,-1.5988404632065762e-31,-7.7998190817111797e-32
44,119,8.2804796660132586e-32,4.3883197308774212e-32
45,119,-1.4354103151406336e-31,6.221617641878625e-32
46,119,-1.8839581999723357e-30,-1.6185786182670033e-30
47,119,7.6010862187656789e-21,-2.8269907921164631e-21
48,119,4.8051109359833057e-34,-2.3396640730586577e-33
49,119,-4.3066689215843175e-37,-8.3153075246869976e-37
50,119,6.5139654334709334e-31,-8.0734018069729061e-31
51,119,1.8123358396618676e-30,5.5987857425578795e-32
52,119,-1.0174347073378788e-30,-2.6161627827235845e-31
53,119,-1.728763231028484e-30,1.2636474013594439e-29
54,119,5.0919658419088229e-30,7.9961418566789597e-32
55,119,-1.3560493142434974e-30,1.4369633619594361e-30
56,119,-3.8269017324470056e-31,8.2348159930961768e-30
57,119,1.3590097450258919e-30,3.7738190937492195e-30
58,119,-2.7874705568602407e-31,-5.8808501347249372e-32
62,119,-4.6915392217996668e-19,-2.3963321285176127e-19
63,119,-4.9110166238436964e-19,-2.5935142911963681e-19
64,119,-5.2590425026893606e-19,-2.771962490756637e-19
65,119,-1.8132009017634988e-19,-1.0617206955046968e-19
66,119,3.3686948475705997e-15,-9.8641946645581052e-16
67,119,-1.6964624738387671e-19,-7.7622662731177656e-20
80,119,1.1341311851219919e-15,5.5902402172929684e-15
81,119,-8.6120770581115122e-16,-1.4375605149433521e-16
82,119,-2.1520071171828402e-15,-4.0967452249915334e-16
83,119,5.6706559256098986e-16,2.7951201086464968e-15
84,119,-4.306038529055765e-16,-7.1878025747169552e-17
85,119,-1.076003558591426e-15,-2.0483726124957689e-16
86,119,6.9517003036079836e-16,-2.3150474148703378e-15
87,119,-9.1077448088254207e-16,3.877148945900015e-15
88,119,-1.7687547843999397e-15,-1.1757231871838069e-16
89,119,1.6659718655995333e-15,-1.4639194443132444e-15
92,119,1.8111883977998295e-15,-8.5214047641775296e-17
96,119,7.0858567655391678e-16,1.1575373007917651e-15
100,119,6.1836823287260972e-16,4.5720364649850425e-16
101,119,5.4107220376353343e-16,4.0005319068619187e-16
102,119,0.43930741461827394,-1.188462395662278
103,119,-2.4589298888170203,5.2679550633649619
104,119,1.0552747818932395,-1.6850277605376915
105,119,7.424131994630338e-16,6.0401121317619974e-16
106,119,1.0408592300292643e-14,8.6865253733652392e-15
107,119,-1.0423969483362223e-14,-7.2308569663456207e-15
108,119,-2.1450103661026162e-15,6.7502817390478169e-16
109,119,3.2696223535798606e-45,1.3503322290225785e-46
111,119,2.4757189773128965e-15,-2.9723581476353531e-17
112,119,4.0824679701361517e-15,4.3939643139433706e-15
113,119,-8.6605038472113391e-15,-3.195653157477581e-15
114,119,6.3580270760125529e-15,-2.7992340693595088e-15
115,119,1.417840714385797e-16,2.5478058389932007e-15
116,119,-6.0378969680261835e-15,1.284964353064121e-15
117,119,-7.2902116115020049e-15,-2.1037444362957231e-15
118,119,-0.43930741577090915,1.1884621523891798
119,119,2.4589369000044528,-5.2579429591571945
120,119,-1.0552740709971911,1.6850292548525729
121,119,-4.0158102947572596e-47,-1.6773269824810207e-46
122,119,-2.3958045504315474e-47,4.3492163430598732e-47
123,119,1.2282376266157048e-46,1.4460626560020469e-47
5,120,-1.3938799870572096e-41,7.9686128855986128e-41
11,120,-6.0382648946830287e-48,1.0938628715217493e-47
12,120,4.0283116052565659e-47,-5.1049889829242679e-46
13,120,-1.6975911149736448e-48,4.4944514787019673e-46
14,120,6.4153101201014864e-47,-9.9130439786961008e-47
15,120,1.4073593505396699e-48,-5.2938113518732814e-47
16,120,7.8734928965125228e-47,-1.3059970252655674e-46
17,120,-2.7075990264051189e-45,1.2625727932179677e-45
18,120,-1.6527914716997746e-46,4.089852873891289e-46
25,120,1.5782014712670134e-15,-2.6750656828729015e-15
35,120,1.8347711417402704e-34,-7.4468961416155748e-33
36,120,3.0862631413271062e-32,-1.1188092385836842e-31
37,120,2.8880657740235159e-34,-6.9325936215449415e-33
41,120,9.0652839985220582e-42,8.6039044108160665e-42
42,120,2.2525353176494613e-31,9.7573212354089209e-32
43,120,1.109388206723327e-31,-1.642871847782667e-31
44,120,-2.6722529067548116e-31,-2.5371078384244695e-31
45,120,1.6993817504502969e-31,4.2096942313252407e-32
46,120,-5.3640528942605903e-31,-1.3135278521599564e-30
47,120,3.0958708490191811e-21,-1.646021242036621e-22
48,120,8.5080275235270238e-34,-1.4003838566387209e-33
49,120,1.3924172091051788e-36,2.2954157178683336e-37
50,120,1.3634309565833559e-30,-4.4241915529120099e-31
51,120,1.5231630703313218e-32,-4.2411555255811262e-31
52,120,-1.3722155001106104e-30,2.9656231012471033e-30
53,120,-2.0678356287875013e-30,7.2471552894847288e-30
54,120,1.741994226784909e-30,-3.2371630424969535e-30
55,120,-2.3663154143602008e-30,2.818322989810907e-30
56,120,6.9608488178338932e-31,4.4562932224624419e-30
57,120,-2.8896753339231258e-30,-1.7089043089667561e-30
58,120,-1.4018227621493676e-30,-6.1911040140179809e-31
62,120,-1.4384821158013034e-19,-1.4094439528816633e-19
63,120,-1.4960710943711601e-19,-1.5064233536119345e-19
64,120,-1.6026945011368675e-19,-1.6112322171920897e-19
65,120,-5.404855855059898e-20,-5.9419480828978203e-20
66,120,1.0783167306693251e-15,5.3215724262304776e-16
67,120,-5.3045012180637715e-20,-4.7671409776212011e-20
80,120,-3.2891960202580338e-15,-3.5615077363747725e-15
81,120,1.0251679361969078e-14,8.3254202481336185e-15
82,120,-3.7234765004898307e-15,-4.9776968402429686e-15
83,120,-1.6445980101290153e-15,-1.7807538681873894e-15
84,120,5.1258396809845313e-15,4.162710124066814e-15
85,120,-1.8617382502449138e-15,-2.4888484201214926e-15
86,120,-1.6406397717546073e-15,-3.6622980490384685e-16
87,120,6.5579484153109478e-16,-6.2686808497387837e-16
88,120,1.0150855889831925e-15,5.4633244579180641e-16
89,120,-2.4846927306014146e-15,5.2590021459385781e-15
92,120,-4.7991139856795185e-15,2.8291317830954424e-15
96,120,-3.5360764956167231e-15,-1.1766146958261495e-15
100,120,9.0403106290960599e-16,-8.7825800747525576e-16
101,120,7.9102718004590635e-16,-7.6847575654084906e-16
102,120,0.95035720670947377,-1.6022485969542175
103,120,1.0552747818452359,-1.6850277623288259
104,120,-2.8570019170679228,5.5336424639146085
105,120,2.3277560534098967e-15,-2.2112149080150786e-15
106,120,-5.7364391727311768e-15,-2.7179466955405252e-15
107,120,-1.721002007607507e-16,-4.2592967316021562e-15
108,120,3.0103476083839515e-15,-5.0873117704354377e-15
109,120,1.9333078765166845e-45,5.6359046830430542e-46
111,120,-4.5468189919513052e-16,7.411373821208025e-17
112,120,-2.4463568635699087e-15,-1.5692420918241364e-15
113,120,6.9011267190000999e-15,-1.0375874486538916e-14
114,120,-1.2308320595811389e-15,1.3291074488657853e-16
115,120,-1.6058999670954322e-15,1.3628591148623767e-15
116,120,4.6656680929335989e-15,-2.7145899304189875e-15
117,120,3.7008863263120444e-15,-1.044182269641231e-14
118,120,-0.95035719919890838,1.6022479734739363
119,120,-1.0552740709971973,1.6850292548525481
120,120,2.8570123265218079,-5.5236248225070739
121,120,8.3062528411696045e-47,5.2792604160971308e-47
122,120,-4.1524823500563935e-47,-1.8396681846950001e-47
123,120,1.3139019278305235e-47,-5.7632422479499366e-47
5,121,1.2451892338417883e-15,1.5739443943627989e-16
11,121,1.6786221360281325e-16,4.633192552836303e-15
12,121,7.0645827999433831e-15,4.2587866304243252e-16
13,121,-1.8444067721127156e-16,3.4287441046813205e-15
14,121,-3.5330517183831591e-15,-6.7028160771720388e-15
15,121,-1.3855162282392091e-16,-6.4645045540147587e-16
16,121,2.4790584887270506e-15,7.5266432990772319e-16
17,121,4.7679983913105887e-15,-1.5274683623816834e-16
18,121,-1.8010065122130107e-15,-3.0205378863327408e-16
25,121,-7.6350367312969379e-15,-2.4090622606292173e-16
35,121,-8.6562135092274066e-16,-1.6931009724572692e-15
36,121,-8.3365409861448888e-16,-2.0325690155442166e-15
37,121,-8.2182483468220958e-16,1.3470780887283723e-15
38,121,-2964089.6340039,6146139.08241711
39,121,1439778.4582827201,-2109812.0782271
40,121,519545.60133006697,-1370448.7877968701
41,121,-1.5316030036824691e-15,-6.9561301825516789e-16
42,121,3.6043254701227051e-17,-7.7777661996101568e-16
43,121,-4.0399862937440067e-16,-2.5843811202046335e-15
44,121,-5.3185143377791679e-16,2.0186474710106809e-15
45,121,-7.708740542014362e-16,1.9069615834499911e-16
46,121,5.7092796953069507e-16,2.1221341640269076e-16
47,121,5.0722867296628437e-31,1.5425069377926557e-31
48,121,-2.141211233389279e-30,-1.9003347062957254e-30
49,121,-1.1567713179485929e-15,-2.1583179815632043e-15
50,121,-7.2391867190014294e-30,2.1042620219891986e-30
51,121,1.2741327607102099e-29,8.698451352732916e-31
52,121,-1.127765607485477e-31,2.0302478065875208e-30
53,121,6.2619126936519578e-30,1.0409520345334232e-29
54,121,7.376339239315131e-30,-4.5620772509945824e-30
55,121,-1.8368389094121682e-31,4.1040627805251069e-30
56,121,4.2937629424731602e-15,2.4683745218702073e-15
57,121,-6.0479443226462107e-16,-6.8894979180127781e-15
58,121,8.6741868726669048e-16,8.917730225169498e-16
62,121,1.1165999144113855e-31,-4.1464358756032859e-31
63,121,8.8198396380450366e-32,-1.089928320600974e-31
64,121,9.0082441183588203e-31,8.7398721703057612e-33
65,121,3.8974495760263845e-32,-1.5380624861225009e-31
66,121,-2.5490316578213218e-31,-6.7047522881716185e-31
67,121,3.2301863882058973e-31,2.9048990712731949e-32
80,121,1.3513767843525303e-31,2.5705495504414634e-32
81,121,7.2238616261856073e-32,-1.918336092237138e-32
82,121,1.283916747325201e-31,-2.2892959212314303e-32
83,121,6.7568839217626966e-32,1.2852747752207583e-32
84,121,3.6119308130927982e-32,-9.5916804611855477e-33
85,121,6.4195837366260468e-32,-1.1446479606156896e-32
86,121,3.974129218482166e-46,2.6438416895443167e-46
87,121,-6.359779798467977e-46,-2.5681647839238947e-46
88,121,1.1282789767688316e-46,5.7108025658016759e-46
89,121,-10.6519046849295,23.726279743161101
90,121,2.0781824053202702,-5.4817951511874803
91,121,3.5276979473802998,-6.6905324314000598
92,121,-6.5966474141226052e-47,2.2078743529591131e-47
96,121,1.7165308328777899e-47,-1.2252196360907481e-47
100,121,7.9374408579511193e-47,8.2980658120915232e-48
101,121,6.9452607507072351e-47,7.2608075855801405e-48
102,121,-5.2545010260970007e-47,2.2637767743539275e-47
103,121,-1.6673600820910511e-47,-5.9304213718792933e-47
104,121,-1.3617179090568236e-46,1.7126889350290775e-47
105,121,3.6015754555891807e-46,2.8301185112788498e-47
106,121,-1.5639437092271773e-46,7.1808506909990299e-47
107,121,-1.266745481382613e-46,-5.5739760526804402e-47
108,121,-3.8209992486260899e-48,-1.1743138864885811e-47
109,121,-3.0067386543356955e-16,2.474233503241574e-15
111,121,-7.0148615270229298e-47,-6.2477766557285536e-49
112,121,-2.5702835619298509e-47,1.5234829979767642e-46
113,121,1.0424258765635543e-46,5.5527517502447358e-47
114,121,-3.9121877285851222e-47,1.8113204373468667e-47
115,121,-3.1769765631957405e-47,9.6760490298758509e-47
116,121,-6.2725614541895661e-47,3.4175852173639158e-47
117,121,1.0881407541502493e-46,-1.0634298673267062e-46
118,121,1.3437376954213412e-46,-2.315300563523887e-46
119,121,1.9401808480679064e-46,-2.4908969550552945e-47
120,121,-3.2233608511155309e-46,5.1597990195088398e-47
121,121,2964100.2859085766,-6146162.8086944306
122,121,-1439780.5364651179,2109817.5600219402
123,121,-519549.12902801402,1370455.4783287749
5,122,-1.3428769542121585e-15,-1.7719851752587153e-15
11,122,-4.4014194419624514e-15,5.2795699583553874e-15
12,122,4.9364494940899613e-16,-1.0402284453103409e-15
13,122,-7.9780044829176248e-15,-7.1701534131795908e-15
14,122,3.2044910709476893e-15,9.5718483189639166e-16
15,122,-1.7598394530275041e-15,-6.5214218481521375e-16
16,122,6.3824524012599838e-16,-9.8940952954501868e-16
17,122,5.2802815704678888e-15,9.8851659227013441e-15
18,122,4.7252330824465031e-16,2.431694495773351e-15
25,122,2.2744168885565983e-16,3.7269829515684873e-15
35,122,-3.8319212687849006e-17,6.1071291260687752e-16
36,122,7.592364973523155e-16,-2.6284879684501514e-16
37,122,3.5175482353861039e-16,-7.5740249854958218e-16
38,122,1439778.4582827201,-2109812.0782271
39,122,-3314527.0684086201,6368996.83497993
40,122,881924.48684507399,-1672633.1078500201
41,122,3.246625777952492e-16,-1.0364549744922942e-16
42,122,-1.9533523221712273e-15,1.77454904827446e-15
43,122,6.2510965074789638e-15,-2.6303774474643849e-15
44,122,-1.6672319539928056e-15,-9.7810831662443829e-16
45,122,4.7107509814768007e-18,1.4851178177212765e-16
46,122,-1.3672298170901848e-15,-7.819502547872622e-17
47,122,-1.5622847541535617e-30,1.1113466419178454e-30
48,122,-4.1530818411995e-30,7.6573625039806549e-31
49,122,-2.4237925022937348e-15,1.2233097786438218e-16
50,122,-1.1564382159364599e-29,6.7834260024586394e-30
51,122,-2.0573065305919087e-30,-1.3056320819173255e-29
52,122,2.2793143755345905e-30,-1.5565015390736558e-30
53,122,-1.2048873413345671e-29,-5.6322200532094492e-30
54,122,-5.6457518445611665e-30,2.9123653240710575e-30
55,122,1.414172235569821e-30,2.3566569915147193e-30
56,122,7.0028409838457338e-15,-2.9032880294728428e-15
57,122,-6.6576182318654539e-15,1.1121983938919929e-15
58,122,-5.5972913165357343e-15,-5.207175199202731e-15
62,122,2.2831197802707847e-32,-6.4546256514249342e-32
63,122,-2.140500439313006e-31,2.1573202461007406e-31
64,122,-3.2424521150161419e-31,3.0509236420364437e-31
65,122,-3.6019482366823047e-33,-1.8730227308114787e-32
66,122,8.9881309013401825e-31,2.2570380669484362e-32
67,122,-1.1591144300510646e-31,1.0772881674289055e-31
80,122,2.7993996531697625e-32,4.657395163856422e-32
81,122,-1.4670479955549992e-31,-1.5882687227258307e-31
82,122,-5.950248596575365e-32,9.5940914628360392e-32
83,122,1.3996998265848681e-32,2.3286975819282074e-32
84,122,-7.3352399777749797e-32,-7.941343613629162e-32
85,122,-2.9751242982877099e-32,4.7970457314180152e-32
86,122,2.0737045787382038e-46,-1.4269079802039997e-46
87,122,3.8983225577107509e-46,-6.0012136709873843e-47
88,122,-6.4634249817334328e-46,-7.7934664099569294e-48
89,122,2.0781824053202702,-5.4817951511874803
90,122,-11.8563585360156,24.584556329668398
91,122,5.7591138331308596,-8.4392483129084095
92,122,6.242677480147895e-48,2.6218814319969093e-47
96,122,-3.651154109568182e-47,2.0832971158681788e-47
100,122,-7.83605238309891e-47,1.416901141334118e-48
101,122,-6.8565458352115531e-47,1.2397884986673036e-48
102,122,-2.0655088358418717e-47,8.2825773949088033e-47
103,122,-3.6015319240413177e-47,-6.1474235044732778e-48
104,122,8.4911195153017993e-47,-5.490113956410894e-47
105,122,-2.5107195170348751e-46,2.3634675362830101e-46
106,122,-1.5601754246131835e-47,-2.2197890103942916e-47
107,122,1.3370358365545138e-46,-1.0059134849235492e-46
108,122,6.4867267014690207e-48,-1.4358232977263715e-47
109,122,2.5354570274893071e-16,-8.3957072328779389e-16
111,122,8.42813602036782e-47,6.6387423681316465e-47
112,122,5.7107719199165623e-47,-4.3629721881778026e-47
113,122,-8.7295839694672812e-47,-1.9576021060497866e-47
114,122,3.9671174865942108e-47,4.9364435906406279e-47
115,122,4.0631778254653613e-47,-3.9459235221737474e-47
116,122,-1.6721776361837401e-47,-8.0129118335617184e-47
117,122,-6.6313034903344932e-47,6.1633433303361486e-47
118,122,1.627072976460109e-47,-4.9110954967898897e-47
119,122,-4.9187271975869697e-48,7.7809233672030143e-47
120,122,-9.4525823763146865e-48,-5.9321697321520317e-47
121,122,-1439780.5364651179,2109817.5600219402
122,122,3314538.9247671603,-6369021.4195337193
123,122,-881930.24595890695,1672641.5470975037
5,123,-7.6305595840892174e-16,2.027807156501408e-15
11,123,-9.9090049507828843e-16,2.6459944443690562e-15
12,123,-4.905330790959162e-15,7.3353468253561385e-15
13,123,6.8028101727230096e-15,3.3595829456519154e-15
14,123,5.817360826849782e-16,-1.3259235700207495e-14
15,123,3.4807882299886532e-15,1.667301636116787e-15
16,123,-2.4218127050622925e-15,-6.1488086382044236e-17
17,123,-8.9868071848898745e-15,-9.7640216557236191e-15
18,123,9.7913606156326267e-16,-3.3162894013256908e-15
25,123,-5.3330331874262837e-15,5.2208766903904589e-15
35,123,8.7517693202042672e-16,1.890520741072544e-15
36,123,6.1149937602938597e-16,1.9769411686393442e-15
37,123,5.6350694533968845e-16,-7.7756761237655369e-16
38,123,519545.60133006697,-1370448.7877968701
39,123,881924.48684507399,-1672633.1078500201
40,123,-2662976.17123238,5931569.9357902799
41,123,8.0863387476452954e-16,1.1931020130580041e-15
42,123,5.8912000377545003e-16,-4.7833153347819523e-17
43,123,-5.5680660109474106e-15,4.7841941059604746e-15
44,123,2.4700224365756418e-15,-9.9337345000589888e-16
45,123,-6.9153932013038206e-16,1.7631962762662267e-16
46,123,8.048676208687831e-16,6.8720696133291094e-17
47,123,8.3103604334562949e-31,-2.5475431150420447e-30
48,123,3.9097532760995847e-30,3.4945461867081793e-31
49,123,1.7964492880209531e-15,-1.3783034142424333e-15
50,123,2.1775857086549694e-29,-5.0140143017277264e-30
51,123,-1.7292384292399199e-29,1.427782353456686e-29
52,123,-3.0197076700748531e-30,-1.6286099324840535e-30
53,123,1.0943117022937929e-29,-8.1137532783807519e-30
54,123,-7.0984260146120902e-30,9.6339151813578034e-30
55,123,-1.0647514860344112e-30,-8.3892438177946484e-30
56,123,-8.3485919058054229e-15,-2.8323573965326437e-15
57,123,8.2168877326354033e-15,4.7862821315943034e-15
58,123,1.4033566929608168e-15,2.919284715890502e-15
62,123,-1.8868779670668287e-31,5.0241186125082337e-31
63,123,2.5821091873047588e-31,-6.1003292044656741e-32
64,123,-3.4178963205769733e-31,-1.071603508815384e-31
65,123,-5.0543235833616862e-32,1.8339379604471167e-31
66,123,-4.4283026506323366e-31,6.8735512098855665e-31
67,123,-1.2370148194092245e-31,-5.9818734604658717e-32
80,123,-1.5924421378316201e-31,3.6478978911235827e-32
81,123,1.0429011068948476e-31,2.4861262648996188e-31
82,123,-9.9165332243481899e-32,-1.5710933790620318e-32
83,123,-7.9622106891581509e-32,1.8239489455618061e-32
84,123,5.214505534474217e-32,1.2430631324498085e-31
85,123,-4.9582666121741311e-32,-7.8554668953101591e-33
86,123,-6.5752545622097592e-46,1.4801316044826294e-46
87,123,3.3798576790177771e-46,2.7425753401045426e-46
88,123,3.901454774817797e-46,-8.4904378782407567e-46
89,123,3.5276979473802998,-6.6905324314000598
90,123,5.7591138331308596,-8.4392483129084095
91,123,-13.2581082736345,25.475987339919701
92,123,6.7152339954642368e-47,-4.8871443546158394e-47
96,123,5.5978316331719875e-47,6.5861344986507502e-48
100,123,5.6181701161876682e-47,6.333335704687053e-47
101,123,4.9158988516642108e-47,5.5416687416011798e-47
102,123,1.7432734453046372e-47,-5.8080509346469013e-47
103,123,3.9674907468471899e-47,4.2710737355997672e-47
104,123,4.2611027129165689e-47,-1.1949639088402332e-47
105,123,-1.3763492637852408e-46,-1.8706602037852122e-46
106,123,-3.6289885163907677e-47,-1.0709952031613616e-46
107,123,8.6301899307811804e-47,1.2676086067577591e-46
108,123,-2.5027039518310175e-48,1.0893311322343645e-47
109,123,-1.7890883068678499e-16,-1.651016674672188e-15
111,123,-2.8817387536006364e-47,-2.610445038290519e-47
112,123,-1.0890723386109034e-46,-8.2107471604715737e-47
113,123,2.5890482550405827e-48,-5.4877181055047435e-47
114,123,1.6308654506679144e-47,-1.6479757876888023e-47
115,123,-5.9745180198214162e-47,-4.8127730043829786e-47
116,123,9.0258008295896159e-47,-3.0018714205987779e-48
117,123,-1.2532437723477685e-47,3.0674465133899805e-47
118,123,-2.0932781074359863e-46,2.7497580055648862e-46
119,123,-4.0012448014964441e-47,-9.370058978471004e-47
120,123,1.5836661044207898e-46,1.8492481732961229e-47
121,123,-519549.12902801402,1370455.4783287849
122,123,-881930.24595890695,1672641.5470975037
123,123,2662989.4293406568,-5931595.4117749436
