row,col,g,b
1,1,0.10820468194596296,-70.821984866435884
2,1,-0.0041023409730056009,35.460992433217946
3,1,-0.0041023409729573444,35.460992433217925
4,1,-0.004736975330110256,40.946827054099302
5,1,0.009473950660240647,-81.893654108198604
6,1,0.002368487665023406,-20.473413527049637
1,2,-0.0041023409729778349,35.460992433217932
2,2,0.10820468194596608,-70.821984866435884
3,2,-0.0041023409729882372,35.460992433217939
4,2,0.0023684876650509729,-20.473413527049647
5,2,-0.0047369753301181794,40.946827054099295
6,2,0.009473950660238142,-81.893654108198604
1,3,-0.0041023409729780049,35.460992433217939
2,3,-0.0041023409729830365,35.460992433217939
3,3,0.10820468194596106,-70.821984866435884
4,3,0.0094739506602275533,-81.893654108198604
5,3,0.0023684876650581065,-20.473413527049644
6,3,-0.0047369753301200546,40.946827054099309
1,4,-0.0071054629951693496,61.420240581148974
3,4,0.0071054629951693496,-61.420240581148974
4,4,7401.5587443429977,-7999.3739119199799
5,4,-2276.8545506702521,1369.5024629443635
6,4,-1633.5791255746904,1357.6807795005232
7,4,-7194.1057080280807,7508.4447530288689
8,4,2205.744724178192,-1275.7208615183777
9,4,1593.0381456922473,-1282.5107164583962
10,4,-1.4183558529660742e-26,-7.6009871962561721e-26
11,4,7.1137511723319915e-30,9.9868540227234381e-29
12,4,8.8848215836976048e-13,-3.674805416057632e-13
13,4,-3.742899202350594e-11,-1.6550459886284513e-11
14,4,1.7027258057481475e-12,5.8390041698025486e-13
15,4,-1.4321425478051714e-12,1.6185826762331173e-11
16,4,-9.5387046091455802e-13,2.384228215216552e-12
17,4,-6.7706725913435316e-12,-1.0818000554602163e-12
18,4,2.1077302363032623e-11,4.4983329087522512e-11
19,4,2.022840969536595e-11,-4.6439578642474961e-11
20,4,3.9202213707645649e-11,4.0985495118058877e-11
21,4,1.2863421109398359e-11,3.672186854084813e-11
22,4,1.4380760963559487e-12,-2.5795113660541347e-11
23,4,-207.44072928944254,384.546181591275
24,4,71.109826492200938,-93.781601425930276
25,4,40.540979881784622,-75.170063041803971
26,4,-1.688616306965511e-12,1.4462480117074464e-12
27,4,-1.0835846568717684e-12,-4.7247017975321342e-12
28,4,6.2167729997337679e-12,-2.0565114858229068e-12
29,4,5.4084273047966575e-13,-3.195104595821341e-13
30,4,7.717773284198397e-14,-3.097542602712556e-13
31,4,-1.4356444734268548e-13,-6.8574782644370425e-13
32,4,1.4810075014348649e-11,7.518625761570761e-12
33,4,3.0833643435408586e-11,-2.2073387350038726e-11
34,4,-4.8816364494881478e-12,-2.6717413023626788e-11
35,4,7.5960623663876602e-13,3.3765851983431857e-13
36,4,-6.4123321333215976e-11,-6.0376444485660567e-11
37,4,3.046374331519408e-13,-2.4490048613838782e-12
38,4,5.6517586348222739e-12,-1.6489928095708721e-12
40,4,-3.694422686037099e-14,-7.2017218130376078e-15
41,4,5.0216727504497503e-13,9.950139558507473e-13
42,4,1.2032149792912146e-11,5.0094729062130813e-12
43,4,-2.3839757852367489e-13,-1.2884109142902706e-13
44,4,6.8759071925632007e-13,6.6209345685865977e-12
45,4,9.2067333479477724e-12,2.7728392600268457e-13
46,4,-2.8528311095752499e-17,1.2868733752744143e-15
47,4,2.3100134874619229e-15,-3.5741046403306143e-17
48,4,-6.8170360593406885e-16,3.7954717213576913e-17
49,4,-1.6057359108861293e-15,-3.8555417700736158e-20
50,4,1.671519404681602e-13,1.3815119875519148e-13
51,4,6.2130960203605115e-25,-6.9121585217442333e-25
52,4,-1.7130227682688819e-28,-7.0105158007973233e-29
54,4,-1.5248969514488054e-27,1.2702861322111238e-27
1,5,0.0071054629951774568,-61.420240581148974
2,5,-0.0071054629952042167,61.420240581148995
4,5,-2276.8545506717119,1369.5024629446732
5,5,7742.4704801002517,-7929.0037405552457
6,5,-2276.8545506694286,1369.5024629445297
7,5,2205.7447241781947,-1275.720861518384
8,5,-7516.4772473747526,7429.2125625219351
9,5,2205.7447241780292,-1275.7208615178449
10,5,-1.0437916530298113e-25,-1.6057791598503508e-25
11,5,1.0989904607805938e-28,2.2038267721199345e-28
12,5,6.5489707242429644e-14,1.7695172569339516e-13
13,5,7.3062636225559164e-12,6.9885513070581051e-13
14,5,3.4548412580661066e-14,6.6538516626254889e-14
15,5,2.3401909541882899e-11,5.3559725793235682e-11
16,5,-5.289887432197048e-12,1.1421477796378073e-11
17,5,-2.5572655509344155e-13,3.9368587117568367e-14
18,5,-1.9705117354639289e-10,5.8923353742119438e-11
19,5,-3.4765894842920329e-10,1.9564159590097009e-10
20,5,1.0332974249230043e-10,7.3597196495859771e-11
21,5,-1.6917119059467886e-10,1.1478138253560288e-10
22,5,3.9993972756576758e-12,1.6473298322883683e-11
23,5,71.109826492355168,-93.781601425959906
24,5,-225.98092570022985,393.40820073386845
25,5,71.109826492458396,-93.781601425695484
26,5,-1.2510967320830762e-11,-1.6371610228632851e-10
27,5,1.5100403162030189e-12,2.326091727759185e-11
28,5,8.348549462084175e-11,-5.6529120631883096e-11
29,5,1.2577129367286368e-13,9.9091741722179155e-14
30,5,8.8954241562232062e-14,2.9127302674002426e-13
31,5,-6.1414358097433938e-14,6.7457924429520505e-14
32,5,-3.6722185934805167e-10,-1.9327412898327537e-11
33,5,1.2496316680432042e-10,1.1778037436912643e-10
34,5,-1.3399958681460719e-10,-1.0242492860423274e-10
35,5,-7.1835641732811147e-14,1.4646168217870694e-13
36,5,1.2754733339781024e-11,5.0918529336366606e-11
37,5,-1.1488843751350767e-15,-2.4215521983098104e-15
38,5,3.59593111406982e-15,-5.1720106158118354e-16
40,5,-1.0941697571494206e-13,6.1237192094046344e-14
41,5,-1.3137942929192401e-13,6.0163684429433207e-14
42,5,-2.0774903667295553e-11,-6.0466449618962204e-13
43,5,-1.3460681491846039e-16,-9.9212965167568142e-17
44,5,-1.5425503234672063e-16,4.1034871760764217e-15
45,5,5.6001684117715654e-15,9.6801900077675572e-16
46,5,-1.2938432408285448e-19,7.8387845323774112e-19
47,5,1.4143879827330314e-18,1.7853215875889702e-19
48,5,-4.1977457110182272e-19,-3.5941999192649103e-20
49,5,-9.8101065682731451e-19,-1.3930324651383218e-19
50,5,-5.0424955676072712e-13,-1.1460854769210216e-12
51,5,4.395642655948958e-28,-3.6839753499530351e-28
52,5,-9.8575708357209189e-32,-5.7689102651598754e-32
54,5,-1.0418233120041979e-30,6.4380646152304539e-31
2,6,0.0071054629951651368,-61.420240581148974
3,6,-0.0071054629951693366,61.420240581148974
4,6,-1633.579125574764,1357.6807795003938
5,6,-2276.8545506706432,1369.5024629441975
6,6,7401.558744341135,-7999.3739119197744
7,6,1593.0381456925004,-1282.5107164587853
8,6,2205.7447241781938,-1275.7208615183777
9,6,-7194.1057080278269,7508.444753028949
10,6,1.7735815053577784e-27,-6.0135849752261955e-26
11,6,-1.1585317843424306e-29,7.6432745439677068e-29
12,6,9.0546534351886789e-14,1.7703114202502205e-13
13,6,-3.2355659345723176e-12,3.068257989733612e-11
14,6,2.3948282177822136e-15,2.0631377071874311e-14
15,6,1.0066677703933869e-12,8.2936027420300632e-12
16,6,-1.0525044144579562e-12,6.9592222213145489e-12
17,6,2.6347966650157382e-13,-8.8280021402682411e-14
18,6,4.8781037593640425e-12,-9.2057184287122194e-12
19,6,1.3654005007429485e-10,-4.5897550170407658e-11
20,6,-1.6236846059883393e-10,-2.0871634810335874e-10
21,6,2.2010319046391635e-10,1.407854527730289e-10
22,6,3.115428132481579e-11,-6.08303090273613e-12
23,6,40.540979881811545,-75.170063041548531
24,6,71.109826492285592,-93.781601426046421
25,6,-207.44072928947926,384.54618159113517
26,6,6.1119522841150491e-11,2.8374008282293819e-10
27,6,-3.8591574909371543e-11,-4.0504333280870543e-11
28,6,-1.5077928561383043e-10,1.200279151660018e-10
29,6,2.3895162615322754e-13,-2.5605997686767654e-13
30,6,5.5665349385927544e-13,3.9061638798624764e-14
31,6,-9.3026020568710595e-14,-1.4175934718132985e-14
32,6,-3.2048527009585147e-11,-7.0497313826233952e-11
33,6,7.8147412816870777e-11,4.706871349189064e-11
34,6,7.1383441973647757e-11,-1.0121553731686051e-10
35,6,-5.6955701598149429e-14,1.6220658445194147e-13
36,6,1.004365976609233e-10,-1.0537524874508676e-10
37,6,-8.6943911171731691e-16,-2.0630560785696358e-15
38,6,2.9866629174025597e-15,-2.4591206697589749e-16
40,6,1.1411920402290725e-13,-8.2835651376745564e-14
41,6,1.3565528039316148e-13,-9.3029838321064192e-14
42,6,4.5166295425295869e-12,-1.9699657775177055e-12
43,6,-1.048820611797704e-16,-9.0311756243423845e-17
44,6,-3.3233147911970666e-16,3.3737020998680224e-15
45,6,4.5627344069918121e-15,1.0789621567490412e-15
46,6,-1.4387639937793423e-19,6.3797066790113095e-19
47,6,1.1556205999790985e-18,2.1778088726317052e-19
48,6,-3.4382829586468511e-19,-5.0601239683248233e-20
49,6,-8.0075678887484097e-19,-1.6379256417209025e-19
50,6,-1.479111562622946e-13,9.7931845599276423e-13
51,6,3.8032572745195061e-28,-2.8132220691180904e-28
52,6,-7.8276058348221747e-32,-5.2432029623354687e-32
54,6,-8.9000218553776327e-31,4.7794162228914224e-31
4,7,-7194.1057080280825,7508.4447530288708
5,7,2205.7447241781897,-1275.7208615183763
6,7,1593.0381456924983,-1282.5107164587866
7,7,8304.964901025176,-10206.466112925877
8,7,-2614.8794444653554,2021.7701307019431
9,7,-1780.0472153027868,1816.6959739140582
10,7,-1110.8591929970976,2698.0213598970108
11,7,409.13472028716319,-746.04926918356432
12,7,187.00906961028818,-534.18525745527131
4,8,2205.7447241781979,-1275.7208615183856
5,8,-7516.4772473747516,7429.2125625219333
6,8,2205.7447241781983,-1275.7208615183799
7,8,-2614.8794444653599,2021.7701307019483
8,8,8768.2657107507293,-10247.468219416311
9,8,-2614.8794444653604,2021.7701307019436
10,8,409.13472028716353,-746.04926918356432
11,8,-1251.7884633759695,2818.2556568943701
12,8,409.13472028716257,-746.04926918356352
4,9,1593.0381456926964,-1282.5107164580634
5,9,2205.7447241783166,-1275.7208615184043
6,9,-7194.1057080282826,7508.444753028758
7,9,-1780.0472153027877,1816.6959739140561
8,9,-2614.879444465359,2021.7701307019431
9,9,8463.8974285846052,-10371.861837714492
10,9,187.00906961028841,-534.18525745527188
11,9,409.13472028716274,-746.04926918356364
12,9,-1110.8591929970937,2698.0213598970045
13,9,1.4414743344308718e-10,-3.480044043015531e-11
14,9,3.1478333090626908e-11,-9.5193019551445811e-13
15,9,4.1220680924037477e-11,1.2879143033371126e-11
16,9,1.4969263205385342e-11,1.4347970351396771e-12
17,9,4.6062197738423986e-11,4.1967886019175112e-12
18,9,8.3282394780271893e-11,6.6373284709668396e-11
19,9,1.5107162682875812e-10,-7.0448258952840465e-11
20,9,1.3439888550599643e-10,-3.6075914062939998e-11
21,9,9.862805167435847e-12,-1.598049051986197e-10
22,9,-2.0396690191085624e-11,2.1452937478577451e-11
23,9,1.3130622503045361e-10,-1.1298149494497503e-10
24,9,3.1493974329674041e-11,-2.7786878066623397e-12
25,9,3.3806781579259681e-11,7.2580278746574235e-12
26,9,3.9180503114950789e-11,-3.2709162910369634e-11
27,9,3.0350649584887343e-11,-2.1790218995791363e-11
28,9,-1.7518087010704026e-11,2.3151591099516897e-11
29,9,1.2874806669572448e-11,-1.2043632644986002e-11
30,9,1.2218176745242955e-11,-1.1842593877063819e-11
31,9,1.1542452686220722e-11,-1.178114547638107e-11
32,9,-2.6689306588688587e-11,4.0257345188521865e-11
33,9,-2.228411649717052e-11,-1.595494878229176e-11
34,9,4.3223407407420214e-11,-2.596832795876833e-12
35,9,5.114850348762999e-12,-9.7312600173201849e-13
36,9,-158.93252755962081,165.39572478876104
37,9,2.0894740149826597e-12,-2.0772915605416556e-12
38,9,7.9001007163445698e-11,2.9237809616869156e-11
40,9,-1.0971274009552009e-12,-3.7960172719619876e-13
41,9,1.5717326465753065e-11,-4.1270316198860085e-12
42,9,1.2882838235367432e-10,5.3343887073672177e-11
43,9,2.0848756018779692e-12,-7.6465361804406485e-12
44,9,-2.2665168202407684e-12,4.5240683713032794e-11
45,9,-1.3588029068876518e-11,-9.4134336958981876e-11
46,9,-2.8351520668125174e-14,-1.2746523528990533e-14
47,9,-1.6736474605862944e-14,9.0704086336710936e-15
48,9,4.8345490415219634e-15,-2.8769144251206208e-15
49,9,1.1728741612508791e-14,-6.1232554408713348e-15
50,9,5.6046110496536937e-13,-4.4672135079654601e-13
51,9,7.0390829238415469e-23,-1.6606869195096945e-22
52,9,2.357248693252671e-26,1.2405718328275336e-25
54,9,1.4059370090084573e-24,-2.0078291577587236e-25
4,10,4.2475566420516745e-27,4.1583496456335706e-26
5,10,1.568651203184085e-26,-7.3771293018657077e-27
6,10,5.2343048505229902e-26,-3.1116085640677281e-26
7,10,-1110.8591929970976,2698.0213598970108
8,10,409.13472028716319,-746.04926918356432
9,10,187.00906961028818,-534.18525745527131
10,10,1420.6839988106703,-3450.5145194093193
11,10,-523.2446687520021,954.12655873531276
12,10,-239.16693898084111,683.17249607466306
13,10,-309.82480581388245,752.49315951233257
14,10,114.10994846491462,-208.07728955159547
15,10,52.157869370559816,-148.98723861951154
16,10,-6.6914116266813868e-14,9.4668892845323436e-13
17,10,-6.9998503791694517e-13,7.06115990788834e-13
18,10,1.9874950942832395e-13,-5.4840962566407078e-14
19,10,3.0096341285359327e-14,-5.9225192781265448e-14
20,10,-5.4738274395186027e-14,8.9937627760189343e-14
21,10,-4.7248103773792325e-14,4.1860996141349102e-14
22,10,4.0264658210584746e-27,-2.4791683601036009e-27
23,10,-1.2320178170874831e-26,1.7812407617285736e-26
24,10,5.1926002207119801e-27,2.2467368279713801e-26
25,10,-4.0409300679897402e-27,-1.8825963713600041e-26
26,10,-2.799508998649372e-27,1.8592144759774673e-26
27,10,-4.934439816388384e-27,6.4176373392779133e-27
28,10,-2.0642154610352417e-27,-1.2769320366461865e-26
29,10,2.0889443298351912e-28,-3.8511698824330852e-28
30,10,5.5245347968668295e-29,-1.8050013063487375e-28
31,10,-8.6580289915954258e-29,-2.9528667982988844e-28
32,10,8.2080921623359008e-15,3.4814892004183754e-14
33,10,4.0296493850865198e-14,-3.4187780840149971e-14
34,10,4.1963665118125977e-14,-3.709782180571162e-14
35,10,1.9543597057440676e-27,-1.0388579201226842e-27
36,10,-4.0652332077921438e-26,-4.2983709407781972e-26
37,10,-9.0909738630486997e-28,1.3893266290175846e-27
38,10,8.3313048642841934e-29,1.1845248931344868e-28
40,10,4.1985432151185377e-16,4.4297804863917057e-16
41,10,2.5117943297136503e-15,3.3191134687553836e-15
42,10,-3.3861478784650017e-15,1.1677811542554004e-16
43,10,-9.1609562974921471e-31,2.2297392805663776e-31
44,10,1.8174525938368562e-31,2.2513755995776101e-30
45,10,1.9133652196664723e-31,5.6182956458302808e-30
46,10,-1.8936990315819428e-34,6.4273308198525037e-34
47,10,4.3662812040592056e-37,2.415100749788802e-37
48,10,-1.3186440797891045e-37,-6.619585768101082e-38
49,10,-3.0089059236566118e-37,-1.7256603707076512e-37
50,10,7.4696836896833936e-20,-6.1146688527115387e-20
51,10,-1.4792377813206622e-44,5.3711629540177904e-45
52,10,-2.0567496049377203e-47,4.0813222249356698e-48
54,10,6.0413921600976741e-48,1.8233964716392116e-46
4,11,1.1626933371117157e-29,-3.4818078416071254e-29
5,11,-1.3848020990415354e-29,2.8468270287932755e-31
6,11,-5.0530386067412746e-29,8.2256211338418472e-30
7,11,409.13472028716353,-746.04926918356432
8,11,-1251.7884633759695,2818.2556568943701
9,11,409.13472028716257,-746.04926918356352
10,11,-523.24466875217854,954.12655873511017
11,11,1600.9192263296409,-3604.2828303972037
12,11,-523.24466875208532,954.12655873532435
13,11,114.10994846478879,-208.07728955164734
14,11,-349.13076295400629,786.02717350271826
15,11,114.10994846492062,-208.07728955159538
16,11,-7.8113910908917859e-15,5.6633642401009077e-15
17,11,-7.0804636731599181e-15,3.3926241669666385e-15
18,11,-3.5003596342796627e-16,1.3194266277619938e-16
19,11,-1.0424756685196981e-16,1.0904046169058868e-16
20,11,1.7795030455073544e-16,-1.5966465620953426e-16
21,11,1.3015821775117376e-16,-6.0047635997705806e-17
22,11,-3.4618525007478569e-30,5.6845164627643339e-31
23,11,2.4390893671697425e-29,-1.9386572452977507e-29
24,11,3.5931753326889103e-30,-1.8542020951883467e-29
25,11,-2.6105761668138185e-30,1.5655597790866027e-29
26,11,8.2173614376362435e-30,-1.2960174930238991e-29
27,11,5.4552686135380082e-30,-2.8266130266471117e-30
28,11,-2.6552789054378927e-30,1.0511321550224973e-29
29,11,-5.0180909614716759e-31,4.4286720271476503e-31
30,11,-3.3038066214054242e-31,3.4782043639499215e-31
31,11,-2.4667362891938053e-31,4.69423231457763e-31
32,11,4.9705230502849764e-18,-8.1072231879160498e-17
33,11,-1.1001565029134936e-16,4.7920681263980068e-17
34,11,-1.1554756531591058e-16,5.3154905787901246e-17
35,11,-1.7997454793315822e-30,1.4280296673494889e-31
36,11,6.4122212062963189e-29,9.7756206561050927e-29
37,11,5.4373021834393166e-31,-6.6120705064982379e-31
38,11,-4.1560622627476995e-32,-1.1701749675719941e-31
40,11,2.9173833299457579e-16,-1.8779916777185795e-16
41,11,1.4736853030384121e-15,1.1449263095273803e-15
42,11,-1.6342427668237807e-15,-1.8804925833457234e-16
43,11,4.0538510930204573e-32,8.7205936693211724e-33
44,11,-2.0538419396420199e-32,-2.9348646249373893e-32
45,11,-4.7436101107946166e-33,7.1157557797129425e-34
46,11,4.0977350642241328e-35,3.4350349711148206e-35
47,11,-2.4855589550888728e-40,-3.4740838850972183e-40
48,11,7.7548052701422996e-41,9.9706905746687704e-41
49,11,1.6902648944650275e-40,2.4414819386788622e-40
50,11,-2.0247486319329412e-22,8.3988919767413799e-23
51,11,2.1860018708864242e-47,1.2583953944142033e-47
52,11,1.6206040289592632e-50,9.6492632725033572e-52
54,11,4.2514899733541095e-50,-1.3707403229264651e-49
4,12,-1.9550952157166477e-13,-9.8213397504649006e-15
5,12,5.4576410672666682e-14,-3.2875758798249563e-14
6,12,2.1723863124922165e-13,3.8822950167558529e-14
7,12,187.00906961028841,-534.18525745527188
8,12,409.13472028716274,-746.04926918356364
9,12,-1110.8591929970928,2698.0213598970072
10,12,-239.16693898074735,683.17249607475026
11,12,-523.24466875201392,954.12655873528206
12,12,1421.1109061557145,-3451.4283237607469
13,12,52.157869370653273,-148.98723861946621
14,12,114.10994846491829,-208.07728955161076
15,12,-309.82480581385619,752.49315951229448
16,12,4.1528279101353267e-14,5.8945482015818738e-13
17,12,9.3711793999876986e-12,8.0092297162751611e-12
18,12,-1.185938123932514e-11,-2.2561673544667014e-11
19,12,7.0927694980202716e-12,2.0008688741899632e-11
20,12,1.355624801358898e-12,-1.3638513444138633e-11
21,12,3.9236350938960105e-12,3.8663485869488711e-12
22,12,2.7673600736937862e-12,1.3219725901939467e-12
23,12,7.0700113104100357e-13,-5.6749313705073647e-12
24,12,1.597105396067991e-14,2.1819679771007733e-12
25,12,-4.7873196286251393e-12,2.9728170518040213e-12
26,12,-1.7225568037272941e-12,-4.511071535578395e-12
27,12,-4.4518146980777474e-12,3.057637921507815e-12
28,12,-8.6467782702603369e-12,3.4068196128318598e-12
29,12,-4.4509572195822197e-12,-2.3985449982143184e-13
30,12,-4.774073874831732e-12,-2.2946767372028611e-13
31,12,-4.6309807917355401e-12,-3.9039985731211137e-13
32,12,3.2719113167200819e-12,8.6686374082190922e-12
33,12,-6.582067615593121e-13,4.0262678730619097e-13
34,12,-6.9131157491590809e-13,4.409073820917014e-13
35,12,-0.42690734476953679,0.91380435136224258
36,12,-6.9305196453291478e-12,5.5944278275116346e-11
37,12,2.7022599382751153e-12,2.9083650468936589e-12
38,12,1.0961828478093197e-15,2.8842860114591379e-16
40,12,4.3904366173128284e-14,-2.3868648287843752e-13
41,12,1.5367078508890154e-12,3.31177039449782e-13
42,12,-7.4516117546466279e-12,-1.8005844757789067e-11
43,12,7.2170935187694355e-17,5.727523636524258e-17
44,12,7.1493517557643668e-17,2.1961183239955649e-17
45,12,8.3536238135398835e-17,3.3292854391815518e-17
46,12,8.5358910120529001e-20,9.5269064857504948e-20
47,12,2.2834011491508705e-25,3.5331368346219809e-25
48,12,-7.1615274714854167e-26,-1.0158387121986792e-25
49,12,-1.5484223517275565e-25,-2.479513038308172e-25
50,12,9.0531589389331841e-14,7.0979189908686736e-14
51,12,1.0390483675224756e-30,6.8185886142848103e-31
52,12,1.3055163664078656e-34,-2.6547615111921064e-34
54,12,-9.5209162329167997e-34,-6.2706882151443964e-34
4,13,-1.9799252906319967e-11,1.2589142295145495e-11
5,13,-1.3374094853761174e-11,2.1149944809019193e-11
6,13,-8.4057972419165168e-12,5.7234884256522228e-11
9,13,-2.155793670290011e-10,3.5947370574912461e-10
10,13,-309.8248058137587,752.49315951231813
11,13,114.10994846504524,-208.07728955146871
12,13,52.157869370572961,-148.98723861961071
13,13,494.67551934113726,-1201.4530066568914
14,13,-182.19134478417322,332.22240227526981
15,13,-83.276808810960574,237.87746576824634
16,13,-184.85071352674763,448.95984714440129
17,13,68.081396319698641,-124.14511272352672
18,13,31.118939440195536,-88.89022714882617
19,13,-6.7480474768525686e-11,1.2219342491321159e-10
20,13,-9.3484066692524699e-11,-2.3383899141473583e-10
21,13,-4.7028682072894122e-11,-3.1371709541057412e-11
22,13,6.5718219225330797e-12,1.1572521615177845e-11
23,13,7.4294354205778912e-11,3.3025664258177843e-10
24,13,-2.3022132201266955e-11,-1.5878627881604609e-11
25,13,1.3267154965787827e-11,7.7822451701185398e-12
26,13,-8.0497151827813722e-12,-3.4436275385567658e-12
27,13,5.8357457524234736e-12,-1.1065324930361617e-11
28,13,1.6833703971898016e-11,5.6711117515477303e-12
29,13,4.8566721427471251e-12,3.0146891817388911e-13
30,13,3.5118792679800931e-12,1.8601127585854553e-14
31,13,5.044130133895001e-12,-1.6320800486853659e-13
32,13,-4.1576129360767917e-11,1.5260538552811196e-10
33,13,-4.2229984296227336e-12,-7.2182394135121522e-12
34,13,-8.4035522377661744e-11,1.4511423804517821e-10
35,13,-1.3248366469391867e-12,2.024972899117751e-12
36,13,7.6570747504566214e-11,3.9111110812282841e-10
37,13,7.9323755736322764e-11,-7.2258936748216698e-14
38,13,1.1329223660816055e-10,-1.9697458944089675e-10
40,13,1.5072028512757743e-11,-4.6105194620381531e-11
41,13,1.5127018134840944e-10,1.6101933574521163e-11
42,13,-1.3211324150473762e-10,1.6476006561137078e-10
43,13,-1.2217989026871271e-11,1.5991993202642843e-11
44,13,5.0953073919667624e-11,1.804654413564878e-11
45,13,4.3951470053049583e-11,3.5177673252207778e-10
46,13,-1.0572987910184014e-13,2.9127605658114133e-14
47,13,-4.4431015953159653e-15,1.5282889414515053e-14
48,13,-6.2982138367408262e-14,1.2438301113115679e-14
49,13,3.5480498929241381e-16,6.9510268288332963e-15
50,13,-4.3352391820059818e-13,-6.1256226342631108e-13
51,13,5.8569159880729927e-16,-6.3262359852131381e-16
52,13,1.1280406692169247e-18,-1.589338215856604e-19
54,13,2.1422922092916932e-18,-7.8627760543107688e-18
4,14,-3.2735607163788041e-13,-1.0377230603110292e-12
5,14,7.0831485187916807e-15,-2.7220132342619863e-15
6,14,-1.7449603710017962e-14,2.4739079977043654e-14
9,14,-2.9759996602127128e-12,1.8467134071474195e-12
10,14,114.10994846475833,-208.07728955167318
11,14,-349.13076295409803,786.0271735026455
12,14,114.10994846490144,-208.07728955152737
13,14,-182.19134478461615,332.22240227504062
14,14,557.58802403565824,-1256.315065371944
15,14,-182.19134478434194,332.22240227504699
16,14,68.081396319484583,-124.14511272363326
17,14,-208.30181907707382,468.96723937794422
18,14,68.081396319625583,-124.14511272361271
19,14,3.1293393195581943e-13,-5.197025649652643e-14
20,14,1.3942490378999106e-12,-3.1953161054005277e-12
21,14,-3.0479016454386109e-14,-8.0323023373616677e-15
22,14,3.9704071649759679e-13,4.519390506497687e-13
23,14,-4.188486658524636e-12,-5.469356035641432e-12
24,14,-6.5968392207616967e-15,-1.5202745123180837e-15
25,14,8.0331058943579083e-16,2.2055114386058315e-15
26,14,-4.6304443323182867e-13,2.9929832011260198e-14
27,14,-2.2074072734307926e-15,-2.2444143323591719e-15
28,14,-3.7729093332068937e-16,1.0942249280968858e-15
29,14,-4.0147590206289781e-16,-8.0246929943932099e-16
30,14,-4.2967221837648302e-16,-9.0597959272001573e-16
31,14,-3.2069204398706011e-16,-8.5156212912519712e-16
32,14,2.1531133646403543e-13,-5.4397823287230359e-14
33,14,-1.2254864321142898e-13,-9.386973001424566e-14
34,14,-1.3511669024191886e-13,1.1569118857443182e-13
35,14,-1.8638283584088506e-16,5.444715262848408e-16
36,14,-7.1551205367015694e-12,-6.2210672455883561e-12
37,14,6.8841759326406106e-15,-1.4706968261966956e-14
38,14,-0.15544200507314254,1.3206524913359263
40,14,-6.0372871409750318e-12,3.4844146348269374e-11
41,14,-2.1043890014968493e-10,4.2454524433246677e-11
42,14,2.1769337662185462e-10,-1.5799225301956837e-10
43,14,1.1561319540262398e-11,-5.3524143464133601e-12
44,14,-3.6176092111655641e-11,1.194733505137051e-11
45,14,1.8350355377224312e-10,-1.4914318502738747e-10
46,14,4.2668823355664155e-14,-1.8925222957893587e-14
47,14,-3.0699933756905934e-24,-1.8011998771990361e-23
48,14,1.8752712713885769e-23,2.8477374276885863e-24
49,14,3.612339965677167e-24,-1.0063358337254514e-24
50,14,6.3279215550769323e-15,-1.3234173296677656e-14
51,14,3.8421255208956195e-25,-5.357099667167237e-25
52,14,-6.6001009977056489e-29,-4.2625878030433274e-28
54,14,-4.0493229620158529e-27,-1.8014328641803891e-28
4,15,-1.1873612385049109e-11,1.1127243671453238e-11
5,15,6.1933428258842229e-12,-8.7854592811483361e-12
6,15,7.8409228896816118e-12,1.0177683852334761e-11
9,15,-1.3661783677173072e-14,4.4783738650366859e-11
10,15,52.157869370560711,-148.98723861947761
11,15,114.10994846490603,-208.07728955164114
12,15,-309.82480581384721,752.493159512332
13,15,-83.276808810855755,237.87746576846666
14,15,-182.19134478408614,332.22240227525708
15,15,494.67551934058929,-1201.4530066566058
16,15,31.118939439995827,-88.890227148937157
17,15,68.081396319639026,-124.14511272360672
18,15,-184.85071352665369,448.95984714466476
19,15,-1.3326790817748311e-10,-1.344980107497798e-10
20,15,-6.6245843311939465e-11,2.3035262041709762e-11
21,15,2.0738785618031847e-11,-3.5943942623001846e-11
22,15,-7.8255801046983898e-13,-3.3558816821682012e-12
23,15,-5.1234791305471562e-13,3.5964971643542633e-12
24,15,2.6283127863989165e-12,3.8877513578108027e-13
25,15,3.7666223884026884e-12,-5.6863827529870591e-13
26,15,6.3476386550934331e-12,6.7103510284587444e-12
27,15,-2.8791086342701378e-12,1.7370977020226864e-12
28,15,-4.9679869359718145e-12,-2.5883749884061314e-12
29,15,-1.5958848725598867e-12,-7.8137077500371996e-13
30,15,-1.6009811034477705e-12,-7.1980845789570325e-13
31,15,-1.5156080508401274e-12,-6.6853356704230342e-13
32,15,-1.9235616540797326e-11,-1.0130789307115104e-10
33,15,-1.5083869286044877e-11,6.8956857876866783e-12
34,15,2.08690683321932e-11,4.5252720109500016e-11
35,15,3.9739721460919233e-13,-4.4692548724526029e-13
36,15,-6.8109784228161916e-11,-8.7256441208845926e-12
37,15,-5.6757546682481891e-13,-5.5783124994274922e-13
38,15,5.3439595631936782e-14,-7.9358710526117567e-15
40,15,1.2084423915082139e-12,1.4936069743497045e-11
41,15,-1.7422216783875823e-10,7.6319623157648224e-12
42,15,1.00549204775948e-10,-7.7349591503557455e-11
43,15,1.0792273784050475e-16,3.1897954314765268e-16
44,15,3.0459704977231324e-16,3.4031763798059074e-16
45,15,6.9190255197881922e-16,5.6157353297141275e-16
46,15,6.1790674466904864e-20,5.9742956841369352e-20
47,15,3.8748639053492951e-23,-2.1680391779072437e-23
48,15,-1.1192050434684042e-23,6.8635390738103436e-24
49,15,-2.7166217200521509e-23,1.4652182932612788e-23
50,15,-3.8650297673805626e-14,5.310351160640198e-14
51,15,-4.0353219529750163e-30,4.3183133815821312e-30
52,15,-1.0932920085552954e-33,1.5538632623943353e-33
54,15,1.0838444591865367e-32,1.7944668590326713e-32
4,16,-8.9097231252093e-12,-1.0304029292688433e-11
5,16,-2.0425027467583997e-12,7.9242089439205828e-12
6,16,-5.7926968970152597e-12,1.7745011971355937e-11
9,16,-4.2471058269413659e-12,-2.6006115045748825e-11
10,16,2.9159179590548348e-13,-1.431012337232102e-13
11,16,-4.1132545455985471e-16,1.3497476293169795e-16
12,16,-1.5899555619020541e-12,2.3209767400535241e-12
13,16,-184.85071352669053,448.95984714469216
14,16,68.081396319594219,-124.14511272353022
15,16,31.1189394401041,-88.890227148858713
16,16,274.08088764624063,-665.67940731941735
17,16,-100.94529352621407,184.07179525093261
18,16,-46.140511884549312,131.79885484478143
19,16,1.9263455743552667e-10,3.552906850730363e-10
20,16,6.1797948403053667e-11,-3.4945331233300861e-10
21,16,-6.5877136475137931e-11,-7.8717725215930199e-12
22,16,-3.7257678369852017e-13,2.0664713961001497e-12
23,16,-5.7040691849563512e-13,-7.6432908475204731e-12
24,16,-7.1616111099011577e-12,-2.5456900307572302e-12
25,16,4.9735609347599749e-12,3.5196187364702906e-12
26,16,-5.8933145834536646e-12,-6.0113967578021232e-12
27,16,-9.5085493197135335e-13,-2.7425094498378531e-12
28,16,4.6122864962726942e-12,3.0101794383583971e-12
29,16,-1.6410675505051924e-13,4.3048602099726135e-13
30,16,-2.1777108332886746e-13,3.3820841543760954e-13
31,16,-1.5129574243845769e-13,3.0378546257360364e-13
32,16,1.5804069032608972e-10,3.3369366791245196e-10
33,16,9.7396156869614641e-11,-1.2446844450509671e-11
34,16,-4.2558922085952703e-11,2.9089996437725826e-10
35,16,-9.379205118910532e-14,8.9688441592257897e-13
36,16,2.0563124201164543e-11,7.6335892960474301e-12
37,16,-5.1361212878050993e-13,-5.6795851948597374e-13
38,16,-5.1015582560932238e-14,4.544980585820711e-15
40,16,-89.230174119645952,216.71956017474147
41,16,32.863897206271822,-59.92668252704614
42,16,15.021572444740865,-42.908627696093248
43,16,1.0201722693090909e-15,1.008527122748985e-17
44,16,-3.3094092930795469e-15,-1.7106837945075052e-15
45,16,-7.3203215435052888e-15,-5.7658056718253331e-15
46,16,-8.1477189567327373e-19,-1.2440645725298913e-18
47,16,-9.947331829634021e-22,2.5655887311954066e-22
48,16,2.9087709318131971e-22,-8.7568239136978084e-23
49,16,6.9417450293297382e-22,-1.6762567733428002e-22
50,16,2.8453668570350874e-14,-2.2416373063445076e-13
51,16,1.1840276952817882e-29,-3.462510902092715e-29
52,16,2.1035923784909597e-32,-3.6752752356580012e-32
54,16,-2.8083967575882789e-31,-2.4670925936151464e-31
4,17,-6.0508045307505025e-12,-1.2657963851088443e-11
5,17,-2.0769752943553462e-13,-2.7440419578153682e-14
6,17,-7.1615486430694458e-14,9.4174066209131094e-14
9,17,-2.9189774198013652e-11,-6.7418579114380621e-11
10,17,-1.1345502234821896e-13,-3.7177042835076361e-14
11,17,1.2226978486945804e-16,4.2553489617683101e-17
12,17,-5.497955511556178e-12,-9.4797387212179402e-13
13,17,68.081396319471466,-124.14511272369735
14,17,-208.30181907697457,468.96723937796952
15,17,68.081396319681033,-124.14511272344409
16,17,-100.94529352604411,184.07179525107927
17,17,308.85218878386991,-695.34466377483113
18,17,-100.94529352558141,184.07179525066795
19,17,1.6653082305856091e-10,-1.4553471896257308e-10
20,17,2.3598332720106094e-10,-1.6788343405787803e-10
21,17,1.8978197432797195e-10,2.00672416613081e-10
22,17,-3.5543406529320996e-13,1.1120321515595316e-12
23,17,-2.8494309999242193e-11,7.9869165077283737e-11
24,17,-4.9419422343530523e-13,8.9734987248923223e-13
25,17,-3.9771675466017976e-13,7.0150765744843039e-13
26,17,2.2083659649557058e-13,2.8742872023658803e-11
27,17,-3.1842642394085924e-13,5.6650245020780374e-13
28,17,-4.3703699289053335e-13,3.674834812829748e-13
29,17,1.4461732689802374e-13,1.1235860836399157e-13
30,17,-1.2671159354948221e-14,3.3714705144086209e-14
31,17,-1.525540914907178e-13,-4.72671504242572e-14
32,17,1.4601351206140147e-10,-9.4986337373076407e-11
33,17,-1.0679684280286092e-10,-2.626006527036402e-10
34,17,1.427903140949899e-10,-4.0563524449805343e-12
35,17,-3.0790020643564155e-12,-4.8107098930751413e-12
36,17,8.3294582618920289e-11,-1.7600398628797308e-10
37,17,-1.9780842591124494e-12,-2.047709151693243e-12
38,17,-9.554331185891177e-11,-1.6231535692794878e-11
40,17,32.863897206391016,-59.926682526798082
41,17,-100.55036970668861,226.37742439710607
42,17,32.863897206772897,-59.926682526666831
43,17,-1.4250351736246178e-12,2.6927530515386023e-12
44,17,-3.0157599387960929e-11,-6.7140661929176338e-11
45,17,-1.3932175558539727e-11,-6.0028760601172413e-11
46,17,-1.0936522004428959e-14,-1.0302017239325626e-14
47,17,1.4045341678693141e-18,-6.6143826522676091e-18
48,17,2.3751931160252697e-18,-3.7453585063947256e-18
49,17,-3.6028991556316949e-19,3.3298973321313472e-19
50,17,3.8244764109157182e-13,-4.1404352313838948e-13
51,17,-4.3737016059843646e-25,-1.2089103021503133e-24
52,17,-8.6618435677045157e-28,-3.8981343021368164e-28
54,17,-4.9235541192968047e-27,7.3291410560208037e-27
4,18,-3.7881639832945795e-11,1.1148462565368039e-11
5,18,1.0287408269644015e-11,2.2036663153481989e-12
6,18,4.7992587147736953e-11,6.5070211742393296e-12
9,18,-5.9125856605628493e-10,4.1368861937079685e-10
10,18,2.1120852627084176e-13,-1.8749843802150949e-12
11,18,-4.8736693213055753e-16,2.3692435561352525e-15
12,18,-4.1309927953631962e-12,5.6598711318603828e-12
13,18,31.118939440103844,-88.890227148932524
14,18,68.081396319513217,-124.1451127235816
15,18,-184.85071352658792,448.95984714471103
16,18,-46.140511884597345,131.79885484464648
17,18,-100.94529352566121,184.07179525065931
18,18,274.08088764587387,-665.6794073188762
19,18,-3.1440814188986026e-10,-8.0692496862020468e-10
20,18,-2.2969952858661343e-11,9.9653229908184416e-11
21,18,4.7043618605114853e-11,1.3826770915115885e-10
22,18,-1.0192550547923881e-11,-2.6516921027832475e-12
23,18,4.0628111341456507e-11,3.0633837367013506e-10
24,18,3.0778343375844182e-12,-2.2112841713489778e-11
25,18,3.9536432569408091e-12,-1.1372511569898674e-11
26,18,1.8168155250747054e-11,4.1983018996729242e-11
27,18,-3.1335405274767309e-12,-1.0297949267039295e-12
28,18,-5.2884582074928504e-12,-9.7108756504554141e-12
29,18,-1.8810794472107613e-13,1.1655673063815762e-12
30,18,-3.8783642231558636e-13,1.338054717720599e-12
31,18,-6.2401853920837259e-13,1.0170215769950485e-12
32,18,6.5920136899037939e-11,-5.3490858660392386e-10
33,18,-1.3129468067008333e-10,1.2970501627769914e-10
34,18,-2.1041511286267907e-10,5.9270233080027922e-10
35,18,4.689016876683823e-12,-7.9096962638617287e-12
36,18,-1.9467556119401571e-10,-1.1678010369753153e-10
37,18,3.4716850394452583e-12,7.4194643808083658e-12
38,18,3.1540671214436365e-11,-4.6594226463921317e-12
40,18,15.021572444688919,-42.908627696140535
41,18,32.863897206693991,-59.92668252726093
42,18,-89.230174119987737,216.71956017466846
43,18,1.0619524850127807e-12,1.4726092959259476e-13
44,18,-2.7366405905542932e-12,-1.0076652071467168e-13
45,18,-6.578196164530706e-12,-2.3744351667718335e-12
46,18,-9.1737202234228362e-16,-7.6198486579648872e-16
47,18,-6.4809640002338434e-19,4.2916069521777798e-19
48,18,1.8642036069511198e-19,-1.3446727586366438e-19
49,18,4.5509565317520714e-19,-2.9132717388162486e-19
50,18,3.5261212690661321e-13,9.1602909682893292e-14
51,18,3.2464884380743622e-27,-2.9103589812798493e-26
52,18,7.8651187735422057e-30,-3.3116704444405424e-29
54,18,-2.7323541968594403e-28,-1.2496445867933834e-28
4,19,-5.7488656068376088e-10,1.9185154195273776e-10
5,19,2.4640373695666569e-10,2.7199488091945326e-10
6,19,-2.014549954592336e-10,-1.0324777323361255e-10
9,19,1.9875726965638192e-10,2.0119451376042522e-10
10,19,-2.8191716972562415e-23,7.7349949275550484e-23
11,19,4.4020552467974628e-26,-8.9267415676007681e-26
12,19,1.0596756945657915e-12,-7.8820692080627638e-12
13,19,1.8184789848426809e-11,-1.005792759945811e-10
14,19,5.0192055520548518e-14,1.9738355096962402e-14
15,19,1.1477627408188345e-10,-6.1816857371570153e-11
16,19,4.2071983854747972e-10,1.1462947894403824e-10
17,19,-1.3064244412408233e-10,2.3289336718833047e-11
18,19,1.4796394820875513e-10,-9.1444122457525514e-12
19,19,257.81596229160277,-147.37682923095895
20,19,-64.47476197408389,2.121765766117619
21,19,-54.692838968064734,8.9659316796132202
22,19,-2.3361512652370622e-11,9.3306649606896286e-13
23,19,-2.0083813141861967e-11,-1.1166291573941442e-10
24,19,1.6379986103591005e-11,1.117412432194417e-10
25,19,1.5498756743375221e-10,-5.4520693997795993e-11
26,19,-5.9774154568549887e-11,1.7638529169167593e-11
27,19,2.1138776117404402e-11,4.2690263178728514e-11
28,19,2.1691023802907034e-11,-3.2602353576955747e-11
29,19,-6.1287308107119937e-12,1.2371796483890614e-11
30,19,-8.31082872160831e-12,1.2515901677910609e-11
31,19,-6.0307314051991126e-12,1.1920543042691576e-11
32,19,-257.81596229061211,147.37682923031258
33,19,64.474761974483044,-2.1217657661815861
34,19,54.692838967386301,-8.9659316797243331
35,19,5.5693432590705246e-12,-4.032534688675512e-12
36,19,2.8411276945147456e-10,3.0328551286082167e-10
37,19,-5.5281333660621415e-12,-7.0267874261809842e-13
38,19,-1.0535708958006792e-13,1.1245374673156907e-13
40,19,2.6105549021649374e-10,-3.6236892237305786e-11
41,19,-1.8982768960936261e-10,-1.7204092271729823e-10
42,19,2.3037519669227415e-10,7.5788199719859348e-11
43,19,-5.0725296254482305e-17,-1.7178021590547524e-16
44,19,-1.1555603167179828e-16,-3.8648117578509114e-16
45,19,-2.111871756162719e-16,-1.0556634094947433e-15
46,19,-9.4984446025332496e-20,-1.4667081609324527e-19
47,19,9.2220742465388427e-23,4.9479784904018555e-23
48,19,-2.7819428643686585e-23,-1.326593979156621e-23
49,19,-6.349490714360161e-23,-3.5351469823616301e-23
50,19,4.2213486500640597e-12,-4.6133865583284416e-13
51,19,-1.7335348496094687e-27,-2.7544406012285523e-27
52,19,5.2622622623006081e-31,-4.2771598841584385e-30
54,19,-2.6630014577616964e-29,-1.555514209969306e-29
4,20,-1.5773450666385231e-10,-2.7666746965473961e-10
5,20,2.4616464563888511e-10,-4.5292446440178666e-11
6,20,1.3803085431485333e-10,-4.1222625277586979e-10
9,20,-1.3537384778212064e-11,1.5770467854422416e-10
10,20,4.2827731262691112e-23,3.6514576627076508e-23
11,20,-5.1961307399256918e-26,-5.2294896496012065e-26
12,20,1.2162935772108752e-12,-4.8947437395642655e-12
13,20,9.6229515588067588e-11,1.2911841709560926e-11
14,20,-1.6070630016095503e-13,-1.4312087454780294e-13
15,20,-8.2204172872830503e-11,-2.4147775910915767e-11
16,20,9.8818790347467027e-11,-1.0743055605436249e-10
17,20,-5.2653228274535878e-11,4.2687084078231704e-10
18,20,-3.4117596425243544e-10,3.1499845575728674e-10
19,20,-64.474761974107196,2.1217657652787807
20,20,261.23863539134891,-142.96070809658386
21,20,-64.474761976061473,2.1217657660486466
22,20,8.6524357669720771e-13,3.2089201617719414e-12
23,20,-1.3774336475650582e-10,-1.379532495960867e-11
24,20,5.2700678073560636e-11,-1.2175985294269612e-10
25,20,-9.6534216579052116e-11,-1.6207701218015964e-11
26,20,8.8588592932507487e-12,-1.5475759650636187e-11
27,20,-2.5869488368615119e-11,-1.4476547295768273e-11
28,20,-2.0959395108025689e-11,-2.7565678531712713e-11
29,20,-8.4707611289452896e-12,-5.8911014120211034e-12
30,20,-8.3166082390972185e-12,-7.2867873690384148e-12
31,20,-8.2145890107478641e-12,-4.8602396851538045e-12
32,20,64.474761975086082,-2.121765766784983
33,20,-260.83595386322827,142.23396154380359
34,20,64.474761975193971,-2.1217657651846724
35,20,3.7911638622159273e-12,-2.1544687358826744e-12
36,20,-4.9213352899039933e-10,-7.7360492208819026e-10
37,20,-2.8188682273498576e-12,-4.1693839806393039e-12
38,20,2.6423844071920649e-14,-4.1899206889128703e-13
40,20,8.6551591963597205e-11,-1.5396965416622226e-10
41,20,-6.0527364517312629e-11,4.0015127491269372e-10
42,20,-2.7594673286532353e-10,3.0242765003393341e-10
43,20,-3.4701951034686833e-15,-1.3979386794296641e-15
44,20,1.9075726546298867e-17,-6.1785035701821489e-17
45,20,5.2216528542569643e-15,2.0753809347712012e-15
46,20,5.21200878657802e-20,6.0596728989377394e-20
47,20,1.3436458298857079e-24,5.110536099863225e-24
48,20,-1.0571871977109255e-24,-1.7594408220047326e-24
49,20,-1.0096631586512065e-24,-3.4487740439090857e-24
50,20,-0.40268152837880894,0.72674655323646464
51,20,8.4359506482953457e-27,-1.2454938242838807e-27
52,20,9.6834190901755157e-30,5.7700022233686407e-30
54,20,6.5283888466688465e-29,-4.734110654664542e-29
4,21,3.4987896976466256e-10,-5.2851584166537197e-11
5,21,-1.7057560548852816e-11,-2.1499117435616168e-10
6,21,4.8974041861085899e-11,4.0308958750424579e-10
9,21,-1.5665248685099558e-10,1.6516020196367046e-10
10,21,-4.1359679538093291e-23,1.4392626084629653e-22
11,21,7.0643142713476325e-26,-1.8114873711203794e-25
12,21,1.4233814138988096e-12,-2.0297319109858641e-13
13,21,-6.5936054124705454e-12,-2.8295406085812324e-11
14,21,-2.0453195916824964e-14,4.1932826546100908e-14
15,21,-6.1682322623548976e-12,1.091530853309678e-11
16,21,3.4210483145382276e-10,8.1883842030813188e-13
17,21,-1.7900463429764208e-10,3.7308760061403969e-11
18,21,5.0685405892386593e-11,8.3403210063156748e-11
19,21,-54.692838967019497,8.965931680194231
20,21,-64.47476197539595,2.1217657663372975
21,21,257.81596229106253,-147.37682922991371
22,21,-4.5181711249857806e-12,2.6721612873931652e-11
23,21,1.1453128855277284e-10,7.6588805905713236e-11
24,21,6.1467118477796672e-11,-2.785815325464027e-12
25,21,8.3631168736217605e-11,2.9475861906859748e-11
26,21,1.716334452915245e-12,-2.2205187678580072e-11
27,21,-4.6755776423409166e-11,4.3557104766365394e-12
28,21,2.4598288841316135e-11,-5.739876621331559e-12
29,21,-2.9471057432536901e-12,8.201156946351827e-12
30,21,-3.6528213082398483e-12,8.9888977293367873e-12
31,21,-2.4204970135657329e-12,8.5079863217421668e-12
32,21,54.692838967465029,-8.9659316796715309
33,21,64.474761974732317,-2.121765766214335
34,21,-257.81596228978833,147.37682923022783
35,21,9.7525659324481891e-13,7.7078079175094309e-13
36,21,4.3775550775973479e-11,8.3521557540505636e-11
37,21,-4.3972226968349881e-12,-3.4451012852922645e-12
38,21,1.6932586507247282e-15,-4.7734042010034151e-15
40,21,3.9154591822608551e-10,1.2397434140573367e-10
41,21,-2.5255658418394056e-10,4.2752777492169332e-11
42,21,5.2142725172297757e-11,-4.0131221231407229e-11
43,21,-6.0237384367683755e-17,-6.9476089679601812e-17
44,21,-1.3437587999541163e-18,-2.6278649452312438e-18
45,21,8.7434976363058351e-17,9.7796994570755358e-17
46,21,1.0100904920530247e-22,4.9238668992442395e-22
47,21,1.0958279488639277e-24,1.3798825147356214e-26
48,21,-3.3000802218141815e-25,3.7689111356442341e-27
49,21,-7.6334699068985197e-25,-2.0428272880918623e-26
50,21,-1.213339192855021e-12,1.547345179361503e-12
51,21,1.0450102021708341e-28,1.3106027390852939e-29
52,21,9.6129554147049267e-32,1.0071986743050379e-31
54,21,9.3360336115639554e-31,-3.4722284515306443e-31
4,22,1.8749389386708962e-11,4.0408367209536184e-11
5,22,3.3861112574573272e-11,2.2777106048867382e-11
6,22,-6.130865406366586e-11,-1.8511466036205827e-11
9,22,1.9290544083848871e-11,2.8330059855837563e-11
10,22,-6.1659425835227718e-28,4.1357819098782402e-27
11,22,8.3527860807583342e-31,-5.1601388590229305e-30
12,22,1.2750304303090169e-13,-4.493511425427065e-12
13,22,9.4408025698927936e-12,1.9034682223914726e-13
14,22,-2.1415922927851773e-14,-1.1705546737615573e-14
15,22,-5.1967906793074731e-13,-1.876607491531376e-12
16,22,8.4631391871435085e-13,-4.1148843328251035e-13
17,22,-3.1790319265531325e-12,-2.0744881914232887e-12
18,22,3.4383052331060434e-12,-6.3322058698505262e-12
19,22,-1.8343094691227566e-11,2.1604728966721346e-11
20,22,-4.3323846838618432e-12,1.6762590578053824e-11
21,22,-4.3493424668496496e-12,-2.8760192590086454e-11
22,22,0.36249416241876919,-0.57539754300884471
23,22,5.4030281232871913e-12,7.3979009526284148e-12
24,22,6.1573875287887696e-12,2.1974602035413508e-12
25,22,4.8628345583077138e-12,-1.6200011995074665e-12
26,22,1.0696102602643631e-12,-2.7846311569220609e-12
27,22,-7.2441272784297358e-12,-7.5489984602027504e-12
28,22,-2.8677576868595103e-12,3.0314704698129358e-12
29,22,-6.8045908696170962e-12,-1.6683722677695066e-12
30,22,-7.0389485809793498e-12,-1.706855612847063e-12
31,22,-6.7106027344072998e-12,-1.6026211267631546e-12
32,22,-1.4324660700565049e-12,1.6467982197519564e-11
33,22,6.9037416398813386e-12,-1.2453907889042799e-12
34,22,-2.4227716998195078e-12,-4.8710991116525688e-12
35,22,2.8910624316053363e-12,-2.597505874995179e-12
36,22,-0.3624941624125782,0.57539754307945512
37,22,2.2142682777374054e-12,-3.8526229456853417e-13
38,22,-7.6337284864480723e-14,-3.1799887566676908e-14
40,22,1.2416527078592956e-15,-1.7129181393954199e-14
41,22,-4.7276750367380837e-13,-3.3451937712555327e-14
42,22,-1.4642604169142799e-12,-8.0761335549235618e-12
43,22,-6.3591159915184858e-17,-1.4372083326090968e-17
44,22,-1.0984000563153677e-17,-8.7879555338401179e-17
45,22,1.1328784347674379e-16,-1.3108821227040433e-16
46,22,-1.192956494916355e-20,-5.4134062126558413e-20
47,22,2.3848281781766646e-24,2.3473809680140355e-24
48,22,-8.612054179461429e-25,-5.9341763401117662e-25
49,22,-1.6288546022479123e-24,-1.6176009511404846e-24
50,22,-2.947898317823246e-14,1.7127903521357573e-14
51,22,9.2093773690198302e-28,-1.6810239335534675e-27
52,22,2.3476895207873154e-30,-9.5365541395424711e-31
54,22,3.6533813387068762e-31,-1.8125778006632413e-29
4,23,-207.44072928929401,384.54618159127
5,23,71.109826492116454,-93.781601426100337
6,23,40.540979882397046,-75.170063041609026
9,23,-1.054488897637851e-10,-6.3835502695087699e-11
10,23,-3.1543660041341672e-25,8.5755469419916177e-27
11,23,3.9699005571090889e-28,3.8697005780307489e-29
12,23,-1.1132584032531335e-11,3.5481749902101218e-12
13,23,-1.1851618261491555e-10,-1.3190156887520939e-10
14,23,-1.0639162541441202e-12,-1.7350191419923221e-12
15,23,6.2837660899838535e-11,2.7116251389632251e-11
16,23,5.8311486500914583e-12,-1.00068244908752e-11
17,23,-7.9967306714099364e-12,-6.7280605391169283e-12
18,23,1.5496243444250414e-10,8.0791824512552404e-11
19,23,7.8232622708896269e-12,5.5513603237223613e-10
20,23,3.1514464232317625e-10,-7.3054976043006474e-10
21,23,3.352365899420475e-12,4.9510853409439424e-10
22,23,-2.2462165315689234e-11,-7.0864027570663472e-12
23,23,302.2699932610326,-560.4513037349634
24,23,-103.61708638288394,136.69334284502065
25,23,-59.069359280966978,109.55965574818072
26,23,-94.829263971579067,175.90512214383975
27,23,32.507259890521354,-42.91174141948634
28,23,18.528379399551834,-34.389592706471532
29,23,-6.071374481191299e-12,-1.7471504421346011e-11
30,23,-7.2245081666458733e-12,-1.7633562169286735e-11
31,23,-4.9947915172610125e-12,-1.7269281134404468e-11
32,23,5.9218024993028878e-11,-1.2684960862564557e-10
33,23,9.1784765193838664e-12,-1.0242569209265935e-11
34,23,-2.4198561709871638e-12,-5.6783395496811796e-12
35,23,-8.8560228191857682e-12,-4.8602124606578754e-12
36,23,-1.3449466121215541e-09,-1.6246612586885499e-10
37,23,1.8655826150320894e-11,-4.9230204028970976e-11
38,23,2.2394836523667133e-12,-3.1099272623508303e-12
40,23,-4.081314395020982e-13,3.6603780368894762e-13
41,23,-4.981194810351478e-12,7.9134068171507875e-12
42,23,8.9139763529582174e-11,-3.6842077872905518e-11
43,23,-5.3451868874971416e-12,2.2547690070330922e-11
44,23,-2.2181513646248546e-11,9.5661325020132818e-11
45,23,-1.2038885094267742e-10,-6.1696528989140382e-11
46,23,-4.6683229109490564e-14,9.3220838340649548e-15
47,23,-4.0520585853161175e-14,-4.5872847047141876e-14
48,23,1.250951819865334e-14,1.3065223511555938e-14
49,23,2.7665893877649568e-14,3.2315849461209217e-14
50,23,2.59450894672476e-13,-1.0364899236748004e-12
51,23,3.2411515268865714e-24,-1.423798934877259e-23
52,23,1.8105060524258662e-27,6.4449885705891935e-29
54,23,9.7151251578820738e-28,-1.2134619202484239e-26
4,24,71.109826492310049,-93.781601426050173
5,24,-225.98092570044517,393.40820073366376
6,24,71.109826492569425,-93.781601425790925
9,24,-3.2880471204739552e-11,1.1946103568252849e-10
10,24,8.729059755827795e-25,-3.958269913774323e-26
11,24,-1.1100984129852651e-27,-6.9289371524856676e-29
12,24,7.012847935898281e-12,5.6425088784499249e-12
13,24,-1.9444376764241389e-10,-6.2141048422667168e-11
14,24,-2.2794100701270416e-13,-8.7817204232171568e-14
15,24,-1.6716978300278898e-10,-4.1482193979414753e-11
16,24,-4.6679862804452034e-11,-6.1109429028708663e-12
17,24,-2.6148678540139608e-13,-1.2198005491008558e-13
18,24,-2.8675184581161852e-10,-7.9409827199360529e-11
19,24,-1.6868333212430272e-10,8.4675633979253681e-10
20,24,1.4475443845633526e-10,-7.3997503234322075e-10
21,24,3.6875667135506239e-13,6.0262032222796539e-10
22,24,1.079130245785216e-11,-2.5159392031632322e-13
23,24,-103.61708638285165,136.69334284511547
24,24,329.28900974687667,-573.37341585634931
25,24,-103.61708638288019,136.69334284515344
26,24,32.507259890406601,-42.911741419105731
27,24,-103.30808404645668,179.96521512221327
28,24,32.507259890565642,-42.911741419171186
29,24,-3.6018689803340682e-12,1.7483038493146305e-11
30,24,-3.8642182202420285e-12,1.8117789129302383e-11
31,24,-4.0178373317388925e-12,1.6378602776266269e-11
32,24,-3.698470045032343e-11,-1.0546514586092344e-11
33,24,-4.7650258686554451e-12,-1.3154616845329934e-11
34,24,-2.9885591843263764e-11,-2.4339000999627848e-11
35,24,6.4357358014413727e-13,7.7553989026183393e-12
36,24,6.1296448361323183e-11,6.3334436742572288e-10
37,24,-1.8624491168345718e-11,5.6139462281821022e-12
38,24,-2.6342685061841871e-14,1.020642629260629e-14
40,24,-1.1972334275590548e-14,-1.5500609859152014e-13
41,24,-3.4820225841662648e-14,-1.5346719942825783e-13
42,24,-4.5547261072310959e-13,-2.9108128691471958e-13
43,24,-7.1004078984109897e-15,2.2464495013380714e-14
44,24,-3.4601311068970497e-14,6.2377718434388266e-14
45,24,-1.5388119007938869e-13,-8.068735938400398e-14
46,24,-4.7039514645109792e-17,-2.2359497081270896e-18
47,24,-4.5177406468604216e-17,-5.1298554434725403e-17
48,24,1.3948996201325242e-17,1.4612151465064523e-17
49,24,3.0843735440591269e-17,3.6136611573126973e-17
50,24,-3.7711349191059235e-13,2.1477754088258458e-13
51,24,1.9183808735172039e-27,-1.087863790866407e-26
52,24,2.5437678728801244e-30,6.6349269691926179e-31
54,24,9.7935576472805683e-30,-1.7159806634195714e-29
4,25,40.540979882025823,-75.170063041761651
5,25,71.109826492090576,-93.781601426117462
6,25,-207.44072928920426,384.5461815913975
9,25,3.125207200070719e-11,8.8427849888648964e-11
10,25,-6.6035653406504693e-25,-9.4866499336787862e-26
11,25,8.232873512702047e-28,2.1027480143211115e-28
12,25,9.2220862257318381e-12,-9.5340427974343499e-12
13,25,1.0765998470077277e-10,8.2966225215025662e-11
14,25,1.4528232610084105e-13,8.5965819764706654e-14
15,25,1.3270172117316659e-10,4.9734117658539318e-11
16,25,2.9953484317045984e-11,2.0999002215849673e-11
17,25,3.3023486426483005e-13,2.9583795260803187e-13
18,25,2.2612949308013008e-10,5.6672703955913703e-11
19,25,-3.4240149411911239e-12,9.7250314155282649e-10
20,25,-2.6839031014692535e-11,-6.2420621793605417e-10
21,25,1.252332617000008e-10,5.7649357121241716e-10
22,25,1.0810617921012337e-11,-1.6898261338528179e-11
23,25,-59.069359281325262,109.55965574810944
24,25,-103.61708638290304,136.69334284498336
25,25,302.26999326114765,-560.45130373500433
26,25,18.528379399261638,-34.389592706413339
27,25,32.507259890530115,-42.911741419479817
28,25,-94.829263971469473,175.90512214376685
29,25,1.9602479196026981e-12,1.1632533495424158e-11
30,25,2.4459653885214902e-12,1.1741916705901868e-11
31,25,3.8405271820286276e-13,1.1183259819289408e-11
32,25,1.4714851714393298e-11,6.67195246955514e-11
33,25,3.5086538765091605e-12,2.4132828416376256e-11
34,25,-1.5461434799349179e-11,3.5909526253457568e-11
35,25,1.1467706784362643e-11,9.6745573044960477e-14
36,25,7.3282712741092249e-10,-4.9421466415620835e-10
37,25,7.2828802688839226e-12,2.807262315854643e-11
38,25,-2.2691590930978066e-14,7.455010244211586e-15
40,25,-2.1423636012976642e-14,1.2580438224027566e-13
41,25,-5.1918861810633332e-15,1.4696118576265277e-13
42,25,-1.4426501225034574e-13,-1.5017963425490974e-12
43,25,-7.0385307673063858e-15,1.8735883148302916e-14
44,25,-3.2148310359149799e-14,5.1457376684397377e-14
45,25,-1.2677053825926305e-13,-7.5377502735363689e-14
46,25,-3.9803929639275259e-17,-3.9955271270337536e-18
47,25,-3.5980899071299447e-17,-4.5553563542185492e-17
48,25,1.11651995314664e-17,1.3024790087847215e-17
49,25,2.4514463003697007e-17,3.2045073730274605e-17
50,25,-4.2914360333259364e-14,7.6144917891200377e-13
51,25,2.126157774056769e-27,-9.1528440968613939e-27
52,25,2.1254798275629897e-30,6.7641143457060433e-31
54,25,9.0584285921112961e-30,-1.409649640026247e-29
4,26,-4.6909722423761135e-11,-5.5282569017012803e-11
5,26,6.7194444910914577e-11,4.8476699451838843e-12
6,26,-1.2544101056596877e-10,8.6759171369168626e-11
9,26,-5.8312816396571634e-11,5.0193714802664448e-13
10,26,-2.087998334219368e-25,-6.081836532583139e-26
11,26,2.5415594400998079e-28,1.041653356824155e-28
12,26,-1.3578523153149169e-11,5.4857707130850142e-12
13,26,7.2109741885075608e-12,4.0049311893709692e-11
14,26,-1.9366266954146577e-12,-8.8068128174234823e-13
15,26,5.5454225277328872e-11,1.9852361082249105e-11
16,26,-5.22265417348041e-12,3.7053565703140888e-12
17,26,5.136247749635534e-12,-2.3752545818142816e-13
18,26,8.3871749421230908e-11,3.8191382789310542e-11
19,26,1.1591905912106965e-10,6.0294092722633002e-10
20,26,1.47403135849678e-10,-9.7434994856896827e-10
21,26,-8.4072166392463567e-11,9.80360715123469e-10
22,26,-1.2259959512302677e-11,3.1353797430290915e-12
23,26,-94.829263971692171,175.90512214402463
24,26,32.507259890509594,-42.911741419503059
25,26,18.52837939961686,-34.389592706216014
26,26,405.41840825694817,-752.03762675176631
27,26,-138.97652485811983,183.45824034804389
28,26,-79.213375376730198,147.02396023959943
29,26,-310.58914428555033,576.13250460820677
30,26,106.46926496757568,-140.54649892889299
31,26,60.684995977447478,-112.63436753297576
32,26,7.9711044390590747e-12,-6.6081012075184871e-11
33,26,-3.3174067864657236e-13,3.8677889414358528e-12
34,26,-1.0074819018610289e-12,5.0725426305669934e-12
35,26,-1.1527258480661879e-11,-5.2380585573607046e-12
36,26,-1.3168006988882797e-09,6.5511877027063262e-11
37,26,9.0261304024500919e-12,-3.1956466684031638e-11
38,26,-5.3760334120088284e-12,1.1080180458275278e-12
40,26,-6.5602433579024993e-14,8.314324091292493e-14
41,26,-1.514713007769942e-12,4.5463747913493798e-13
42,26,7.013004070670792e-12,-1.2572424975721384e-11
43,26,-7.698387311473098e-13,4.3780607544427278e-12
44,26,-4.9072965284966951e-12,1.1226685377169418e-11
45,26,-3.2095371783501251e-11,-1.1952818560007817e-11
46,26,-8.7665729761687016e-15,4.2242519530861054e-16
47,26,-9.9864002974513118e-15,-8.6196603619854194e-15
48,26,3.0511438518232577e-15,2.4268576428233215e-15
49,26,6.8472531589586519e-15,6.0978047444663606e-15
50,26,-9.8548456920374993e-14,-5.5675884157417923e-13
51,26,-2.2406760722433502e-26,-1.9732079091107841e-24
52,26,5.1654937970813844e-28,8.4723013481253567e-29
54,26,1.7509431463818888e-27,-3.5861523588008e-27
4,27,-4.2544192163152127e-11,1.5763698209662343e-11
5,27,-1.522120086307101e-10,-7.2998378618483746e-11
6,27,5.3985094172342852e-11,1.1695655505108638e-10
9,27,-1.0740158458495752e-12,6.0949688293419208e-11
10,27,3.96411105434593e-25,3.1175444888702779e-25
11,27,-4.6008776951401303e-28,-4.4800807997070334e-28
12,27,6.1895751286236985e-12,5.0660274786063428e-12
13,27,-7.8448535609259995e-11,-8.6449289372804505e-11
14,27,-7.6776640456287095e-14,-1.2595426555013225e-13
15,27,-4.1569311734566519e-11,-9.5149557224454566e-11
16,27,-2.4469431819492145e-11,-1.4020453599561243e-11
17,27,-3.8845642655157932e-14,-5.043455691718535e-14
18,27,-1.0864285157149694e-10,-1.555439589258209e-10
19,27,4.3661860096018643e-11,4.6080570518833763e-10
20,27,4.610127310601716e-11,-6.2946974502015002e-10
21,27,-1.386137157121344e-10,8.0262425369819752e-10
22,27,5.4800882756390157e-12,4.134207396935716e-13
23,27,32.507259890367912,-42.911741419035117
24,27,-103.30808404639259,179.96521512230962
25,27,32.507259890449724,-42.911741419111898
26,27,-138.97652485814547,183.45824034816235
27,27,1144.5556428772397,-1356.1857202644924
28,27,-138.97652485808305,183.45824034815666
29,27,106.46926496757939,-140.54649892886454
30,27,-338.35936374478808,589.43030690236412
31,27,106.46926496757997,-140.54649892886499
32,27,-1.8164991644765255e-11,1.2443270467537323e-11
33,27,-3.1914338039698284e-14,-1.2569476944223027e-11
34,27,2.9962233112233887e-12,-1.4818698474905035e-11
35,27,5.1419385982288979e-13,6.8961487008494982e-12
36,27,6.42379055635322e-12,6.0022420458777355e-10
37,27,-1.7002064464506034e-11,5.2261792101634403e-12
38,27,-1.8535902832545354e-14,5.9096332886576663e-15
40,27,6.6987268697427143e-15,-6.4917666673175369e-14
41,27,2.809874105050966e-15,-6.0133422947390387e-14
42,27,-6.8303983062773419e-13,-1.5645513678214546e-12
43,27,-4.0272902715068947e-15,1.319825321498256e-14
44,27,-1.9316883305952949e-14,3.2748310237091855e-14
45,27,-9.4442099379383411e-14,-4.8738297779549248e-14
46,27,-2.7156423970235482e-17,-1.9582495317284839e-18
47,27,-2.7549897002410767e-17,-3.0260156420815503e-17
48,27,8.4941897585519646e-18,8.6087814415849214e-18
49,27,1.8820009326280488e-17,2.1326078421500323e-17
50,27,-2.8517216570068397e-13,1.7012095995214597e-13
51,27,6.6481250450557482e-28,-6.0853039959608634e-27
52,27,1.5593333033132419e-30,4.5302949848066472e-31
54,27,-702.88819508727465,586.79019823969566
4,28,-4.1048197410114011e-11,-4.2325461241129538e-12
5,28,1.8314847177155116e-11,4.6452516389038206e-11
6,28,-3.8197718285766696e-11,-1.3268573239360759e-11
9,28,3.594389028518486e-11,2.2690249422118564e-11
10,28,-5.6441874340554557e-25,-4.6368055611013866e-26
11,28,7.0694193500475832e-28,1.3590398358816777e-28
12,28,8.8325985919521911e-12,-8.7122309042769826e-12
13,28,8.206486418642149e-11,6.9884918694249177e-11
14,28,1.252643260008285e-13,6.7347840634281575e-14
15,28,1.2963121671105738e-10,3.0179649352497619e-11
16,28,2.0552348919586136e-11,1.7183521065051046e-11
17,28,4.1002250036192937e-13,1.8688134861596238e-13
18,28,1.7377625057351522e-10,4.9311641917204869e-11
19,28,2.7770643659979631e-10,3.5239574733579795e-10
20,28,-2.8829161270239808e-11,-3.4323984886016424e-10
21,28,-1.839350393153357e-11,6.4394793532955355e-10
22,28,1.0676140366096344e-11,-6.6876971972612691e-12
23,28,18.528379399195558,-34.389592706382622
24,28,32.507259890379807,-42.911741419386011
25,28,-94.829263971446366,175.90512214388261
26,28,-79.213375376913802,147.02396023949007
27,28,-138.97652485815729,183.4582403481445
28,28,405.41840825701024,-752.0376267518227
29,28,60.684995977455678,-112.63436753295342
30,28,106.46926496758601,-140.54649892886874
31,28,-310.58914428554289,576.13250460822928
32,28,2.1449943825863389e-11,6.9610675322541607e-11
33,28,6.2135356060442161e-12,1.085226983021358e-11
34,28,5.5169078379153292e-12,1.497508418827028e-11
35,28,1.0720788934006795e-11,3.424025547082358e-13
36,28,6.7033582794621799e-10,-4.3616413606182248e-10
37,28,6.5702957133406695e-12,2.559523170370895e-11
38,28,-1.5967488323290362e-14,4.1917924144389043e-15
40,28,1.8582944616202267e-14,5.9738588333017752e-14
41,28,5.062599763234275e-14,8.159486958820628e-14
42,28,-5.6881869730999153e-13,7.1840279534435251e-13
43,28,-4.0088507329789442e-15,1.1018529093926121e-14
44,28,-1.7858697803709224e-14,2.692162224589645e-14
45,28,-7.7950571690661521e-14,-4.5588537677144427e-14
46,28,-2.2954819987388955e-17,-2.8789632829300275e-18
47,28,-2.2019977402445063e-17,-2.6911174220565105e-17
48,28,6.8215263737750079e-18,7.6854493555262239e-18
49,28,1.5013040378767389e-17,1.8939140297956795e-17
50,28,2.220015109503938e-13,6.7054361572690463e-13
51,28,8.3687893538528831e-28,-5.1336540167429616e-27
52,28,1.3028121368059381e-30,4.5429194781216827e-31
54,28,6.1730259394529561e-30,-8.5173912442486903e-30
4,29,-2.2241663430876555e-11,3.3476578618440104e-11
5,29,-4.0800227635732884e-11,3.4065873286612842e-11
6,29,-5.8644986169703211e-11,3.5000775941606113e-11
9,29,-2.2267998709172896e-11,-1.0768601952138509e-11
10,29,-4.3635203616482238e-26,2.8361406923839163e-26
11,29,5.8018920366619011e-29,-2.9894099109875023e-29
12,29,-1.7053312826367472e-13,7.8422429395127017e-14
13,29,-1.0367156390474369e-11,6.5436004092977669e-12
14,29,5.9701460268326376e-15,-3.9576605349542402e-15
15,29,2.5752109281312673e-11,-1.0979459696965946e-11
16,29,-5.5282978627236273e-12,2.9835095064241389e-12
17,29,-3.7108750087343901e-14,-3.8110368396302296e-15
18,29,1.9563481337174083e-11,-1.1559444698508177e-11
19,29,9.9456502299310983e-11,3.7224567481980987e-11
20,29,3.9149833285901262e-11,-2.6580796014108966e-10
21,29,-1.3030530297239465e-10,4.5070638516305582e-10
22,29,9.2671495724088521e-14,1.1513765816168741e-13
23,29,-1.1941320028292285e-10,1.809627171311766e-10
24,29,-3.9615929330757833e-12,-7.2095538755372415e-11
25,29,-5.4220375986147767e-11,1.6158528941536212e-10
26,29,-310.58914428554749,576.13250460824145
27,29,106.46926496754411,-140.54649892877836
28,29,60.684995977439662,-112.63436753292675
29,29,1555595.2172041081,-665.36284342736963
30,29,-132.50448744787968,155.91242008487791
31,29,-79.42790805307277,128.00234937430082
32,29,-1555200.0000000002,-9.3353537640491259e-13
33,29,3.450868362087988e-14,-2.9177385419697035e-14
34,29,3.1671639447087512e-14,-2.4963884970621062e-14
35,29,-1.507393505304797e-13,-6.0108776391860106e-14
36,29,-7.5922266533616576e-11,9.5279268656291932e-11
37,29,-5.6236296115851765e-14,1.6515797641764564e-13
38,29,-2.3586150150926381e-19,2.6580470528869274e-19
40,29,-1.5902273621174738e-14,1.3026165411276193e-13
41,29,1.5604032286264867e-11,1.9778930505650398e-11
42,29,4.4776235974523008e-12,7.6952811685046521e-11
43,29,-3.1154960221175615e-11,-6.2984151056082158e-11
44,29,-4.722763669671525e-11,-3.5032673743755944e-11
45,29,1.2882338470073154e-10,5.1777035514587362e-11
46,29,-3.3946431986339695e-15,-9.4255231938090291e-14
47,29,-84.628059822174095,89.23033881919271
48,29,26.035222480303258,-15.365921156060374
49,29,18.742912075617944,-15.367981841343049
50,29,-2.8081333806853947e-14,1.8938919840819076e-14
51,29,1.6002114004375652e-13,8.2557746495694387e-14
52,29,-4.2442934607846594e-16,-7.4883581437971745e-15
54,29,3.555017237304387e-15,1.526971049001136e-13
4,30,-5.5913833778279045e-11,3.6573394925532714e-11
5,30,-4.3795857128981691e-11,3.7747630412159756e-11
6,30,-2.6663767959887206e-11,3.2533836903753117e-11
9,30,9.9358729651398098e-12,1.4469308444123228e-11
10,30,-3.9662133243851708e-26,3.173782178528767e-26
11,30,5.3459914098071788e-29,-3.4756219037246695e-29
12,30,1.8516340616760908e-14,-2.2153683681782563e-13
13,30,-9.6405935047186585e-12,8.2670255052089627e-12
14,30,5.5315810135564781e-15,-4.4335940383672539e-15
15,30,2.4062509166037049e-11,-1.1480295868047292e-11
16,30,-5.2287984250091503e-12,2.5057218357251861e-12
17,30,1.4507955662003349e-14,2.7921031478443121e-15
18,30,1.8308072967553862e-11,-1.3630224732484691e-11
19,30,1.5668610509250686e-10,-1.8907578893115908e-10
20,30,-6.2837722098385658e-12,-4.2139462697566854e-11
21,30,-1.092807831247456e-10,2.7241731550791703e-10
22,30,-3.7547120220264905e-14,-1.4630856451776911e-13
23,30,-1.0858371612163807e-10,1.8019687027271522e-10
24,30,-3.4028472196958187e-11,-3.2457971197336791e-11
25,30,-3.2952684084785203e-11,1.3278417588305689e-10
26,30,106.46926496760948,-140.54649892890919
27,30,-338.35936374482702,589.43030690253272
28,30,106.4692649675557,-140.54649892886471
29,30,-132.50448744785535,155.91242008501729
30,30,1555626.8428079966,-677.76874522104845
31,30,-132.50448744788559,155.91242008493873
32,30,2.1519013998872491e-12,-7.5925285754089981e-13
33,30,-1555200.0000000002,3.0664833354130123e-14
34,30,7.9778574835564872e-14,3.0144048812380959e-14
35,30,1.4982089422840981e-13,-1.2039892795126512e-13
36,30,-4.7933978468309821e-11,6.282913690274445e-11
37,30,-2.8837530360068508e-14,1.3378706412270915e-13
38,30,-3.3846953038584227e-20,5.9241862721240524e-20
40,30,1.1062420898575693e-14,1.0957617697456826e-14
41,30,9.9215804340727287e-12,5.8341458769187106e-12
42,30,-1.6801033673352698e-11,-6.2671697501522983e-12
43,30,2.5970092995412569e-12,5.1626961316116885e-11
44,30,-5.8552083798564947e-11,7.696002810041841e-11
45,30,3.3719230026459378e-11,1.3886999367716255e-11
46,30,-4.2320429641191087e-14,9.4850772018581645e-14
47,30,26.035222480302235,-15.365921156057889
48,30,-88.483444251812045,88.338438318656856
49,30,26.035222480301922,-15.365921156061075
50,30,-2.9319478189292513e-15,3.0223314208894317e-15
51,30,1.8388796674117785e-16,1.4159828333929716e-16
52,30,-1.666764235802659e-19,-1.3691526538937268e-18
54,30,-1.1519012705000512e-17,3.2490021822288272e-17
4,31,-4.2786454138568085e-11,3.1645984467140025e-11
5,31,-4.1977978868184352e-11,3.5232687720568422e-11
6,31,-3.729926343333643e-11,3.5185984405937456e-11
9,31,-3.7381532140323994e-12,1.514804218811966e-13
10,31,-3.4321168073956537e-26,2.609829403360874e-26
11,31,4.610460694271455e-29,-2.8311466270006594e-29
12,31,4.6415676686507103e-13,-1.1434993577285834e-13
13,31,-7.7095050132381358e-12,6.5308462064153523e-12
14,31,4.7478448376340312e-15,-3.5840500757144669e-15
15,31,2.0469610447792809e-11,-9.8496931945295113e-12
16,31,-4.3314325773454061e-12,2.3553891380349868e-12
17,31,5.6821897543509895e-14,-7.1034424639833828e-15
18,31,1.5462729907227474e-11,-1.1154408810967664e-11
19,31,1.8681355989988921e-10,-3.9942707940352818e-10
20,31,-6.5132211628132034e-11,1.718289095234882e-10
21,31,-9.7387707909520782e-11,6.8450309060848088e-11
22,31,6.2532394412989066e-14,1.001989087350124e-13
23,31,-6.710065752920011e-11,1.2842342632971247e-10
24,31,-4.7818815074254566e-11,3.2976478302197119e-11
25,31,-5.6442613351893299e-11,1.0361195450674166e-10
26,31,60.684995977512017,-112.63436753301521
27,31,106.46926496751877,-140.54649892865618
28,31,-310.58914428558177,576.1325046082062
29,31,-79.427908053065039,128.00234937455173
30,31,-132.5044874479388,155.91242008490303
31,31,1555595.2172041081,-665.36284342741328
32,31,3.7015066032813783e-12,-3.4037435129154507e-13
33,31,1.3731612166794476e-13,8.6384257246612779e-14
34,31,-1555200.0000000002,8.1241845685926666e-14
35,31,3.4819794074971151e-13,2.2265110051783237e-13
36,31,1.0959155914293213e-12,3.8870927803476785e-11
37,31,-2.6967475711401686e-15,9.1159493699985055e-14
38,31,7.9728891758445132e-21,-1.9869058618192808e-20
40,31,-5.2365036595356456e-15,-6.7838313056660339e-15
41,31,-5.3380069737368823e-12,-4.5012719300914208e-12
42,31,6.7373329585232214e-12,-2.8966534815762335e-12
43,31,2.1362928511241809e-11,-7.7599974717248587e-11
44,31,-2.0806300552964459e-11,3.6196601119474114e-11
45,31,1.2388508214470008e-11,-3.2611247905421002e-12
46,31,5.7898951836906539e-14,-9.1795548206853129e-14
47,31,18.742912075615006,-15.367981841331263
48,31,26.035222480307098,-15.365921156054679
49,31,-84.628059822175743,89.230338819191019
50,31,2.3359199824319259e-14,-8.5712134334025867e-15
51,31,1.5507045347458555e-16,1.2940285372476005e-16
52,31,-8.1245552517380692e-20,-1.1972439197213633e-18
54,31,-1.1566132847895957e-17,2.7851681291560488e-17
4,32,-1.9411767729492656e-11,8.2606829158230149e-11
5,32,1.1906219231327739e-10,2.2244879612834728e-10
6,32,8.5662372596808489e-11,-7.3443343721337158e-11
9,32,8.9398871691794938e-11,1.6502086923197467e-11
10,32,-4.4963456999783618e-23,8.8699961511389966e-23
11,32,6.7385558808647656e-26,-9.4316667277641068e-26
12,32,2.100369798538387e-14,-1.062289730199452e-11
13,32,-2.5124539648797248e-11,-1.6008397830807079e-11
14,32,-5.3863092335672384e-14,3.9474546103096441e-13
15,32,-9.3473433208845349e-12,2.0996517180597204e-11
16,32,2.9856370488571855e-10,-8.7358717217653707e-11
17,32,1.4369654195890531e-11,1.3855566187319937e-10
18,32,-1.6274522131058424e-11,1.0363712639401742e-10
19,32,-257.81596229027929,147.37682922970325
20,32,64.474761974422719,-2.1217657657459577
21,32,54.692838966776804,-8.9659316799133038
22,32,-1.1182107855191503e-11,1.0051052407496724e-12
23,32,-6.508105694949701e-11,1.8428607722679393e-12
24,32,-8.351689436945972e-12,3.3513549614525873e-13
25,32,4.4038909268367448e-11,3.5824756907452657e-12
26,32,-5.6305630447987521e-11,2.6731824527766429e-12
27,32,-1.0150460925849498e-12,-2.2413553474095484e-12
28,32,9.0386341307992431e-12,1.9312158814492283e-11
29,32,-1555200.0000000002,2.4111628859269121e-12
30,32,-9.9609607648423223e-12,2.3735903400364019e-12
31,32,-8.8672958322555061e-12,2.7596424839401119e-12
32,32,1555457.8159622899,-147.37682923036527
33,32,-64.474761974815578,2.1217657658656819
34,32,-54.692838967823491,8.9659316799468058
35,32,6.6675399120231038e-12,-6.3163179281543009e-12
36,32,3.8919371408229496e-11,2.0727204522924875e-10
37,32,-3.0065119649538844e-12,-4.739703221727583e-13
38,32,-1.4274661187595343e-13,4.4792133598143411e-14
40,32,3.1920073070870575e-11,-3.9220066671399192e-10
41,32,-3.3371106151157036e-11,-1.9675922553538103e-10
42,32,4.1406722066864785e-10,7.9511295415771966e-11
43,32,-4.8903064545348553e-17,-6.2089675485706095e-16
44,32,-7.7702042486352842e-17,-7.496105596674096e-16
45,32,-3.6151965942361904e-16,-1.2681711658539437e-15
46,32,-7.4588617461730425e-20,-8.4519420094802771e-20
47,32,5.4686575937703315e-23,2.6391269170923577e-23
48,32,-1.6458542465903585e-23,-6.9947834783533181e-24
49,32,-3.7683483731133674e-23,-1.891388004913588e-23
50,32,1.2942624682897247e-13,-2.1327676788216458e-13
51,32,-1.069088542603133e-27,-1.6188761562343724e-27
52,32,2.5736759575473857e-31,-2.5562961854956469e-30
54,32,-1.6077254519245594e-29,-8.9210123311960495e-30
4,33,7.8375206304787961e-11,1.4900467602511159e-11
5,33,1.1077533482849945e-10,-1.1609316113506505e-10
6,33,2.6566311807610186e-11,-3.7087797658953321e-10
9,33,-1.9263195858349973e-11,-2.1283187101135853e-11
10,33,8.6615282919293286e-23,1.3978451483312719e-24
11,33,-1.1647804208939071e-25,-1.1503926123095964e-26
12,33,-1.8968556138722994e-16,-5.3561113937930412e-15
13,33,3.6679434441957036e-11,4.2863009577957737e-11
14,33,1.026931375203547e-13,1.90543379189144e-13
15,33,-2.6246680523912447e-11,-1.9255211218497818e-11
16,33,8.1683967930771909e-11,7.8459750331912312e-11
17,33,-2.2824277497281074e-10,2.9936227086293536e-10
18,33,-3.9617822632607648e-10,3.9624993934552048e-10
19,33,64.474761974413227,-2.1217657665601428
20,33,-260.83595386419296,142.23396154340168
21,33,64.474761973951232,-2.1217657661122447
22,33,3.826043997127228e-12,-8.3596150140030092e-12
23,33,2.0182628490539061e-12,9.0326042924382438e-12
24,33,6.213737426905717e-12,-4.4443407597893631e-12
25,33,5.6116100291213872e-12,-2.6859306601453262e-12
26,33,3.4394988545336861e-13,-1.161579905911627e-13
27,33,1.2291434017070292e-13,2.0880660113355383e-14
28,33,3.4320752052284888e-13,-1.4409912165981543e-14
29,33,-2.3906305396820645e-15,6.7455006902690169e-15
30,33,-1555200.0000000002,7.1839739436303268e-15
31,33,-2.3814164715107544e-15,8.007173169035581e-15
32,33,-64.474761974372768,2.1217657650087247
33,33,1555460.8359538638,-142.23396154356419
34,33,-64.474761974541025,2.1217657665832341
35,33,3.2424723870874028e-15,-3.3101833122536564e-15
36,33,-1.9747455141486882e-11,-2.4525874055878963e-11
37,33,4.8324280504959094e-15,2.349564200743129e-15
38,33,-1.1070702839882909e-16,7.5754212500305589e-17
40,33,8.0426144200769011e-11,-9.6350578015011053e-12
41,33,-1.9496389948052232e-10,1.6707990320272701e-10
42,33,-5.3240505790103968e-10,2.2293816391146888e-10
43,33,-3.7681623171632385e-21,-5.0769583113714764e-20
44,33,-3.6058775356304324e-20,-2.9869970574482418e-19
45,33,3.5043250673025733e-20,-8.5051109074267555e-19
46,33,-3.4020621960226375e-23,-1.4672809668366696e-22
47,33,5.4305943319118593e-26,-4.9539541422540445e-26
48,33,-1.5511738952867948e-26,1.5482517011591243e-26
49,33,-3.8229228542780213e-26,3.3881343379860775e-26
50,33,-5.389030594068616e-13,-1.4907477217110225e-13
51,33,-7.5934640912294563e-31,-2.7381608907572914e-30
52,33,1.5121832378118083e-33,-3.4448845182917887e-33
54,33,-1.836996632096571e-32,-1.9682841725648297e-32
4,34,7.7967348619050067e-12,-5.8192724219227046e-12
5,34,-6.1467254277046737e-11,-2.5818713580837859e-11
6,34,4.7155916487618365e-12,9.0811195845468625e-11
9,34,3.0192777519547194e-12,4.4151567376976575e-11
10,34,-9.3283382227034842e-23,2.6645490149228858e-22
11,34,1.5861043880453606e-25,-3.2717048072773125e-25
12,34,5.1034284707505167e-17,-4.7744819725844242e-15
13,34,-7.535981089763795e-11,1.0728621733225253e-11
14,34,-5.2548179841358267e-14,-4.1684461489072907e-14
15,34,-2.3453612974259612e-11,3.6130124174821588e-11
16,34,3.5561105398882513e-10,3.8869154590176029e-11
17,34,-9.267108856643861e-11,-3.0079788474988454e-10
18,34,1.5767084457354872e-10,-4.4186618931322824e-11
19,34,54.692838967960135,-8.9659316800603897
20,34,64.47476197473199,-2.1217657665498884
21,34,-257.8159622902071,147.37682922952828
22,34,4.108891789717696e-12,1.3019662692850602e-11
23,34,6.5796832505588473e-12,-1.2914481941827662e-11
24,34,4.7370312662001925e-12,-3.2405029642510802e-12
25,34,1.3569931522856873e-11,-1.3202780052846667e-11
26,34,6.9283025656660038e-13,-3.3186647380497641e-13
27,34,1.5749480477946186e-13,5.8711331765638838e-14
28,34,4.6582118526929978e-13,-1.3246604054051757e-13
29,34,-2.41752133251329e-15,5.8574291128919692e-15
30,34,-2.5839281439339209e-15,6.2340059267731483e-15
31,34,-1555200.0000000002,6.9857713710353007e-15
32,34,-54.692838967486978,8.9659316797181106
33,34,-64.474761974589342,2.1217657660127323
34,34,1555457.8159622902,-147.37682923037187
35,34,3.0215201748081291e-15,-2.8128226987448215e-15
36,34,2.0346698358973119e-12,1.1763620973186942e-11
37,34,4.2177243942745669e-15,2.2691385436892795e-15
38,34,-1.0102214667339461e-16,6.2566514409757653e-17
40,34,5.2925296478265538e-10,4.6270236432026413e-10
41,34,-8.9110338879362621e-11,-1.5205744471777911e-10
42,34,2.5278845665888896e-10,-6.2300120449292015e-12
43,34,-5.050717363868169e-22,-4.6168402840559595e-20
44,34,-1.8423035414267304e-20,-2.6385405739048589e-19
45,34,7.0476849925077037e-20,-7.5608895532294212e-19
46,34,-2.4797544919488408e-23,-1.3270825282113787e-22
47,34,-4.5066035635249328e-26,-2.9182836208296542e-25
48,34,1.6704966382864603e-26,8.5823083850769317e-26
49,34,2.8213763455619707e-26,2.0332804669283182e-25
50,34,-1.7252500885165576e-13,-8.3572811758527137e-13
51,34,-5.6724811595634487e-31,-2.4557475343619647e-30
52,34,1.4730899680775918e-33,-2.9941200333533427e-33
54,34,-1.5517004512360155e-32,-1.8151197013350413e-32
4,35,-1.1033822395772804e-13,-1.2833454878031562e-13
5,35,5.3114426882456202e-14,1.4602518310455045e-14
6,35,1.0511624337091889e-13,1.5922751229537225e-13
9,35,3.8945928839138767e-12,1.0599277640436913e-12
10,35,1.5981987654980195e-27,-1.202029383273961e-27
11,35,-2.1407219302830834e-30,1.3436519147222815e-30
12,35,-0.42690734476953685,0.91380435136224247
13,35,1.9350412550728658e-12,3.7390597266903281e-12
14,35,1.5547786072947354e-16,9.058177536491256e-16
15,35,-1.147041514197394e-12,-7.7923205455817076e-13
16,35,9.6412513368478318e-13,1.4311994226109288e-12
17,35,2.706750157524656e-13,9.9835093305126545e-12
18,35,7.8447136552460013e-12,-2.0454611865210768e-11
19,35,-7.46644231832494e-12,1.6261366147662022e-11
20,35,8.0081005502144519e-12,-7.2148919526582896e-12
21,35,-8.6529524723100123e-13,4.55999408616411e-12
22,35,8.2069692164264612e-13,2.5213691222338144e-12
23,35,3.9764818430250542e-12,-2.9383917056181159e-12
24,35,-1.3574416729955696e-12,1.3100947878761065e-12
25,35,-4.7148529424030617e-12,-1.227853130680428e-12
26,35,1.7997361514699316e-12,-3.7669929618810128e-12
27,35,-4.5680864398759747e-12,-9.6712713688739915e-13
28,35,-7.2863406684460168e-12,-3.3871308656923206e-12
29,35,-2.5017647992680073e-12,-2.9313458457582251e-12
30,35,-2.7007956045451679e-12,-3.1275829228196314e-12
31,35,-2.5147152949833137e-12,-3.1338268284547864e-12
32,35,-3.7915238215662915e-12,7.550407940955307e-12
33,35,5.5759897389397182e-15,1.0450403883369931e-14
34,35,4.6098133560387066e-15,9.4089974178188218e-15
35,35,0.42690734476374792,-0.91380435135782467
36,35,-3.9177366618104501e-11,2.8991638752366217e-11
37,35,-2.119339364152907e-13,3.425810740932478e-12
38,35,4.7244773365748015e-16,8.5859123222021992e-16
40,35,3.2901322236667743e-14,-2.7279062984409922e-14
41,35,3.0162383485259311e-14,6.3515482995492217e-13
42,35,7.5765064064250308e-12,-1.5302366586556397e-11
43,35,7.1200992094551598e-18,7.9340091580081608e-17
44,35,2.8839994299142499e-17,5.7874413470090924e-17
45,35,2.8916391293863433e-17,7.2170715959577521e-17
46,35,-8.82441260113701e-21,1.1024007429500144e-19
47,35,-8.5291055389095892e-26,3.5356642390912471e-25
48,35,2.0969424134327841e-26,-1.0539254340516456e-25
49,35,6.3076192799242208e-26,-2.447431061718971e-25
50,35,9.4759271464443426e-15,9.9008288540278545e-14
51,35,1.9192919384509307e-31,1.0572165267677613e-30
52,35,2.4410232875404877e-34,-7.6391642827790116e-35
54,35,-1.7444229262659255e-34,-9.7009419485237942e-34
4,36,1.0218700328273349e-10,4.4762599917421536e-11
5,36,9.8031295205820994e-11,-1.6886201176742758e-11
6,36,-1.9923363391787385e-10,1.6178703769547863e-10
9,36,-158.93252755980814,165.39572478876656
10,36,3.1099894065921001e-26,-6.4478767191037647e-26
11,36,-1.278180478687909e-28,7.9663044468736768e-29
12,36,-1.1032227559077716e-10,4.5025371880497226e-11
13,36,-2.2931741998036431e-10,-3.3981795730499855e-10
14,36,4.0995111714807683e-11,-3.8542433669430981e-11
15,36,-5.5807022525718431e-11,6.3191155731916585e-12
16,36,3.827404942290717e-11,2.2514554293376607e-11
17,36,5.7221343555378605e-11,-9.5648742843664278e-11
18,36,1.4736777541617699e-11,-3.4301071837837948e-11
19,36,-8.5622653446073027e-10,-5.1777311502110053e-10
20,36,8.0253380217692057e-10,6.6117608915035538e-10
21,36,-7.6123558255091986e-10,-6.4192399911024299e-10
22,36,-0.36249416254801869,0.57539754304989854
23,36,-4.2686472826094178e-11,-3.7668269743964514e-10
24,36,1.4855471053248776e-10,2.819197823527265e-10
25,36,-1.7088349670976321e-10,3.9938489848692714e-12
26,36,1.0425572844335264e-10,-2.0886907700925383e-10
27,36,1.1903023930660211e-10,2.1063946948078033e-10
28,36,-1.4313626689374708e-10,9.6020711802882549e-13
29,36,-3.5713368144809063e-12,-4.153718605074778e-11
30,36,-3.9824212055505586e-12,-4.260625502385139e-11
31,36,-6.2881677265502542e-12,-4.3225892201633038e-11
32,36,-6.3266604290540879e-11,-7.4683794004550373e-11
33,36,7.3531271536464478e-12,-6.5760554002636742e-12
34,36,-1.375515688354132e-11,3.7499994193657785e-13
35,36,-9.3941152436487525e-11,-4.2287003983022776e-11
36,36,159.70527782309455,-166.74188496014176
37,36,-0.41025610089274828,0.77076262989015365
38,36,7.3710837005555004e-11,-6.5166341165314146e-11
40,36,-1.1475602831660185e-12,1.0300962328275353e-12
41,36,7.9551340358212468e-12,3.3094867656079541e-11
42,36,-4.4519138997416708e-11,2.1594042384818306e-10
43,36,-2.6588853911331705e-11,-8.0705656509646488e-12
44,36,-4.6376442962760271e-11,6.6043358318423589e-11
45,36,-1.1382589722025197e-10,-3.3668022973451226e-11
46,36,-1.0517958185831094e-13,-2.2211491766037311e-14
47,36,8.6649213111624397e-14,4.271877379779899e-14
48,36,-2.609378063382025e-14,-1.15866635910968e-14
49,36,-5.9757272409744516e-14,-3.0620710429303454e-14
50,36,-3.3218831363856272e-14,-1.6964750757122326e-12
51,36,1.4879570768306982e-21,1.5535211642224704e-21
52,36,-1.9875064566908607e-24,1.4737624108061511e-25
54,36,-4.613319165502776e-24,1.3789142559279652e-23
4,37,9.5869638147514083e-13,-1.6962800958663668e-14
5,37,1.2290570943322188e-15,2.6608591690388887e-16
6,37,1.0156971559439613e-15,2.8055301764390346e-16
9,37,-1.3071474266787386e-11,-2.505507763279124e-12
10,37,-3.8731567610042243e-30,-4.2792524547831314e-29
11,37,-2.0850557288689694e-31,4.0380679139756623e-31
12,37,-2.9509585682555883e-12,-1.0073150449717839e-12
13,37,-7.521110139534574e-11,1.6640515632151496e-11
14,37,-6.6250129701627118e-13,2.6240432100104637e-13
15,37,2.3620458204454556e-13,-2.2699564975931975e-13
16,37,-2.4801895651109841e-13,5.1846535904268883e-13
17,37,-4.1481175645688621e-13,-1.2918296149647814e-11
18,37,2.5236795532568073e-12,1.6405412985595497e-12
19,37,-6.7237406789556146e-12,-5.9332372192701767e-12
20,37,-1.465147217384023e-12,1.9569936086282973e-12
21,37,-5.3039638834034346e-12,1.1240749344331488e-12
22,37,-1.2446420882621953e-12,3.6148544707113158e-13
23,37,1.0308801653967495e-11,6.1527426007567533e-12
24,37,-3.576612161851297e-12,6.9017809710577847e-14
25,37,-6.0772554625139723e-13,-6.5975703380406905e-12
26,37,4.714971816590444e-12,5.5826643774640936e-12
27,37,-3.3051508859298953e-12,-2.0384236620749931e-15
28,37,-6.9627748367560455e-13,-6.067715114228437e-12
29,37,4.8892206540431088e-14,-8.9031698872292523e-14
30,37,-5.9162126981325655e-14,-9.7464491387699741e-14
31,37,-1.5358126867062692e-13,-1.0629756242772727e-13
32,37,-3.4186798924791572e-12,-5.976198712312961e-12
33,37,3.9030091327991629e-16,-6.3266805131453206e-15
34,37,5.8528195737640064e-16,-5.6248094962361775e-15
35,37,-1.1272174616694938e-12,-2.4489063235499995e-12
36,37,-0.41025610092907,0.77076262985830801
37,37,0.41025610096674747,-0.77076262993268818
38,37,-1.359001329955207e-12,-5.3911436492773628e-14
40,37,7.7679449594014696e-15,2.113408221573097e-14
41,37,2.9594695269028789e-15,-1.6011536907872564e-13
42,37,4.5981735910192093e-12,5.7257794759251684e-12
43,37,3.5510264021311159e-13,-8.421461120758716e-13
44,37,2.6362174650089102e-14,8.7870455417692013e-14
45,37,2.8092171992425191e-14,1.0919339319184181e-12
46,37,1.213845150701176e-17,1.5471730240223243e-17
47,37,1.5879028744317634e-16,7.7168791315874718e-17
48,37,-4.7804925318115003e-17,-2.0903787796799776e-17
49,37,-1.095208413376159e-16,-5.5338758433263446e-17
50,37,1.1816290281316198e-14,-7.2672928987564098e-14
51,37,6.5073002292683905e-25,8.9113541916714266e-25
52,37,-9.7804828845458086e-28,-1.0754099270281606e-28
54,37,-3.9191442089603468e-27,6.5332288843086e-27
4,38,3.0037867719368053e-11,-4.5169593883528626e-12
5,38,1.8743267917466235e-14,-1.5411423076672846e-16
6,38,1.5440178680071238e-14,8.1105168438916353e-16
9,38,-8.9328648261552621e-11,1.0439752600686414e-10
10,38,3.2858947846155298e-31,9.2346294590934936e-32
11,38,-1.2230326196651458e-32,8.586993939970223e-33
12,38,3.9541921506726018e-15,-9.0893926008793479e-16
13,38,-2.6540067296988458e-11,-2.5586212708547332e-10
14,38,-0.15544200507541617,1.3206524913683129
15,38,7.8685600472033408e-16,7.5482216620913445e-16
16,38,1.6678633748045566e-15,5.049489356152936e-15
17,38,1.4751807788861506e-11,5.3620520325970652e-11
18,38,1.7359314413563032e-12,-2.6738821358879598e-13
19,38,-9.4775765017142713e-12,4.309283118212772e-12
20,38,2.335136920042712e-11,6.1361661621426845e-11
21,38,4.8651272617959527e-14,8.1538568579359865e-13
22,38,-1.117094772818624e-11,-8.5845901319178815e-13
23,38,1.4868305957973226e-10,-8.1918295698522806e-11
24,38,6.5529718324977472e-14,-7.547574332819417e-14
25,38,5.9337277875581565e-14,-6.1336937092935536e-14
26,38,-2.7017749486560336e-12,-1.0800089434817803e-11
27,38,2.1702691433610492e-14,-4.768413154376427e-14
28,38,2.0474435386250861e-14,-3.9632331806701286e-14
29,38,5.8303581038094127e-17,-2.8576683080842218e-16
30,38,1.3569135246539538e-16,-2.4876121128317851e-16
31,38,-1.4861421167716142e-16,2.2653847764764671e-16
32,38,-5.5073137077797411e-12,2.0496541468983282e-12
33,38,-8.6255131036545151e-15,3.8055212394958186e-16
34,38,-7.6580730656089324e-15,4.347222733699826e-18
35,38,2.9254711167675119e-15,1.9356432003625442e-15
36,38,-3.0909178509406114e-10,-2.8922677879645745e-10
37,38,-3.0919816106547316e-13,-6.4015163291595678e-13
38,38,0.82520076136334009,-1.803967244338061
39,38,-0.66975875620173397,0.48331475293972281
40,38,5.3911265065875639e-13,3.7514951175599889e-14
41,38,-4.7946603441353152e-12,-2.2456562254764603e-12
42,38,1.0510433641993937e-10,4.0910936837619375e-11
43,38,2.4564571989398016e-11,2.6491744807318406e-11
44,38,-4.1332355918436008e-11,-3.3232929309246941e-11
45,38,5.7081457470841193e-10,-1.9191099747973882e-10
46,38,1.3445992985806246e-13,-2.1967620701523671e-15
47,38,6.0766423678292386e-18,-1.9083244337358317e-17
48,38,-1.5680285298406448e-18,5.7072082570370154e-18
49,38,-4.4284728084990372e-18,1.3196523693606335e-17
50,38,8.3795882841241121e-14,2.6174950019635764e-13
51,38,-1.2689256042289007e-25,6.6154147508917228e-25
52,38,6.3505874185372427e-28,1.0678066393422992e-28
54,38,2.618295897152668e-27,-4.9915913972717239e-27
38,39,-0.66975875620173397,0.48331475293972281
39,39,0.66975875620173397,-0.48331475293972281
4,40,8.2252380769104272e-14,-1.2594684152487469e-13
5,40,3.8666841131922779e-17,-3.5242160682295072e-15
6,40,9.3525121267276107e-17,4.1859724797943904e-14
9,40,1.2814240499751724e-12,-1.5914971045995049e-12
10,40,-3.9904653174346659e-16,3.0658170792867056e-15
11,40,9.2367935014897944e-19,-3.8849381646282905e-18
12,40,2.7600461158910029e-15,-4.6255084581286753e-14
13,40,1.7338207338745192e-11,3.6243328601870383e-11
14,40,1.7006363919236731e-11,5.1737891221073379e-12
15,40,2.4915790737058056e-11,5.4807213517812265e-12
16,40,-89.23017411983318,216.71956017500864
17,40,32.863897206943804,-59.926682527292741
18,40,15.021572444793822,-42.908627695802821
19,40,2.7362405037680641e-11,9.958751974126547e-11
20,40,3.0907049175339109e-10,-2.6031331423691e-10
21,40,2.9091690064408954e-11,8.6612916221426975e-12
22,40,-2.1624445867334174e-14,2.3760879438639042e-14
23,40,1.8810366169904528e-13,-5.1019886217326097e-13
24,40,6.8540760841892918e-15,-6.2431480792208831e-15
25,40,8.7434877516714914e-15,8.1086814399227583e-15
26,40,-4.0736334372746347e-14,1.5007197136340254e-14
27,40,-3.2822714795607947e-16,2.2853624661484822e-16
28,40,1.1706482497193404e-15,9.1838465601422791e-16
29,40,3.8227535883864901e-15,2.5141713507952303e-14
30,40,-6.3414493101890401e-15,1.6209701429133654e-14
31,40,-1.3372649313883469e-15,1.0075273614781649e-16
32,40,1.841897337347893e-10,-1.7870295441231043e-10
33,40,4.1322495862050416e-11,-3.9479956911814569e-11
34,40,1.103180301666882e-10,1.3295301175826287e-10
35,40,1.2841730139835549e-14,-1.1849803741471762e-14
36,40,4.137399242365447e-12,6.7301396639157827e-15
37,40,1.2871431854136962e-14,5.8250613243334775e-14
38,40,1.3580370204031908e-12,3.2784212257198535e-13
40,40,234.64504776780677,-569.89882683836822
41,40,-86.420886274843724,157.58681884105727
42,40,-39.501632923981333,112.83511541577388
43,40,-145.41487364833876,353.17926666418475
44,40,53.55698906824685,-97.660136313957992
45,40,24.480060479226964,-69.926487719977629
46,40,5.8856849631757202e-15,-2.4717137755225974e-14
47,40,8.1163181695830204e-17,7.5922396534671839e-16
48,40,-1.759416508479706e-16,5.2356435480239998e-16
49,40,1.9276834674309671e-17,-1.5767769402551722e-17
50,40,8.5293340046114133e-14,-2.1644280847382198e-13
51,40,4.97884221086991e-23,5.4887625197720986e-23
52,40,-9.2316708049572633e-26,7.2382532080824582e-26
54,40,2.7796419798983965e-25,8.6627179339645971e-25
4,41,6.1773133591386946e-13,-3.8260496107388614e-12
5,41,-2.5679951869325412e-14,-1.1432236769791008e-14
6,41,-2.1002469603268502e-15,4.5813969080943012e-14
9,41,6.8656601280103719e-11,-3.5710223297876351e-11
10,41,-3.3038074467554921e-14,8.3968989522055689e-16
11,41,4.2554239443909789e-17,3.3509043922488262e-18
12,41,-6.5820343392048874e-14,-1.9953014811329911e-13
13,41,8.4842538019924367e-12,-6.6996866343913007e-12
14,41,-1.571702154456925e-13,1.1271891347785382e-11
15,41,-1.5640568166500888e-12,1.6368235130512298e-11
16,41,32.863897206498187,-59.926682527041194
17,41,-100.5503697064572,226.37742439692889
18,41,32.863897206843951,-59.926682527087472
19,41,4.0507482044476767e-10,-1.5360704024444404e-10
20,41,1.1882781632636995e-10,-1.3217796191766374e-10
21,41,1.9310343465135443e-11,2.3751519242925777e-10
22,41,-2.2863239320939342e-13,-2.4257771803016234e-13
23,41,-2.3468710522571807e-12,-2.7911834103696657e-11
24,41,7.6294836604178939e-15,-6.9622373874425498e-15
25,41,1.3375838126180339e-14,2.7671009001198041e-15
26,41,-1.0632761368940976e-12,-1.353998798778536e-12
27,41,5.3238796411728075e-16,4.2653794951389279e-15
28,41,3.811926360207959e-15,-4.5985083946696071e-15
29,41,9.6291633536828004e-12,1.6195374018701802e-11
30,41,6.2009119083440303e-13,1.2540060202733802e-11
31,41,-1.6374243929456214e-13,-5.3764409952981205e-14
32,41,2.401594364442121e-10,-9.0071029948918268e-11
33,41,-7.8821626294360209e-11,-1.3330497130751523e-10
34,41,9.3179806891739487e-11,3.6358449692752844e-10
35,41,-9.1196698615901113e-14,-3.2486564241388639e-13
36,41,5.0185365884619494e-11,1.5068464159116487e-11
37,41,-1.9865140427159983e-13,3.8351933901785112e-13
38,41,-3.1634310981014095e-12,1.1622124340429615e-11
40,41,-86.420886275126691,157.586818841575
41,41,264.41331685981459,-595.29572911103969
42,41,-86.420886274645227,157.58681884140333
43,41,53.556989068367912,-97.660136313934032
44,41,-163.8629471527893,368.91830471349317
45,41,53.556989068673886,-97.660136313819478
46,41,3.518679727808052e-14,-1.8213111343051908e-14
47,41,2.8980069921305416e-13,5.2215619467196771e-13
48,41,2.6405296398139102e-14,4.3117621436929729e-13
49,41,-7.5744493025320368e-15,-7.4279093574713211e-15
50,41,3.3848399899810548e-13,-3.2681984250303737e-13
51,41,2.6105422881218248e-20,-4.8270635243934862e-21
52,41,5.2221867804234582e-24,4.0023302763314662e-23
54,41,2.9844368682859929e-22,6.4570993861118316e-23
4,42,-2.5495996068468345e-11,-2.6841460090632646e-12
5,42,-7.8351884091210065e-13,2.8244364906869585e-13
6,42,2.3170247680923408e-12,1.2896872732759752e-12
9,42,-2.7813309872707472e-10,-4.1548628114952385e-10
10,42,2.0984208876167277e-14,1.1648079589509035e-14
11,42,-2.5395199027192582e-17,-1.7776925217835818e-17
12,42,-2.0834187132639858e-12,-7.5695185556299474e-12
13,42,-5.2216239324975813e-11,-6.3368385414248071e-11
14,42,-2.9592098147704621e-11,2.4706437433894685e-11
15,42,5.9164245113972004e-12,-7.8906885245260147e-12
16,42,15.021572444370216,-42.908627696183821
17,42,32.86389720656053,-59.926682527281478
18,42,-89.23017411947194,216.71956017494682
19,42,-4.4226022709022066e-11,-1.7451968487879679e-11
20,42,2.6840497989792879e-10,3.4761294676035401e-11
21,42,-3.1466451815465294e-11,2.4828244982780752e-10
22,42,-1.3067278572236721e-13,1.4015579783089478e-11
23,42,-1.9637527788935386e-10,2.7476420438897367e-11
24,42,-7.4290859864838745e-14,1.1331514828573602e-13
25,42,1.8278969241947851e-12,-1.7249284647738773e-13
26,42,-1.2725897918763509e-11,9.6677364062261781e-12
27,42,-1.1013862658611566e-13,1.1462537604987985e-13
28,42,5.0473075840895376e-13,3.1429261786630682e-13
29,42,1.2645567902251207e-10,4.5490589791946538e-11
30,42,-1.0630857962506834e-11,1.6976011485738108e-11
31,42,5.7415453184907407e-13,5.3410398435508475e-13
32,42,5.2852140257282443e-11,-2.1391834003673989e-11
33,42,-2.4812681970440034e-10,-4.5707922949341759e-11
34,42,-2.4810730371823957e-10,3.4344132788753574e-10
35,42,3.5508251345071209e-12,-5.6470835798729552e-12
36,42,4.4028462733909134e-10,2.3699713993671953e-10
37,42,1.0634937881013531e-11,1.7184433160629802e-11
38,42,2.2241105298904419e-11,3.9510123319459402e-11
40,42,-39.501632924066428,112.83511541590099
41,42,-86.420886274944792,157.58681884114731
42,42,234.64504777081311,-569.89882683818269
43,42,24.480060479397277,-69.92648772008269
44,42,53.556989068568328,-97.660136314405634
45,42,-145.4148736479319,353.17926666447693
46,42,2.5535092323134795e-13,-1.9850198891852713e-13
47,42,4.2171784927163887e-12,1.6348105093960264e-12
48,42,-4.1627199590313896e-12,4.3047740861373708e-13
49,42,-5.0953050491169481e-13,4.0637851894770312e-13
50,42,3.3717060772093591e-13,-2.4112867974462544e-13
51,42,2.9702070352648329e-14,1.7816988407932804e-13
52,42,1.094189147240609e-16,6.6516194963443484e-17
54,42,8.2374360660567775e-16,-8.7486778348517009e-16
4,43,-1.6518861218089034e-11,2.4540973399748805e-11
5,43,-1.2220388648447612e-14,1.3560503834172016e-14
6,43,-1.074039644494945e-14,1.0553629981062788e-14
9,43,-5.9953534300856797e-10,-1.3341648311819093e-10
10,43,-4.9253059634535705e-32,-9.0135043129040433e-32
11,43,-2.3214987077806214e-33,6.9865467803403051e-33
12,43,1.7053461003303733e-17,-4.5444081352583038e-17
13,43,7.3293850652158319e-11,-2.8552770219253337e-11
14,43,7.7450660970099414e-13,-3.8782742479997046e-12
15,43,3.2484118231046027e-17,-4.1718818882644336e-17
16,43,-1.3487749175188511e-15,6.8336912546002489e-16
17,43,4.3307464698740815e-11,-2.689777184248216e-11
18,43,-8.0758235820842283e-13,8.3337662497160797e-13
19,43,2.8175652769372841e-17,-1.6577511273902369e-17
20,43,-1.33613993367641e-17,-9.216911136496435e-17
21,43,6.4018693966542568e-19,-4.893603671243009e-19
22,43,1.7540609600094519e-17,1.9964257496959467e-17
23,43,-7.596228329633847e-11,2.2469852419039579e-10
24,43,-1.9806124878968325e-14,1.0943767852609183e-13
25,43,-2.1964667586641042e-14,9.2321244637697809e-14
26,43,2.5733219927762985e-12,1.7166213874125211e-11
27,43,1.5406668510062057e-15,5.3817788907180302e-14
28,43,-1.1053236869149958e-15,4.5734222169715688e-14
29,43,9.7906957756538234e-11,1.2765139732899531e-10
30,43,1.3320782277919045e-11,1.5944250547070044e-11
31,43,1.427556035788643e-12,-3.1403759068783176e-13
32,43,3.0142488954583079e-17,-2.5260757517640519e-17
33,43,4.5942298594804784e-20,-1.6396771628946351e-20
34,43,5.4286890208015902e-20,2.9152911073268437e-21
35,43,3.8630796549581241e-17,-1.6393458256173344e-17
36,43,-8.6928676661599012e-11,-2.1839591415542467e-10
37,43,8.5953739734589349e-14,7.3350817163563676e-13
38,43,1.7103177485946369e-11,2.3246734488191052e-11
40,43,-145.41487364832528,353.17926666423631
41,43,53.556989068271463,-97.660136313925676
42,43,24.480060478868324,-69.926487719882402
43,43,145.80207389186035,-353.84093973467316
44,43,-53.556989068230791,97.660136314262672
45,43,-24.480060478491225,69.926487719973125
46,43,-0.38720024350746307,0.66167307037758805
47,43,4.6756536662674085e-12,4.2881634779207135e-12
48,43,2.1062628999518397e-13,8.0760032636907984e-13
49,43,-3.6185704457928607e-13,-5.3961218288264411e-13
50,43,1.9170077210143005e-17,2.988924594529403e-17
51,43,-1.2978748499687147e-14,1.5466025545567752e-17
52,43,-1.3502750677611408e-17,-1.9003848212373825e-17
54,43,-1.7265417249979474e-16,4.796679481921932e-17
4,44,8.3599858356254401e-12,-2.5987092053363199e-11
5,44,7.361544064960098e-15,-1.5151691399894711e-14
6,44,6.8195206517634977e-15,-1.2107023672323381e-14
9,44,5.6715507566977074e-10,-1.6842039500234307e-11
10,44,-8.1748827457206234e-32,1.080976807283607e-31
11,44,-5.8971927760587843e-33,-4.9386850463853738e-33
12,44,-3.2482765702366191e-17,-5.7806317496517296e-17
13,44,1.5239099070406099e-11,9.6960801113375027e-11
14,44,-8.2109488676778934e-12,2.1387044286496073e-11
15,44,-9.5232038496977227e-17,-3.9958730882626559e-17
16,44,1.6881763985010383e-15,9.8135157890051069e-16
17,44,-1.9569577312843292e-11,-8.9497699495628481e-12
18,44,1.532995552237524e-12,4.0309323145819006e-13
19,44,3.1133132871080474e-16,1.8603408372830235e-16
20,44,2.2719667083710368e-16,-4.7669206800629446e-16
21,44,5.8651163329071324e-18,-5.193584589812873e-18
22,44,7.9988155205398308e-17,2.3350968557580522e-17
23,44,3.4024099307203516e-11,-2.0777151778106383e-10
24,44,1.2315715672615452e-14,-8.8307672693747259e-14
25,44,1.4536347968015538e-14,-7.4751142828460012e-14
26,44,-2.1177620530707509e-12,-1.2501049587939159e-11
27,44,-1.8734588096518146e-15,-3.9294236521442697e-14
28,44,1.7180625908671429e-16,-3.3425702286284968e-14
29,44,1.3991937439243436e-11,-6.9705869713632067e-11
30,44,1.0504650944195938e-11,2.3919939005599928e-12
31,44,8.4825383458078515e-13,-1.2016298777250919e-12
32,44,1.7186570110763218e-16,4.8501807708951117e-17
33,44,2.4255824086659601e-19,2.3586333987786033e-19
34,44,1.8843682196946811e-19,2.0702856974222549e-19
35,44,1.6860146445658652e-17,-5.4792710994422216e-17
36,44,3.1911544330589177e-10,2.1033391216234076e-10
37,44,1.5674030860476406e-13,-6.0870358906137982e-13
38,44,-7.2072736615327165e-11,9.5348818131292761e-12
40,44,53.556989068247447,-97.660136313994997
41,44,-163.86294715267132,368.91830471359515
42,44,53.556989069764825,-97.660136313412522
43,44,-53.55698906803832,97.660136314186047
44,44,163.86294715337817,-368.91830471327285
45,44,-53.556989067688278,97.660136314223791
46,44,1.3925759746371385e-13,1.1663514921696932e-13
47,44,1.5317082967622507e-12,-2.950455839348436e-12
48,44,-1.6450837691022758e-12,1.6855202227629993e-13
49,44,-4.0067948512106513e-13,-2.9203312949152242e-13
50,44,6.1804267656398179e-17,-2.3551865029596042e-17
51,44,1.0463825812324572e-14,1.6960852208604609e-13
52,44,-1.2122744481823206e-18,-1.92459883062934e-17
54,44,-1.4851968853062449e-16,-8.6898312296403592e-17
4,45,-1.1396040624496037e-11,7.7850456308359742e-12
5,45,-7.637755715221623e-15,3.767787582444284e-15
6,45,-6.4769927426009295e-15,2.719996563976925e-15
9,45,-8.6526000585922726e-11,-1.5576553347785851e-10
10,45,1.6089764397763136e-31,-9.0647017197211466e-32
11,45,9.187434351704391e-33,-9.6327680025502147e-34
12,45,3.357744392368271e-17,-5.6863219723150412e-16
13,45,1.1133888424134621e-10,1.7015785257869669e-11
14,45,1.9051494519113334e-11,-6.5937034447853614e-11
15,45,9.6795618954489895e-17,7.0504122198197641e-17
16,45,-1.4975625131158968e-15,-2.3659530301984908e-15
17,45,-1.8424339775737403e-10,1.8313846179772862e-11
18,45,-1.713802057353859e-12,-1.3983155357186705e-12
19,45,-1.7031129164079596e-16,1.0061207207237879e-15
20,45,1.1022804378342512e-15,6.8861007744752541e-16
21,45,8.3320082401255687e-18,1.6367517553322072e-17
22,45,-1.8599096362960288e-16,3.4032386189138821e-16
23,45,-1.3655952832379917e-11,9.7883001076034787e-11
24,45,2.8676591092721094e-14,6.464412121085824e-14
25,45,2.1249771106291003e-14,5.6251971723647868e-14
26,45,9.0842728615909189e-12,1.04658579758272e-11
27,45,2.4092038554188702e-14,3.5591242833780438e-14
28,45,1.8846837498748729e-14,3.1279627425591024e-14
29,45,6.1811029816721084e-12,6.1084516760967616e-12
30,45,-9.995434657607697e-12,-2.8612600775257911e-12
31,45,1.0878142529292587e-13,-3.1809923903613083e-13
32,45,-1.4778463455125367e-18,6.1438772646463586e-16
33,45,-3.7644032368217511e-19,7.9178200400366257e-19
34,45,-3.6424344292827523e-19,6.9882866783329054e-19
35,45,3.7624285819720351e-16,-3.1777444419121353e-16
36,45,1.4871976673885875e-10,2.4208334550650509e-11
37,45,-3.809888662122397e-13,2.374200917659071e-13
38,45,2.4321531038188169e-10,-1.3257706077307603e-10
40,45,24.480060479227241,-69.926487719925277
41,45,53.556989068277957,-97.660136313951895
42,45,-145.41487364803615,353.17926666517172
43,45,-24.480060479192673,69.926487719234615
44,45,-53.556989068689063,97.660136313498697
45,45,145.414873648911,-353.17926666508538
46,45,5.1878921105918547e-13,-8.506987575355563e-13
47,45,6.9306005874098957e-14,1.6104982609991457e-13
48,45,-2.2788561119379012e-13,-1.312461270246872e-13
49,45,6.12415872823395e-14,-2.887823868929826e-14
50,45,-9.3493080010438483e-17,1.6329933649674534e-16
51,45,1.7109353469030701e-15,-7.219242692163573e-15
52,45,7.0017699673500334e-20,3.2667029494746271e-18
54,45,2.2251006707993011e-17,1.3006922212963883e-17
4,46,-3.0439251721865867e-14,1.886985272321955e-14
5,46,-2.0233192933136045e-17,8.8884612604308914e-18
6,46,-1.7104007162026649e-17,6.3059256457248379e-18
9,46,-5.4064352964526923e-13,-3.6287393835070578e-13
10,46,2.0039171651435128e-35,-1.1863992715254288e-34
11,46,-5.9639405468107725e-36,5.7293568021572064e-36
12,46,-1.3006528787807339e-20,-7.1628523504603066e-20
13,46,-1.7111431653547406e-13,-6.5904643517197044e-14
14,46,2.2919916129494098e-15,-2.2155038708619089e-14
15,46,5.6854302226125422e-20,-2.0666049575966321e-20
16,46,-1.8945319745245718e-18,-2.2083118986732343e-19
17,46,-6.2821438442398647e-15,-2.6472024002487542e-14
18,46,-1.4114881679930011e-15,3.2113034899013132e-16
19,46,-2.2003506793740842e-21,1.3727723732630484e-19
20,46,1.7651136141382996e-19,1.4752003895095564e-19
21,46,-5.7000870895604999e-22,3.8045718540428613e-21
22,46,1.5247522501673653e-20,3.9703520083470139e-20
23,46,-1.5768081365644434e-13,2.0597118709456036e-13
24,46,-3.8009971938481128e-17,1.1134440320668326e-16
25,46,-3.7703913139696373e-17,9.3040976087159672e-17
26,46,1.4477470489401473e-15,1.9438128273903749e-14
27,46,-2.7677147488590017e-18,6.0391704235458143e-17
28,46,-5.055767933466395e-18,5.1119119229117251e-17
29,46,9.8306959112560869e-14,2.0436262455667209e-13
30,46,1.4209984727084589e-14,2.7580320008586009e-14
31,46,2.652889515186066e-15,-6.9625210009267917e-17
32,46,5.3210802394151258e-21,7.0596861744712269e-20
33,46,-8.2506937699577849e-24,1.0811851203253681e-22
34,46,-5.0970624267155102e-24,1.1965009350762825e-22
35,46,3.7124063480240761e-20,-5.0826982910399336e-20
36,46,5.5430830775642783e-14,-3.1396941434665667e-13
37,46,-2.9955315839213974e-16,5.8505297049459456e-16
38,46,4.6155444150419709e-14,-1.9775376202745032e-14
40,46,4.0998765582481921e-15,-2.076326775903156e-14
41,46,8.2576152587296027e-13,-3.5103980118552114e-13
42,46,-2.9189087883604103e-14,2.7961539941170429e-13
43,46,-0.38720024350745108,0.66167307037716294
44,46,9.1745512678436654e-13,1.7510850990168663e-12
45,46,1.2124037182463133e-13,-4.2966986412638289e-13
46,46,0.38720024350815063,-0.66167307037772838
47,46,5.6315758309879393e-15,7.4290123186931769e-15
48,46,-5.4009514929022183e-16,9.5578893746709966e-16
49,46,-3.3359667937269065e-16,-1.0612063154876407e-15
50,46,-1.0098883065068277e-19,5.5210298345367064e-20
51,46,-3.7679251889170465e-17,4.3435897785132081e-17
52,46,-8.7641885554604749e-21,-3.7760077617638449e-20
54,46,-2.9227043715487342e-19,-4.8278924483819252e-20
4,47,5.0256725974600682e-22,4.8726716913980539e-22
5,47,2.6424245699610602e-25,3.3739860101765472e-25
6,47,1.9970220889298965e-25,2.9566605506036072e-25
9,47,5.1890269857371531e-20,3.4088291852440594e-20
10,47,-3.6063680877196958e-42,-2.0648513436500647e-41
11,47,1.8607226786067131e-44,7.1515336066852907e-45
12,47,-1.3368626394633521e-28,-6.8917373690886408e-29
13,47,4.06209250391593e-14,-4.1135207512914199e-14
14,47,-1.1980215916278052e-23,9.0192219239911087e-24
15,47,1.094820889270489e-26,-7.290569531201502e-27
16,47,-3.1276558906601614e-25,7.5028401768744085e-26
17,47,-4.2225594006717777e-18,-8.99684357102808e-18
18,47,-2.1459182500776101e-22,1.3228769331381362e-22
19,47,2.1899841517521037e-25,1.8114375261746648e-25
20,47,6.0475904188225867e-25,-7.539036340508801e-25
21,47,1.0025673776348772e-26,-6.6060961952316605e-27
22,47,8.4328940666193711e-26,1.7601813809043053e-25
23,47,4.7767501593035572e-21,3.1936319448300907e-21
24,47,2.268221091515948e-24,1.3850560032534287e-24
25,47,1.8695682891894875e-24,1.2841473389287283e-24
26,47,3.8416984454234946e-22,1.0322395905175965e-22
27,47,1.1447508746334236e-24,4.6075920110300123e-25
28,47,9.5067922865429921e-25,4.4229338347184046e-25
29,47,-84.628059822171622,89.230338819193605
30,47,26.035222480298753,-15.365921156061285
31,47,18.742912075615493,-15.367981841338679
32,47,1.2176403727659634e-25,1.097649172348658e-25
33,47,1.2136595676436105e-28,2.0984371952135315e-28
34,47,9.835892909190174e-29,1.8765668533498692e-28
35,47,-3.6479424620969735e-29,-1.2481494484415836e-28
36,47,2.7391362147328792e-19,-6.2990976119878638e-19
37,47,1.2685780697754593e-22,-3.1239699332649956e-22
38,47,3.014630165182563e-22,-5.1683184101916681e-22
40,47,-4.3828264645272997e-16,4.5365640145024715e-15
41,47,6.0349314685317785e-13,7.749477940931418e-13
42,47,1.1458001619481501e-12,2.9653662067030267e-12
43,47,1.3123663200273045e-12,-1.614665940972911e-12
44,47,-1.324919404261168e-12,-1.0838253938376735e-12
45,47,4.330479602360717e-12,1.6059955636576497e-12
46,47,3.0636232264562215e-15,-1.4084584577959929e-15
47,47,84.62805982440841,-89.230338819310418
48,47,-26.035222480324478,15.365921156136039
49,47,-18.742912075622542,15.36798184136768
50,47,2.8525379054697852e-27,-2.8908436971353877e-27
51,47,-3.8482505974713538e-14,8.454935796792229e-13
52,47,3.4207105845801104e-14,-1.5740355602813226e-15
54,47,8.7920481293899055e-14,-8.1019319601961993e-14
4,48,-1.3974811209457437e-21,-1.3987245194087845e-21
5,48,-7.325529987215537e-25,-9.7225699272947783e-25
6,48,-5.5393013020502398e-25,-8.3491538823350695e-25
9,48,-4.8733281572412168e-21,-4.6821627934535773e-20
10,48,3.3598542441296177e-42,-6.7776107225344125e-42
11,48,5.9703847929338032e-44,-4.0447760162413744e-45
12,48,-2.4235304104564911e-29,-1.1026564962994339e-29
13,48,3.244160098635496e-14,6.7677507277992471e-14
14,48,1.5076926707690174e-24,1.1711873068119748e-24
15,48,4.2889034480226951e-27,3.7585274795755069e-28
16,48,-1.0264023687606033e-25,-6.7875426046839057e-26
17,48,-4.6255312691206467e-18,7.7364749695674487e-19
18,48,-9.2205428322554612e-23,-2.2828125232477643e-23
19,48,-3.1409852525140467e-25,1.8970613330194517e-25
20,48,6.5603200499692572e-25,1.0689719560196038e-24
21,48,3.6733160479587381e-27,1.5149475155336048e-26
22,48,-2.5189661243568989e-25,2.5834542193701917e-26
23,48,-1.1806123731845869e-20,-8.3607236533550509e-21
24,48,-4.9162548578102643e-24,-2.9552522754386577e-24
25,48,-4.0590443756184508e-24,-2.7486076413679033e-24
26,48,-7.9031802587359869e-22,-1.4377572620111972e-22
27,48,-2.3804935055116736e-24,-7.3670550204765993e-25
28,48,-1.986875109057935e-24,-7.3179786117866306e-25
29,48,26.035222480298572,-15.365921156053643
30,48,-88.483444251810411,88.338438318663208
31,48,26.035222480294067,-15.365921156056261
32,48,-1.8585020036124847e-25,1.0153309876756623e-25
33,48,-3.0638759307658373e-28,5.5911502867616261e-29
34,48,-2.7173174557167208e-28,3.9968191771772344e-29
35,48,-7.5322873907417951e-30,-2.1752911180166192e-29
36,48,-7.6019973147581175e-20,1.1571018492164393e-19
37,48,-7.9428310713768205e-23,4.289413112163592e-23
38,48,-9.2091533018802387e-22,1.3489868122343901e-21
40,48,3.514320148944195e-16,3.7907388157550724e-16
41,48,3.5252138494474396e-13,1.9751040294633844e-13
42,48,-1.337488698434202e-13,-1.6305610345356068e-13
43,48,2.9563837544173457e-12,4.6282801640020556e-12
44,48,-3.4190521895036751e-12,1.3270484874335162e-12
45,48,9.4620119665568499e-13,6.2754876815446447e-13
46,48,1.0487249712580524e-15,7.9968044003688573e-15
47,48,-26.035222480085167,15.365921155849605
48,48,88.483444253132802,-88.338438318387034
49,48,-26.035222480360403,15.365921156129332
50,48,2.541759685983195e-27,4.7093148978515275e-27
51,48,-7.9350442545246359e-13,-2.329074582020385e-12
52,48,-5.0813834944039437e-15,-3.3406793962358111e-15
54,48,3.7543226346828926e-13,-2.7422062893965545e-15
4,49,8.7323903820402765e-22,9.2047873427220691e-22
5,49,4.5425905121840616e-25,6.4214205089664004e-25
6,49,3.4029578571653065e-25,5.493281949629141e-25
9,49,-1.7415335439649228e-20,2.6034462620710733e-20
10,49,-4.4972856553942869e-42,4.1959359635528125e-42
11,49,3.25348683104969e-44,2.3476054476189945e-44
12,49,-7.9899790099834902e-30,-8.5625312181611477e-30
13,49,1.2120101596795851e-14,2.593654480380422e-14
14,49,4.3646004219937369e-25,5.335477373341935e-25
15,49,-3.1684438037559616e-27,-1.5635686392508473e-27
16,49,5.9726069805741802e-26,7.4561094822469264e-26
17,49,2.3293522985530258e-18,4.5509517565751679e-19
18,49,6.2651804194438838e-23,3.9347172364124139e-23
19,49,-1.2363069235026614e-25,7.0675573308382375e-26
20,49,2.4623377987386464e-25,4.1040709238799238e-25
21,49,1.3429243862351659e-27,5.8003303236613302e-27
22,49,-9.6347340951215134e-26,8.8228157482143767e-27
23,49,7.7143566087393495e-21,5.7029275364943827e-21
24,49,3.3655877178543461e-24,2.1545885920358767e-24
25,49,2.771580555168125e-24,1.992652035092816e-24
26,49,5.5724205843130216e-22,1.3248368946877475e-22
27,49,1.6669008199165114e-24,6.1525402111284232e-25
28,49,1.386786429194216e-24,5.9679340286280641e-25
29,49,18.74291207561485,-15.367981841331325
30,49,26.035222480300302,-15.365921156061953
31,49,-84.628059822176297,89.230338819194131
32,49,-7.3085238780430428e-26,3.7734143060886413e-26
33,49,-1.2425013742689145e-28,1.5337518813765228e-29
34,49,-1.0493908971918618e-28,1.4823868584253155e-29
35,49,6.0355269060356274e-31,-1.0107397933107467e-29
36,49,1.9661813572320443e-21,9.1714559214519133e-20
37,49,3.5763800942223871e-23,5.5293967575086293e-23
38,49,6.2607535765515044e-22,-8.2613142824333963e-22
40,49,-1.5821343962624942e-16,-2.2792865558814435e-16
41,49,-1.5594229828945439e-13,-1.6485632109539822e-13
42,49,8.2748677432227796e-13,5.7421242181852768e-13
43,49,2.7990096017810244e-12,-2.5793270775746085e-12
44,49,-4.0835303073985671e-13,-4.6745564034182965e-14
45,49,1.9246676266575733e-13,-3.5261568099805004e-14
46,49,5.0726813710837805e-15,-2.4578953448316397e-15
47,49,-18.742912075582353,15.367981841225969
48,49,-26.035222480316975,15.365921156142804
49,49,84.628059824075535,-89.230338819156714
50,49,1.0039040241169979e-27,1.7628293809226653e-27
51,49,1.8559477047833002e-12,8.0632944836962494e-14
52,49,1.9561496655683586e-14,-2.2757925738628427e-14
54,49,-3.7075185784726221e-14,4.3070532929668177e-14
4,50,9.7063533076888827e-15,-1.570496404456337e-13
5,50,5.4276984274427795e-13,2.4604513546325173e-13
6,50,-4.1958985789129966e-13,-2.9985955196830372e-14
9,50,-8.5760870676668893e-14,2.3103797596556003e-13
10,50,2.5322086418973259e-28,-1.7705048839389046e-28
11,50,-3.5179687971381977e-31,1.9716956252516904e-31
12,50,-5.599752032896647e-14,5.5480172839703269e-15
13,50,-4.3567674753440987e-14,-4.789535936654799e-13
14,50,-3.4760439148226773e-16,1.1408781803781731e-15
15,50,-2.82220257912213e-14,1.5381386568914923e-14
16,50,3.1808991678466944e-14,1.1499288846653836e-13
17,50,1.1217014122305001e-13,8.688752808556518e-14
18,50,5.5025618184654926e-14,1.5067964161089285e-13
19,50,1.3883194410512638e-13,7.8529626033360707e-13
20,50,-0.40268152837796045,0.72674655323706117
21,50,2.1280610840215548e-13,1.067212799578313e-12
22,50,8.1877782421123078e-15,5.0078223585230868e-14
23,50,-4.6716210062392339e-13,9.9858974024855819e-14
24,50,5.9012469716184951e-14,-3.5994345090906872e-13
25,50,-4.7165564948420871e-13,-3.821611520572191e-14
26,50,-1.5887329826414676e-13,6.5265366969929661e-14
27,50,-1.4855998660194259e-14,-2.2813051926147293e-13
28,50,-8.832040023121763e-15,-7.6077545490169108e-14
29,50,-3.8406294797513178e-14,8.7032631802168953e-15
30,50,-4.3164877497072327e-14,7.9176398170067413e-15
31,50,-3.3869380086179927e-14,1.1883702601570022e-14
32,50,4.3792192197836816e-14,-3.3542311510801603e-13
33,50,-1.297503597766274e-13,-1.6599284779770595e-13
34,50,4.5559228851603425e-13,1.1283798977861723e-13
35,50,-3.6840907156934901e-14,-3.1775593407408429e-14
36,50,-1.3506687862416004e-12,-1.0654306772890695e-13
37,50,-6.423652510499336e-15,-2.2527828849273686e-15
38,50,-1.5639736601722984e-15,1.0022148879882985e-15
40,50,2.7998211362139644e-14,1.0826133823959045e-13
41,50,4.9700306213536772e-14,1.9769056917002715e-13
42,50,3.1785386027900371e-13,7.4892764436464702e-14
43,50,-1.0448523074259179e-15,-1.9688258381368333e-15
44,50,-7.9407211177146158e-17,-8.5953439489866437e-17
45,50,1.4257264133633817e-15,2.6879924736841738e-15
46,50,-1.2330859459883194e-20,-1.392896773058866e-20
47,50,-1.617719648467636e-26,1.3514836378131571e-26
48,50,2.1435082206036586e-27,-5.4266626410553013e-27
49,50,1.078312183019776e-26,-8.7403872100991643e-27
50,50,0.40268152837893678,-0.72674655323702808
51,50,3.5432898406403697e-29,-3.5987597098547265e-30
52,50,3.9220007039834601e-32,2.6118559253071608e-32
54,50,2.8247112198216632e-31,-1.8300445643431561e-31
4,51,-1.3488538629157749e-24,1.4209779506857481e-24
5,51,-9.4733150516736342e-28,7.5113972801483671e-28
6,51,-8.1757962953696151e-28,5.7105035896677633e-28
9,51,-2.6126723538523291e-22,5.9347880839461772e-23
10,51,1.5687899038952339e-45,-5.715952363496324e-45
11,51,-1.2640767123286111e-47,8.7084462505320637e-48
12,51,-4.863412803408969e-32,-1.2199950220637058e-30
13,51,1.5930778383590151e-15,-1.537946552804602e-15
14,51,-1.1072006587977377e-25,-4.5645942742848562e-26
15,51,1.7155180787860206e-30,2.578221567731308e-30
16,51,-1.8012270773646773e-29,-4.0056015368871984e-29
17,51,-2.154974385692136e-24,1.5650530471592229e-25
18,51,-2.2920158057357437e-26,-2.7275709739542597e-26
19,51,8.2521387444307013e-27,7.1240204838738996e-27
20,51,2.383570110096159e-26,-2.831006236279253e-26
21,51,3.8985632412521649e-28,-2.4360245309963161e-28
22,51,3.0672233195417019e-27,6.8186322961063513e-27
23,51,-2.2356975555493849e-23,1.1983010006814888e-23
24,51,-1.7130178882589302e-26,3.2545388211278106e-27
25,51,-1.4697960985937512e-26,2.0114783432999068e-27
26,51,-2.8315038215952549e-24,7.9510681393318436e-25
27,51,-9.0159789919277409e-27,1.395700134438662e-27
28,51,-7.7127519483108335e-27,7.8010472738218254e-28
29,51,-8.0164309724686603e-13,-4.5627205959138741e-13
30,51,-1.6512089014287582e-16,-1.4350604444888625e-16
31,51,-1.374044246982779e-16,-1.3287080500569987e-16
32,51,4.5839129296056998e-27,4.312770995486654e-27
33,51,4.4357211514852951e-30,8.0776237117337946e-30
34,51,3.61868721230888e-30,7.3285747580738412e-30
35,51,7.3532378631402555e-31,-7.5738197500484342e-31
36,51,1.700005386369254e-22,3.3821537304251246e-21
37,51,1.1808581217269668e-25,1.6609744436724657e-24
38,51,1.7640111175540586e-24,-1.5185149880532136e-24
40,51,3.898361248145344e-22,-1.4654938698831474e-22
41,51,-7.9537592441695272e-21,9.636512448390698e-21
42,51,1.892651248237532e-13,7.7659487298887196e-14
43,51,-3.3162431818910067e-14,-9.6389647977659251e-14
44,51,1.9610785895688785e-13,-5.5776669683902031e-14
45,51,3.6301714169690372e-15,2.0616545029494441e-14
46,51,5.8778493746910121e-17,-1.3451239975449495e-16
47,51,-5.0545624369746686e-13,-5.4371177286815465e-13
48,51,-1.57469823100846e-12,-1.2117076108406653e-14
49,51,-2.0077094997926227e-12,-1.2901008631564428e-12
50,51,1.044739500850221e-28,-1.1207440949985992e-28
51,51,489.74573924791957,-409.1668837421646
52,51,-1.310429791723951e-13,-1.3158536609644965e-13
54,51,-489.74573924792196,409.16688374216176
4,52,2.1386623708581497e-29,-9.6354849237687418e-29
5,52,2.1423878146196376e-32,-5.7012313800319978e-32
6,52,2.0492630445279749e-32,-4.5869787521725786e-32
9,52,9.9629349659987797e-27,-4.7571781213255381e-27
10,52,-3.1066335632270269e-50,7.9457501747784892e-50
11,52,3.7790367674497698e-53,-4.4974229080506997e-53
12,52,-2.6031564067706165e-35,2.5301563751093018e-36
13,52,-1.0757326210934904e-19,1.9847743350407445e-20
14,52,-2.852545383962906e-30,-9.1690310636431717e-31
15,52,-3.1495894160505236e-35,-3.2499015030226823e-35
16,52,1.678318838263166e-33,3.3256834089964881e-34
17,52,1.1909156806117848e-28,-1.5758732003276176e-28
18,52,1.139575442870026e-30,-9.6142984365369732e-32
19,52,-1.4601999765913596e-31,-5.1823722052770111e-31
20,52,-1.7540156966512728e-30,5.1544126523824624e-31
21,52,-2.270209006487261e-32,-6.0499712551535013e-34
22,52,5.9711814969046192e-32,-3.6447487228466122e-31
23,52,5.7858597948578834e-28,-9.584871602953316e-28
24,52,5.6260991288210731e-31,-4.5587041341953964e-31
25,52,4.9807530422773058e-31,-3.6284359055256173e-31
26,52,8.7285114918425954e-29,-8.1636193240027628e-29
27,52,2.9917513490484273e-31,-2.1895736000575615e-31
28,52,2.636696333764236e-31,-1.7237694290869887e-31
29,52,1.8976310759563119e-14,5.4798433321936665e-15
30,52,3.6219143424614888e-18,2.7308276210937283e-18
31,52,3.0369958328062773e-18,2.5527838142687478e-18
32,52,-7.1412748994511026e-32,-3.0253141576332294e-31
33,52,3.7169883422637976e-35,-4.5356531111158288e-34
34,52,5.0507448941547696e-35,-4.0046559429332281e-34
35,52,-1.7095564174436552e-35,-1.4800684389531366e-35
36,52,-6.7372609163526718e-27,-1.2987874454509328e-25
37,52,-7.5553946515962658e-30,-6.5940338949035455e-29
38,52,-4.4685127498391894e-29,1.7791306625323558e-28
40,52,4.686264827159665e-27,3.406646784026674e-27
41,52,2.1146727243882972e-24,2.902195118787778e-24
42,52,-1.5765408275575929e-17,1.5775865492977887e-17
43,52,4.2158344434396427e-19,-1.5316182163030187e-18
44,52,-1.0529762038738663e-17,7.5465613954646941e-18
45,52,4.9246092592187875e-19,-2.2424606450006888e-19
46,52,-2.6917070652329726e-21,-1.2539894784202937e-21
47,52,2.4485530448697363e-16,2.2792493286985227e-14
48,52,-6.546428133032331e-14,1.6815783669263684e-13
49,52,8.3787234360506728e-15,3.2753140918848271e-14
50,52,-7.3806917322690536e-33,1.7764962962836768e-33
51,52,-8.4217315783158782e-14,-4.3611549859554425e-15
52,52,1.3097916142210506,-1.5737447440296233
53,52,-0.87417612196630889,0.83030406198776152
54,52,-0.43561549225482143,0.74344068204180436
52,53,-0.87417612196630889,0.83030406198776152
53,53,0.87417612196630889,-0.83030406198776152
4,54,-1.8302355498875546e-26,-1.5395058712921077e-26
5,54,-9.8464312174973709e-30,-1.0993027982724425e-29
6,54,-7.5568428670529993e-30,-9.5439779988691552e-30
9,54,-2.9850265165712632e-24,-3.7102193097832091e-24
10,54,-7.6713566990369594e-46,-1.9470163211770766e-45
11,54,6.9190958422148172e-49,2.6918117311878501e-48
12,54,1.3807454327648054e-32,2.5982298950652233e-32
13,54,4.1999015595858769e-18,2.6592479197639067e-18
14,54,2.9780492922400124e-27,-8.3254766731254695e-28
15,54,-7.9819892531127655e-32,3.9037047582352382e-31
16,54,1.7297305729298928e-30,1.1428749053349779e-30
17,54,-4.7355683938659499e-26,9.4096795457157239e-27
18,54,1.5739786548050683e-27,3.6931103955273302e-28
19,54,-1.1067032256790904e-29,2.154364719382323e-29
20,54,7.4269780336766899e-29,3.6958628458427979e-29
21,54,7.3657950253081022e-31,7.1958001732784323e-31
22,54,-1.324272449236154e-29,1.0282693014816322e-29
23,54,3.4851806378739076e-26,-7.0369223738149001e-25
24,54,1.9807887761128312e-28,-6.2035916332731434e-28
25,54,1.9568625821902796e-28,-5.1756876857481119e-28
26,54,2.5531548698284936e-26,-1.1675270823359304e-25
27,54,-702.88819508727488,586.79019823969622
28,54,1.1925407809965432e-28,-2.9157031825600208e-28
29,54,-4.3754331819888518e-13,-5.8074926005738543e-13
30,54,-4.5815732954231979e-17,-1.5168143605079462e-16
31,54,-3.2931848831418118e-17,-1.3455958508434793e-16
32,54,-6.9319986168254971e-30,1.2173322746286964e-29
33,54,-1.510691619001959e-32,1.378242542653692e-32
34,54,-1.3964161545308727e-32,1.1642343746960995e-32
35,54,-8.0504307824826918e-33,2.4131204042744392e-32
36,54,4.9328166586416606e-23,-4.2378469649141823e-23
37,54,2.7630200925666238e-26,-1.6380568610634931e-26
38,54,-7.6056213444521746e-27,-2.4396071285029115e-27
40,54,4.4662799076293525e-26,1.5036889244945401e-25
41,54,3.1688340830609906e-23,8.5966528231827251e-23
42,54,6.7664866675544498e-16,-8.2044814558471965e-15
43,54,-6.8156875897807184e-17,-2.275780891757534e-16
44,54,2.0125499817328347e-15,6.4555801121457346e-15
45,54,-1.7793103000757851e-16,-5.139999918738011e-16
46,54,-2.9707094783223366e-19,1.6581008254874296e-18
47,54,1.3334097496198028e-13,8.7653534212984182e-14
48,54,7.2453215181811428e-15,9.4273255593629057e-13
49,54,1.4813227659627369e-13,2.0039770594603291e-13
50,54,2.9709208854211268e-31,1.369851314609695e-31
51,54,-489.74573924792293,409.16688374216301
52,54,-0.43561549225473006,0.74344068204171476
54,54,1193.0695498274526,-996.70052266390189
