row,col,g,b
1,1,0.10820468194596296,-70.821984866435884
2,1,-0.0041023409730056009,35.460992433217946
3,1,-0.0041023409729573444,35.460992433217925
4,1,-0.004736975330110256,40.946827054099302
5,1,0.009473950660240647,-81.893654108198604
6,1,0.002368487665023406,-20.473413527049637
1,2,-0.0041023409729778349,35.460992433217932
2,2,0.10820468194596608,-70.821984866435884
3,2,-0.0041023409729882372,35.460992433217939
4,2,0.0023684876650509729,-20.473413527049647
5,2,-0.0047369753301181794,40.946827054099295
6,2,0.009473950660238142,-81.893654108198604
1,3,-0.0041023409729780049,35.460992433217939
2,3,-0.0041023409729830365,35.460992433217939
3,3,0.10820468194596106,-70.821984866435884
4,3,0.0094739506602275533,-81.893654108198604
5,3,0.0023684876650581065,-20.473413527049644
6,3,-0.0047369753301200546,40.946827054099309
1,4,-0.0071054629951693496,61.420240581148974
3,4,0.0071054629951693496,-61.420240581148974
4,4,7348.3502879459411,-7900.7855208148467
5,4,-2258.6149873714871,1345.4644094731768
6,4,-1623.1785118739913,1338.4107051379074
7,4,-7194.1057080280771,7508.4447530288662
8,4,2205.7447241781929,-1275.7208615183786
9,4,1593.0381456925784,-1282.5107164586091
12,4,1.2402272688008329e-12,-4.0324597066889082e-12
15,4,6.9617332511741223e-15,-2.2886701208813454e-16
16,4,-2.9411697556071116e-12,-3.744364026324642e-12
17,4,1.8591234614980308e-24,4.3812771502709208e-25
18,4,2.0383483919921693e-24,6.2278805702498919e-25
19,4,-6.7456768048194914e-15,-1.1993663748683539e-14
20,4,-8.9415990470751942e-15,-1.4008915785668336e-14
21,4,3.7600179064093823e-11,5.90049645828318e-12
22,4,6.6427493524742782e-15,-2.6428568398896314e-14
23,4,9.7259720238441548e-13,7.7725069781179651e-12
24,4,-4.3458903025439026e-11,-7.5062778048985776e-11
25,4,2.4992601131392431e-15,-8.226964832159075e-15
26,4,1.6859365297284487e-13,9.9500002559316576e-13
27,4,-8.887685252174225e-13,-4.166223551658113e-12
28,4,-1.0136933360685602e-11,8.7235790317177784e-13
29,4,4.9591437975539118e-10,4.0250664202407663e-11
30,4,2.2379865296192892e-11,4.728916447200434e-10
31,4,-3.4210122141611036e-11,-3.7673382094816199e-10
32,4,-9.868592451928569e-12,1.0544116100194716e-11
34,4,-154.23227289377218,285.9577904862972
35,4,52.87026319231726,-69.743547954963574
36,4,30.140366180869716,-55.899988679076742
37,4,-5.2846347122722624e-11,-1.0667402927293326e-11
38,4,1.3856555941729803e-11,7.638784621122553e-12
39,4,1.27745862076842e-11,1.9113873771936055e-11
40,4,-6.5542849460554711e-11,4.6330236897386962e-12
41,4,5.1644893896738136e-11,-6.1723901326100399e-11
42,4,9.6061875090471114e-11,-4.398268189836847e-11
43,4,1.0826544672672339e-10,1.0102006564582016e-10
44,4,1.6015243724036034e-11,4.0278756425431301e-11
45,4,1.3263557120730149e-11,5.7473729729695261e-11
46,4,3.2652212606777954e-12,-1.6256972043939071e-12
47,4,-1.576499432095919e-10,-1.9027671101655236e-10
48,4,-1.8888369735294851e-11,-2.1730692518257648e-11
49,4,-2.2805795461480572e-13,-6.6837262018048415e-12
50,4,4.2621289040606333e-11,2.2002255415232119e-12
51,4,5.8196173496183089e-12,7.5791500468044964e-12
52,4,-1.1148628170749767e-13,2.6731313072653282e-14
53,4,1.0321651895674208e-14,3.9997249575600818e-15
59,4,4.5936253692201815e-15,4.52255141986393e-15
60,4,-4.4489397616834467e-17,6.4963995518916557e-17
61,4,-4.873955976621666e-18,-1.6974482588379937e-19
63,4,-1.086822406196323e-13,-2.9902263343372312e-13
64,4,2.1041532672430249e-13,5.7002872456059182e-13
65,4,-1.0867036703324984e-13,-2.9902963772679196e-13
66,4,2.1221756643600701e-13,2.9263283317664279e-13
67,4,-1.9849630972552276e-13,-5.3778686168890284e-13
68,4,-7.1823751693605184e-15,2.7155581730820336e-13
69,4,9.3639322198662713e-12,-8.6906968065749964e-12
70,4,5.07221784488382e-12,-3.3107190663197081e-12
71,4,-3.1639307124145478e-12,4.2574980933255969e-12
72,4,-1.0071888922483121e-15,-3.7217735467831632e-15
73,4,-4.1521781235064289e-29,-2.8581566712196667e-30
74,4,-2.9317981117794806e-29,-2.7265522109260634e-29
75,4,6.0363125164226157e-29,1.0640183303362439e-29
76,4,2.4638455327938642e-12,1.3148024720522096e-12
77,4,1.5596420373355905e-36,-4.7480670349625193e-36
78,4,-1.4672160513604863e-37,4.4413662205200985e-39
79,4,6.9986852957225173e-38,6.2452332129181216e-37
80,4,3.7293820809021553e-40,-5.9970810316947979e-39
83,4,8.0728563815728265e-38,2.158439944929513e-37
84,4,1.267550911795818e-36,-2.3384110173511326e-36
1,5,0.0071054629951774568,-61.420240581148974
2,5,-0.0071054629952042167,61.420240581148995
4,5,-2258.6149873701347,1345.4644094731486
5,5,7684.5078778639436,-7828.1459627601789
6,5,-2258.6149873692502,1345.4644094735916
7,5,2205.7447241781974,-1275.7208615183865
8,5,-7516.477247374758,7429.2125625219405
9,5,2205.7447241782202,-1275.7208615188626
12,5,4.5798996656489593e-14,7.5450031173732968e-14
15,5,7.0112573175161353e-18,1.1987589723460884e-18
16,5,-2.1739847497569052e-15,-4.3491474261447079e-15
17,5,2.9352623181300806e-24,9.0319440063539055e-25
18,5,3.6690074871119699e-24,9.8888439377934005e-25
19,5,6.6938127456599233e-15,-1.1534701282887392e-15
20,5,7.9941454208068114e-15,-1.8435674352719363e-15
21,5,7.5870546165444831e-11,1.0250733643111996e-11
22,5,6.0356464866195084e-16,-1.6891451029335088e-14
23,5,-1.5460909288582225e-12,5.8997229222354932e-12
24,5,-4.3737269866804297e-12,-9.3996287399332886e-11
25,5,-2.5526690699668157e-16,-7.8938832966026678e-15
26,5,-2.0281897625998321e-13,7.5252577824096575e-13
27,5,-8.7982441703609329e-13,-6.9386555047615772e-12
28,5,-7.1374671284781577e-14,-3.4303225916178249e-14
29,5,-1.2993123286288816e-10,4.0062576108336914e-11
30,5,5.5041529484879725e-11,2.2409497668817103e-10
31,5,-2.7005472007656792e-10,-1.4794580848829281e-10
32,5,-5.8137865376085214e-11,-2.9893839693515779e-11
34,5,52.870263192117783,-69.743547955255451
35,5,-168.01832346561039,292.55042293840961
36,5,52.870263192579955,-69.743547955153986
37,5,-8.7246191808106013e-12,2.17820150153668e-12
38,5,1.5376080779463657e-12,3.3400460515905648e-12
39,5,-5.4915725492036852e-12,1.4345811597843309e-13
40,5,-6.3557513623691226e-11,7.5184554762593531e-12
41,5,-2.592905371280629e-10,2.1348158605098503e-10
42,5,-1.5607173521452757e-10,1.0941156823824115e-10
43,5,6.2687157051303029e-13,2.957325901565824e-11
44,5,-1.8849731353034756e-12,-6.7386364701549677e-12
45,5,-1.585870464323429e-12,-6.632616226419233e-12
46,5,-1.9979313467500774e-14,7.3647766704957513e-14
47,5,1.2323383335169365e-10,-1.1356390186016113e-10
48,5,3.4746173058591294e-11,7.7004908201456418e-12
49,5,-1.5828557801751423e-15,8.7755755334535665e-15
50,5,5.4411662323489835e-14,-9.8575221884727271e-15
51,5,2.0335585589910746e-15,1.1369265358587087e-14
52,5,-2.3955224236444462e-16,1.0713633973084841e-16
53,5,-2.9330000965002224e-17,9.956332504918776e-17
59,5,3.6678489987949123e-18,5.4662926072382651e-18
60,5,-5.7828691219532588e-20,5.5864484710296213e-20
61,5,-4.8409681595677093e-21,-1.1693469683974165e-21
63,5,-4.7399905884075747e-17,-3.2142278875064859e-16
64,5,9.3593636235070974e-17,6.1339343989229531e-16
65,5,-4.738659142195499e-17,-3.2142736065383228e-16
66,5,1.5228435477751575e-16,3.3626342052223316e-16
67,5,-8.8282260248344927e-17,-5.7869519207779266e-16
68,5,-6.2875194890211825e-17,2.7018441386481198e-16
69,5,1.1149704755599125e-14,-6.7736097126805589e-15
70,5,5.7530702876059982e-15,-2.2717565773912262e-15
71,5,-4.0382331657773605e-15,3.6102374173780304e-15
72,5,-2.4431239327419061e-19,-3.9297167394107902e-18
73,5,-4.09512672841519e-32,-1.1374458629521371e-32
74,5,-2.3737440471599403e-32,-3.3288162944052597e-32
75,5,5.8203787838882551e-32,2.3023323533328407e-32
76,5,1.5888466490243079e-12,6.7493550405570146e-13
77,5,2.5339466603151633e-39,-4.4299947752486476e-39
78,5,-1.4768733000914382e-40,-2.564618160264602e-41
79,5,-5.8062548896794162e-41,6.3910979157148873e-40
80,5,1.6029453521564805e-42,-5.9228444937938222e-42
83,5,3.6494107044639116e-41,2.3248042402238311e-40
84,5,1.7475808503627017e-39,-2.0793398376499417e-39
2,6,0.0071054629951651368,-61.420240581148974
3,6,-0.0071054629951693366,61.420240581148974
4,6,-1623.1785118722087,1338.4107051377155
5,6,-2258.6149873697264,1345.4644094735675
6,6,7348.3502879459411,-7900.7855208160008
7,6,1593.0381456925004,-1282.5107164587855
8,6,2205.7447241781961,-1275.7208615183797
9,6,-7194.1057080285073,7508.444753028979
12,6,4.8931344396842395e-14,7.7701713652671e-14
15,6,5.8119104998997763e-18,1.3401539671919934e-18
16,6,-1.6111703901332834e-15,-3.7453331276116777e-15
17,6,-5.5245794763923925e-25,1.2855641459474987e-24
18,6,-6.0291574464684274e-25,1.6181573300243714e-24
19,6,-2.627750676512926e-15,6.0737010948514179e-15
20,6,-2.7585823353317069e-15,7.5022226517471677e-15
21,6,-7.7267895217556677e-12,3.4448572904215385e-11
22,6,-3.2274722794236878e-15,1.1083309844348779e-14
23,6,-4.3998110658759182e-12,2.1229742916232415e-12
24,6,5.6098857977402759e-12,5.9608886990055672e-11
25,6,-1.5955972338782304e-15,4.1430594069951058e-15
26,6,-5.690982838975848e-13,2.7503737640413511e-13
27,6,1.0739767873096826e-12,2.387447556873421e-12
28,6,-8.509834455109123e-14,-3.5802161590174824e-14
29,6,-8.8965130211051227e-11,9.5214165575919015e-11
30,6,2.9883635624822291e-10,-8.032245826980323e-11
31,6,1.2146206563313359e-10,-2.1672865111663757e-10
32,6,1.7802747389940458e-11,2.8448017546883058e-11
34,6,30.140366181148234,-55.89998867930818
35,6,52.87026319244513,-69.743547955078171
36,6,-154.23227289317992,285.95779048631925
37,6,-8.9839224204609806e-13,3.8715961787029814e-12
38,6,2.9068256502874085e-12,-1.0486172757800885e-12
39,6,-7.8525405143508983e-13,1.1824356227617889e-12
40,6,-9.1550486148167893e-11,-2.5827110384146334e-12
41,6,4.5858968922145945e-11,-3.077239172431245e-12
42,6,9.7599020860434973e-11,-7.507638436349464e-11
43,6,-4.6959325082799018e-11,7.7678875095685924e-12
44,6,-1.0901796608770021e-12,-3.7176246926705593e-12
45,6,-9.1272313798183166e-13,-3.6081015885180821e-12
46,6,-1.9523588723128603e-14,7.6951745185310505e-14
47,6,-5.8877034952720627e-11,9.9235086205355127e-11
48,6,-3.6484331453831619e-12,1.4758017522552946e-11
49,6,1.3763841255155894e-15,1.1334220731936101e-14
50,6,5.6185976736995709e-14,-9.7299904881367737e-15
51,6,4.2770998374098904e-15,7.1240276393140787e-15
52,6,-2.6531105699343013e-16,8.8359093037255949e-17
53,6,-2.9027171245064299e-17,8.3238943644847125e-17
59,6,2.8080943435980912e-18,4.7521943622731093e-18
60,6,-5.1094093210756539e-20,4.3990395266823486e-20
61,6,-3.9964899928965765e-21,-1.2113908092486117e-21
63,6,-2.424702586560871e-17,-2.7135659072614948e-16
64,6,4.8898523782801629e-17,5.179992724724559e-16
65,6,-2.4235660085398164e-17,-2.7135977873984019e-16
66,6,1.1133890490431455e-16,2.888168155850834e-16
67,6,-4.6118215368364866e-17,-4.8869643568899889e-16
68,6,-6.5609921713573948e-17,2.2316698221960455e-16
69,6,9.659280049062895e-15,-5.1351737057235128e-15
70,6,4.9252937730017476e-15,-1.6255614744250682e-15
71,6,-3.5539810017650874e-15,2.8284195431475432e-15
72,6,-1.5828927407556934e-20,-3.3015126752241942e-18
73,6,-3.3736377573764e-32,-1.1488658371763866e-32
74,6,-1.8273422303552474e-32,-2.9007228428866615e-32
75,6,4.7620038314646693e-32,2.2069028707110342e-32
76,6,5.0409619454596673e-13,-4.3508140654815646e-13
77,6,2.3340305145092093e-39,-3.5869143822121021e-39
78,6,-1.2240563198865634e-40,-2.8561628726377056e-41
79,6,-7.9297236931153769e-41,5.3224570262410625e-40
80,6,1.6263207261371476e-42,-4.8813673715601293e-42
83,6,1.9387745961885859e-41,1.9637447436831017e-40
84,6,1.5628445169227261e-39,-1.6568133223003816e-39
4,7,-7194.1057080280798,7508.444753028868
5,7,2205.7447241781906,-1275.7208615183774
6,7,1593.0381456924931,-1282.5107164587814
7,7,8304.964901025176,-10206.466112925877
8,7,-2614.8794444653554,2021.7701307019431
9,7,-1780.047215302787,1816.6959739140584
10,7,-1110.8591929970976,2698.0213598970108
11,7,409.13472028716319,-746.04926918356432
12,7,187.00906961028818,-534.18525745527131
4,8,2205.7447241781997,-1275.7208615183872
5,8,-7516.4772473747553,7429.2125625219378
6,8,2205.7447241782033,-1275.7208615183845
7,8,-2614.8794444653599,2021.7701307019483
8,8,8768.2657107507293,-10247.468219416311
9,8,-2614.8794444653604,2021.7701307019433
10,8,409.13472028716353,-746.04926918356432
11,8,-1251.7884633759695,2818.2556568943701
12,8,409.13472028716257,-746.04926918356352
4,9,1593.0381456926857,-1282.5107164588037
5,9,2205.744724178538,-1275.7208615198779
6,9,-7194.1057080278879,7508.4447530285934
7,9,-1780.0472153027877,1816.6959739140564
8,9,-2614.879444465359,2021.7701307019431
9,9,8666.3927807491709,-10577.868055819123
10,9,187.00906961028841,-534.18525745527188
11,9,409.13472028716274,-746.04926918356364
12,9,-1110.8591929970976,2698.0213598970076
15,9,-6.5530050419678621e-15,-1.8648693009954095e-15
16,9,4.6120264109716017e-12,-3.131822653796825e-12
17,9,9.4266745776287477e-25,-4.3080972099744733e-25
18,9,1.7969492407737541e-24,-9.8711257599816677e-25
19,9,2.5394232467117421e-15,1.0754401927091663e-16
20,9,3.0696178069262255e-15,-4.2066281590575384e-17
21,9,2.516325276672669e-11,-1.8924546737233081e-11
22,9,2.8317162952903293e-15,2.7010482101416975e-15
23,9,1.2796051353044034e-12,-1.6371665272722344e-12
24,9,2.6913959655331415e-11,3.0207708004025642e-11
25,9,2.235819887540904e-16,-5.8001263017401346e-15
26,9,7.9893921784516448e-14,-3.1198689262568524e-13
27,9,-5.9799145203637552e-12,-5.6988382324102969e-12
28,9,-1.9924593320355793e-11,-9.2386598343623028e-12
29,9,8.9641681492016458e-11,-2.8862133219308811e-11
30,9,7.3098465568566146e-11,-2.4825752653709503e-11
31,9,-1.1068032860760073e-11,3.6711219060686016e-11
32,9,2.7296753657102215e-11,-2.0124376815845773e-11
34,9,1.4415818318418455e-10,8.7609425074003538e-11
35,9,3.6753147907022796e-11,-3.9289785133906489e-10
36,9,4.7815299579601096e-11,-1.4931417309977685e-10
37,9,7.1363499190036044e-11,-9.981995283649737e-12
38,9,-6.4447556390663256e-11,-1.7148998038862849e-11
39,9,-4.6072325157388869e-12,-7.9424595678948482e-11
40,9,-2.6812130999959082e-11,3.6402518283789963e-11
41,9,5.8734959369703451e-11,-2.5785979359846173e-11
42,9,2.7269184044648619e-11,-1.0472341078072323e-10
43,9,-5.4497876188782618e-11,3.0584850934162855e-11
44,9,-6.714511517869058e-12,9.2715478548423161e-12
45,9,3.5557923361080019e-12,5.8318849796853457e-12
46,9,6.0784776753652069e-13,-1.4541336003813e-12
47,9,-361.42787972405762,371.40194289349427
48,9,-1.1768204501760165e-11,1.7391848091317901e-11
49,9,1.9597950252493872e-11,8.1854815554847588e-12
50,9,-2.7314398365915112e-11,9.9497022047760354e-12
51,9,8.0557324959155351e-12,-2.8135766501802643e-12
52,9,-1.7738633292787056e-13,2.0933894253840264e-13
53,9,-2.5633681445062458e-14,-1.341833883708192e-14
59,9,-2.9288867517173296e-15,-5.58383054123966e-15
60,9,4.3865667530735835e-17,-5.180075097050128e-17
61,9,7.5807356328280283e-18,2.3537496035608921e-18
63,9,-1.1938010057391129e-14,-9.4734611869019978e-14
64,9,2.371204464633812e-14,1.8081010265476731e-13
65,9,-1.1958685177016901e-14,-9.4725747272777643e-14
66,9,4.2665592238663172e-14,9.9741460784026338e-14
67,9,-2.234834296710188e-14,-1.7059759880084325e-13
68,9,-2.0162873343864039e-14,7.899897547074543e-14
69,9,3.3230827401258e-12,-1.9161791436979504e-12
70,9,1.7043051628749088e-12,-6.3188368744081765e-13
71,9,-1.2113890620219746e-12,1.0381307178691085e-12
72,9,1.3820447860013922e-16,3.2618555155875161e-15
73,9,1.3439536033910781e-28,7.4647157417355253e-29
74,9,5.7444325931980901e-29,4.745941091480322e-29
75,9,-2.0610442663686979e-28,-8.7720886931204211e-29
76,9,2.2787769075607467e-13,-2.4684662396579131e-13
77,9,-4.9035934811327247e-36,7.42023462042603e-36
78,9,2.5750835025870253e-37,9.1175668047348792e-38
79,9,1.7563652377929433e-37,-1.2699582865684274e-36
80,9,-3.5928763430144517e-39,1.1219722183951441e-38
83,9,-4.1143832443175516e-38,-3.4092023208264659e-37
84,9,-3.3743114124762169e-36,3.7489547707317732e-36
7,10,-1110.8591929970976,2698.0213598970108
8,10,409.13472028716319,-746.04926918356432
9,10,187.00906961028818,-534.18525745527131
10,10,1465.7949917702867,-3560.0787408145507
11,10,-539.85926185516996,984.42294872045773
12,10,-246.7612091419943,704.86527904869649
13,10,-354.93579877377539,862.05738091755859
14,10,130.72454156797241,-238.37367953692558
15,10,59.752139531694411,-170.68002159338101
7,11,409.13472028716353,-746.04926918356432
8,11,-1251.7884633759695,2818.2556568943701
9,11,409.13472028716257,-746.04926918356352
10,11,-539.85926185523454,984.42294872042794
11,11,1651.7532302381771,-3718.7296584905853
12,11,-539.85926185515234,984.42294872038792
13,11,130.7245415679125,-238.37367953693686
14,11,-399.96476686228976,900.47400159617825
15,11,130.72454156800728,-238.37367953695068
4,12,1.252786224431391e-11,-3.068003573683051e-11
5,12,-2.1356094051992838e-12,-4.4555381797810437e-12
6,12,-2.015946402470862e-12,-4.2693081938386231e-12
7,12,187.00906961028841,-534.18525745527188
8,12,409.13472028716274,-746.04926918356364
9,12,-1110.8591929970967,2698.0213598970108
10,12,-246.76120914200786,704.86527904868092
11,12,-539.85926185516905,984.42294872044693
12,12,1466.2218991154562,-3560.9925451658646
13,12,59.752139531694802,-170.6800215933776
14,12,130.72454156797082,-238.3736795369378
15,12,-354.93579877360213,862.05738091757178
16,12,-3.3927758165820875e-16,2.6615151892677601e-16
17,12,-2.8722050734200965e-25,-4.7897956266400787e-25
18,12,-3.884656923303094e-25,-5.8562454874046606e-25
19,12,-1.069364985031358e-15,-1.2598227470455963e-15
20,12,-1.3747896914169193e-15,-1.4469722759653606e-15
21,12,-9.4281452498783613e-12,-1.0589585337643879e-11
22,12,3.0016352056769409e-15,6.0807418709194796e-15
23,12,-5.3426630207992831e-12,-2.5876290369918859e-12
24,12,-1.1347343425877948e-11,-5.2594348582430712e-12
25,12,1.0759040065599405e-14,1.4198279352552823e-14
26,12,-6.7978025164762443e-13,-3.0623263492881237e-13
27,12,1.4836099716663719e-11,8.9900033086644727e-12
28,12,1.1831109008815125e-11,-1.4896205849161953e-11
29,12,-7.6519344319539919e-13,-1.8914084481455456e-11
30,12,-3.7195245400870168e-11,-5.8794217164135752e-11
31,12,-1.7823912815334629e-11,-2.171223764656329e-11
32,12,2.3543333378784674e-11,-1.4477494408367997e-11
34,12,-6.4459483529095996e-12,-5.2094293774254192e-11
35,12,3.0894754482396334e-11,9.2074626468637114e-11
36,12,1.6566860244522648e-11,2.2816618903888503e-11
37,12,-3.0027465909806051e-11,1.7811591130363101e-11
38,12,2.9156989963948432e-12,-2.7475765749569335e-11
39,12,2.4548720853061766e-11,-5.4600711525452901e-11
40,12,1.7749076275182567e-12,2.0273547092819191e-11
41,12,8.6832440432534806e-12,-1.2681977489650367e-10
42,12,-1.9609125656402674e-11,-9.8435649935694909e-11
43,12,1.3175723061583703e-11,-5.669474297950888e-11
44,12,-2.8802781904489885e-11,1.9093065241433083e-11
45,12,-1.1021853346078939e-11,6.6361150607752777e-12
46,12,-0.42690734476164355,0.91380435136532268
47,12,-2.6409425726712193e-12,-4.8764352384229375e-11
48,12,-1.3397408820913905e-13,-5.823581102196616e-12
49,12,1.4590290459317504e-11,-1.4821418505898879e-11
50,12,4.235439841148404e-11,-1.5067280373610108e-10
51,12,1.0657522577431829e-11,-4.0142685440241415e-12
52,12,1.2946261610133613e-13,-1.0501141600832076e-13
53,12,-3.4139897576361858e-14,3.1467788318342059e-14
59,12,-8.1191544155081701e-23,1.1493895310998389e-22
60,12,-1.3754981760532265e-24,-8.0774433177855365e-26
61,12,4.7236084820037196e-27,3.1910744061741167e-27
63,12,2.0709364004717264e-19,-3.1166216676399143e-19
64,12,-3.925215723548101e-19,5.9719322711551936e-19
65,12,2.0709478465862525e-19,-3.1165854289492097e-19
66,12,-1.2874560707212458e-19,4.0518213317932002e-19
67,12,3.7035918794651392e-19,-5.6339368002845283e-19
68,12,-2.6201545225545623e-19,1.8282702131365638e-19
69,12,1.4764119575542764e-17,2.8002806460058125e-18
70,12,6.675037653840139e-18,2.4882044028699192e-18
71,12,-6.2422621036061636e-18,-2.1019987653510302e-20
72,12,4.4780637013544519e-23,-4.4119035992174783e-23
73,12,2.5660163320598083e-35,-8.1540932910333154e-36
74,12,-5.84968081373731e-36,-1.7624181847330133e-37
75,12,-2.1072665192592779e-35,2.3749382494038533e-35
76,12,-1.4159243546946892e-13,-5.7879888593848668e-14
77,12,3.3022276146699774e-45,4.3001131445907808e-45
78,12,5.7990160845269037e-46,1.9371928797796725e-46
79,12,6.0542060150442284e-46,3.3534452902314091e-46
80,12,-9.4619164426753668e-48,-2.5747083429702512e-47
83,12,1.0000705656950911e-45,6.7836385647126572e-46
84,12,7.7186709023428941e-45,-4.5143084628397758e-45
10,13,-354.93579877378227,862.05738091755984
11,13,130.72454156797647,-238.37367953692882
12,13,59.752139531694837,-170.68002159336126
13,13,2792.6545834060271,-6782.7153651359768
14,13,-1028.5479555315069,1875.5373535786093
15,13,-470.13315339872605,1342.9198921202499
16,13,-2437.7187846325196,5920.6579842184401
17,13,897.82341396349693,-1637.16367404171
18,13,410.38101386702124,-1172.2398705268452
10,14,130.72454156794694,-238.37367953693638
11,14,-399.96476686233473,900.47400159615927
12,14,130.72454156799381,-238.37367953695286
13,14,-1028.5479555315287,1875.5373535786098
14,14,3146.9450059373335,-7084.97947089216
15,14,-1028.5479555314794,1875.5373535786041
16,14,897.82341396349648,-1637.1636740417107
17,14,-2746.9802390750438,6184.5054692959802
18,14,897.82341396349614,-1637.1636740417091
4,15,-4.2329141230253514e-15,3.3835450748373393e-16
5,15,-4.3038672697437726e-18,-5.2960937721136711e-19
6,15,-3.5775910256665771e-18,-6.500093091193646e-19
9,15,6.1025249483444171e-18,7.1651837494463622e-16
10,15,59.752139531694716,-170.68002159338653
11,15,130.72454156798963,-238.37367953692413
12,15,-354.93579877359747,862.05738091756666
13,15,-470.13315339872378,1342.9198921202446
14,15,-1028.5479555314907,1875.5373535786089
15,15,2793.0834331983729,-6783.6692569724646
16,15,410.38101386702249,-1172.2398705268458
17,15,897.82341396349511,-1637.1636740417077
18,15,-2437.7187846325182,5920.6579842184365
19,15,-9.2447705436583988e-29,-3.1010473614116084e-27
20,15,-3.2112374768205687e-28,-3.7334512883760433e-27
21,15,-7.0337044462336363e-24,-1.7648908797745602e-23
22,15,1.4823570898543092e-25,-1.162892638321767e-25
23,15,-4.808887587432688e-15,-4.0958728427183135e-14
24,15,6.4060905245165576e-23,-2.0555354765098047e-22
25,15,1.5859259895803752e-13,3.0305359468500406e-15
26,15,4.5100204230028621e-14,2.8339235889117343e-14
27,15,2.7326503542331722e-12,-5.3911651298916549e-13
28,15,-1.8358523639705363e-19,2.6285498465794098e-19
29,15,8.0425131611889194e-18,2.4846097409182443e-18
30,15,1.2989924897014836e-16,-3.823945938164385e-16
31,15,2.9308270388141572e-18,-4.0830597889617348e-18
32,15,1.8191797357777335e-25,3.4908930115198905e-25
34,15,-7.1490426864543039e-15,5.753967591249189e-16
35,15,-5.3935142117428656e-18,-1.1673202684543858e-18
36,15,-4.5693335338862557e-18,-1.2279733747887631e-18
37,15,8.5190550189752235e-25,-1.8205352383126627e-24
38,15,2.9035518024766185e-25,-1.9813941285841842e-25
39,15,9.7025591068293953e-26,2.9204457465626474e-25
40,15,-1.7686643800132177e-16,-2.3717793642686922e-15
41,15,1.0163025949209706e-16,-1.8389368645185929e-15
42,15,3.9240243257555919e-17,1.2634701825262643e-15
43,15,4.7881575389521161e-18,6.6631013838479289e-18
44,15,1.8770085366185812e-21,4.9925268566571624e-21
45,15,1.4926213591651922e-21,4.4656177504494996e-21
46,15,2.7113878241619446e-21,-2.1609948640702544e-21
47,15,6.4655882561486112e-15,1.2782109615181506e-14
48,15,2.587952861166689e-15,2.8447864239688153e-15
49,15,7.1484585395123606e-15,-1.1972359701789862e-14
50,15,4.5516441131967318e-15,-1.1928017992862878e-14
51,15,2.89694896991932e-18,1.4036174979334058e-18
52,15,6.05967634571955e-27,-1.9533552611967709e-26
53,15,3.0141265770102527e-26,4.8067980277446687e-26
59,15,-0.42884979252811162,0.95389183647659892
60,15,3.3620040700956368e-12,-6.6682628144002985e-12
61,15,2.2392082471380374e-12,-4.8934580742854278e-13
63,15,3.098768099547113e-13,-6.5216422115708047e-14
64,15,8.544612340508096e-13,1.0289147551153718e-13
65,15,-3.8532277119312943e-11,3.928046689437452e-11
66,15,1.5277575977175087e-13,3.3904283943026633e-14
67,15,1.0655243783480623e-11,1.2939755624514e-11
68,15,3.8535564304547689e-11,-1.6997145122077886e-11
69,15,1.3465946882128866e-10,2.9396889597828345e-11
70,15,6.3632117903464635e-12,3.4132620805462239e-11
71,15,-3.9650451044832881e-11,1.0461092416018513e-10
72,15,4.36678250412877e-11,7.3496288109177017e-11
73,15,-1.3049183098972517e-16,5.5875686593021453e-16
74,15,2.6653073984678622e-17,1.3646330446061596e-16
75,15,1.0230683709038736e-16,-6.675845185883815e-16
76,15,6.221575770803932e-19,-1.5658091556600407e-18
77,15,-1.2837980787231359e-29,1.5938299532023023e-29
78,15,-9.7262933103308372e-31,3.6231382691131042e-31
79,15,-1.0342648429452661e-30,8.0332301413880176e-31
80,15,1.2245318211974327e-32,-8.8053593712212372e-33
83,15,3.6330112034567424e-31,9.9169282308441572e-31
84,15,2.2997623073210348e-29,-2.5713991875600671e-29
4,16,-5.4369385761091099e-12,-3.4738627940485496e-11
5,16,1.684357063355096e-15,-3.5868909647214023e-14
6,16,3.1323566577957941e-15,-2.9947040916792704e-14
9,16,-5.7333022514607732e-11,1.9989027603434633e-12
12,16,4.4935275903160243e-16,2.0086763860301944e-16
13,16,-2437.7187846325196,5920.6579842184401
14,16,897.82341396349693,-1637.16367404171
15,16,410.38101386702152,-1172.2398705268467
16,16,2823.044256625697,-6856.5248884202629
17,16,-1039.7406166097685,1895.9469551195266
18,16,-475.24914339170323,1357.5335492929862
19,16,-385.32547199460964,935.86690420137279
20,16,141.91720264626647,-258.78328107807903
21,16,64.868129524467093,-185.29367876602487
22,16,-9.7179296250111905e-12,-3.3859041172972522e-11
23,16,-7.0579788837270365e-11,1.1014679080664815e-10
24,16,-4.0882752971248467e-11,9.5809175243249444e-12
25,16,2.006293964804191e-12,9.8416036029148957e-12
26,16,2.6193406829245296e-12,-2.2049291527171262e-12
27,16,-6.2946519327472859e-12,-5.0116117950198401e-12
28,16,3.4729711473082702e-16,1.2638766282173552e-15
29,16,1.3989926211864996e-13,1.2590104583044234e-13
30,16,1.3491839470576013e-11,-1.4067532147422799e-12
31,16,1.6568547151226998e-13,3.1744277033198529e-14
32,16,1.5922296613390878e-18,3.2317444923110589e-19
34,16,-9.2303401861411439e-12,-5.8671126686558467e-11
35,16,-9.6251099812548986e-15,-4.8231879767624772e-14
36,16,-7.9506105641459791e-15,-4.1415125411748842e-14
37,16,-1.4282591251382677e-14,-2.7334296094203221e-15
38,16,-1.489897757841265e-14,-2.7814356273019384e-15
39,16,-1.4281485984032304e-14,-2.73532517701015e-15
40,16,-4.7354448422513525e-19,5.6929411063214148e-18
41,16,-1.6215216721948846e-18,2.872926204008672e-19
42,16,-1.0373744768157282e-18,1.3334425662889187e-18
43,16,-2.1214165726965326e-14,8.6759539177874971e-14
44,16,-2.198404625380287e-16,-3.2647162634327769e-16
45,16,2.6490275239798621e-16,4.6781702978223802e-16
46,16,1.4189993574758125e-16,4.0119383423114285e-16
47,16,3.7007871768248396e-10,1.3152415263344116e-10
48,16,1.1301782605649076e-10,4.3673324238901092e-11
49,16,-1.6016551073820744e-10,2.4529070702039069e-10
50,16,-2.7729556601613793e-10,1.1477733580719797e-10
51,16,-4.1271349595411916e-14,-7.1253169309892221e-14
52,16,-6.3859217273737514e-16,-1.5943242448408962e-16
53,16,3.5270347538339389e-15,2.2019102120170269e-15
59,16,1.2505400087955054e-12,-8.3868293191657317e-13
60,16,1.0709258421760133e-11,1.2845083188918538e-12
61,16,1.6928896853302415e-12,1.1984274055091292e-12
63,16,-4.8879613648265275e-13,4.0457272082914126e-13
64,16,1.1688067125807404e-12,1.031990538422807e-13
65,16,9.2425524409124447e-11,-9.1305913135786718e-11
66,16,-2.7103125519235472e-14,-9.5359726464424474e-13
67,16,9.1471356449209685e-12,9.7221433056098738e-12
68,16,4.7356798445414394e-12,3.4357163292113995e-11
69,16,-2.0047664502841996e-11,-1.8756457903291322e-12
70,16,2.816382723173487e-11,1.1011147476501242e-11
71,16,-2.0742509361633119e-11,2.3427740335947151e-11
72,16,-3.9092473993220567e-15,2.618534367998534e-15
73,16,2.7657046903146764e-19,-2.0892198838893246e-19
74,16,-6.4760825238497671e-20,-8.1117862669290499e-20
75,16,-2.7526053985347245e-19,4.2995087751827529e-19
76,16,5.6351246630817562e-14,-2.8621069888235465e-15
77,16,-3.5757391405214963e-29,2.1118705994354091e-29
78,16,1.6850589075820404e-29,5.2430337057610043e-30
79,16,2.2142078184502863e-29,-8.7929267597293189e-32
80,16,-2.5565865115157605e-31,-8.1272014649585803e-33
83,16,5.3534143219607506e-30,-1.6939472674969726e-29
84,16,-6.3720142771845687e-29,-3.0023018712924328e-29
4,17,-3.0873479357225361e-25,1.3234930864475916e-25
5,17,-2.8927941858886674e-25,3.3853281635583252e-25
6,17,2.486138118014969e-25,3.2363764496443049e-25
9,17,-9.479670975683049e-26,-1.3171893768626542e-25
12,17,4.2784239677266043e-27,-5.1217264986424659e-27
13,17,897.82341396349648,-1637.1636740417107
14,17,-2746.9802390750438,6184.5054692959802
15,17,897.82341396349614,-1637.1636740417091
16,17,-1039.7406166099627,1895.9469551194584
17,17,3181.1914016356423,-7164.0782319401269
18,17,-1039.7406166097132,1895.946955119397
19,17,141.91720264603975,-258.7832810780497
20,17,-434.20982922814659,977.57276353315297
21,17,141.91720264631221,-258.78328107798791
22,17,4.2818490888413609e-12,9.6420241897390868e-12
23,17,9.4639242400027948e-13,-1.2298193202296104e-11
24,17,-4.4266819813295297e-12,-6.4255756983381638e-14
25,17,3.4888930230472581e-13,4.9689494000204772e-13
26,17,1.4161389723637934e-13,-3.3967230761516302e-13
27,17,-3.8427890651914478e-13,-4.1977989795766057e-13
28,17,-3.654836872480419e-27,1.4025742284608476e-26
29,17,4.4348669948163431e-19,4.5894085981925925e-19
30,17,5.0914925344093373e-19,6.9910998631154888e-18
31,17,-1.2048833905758651e-18,-7.545012788162284e-18
32,17,-5.8693935294831012e-27,3.6879226898591983e-26
34,17,-3.1882253327703561e-25,6.5637704972286559e-26
35,17,-4.9969917481430029e-26,1.0750245447412197e-25
36,17,2.2121433689495224e-26,4.5952263962112866e-26
37,17,2.6216479474059802e-26,1.7526473861658946e-26
38,17,-2.3140634586311217e-26,1.624178988386961e-26
39,17,-5.7591528341598804e-26,1.8957990339387308e-27
40,17,-5.5967574085963413e-26,-1.7769459354399109e-26
41,17,-3.4340743737051905e-26,1.3806630789198298e-25
42,17,3.7131061365685174e-26,2.200120749756489e-25
43,17,-2.1711032256294908e-18,-1.2327730814155322e-18
44,17,-2.354685643088704e-18,-9.6969923794497692e-18
45,17,4.3198663565939627e-18,1.1516008848027379e-17
46,17,5.7578832189902054e-27,-3.7135134299726123e-28
47,17,-1.0331141824745011e-24,-1.0545035699761921e-24
48,17,1.5629338147108058e-26,8.7830709096476012e-26
49,17,-3.0654037433576303e-27,-1.0330340999250277e-26
50,17,-2.6481516866969022e-25,-3.8276828189479111e-25
51,17,-1.7535234198229958e-26,-4.2140370301610632e-27
52,17,-1.2663067534870425e-28,-4.9232414406516109e-29
53,17,-3.8729123146097588e-29,-3.5449944021780344e-29
55,17,-0.0013333327407410048,1.9999991111115067
59,17,3.4658669869621221e-37,5.9692230439727881e-37
60,17,-8.9493775665142645e-39,5.619166830114536e-39
61,17,-5.6948531873694511e-41,2.7774500598411969e-41
63,17,-7.7883741543251237e-35,4.9129745405304985e-35
64,17,1.4827054860210873e-34,-9.4574287512181832e-35
65,17,-7.7883068310351183e-35,4.9129012020290572e-35
66,17,6.97077389429233e-35,-7.801815724139183e-35
67,17,-1.3989419719203989e-34,8.9215706478729467e-35
68,17,7.7243585624162228e-35,-1.4670327252945864e-35
69,17,-3.0335127862180549e-33,-2.115833558591531e-33
70,17,-1.2483473178624053e-33,-1.2308460181698281e-33
71,17,1.3997229948081285e-33,6.3308262175346172e-34
72,17,5.0037761332462587e-38,-2.4120863263895381e-37
73,17,-3.762958023681876e-50,2.2185559603841471e-50
74,17,1.0979917658478281e-50,9.505325704356024e-51
75,17,3.6507060887794389e-50,-5.7184816325435054e-50
76,17,5.9570333907266322e-28,1.5008215249671682e-28
77,17,-2.932276189872256e-59,-5.4389004495854917e-59
78,17,-2.8591089234688926e-60,-2.3860324014949576e-61
79,17,4.8262698817764298e-60,2.9012643714264872e-60
80,17,-3.6232192956788622e-62,-5.8620731245433935e-62
83,17,6.4424515324457184e-62,2.5556893320555368e-60
84,17,-8.4420586044292566e-60,-2.5683955645780462e-59
4,18,-7.0181221858488651e-25,1.9080647618351344e-25
5,18,-1.293257530762172e-26,1.0359770064170492e-24
6,18,7.1434491799444722e-25,7.4454027395453005e-25
9,18,-6.8210910220768433e-25,-2.5930560190259682e-25
12,18,4.334361625412404e-27,-9.4335443201279064e-27
13,18,410.38101386702238,-1172.2398705268456
14,18,897.82341396349511,-1637.1636740417077
15,18,-2437.7187846325182,5920.6579842184365
16,18,-475.24914339157658,1357.5335492928957
17,18,-1039.7406166099952,1895.946955119603
18,18,2823.0442566272022,-6856.5248884195362
19,18,64.868129524499921,-185.29367876606875
20,18,141.91720264606317,-258.78328107794442
21,18,-385.32547199461459,935.86690420144839
22,18,-1.8018817619409148e-12,-2.0087034451620222e-12
23,18,-3.1409905407643652e-14,-1.6255580510091547e-11
24,18,2.4684837077591655e-12,8.5528855463034609e-13
25,18,2.1379046644477583e-13,3.86557246118515e-13
26,18,9.0737652142434245e-14,7.8503200379737036e-15
27,18,-3.9632929824809193e-13,-3.3830064928255391e-13
28,18,3.8841201361714282e-27,4.625602453900271e-26
29,18,3.5052776045324339e-19,3.9968797208862241e-19
30,18,1.4234476549411321e-19,5.8372509029706816e-18
31,18,-6.9887154466955753e-19,-6.326101146932361e-18
32,18,2.726926094457383e-26,8.1500068174516205e-26
34,18,-8.0387500384482483e-25,-5.078288764101699e-25
35,18,2.1399898258580001e-26,3.3520393975707287e-25
36,18,1.3162375544448789e-25,6.3728087189567175e-26
37,18,7.1753134349260094e-26,1.2225999466512971e-26
38,18,-3.5985950414918527e-26,9.309063643049504e-26
39,18,-1.6607871160815548e-25,8.3562223597779612e-26
40,18,-4.0133141184791691e-26,1.3883628526426669e-25
41,18,-1.836146391363519e-25,2.1548194641190675e-25
42,18,1.2376124659204908e-25,2.6421125967648255e-25
43,18,-1.7568444997250342e-18,-1.1130843478809518e-18
44,18,-1.5689406617351804e-18,-8.1628296517100512e-18
45,18,3.1308072901679324e-18,9.7553888468044468e-18
46,18,8.4924773276406778e-27,-2.9054323444259195e-27
47,18,-3.4233716570708255e-25,1.7371699040715775e-24
48,18,8.565834153745939e-26,2.1961685047871453e-26
49,18,-2.1745861692680688e-26,-2.0568744968882806e-26
50,18,-7.8885420421240733e-25,-2.0446134887066288e-25
51,18,-4.1388618861201939e-26,8.5530837391583542e-27
52,18,-3.3578196613440668e-28,8.8918164857365273e-29
53,18,-1.5174027701396943e-28,1.8973935369383465e-30
59,18,4.4867995060872121e-37,4.6726287827181759e-37
60,18,-3.4929764888507686e-39,8.6091968498153844e-39
61,18,-1.363346775020171e-40,1.6771222926307903e-40
63,18,4.3825549731309919e-35,-2.7209394037869421e-35
64,18,-8.3438627608063059e-35,5.2383651863622047e-35
65,18,4.3827369017679718e-35,-2.7210456839805706e-35
66,18,-3.9361098056578541e-35,4.342495783727439e-35
67,18,7.8719986602353667e-35,-4.9413301590330104e-35
68,18,-4.3329064981479632e-35,7.9081562746259453e-36
69,18,1.6898763482454136e-33,1.1968316067415284e-33
70,18,6.9437707253672801e-34,6.9449492594660962e-34
71,18,-7.8121445356760477e-34,-3.6080777406247444e-34
72,18,-2.251015633434355e-37,-5.0500209131374777e-37
73,18,-5.2878665227968959e-50,1.1167175010948829e-49
74,18,3.9008181208253908e-50,6.6379359897072063e-51
75,18,-4.8881264602692593e-51,-1.9401607502656831e-49
76,18,2.2006087621319243e-28,-5.1856925563062017e-28
77,18,-1.7280747380084671e-58,-1.1267895546598146e-58
78,18,-8.8811910500302222e-60,4.0504994605113684e-60
79,18,2.1087277529942558e-59,-3.1414402491822739e-60
80,18,-2.17583935274882e-61,-8.2385418050827134e-62
83,18,4.8348803021922928e-60,7.2114387670645543e-60
84,18,-7.2405948412752034e-59,-6.4900548705041267e-59
4,19,1.9000805525591697e-14,-6.9217671125937259e-15
5,19,7.1196979216392574e-15,-1.5167955395477636e-14
6,19,-1.4125025860680779e-15,-1.4533520721754174e-14
9,19,5.7373433970284505e-15,7.5225247242885529e-15
12,19,-1.8450238457430781e-16,1.4484829106132951e-16
15,19,-2.0607721063048541e-26,-8.109676494372656e-27
16,19,-385.32547199462942,935.86690420144396
17,19,141.91720264623879,-258.78328107815202
18,19,64.868129524291632,-185.29367876589532
19,19,740.62051752809566,-1798.7968128323855
20,19,-272.77405650331167,497.39822952105737
21,19,-124.68074693031528,356.14645341774644
22,19,-355.29504553350381,862.92990863094292
23,19,130.85685385703263,-238.61494844325136
24,19,59.812617405721412,-170.85277465160331
25,19,-4.5861087522724782e-12,-1.1095840048448977e-12
26,19,3.8950790856127566e-12,7.9608449220360889e-12
27,19,-6.5587578912595821e-12,-1.5022154686318661e-12
28,19,3.1082238531339645e-16,-7.3117726142612886e-16
29,19,5.0247279062520233e-13,9.5549967761033294e-14
30,19,2.5014668505437716e-13,-4.8346331247556853e-14
31,19,2.0256011055548896e-13,2.348469001037176e-13
32,19,1.2357741291447444e-15,-9.2792091154195952e-16
34,19,1.5440491960991631e-14,-2.823113225428645e-15
35,19,3.0922711417025348e-15,-5.8027586501129506e-15
36,19,-1.2441327349853882e-15,-2.8867352430127183e-15
37,19,-1.4529041105145162e-15,-1.1188195211458611e-15
38,19,1.3873045140676016e-15,-1.0363873603847813e-15
39,19,3.4830572490400651e-15,1.2194610470484197e-16
40,19,1.9511012265199179e-15,-3.5605392141535406e-15
41,19,4.7742454285078971e-15,8.8383891317146783e-16
42,19,-1.8344869339413322e-15,-2.8248672759389509e-15
43,19,8.102137675478096e-13,-7.2197878640736772e-14
44,19,7.1902918664936586e-13,5.527145199792374e-13
45,19,-1.0155402551812943e-13,-2.7592892204609204e-13
46,19,-2.0067712604864746e-16,-2.9281483649332014e-17
47,19,6.311927395105707e-15,-5.8656275150134614e-15
48,19,-1.9294820881627204e-15,-1.6976144286622854e-15
49,19,1.5194440127319718e-16,5.9734258070636567e-16
50,19,1.3488318345766562e-14,7.3069529209053918e-15
51,19,8.9358700940388733e-16,3.507706085055192e-16
52,19,6.7583750436595654e-18,2.9307498809303106e-18
53,19,2.4670620426911614e-18,2.0216095179862321e-18
59,19,-7.7051398186281277e-27,-1.8991785722371785e-26
60,19,2.3763364500548678e-28,-9.7874653634147302e-29
61,19,4.2954956635979863e-30,-1.1664610378381283e-30
63,19,-2.7701039600120425e-25,2.4922665336614135e-26
64,19,5.2881661910137428e-25,-5.022170604316818e-26
65,19,-2.7706118504463284e-25,2.4917891689312453e-26
66,19,2.9477861789750507e-25,-1.1384970519661628e-25
67,19,-4.9881890897089395e-25,4.7343123243722689e-26
68,19,2.278696896690728e-25,6.6855715349183461e-26
69,19,-5.2337243860690533e-24,-9.8434225507079129e-24
70,19,-1.6629029718893777e-24,-5.0273998581496649e-24
71,19,2.881190099272978e-24,3.6344502485437145e-24
72,19,-2.9366200614938956e-27,1.2666590655272606e-26
73,19,2.1755872655016681e-39,-1.1288622174288751e-39
74,19,-5.6260509542723532e-40,-5.9940602581282667e-40
75,19,-2.263602822485271e-39,3.1815639454329121e-39
76,19,-1.6237302102433014e-17,1.4503628624599433e-17
77,19,1.6212678996248732e-48,4.0677453698922315e-48
78,19,2.0040771397735798e-49,2.6487255587897608e-50
79,19,-4.0293289575234151e-49,-2.0955370194332882e-49
80,19,2.9096359988953403e-51,4.0672150528133448e-51
83,19,3.8015917025008919e-51,-1.7974659473826832e-49
84,19,5.0698520483165618e-49,2.0378563068550671e-48
4,20,2.2445891097908512e-14,-9.631637103683131e-15
5,20,7.5604624402364754e-15,-1.877295350682873e-14
6,20,-2.6860211795755526e-15,-1.7431155653949044e-14
9,20,7.4274781182801248e-15,8.6837543109641095e-15
12,20,-2.1270630687339187e-16,1.8715111548294796e-16
15,20,-2.5399980665254903e-26,-8.3867565002470957e-27
16,20,141.91720264614875,-258.78328107801684
17,20,-434.20982922821014,977.57276353306736
18,20,141.91720264620486,-258.78328107798626
19,20,-272.77405650349647,497.39822952125189
20,20,834.57941872885476,-1878.9581760619903
21,20,-272.77405650320446,497.39822952126758
22,20,130.85685385691485,-238.6149484432386
23,20,-400.36958950082919,901.38541252908828
24,20,130.85685385705369,-238.61494844326103
25,20,-2.9715673535424887e-12,1.2080297582643591e-11
26,20,7.5085874535508397e-13,1.8812729369476841e-11
27,20,-9.3749353513580421e-14,2.2189553625628894e-12
28,20,3.2539643357718486e-16,-9.0277302750090987e-16
29,20,-2.1168773317578974e-13,3.4135779000420472e-14
30,20,-1.7424991288727677e-13,-3.215222766055255e-14
31,20,-2.2407637546948378e-13,-2.9533832639806759e-13
32,20,1.4274685976394775e-15,-1.2025619437230825e-15
34,20,1.8429584217961804e-14,-4.4481388735611737e-15
35,20,3.3368338462023951e-15,-7.2068580536672701e-15
36,20,-1.6954807692007935e-15,-3.3971109907692036e-15
37,20,-1.8277466240055663e-15,-1.2509917276226252e-15
38,20,1.6029647387472292e-15,-1.3436082496888771e-15
39,20,4.2086038935789892e-15,-8.8424467083740558e-17
40,20,2.1122065518175078e-15,-4.4257135982425607e-15
41,20,5.8171981578893532e-15,7.4309692382967411e-16
42,20,-2.4032252216908893e-15,-3.2826320824842992e-15
43,20,-9.4213589504296338e-13,2.8891841042556364e-13
44,20,-2.9229797221855821e-13,-4.1317469105663917e-13
45,20,-6.9251614590309823e-14,-1.3751014931123582e-13
46,20,-2.439838066950114e-16,-2.1745224109459915e-17
47,20,7.2154798983829924e-15,-7.5003994181798662e-15
48,20,-2.4415870764719632e-15,-1.9167874683295028e-15
49,20,2.2361972849637562e-16,7.10085378415267e-16
50,20,1.6760166215222379e-14,7.8999021821529182e-15
51,20,1.1013284111683541e-15,3.6259325625609055e-16
52,20,8.3483398605882386e-18,3.0774227207679194e-18
53,20,3.1118063704046195e-18,2.271173702978271e-18
59,20,-1.0575802320601637e-26,-2.2382183100516036e-26
60,20,2.799566392524239e-28,-1.3409544025474392e-28
61,20,5.1012608332692799e-30,-1.6970612917590567e-30
63,20,-3.3237421996743994e-25,4.8782279151217398e-26
64,20,6.3432816892062658e-25,-9.6314549900992555e-26
65,20,-3.3243579188129849e-25,4.8779956306722357e-26
66,20,3.4778990514313819e-25,-1.5722452658802834e-25
67,20,-5.9834720674999255e-25,9.0815182973935717e-26
68,20,2.7931782990108141e-25,6.5219423098731646e-26
69,20,-6.9770317637859615e-24,-1.1516799184196758e-23
70,20,-2.3452391853082369e-24,-5.9503453472410347e-24
71,20,3.7202568948911191e-24,4.188165035063068e-24
72,20,-2.6851372593857898e-27,1.5473719297108361e-26
73,20,2.5473029492996242e-39,-1.5084175309150156e-39
74,20,-7.1899119616685436e-40,-6.8480960833269455e-40
75,20,-2.5146695822569827e-39,3.9897992691600853e-39
76,20,-1.8606022686121257e-17,1.858530997214461e-17
77,20,2.2301394280825658e-48,4.7958532150982794e-48
78,20,2.43470872209492e-49,1.8392905529322072e-50
79,20,-5.0007991148867466e-49,-2.2546988924367897e-49
80,20,3.7838111039258367e-51,4.708117567370302e-51
83,20,-7.5664890118807324e-51,-2.1702167640777161e-49
84,20,7.4916054292718474e-49,2.4232603121992099e-48
4,21,9.7113069367845469e-11,-8.5964332233928034e-11
5,21,2.6981496747215296e-11,-1.3242668822983816e-10
6,21,-3.3448774739506649e-11,-1.1477942059904078e-10
9,21,5.7258310709973984e-11,2.6050006385115651e-11
12,21,-1.0464514360974277e-12,9.6502419562787696e-13
15,21,-1.3601935884388296e-22,-3.6191089594750859e-24
16,21,64.868129524496183,-185.29367876608367
17,21,141.91720264617217,-258.78328107782806
18,21,-385.32547199459771,935.86690420147886
19,21,-124.68074693033299,356.14645341774826
20,21,-272.77405650341183,497.39822952138331
21,21,740.62185086088357,-1800.7968119435986
22,21,59.81261740570077,-170.85277465156454
23,21,130.85685385709272,-238.61494844311139
24,21,-355.29504553336517,862.92990863104012
25,21,-7.6005203765239468e-12,1.6814513251097159e-11
26,21,1.9581211821926196e-11,9.2892621841149091e-11
27,21,2.1373151180281077e-11,-9.3098539189055015e-12
28,21,1.2682085427592647e-12,-5.7741527953498325e-12
29,21,3.1099573750177529e-11,-2.7133638772381384e-11
30,21,-1.0190295204488098e-11,-1.6300338149205982e-11
31,21,-1.8742142851741689e-11,3.062861752403895e-11
32,21,3.8423240059242963e-13,-1.1691674661472521e-11
34,21,7.7854591345646765e-11,-5.8841161959599361e-11
35,21,1.1177185158802582e-11,-4.2379598236025752e-11
36,21,-1.3330308925035828e-11,-1.3525736211720642e-11
37,21,-8.8577786044586144e-12,-4.7501162231732191e-12
38,21,7.7905975195595553e-12,-9.7517594959048644e-12
39,21,2.3790320263713296e-11,-3.9281121088695325e-12
40,21,9.3950995619743372e-12,-2.4731395426081146e-11
41,21,3.1516657285140292e-11,-1.4490029608589392e-12
42,21,-9.7326314109433316e-12,-1.7890339002535778e-11
43,21,-7.0825009864462021e-12,-1.1998583488518086e-11
44,21,-8.1409889828274278e-12,-5.3392959231113453e-11
45,21,4.0024107190149268e-11,-7.193927853952734e-12
46,21,-1.2280783248822465e-12,-8.0586574275290733e-14
47,21,1.287668151703931e-11,-5.6618552234273303e-11
48,21,-1.5996594574515556e-11,-7.0135847765301056e-12
49,21,1.9988120188485094e-12,3.383361433988646e-12
50,21,9.3439473715080788e-11,1.7590452845516444e-11
51,21,5.8764155084081241e-12,7.0368303392857331e-13
52,21,4.5395581674501899e-14,4.3048913397451003e-15
53,21,1.8264264523551516e-14,6.3311168056072131e-15
54,21,-0.0013333327407410048,1.9999991111115067
59,21,-8.4325287443171602e-23,-9.3522493363184499e-23
60,21,1.164803537429353e-24,-1.0688344240439997e-24
61,21,2.292938434545634e-26,-1.455265471604213e-26
63,21,-1.5296246299325736e-21,6.8853603941921661e-22
64,21,2.9148638216637339e-21,-1.329495904866509e-21
65,21,-1.5298959401948039e-21,6.8858376641290039e-22
66,21,1.4554555623042372e-21,-1.2304202270570856e-21
67,21,-2.7495688860090426e-21,1.2538943976466736e-21
68,21,1.4306131808362064e-21,-6.8509755708281395e-23
69,21,-4.924514052139464e-20,-4.5776594602973098e-20
70,21,-1.9395781541918677e-20,-2.5372518184067006e-20
71,21,2.3591352562875194e-20,1.5031922549701055e-20
72,21,9.7909290046574743e-24,7.9272820886301191e-23
73,21,1.1491170066258232e-35,-1.0974467053713325e-35
74,21,-4.464504285387295e-36,-2.7411335745624771e-36
75,21,-8.3517700552466267e-36,2.3679473397052665e-35
76,21,-3.7720392375216585e-14,3.1998277836821796e-14
77,21,1.6456762576656315e-44,2.0709205569430149e-44
78,21,1.2123844439523668e-45,-1.231221370207383e-46
79,21,-2.5556047173861914e-45,-4.6952045768900022e-46
80,21,2.274696173324975e-47,1.8420732755331554e-47
83,21,-2.9633207420270254e-46,-1.0415029556496343e-45
84,21,6.148901408181787e-45,1.0665990357483154e-44
4,22,6.1826323304013575e-14,-1.7076160924171549e-14
5,22,-1.2357832812452559e-12,-3.5012099126378719e-13
6,22,2.2133881051080029e-12,5.7634153691025428e-13
9,22,2.8450550598709502e-14,2.5406664156423504e-14
12,22,-1.1201633794384121e-15,3.4436503692783538e-15
15,22,-2.3287759194907365e-25,-2.1874036153093291e-26
16,22,4.3280726271811461e-12,1.8408262563444161e-12
17,22,-1.4681705370007922e-12,-3.0111527812017767e-12
18,22,-2.0820844689760343e-12,-2.9656644526737287e-12
19,22,-355.29504553345242,862.92990863101761
20,22,130.85685385697548,-238.61494844330312
21,22,59.812617405712714,-170.85277465171535
22,22,464.44663290497874,-1128.0339974766966
23,22,-171.05790224338341,311.92078459465563
24,22,-78.187886683610827,223.34112706341352
25,22,-109.15158737173336,265.10408884547962
26,22,40.201048386490939,-73.305836150991581
27,22,18.375269277661889,-52.488352411555326
28,22,-8.1685276808958682e-15,2.6484787034719325e-15
29,22,-1.3199590685331472e-10,-4.4022824796939996e-10
30,22,6.9950459296074697e-11,-5.3688484467018653e-11
31,22,-4.7227145582991391e-11,-3.2802745788929849e-11
32,22,-6.2952462065834168e-16,-1.0256676706579773e-14
34,22,3.2288628410854342e-14,-7.7257478797916265e-15
35,22,-1.3150161227047345e-14,-2.0870967057283008e-14
36,22,2.1337203820786692e-15,-2.1051365740523866e-14
37,22,-1.5974072262296963e-14,-2.0374027664295303e-14
38,22,-1.7800633232436793e-14,-1.2215512202143861e-14
39,22,-2.2439273675702787e-15,-2.1404825939314033e-14
40,22,-1.9421821317276039e-14,6.435828895363235e-16
41,22,-6.3103166046889566e-14,-6.9928374798178048e-14
42,22,-8.3607348612715025e-14,-4.0415223393147356e-14
43,22,-5.3956178777246702e-11,-1.1771334924340053e-09
44,22,3.7829735169383036e-11,-2.1712147717041947e-11
45,22,-6.4511722811472896e-11,-8.423829224325692e-11
46,22,-2.8248063348493328e-15,1.3500825148485647e-15
47,22,5.2669737509529198e-14,-3.220604189291494e-15
48,22,1.5401405912232417e-15,-3.1055965084005376e-15
49,22,-1.4079963803149896e-16,2.0532993221749587e-15
50,22,1.4688936031169678e-14,3.3435787636953017e-14
51,22,2.2459410882676383e-15,1.8464533568107687e-15
52,22,3.3043576606235157e-17,1.0340110497578026e-17
53,22,7.6681461894752645e-19,8.2649408809727098e-18
59,22,-1.3385912236144182e-25,-1.7011826023351937e-25
60,22,2.0060353982447692e-27,-1.360546513368455e-27
61,22,1.070656335853287e-29,-9.7264735268595498e-31
63,22,1.34707442255108e-22,-1.1591988027332231e-22
64,22,-2.5615301711911779e-22,2.2267317791338896e-22
65,22,1.3470802536159405e-22,-1.1591893286087673e-22
66,22,-1.1088946068960649e-22,1.6874092350015975e-22
67,22,2.4168087666928734e-22,-2.1006371389804795e-22
68,22,-1.4327973533231297e-22,4.9958520893841876e-23
69,22,6.3915224569690451e-21,3.1761578222283637e-21
70,22,2.7327173678149773e-21,1.9947225662211802e-21
71,22,-2.8516841296646599e-21,-8.1094034295596101e-22
72,22,-2.9532885904081339e-27,1.2555013886745106e-25
73,22,6.1381181347827361e-39,-3.3273260585569942e-39
74,22,-1.4817260674837686e-39,-1.7071872784355637e-39
75,22,-6.3967614164363412e-39,9.0546174763163132e-39
76,22,-1.4182458296976205e-16,2.016243062007712e-17
77,22,3.0849116222114411e-48,8.4773981120189705e-48
78,22,4.9641932231389446e-49,1.9941871757501881e-49
79,22,-6.9163804357086592e-49,-6.4486104149008541e-49
80,22,4.2023451772870295e-51,1.0785299732651936e-50
83,22,9.3694669750508639e-50,-2.673149888336914e-49
84,22,4.6136643330825827e-49,4.5374526946889876e-48
4,23,1.7737770176497444e-11,-4.7048047462197803e-11
5,23,4.7793040544004572e-11,-6.587483922916117e-11
6,23,4.8945021166141227e-11,-1.0536821757841012e-10
9,23,2.5635599117937719e-11,-1.9839983019220872e-11
12,23,-1.3226884514029032e-13,-1.9366186969389421e-12
15,23,-1.0641102034864969e-11,3.7964050770785909e-12
16,23,-1.5463291874034369e-11,1.7998536155142653e-10
17,23,-9.8800937292030314e-12,-2.3801836067146517e-12
18,23,-1.2099480634891407e-11,-1.2553489864348591e-12
19,23,130.85685385701319,-238.61494844299958
20,23,-400.36958950099461,901.38541252851178
21,23,130.85685385721391,-238.61494844327393
22,23,-171.05790224374232,311.92078459454751
23,23,523.36870468293705,-1178.3035678708879
24,23,-171.05790224316399,311.92078459403979
25,23,40.201048386265938,-73.305836151365099
26,23,-122.99911518242372,276.9181553417389
27,23,40.201048386496502,-73.30583615105688
28,23,4.9235932703883153e-12,-3.315176638036831e-12
29,23,1.1439709438804373e-10,5.8068785883408256e-11
30,23,3.1795353101907613e-11,2.456785165961647e-11
31,23,-1.6859350803418024e-11,-3.1053666612997045e-11
32,23,3.6547243399704715e-12,4.0748640888241003e-12
34,23,2.585707205083804e-11,-6.5833623620772772e-11
35,23,2.3741289483376527e-11,-1.8233754567779771e-11
36,23,2.93272620058631e-13,4.8095366593367097e-12
37,23,9.6223950551339153e-12,9.6360524919239781e-12
38,23,1.3775504754045562e-11,4.2219722926802914e-12
39,23,7.8403080813973161e-12,1.2425494479048348e-11
40,23,3.3431796987437916e-11,-2.8171577795598406e-13
41,23,-1.6886573021376087e-11,-1.3005335632690111e-12
42,23,9.2147632496607344e-12,-1.1804417472719669e-11
43,23,-1.6164880067406639e-10,-8.267508728068763e-11
44,23,1.5117535584504681e-10,3.1939858046671957e-11
45,23,-1.1101736497221564e-10,-1.9832207754600478e-10
46,23,1.1344413284184274e-12,-1.2367656666115096e-12
47,23,2.2376911546671245e-11,-3.2415247526722072e-11
48,23,-1.0927216659206944e-11,1.2307697212181594e-11
49,23,-1.0443160168959371e-11,6.4208901709709601e-11
50,23,3.6696570847487312e-11,2.739955963684999e-11
51,23,-3.7318539435395965e-13,-6.2793327925032379e-13
52,23,-3.7372088921810712e-14,-2.6196480791045868e-13
53,23,-3.1308195454354919e-14,2.4471069450213601e-13
59,23,-9.3326848995299229e-12,-4.7145748000285685e-12
60,23,5.3121991848144351e-14,-1.207586929651652e-13
61,23,-4.280769769517996e-17,1.1030371182764891e-17
63,23,-3.2080352092490003e-16,9.1505395654816342e-16
64,23,1.9865525825396319e-14,-3.5894837341414522e-17
65,23,-1.4054760163272741e-15,5.4961617004686696e-16
66,23,-1.3518145342406493e-15,-1.6378297440603376e-15
67,23,1.5085140437479172e-14,-3.6629767030209405e-14
68,23,4.4024500587374117e-16,-7.2621217987861947e-16
69,23,1.0229615702888063e-11,2.8429264025446986e-12
70,23,-1.7028564825684445e-13,-1.1069329068312365e-13
71,23,2.797877906758187e-13,7.0722626816478554e-12
72,23,3.3765185292570981e-12,5.6278645453937753e-12
73,23,6.1264031300813253e-27,-6.0102309079652487e-27
74,23,8.4911472355247447e-27,2.9091806752585062e-27
75,23,-3.3605946217691213e-27,7.628004434427321e-28
76,23,6.7156934406863555e-14,2.684420498438753e-15
77,23,-2.8670441684598829e-35,-9.0558445753916907e-35
78,23,1.2334121721855607e-36,-1.2288767598965775e-36
79,23,4.131036404295819e-36,-1.0341513794287083e-35
80,23,-1.6828950342052438e-38,2.2071323803951453e-39
83,23,4.5495194412229448e-36,6.4303781225353039e-36
84,23,3.2724272009163083e-36,-1.0751697554846191e-35
4,24,2.1798151506135437e-10,-1.4788663321923322e-10
5,24,-1.0681196625509987e-10,9.8766273573570849e-11
6,24,-1.5044042970347953e-10,2.3935714974140422e-10
9,24,5.7821793751707873e-11,6.9895424718359013e-11
12,24,-1.6244565982524262e-12,4.05554989954544e-12
15,24,-4.9171798812145974e-22,3.0285450583543973e-23
16,24,-3.0167304459255657e-11,-4.6267963981515874e-11
17,24,-1.2429505178270774e-11,2.8678565486772733e-11
18,24,-1.3957495409804718e-11,3.5368270976710038e-11
19,24,59.812617405564033,-170.85277465155534
20,24,130.85685385715982,-238.61494844340541
21,24,-355.2950455334086,862.92990863103398
22,24,-78.187886683244244,223.3411270634698
23,24,-171.05790224315797,311.92078459435413
24,24,464.44663290559288,-1128.0339974763992
25,24,18.37526927792856,-52.48835241149142
26,24,40.201048386356106,-73.305836151242602
27,24,-109.15158737140611,265.10408884558029
28,24,-2.559045015734214e-12,-5.8248977301237634e-12
29,24,4.2319611729958388e-10,4.3885537916603017e-10
30,24,1.7714816252999511e-10,1.2031008228679655e-10
31,24,-3.5063380175373986e-11,-4.2892877725263457e-11
32,24,8.8539862762381312e-12,-1.3348052805352383e-11
34,24,1.9271319122768939e-10,-1.0975205582669286e-10
35,24,-1.5380267041405099e-11,-3.1118890579755516e-13
36,24,-2.8184603769132988e-11,-2.6117565817702602e-11
37,24,-2.9417163731218166e-11,-1.5841514943827191e-11
38,24,2.1021941757318128e-12,-2.2102275661513996e-11
39,24,3.3742754579337628e-11,-1.9155625670967763e-11
40,24,-2.3330923170188944e-12,-3.7218476034060533e-11
41,24,1.6896548085256467e-11,-1.7017581337198024e-11
42,24,-6.5163483335160581e-11,-3.0629287528323318e-11
43,24,-1.1252980365637801e-10,5.6632918133037755e-10
44,24,-4.4030959209286647e-11,-1.6355368470229798e-10
45,24,5.5040186843974808e-10,-4.1245462837400906e-10
46,24,-3.5086234305852334e-12,1.3987433916619503e-12
47,24,5.056178862668777e-11,-1.2757005158669469e-10
48,24,-2.810673832157419e-11,-1.6306298859382449e-11
49,24,3.7102292806438784e-12,7.2914159681130531e-12
50,24,1.8410548253880869e-10,4.2562930292925875e-11
51,24,1.217555038425154e-11,1.4259576203099725e-12
52,24,1.1504792234920664e-13,7.6476935559663376e-15
53,24,3.7183776598766557e-14,2.0119979348862973e-14
59,24,-3.3392385004034621e-22,-3.1042901919457055e-22
60,24,3.8427778374562299e-24,-3.8604449383039636e-24
61,24,5.2612204400512631e-26,-3.0675890908332738e-26
63,24,9.9367250571443906e-20,-1.4917807075869507e-19
64,24,-1.8834166704544494e-19,2.8585116470401015e-19
65,24,9.9367604005245097e-20,-1.4917703672827801e-19
66,24,-6.1888029905868167e-20,1.9401705986926681e-19
67,24,1.7770958648262381e-19,-2.6967350952264528e-19
68,24,-1.2560615130273607e-19,8.7435375866635365e-20
69,24,7.0710176408667627e-18,1.3496091424615745e-18
70,24,3.196066067011962e-18,1.195452489047891e-18
71,24,-2.990254148837017e-18,-1.3192273174105959e-20
72,24,4.6945272699565357e-23,2.7439635461070592e-22
73,24,2.3745836313981697e-35,-2.1900266409978456e-35
74,24,-8.9650790952994362e-36,-5.3261327973481648e-36
75,24,-1.7279070227286713e-35,4.8039740278565334e-35
76,24,-1.0346546090836846e-13,-6.8890508698293402e-15
77,24,3.4893721317046323e-44,4.514795500471286e-44
78,24,2.5433638500443636e-45,-4.1607399921633048e-46
79,24,-5.7586144928752044e-45,-1.2112493591146196e-45
80,24,5.0641914906901897e-47,4.0653986585926251e-47
83,24,-6.8185834472392519e-46,-2.2442465258471405e-45
84,24,1.3841637921243248e-44,2.3586107315853317e-44
4,25,1.1866292911781274e-14,-1.9340120301928837e-14
5,25,-1.1446111782391773e-12,-3.3160858291929756e-13
6,25,2.0929621730128965e-12,5.1806725088986697e-13
9,25,3.1693065288126762e-14,1.8916454154495348e-14
12,25,-1.6965159617925025e-15,5.9914274817744725e-15
15,25,3.0650054664435683e-14,-1.1135575577249853e-13
16,25,4.6133947727287233e-13,2.2036228712466853e-13
17,25,-1.2866874315158413e-13,2.7656718315732685e-14
18,25,1.6463851634987486e-13,-5.9157736926781283e-14
19,25,1.1399961126321047e-12,2.6167872754926731e-12
20,25,-6.618138662898344e-12,1.774576534539734e-12
21,25,-7.8118191021394655e-12,4.4873461261642107e-12
22,25,-109.15158737187853,265.10408884539515
23,25,40.201048386472898,-73.305836151117745
24,25,18.375269277580671,-52.4883524117839
25,25,598.05340490231674,-1452.534102393698
26,25,-220.26591135403407,401.65063985859172
27,25,-100.68009657132728,287.5893849408003
28,25,-1.6676447255062981e-14,7.0637950094654949e-15
29,25,-3.2889175773704511e-10,-2.1677361271941429e-10
30,25,1.0825588614261474e-10,-1.2209682187111669e-10
31,25,-2.8390902217813282e-11,-4.4469631476376045e-11
32,25,-5.8936120870088772e-15,-1.650751106729744e-14
34,25,-4.0986814876905308e-14,-2.8841852155066793e-14
35,25,-3.4186814195307953e-14,-3.0178755376551363e-14
36,25,8.5650410451844821e-15,-3.0670362854711683e-14
37,25,-2.398311846500777e-14,-3.5424519974216974e-14
38,25,-3.8627104371908334e-14,-2.0271890793667727e-14
39,25,-1.4615419995975847e-14,-4.2088190835957597e-14
40,25,-5.8268350381801567e-14,1.286546218323138e-15
41,25,-7.9628860862890037e-14,-9.6962126895394141e-14
42,25,-1.2228862795297621e-13,-4.181122831641895e-14
43,25,-4.3463765143629293e-10,-5.6172496747689245e-10
44,25,4.4571301326696607e-11,-3.6482060233201661e-10
45,25,-3.4502482798554724e-11,-4.1791056330936902e-10
46,25,-4.7643460236769281e-15,2.5070600853671246e-15
47,25,4.1462554330836679e-14,4.4411783074248116e-14
48,25,9.3616400785697056e-15,5.2284109808709521e-15
49,25,-8.9136786224485371e-16,1.8346780387460674e-15
50,25,-2.1323296293079302e-14,1.840982199385107e-14
51,25,1.0716582202056449e-15,2.020135650323781e-15
52,25,-2.0376054846148398e-17,6.9919358047133136e-18
53,25,7.9414911198882872e-18,-4.3998445458739812e-18
59,25,9.4223300954700281e-14,-5.0468117413985497e-14
60,25,3.3347204621285329e-13,-9.8375444936806498e-14
61,25,-1.9663145757014635e-13,4.5448309388408628e-13
63,25,-488.90181753075541,1187.4300135479866
64,25,180.06486296760912,-328.34480370752965
65,25,82.30482729366517,-235.10103252905878
66,25,5.1172673150278356e-13,9.3548121377547763e-14
67,25,2.6757413707715844e-13,-2.3389278736722804e-13
68,25,1.198208194791658e-13,-1.6004812874463252e-16
69,25,3.3274019415257333e-13,1.136731518054684e-12
70,25,4.257539238967134e-13,2.9189734591621591e-13
71,25,6.7320505181802392e-13,-3.4038826642192426e-12
72,25,-8.1614822529119486e-14,-4.3060555286705529e-15
73,25,-5.0986805274370352e-17,1.5889752021917325e-16
74,25,3.2788374085272564e-16,-1.3926478928121609e-16
75,25,-1.0840040543847028e-17,4.5121723814329855e-17
76,25,-2.0652490295252775e-16,-4.2874013340513027e-17
77,25,8.9799343383538778e-24,-1.2257158719345951e-23
78,25,-6.4134013044552684e-24,1.1186859932798361e-24
79,25,-7.3330585021451754e-24,3.7575573634791933e-24
80,25,8.5674561938724418e-26,-4.0106359563547409e-26
83,25,1.0738049586813992e-24,6.5951945317761667e-24
84,25,2.6122017726079885e-23,-6.1767631983319074e-25
4,26,5.1261368149192771e-12,-2.027133694290001e-13
5,26,5.1416289501664026e-12,-8.7761638765486476e-12
6,26,8.2499245531742546e-12,-1.3116229819481274e-11
9,26,1.3932984013997366e-12,1.9386767655487575e-13
12,26,1.6352755450261266e-14,-2.4760245011804396e-13
15,26,1.2131575341352945e-13,-1.1424394475222737e-14
16,26,1.1865970406399142e-11,2.3643796230714776e-11
17,26,1.648950745184561e-13,-2.1793502027280354e-13
18,26,6.4974073852431853e-14,-7.3449327843797829e-15
19,26,2.0417498228190912e-11,9.5037745180434276e-11
20,26,-5.1271163333008013e-11,-1.2644875524469274e-10
21,26,4.7398126159998557e-11,1.3708323410164423e-11
22,26,40.201048386178677,-73.305836150904284
23,26,-122.99911518254979,276.91815534134309
24,26,40.201048386460002,-73.305836151269261
25,26,-220.26591135420472,401.65063985890015
26,26,673.92551410563419,-1517.2646561475221
27,26,-220.26591135428941,401.6506398586389
28,26,6.3000063614164979e-13,-4.1164007876144116e-13
29,26,-1.0308339475567283e-10,3.4653315242565531e-11
30,26,2.9036387352537429e-11,1.6589088380865889e-11
31,26,-4.012005347421368e-11,-2.2968223297482674e-11
32,26,4.6207079433164461e-13,5.0839601464806391e-13
34,26,8.0662828760626749e-12,1.416141649123295e-12
35,26,3.0249013769342562e-12,-2.3676405487032228e-12
36,26,4.4441904771152034e-14,5.9249610263906706e-13
37,26,1.2084448454361065e-12,1.2062209684982992e-12
38,26,1.7288468833639791e-12,5.2726100722244077e-13
39,26,9.8667905198753896e-13,1.5569839870469059e-12
40,26,4.243652050679127e-12,-2.0649571229220879e-14
41,26,-2.2687028970225843e-12,-2.7230942281950702e-13
42,26,1.0546382909490401e-12,-1.5571386687376929e-12
43,26,-5.1754232733021397e-10,6.4454942590813731e-11
44,26,2.8418335390048847e-10,-2.6795971704649878e-11
45,26,-2.9957095437046406e-10,-1.5632210650748745e-10
46,26,1.6486132510264688e-13,-1.3728513052115132e-13
47,26,1.4699539188762691e-12,-5.3330289565318209e-12
48,26,-6.4836105138645576e-13,-6.9514838627985579e-13
49,26,2.0201675384965128e-14,-4.5950413967272803e-14
50,26,1.7987639526450881e-12,1.0752467236397893e-12
51,26,-4.3766672602342474e-14,-8.0891824310163873e-14
52,26,-2.6039503796954354e-15,1.0193462670708112e-16
53,26,5.8412965389075256e-16,-6.0587797978898174e-16
59,26,8.5035561161448179e-14,7.4067643898903046e-14
60,26,2.9640495238582417e-14,1.4871490979373568e-13
61,26,3.3041072345758151e-14,1.9672300942983781e-13
63,26,180.06486296760949,-328.34480370752959
64,26,-550.9263989231282,1240.3465008058783
65,26,180.06486296760801,-328.34480370752976
66,26,-1.5955069079427118e-13,7.2534625709527961e-15
67,26,1.1309378817775702e-13,-7.2393998442734079e-14
68,26,-1.6833237802759243e-14,2.0070349910402041e-13
69,26,-1.7117041087592266e-12,1.7370555927871453e-13
70,26,3.923489050140688e-14,1.1291760646290421e-12
71,26,-7.2763430301933544e-14,1.5014020835790593e-12
72,26,-1.7790770734046125e-14,-8.2018512802464973e-15
73,26,-5.0745518262547431e-17,1.9506803155350427e-16
74,26,3.8599448668205366e-16,-1.9011060672684821e-16
75,26,-1.0022190134971809e-17,5.5147001384651263e-17
76,26,1.0339479465374586e-14,4.4788266198225174e-15
77,26,1.0000687543190434e-23,-1.5388481354777819e-23
78,26,-7.6585687503924328e-24,1.7826235246204289e-24
79,26,-8.5892319972538303e-24,5.0271203922763624e-24
80,26,1.0060736234178501e-25,-5.4157651713844897e-26
83,26,1.7407889842743231e-24,7.8808349294093923e-24
84,26,3.1459895292678758e-23,-2.5107575310269775e-24
4,27,-1.2848041328014274e-11,-1.2637221386233533e-11
5,27,1.8515725620635586e-12,1.0562408202180811e-11
6,27,-2.4170108549040874e-12,-8.4465283857225394e-12
9,27,2.4013815757123612e-11,4.0519881082030941e-12
12,27,1.2813360516814799e-13,5.815999050806151e-12
15,27,1.27312171239149e-12,-4.3132796331043826e-12
16,27,4.5503820494429171e-12,-7.9220834931072406e-13
17,27,-2.5038997425822654e-13,6.4813450693141092e-14
18,27,8.6299411813736019e-14,7.4909535437242598e-14
19,27,-1.2368530874183982e-11,6.817276206427691e-12
20,27,2.52966040040969e-11,-1.8288980198591646e-11
21,27,-1.8603119822323828e-11,1.1457339893722828e-11
22,27,18.375269277722122,-52.488352411680935
23,27,40.201048386336041,-73.305836151302231
24,27,-109.15158737124675,265.10408884563452
25,27,-100.68009657106509,287.58938494079234
26,27,-220.26591135420256,401.65063985842221
27,27,598.05473823522834,-1454.5341015046956
28,27,-1.211739317651749e-11,1.1688525362665011e-11
29,27,1.8313659615151986e-11,1.9842636451172764e-10
30,27,9.0627690795930142e-11,4.5308914197337457e-11
31,27,-6.8665914827404595e-12,-3.3608304401308488e-11
32,27,-1.1994033414317894e-11,-1.0655924527003083e-11
34,27,-6.4209753575303816e-11,-1.3028491844273921e-11
35,27,-4.1871958317422843e-11,-5.727412266164021e-12
36,27,-2.1491653740428001e-12,-2.7216444636026214e-11
37,27,-3.0176680397717087e-11,-2.4903995886036521e-11
38,27,-4.0288186885442727e-11,-4.8940017559306436e-12
39,27,-2.5225585984302763e-11,-3.3405408866445037e-11
40,27,-5.4235783985178488e-11,2.6242236563159718e-11
41,27,-5.9508513523771589e-11,-5.5046885793591624e-11
42,27,-9.9927990859780344e-11,5.5636476934031218e-12
43,27,-2.3656253821662595e-10,9.4367521575653021e-11
44,27,-1.4466539791919663e-10,9.2184997791698889e-11
45,27,-2.6075804968347395e-11,-2.3315298846219136e-10
46,27,-3.5672567101342485e-12,3.5456391523169597e-12
47,27,3.7498471939940364e-11,3.7387066622671256e-11
48,27,1.0111555109642847e-11,2.8263982644592261e-12
49,27,-6.4357422226430143e-13,2.4200262607683733e-12
50,27,-2.4457358170554944e-11,1.7876108714157161e-11
51,27,1.0083186263129785e-12,8.7830552491624631e-13
52,27,-1.9115783012330256e-13,6.2915215481957847e-14
53,27,3.865424696674513e-14,-5.685291587849492e-14
59,27,3.7044634358123263e-12,-1.8972290929075146e-12
60,27,-5.0121823692714658e-11,6.6139941734099593e-13
61,27,1.3122696670865368e-11,1.2347303004856116e-11
62,27,-0.0013333327407410048,1.9999991111115067
63,27,82.304827293663635,-235.10103252906069
64,27,180.06486296762156,-328.34480370751845
65,27,-488.90181753073267,1187.430013548
66,27,3.4889513764360251e-14,2.1149487161379071e-13
67,27,3.1973691503750956e-11,1.6042246094056068e-12
68,27,2.4556157150558089e-11,1.7749236666971381e-11
69,27,1.4496089554231663e-11,2.927005954587024e-12
70,27,1.4726207709341769e-11,-7.8604914101609986e-11
71,27,-1.8552302373764836e-10,1.7223022023434971e-10
72,27,1.2493679471110086e-14,-4.6043642818312615e-15
73,27,2.3643196266018964e-14,1.2264796834470942e-12
74,27,1.9488672780754244e-12,-1.7490780800380939e-12
75,27,3.2019471023044305e-14,3.3961889357854505e-13
76,27,-2.1354861868678194e-13,-2.8104881169148139e-14
77,27,3.327643322626101e-20,-1.0662299506238762e-19
78,27,-4.194123715530373e-20,2.304710992952087e-20
79,27,-4.2055593926761292e-20,4.3589258329875644e-20
80,27,5.0038197630567593e-22,-4.8287810544288007e-22
83,27,2.3167720002324207e-20,4.3312418434331964e-20
84,27,1.8020426616698688e-19,-6.6478162376759989e-20
4,28,7.5093908730847908e-12,7.7334331004528651e-12
5,28,6.5749708576104533e-12,-6.1301045174140394e-12
6,28,6.336131772945267e-12,-5.8256615830423368e-12
9,28,-1.3446989165189035e-12,2.0480252946402532e-12
12,28,1.0899415744470578e-11,-9.2254835040597818e-12
15,28,1.6081142991545443e-20,-8.030547312273669e-21
16,28,-8.5756332870554376e-17,3.8708697651358229e-16
17,28,4.5213115839026223e-25,-5.0717018032128538e-25
18,28,5.3961802137602616e-25,-6.631257849477667e-25
19,28,1.1655455143804748e-15,-1.6129274987928829e-15
20,28,1.2965204340043092e-15,-2.0239079469870311e-15
21,28,8.8523390169655988e-12,-1.4770314183172605e-11
22,28,2.501037837451994e-15,-2.2153447210405921e-15
23,28,-7.6426516842825226e-13,-5.5535868392696267e-13
24,28,7.5482209573095346e-12,-2.0387265952082247e-11
25,28,1.7829003800652634e-15,7.4534718271621759e-16
26,28,-8.5799774748493732e-14,-5.957651194236824e-14
27,28,1.7451178041132338e-12,-9.9151873282177309e-13
28,28,0.36141099673825111,-0.57206762330317718
29,28,1.728488843799454e-11,2.3655228500773505e-12
30,28,6.9800789024225138e-11,3.4760161017021077e-11
31,28,2.9991155608615952e-11,6.0742897817518507e-12
32,28,4.4871118857525867e-12,5.3847261811694551e-12
34,28,-5.4829996715204169e-11,3.0049968269859348e-11
35,28,-1.3048374755628924e-11,2.1249695076009322e-11
36,28,-4.3943030684370875e-11,1.8194121633093291e-11
37,28,4.0180749852760155e-11,-1.3792342298361405e-11
38,28,-1.9143535996623197e-11,-3.8674027108706253e-11
39,28,7.670907899055819e-11,-3.7410322940213462e-11
40,28,-2.9873952275202165e-11,-3.5233897774647882e-11
41,28,9.8164781014048061e-11,2.8610152920846677e-11
42,28,-8.0472923571211441e-11,-4.3022511499796393e-11
43,28,-0.36141099677936905,0.5720676233185823
44,28,6.2598167417354951e-12,-3.7392915496837444e-12
45,28,-1.3861900306311132e-11,1.0299097853804445e-12
46,28,1.2273809614311871e-11,1.3314076992349003e-12
47,28,7.2532136515244361e-12,2.7286179493887874e-11
48,28,6.3747614690817459e-12,7.371930912197511e-12
49,28,5.2257624376254337e-12,7.4560306956610084e-12
50,28,-4.423437554331755e-11,-7.3068193181641489e-12
51,28,-2.6981025590167657e-12,-7.633880251180136e-13
52,28,-5.2407939347731546e-14,1.3354359911360093e-14
53,28,-8.3483944086661379e-15,5.6742792676302442e-15
59,28,1.5641712696087232e-20,5.6621448759347305e-21
60,28,4.373315597047886e-23,1.4526301278167904e-22
61,28,-9.8387455826607222e-26,-4.2725043173829327e-25
63,28,-4.9313468502413254e-17,-1.2101454720345973e-17
64,28,9.4294391721969426e-17,2.2639058956948854e-17
65,28,-4.9313339136328454e-17,-1.2101795606529704e-17
66,28,5.7648357975883667e-17,-2.202457404552906e-18
67,28,-8.8960030716777879e-17,-2.136456518184757e-17
68,28,3.5392594561741947e-17,2.5039235407509608e-17
69,28,-3.2165620969757822e-16,-2.0136205239313006e-15
70,28,1.0597099362654625e-17,-9.6660099536926617e-16
71,28,2.8445998151028647e-16,7.9786379493914778e-16
72,28,-6.03871778184879e-21,-3.0811422772472476e-21
73,28,5.1983240074532588e-36,-1.1717635376200153e-36
74,28,1.717857522060358e-36,-3.986100643820304e-36
75,28,-4.6856512279634003e-36,1.3788324071722523e-36
76,28,-5.0364007229079764e-14,-4.4824740513799348e-14
77,28,3.3606982765086392e-44,4.1018350361716187e-44
78,28,3.0886926868258415e-46,-1.0873616402394436e-45
79,28,-5.8837552182225419e-45,-2.4126770661935378e-45
80,28,4.6881867480836054e-47,5.7993320736671026e-47
83,28,-3.0749447512215388e-45,-1.5768018522842684e-45
84,28,8.0031484085539905e-45,2.855742146814537e-44
4,29,-2.3981702922323714e-10,-3.1124028170881172e-11
5,29,-2.849234702496099e-10,3.7385609198462895e-10
6,29,2.6391719651658217e-11,-2.5225793828032303e-10
9,29,4.9264906476218627e-11,-1.3611646860293096e-10
12,29,-1.5057105562711005e-11,3.534314586981041e-11
15,29,1.2820142946661678e-18,-1.7186078193558462e-18
16,29,-2.8260556971607699e-14,5.2851866873897948e-14
17,29,-6.2193610599935278e-23,-4.9420676604075314e-22
18,29,-2.6866684409948804e-23,-4.1204159760046282e-22
19,29,-1.2209650635166901e-13,-5.1993893952879798e-13
20,29,9.8643839828757343e-14,2.5615829474510985e-13
21,29,4.8172081461214107e-12,-6.2750274337211867e-11
22,29,-5.6560478077662738e-12,1.2351802168322142e-11
23,29,-3.4200244961887148e-12,-7.1747284604913415e-11
24,29,-6.7533798911850064e-11,2.9884922562546906e-11
25,29,5.4515300230551077e-13,3.4829590555476345e-11
26,29,-1.2676079698554682e-11,-5.8529539239866612e-11
27,29,-7.865321840561669e-11,1.5975130689516607e-11
28,29,2.5854372723292037e-11,-6.8287816422077777e-12
29,29,333.31213466226927,-190.52154751062085
30,29,-83.350904297648981,2.7385409264914635
31,29,-70.705991248428631,11.586877967895276
32,29,-1.3132170627134326e-11,6.4616184511506777e-12
34,29,3.6571079314803672e-11,6.4665060428077211e-11
35,29,-8.6109054882191377e-12,3.5923358682583034e-11
36,29,-1.1858068920194376e-10,-5.539932215645963e-11
37,29,-7.247055897113052e-11,-3.0927049311156091e-11
38,29,2.5339676253077663e-11,2.5691847036524228e-11
39,29,-5.83906966411173e-11,-3.3049236237083525e-11
40,29,3.0531161761847783e-11,-4.2718857815155625e-11
41,29,-1.1691063915363011e-10,-2.4097980406367e-10
42,29,1.8172218538326314e-12,1.3032944539967593e-10
43,29,-333.31213466031903,190.52154751098115
44,29,83.35090429770392,-2.738540927211381
45,29,70.705991248178137,-11.586877967783987
46,29,-3.1113274495793589e-11,1.1625659544969212e-11
47,29,-7.1268471861797054e-11,5.6647287505283274e-11
48,29,-1.619253017710855e-11,-3.1369892612769885e-11
49,29,3.6355914495639982e-12,1.3585495655082717e-11
50,29,-2.2264644626613446e-12,1.1418704015722486e-11
51,29,4.3650448746357507e-12,-9.5685640452091804e-13
52,29,-4.1568985731540851e-14,1.3368414232201236e-13
53,29,-1.1802669850410189e-14,4.3819468970001378e-14
59,29,1.9701544923437228e-18,-2.3640112005333732e-19
60,29,3.6993350977208791e-21,2.3079492556225255e-20
61,29,-1.3473241278040892e-22,1.6803453450492249e-22
63,29,-1.902936516185049e-16,7.4119079121147743e-16
64,29,3.5632089245846063e-16,-1.4173418267167386e-15
65,29,-1.9029853274777924e-16,7.411883167329674e-16
66,29,-2.3920806508131847e-17,-8.6909449292450643e-16
67,29,-3.3625941682169659e-16,1.3371683124507835e-15
68,29,3.8302315506404356e-16,-5.2932812442438941e-16
69,29,-3.0398153205343643e-14,4.5238568306813572e-15
70,29,-1.4564594513853321e-14,-3.1512879772614086e-16
71,29,1.2069057185888848e-14,-4.1594712205916665e-15
72,29,-1.046687319540967e-18,-5.4066490003460526e-19
73,29,6.8245067495327228e-34,5.361044812565923e-34
74,29,-1.7921925929157151e-33,-2.4569926188015789e-34
75,29,-2.7082709126562739e-34,1.8755480463075822e-34
76,29,1.7137395312634345e-12,-3.6508420865842844e-13
77,29,-1.1651693643214151e-40,-1.6189702639879329e-40
78,29,-2.8483588922937061e-42,4.9742787135668831e-42
79,29,1.8615368220658166e-41,1.0957204466740119e-41
80,29,-1.6549187991410441e-43,-1.4458907700360211e-43
83,29,1.046560863451356e-41,3.2792873078415777e-42
84,29,-3.9727128074231472e-41,-9.3207744140989545e-41
4,30,1.9218232619141297e-10,-1.4973987973934469e-10
5,30,4.6171118958626827e-10,6.2807306305415955e-10
6,30,-3.8531767394826622e-10,5.9344777856020869e-10
9,30,6.3895871650786449e-11,3.5906739128331947e-11
12,30,-2.5301633457471186e-11,5.6068386665686463e-11
15,30,3.6220892715924664e-17,2.9121512358156324e-17
16,30,-7.354382418866196e-13,3.9985494957494172e-12
17,30,-3.5760395840933761e-22,-1.5708657376861468e-22
18,30,-2.8944495227001459e-22,-1.4787118785314022e-22
19,30,-2.2705534507825775e-16,5.4745240057690161e-14
20,30,-2.4983758875184526e-13,-1.4323869867473209e-13
21,30,-1.1818142997519537e-10,-4.6485954769722892e-11
22,30,1.9785693483198491e-11,-3.1488472597106622e-11
23,30,-1.5280894786945611e-10,6.7610881493869914e-11
24,30,-2.5722576482191743e-10,-2.0975195670968161e-10
25,30,9.4244670087620221e-12,-3.1401829321197787e-12
26,30,-7.3341054432789973e-11,3.9620440123959823e-11
27,30,7.5197021771877374e-11,6.1659501594376031e-11
28,30,2.760074693174994e-11,-3.4093405393489452e-11
29,30,-83.350904296965041,2.7385409284345315
30,30,337.61825260183605,-184.5997989655184
31,30,-83.350904297785291,2.7385409276802584
32,30,7.3149141728701726e-11,8.2965194789878505e-11
34,30,6.747758210870254e-11,2.9405293372567225e-10
35,30,3.2889226717339552e-11,2.6702848678221298e-10
36,30,-2.5172766753521424e-10,2.7453625299289291e-10
37,30,-2.4625274860194113e-11,-3.8866901024611569e-11
38,30,-4.8434971708550138e-11,4.5062633418777206e-11
39,30,-6.8093267991025175e-11,-5.6291999856097823e-11
40,30,-7.0065383600517564e-11,-2.6769015807322971e-10
41,30,-1.764698123122024e-11,-7.2041748024712085e-10
42,30,-9.6853059070741438e-11,3.6794257668198737e-10
43,30,83.350904297825366,-2.7385409269139749
44,30,-337.21557107499098,183.87305241215736
45,30,83.350904297222627,-2.7385409269659045
46,30,-5.0201239936788328e-11,1.7556464244851914e-11
47,30,1.4980986512834272e-10,1.2833934194806181e-10
48,30,7.1192555707788646e-13,1.6189697086918753e-11
49,30,2.9655089819165553e-12,7.5406891550083437e-13
50,30,9.6718456966408271e-11,-1.099790528396611e-10
51,30,4.6149353025518122e-13,-5.5506797792299216e-13
52,30,-5.2977531857827728e-14,-3.5650409009029227e-14
53,30,1.0171569886010205e-13,1.5261386573378976e-14
59,30,3.5726323251996594e-18,4.2863151266943686e-17
60,30,-5.1121867955296666e-19,-1.5972946295040536e-19
61,30,-1.882739381697097e-21,-2.9744394948153358e-21
63,30,-7.6188053101601352e-14,6.7872220330295742e-14
64,30,1.4485347201702732e-13,-1.3035156231630634e-13
65,30,-7.6188465719040385e-14,6.78716305083983e-14
66,30,6.1994656141730881e-14,-9.7960014569353912e-14
67,30,-1.3666948251292884e-13,1.229701209560887e-13
68,30,8.1758963170539738e-14,-3.0090879570426078e-14
69,30,-3.7003277308863491e-12,-1.7602924708147278e-12
70,30,-1.5883986024321069e-12,-1.1181669352747009e-12
71,30,1.6450138321580659e-12,4.374962965362509e-13
72,30,2.1413700691018797e-17,-1.863303081299233e-17
73,30,-1.1689200077505088e-32,1.3676569816920135e-33
74,30,1.4980476390197658e-32,-2.1305079006537057e-32
75,30,1.2865091152478173e-33,-5.0826212330700777e-35
76,30,-0.40268152838253346,0.72674655323834125
77,30,2.8454123937385763e-39,-2.7197815769599411e-40
78,30,-4.012968252982671e-41,-7.2068176472716745e-41
79,30,-2.7559677624663157e-40,1.5538795068265461e-40
80,30,3.0236518866886895e-42,-1.0274662750565454e-42
83,30,-1.1380224523987644e-40,1.0411521624108345e-40
84,30,1.4533923474893005e-39,1.7614276158143699e-40
4,31,4.725060641348824e-10,-1.4353375490419537e-10
5,31,7.3967695224028875e-10,-7.6549924976021498e-10
6,31,-3.8217307496926609e-10,-8.9077200547599488e-11
9,31,6.6175886652712454e-11,-4.7666547334926896e-11
12,31,-6.7693968184255212e-12,2.2520914244254274e-11
15,31,3.2729875815725357e-19,4.7706205154650617e-19
16,31,-2.3226500078060644e-14,4.4981909071038728e-14
17,31,-1.1777589081686198e-22,-9.6445467512704115e-23
18,31,-8.9806180776055124e-23,-8.5087453318375691e-23
19,31,-1.7029690050749663e-13,4.4787113798994279e-13
20,31,2.1983164394653499e-13,-2.2873050303478134e-13
21,31,1.2972690829989032e-10,3.0897524681069752e-11
22,31,-4.6600549664881365e-11,2.7683698066181623e-11
23,31,-4.8302971028207331e-11,5.4832455451803454e-11
24,31,-9.9940158547184531e-11,2.5471673781046825e-10
25,31,-3.6373023209138581e-11,-2.4348005184211333e-11
26,31,-5.1663532857737475e-11,5.1440219313953593e-11
27,31,-1.188284635653723e-10,1.8187217558616948e-10
28,31,8.2705578345194843e-12,-1.4019714570457426e-11
29,31,-70.705991249032536,11.586877967708759
30,31,-83.350904297418765,2.7385409253312289
31,31,333.31213465923429,-190.52154751085664
32,31,8.4665251655407429e-12,5.0640834266023672e-11
34,31,5.2124701799921499e-11,-7.0864128388418741e-11
35,31,1.6741633026111173e-10,-4.6490884840984608e-11
36,31,-7.559116876306266e-12,-2.1873726962954371e-11
37,31,-7.2236465961527716e-11,-2.5109986543277304e-11
38,31,4.1634179117528333e-11,3.0594403124165597e-11
39,31,-6.0816816187177531e-11,-2.1539605906719352e-11
40,31,3.3652523507518872e-12,-8.9587166793050588e-11
41,31,-1.7717191749594206e-10,-2.9251948734072036e-10
42,31,-2.7336464257281272e-11,1.4304716411380028e-10
43,31,70.705991248055867,-11.586877967891979
44,31,83.350904297337962,-2.7385409273507957
45,31,-333.31213466003368,190.52154751089282
46,31,-1.8142318743062508e-11,9.1778244620335395e-12
47,31,2.6584778858752965e-11,-1.6979016932292343e-11
48,31,-3.8935909024630686e-11,-1.6073559607996871e-11
49,31,5.8995002918632033e-13,1.0952064265157349e-13
50,31,1.9575730769794423e-12,-6.6440496635124349e-13
51,31,-5.5202918447786927e-14,-3.8641166006949055e-14
52,31,-7.647663003211558e-16,-1.1892697859781571e-15
53,31,2.1019833702838551e-15,1.4016398617838694e-15
59,31,-1.1116764855874795e-19,5.2375278784469136e-19
60,31,-5.5158282921332091e-21,-3.7360250957938714e-21
61,31,-1.1788042766080237e-23,-4.2174373210114572e-23
63,31,-1.1527341077112569e-15,5.3376616687665463e-16
64,31,2.1963725937007573e-15,-1.0304225721027113e-15
65,31,-1.1527368953551164e-15,5.3375764971730671e-16
66,31,1.0921970716330638e-15,-9.4348991412636464e-16
67,31,-2.0722204774059614e-15,9.7200533321540952e-16
68,31,1.082767910277413e-15,-6.3488817900413409e-17
69,31,-3.7737711029039403e-14,-3.4327975090172225e-14
70,31,-1.4890897243205892e-14,-1.9055402155811209e-14
71,31,1.8021876141393165e-14,1.1149371188901579e-14
72,31,3.2193465354467999e-19,-1.4512964969328347e-19
73,31,-1.443078944324832e-34,-2.523968468150547e-35
74,31,2.5480862394356817e-34,-2.0018071013509105e-34
75,31,1.5442378903259442e-35,3.3920808708725557e-36
76,31,-3.6875543205802432e-12,-3.7092438704443665e-12
77,31,3.4853590942021049e-41,6.9306499547640897e-42
78,31,-2.2024073972862703e-43,-1.0015405022479735e-42
79,31,-3.8371649426453201e-42,8.6511393022934383e-43
80,31,3.9676830817323363e-44,-1.4269342795105811e-45
83,31,-1.7270891135143678e-42,8.3309887058108605e-43
84,31,1.667682625992299e-41,7.2921061568386849e-42
4,32,3.9276712166707326e-11,2.5155461297311525e-11
5,32,1.0459168232464248e-10,3.7656014645155585e-11
6,32,-7.9248366965935447e-12,-2.7784284797299764e-11
9,32,-2.7872130129295934e-11,9.8753867615825724e-12
12,32,-5.5555951962594779e-12,-7.3685825300949765e-12
15,32,-9.3307620044248043e-25,5.8997183241380894e-24
16,32,4.9039989291375678e-18,-2.2563591109406204e-19
17,32,3.3608459221123649e-25,7.7383808989721602e-25
18,32,4.7239180535910239e-25,9.361440771737775e-25
19,32,-4.808285127476716e-16,2.500587385702862e-15
20,32,-4.1074009350710029e-16,3.0479931294306774e-15
21,32,1.2095460215270018e-11,1.7549083712372364e-11
22,32,-2.7038947417661769e-15,1.8590679535523144e-15
23,32,1.6277453013318308e-12,1.4857712970097136e-12
24,32,-7.6668958443287181e-12,3.3552186383269321e-11
25,32,-1.7473234894792393e-15,-5.1499277167051418e-15
26,32,2.0741390906322032e-13,1.8557815715559871e-13
27,32,-2.8586189992703682e-12,-3.79054574623181e-12
28,32,4.4836826223132843e-12,-3.0146054523628628e-12
29,32,8.5215711861589235e-11,7.272913126806128e-12
30,32,-6.2508843880861374e-11,1.4266387889308192e-11
31,32,-2.4431794844128149e-11,-6.9817212320608346e-11
32,32,0.67235578501712467,-2.6373451901297997
33,32,-0.67102245225820112,0.6373460790427744
34,32,-2.2935588100055954e-11,5.4203624339878835e-12
35,32,-2.0779328061390849e-11,6.8881941006882824e-12
36,32,-8.3800244566745113e-12,1.8106770035021052e-11
37,32,1.7793408817256061e-11,-1.7867866762911995e-11
38,32,-8.1558665055030638e-13,-2.5765546186578031e-11
39,32,1.0448527569753727e-11,9.7000992892875525e-12
40,32,-4.6278404394086774e-11,1.1426078867400551e-11
41,32,2.5239709981553939e-11,4.6228696517305826e-11
42,32,-2.8547015666558177e-11,7.7722681222304151e-11
43,32,3.0076627847172688e-12,-3.1536335397385288e-11
44,32,-5.9634046368355737e-12,-6.5084624896867757e-12
45,32,-1.3100062273769643e-12,9.8118932611520025e-12
46,32,1.3060555812381318e-12,-7.8709124517327005e-12
47,32,-1.035524135276542e-11,-3.6283877433278024e-11
48,32,-0.0013333327471187714,1.999999111103413
49,32,-6.6000627848615617e-12,8.5663429212561051e-12
50,32,-1.3941215336228118e-11,1.4506353203060656e-11
51,32,9.6143694271147903e-13,-9.7718094503897319e-13
52,32,6.928043871416535e-18,1.0814566134614222e-17
53,32,1.9447917266246657e-19,-6.4586978868324818e-19
59,32,-4.5514465504551411e-24,3.1370829517917379e-24
60,32,-4.1525617886105468e-26,-5.6513154447956362e-26
61,32,-2.1987112598016265e-28,-1.1651843205240169e-27
63,32,-1.6565014704712882e-23,-1.4412650902355223e-24
64,32,3.1655281302530246e-23,2.5860054567066579e-24
65,32,-1.6534813577595041e-23,-1.4258157370617728e-24
66,32,1.8543351207907631e-23,-3.6053103220207863e-24
67,32,-2.987260153625537e-23,-2.4656859245434334e-24
68,32,1.2711034617923251e-23,6.3267863720574895e-24
69,32,-2.0102512164613016e-22,-6.3944720687735627e-22
70,32,-4.5144824937993414e-23,-3.1322407497030651e-22
71,32,1.3430261521221581e-22,2.4623683079326258e-22
72,32,3.517052548429804e-24,-3.1305106334763902e-26
73,32,-2.8241503607607328e-38,-2.8636592352256392e-37
74,32,-2.4652590149671246e-38,4.1909972589653489e-38
75,32,1.7838490356848755e-37,2.517104072822166e-37
76,32,7.7455792864300045e-14,4.4452982986820433e-14
77,32,9.9436837380491115e-46,-2.2849762348262715e-48
78,32,-1.3468061592604086e-47,-2.1740299779136272e-47
79,32,-5.500876985600337e-47,8.7327912992802965e-47
80,32,8.7553697513631072e-49,-6.0393571748555515e-49
83,32,-5.4492092138384613e-47,2.2689603030410337e-47
84,32,4.5431927683378072e-46,8.7005536715742718e-48
32,33,-0.67102245225820112,0.6373460790427744
33,33,0.67102245225820112,-0.6373460790427744
4,34,-154.23227289349001,285.95779048650354
5,34,52.870263192650491,-69.743547955152749
6,34,30.140366180535263,-55.899988679372008
9,34,2.4635588948871766e-10,8.268697410393669e-11
12,34,1.3901281386744505e-11,-2.5569088431453952e-11
15,34,1.1758096317512935e-14,-3.9299967791759223e-16
16,34,-4.9900346626629317e-12,-6.3073634579476089e-12
17,34,-8.7536987642129991e-26,4.737605428357812e-26
18,34,-7.2374178032126573e-25,3.1515040889294915e-25
19,34,-1.5123093276371581e-15,-5.296909348197628e-16
20,34,-1.859542371296979e-15,-5.364526508186046e-16
21,34,-2.2838795705565819e-11,7.1636165656593172e-12
22,34,9.3349791654983221e-15,3.2103348377736028e-15
23,34,-8.3451316369163386e-12,1.9612978136228937e-12
24,34,4.0433652744109889e-12,-1.9374229836330547e-11
25,34,1.3727642110488198e-14,1.0284180759811465e-14
26,34,-9.8364241246397121e-13,2.6148558226028041e-13
27,34,9.2215497768923117e-12,1.1527281003747002e-11
28,34,-3.3880716638756795e-11,-5.7054608134571219e-11
29,34,-2.2500704246784411e-11,-8.114005505890696e-12
30,34,4.4871944436515307e-11,1.252982066738721e-10
31,34,-1.9364245936614234e-10,1.0358568459536559e-10
32,34,1.0148410148100648e-11,3.889137697501839e-11
34,34,267.39272173325412,-495.91193563068964
35,34,-91.464078384600157,120.6899464978826
36,34,-52.13794003838666,96.728578659354639
37,34,-112.58479185483887,208.84103422627334
38,34,38.5938151923473,-50.946398542716523
39,34,21.997573857816384,-40.828589980367276
40,34,-1.4871486036858216e-11,-2.7056992882069245e-10
41,34,-2.3716573716641631e-10,1.9040326132406113e-11
42,34,2.5019363028963124e-12,-1.6131888808689679e-11
43,34,-1.3565884870886533e-10,-8.1239726472161316e-11
44,34,-1.8782638142378812e-11,-4.5281687529124332e-12
45,34,-1.0670317503878698e-11,-1.06317229661036e-11
46,34,2.43013513139821e-11,-6.5260502347760682e-12
47,34,-1.6822355365860562e-10,1.6873268865195519e-10
48,34,-4.7107888880563322e-11,2.438037193333521e-11
49,34,-7.7967307042060143e-12,-3.6182512459897745e-11
50,34,1.8716535487198586e-10,-1.6061095485257156e-10
51,34,3.7154880145193742e-11,2.0768320164000647e-11
52,34,-2.4565957458503654e-13,8.8179590815147171e-14
53,34,1.9154530869392841e-14,8.0317182783085085e-15
59,34,7.7627811724678181e-15,7.6342980289514135e-15
60,34,-7.5082069614675765e-17,1.0976482427095667e-16
61,34,-8.2322274357543217e-18,-2.8218504794137907e-19
63,34,-1.838402188514666e-13,-5.0494606291456161e-13
64,34,3.5591743673761579e-13,9.6257885822245223e-13
65,34,-1.8382017085157886e-13,-5.0495790573914045e-13
66,34,3.5870458707323821e-13,4.9405789013880128e-13
67,34,-3.357564685320206e-13,-9.0813366038372755e-13
68,34,-1.1879560140139443e-14,4.5866211345221211e-13
69,34,1.5807555836577929e-11,-1.4687182196257882e-11
70,34,8.5638676518314867e-12,-5.5964722557340858e-12
71,34,-5.3399103867751295e-12,7.1938072528116431e-12
72,34,-1.7045791213482202e-15,-6.285111379254714e-15
73,34,-7.2261489849486396e-14,1.6365801469419424e-14
74,34,8.8048297505164257e-14,-8.2326672763420868e-14
75,34,1.5719564474354941e-14,3.385232154004772e-14
76,34,1.258306466410462e-13,3.5168052706422046e-13
77,34,-1.4442611455189545e-13,5.3620415832789436e-14
78,34,-2.5427213147250284e-14,1.7526091463189013e-14
79,34,1.6079753131119381e-15,9.4934387215313984e-15
80,34,-1.3346626472649819e-16,-2.0096491333970059e-16
83,34,-0.57565698523384845,1.113110917932999
84,34,-1.1360428287133923e-13,-8.5497066647442795e-14
4,35,52.870263192120035,-69.743547955011238
5,35,-168.01832346569441,292.55042293831576
6,35,52.870263191942506,-69.743547954615636
9,35,1.6343196237537943e-12,-3.8859205620009915e-11
12,35,-1.1275926857258367e-11,4.1644171569588257e-14
15,35,8.7476034567384229e-18,2.3274474812049964e-18
16,35,-2.1943102348684004e-14,9.0391913778112129e-15
17,35,-9.9717539861121931e-25,-1.3073104451478025e-24
18,35,-1.3290334149919095e-24,-1.5562148520193108e-24
19,35,-1.4880555111240081e-15,-5.4107819969852477e-15
20,35,-2.1603189104207916e-15,-6.424341873201705e-15
21,35,-3.1118451850553185e-11,-2.7513428507382289e-11
22,35,5.3463540093793809e-15,7.6244200250633488e-15
23,35,-1.0316441138523751e-11,-7.1068491051676191e-12
24,35,-6.8140845608135659e-12,-5.0351502739496308e-11
25,35,1.2105576594341049e-14,2.7615118886722538e-14
26,35,-1.3120254533843091e-12,-8.8834021065843923e-13
27,35,1.7843485601450176e-11,2.1411988704878819e-11
28,35,-3.7577149771577645e-11,-1.0024677045909106e-11
29,35,2.3996922237741516e-11,2.5906957695222301e-11
30,35,2.298113663184639e-10,3.1951956738858081e-11
31,35,5.1644010141219173e-11,-4.0441430055912688e-11
32,35,-3.9843840232452372e-11,-7.5856548631572594e-11
34,35,-91.464078384782852,120.68994649773151
35,35,290.66948252929569,-506.21174895828108
36,35,-91.464078384736695,120.68994649781484
37,35,38.593815192394736,-50.946398542707151
38,35,-122.65115906401145,213.6613260199768
39,35,38.593815192288055,-50.946398542765095
40,35,-2.6044850335114751e-10,1.0199019784395512e-10
41,35,-4.3524701760365129e-10,2.7671328719962609e-10
42,35,-1.0900810376034234e-10,2.0554406862047613e-10
43,35,-4.2700733531021378e-11,3.445850063423369e-12
44,35,5.3161454548755483e-11,1.0177317948460515e-10
45,35,5.5121946581822121e-12,-6.3922097258593471e-12
46,35,-6.7446622982190306e-12,-7.0393217188700683e-12
47,35,7.4478910974970997e-11,-2.3452645240790072e-11
48,35,3.1559685876798102e-11,1.1949361298904331e-11
49,35,3.2033036476269645e-11,4.726735274131673e-12
50,35,-1.7586967781118842e-11,1.0546591045834158e-10
51,35,-7.6418543940553711e-12,-2.0606608626103154e-12
52,35,-6.0329853955299021e-14,4.5398421296889797e-14
53,35,1.696062653720634e-15,1.5601521111763586e-15
59,35,4.0183833997326964e-18,7.3505521950816414e-18
60,35,-7.9729304719572057e-20,6.4134280863080282e-20
61,35,-6.0005604673891042e-21,-2.0398886654575504e-21
63,35,-2.3020348221435449e-17,-4.1282170569708622e-16
64,35,4.7907160869224512e-17,7.8817797558558712e-16
65,35,-2.3003106783837298e-17,-4.1282594159141573e-16
66,35,1.5423569391480961e-16,4.4372073889519183e-16
67,35,-4.5175618031605872e-17,-7.4359061115104579e-16
68,35,-1.1083110071175454e-16,3.3517230112362918e-16
69,35,1.4911497628922255e-14,-7.2992945548822731e-15
70,35,7.5530765132417102e-15,-2.2159380586916287e-15
71,35,-5.5340590472560893e-15,4.1099513414463861e-15
72,35,1.4335777947018263e-19,-5.008518536486394e-18
73,35,-4.9911560405845703e-32,-1.7904696792960606e-32
74,35,-2.6213110552269575e-32,-4.5135050553129462e-32
75,35,6.9924946891719533e-32,3.5074922025708405e-32
76,35,4.0154681419833384e-13,-4.3372392972245332e-13
77,35,3.72209802046702e-39,-5.3228630019241265e-39
78,35,-1.8427587260391184e-40,-4.9544042435235727e-41
79,35,-1.4732781814337123e-40,8.0329414968238589e-40
80,35,2.7145621329968307e-42,-7.3213701485691825e-42
83,35,1.9445443744530883e-41,2.9886695628039156e-40
84,35,2.4546008336311142e-39,-2.433868361839042e-39
4,36,30.140366180974617,-55.899988679044732
5,36,52.870263192413496,-69.743547954977117
6,36,-154.23227289305026,285.95779048638178
9,36,-1.2296165363748046e-10,-8.4823541265397455e-13
12,36,-1.5388714682782306e-11,4.8296641586255456e-12
15,36,7.3925100457814713e-18,2.3634664388512574e-18
16,36,-2.0641829583581217e-14,9.0836501557580519e-15
17,36,3.2930733251875557e-25,7.9250966100974781e-25
18,36,4.668459317390829e-25,9.5129673200856024e-25
19,36,6.9576992030765415e-16,1.2221776279157276e-15
20,36,9.2177170951745031e-16,1.4268336211011365e-15
21,36,1.1923643444512211e-11,1.794512779816104e-11
22,36,-1.2836729709568308e-14,1.6015373325144204e-14
23,36,2.5703826302616055e-12,-1.2256433409028427e-11
24,36,-1.8936297279650904e-12,2.4793323669006982e-11
25,36,-2.3610059289955502e-14,2.5808093086643397e-14
26,36,3.1030297330780188e-13,-1.5500319297930953e-12
27,36,-1.9168653449665357e-11,2.9360326623798752e-11
28,36,6.3027323841591766e-11,-5.1786315877963307e-11
29,36,7.4849654557333151e-11,5.7147336357419791e-11
30,36,3.6682097993366909e-11,1.6265876916743758e-10
31,36,1.0140412290224523e-10,3.3989680781385638e-11
32,36,6.1828029681323895e-11,2.6633429815292765e-11
34,36,-52.13794003835585,96.728578659427626
35,36,-91.464078384623463,120.68994649782348
36,36,266.81706474814132,-494.79882471275778
37,36,21.997573857672752,-40.828589980440583
38,36,38.593815192415072,-50.946398542650783
39,36,-112.58479185464955,208.84103422641323
40,36,1.5842065826161146e-12,7.1127009334437513e-11
41,36,-4.793859094874637e-11,4.3584555646702208e-10
42,36,-2.6686113801330548e-10,4.876488846913885e-11
43,36,1.4118078397545779e-10,-1.5824326823078909e-10
44,36,7.1426807926534172e-11,6.04395292051321e-11
45,36,-4.734046785243854e-11,1.769214747206353e-11
46,36,-1.2194793762452561e-11,-6.7630362255208742e-12
47,36,-1.493717739959181e-11,8.6666411079899352e-11
48,36,6.8620679172385192e-12,3.2533912975315108e-11
49,36,-7.6286989444718637e-12,-4.3876310215326097e-12
50,36,-2.3921222683784336e-10,1.1500843293548148e-10
51,36,-2.3063127875074404e-11,1.1429038433713342e-11
52,36,-5.8281912720955836e-14,4.3106097531297518e-14
53,36,1.6200801611490564e-15,1.4882522753752565e-15
59,36,3.1299595038598995e-18,6.4648025215165271e-18
60,36,-7.0991779910112279e-20,5.1546121574930578e-20
61,36,-5.0522471973509924e-21,-2.0008801425572025e-21
63,36,-2.2368728522506266e-18,-3.5449582078958489e-16
64,36,7.6581865359909278e-18,6.76987005295176e-16
65,36,-2.2219443476712908e-18,-3.5449870981749153e-16
66,36,1.1329547606113577e-16,3.8651127353297733e-16
67,36,-7.2066130593135637e-18,-6.38688826285519e-16
68,36,-1.0910000367343563e-16,2.823339310692322e-16
69,36,1.3078524741318624e-14,-5.6195018843812289e-15
70,36,6.5619136289612354e-15,-1.5778688638464019e-15
71,36,-4.91310366542612e-15,3.2852880237876436e-15
72,36,3.3481209227534444e-19,-4.2829965220545707e-18
73,36,-4.1867480145892358e-32,-1.7344337222387976e-32
74,36,-2.0541396432211706e-32,-3.9784233510319508e-32
75,36,5.8242446344784653e-32,3.2957697228706057e-32
76,36,7.6926158634290519e-14,-7.4198852451723218e-14
77,36,3.4127517263893599e-39,-4.4007352909102198e-39
78,36,-1.55714564235435e-40,-5.0227874606799748e-41
79,36,-1.6017845069025247e-40,6.8166944401303961e-40
80,36,2.6346097730567451e-42,-6.1547460457973371e-42
83,36,3.9998462606557369e-42,2.5676164175404808e-40
84,36,2.2050494210370506e-39,-1.9803444946720493e-39
4,37,-9.1773578188210028e-12,2.7597377037493475e-11
5,37,-4.0451943075160271e-11,2.1065977116821111e-11
6,37,9.1201717588303138e-11,2.1367868817423171e-10
9,37,3.2364265272387855e-12,-3.7551317074170278e-13
12,37,2.5138992118195401e-11,1.2412369013810297e-11
15,37,-9.39143179595149e-24,9.4289821248436517e-24
16,37,-1.7770044256314664e-14,1.3229319886792934e-14
17,37,-2.3629698895538996e-24,9.5722004246404788e-25
18,37,-2.8947520078568457e-24,1.3384808363241144e-24
19,37,-3.2536749091696728e-15,-9.0065464629657482e-17
20,37,-3.929745296951823e-15,1.1164123581754502e-16
21,37,-5.4323977108365211e-11,3.4975510776347564e-11
22,37,1.1889060022026458e-14,8.3078330411230228e-16
23,37,-8.6275525187600324e-12,3.6502109316294283e-12
24,37,-1.5010192712087131e-11,-1.4032397870353527e-11
25,37,2.9579898776464737e-14,5.1168213758800885e-16
26,37,-1.0789516436898595e-12,4.6626440995707009e-13
27,37,2.8113519630780835e-11,-1.2592623993702633e-11
28,37,-6.6705383728403302e-12,-5.7686150874494882e-11
29,37,1.0079015144302865e-11,1.0729577214028888e-10
30,37,1.9878318162142207e-11,1.4840785174395905e-10
31,37,3.9745933347647894e-12,1.0840358510808846e-10
32,37,-4.0586060039035803e-11,-3.2185115836340376e-11
34,37,-112.58479185470183,208.84103422628263
35,37,38.593815192429055,-50.946398542611341
36,37,21.997573857780367,-40.828589980318121
37,37,423.17393614022467,-784.97353883452661
38,37,-145.06308015986025,191.49289747149351
39,37,-82.682569835115771,153.46295751334139
40,37,-310.58914428543858,576.13250460788163
41,37,106.469264967382,-140.54649892910427
42,37,60.684995977384887,-112.63436753283843
43,37,-9.7009821534330761e-11,-1.9381399726292662e-10
44,37,-6.669100353959311e-12,3.594813093330607e-12
45,37,9.1188123077791289e-12,-5.9626259331848569e-12
46,37,7.2025572879878766e-12,2.3144761256640503e-11
47,37,9.0561717534044613e-12,-1.864576122458966e-11
48,37,7.0835595097833279e-12,-1.6187591432747156e-11
49,37,-5.1163858333393597e-13,-1.6894564879499667e-11
50,37,-2.7089254776637667e-10,-8.4054403202239455e-11
51,37,2.8059239620562552e-11,5.5251807760050254e-12
52,37,-5.4429321430815586e-14,4.0098860561752455e-14
53,37,1.5558178662196897e-15,1.2921286448709309e-15
59,37,-1.2312845830663518e-23,-2.8412837334186154e-25
60,37,-9.1131012737972378e-27,-1.0949875983437363e-25
61,37,-1.0754937921131601e-25,1.2213368952645445e-25
63,37,-6.3795383052921743e-23,7.1537308909625463e-23
64,37,1.2111692281155739e-22,-1.3726150421694623e-22
65,37,-2.0758526886750679e-22,9.2005074161333651e-23
66,37,4.7310805457258286e-23,-9.8090184846082679e-23
67,37,-1.1442637913513488e-22,1.29404643355558e-22
68,37,7.2964651674736474e-23,-3.6849488623935507e-23
69,37,-3.6297619997227324e-21,-1.2476497034864784e-21
70,37,-1.6043201130827841e-21,-8.7186216575784638e-22
71,37,1.581834167916221e-21,2.3711844242388241e-22
72,37,6.3574748435415109e-24,4.2626101562131171e-24
73,37,6.0368462203467651e-34,1.1104741512569759e-33
74,37,3.0928669849481493e-35,-1.8933273168815383e-34
75,37,-1.0631432564240785e-33,-7.3661945814379053e-34
76,37,3.2171905346525818e-13,4.8687471679038754e-13
77,37,1.1796082649110152e-44,-5.1837685223220596e-43
78,37,-5.3592082597563491e-44,-1.491253158023654e-44
79,37,-6.0862031988846881e-44,5.9008707712505112e-45
80,37,2.668647181997286e-46,1.8971885085872023e-46
83,37,-5.8211945577404185e-45,2.1848886612994512e-44
84,37,8.448340655702545e-44,-4.9051972876764386e-44
4,38,-5.5751244154318694e-11,1.6830834408227386e-11
5,38,-1.1829432032461987e-10,-1.1054553525294694e-11
6,38,9.4719554162940245e-11,8.0866286927854984e-11
9,38,-7.2270201786123342e-12,-4.6095534787457015e-13
12,38,-5.2949927532119774e-11,8.1584231715440662e-12
15,38,-9.9738065213638941e-24,-2.769129141790191e-23
16,38,-1.8456418930384718e-14,1.3874941322988459e-14
17,38,-7.6764204215385747e-25,-1.0851749331835209e-24
18,38,-1.0166777265345339e-24,-1.292751454807758e-24
19,38,-1.4953926567087166e-15,-3.915687791300195e-15
20,38,-2.0680991311345567e-15,-4.6208854964889072e-15
21,38,-2.4207283629438959e-11,-2.3125849857969134e-11
22,38,-5.4607551761690596e-15,1.2663657477229424e-15
23,38,-1.1894557829174899e-12,-5.456644934869285e-12
24,38,-2.2295895778775362e-11,-3.7791618741972682e-11
25,38,-3.637187136138062e-15,1.4988892182260584e-14
26,38,-1.5395786409730703e-13,-6.8641056614320091e-13
27,38,5.5044463746211335e-12,1.3809056303626486e-11
28,38,-1.6638269772036513e-11,6.5708412328752878e-11
29,38,1.4674764926741632e-11,4.1741952153729499e-11
30,38,4.15031846128319e-11,8.7630557409792284e-11
31,38,1.1206793419676718e-11,4.7919818262292632e-11
32,38,1.0243329427434861e-11,-1.4770726679484008e-11
34,38,38.593815192351876,-50.946398542630696
35,38,-122.65115906397726,213.66132601999172
36,38,38.593815192304831,-50.946398542644538
37,38,-145.06308015989856,191.49289747164096
38,38,1163.8987178956158,-1389.8818311623363
39,38,-145.06308015997632,191.49289747154671
40,38,106.46926496761736,-140.54649892879303
41,38,-338.35936374459482,589.43030690182707
42,38,106.46926496768165,-140.54649892874474
43,38,1.0149477798202836e-10,1.2317908333314811e-10
44,38,-2.828969948693985e-12,3.6665752318069445e-11
45,38,-3.9281039965942774e-12,7.6218680709632247e-12
46,38,-3.666041502110815e-11,-2.8310972779934007e-11
47,38,5.7075978027249549e-11,2.9490618398810348e-11
48,38,2.7052812765380473e-11,6.0124894545653476e-12
49,38,2.741281681775844e-11,3.043775721972574e-12
50,38,-1.4706818399398419e-11,1.6416646135027623e-10
51,38,-4.534188885312614e-12,-4.0083200156273543e-12
52,38,-5.5764359620114052e-14,4.2235989679527088e-14
53,38,1.6278091173683343e-15,1.3390539606023837e-15
59,38,1.2208484071168384e-23,-2.4349733927007653e-23
60,38,3.2284049294031278e-25,1.9628365540100661e-25
61,38,-1.1149665418326951e-25,1.3286090409223268e-25
63,38,-1.6693632258234137e-23,7.2081915280549967e-24
64,38,3.1751047014746158e-23,-1.3897333056099429e-23
65,38,-1.6645844908444372e-22,2.9235091178575601e-23
66,38,1.5983005811922159e-23,-1.3099114385315809e-23
67,38,-3.0030285843421768e-23,1.3164044123696527e-23
68,38,1.5415638376574394e-23,-4.7221350473548851e-25
69,38,-5.3478235333410294e-22,-4.7855662596595557e-22
70,38,-2.0743372856476837e-22,-2.7821125511271917e-22
71,38,2.3634842230022515e-22,1.6069638982387455e-22
72,38,-1.5406355046654431e-23,8.9389646089772506e-24
73,38,-3.5105233633895168e-28,3.3896847267947286e-28
74,38,-2.2137577523630002e-27,1.8968953746604636e-27
75,38,-3.6209565450702078e-28,3.4334908507544641e-28
76,38,3.0612012278618027e-13,3.929441567260912e-14
77,38,-7.5614057035706673e-18,4.9242557943157908e-16
78,38,6.3698853153875743e-18,-1.0891110172277153e-17
79,38,-7.5181367752621669e-17,1.621051606363801e-16
80,38,8.8786889541697907e-28,4.9032325468359904e-27
83,38,1.0086653341279052e-16,-1.1656020499326407e-16
84,38,-702.88819508730171,586.7901982396736
4,39,-2.9254174003752862e-11,3.3910632924760892e-11
5,39,1.1576367907555655e-10,3.8810053906550225e-11
6,39,-2.8381046249018071e-10,-2.8598887669905871e-11
9,39,-2.3815604687366193e-11,1.3632023897050692e-11
12,39,1.2517263862630398e-11,-2.2676166909485203e-11
15,39,-1.5613104814695574e-25,-8.4190854045551002e-25
16,39,-1.7768804274660232e-14,1.3230118780535581e-14
17,39,-5.0465411766521917e-25,-5.2620424042415828e-26
18,39,-6.4165998037151883e-25,-5.6509891788990328e-26
19,39,2.3784788915144336e-15,3.992987534454511e-16
20,39,2.8952163584369195e-15,3.2087311361773338e-16
21,39,-1.297068692622009e-11,7.8176009593967759e-13
22,39,-1.1422564120015758e-15,1.7763788759126104e-14
23,39,-1.0813304206945809e-12,-1.1293928518066571e-11
24,39,4.4253780471648233e-11,5.0394872430407944e-13
25,39,-1.2046849056139319e-14,3.2970403436289003e-14
26,39,-1.4823202088929578e-13,-1.4192000644760907e-12
27,39,-2.3717753919898636e-12,3.4508463483187613e-11
28,39,2.3940183024123096e-11,-4.8393836854823022e-11
29,39,-3.1130242737482243e-11,2.6377472614161004e-11
30,39,-6.0059486341031455e-11,-5.5801364107163002e-11
31,39,-5.5691677287687946e-11,6.8930958065888896e-12
32,39,3.5795569990195929e-11,-5.1060699623139472e-11
34,39,21.997573857743479,-40.82858998039049
35,39,38.593815192317059,-50.946398542622326
36,39,-112.58479185473293,208.84103422631304
37,39,-82.682569835183244,153.46295751328375
38,39,-145.0630801598511,191.49289747161299
39,39,423.17393614028902,-784.97353883444748
40,39,60.684995977588798,-112.63436753278216
41,39,106.4692649676516,-140.54649892852333
42,39,-310.58914428598251,576.13250460789254
43,39,6.805006470746744e-11,-6.2329292219094345e-13
44,39,-2.3372465251562272e-11,3.1077464597525671e-11
45,39,-8.7315938963476658e-12,-5.7451618608683753e-12
46,39,2.1664352104392873e-11,-5.669409483297178e-12
47,39,-7.0003716846441051e-11,4.4990345920926371e-11
48,39,-6.0356129692823306e-12,1.0425851236750905e-11
49,39,1.6153459002826057e-13,-2.6555017304797766e-12
50,39,1.3662154645862669e-10,1.79511298520613e-11
51,39,-1.9085694200122828e-11,8.7235286954513643e-12
52,39,-5.4463351272709851e-14,4.0455478738867854e-14
53,39,1.5557609257864711e-15,1.2918962965155209e-15
59,39,4.6500245234296394e-25,-6.4166483265451941e-25
60,39,8.3093257232210236e-28,5.5651260654581815e-26
61,39,-1.0840889502074073e-25,1.2461353218190347e-25
63,39,-3.156089616280098e-23,-1.0493532424683372e-22
64,39,6.1224159364041452e-23,2.0008181440792719e-22
65,39,-1.7534668881637486e-22,-8.4462299271391336e-23
66,39,6.7288305001492742e-23,1.0474779691282944e-22
67,39,-5.7914684127164767e-23,-1.8879827234446391e-22
68,39,-7.8470626857643459e-24,9.3267283836705646e-23
69,39,3.3901760710464024e-21,-2.8057273400050306e-21
70,39,1.8070161135680947e-21,-1.0392852838084574e-21
71,39,-1.1731818043446856e-21,1.4019390506677474e-21
72,39,-6.4904995169590504e-25,-1.5429267027864044e-25
73,39,6.0380294598562762e-34,1.110455676591828e-33
74,39,3.0915299003127239e-35,-1.8934152689601437e-34
75,39,-1.0632619523397965e-33,-7.3656967526063542e-34
76,39,-4.2932944156161148e-13,-3.3327971259692539e-13
77,39,9.6995080261190516e-45,-5.1937755131676565e-43
78,39,-5.3583563725072996e-44,-1.4827553841024061e-44
79,39,-6.066086700416447e-44,5.8194614228999771e-45
80,39,2.6468658652294757e-46,1.8977491877208282e-46
83,39,-5.678034774781795e-45,2.1865095117288981e-44
84,39,8.3622156586889964e-44,-4.9575064647982048e-44
4,40,1.2302277254136065e-11,-5.5299073003310616e-11
5,40,6.5184707630298584e-11,3.5923989149656295e-11
6,40,-5.2973751075206338e-12,-9.8089704142831245e-11
9,40,4.2024515442806173e-11,-1.4074057833079135e-11
12,40,1.9325645838862677e-11,4.2779741792521615e-11
15,40,-2.1594619596079461e-17,5.2423099522121338e-17
16,40,-3.2596876776625443e-17,7.6526813602334005e-17
17,40,-1.9908277948312409e-24,-3.8767732826570683e-25
18,40,-2.5750367157430122e-24,-3.5331574503756004e-25
19,40,5.9304919829527153e-15,2.5461694531717409e-15
20,40,7.3236353392003988e-15,2.6700981976254988e-15
21,40,-5.279365634814197e-11,7.7488405519853454e-13
22,40,-6.4963348273835877e-15,-1.4671386237324123e-14
23,40,-6.145769026950251e-12,2.807332686906879e-11
24,40,9.99944424551152e-11,-1.9906140466425192e-12
25,40,-1.2933826861554358e-14,-5.1249339111817867e-14
26,40,-8.1898861455951063e-13,3.55831356710047e-12
27,40,-5.1875048386377561e-11,-3.6549139131081198e-11
28,40,-4.9636886138143901e-11,-1.072933231176978e-11
29,40,4.0420645516023932e-11,-2.3848570998040242e-10
30,40,-8.9994497117435241e-11,-4.8065621252244886e-10
31,40,2.0936960636584041e-11,-2.2966231951165778e-10
32,40,-4.0058295998246339e-11,3.0066088764932282e-11
34,40,-1.6478295128786917e-10,-2.2974914347847529e-10
35,40,-4.3108589501424977e-11,1.992327943341821e-10
36,40,3.910487197573984e-11,-7.2645388154768649e-11
37,40,-310.58914428567937,576.13250460821337
38,40,106.46926496776418,-140.54649892869625
39,40,60.684995977518376,-112.63436753282762
40,40,1542.8115053200163,-1325.7341979393186
41,40,-419.91257271135305,166.90937714355698
42,40,-322.86992923491573,169.19881527004304
43,40,-1137.5965010759387,649.82984977435615
44,40,284.33233294879227,-9.1816559757775895
45,40,241.22776873061022,-39.38092136761729
46,40,-1.5285758483857542e-11,3.7596713130371077e-11
47,40,2.0124644136839614e-10,5.0057040004772583e-11
48,40,5.5148634477917717e-11,2.081722563782937e-11
49,40,-5.3574506457974355e-11,2.5969767130350226e-11
50,40,-1.5711885687520427e-10,-4.7815860488711696e-10
51,40,3.9390369549971146e-11,-4.1207205064620785e-11
52,40,-1.9892611185045644e-13,-1.7518764627296846e-13
53,40,2.5044033155059314e-21,-8.3238276834530308e-22
59,40,-4.8927708802734582e-17,1.8953809216698447e-17
60,40,-4.6718819748093031e-16,8.3660803577601293e-17
61,40,-7.3764054846003549e-14,-3.8713621179703446e-14
63,40,5.9624176341561989e-15,5.3884003508004316e-15
64,40,2.7831178497905599e-11,3.8220315892451254e-12
65,40,-6.5098188978787142e-11,-5.4185657122161144e-11
66,40,-7.0140840417197339e-13,-7.9518972156423576e-14
67,40,5.4551784785707797e-11,8.3761017905119165e-12
68,40,1.4060456086411762e-14,6.9001416567171118e-15
69,40,2.8942488822365666e-11,-1.1862089479778398e-11
70,40,-3.5528001947620483e-11,8.2653901969600347e-11
71,40,-8.5216648522009853e-12,2.3407217024026147e-13
72,40,2.4424591893972328e-14,1.4069233417020611e-14
73,40,-94.625859957998983,99.771843557001105
74,40,29.110974794558029,-17.181222238748866
75,40,20.957164526743675,-17.183526369523083
76,40,-5.6763239554765809e-13,3.9613444106387416e-14
77,40,-6.5606937293792236e-14,5.3509314541041976e-14
78,40,-9.3050860325355234e-15,-1.533234213225191e-14
79,40,-1.8570324131890623e-16,1.4307784318313229e-16
80,40,9.4805973826169418e-17,-8.782499875518929e-17
83,40,6.0127209820975512e-17,-5.4842701211204827e-17
84,40,-1.3202686627064531e-14,-8.0341429410408272e-14
4,41,-7.4349328973331181e-11,4.8616266274292315e-11
5,41,-1.7352567374570027e-10,8.0525913787455824e-11
6,41,-1.7127778026611485e-10,7.8423613422538485e-11
9,41,5.4192284069476964e-11,-1.7541246715534624e-11
12,41,-4.2136969385988612e-11,1.8404852259351132e-11
15,41,3.5863181831463046e-18,-2.6321835988893448e-18
16,41,-3.5186006636514694e-18,-3.4391204654727523e-18
17,41,-4.3709555882617838e-24,2.4274791798719251e-25
18,41,-5.3957582895901103e-24,5.8166092426528407e-25
19,41,-8.0438281122233792e-15,1.2341148193364476e-15
20,41,-9.6170223658038254e-15,2.0324408878410958e-15
21,41,-1.0703716085067661e-10,2.7393256027052713e-11
22,41,-2.2090787767812128e-14,6.652337023697059e-15
23,41,9.3881045007860855e-12,3.8678083624583478e-13
24,41,-5.4827371960254929e-11,3.0167614108272323e-11
25,41,-2.6458197390521355e-14,-1.5091462390684742e-15
26,41,1.1798615223548269e-12,4.9294746593916716e-14
27,41,-3.0561283435092879e-11,-1.3724472420822392e-11
28,41,8.4516730061960088e-11,4.7020522470491486e-11
29,41,6.1373410767433003e-11,-1.5693030004752741e-10
30,41,1.482672748556582e-10,-1.9842192224996864e-10
31,41,5.2362644478873205e-11,-6.7276996240809657e-11
32,41,-7.010075310309732e-11,-6.4206789776983434e-13
34,41,-2.6512501441384484e-10,-9.705949834623284e-11
35,41,-3.636040726467661e-10,-7.8984556068675741e-11
36,41,-1.1594185219153309e-10,1.4127050331392371e-10
37,41,106.46926496739981,-140.54649892886945
38,41,-338.35936374488205,589.43030690228818
39,41,106.46926496762958,-140.54649892891652
40,41,-419.91257271125642,166.90937714344602
41,41,1588.1823916847352,-1315.3563675654168
42,41,-419.9125727106906,166.90937714318136
43,41,284.33233294911958,-9.1816559760061605
44,41,-1150.8863156716352,627.15148505768354
45,41,284.33233294880807,-9.1816559757745519
46,41,-3.6636869792502013e-11,-1.5431714387861473e-11
47,41,1.4651292396803754e-10,1.5380224925669602e-11
48,41,-5.4884651993630358e-12,-1.389927486501712e-11
49,41,-5.6424447791336464e-12,1.3710294352665073e-11
50,41,7.4996094646810125e-11,-1.6263592040395672e-10
51,41,-1.2939876840212062e-11,-2.5055045009202363e-11
52,41,-2.7494737457070271e-13,-2.0124720972230648e-13
53,41,2.7136358173487793e-21,-9.1026825640777675e-22
59,41,4.052466050965822e-18,7.2618680567648666e-19
60,41,2.6927367824494715e-16,-2.0568603618647796e-16
61,41,1.5509728050371511e-14,-1.0942545476894757e-14
63,41,1.6889938938529092e-15,-1.1736213076015066e-15
64,41,4.1686390458668933e-12,1.5359791042762146e-12
65,41,1.2476249633661273e-11,-1.4956242284620349e-11
66,41,1.8496999101753422e-15,1.2389162036344683e-15
67,41,8.1001239090979417e-12,3.0467137158005211e-12
68,41,1.9535511881421045e-15,1.4677261931011877e-15
69,41,1.2199910228941803e-13,-5.6391551037676033e-14
70,41,6.0332317951818956e-15,1.3712162110755561e-12
71,41,-2.8302303777646248e-13,2.9021620157657931e-13
72,41,-9.114295543352535e-17,2.969703450702783e-16
73,41,29.110974794565955,-17.181222238751435
74,41,-98.936712267395251,98.774575605486433
75,41,29.110974794567881,-17.181222238752628
76,41,-8.750445507915676e-13,3.1733878883711115e-13
77,41,-1.5141623076329154e-17,5.502221461230968e-18
78,41,-5.5082904274562424e-19,-3.4118355681033036e-18
79,41,-6.041320825370368e-20,3.220454075367964e-20
80,41,2.2205322170232382e-20,-1.0236939686333867e-20
83,41,-8.0545437115831422e-20,2.4616581274477479e-19
84,41,2.476350546563993e-18,-1.5709314391618727e-17
4,42,-4.2031461222717313e-10,1.5354640498927559e-10
5,42,-4.3937625821707089e-10,7.9861994486078867e-11
6,42,-4.059612168245572e-10,2.325603011512756e-10
9,42,-3.1854661474693318e-11,7.2292429309681256e-12
12,42,-8.4813026789813004e-11,4.1563153795748261e-11
15,42,-4.654010551559462e-19,-3.0702387995423771e-19
16,42,-7.1333869742676665e-18,-4.7772404138772005e-18
17,42,-4.1569683221925721e-24,9.258284771537212e-25
18,42,-5.1051682911183264e-24,1.4002168794300971e-24
19,42,-1.0330144877553491e-14,4.2702433667619563e-15
20,42,-1.2168830705727382e-14,5.8482404098265158e-15
21,42,-9.8434346269478685e-11,4.2970825066121625e-11
22,42,3.5804544369278177e-14,1.0007756300846855e-14
23,42,-1.7507031421424309e-11,1.1715548682855948e-11
24,42,-2.5418375883205488e-11,4.4299804248792245e-11
25,42,6.8376187839254002e-14,-1.2587662253388723e-14
26,42,-2.1826417978961456e-12,1.4849656517474479e-12
27,42,-5.3562977376291957e-12,-9.9559804478940011e-11
28,42,7.629337908742147e-11,1.6577475246119033e-12
29,42,-3.1058036385133798e-11,-5.5685836843098757e-11
30,42,3.7473908971884236e-11,-3.8113163963928909e-13
31,42,-1.8571462809050478e-11,2.9975495043024817e-11
32,42,-7.2120518322392617e-11,-6.1916521091719951e-11
34,42,-6.3996182926222253e-10,2.3410135078578887e-10
35,42,-2.1204344775484698e-10,5.9490878114212946e-11
36,42,-3.8722631606165849e-10,1.6698945990380219e-10
37,42,60.68499597738942,-112.63436753294427
38,42,106.46926496779842,-140.54649892880482
39,42,-310.58914428552583,576.13250460832501
40,42,-322.86992923488867,169.19881527009443
41,42,-419.9125727107886,166.90937714305551
42,42,1542.811505319085,-1325.7341979390039
43,42,241.22776873088782,-39.380921367829593
44,42,284.33233294887799,-9.181655975799794
45,42,-1137.5965010760058,649.82984977431784
46,42,-7.6572883746084915e-11,-2.8368892728828364e-11
47,42,-8.7337125011179017e-11,-1.661164503299496e-10
48,42,-2.1087796048120188e-11,-5.9249004405753011e-11
49,42,8.5371914182581829e-13,6.5286048736804206e-13
50,42,2.5496083993348091e-10,-1.0624018252425964e-10
51,42,2.5554076457262546e-11,7.6043285745668209e-12
52,42,-2.9498975821707371e-13,-5.6670077719809372e-14
53,42,2.5118820311263313e-21,-8.8180936196968966e-22
59,42,-9.0940270872875465e-20,-5.0791462229505806e-19
60,42,3.4283645825603291e-16,-1.4850694359482315e-16
61,42,-4.1126353887308434e-14,-1.7943130197561804e-13
63,42,1.1699400086562964e-15,-5.8495983946491018e-15
64,42,1.6657655949942084e-11,6.8538423854246971e-12
65,42,1.5471947918339582e-11,-2.1209047253479463e-10
66,42,7.1183585053677025e-15,5.2318707731740704e-15
67,42,3.2284415002645362e-11,1.3439311874894301e-11
68,42,7.6567827633278989e-15,6.1240523241334996e-15
69,42,-3.2431636254373697e-13,-4.3367597750838011e-14
70,42,1.2798057003046952e-11,7.9131103750160329e-12
71,42,-1.2998206661516046e-12,1.0081824134033489e-12
72,42,1.8147056027734719e-15,3.6293385109924811e-15
73,42,20.957164526741884,-17.183526369517011
74,42,29.110974794531437,-17.181222238750781
75,42,-94.625859958010352,99.771843557000253
76,42,4.3542763716106678e-13,-8.4022293325902108e-15
77,42,-1.349141617641049e-17,4.0961049396673224e-18
78,42,-3.1678759805096466e-19,-3.0025315178334623e-18
79,42,-4.8147143401744908e-20,2.798548285090501e-20
80,42,1.9796580485231476e-20,-7.9308400155789284e-21
83,42,-7.7755821622370448e-20,2.0877211445370417e-19
84,42,2.8814304887295979e-18,-1.3617803565616455e-17
4,43,-2.2333402452043659e-11,2.750604196983155e-11
5,43,-4.2455117035910418e-11,-4.6828043804595909e-11
6,43,-8.194940820947779e-12,-7.9270966988496603e-11
9,43,-2.6700774879991923e-11,-2.7450703747003471e-11
12,43,-3.904793799496548e-12,-4.4402037207086989e-11
15,43,8.8130916094211702e-19,-2.0351764778728334e-18
16,43,-4.118562580069344e-15,7.8687949992787773e-15
17,43,-3.0519436482770478e-21,-1.8147726643146548e-21
18,43,-2.437406810261452e-21,-1.6451266747046059e-21
19,43,-3.927118053907533e-13,-4.7416007730379677e-13
20,43,3.6256136223673806e-13,7.0225282214559133e-13
21,43,-5.7647676932800749e-12,-4.6068810133622149e-11
22,43,-6.1947695048989485e-11,-3.0410379397585627e-10
23,43,3.8924973381276691e-11,-5.1437632137402566e-10
24,43,3.8754185301031829e-10,-1.3632877717165447e-10
25,43,5.1247202985037658e-11,-1.0164126781779812e-10
26,43,9.4780337253314087e-11,-4.1347841705788539e-10
27,43,2.3812477626287921e-10,1.3601382651453208e-11
28,43,-0.3614109968118876,0.57206762328391614
29,43,-333.31213465996268,190.52154751086056
30,43,83.350904298099834,-2.7385409270395611
31,43,70.705991248470554,-11.586877967864993
32,43,1.5709183237783795e-11,-2.6395795592690783e-11
34,43,-1.3918529122154793e-10,2.1675643996252259e-10
35,43,-4.4339973323116408e-11,4.5087333216913641e-11
36,43,-9.5164044541636514e-11,9.2246332756225609e-11
37,43,-9.0738501688175879e-11,-2.4644225394745708e-11
38,43,-1.9837799006316375e-10,-1.0554210114155292e-12
39,43,6.5174509702802186e-11,-2.222353462006381e-10
40,43,-1137.5965010762661,649.82984977431249
41,43,284.33233294899122,-9.1816559757318714
42,43,241.22776873036995,-39.38092136761577
43,43,1471.2700467340183,-840.92346490814748
44,43,-367.68323724643619,11.920196902846737
45,43,-311.93375997941445,50.967799335699333
46,43,2.549035064604359e-11,-2.890248630601979e-11
47,43,3.2098837059157358e-11,1.8421100641864892e-11
48,43,1.5149262248666368e-11,-2.627662273540738e-11
49,43,2.6251295042014236e-11,1.4674377813385165e-11
50,43,-8.3191061418242342e-11,7.4674712040571831e-11
51,43,-1.2125201459951027e-12,2.4475232120303322e-12
52,43,-9.5491701046134235e-14,2.2537559667302917e-13
53,43,-1.6246174144204548e-14,6.0271978099824897e-14
59,43,1.9268775601020651e-18,-7.0701841265874402e-19
60,43,8.6688806258139545e-21,2.4557031302231973e-20
61,43,-1.1280449507841918e-22,1.9076035494079847e-22
63,43,7.8274717780973683e-16,2.4882490579045364e-16
64,43,-1.4972708800097004e-15,-4.677061618936297e-16
65,43,7.8274492630690771e-16,2.4882968882212018e-16
66,43,-9.3278853540371434e-16,-2.7016566771538509e-17
67,43,1.4125616100463595e-15,4.413584271873421e-16
68,43,-5.4403471355198273e-16,-4.4252311975876236e-16
69,43,3.0039543353777723e-15,3.2848341432982169e-14
70,43,-1.2199866882535485e-15,1.5588640140550393e-14
71,43,-3.7256520839658023e-15,-1.3186738169011449e-14
72,43,-1.2592742315761042e-18,-3.5568497240948822e-19
73,43,7.5809674259685157e-34,5.0121041760197735e-34
74,43,-1.8665938427138041e-33,-5.105731282997903e-35
75,43,-2.6543747667034872e-34,1.770149844957502e-34
76,43,3.4876022004639457e-13,-5.7298268292184156e-13
77,43,-1.3756293194364793e-40,-1.5370414902202179e-40
78,43,-2.3957319193489775e-42,5.4349982884629769e-42
79,43,2.0415719170913296e-41,9.2004464742802395e-42
80,43,-1.8648691330870956e-43,-1.3036764486418569e-43
83,43,1.1087872225699354e-41,2.2342570759033785e-42
84,43,-5.1227256154338628e-41,-9.145650916394599e-41
4,44,9.7197731708567643e-12,-1.2035701067663771e-12
5,44,9.5505132657178313e-13,7.4415147381178267e-13
6,44,4.0774163689145525e-13,3.3788188490255342e-13
9,44,2.2452716546992102e-12,-1.3495809424005799e-11
12,44,3.1918510684042813e-12,-1.4801620332430945e-11
15,44,1.0057927904830114e-21,-1.1691383332982814e-21
16,44,-5.4290628269020202e-16,-2.2634268024701242e-16
17,44,-7.7932622024846252e-20,-6.0069004680885148e-20
18,44,-6.163483271483744e-20,-5.3268166174665482e-20
19,44,-1.3288167426001847e-13,2.8541064450098216e-14
20,44,-6.1955047237198701e-13,1.7724961186165656e-13
21,44,3.9793614787618019e-12,1.3159852553364129e-11
22,44,1.7888664965033949e-10,1.7500528657374967e-10
23,44,5.6094147296923115e-10,-3.0646752387291039e-10
24,44,3.950329046524004e-10,-8.6273837265974383e-11
25,44,2.1666148496419854e-10,1.1103568488338241e-10
26,44,3.2209639036580941e-10,-3.0239353831273149e-10
27,44,2.8281259533806045e-10,-9.6628069389383121e-11
28,44,-1.5141398679359206e-11,5.8124873607429437e-12
29,44,83.350904297807858,-2.7385409266260718
30,44,-337.21557107503207,183.8730524122129
31,44,83.350904297672471,-2.7385409271465235
32,44,-1.3871066475065388e-11,-6.1009473434167274e-12
34,44,-1.2585594945451982e-11,1.661046729065059e-11
35,44,-1.9595948190722997e-11,-1.207607028473032e-11
36,44,1.2888895714282659e-11,-2.5501169545503382e-13
37,44,-1.9224522394293125e-11,5.5598609129848252e-11
38,44,-9.6414089269914438e-12,-3.5727095606559587e-11
39,44,2.5295570802549162e-11,-2.3657341244576636e-11
40,44,284.33233294873003,-9.1816559758094431
41,44,-1150.8863156719399,627.15148505775142
42,44,284.33233294879386,-9.1816559757351612
43,44,-367.68323724569467,11.92019690357694
44,44,1488.1018867462408,-811.02453746993092
45,44,-367.68323724778315,11.9201969028238
46,44,1.1174719927961562e-11,-6.8196701769185855e-12
47,44,6.1337226188737884e-11,-1.9029339943837677e-12
48,44,1.8073987612921673e-11,3.3265288649369517e-12
49,44,4.064177552631064e-12,-5.8534595296356943e-13
50,44,-9.8073744028336588e-13,5.5446358600240446e-12
51,44,-1.6194874208759595e-14,-1.3542802056249072e-14
52,44,1.2032198608452786e-16,2.140489486848118e-16
53,44,-1.6294835126032804e-17,2.2921906891183411e-17
59,44,1.4255093386574813e-21,-7.1186558627923012e-23
60,44,5.8801129179951569e-25,1.8251556308811864e-23
61,44,-1.1549579642186052e-25,1.0616094803259867e-25
63,44,5.4941822695016352e-19,3.1032001169638817e-19
64,44,-1.0522492499887756e-18,-5.8738484825952065e-19
65,44,5.4941579810739873e-19,3.1032331004684575e-19
66,44,-6.9715782478608232e-19,-1.6714988649974024e-19
67,44,9.9269908034377666e-19,5.5423735010824521e-19
68,44,-3.3942732769113577e-19,-4.1839452772980566e-19
69,44,-2.9118894601599493e-18,2.5173004566357015e-17
70,44,-3.3712545307514704e-18,1.1529842737913627e-17
71,44,-7.2561538484120698e-19,-1.0502186803083759e-17
72,44,-7.6729680020060907e-22,-5.0293608205913349e-22
73,44,4.2320906042495481e-37,4.5239583114591324e-37
74,44,-1.2571264240374778e-36,-4.2120169482628428e-37
75,44,-2.1762171774464536e-37,1.2521365574079654e-37
76,44,-8.6372533559313395e-13,5.0341242064382118e-13
77,44,-6.1003615337552497e-44,-1.3239863302711036e-43
78,44,-2.7340953207953286e-45,3.1720572895373986e-45
79,44,1.1803943012217144e-44,1.0454056765406615e-44
80,44,-9.8413538178936012e-47,-1.2680080474624206e-46
83,44,7.0614014412883013e-45,3.8159790934295153e-45
84,44,-1.5453760541206916e-44,-7.2402185947181557e-44
4,45,-1.5395566939866328e-11,6.1821075629979381e-12
5,45,1.070112975707275e-12,3.2746517281096257e-12
6,45,5.0838948825641681e-13,2.7451946257937906e-12
9,45,-8.8327858865939606e-12,1.7276135525759751e-11
12,45,5.0203702127741539e-12,2.3228258084076223e-11
15,45,9.1365536063424913e-22,-9.7959347606842932e-22
16,45,-1.846181808696701e-16,-7.4152666295167705e-17
17,45,-2.5784498909158862e-20,-2.0181364574333175e-20
18,45,-2.0378905838673785e-20,-1.7877012998699659e-20
19,45,-1.1285518566433305e-13,1.2944950734183202e-13
20,45,2.5683651134616176e-13,-2.4988786491516952e-13
21,45,7.5473437932628359e-12,5.5795482041437598e-12
22,45,-1.9659947239589557e-10,1.2849429628701057e-10
23,45,-1.8989699039942985e-10,-1.1993652126865818e-10
24,45,4.8559462931135736e-12,5.0632425170549109e-10
25,45,1.7649604302647219e-10,-4.2010259206439142e-11
26,45,-2.2157090577745523e-10,-5.7321478395693822e-10
27,45,3.4949462676928255e-11,4.2239690232394155e-10
28,45,2.7432963050680242e-11,4.4411322540879627e-12
29,45,70.705991248338179,-11.586877967733157
30,45,83.350904297128523,-2.7385409272297432
31,45,-333.31213466012065,190.52154751094528
32,45,9.4085685695242644e-12,-2.2231680257205314e-11
34,45,-3.190986686393256e-11,-1.1210691231424344e-11
35,45,4.7069130677914314e-11,-8.8294187724181407e-11
36,45,1.0999816493200961e-11,-5.8870631856609148e-11
37,45,-1.3298237136700004e-11,-6.0803740141512883e-11
38,45,3.7458826341604351e-11,-3.0596365221683236e-13
39,45,-2.9070875586238969e-11,-3.789727359979006e-11
40,45,241.22776873067789,-39.380921367615237
41,45,284.33233294883701,-9.1816559758643965
42,45,-1137.596501076403,649.82984977421972
43,45,-311.93375997914325,50.967799335835949
44,45,-367.68323724870493,11.920196902272156
45,45,1470.9086357362103,-840.35139728489673
46,45,-1.1560718822251367e-11,1.6985328434188307e-11
47,45,-5.7315286535896535e-11,-5.7557304827549387e-11
48,45,-1.6757552617912604e-11,-2.0051750918139668e-11
49,45,3.9009618702178437e-12,-5.7212131611873619e-13
50,45,3.3077841547604796e-12,2.7098587530265351e-12
51,45,4.9864401801739973e-14,-5.8358702454110756e-14
52,45,-4.1074714033745181e-16,-3.1749569268648176e-16
53,45,-1.5110572067208082e-17,1.9687654404542803e-17
59,45,1.2396363736906124e-21,-1.2083229668599595e-23
60,45,-1.7145746586175336e-25,1.5859053332705503e-23
61,45,-1.0434674750506617e-25,8.7642292788817899e-26
63,45,4.7455405815080226e-19,2.9148838854585618e-19
64,45,-9.0909355229422028e-19,-5.5213746045112732e-19
65,45,4.7455180614718285e-19,2.9149122145231959e-19
66,45,-6.0949639299731059e-19,-1.6999097594179435e-19
67,45,8.5764195883431804e-19,5.2097347430282153e-19
68,45,-2.8584073514606033e-19,-3.8001623431370029e-19
69,45,-3.3829806838952332e-18,2.2108797192752416e-17
70,45,-3.3466420632810204e-18,1.0060427399155497e-17
71,45,-3.0012274340328835e-19,-9.2865898789048619e-18
72,45,-6.4721417678255758e-22,-4.6507313287642075e-22
73,45,2.6409765276432923e-37,4.708296744316311e-37
74,45,-1.0702052174161914e-36,-3.8529408458948115e-37
75,45,-1.0184137251524809e-37,-2.1187694046085767e-38
76,45,-6.7113065810442116e-13,-2.5513453371026454e-13
77,45,-4.8334398173013294e-44,-1.1796475783131969e-43
78,45,-2.5420284793990787e-45,2.6638654275022085e-45
79,45,1.0125047886358418e-44,9.6334903088104844e-45
80,45,-8.2515809715921359e-47,-1.1492657877890306e-46
83,45,5.9374611438568314e-45,3.5685614460647341e-45
84,45,-1.1165829402872447e-44,-6.4019652201019223e-44
4,46,2.6684925071172676e-11,-1.0431741660429368e-11
5,46,1.5188351454775437e-12,-3.9926732398164406e-12
6,46,1.473465121040593e-12,-3.8067448129568973e-12
9,46,-6.4275242187078609e-13,9.2549565158657034e-13
12,46,-0.4269073447616436,0.91380435136532268
15,46,-7.5849995197510523e-23,1.073771798790639e-22
16,46,-3.6889130829700217e-16,-5.3968433336787278e-17
17,46,1.2893522626348954e-25,-4.6532969032993045e-25
18,46,1.3542084585583697e-25,-5.9230033996007586e-25
19,46,1.5208956229968956e-16,-1.42057940849715e-15
20,46,8.7352646256981465e-17,-1.7234315908004023e-15
21,46,1.0165527409228325e-12,-1.2216165717790924e-11
22,46,-2.020984568074816e-15,5.5035710052872371e-15
23,46,-1.5622407031332485e-12,-4.8888633958175658e-12
24,46,-3.4661984187054769e-12,-1.0242622309569987e-11
25,46,-2.4843333276013707e-15,1.5200123947509745e-14
26,46,-2.1318732820673623e-13,-6.0833186426954558e-13
27,46,3.2077918174168591e-12,1.4651052925383949e-11
28,46,1.6381533652853871e-11,-1.4637111595526348e-12
29,46,1.1393354545535343e-11,-1.1749019854141612e-11
30,46,1.4671192645118262e-11,-5.8333605504211433e-11
31,46,2.9821859391076141e-12,-2.4103187262440298e-11
32,46,2.3097753293106236e-11,6.1232371364351799e-12
34,46,2.8795285526418361e-11,-3.5077769890414391e-11
35,46,-3.9274722499233966e-11,7.4216055611598288e-11
36,46,-4.4230517538343634e-12,2.3973697020439084e-11
37,46,-2.9049958156332884e-11,-8.1988459472240457e-12
38,46,1.8950269000001144e-11,-1.4544352044613877e-11
39,46,4.8833161423236418e-11,-1.7153658631007969e-11
40,46,-1.1643408355183906e-11,1.3191598023583803e-11
41,46,8.4623729372410711e-11,-7.0123576618920996e-11
42,46,4.9984125837698635e-11,-7.0935952641100678e-11
43,46,4.3368617586315167e-11,-2.5526300007445383e-11
44,46,-2.9123067600292562e-11,-6.6680617840478053e-12
45,46,-1.0724576302592739e-11,-2.9509443525998925e-12
46,46,0.42690734476652137,-0.91380435135104443
47,46,2.8976295470857261e-11,-3.0709922474366617e-11
48,46,3.5685267538623846e-12,-3.5538157329673829e-12
49,46,1.7978693212013975e-11,3.0941968149666555e-13
50,46,1.196295542038974e-10,-6.3241725265281307e-11
51,46,8.8649633296530627e-12,4.2848822194704724e-12
52,46,1.4292561994210703e-13,1.8536346373511026e-14
53,46,-4.0055606807141202e-14,-2.6383817444926916e-15
59,46,-1.2038350267703706e-22,1.7619638257114817e-23
60,46,-7.6896415345280463e-25,-9.0984922694896413e-25
61,46,8.1534134443635918e-28,4.8605914108512898e-27
63,46,3.1864318829728833e-19,-5.5958830180005977e-20
64,46,-6.0800662861621938e-19,1.0992099342327382e-19
65,46,3.1864160001600633e-19,-5.5955953882642289e-20
66,46,-3.3054914123996725e-19,1.6076456395047808e-19
67,46,5.7362682481752693e-19,-1.0366637156623068e-19
68,46,-2.7065488369178324e-19,-5.521282217287033e-20
69,46,7.0426367379783776e-18,1.0917915770181959e-17
70,46,2.4184013967878125e-18,5.6643280050038581e-18
71,46,-3.7061792503587431e-18,-3.9231723692074023e-18
72,46,5.4321458775830127e-23,1.7665496083312947e-24
73,46,2.0397551261675755e-35,1.1217080431766821e-35
74,46,-3.3750229686785694e-36,-3.7697146605045602e-36
75,46,-2.7434292740195803e-35,9.4908531161473807e-37
76,46,-4.8104941033051661e-14,-1.2319149606540294e-13
77,46,-7.2635456245464728e-46,4.6309279760327821e-45
78,46,2.2416358553264239e-46,4.7872075975664792e-46
79,46,1.5064337110936913e-46,5.7909291999591962e-46
80,46,1.0492289452419396e-47,-2.1268665285637509e-47
83,46,1.708944684926802e-46,1.0307153005166254e-45
84,46,7.4271621952520163e-45,2.1458120432011644e-45
4,47,1.5580056902073076e-10,6.8023367603881397e-11
5,47,4.0242554232534999e-10,-9.6196044316588919e-10
6,47,-2.0123414580850558e-10,1.0931652581207354e-09
9,47,-361.4278797239408,371.40194289345231
12,47,-8.0320888868292435e-12,5.5990118529095135e-12
15,47,2.1392299665206758e-13,-1.1250686031159398e-13
16,47,-1.3054817160059169e-10,3.3753089468257216e-10
17,47,-5.2173553292028718e-25,2.7837274991164063e-24
18,47,2.6145388398788757e-24,-5.4964560571215119e-24
19,47,-7.5575423381343934e-15,8.7209078403728854e-16
20,47,-9.0549280326776015e-15,1.5624455334367999e-15
21,47,-1.9505805216190895e-11,4.1753658387728874e-12
22,47,-1.6744283708851554e-14,1.8319862102522917e-14
23,47,5.5435717779172534e-12,-3.7667380835182682e-12
24,47,-8.5865267584165829e-11,6.1307975125972221e-11
25,47,-5.017523279126954e-15,2.6734412509743257e-14
26,47,-3.9208062811837457e-13,-8.9871045263528613e-13
27,47,7.9403840540943623e-12,2.6965662765820599e-11
28,47,-3.1409773794848251e-11,3.6476246758602492e-13
29,47,3.2463936524282015e-10,-8.5429264157422769e-11
30,47,-3.0480187646165324e-11,1.197803676281818e-10
31,47,5.3569308457213224e-11,-2.1286761782660223e-11
32,47,6.8667639981283735e-11,3.501864108918239e-11
34,47,1.4766919390186764e-10,-8.0053679611919345e-12
35,47,5.5646252558941719e-11,-2.4120145424358285e-11
36,47,9.1613979822001567e-11,4.5158799678594024e-11
37,47,1.2736151277697691e-10,-5.9834203307035938e-12
38,47,5.4552424456668508e-11,4.224998558243535e-11
39,47,1.3252568130488966e-10,-7.5773888071305647e-12
40,47,-4.8355268998177441e-11,-1.1678719246111889e-10
41,47,-2.2727329207800892e-10,-6.8124450529379232e-11
42,47,1.8570570426133414e-10,7.6531444067526824e-11
43,47,-3.9007392110553235e-11,4.6993820485192319e-11
44,47,-1.2618970770777802e-11,5.6493707975905688e-11
45,47,1.383536893899341e-11,2.9532886852006667e-11
46,47,-8.2934512924599594e-12,-1.6958594843642315e-12
47,47,645.06842129256734,-669.55575104447098
48,47,-283.64054156864188,298.1538081512212
49,47,8.3998730523096765e-11,8.4735927538463253e-11
50,47,-1.0605710402389591e-11,7.4823774593996705e-11
51,47,-1.0614162148033701e-11,2.4469758964765121e-11
52,47,-5.0594493903734141e-13,4.0238814559794992e-13
53,47,2.7211566735699856e-14,3.1463841797795842e-13
59,47,2.1188550665378104e-13,7.1700102447928797e-14
60,47,-9.3235643605154614e-16,2.7698094540008122e-15
61,47,-8.166808539278272e-18,1.7851130108844229e-17
63,47,-2.3706296897715351e-12,2.2856041188345312e-12
64,47,4.5051022562418968e-12,-4.3877331513409629e-12
65,47,-2.3706603035664955e-12,2.285610532186556e-12
66,47,1.8747074806188731e-12,-3.2378210146915151e-12
67,47,-4.2512358661955098e-12,4.140173374655134e-12
68,47,2.5982546088218566e-12,-1.0743149267459995e-12
69,47,-1.2179976463543813e-10,-5.2100130168639422e-11
70,47,-5.2639163397087905e-11,-3.4039343329717386e-11
71,47,5.3626297298886413e-11,1.1883697291679143e-11
72,47,-8.6907689740062183e-14,-1.1685113384621172e-13
73,47,1.4669891525056956e-27,3.7522183705523286e-28
74,47,1.1019603311129009e-28,-2.9229128868668837e-28
75,47,-2.0944922708655963e-27,1.2218619692802223e-28
76,47,4.3809987674051069e-13,2.7521074259254973e-13
77,47,-1.5461627455898279e-35,-5.3995228915831998e-38
78,47,4.323470915619595e-37,8.0530450797251667e-37
79,47,3.7713843300658125e-37,-3.2780191066836256e-36
80,47,-1.0169560868104837e-38,2.1045662219713245e-38
83,47,1.1506423805261369e-36,6.8895313283675082e-37
84,47,-6.2868942867005296e-36,3.770204997426647e-36
4,48,3.8457042572224646e-11,3.8973376680716995e-11
5,48,1.6544500449348894e-10,-4.3160864240461891e-10
6,48,-1.7733598684058539e-10,7.1225145618329145e-10
9,48,-2.1361892157616272e-12,7.6702833023903644e-12
12,48,-4.2443622454283836e-12,5.148657259984011e-12
15,48,7.889689150555409e-14,-3.8519026953262416e-14
16,48,-4.2856967363902331e-11,5.8141481473871592e-11
17,48,-3.7690804198065935e-25,2.2601882534943892e-25
18,48,-3.6125374415022545e-25,3.2221971239180395e-25
19,48,-1.9785037639301265e-15,9.3725378517066976e-16
20,48,-2.3225773488848513e-15,1.264008559034955e-15
21,48,-8.2903626011439865e-12,7.5938383180123818e-12
22,48,-6.7502570990007703e-15,5.193112839892875e-15
23,48,3.7152741574746974e-12,-1.3414343305265485e-12
24,48,-2.8752480916575056e-11,2.2568111165513161e-11
25,48,-3.1409258396994715e-15,6.455624660601081e-15
26,48,1.4499257663053545e-13,-2.5468110558818737e-13
27,48,8.9423244708053521e-13,6.5472914726593411e-12
28,48,-8.3325957600871213e-12,1.3109105376706012e-12
29,48,7.7139836365163535e-11,6.8837811749952977e-12
30,48,-2.5945244661204392e-11,4.0392152480817521e-11
31,48,-5.8315488821649586e-15,-1.1039449447988525e-11
32,48,-0.0013333327433979608,1.9999991111254094
34,48,4.7384461656309175e-11,2.1233839422213496e-11
35,48,5.6121744297313987e-11,1.3049274500569319e-11
36,48,3.6306096913318849e-11,1.6425426727628416e-11
37,48,3.5288201602158551e-11,-5.8687022737817046e-12
38,48,3.6655376006132735e-11,1.7745078484699614e-11
39,48,2.4922765848314906e-11,1.3741125100146819e-11
40,48,7.4097901471108134e-12,-3.9114940768010719e-11
41,48,-8.852137145955644e-11,-2.5717465506670071e-11
42,48,1.2688381144227512e-11,5.4118558729864601e-11
43,48,2.8618214329154391e-12,6.9984919618042538e-12
44,48,-8.2740989452855151e-12,5.3132275303754043e-12
45,48,1.1246728071269901e-13,4.1834577624423744e-12
46,48,-5.754459673821083e-12,4.0873655206055715e-13
47,48,-283.64054156855343,298.15380815117902
48,48,1532.8179742993607,-1613.2475174464394
49,48,-1249.176099398001,1313.0937101841685
50,48,-5.2965432536863953e-12,2.2222631320320162e-11
51,48,-4.060831186447998e-12,-6.6382365870276599e-13
52,48,-1.1372289223464707e-13,5.8030752378294798e-14
53,48,2.2605513574991214e-14,8.2866749286811198e-14
59,48,7.6150684131050218e-14,2.834088031215171e-14
60,48,-3.5020110731984566e-16,1.0068946161115735e-15
61,48,-7.9945192309861214e-18,4.8362431753614561e-18
63,48,3.7720887185792893e-14,1.3625790779786165e-14
64,48,-7.2321538471072343e-14,-2.5661223173212015e-14
65,48,3.7729068047404108e-14,1.3628686681570154e-14
66,48,-4.5450651866850276e-14,-3.0820426587689887e-15
67,48,6.799683534795782e-14,2.4531280921376531e-14
68,48,-2.5716394540587599e-14,-2.2626258806991291e-14
69,48,-3.7733606696499207e-17,1.5924871456854766e-12
70,48,-8.7231138045553658e-14,7.583018087154364e-13
71,48,-1.4783214852387488e-13,-6.9812442682905122e-13
72,48,-3.0785829102043702e-14,-4.2913395399043501e-14
73,48,4.2920822872581875e-28,8.4395241273272683e-29
74,48,6.2890928174617082e-31,-1.3391811863472985e-28
75,48,-6.0275493325546548e-28,9.9159735317296315e-29
76,48,8.2613233644300165e-15,1.9915959741670793e-13
77,48,-2.2790238880323077e-36,-5.0601579728742208e-36
78,48,-2.0452486691021681e-38,2.2718454942361423e-37
79,48,3.2641234578548872e-38,-3.0851118907290023e-37
80,48,-1.3354008696523022e-39,-1.0941122634092081e-40
83,48,4.3913642421123517e-37,4.7266000035645469e-37
84,48,-1.1337301512796288e-38,-1.2189955222888864e-36
4,49,1.539415551262696e-12,7.1498773806829719e-12
5,49,-8.3205327490649882e-15,1.0091433475852449e-14
6,49,-1.0840697136501369e-14,7.9466082969101236e-15
9,49,-5.519638286431995e-12,3.6293939875786767e-12
12,49,4.1725297074601465e-12,-3.4301149582735129e-13
15,49,-2.5459641866489693e-13,8.2814249006984616e-13
16,49,-2.9945989733878661e-11,1.1677317143373236e-10
17,49,-2.2230939208337632e-25,3.2876263980809358e-25
18,49,-2.5109267445615699e-25,4.1479230547788215e-25
19,49,-8.2283985861284569e-16,1.2131913318198852e-15
20,49,-9.1027084274369446e-16,1.5186573354988133e-15
21,49,-3.8795686103447064e-12,9.1127856586406983e-12
22,49,-2.7256137375106692e-15,5.5403010100594623e-15
23,49,-9.8667808388495942e-12,-1.8760243497283655e-11
24,49,-5.7079696800645787e-12,1.8834870477230776e-11
25,49,-2.5325661342516293e-15,6.2018281798844709e-15
26,49,-5.0025843954129802e-14,-2.3133744994138483e-13
27,49,-1.3525180949761281e-12,6.0642592954686911e-12
28,49,8.8386540296675367e-13,4.8643851808369253e-13
29,49,-4.5239916327478427e-12,-1.0885281029993965e-11
30,49,-1.9654667853701673e-12,-1.3223005522516313e-12
31,49,-1.0519068535154529e-13,-2.556149875311303e-13
32,49,9.6053230371195221e-14,3.7066026354103906e-12
34,49,-2.346564937188697e-12,1.2530256496797273e-11
35,49,-4.6016725500436491e-12,1.80239227300384e-11
36,49,-4.4104650849552062e-12,-3.3413782898552533e-12
37,49,-8.775893933560771e-13,-1.0916869414942902e-12
38,49,-1.4426669235863726e-12,1.9630095099282906e-11
39,49,-2.4438489938113749e-12,-5.601871216848344e-12
40,49,3.2229395181243726e-11,-2.7726800458689135e-11
41,49,2.264675472973538e-11,6.7083428772520547e-11
42,49,-5.0755800320778376e-12,1.5192729362521765e-11
43,49,-4.115632413478455e-12,-7.8632555864409891e-12
44,49,-2.1480474990473546e-12,2.425625485644225e-12
45,49,-2.1789009148492536e-12,2.219262336729689e-12
46,49,2.7010218844477718e-12,2.4096257852073184e-12
47,49,-6.2201300011956666e-11,-3.1055870129544059e-11
48,49,-1249.1760993980249,1313.0937101841484
49,49,1742.009938997061,-1833.1405213672938
50,49,-492.83115032615933,518.04824314832979
51,49,-2.8917466694867315e-12,4.9043626545021294e-12
52,49,3.9952842688796287e-15,3.3707344537743884e-13
53,49,-0.0026892729670686031,1.9985680348139261
59,49,-7.1773025137645495e-13,3.574521012351815e-13
60,49,-4.7488604809061948e-15,-8.730955905165033e-15
61,49,2.5626575749405026e-17,-1.4478399513459801e-17
63,49,-7.3915915383948426e-16,-2.5424165067036797e-17
64,49,2.3981456371940814e-15,-1.0249154549665347e-15
65,49,-8.1606604386494974e-16,-2.5539357501265277e-17
66,49,6.9379865047780161e-16,-1.1998008729429805e-16
67,49,-2.9309495081449617e-15,-2.712917812689876e-15
68,49,5.7101739259776781e-16,2.5537264506945537e-16
69,49,6.3385388279254734e-13,-5.0058624989986343e-13
70,49,-1.3425731841488981e-14,1.2184760476108383e-15
71,49,1.3232753677201843e-13,2.874096311592739e-13
72,49,4.9097534705512891e-13,5.7505179280571523e-14
73,49,2.4457533514210963e-27,2.923472998045704e-28
74,49,-1.2505548371903434e-27,-5.2303317291453968e-28
75,49,-2.8077439838675591e-27,3.0420508884830069e-27
76,49,2.3913205556586867e-14,-1.6102931494082055e-14
77,49,1.7121717943601056e-35,9.5375702745630035e-36
78,49,-1.996100918193753e-36,-7.4109028914182212e-37
79,49,-2.0458129385572849e-36,6.062911144655374e-37
80,49,-2.5558831255504116e-39,-4.0055281079319825e-38
83,49,3.3396239844770856e-36,6.387013878092232e-37
84,49,5.3085609635601482e-36,-2.1579949465045088e-35
4,50,-9.4231386375709269e-12,-3.9206070051431944e-11
5,50,-1.270900348514695e-13,3.8802805578585546e-14
6,50,-1.7768934240766714e-13,8.3064694879741975e-14
9,50,1.6033694927448671e-10,2.6381713661842595e-10
12,50,-9.2812742369947734e-11,-2.0708854849597555e-10
15,50,-2.5780162239320826e-13,8.4624386650290353e-13
16,50,-2.646720053065076e-10,1.9461037792559478e-10
17,50,2.9400114758898228e-24,-3.1470606663773786e-24
18,50,3.5516671121953382e-24,-4.0937183025066052e-24
19,50,1.2988336403688904e-14,-1.6113593508540678e-14
20,50,1.4573798212722741e-14,-2.0310066423718865e-14
21,50,5.7877546340992519e-11,-8.8681727622958643e-11
22,50,2.5726453050826721e-14,-7.1858606647584356e-14
23,50,-8.6285217026100663e-10,-1.6237239841430084e-11
24,50,7.490767210155581e-11,-3.0326050881144459e-10
25,50,6.0619983176149303e-14,-3.3708342227114561e-14
26,50,1.1481023210325636e-12,2.0002846486194005e-13
27,50,2.3034072812135227e-10,-6.1959538982886238e-11
28,50,-3.8021579318211802e-11,-8.7376935680765658e-11
29,50,-1.3510234704654472e-10,4.1034754641178967e-13
30,50,8.2487363431971837e-11,-1.4692812266554887e-10
31,50,-9.8234165095676582e-12,1.0370397198069346e-11
32,50,-2.0177066229988122e-11,3.7977176412347324e-11
34,50,-1.5606785549136782e-10,1.2373781685869104e-11
35,50,-1.154803849949815e-10,1.9293838802404775e-10
36,50,-1.968271609643218e-10,1.3341978535489061e-10
37,50,-5.4274290449445767e-11,1.0005327753865029e-10
38,50,-9.5802568493690337e-13,1.9726695933048411e-10
39,50,-7.79356063555149e-11,1.302066465417607e-10
40,50,6.7781591999812681e-11,-7.4066624060500764e-11
41,50,1.6532923713777482e-10,6.0590403979360877e-10
42,50,-3.4570019002900863e-10,-1.4029906271739155e-10
43,50,-2.8631832761678869e-10,-8.9910542053496852e-11
44,50,-3.6623511190619445e-11,-1.0336098578921481e-11
45,50,-4.1947250836769568e-12,-1.1067825635753478e-11
46,50,7.4435762126730622e-11,-1.8153552154515839e-10
47,50,-4.944597562288312e-10,1.1572413645414974e-10
48,50,-1.2283394968115211e-10,-2.9671746915990574e-11
49,50,-492.83115032593474,518.04824314839516
50,50,493.24756821733899,-520.81568974876063
51,50,-0.41057726368520731,0.77221693152627102
52,50,-0.0058406265204825466,1.9952296686644906
53,50,4.2691040639788528e-11,1.9767252935991991e-10
59,50,-7.3191324802350031e-13,3.6684763836699741e-13
60,50,-4.8929792892359884e-15,-8.9142940771179314e-15
61,50,4.2133462941984127e-17,-1.6272183005088972e-17
63,50,-1.0328030344984954e-13,-2.1197091577479247e-13
64,50,2.0027070534379874e-13,4.0273337274754314e-13
65,50,-1.0338341558922314e-13,-2.1194721915873623e-13
66,50,1.7897492184234945e-13,1.993164527896206e-13
67,50,-1.8963899855130475e-13,-3.8372524397082355e-13
68,50,1.5723589883917548e-14,2.007248193775507e-13
69,50,6.8888434778325761e-12,-7.6140410487364088e-12
70,50,3.4709476176233375e-12,-2.8177937345582545e-12
71,50,-1.8735576651228122e-12,3.6674663990060753e-12
72,50,5.0152990080942402e-13,5.714416293516087e-14
73,50,2.5985672053106061e-27,2.2641059390932979e-28
74,50,-1.198857256796183e-27,-4.3898894955562517e-28
75,50,-2.9706905374543828e-27,3.1683032543595388e-27
76,50,-3.2499886308305611e-11,2.9133287080056192e-11
77,50,1.4338263156792496e-35,2.5354765389475559e-35
78,50,-1.5803549239267071e-36,-8.2867864445375071e-37
79,50,-2.505565685583046e-36,-1.2269429003647093e-36
80,50,-1.9932167344760594e-39,-2.2243130484530948e-38
83,50,3.0562239894360843e-36,-7.6672725245894135e-38
84,50,2.0765822825279048e-36,-1.4314501997074894e-35
4,51,-2.5803669859487537e-12,3.7430635759499459e-12
5,51,-9.7395604165832888e-15,-2.7362624740406039e-15
6,51,-8.4263272860139272e-15,-2.5503730737208588e-15
9,51,-3.3414576143475386e-12,3.1502994092154743e-12
12,51,-7.0355841261250744e-13,-5.8189336637934732e-12
15,51,1.3317401373361811e-18,-1.9877261281975202e-19
16,51,-2.6671138966364885e-14,1.2904382937307885e-14
17,51,-8.0468831076124098e-26,-1.3009898021873969e-24
18,51,-1.7843498864407851e-25,-1.5914564727037715e-24
19,51,-2.9249980785125812e-16,-4.7030980541472648e-15
20,51,-6.7070455973511303e-16,-5.6518609132068049e-15
21,51,-8.103486140897951e-12,-3.1564535287299582e-11
22,51,-1.064243305151871e-15,-1.1442068335710646e-14
23,51,2.5770681508408042e-13,1.0117172355374797e-12
24,51,-1.9939530544054365e-11,-5.4876258100787867e-11
25,51,-9.7812510897917324e-16,-6.455752320536287e-15
26,51,3.7817649740874393e-14,1.1256654023017488e-13
27,51,-5.038579972820878e-12,-5.9574890600468494e-12
28,51,-8.5941381439318393e-13,1.7837270322233912e-13
29,51,6.5762578914823844e-12,-5.3005831831650928e-12
30,51,6.2186409556127965e-13,-2.2191240585268834e-13
31,51,1.3852300955299375e-13,5.3761391502281886e-14
32,51,2.1983985845323998e-13,-5.7671787099072572e-13
34,51,-6.5314488074997763e-11,7.9215553398191832e-11
35,51,-5.209876666967264e-11,8.1644817571087483e-11
36,51,-4.9544996456265633e-11,8.419124211023221e-11
37,51,-5.4176607479455836e-11,6.8614609504328556e-11
38,51,-4.5758668895159284e-11,7.6809580983103222e-11
39,51,-4.3375364925920984e-11,7.9236847866437207e-11
40,51,-1.680896110415475e-11,-1.0452046054848203e-11
41,51,1.0495633961042818e-11,9.5035501056789809e-13
42,51,3.1787983051596353e-11,-2.0968569321356181e-12
43,51,4.9485665855142009e-12,-3.2478843983270549e-12
44,51,2.4723676998386683e-14,1.6571101061912287e-15
45,51,4.0595764597322679e-15,-2.8163967102123568e-14
46,51,3.2262379032450419e-12,-3.9078794200665177e-12
47,51,1.8406410020529353e-11,-1.0652085376489408e-11
48,51,5.6031917377496355e-12,-3.3518528245501035e-12
49,51,-3.9298360610293923e-12,-9.5662675757636884e-12
50,51,-0.41057726370699799,0.77221693127468005
51,51,0.4105772637836137,-0.77221693139902947
52,51,9.2122957250461678e-14,-1.6943977418964783e-14
53,51,7.2063115118270506e-14,1.0065207102543587e-14
59,51,9.826715346560634e-19,7.662858138302871e-19
60,51,-1.9379405339753493e-20,7.9040463658951409e-21
61,51,7.8363914710381735e-21,-7.5748126531015635e-22
63,51,1.889764290427905e-16,-5.5362322002685196e-16
64,51,-3.5561032793034918e-16,1.059111586813954e-15
65,51,1.8896795856968177e-16,-5.5360960097256414e-16
66,51,-3.3292043555118929e-17,6.6380411179741416e-16
67,51,3.3554645156279631e-16,-9.9918632618042606e-16
68,51,-3.2331468682814636e-16,3.8072951130136837e-16
69,51,2.3433701763322569e-14,-1.6461153019710209e-15
70,51,1.1081929164066564e-14,1.1037079026699778e-15
71,51,-9.4448594074824493e-15,2.453328009621439e-15
72,51,-2.6704501907592307e-19,-8.8329247378805335e-19
73,51,3.6375200243594207e-32,-2.198439277237485e-32
74,51,4.6687163813576916e-32,4.8943944236719189e-32
75,51,-4.1704993937521847e-32,6.4580860372665053e-34
76,51,1.4810470514864166e-13,-5.5970946825788961e-14
77,51,-1.5263351739326947e-39,7.6759041463858121e-39
78,51,2.2633810756902776e-40,-3.5694886006297952e-41
79,51,-2.0784153059748706e-40,-9.0833938645767155e-40
80,51,3.603460675082045e-43,9.2151789917603627e-42
83,51,-1.7896980222232672e-40,-3.5850862570004437e-40
84,51,-1.6302321400834215e-39,3.825738268050273e-39
4,52,6.0579854134050813e-12,-1.0444476252807149e-13
5,52,6.0554558955415727e-15,1.0931970018176137e-15
6,52,4.9822033039093625e-15,1.2966348453878784e-15
9,52,1.694531532096139e-12,-2.2562782063156334e-13
12,52,-2.0738482363024255e-13,5.3631018166170193e-15
15,52,8.0582068358518353e-25,-3.8996686886509881e-25
16,52,1.1279687160944831e-15,4.2363600390392234e-16
17,52,4.1225344379787483e-27,1.7927849918354415e-27
18,52,5.1656066793750135e-27,1.9190772207202615e-27
19,52,1.7625803339234617e-17,6.6051737792153768e-18
20,52,2.1702316070508484e-17,6.7737212707343088e-18
21,52,1.1005497674887493e-13,2.4712172939851006e-14
22,52,6.4531894599433493e-17,3.3930642554758298e-17
23,52,-1.4730953615865789e-13,-9.558841350527224e-14
24,52,2.4869820650419771e-13,-7.5496193019471508e-15
25,52,-5.6187397138528012e-18,4.0743087065334531e-17
26,52,-3.7934644517397395e-15,-1.5841844429334975e-18
27,52,-1.9172803966689802e-13,9.4647204879490072e-14
28,52,8.2227272105268356e-14,6.4980919334891078e-14
29,52,3.3725256600093069e-13,1.5017592068654221e-14
30,52,-2.9369370079508344e-13,4.9453454315523948e-13
31,52,-5.0376781302943427e-15,4.0545140361152913e-15
32,52,9.1909953687070625e-17,-1.8125314068586147e-16
34,52,9.9601467298498232e-12,3.7613518615206475e-14
35,52,-2.7451726647203695e-13,2.3287425843678304e-13
36,52,-2.6561305242823787e-13,2.2258928213726402e-13
37,52,-2.5415984891173633e-13,2.0645092185594301e-13
38,52,-2.6515891111094315e-13,2.1581987455627663e-13
39,52,-2.560685890042771e-13,2.0592896047597522e-13
40,52,-1.3420126670900631e-13,-1.8042370581717615e-13
41,52,2.5349914170224411e-13,5.0731464555504405e-13
42,52,2.3119226043531482e-13,6.1617354632604502e-14
43,52,5.371199250551726e-13,-2.1524394774403247e-14
44,52,6.6714137443512637e-16,7.349353766861191e-16
45,52,-9.781482026277685e-16,-5.2558108657343598e-16
46,52,-1.2692666301187295e-13,-1.2672678320290369e-13
47,52,3.7341158322747011e-12,-7.7261325295628944e-12
48,52,-4.6704565713535188e-13,-8.0580540579212983e-13
49,52,3.8670521690942695e-14,3.0219739567467256e-13
50,52,-0.005840626714235039,1.9952296685677153
51,52,3.2975242656085126e-14,2.4158505347524025e-15
52,52,0.0058406267199968553,-1.9952296685676609
53,52,-7.3791259868284558e-14,-1.9845205491726075e-13
59,52,7.7545796435079686e-25,2.9166307423345791e-25
60,52,2.0749436402296649e-27,9.4745020815925601e-27
61,52,1.7654030961188738e-26,5.0415364215873761e-27
63,52,6.2353932883100382e-25,1.9367808775233814e-25
64,52,-1.1960816239992217e-24,-3.5434650633823475e-25
65,52,9.445941404063923e-24,1.3013611562143848e-23
66,52,-7.4183010378562738e-25,-1.6650288912602438e-26
67,52,1.1280970630109221e-24,3.6769637913976398e-25
68,52,-4.2662623461356619e-25,-3.3124431734100302e-25
69,52,1.5817398916745272e-24,2.5884232819740078e-23
70,52,-8.657127822002123e-25,1.2391042035385893e-23
71,52,-3.4397174941945856e-24,-1.0837915598754875e-23
72,52,-3.1206170371640838e-25,-4.1145086084299164e-25
73,52,1.4296716071939569e-34,-1.63048895918763e-34
74,52,-4.1380148675277092e-35,-1.0130442924656923e-35
75,52,-6.8225169792304846e-35,2.5550090099619211e-34
76,52,-3.6166705544780466e-15,-4.660224172451145e-14
77,52,1.4697533451043105e-45,6.9039528259442481e-44
78,52,8.050982521035575e-45,-3.5460569692854666e-45
79,52,7.1738878743990187e-45,7.7386610793566165e-45
80,52,-8.2344796830206453e-47,1.1673977387669314e-47
83,52,-8.2526302308429799e-46,-2.155210162493761e-45
84,52,-1.5105905527583659e-44,-2.3117898502761622e-44
4,53,3.5703784831700371e-14,-1.4605352328515638e-13
5,53,2.6239745172525077e-17,-2.6003001007208932e-16
6,53,3.3090333364916335e-17,-2.1741914827710769e-16
9,53,6.8809940136995034e-14,9.2984861400044366e-15
12,53,-2.032392698186396e-14,-1.9604390066047545e-14
15,53,-1.4275888308573559e-25,-9.2582480227602072e-25
16,53,-9.622986134932403e-16,-1.4081499654621638e-16
17,53,1.4887077662598447e-27,1.598624384900104e-27
18,53,1.9351545204815232e-27,1.8756972276988761e-27
19,53,5.3924400530821611e-18,7.3478748927674677e-18
20,53,6.9997278721842433e-18,8.4965887686121858e-18
21,53,4.4067813925216123e-14,3.2519958893487525e-14
22,53,2.3561204048755189e-17,6.0803885226508434e-18
23,53,-1.6138739871749225e-13,8.9326372747083554e-15
24,53,1.0852110892562815e-13,5.1600324149783911e-14
25,53,-1.0858989120717923e-17,2.4954993955982766e-17
26,53,-3.7336767149742649e-16,2.0188665633501994e-15
27,53,-5.4385522708513498e-14,1.7484456307108526e-13
28,53,-7.8263110671397643e-14,-7.5917228542926942e-14
29,53,-1.1308320862872207e-13,1.1549845272820066e-14
30,53,2.0053925297260493e-16,-5.7707269462183976e-15
31,53,4.1694777671105257e-17,-1.8515769363430586e-16
32,53,-2.8992690210368998e-19,6.8063154446336723e-19
34,53,6.930453108548371e-14,-2.5946092142744941e-13
35,53,9.4882320631565721e-15,-1.379653981905012e-14
36,53,9.1725024708338759e-15,-1.3156672377664226e-14
37,53,8.5450731508839652e-15,-1.207435941766479e-14
38,53,8.849034077716352e-15,-1.2624981568167542e-14
39,53,8.5463566383300415e-15,-1.207265131824629e-14
40,53,4.0508097036060109e-21,-8.2910446442708615e-21
41,53,4.1666297922972275e-21,-8.6223907628282931e-21
42,53,4.0014510521816151e-21,-8.3198312762864089e-21
43,53,-3.4005577145708401e-13,2.0183820030135618e-14
44,53,-7.1040183017616034e-17,-1.4435224419706131e-17
45,53,-6.2183943262666125e-17,-1.5034136265782385e-17
46,53,1.720712990758701e-16,-2.4413468523903392e-14
47,53,8.4595073853870589e-14,7.3128902403669739e-14
48,53,-4.2510371608603004e-14,9.3528441408741525e-15
49,53,-0.0026892729671220386,1.9985680348138644
50,53,1.9525727210721998e-13,-8.3711489292817642e-13
51,53,-1.6677574247998555e-15,-5.522591451339546e-14
52,53,-1.1493412255897416e-13,1.4409683262249221e-13
53,53,0.0026892729668794857,-1.998568034813843
59,53,5.2980517131921941e-25,-6.8621873169753994e-25
60,53,8.2429684285706468e-27,1.231733344908262e-26
61,53,-9.1849863223487943e-28,1.0944454453152506e-26
63,53,-2.3094024813402483e-25,5.0956315288147033e-25
64,53,4.256512794132185e-25,-9.7142321550571749e-25
65,53,-6.4868736765351838e-24,7.0685796592777838e-24
66,53,9.3072666302233278e-26,-6.2913711503053998e-25
67,53,-4.2883670068582563e-25,9.3089845924704978e-25
68,53,3.278811469262885e-25,-3.2621101435676014e-25
69,53,-2.2752888590607601e-23,4.8369259585171019e-25
70,53,-1.1008534180021531e-23,-2.1945443246510006e-24
71,53,8.5936083191872131e-24,-1.4567510293121427e-24
72,53,-5.2252231737970869e-25,1.9102307019728481e-25
73,53,1.1390694493374416e-34,1.3637788485723888e-34
74,53,-9.6818876385484111e-36,-3.2156719028366556e-35
75,53,-2.1781284050418111e-34,-8.7243772996062123e-35
76,53,3.7816440700000297e-15,-4.4855877980922093e-15
77,53,3.0826623427694076e-45,-2.1698507772732454e-44
78,53,-1.1506860760902341e-44,7.984065746085e-45
79,53,-9.759228114643375e-45,4.3511161081274414e-45
80,53,-6.3194436854206486e-47,-1.0361847084217197e-46
83,53,9.9604819549101372e-45,5.8596296492313396e-45
84,53,7.8552563906685894e-45,-4.8042269747952194e-44
21,54,-0.0013333327407410048,1.9999991111115067
54,54,0.0013333327407410048,-1.9999991111115067
17,55,-0.0013333327407410048,1.9999991111115067
55,55,1.2777796828989556,-5.5981403683037154
56,55,-1.2764463501582146,3.5981412571922089
55,56,-1.2764463501582146,3.5981412571922089
56,56,2.2571545034149088,-5.5589259153068316
57,56,-0.31094939705496039,1.4774699051749001
58,56,-0.66975875620173397,0.48331475293972281
56,57,-0.31094939705496039,1.4774699051749001
57,57,0.31094939705496039,-1.4774699051749001
56,58,-0.66975875620173397,0.48331475293972281
58,58,0.66975875620173397,-0.48331475293972281
4,59,-2.926624511576915e-15,-2.6227815798992503e-15
5,59,-2.3898235034094317e-18,-3.223944247429854e-18
6,59,-1.8458693885564272e-18,-2.813695459213561e-18
9,59,-4.7660331995659686e-16,4.610830484199994e-16
12,59,2.9023306286803921e-21,-2.3131776009766106e-21
15,59,-0.42884979252811167,0.95389183647659892
16,59,2.7191491525698809e-13,-9.6394949327117739e-14
17,59,3.5061767436180883e-37,-6.7795858082388323e-37
18,59,3.3921338787934765e-37,-5.6707170642411842e-37
19,59,2.0205922392049132e-27,-2.0398228302109609e-27
20,59,2.2988326895835579e-27,-2.5965154930432493e-27
21,59,7.3492646202401244e-24,-1.5973143034338583e-23
22,59,1.7252705687236987e-25,2.5237975847505727e-26
23,59,2.4399746237840295e-14,-2.9348036041024209e-14
24,59,1.7870133076513937e-22,-8.814161523878859e-23
25,59,9.9117047244973742e-14,1.0828466499031454e-13
26,59,9.7603915356091274e-15,4.8318665066930963e-14
27,59,2.104396650561681e-12,1.4886636773120845e-12
28,59,-2.9335936712906425e-19,4.4535370921022325e-20
29,59,3.4632888164648019e-18,6.9779574231937853e-18
30,59,3.3928176681976001e-16,-1.5677863984899696e-16
31,59,4.6073521329131958e-18,-6.3874325087149292e-19
32,59,-1.180723439208651e-25,3.4464061009950177e-25
34,59,-4.9454720969747901e-15,-4.4271462741279695e-15
35,59,-2.6571457967593241e-18,-4.3613866373890454e-18
36,59,-2.0908149526749898e-18,-3.8473772426135926e-18
37,59,1.7641862091997689e-24,-5.8983966268983883e-25
38,59,3.1805843134398563e-25,6.833945869959701e-26
39,59,-1.33962093410623e-25,2.5132923433774668e-25
40,59,1.4777051906998227e-15,-1.631311490504003e-15
41,59,1.2980056764338209e-15,-1.104708841974632e-15
42,59,-8.2225284581895041e-16,8.3214738924183495e-16
43,59,-1.4144040884411884e-18,7.4606090063108307e-18
44,59,-2.1508325949835102e-21,4.4429181501463502e-21
45,59,-2.0426482520559605e-21,3.849089884074795e-21
46,59,3.1784632051686312e-21,4.3998172436442646e-22
47,59,-4.4479417603628554e-15,1.2488153175540377e-14
48,59,-2.5712749491810121e-16,3.549860944228372e-15
49,59,1.2587875014214485e-14,-2.8421535099010039e-15
50,59,1.0901908399492283e-14,-4.5552900641342045e-15
51,59,9.0639255027638526e-19,2.8379049105047041e-18
52,59,1.6963974364686015e-26,-8.3947673278404205e-27
53,59,-1.3010368841691046e-26,5.0870101012853022e-26
59,59,0.42884979237028142,-0.95389183666019961
60,59,6.6159848371935851e-12,-1.9984224859523529e-12
61,59,1.7563064044282752e-12,1.1895060357039667e-12
63,59,2.413713658838326e-13,1.6620802568690956e-13
64,59,4.7597098710286183e-13,6.3862312109854523e-13
65,59,-5.0917018140911039e-11,-7.8682721162157367e-13
66,59,7.4703245528065802e-14,1.2407498040435112e-13
67,59,-1.8815240305875919e-12,1.5398271516525224e-11
68,59,3.5975973591116258e-11,1.5001187755770889e-11
69,59,6.6171441858738975e-11,1.0905145350180205e-10
70,59,-1.883083739683942e-11,2.6036715475498547e-11
71,59,-9.5440627022368956e-11,4.0130664337533282e-11
72,59,-2.1435379300441583e-11,7.6158986189507991e-11
73,59,-4.5792782018820735e-16,2.6886395378127722e-16
74,59,-7.4512802895117048e-17,1.0490888490261478e-16
75,59,5.1293117410451598e-16,-3.5717430335294536e-16
76,59,1.4468358046164009e-18,-5.8144543802016316e-19
77,59,-1.8876164461463232e-29,1.5562241591554162e-30
78,59,-8.633033609982688e-31,-4.2116147374775595e-31
79,59,-1.1983537680177785e-30,-1.8122133631722318e-31
80,59,1.3714835935448163e-32,2.5956801192124021e-33
83,59,-4.3331571564140686e-31,8.7612400749386383e-31
84,59,3.1911472918415428e-29,-9.7806520827559899e-31
4,60,2.1440971102920856e-18,6.0382539189227102e-18
5,60,9.065912188932969e-22,6.4802128276522404e-21
6,60,4.4778906433184616e-22,5.4684769362895375e-21
9,60,-3.5459994448041741e-18,-3.5227503796455106e-18
12,60,-2.3231810312684209e-24,1.9875530818592612e-25
15,60,6.9767700872489854e-12,-6.8409430056916648e-12
16,60,2.3188060375551158e-12,7.916429387978045e-12
17,60,4.3094603185653325e-40,-3.0371244817301737e-39
18,60,2.3474830861663612e-40,2.2378905109117352e-39
19,60,1.2283240441664291e-30,-8.1270636909471048e-32
20,60,1.4757408643810556e-30,-1.8102669486767014e-31
21,60,7.2312081725749108e-27,-2.840067944408166e-27
22,60,1.3575062655662948e-28,-1.4263466026206348e-27
23,60,-6.6662379029041745e-15,-9.0873045033220923e-14
24,60,-5.3048067828506411e-25,-1.3268661323467637e-24
25,60,5.2014620395577549e-13,4.4424870366920882e-13
26,60,-2.7709691512687841e-14,-1.0115403187576282e-13
27,60,8.5577267907037407e-12,8.6760413615256861e-12
28,60,1.7046049127343846e-22,7.9628503516380735e-23
29,60,6.1971999776427317e-22,-4.8992347159529467e-21
30,60,-2.3412483708584388e-19,-3.6521191897752651e-20
31,60,-2.6555774002173364e-21,-1.2822903889396525e-21
32,60,-9.6882168059745641e-29,4.5663157141857151e-28
34,60,3.6269519636830529e-18,1.0196574442229407e-17
35,60,4.0187158867457661e-22,8.3172789240927549e-21
36,60,-7.977200871609741e-24,7.1395452383027214e-21
37,60,-8.1596960364624807e-26,1.3815499613620925e-26
38,60,-8.1475042770889089e-26,1.3738810743713201e-26
39,60,-7.7260870790928237e-26,1.3311075754022237e-26
40,60,-3.5296142169409655e-13,1.0672950947851963e-13
41,60,-2.7841874951071421e-13,4.0793847715615035e-14
42,60,2.167312889996282e-13,-2.9767045363748968e-14
43,60,3.3636240830716562e-21,-3.4395542408417431e-21
44,60,2.6933974888768278e-24,-1.590405018397838e-24
45,60,2.4276905424817052e-24,-1.314391124109547e-24
46,60,-1.5087447833322217e-24,-1.336999776075136e-24
47,60,-1.837800028688293e-18,-7.5126509712163369e-18
48,60,-3.5523265993206395e-18,-8.2909149011660838e-18
49,60,1.8874794991871275e-15,-1.465861851867868e-15
50,60,1.9312409611556177e-15,-1.4912752210814748e-15
51,60,6.6348558133980996e-22,1.3556668834077933e-21
52,60,-2.3486579596547093e-27,1.1261331476572759e-26
53,60,-1.0471507749770918e-28,-2.4429275919982352e-26
59,60,9.0372577583763012e-12,3.1549647554751683e-13
60,60,0.0024364329931182427,-2.2484307930177154
61,60,-7.7550659937392857e-12,-1.046365422894118e-11
63,60,-3.7795221515516212e-14,9.9492343551959641e-14
64,60,-8.0320228978303376e-12,-4.7539432512892011e-12
65,60,-1.0774245555721565e-10,2.680980350790611e-11
66,60,-7.1143276347504188e-13,-8.9399831037916198e-13
67,60,-5.1871993339435695e-11,2.5723259317882644e-11
68,60,-0.002436433188069422,2.2484307929847698
69,60,9.6860934705025257e-12,4.0804085500048352e-11
70,60,-1.3159428333623525e-10,1.2655270367741699e-10
71,60,4.8377288159086894e-11,-6.5034799207289631e-11
72,60,5.2888722294525465e-14,-2.327423924622135e-14
73,60,8.5891912829292687e-14,-2.6255718713945856e-15
74,60,1.7265421003523279e-14,-1.2637013707799319e-14
75,60,-8.8683647852721581e-14,9.911002196010713e-15
76,60,-9.6777786695694691e-22,-2.0171125331126853e-22
77,60,-3.2458598467845714e-29,-3.2136784406136944e-29
78,60,1.6781651919223888e-31,1.865782989834974e-29
79,60,7.2024547149602901e-30,2.2492251756001755e-29
80,60,-7.3411882234433839e-32,-2.6100199412829135e-31
83,60,1.9152426044839146e-29,4.2573259982312217e-32
84,60,1.2986874498674247e-29,-7.2868176541500049e-29
4,61,3.2417281075942937e-20,2.8626624111610269e-19
5,61,-2.6276876961988313e-23,2.9302225677865773e-22
6,61,-3.6069013529165934e-23,2.440426719317637e-22
9,61,-7.1084742297158747e-19,-1.1928388643488939e-18
12,61,3.4097726573973494e-27,2.1605552669356081e-27
15,61,-2.3212270267586265e-12,3.6327314349687963e-12
16,61,-1.4451372971249411e-11,3.3126455589663037e-12
17,61,2.5857149772847313e-40,1.6138445748420061e-40
18,61,3.2766060798805723e-40,1.8133176855288821e-40
19,61,9.374157056210159e-31,7.8393194330592242e-31
20,61,1.1834613308791035e-30,8.8201083248397223e-31
21,61,7.1209007441420606e-27,2.7287773412542821e-27
22,61,2.9952148157810747e-30,1.2982625110600706e-30
23,61,1.6718387717400005e-17,-3.6818016006098228e-17
24,61,1.6502705906024439e-26,5.4223914329337056e-27
25,61,1.2940646968134537e-13,2.8215178987232157e-13
26,61,1.3314770527387659e-14,-3.4255730016257271e-13
27,61,-4.3794112847110185e-12,-9.8803127822111226e-12
28,61,-1.4321626904630735e-25,-4.3414879118763967e-26
29,61,2.3335891701425287e-24,3.3775819954783875e-25
30,61,1.6794798423791959e-22,1.1202061562120885e-24
31,61,1.9972159575197184e-24,6.2015668964614369e-25
32,61,-3.1083589502339025e-28,3.2821536309047391e-29
34,61,5.5017594018589193e-20,4.8347168777177589e-19
35,61,-6.6958805798790632e-23,3.6813461397850885e-22
36,61,-7.2920333404790691e-23,3.1239338512299011e-22
37,61,1.1059330130757059e-25,-1.7840553739191429e-25
38,61,1.1467543208001819e-25,-1.8652378992712664e-25
39,61,1.1086201451624602e-25,-1.7834580191294933e-25
40,61,6.8576056514063733e-14,-1.1448525242705473e-13
41,61,6.6409378707159707e-14,3.5532383618324773e-14
42,61,5.5799177644524997e-16,1.2203753427074633e-15
43,61,2.3005290819888998e-26,-9.6277071350643853e-26
44,61,3.8433234896834443e-28,-2.3505671841904242e-28
45,61,1.7119529970125285e-28,-8.0028853804637705e-29
46,61,6.7811306897588111e-28,3.4234828162161004e-27
47,61,-1.8686235459617067e-18,-1.4176019969551342e-17
48,61,-1.6808339486656557e-19,-4.2321929694845907e-18
49,61,3.5884059092823961e-21,6.4819919696300743e-17
50,61,-2.8364486775900268e-19,6.5675093366764665e-17
51,61,-1.4274120789122855e-22,-3.0373726703793349e-22
52,61,2.0754472155490193e-27,-1.5086071501814417e-26
53,61,1.0362452067206676e-25,-3.7443116697424363e-26
59,61,-3.9165641588379095e-12,7.6032306408251383e-13
60,61,-7.817704851851872e-11,-7.7654486328616552e-11
61,61,0.0027377136701041138,-1.998316644757697
63,61,-3.9666816589095656e-12,-8.1733097009470639e-12
64,61,2.9173031062505915e-11,3.7754473603994949e-11
65,61,-0.0027377135605798383,1.9983166446847049
66,61,7.8822871319909144e-12,8.8379617624110291e-12
67,61,7.2617305055043279e-12,3.7575286405351168e-11
68,61,-2.1808886449269013e-12,5.5177318519728843e-11
69,61,1.7808654491133003e-10,-4.1932975230535398e-10
70,61,7.6434125357189692e-11,-1.7928103938564689e-11
71,61,-4.2693821963042553e-10,-3.8336974139160005e-11
72,61,-2.5526688270991511e-13,-2.6100011114224766e-13
73,61,2.6559784247266204e-15,-4.2804993407292997e-15
74,61,2.79238800849144e-15,1.5784529237585874e-15
75,61,1.3557102605722151e-16,1.5233231189865718e-16
76,61,7.0146310145643232e-25,3.8620733606222145e-26
77,61,1.3627053049824211e-24,3.9701185661614178e-25
78,61,-3.2155020402395504e-25,-5.4667440460112814e-25
79,61,-5.9113088243002464e-25,-5.3375087134198237e-25
80,61,6.6039507739657882e-27,6.4060941493457375e-27
83,61,-5.5262340198633351e-25,3.2105685318589454e-25
84,61,9.7590811324708307e-25,2.3429569055113599e-24
27,62,-0.0013333327407410048,1.9999991111115067
62,62,0.0013333327407410048,-1.9999991111115067
4,63,6.3536555453310904e-17,-5.5719926559415921e-17
5,63,7.4987165411091499e-20,-4.2710863447490082e-20
6,63,6.4826874672587489e-20,-3.2154781855587838e-20
9,63,1.42850209988108e-17,-1.9683304029926716e-17
12,63,4.1478277690081239e-23,7.343756987302509e-23
15,63,-2.662925417795101e-13,7.3650416965131996e-14
16,63,-2.2796146743574391e-13,-1.6689234215370227e-14
17,63,6.790034987971314e-39,-1.0619062427794995e-39
18,63,1.2309728588476064e-38,2.0873572790604328e-38
19,63,2.3936069963148358e-29,6.4092580791352094e-29
20,63,3.3198167233090494e-29,7.5674213935458643e-29
21,63,2.7034540045722491e-25,3.1893484351557822e-25
22,63,-1.225525294794204e-27,3.7955515267473544e-27
23,63,-1.3062487035834358e-18,-4.1063384302521889e-18
24,63,1.1837569486792974e-24,4.5409007640336219e-24
25,63,-488.90181753075586,1187.4300135479868
26,63,180.06486296760914,-328.34480370752942
27,63,82.304827293664914,-235.10103252906009
28,63,5.4616047994730531e-23,-6.742696111889002e-21
29,63,-1.6899159402269879e-19,5.2670706273205393e-20
30,63,2.2989821977227148e-18,8.1763175718272893e-18
31,63,-2.2201887055355223e-21,1.0567806328923622e-19
32,63,-6.1816752274427519e-27,-8.8855599858765995e-27
34,63,1.072611180363997e-16,-9.4169303347133086e-17
35,63,9.9959176799943729e-20,-4.5485703787513284e-20
36,63,8.7525988976997041e-20,-3.4720040501286783e-20
37,63,7.2336167626874451e-27,1.4073189717412022e-26
38,63,-4.2641785376562203e-27,-3.2344764317372329e-27
39,63,-4.9138297103720209e-27,-7.8949079168741444e-27
40,63,8.0371072797376153e-15,2.0936344272698996e-15
41,63,1.2166542414123345e-15,7.0483253267557193e-16
42,63,-1.259140810927787e-17,-2.3535743352890577e-17
43,63,-1.6230028218752893e-19,-5.8515322847335543e-20
44,63,-9.1956382260770124e-23,-6.4209218967651543e-23
45,63,-7.9015292987006683e-23,-5.9617868648959928e-23
46,63,-2.1292976515868792e-23,6.9741834209137756e-23
47,63,-3.4952023240647655e-17,-1.1813865063422033e-16
48,63,-1.2913467488221228e-17,-3.9382836497729208e-18
49,63,2.5655578719965853e-19,6.5728459628779154e-21
50,63,5.622202556994113e-17,-3.686693363584146e-17
51,63,-6.1084608195294853e-20,1.084205401554983e-20
52,63,-1.3361409507211673e-29,2.7663509745226887e-28
53,63,2.918828080631244e-28,1.3300850109722303e-28
59,63,-2.1922942242990625e-13,-1.3160137553650832e-13
60,63,4.8312452728708811e-13,-1.650328634457856e-13
61,63,-3.1708318378784295e-13,4.4755877693148734e-13
63,63,817.27553594711094,-1984.9742134801263
64,63,-301.00646410020403,548.87948009855484
65,63,-137.58533804843543,393.00799357290305
66,63,-328.37371841635371,797.54419993213855
67,63,120.94160113259426,-220.53467639102561
68,63,55.280510754772209,-157.90696104384091
69,63,-2.9353713382990987e-15,-9.7978625809386058e-13
70,63,1.5319143173556449e-12,1.9664092226462691e-12
71,63,3.6447540664327831e-12,-3.7577627637981557e-12
72,63,-8.360377429704659e-14,-7.8521164377061649e-14
73,63,2.8463058593532101e-16,1.2416336357104085e-16
74,63,1.4087604352961833e-16,-6.7490444303974755e-17
75,63,-4.8805933296906553e-18,2.0101444396768069e-17
76,63,7.8488746356009675e-21,3.4554147022386652e-20
77,63,3.8855378900577659e-24,-5.6930954735704572e-24
78,63,-2.8937210929765662e-24,6.1106246539496888e-25
79,63,-3.2694150736475113e-24,1.8236108353597208e-24
80,63,3.825839709035632e-26,-1.9582967699226988e-26
83,63,5.9321902133029437e-25,2.9773880578002694e-24
84,63,1.1851039079360519e-23,-6.9946460880248176e-25
4,64,-1.2119247264393337e-16,1.0727306059818151e-16
5,64,-1.4323698341026658e-19,8.2459361585581184e-20
6,64,-1.2387128936440003e-19,6.2153127730112666e-20
9,64,-2.6200622623478904e-17,3.6634485766633156e-17
12,64,-7.9874809523524506e-23,-1.3942057752987627e-22
15,64,-4.4966336708126228e-12,8.1084481513199581e-12
16,64,2.3413327941902884e-11,4.6506916923326787e-12
17,64,-1.3078558945430892e-38,2.0411965163339498e-39
18,64,-2.3576078960443377e-38,-3.9183676712340236e-38
19,64,-4.6243385247170388e-29,-1.2095891889255381e-28
20,64,-6.3943661890170831e-29,-1.4274406384286922e-28
21,64,-5.1641197223410257e-25,-5.9966229959701078e-25
22,64,2.5783444117424582e-27,-7.2018716355865342e-27
23,64,1.9304670421307258e-14,-1.6415604622897779e-15
24,64,-2.0295133783935811e-24,-8.723648588399998e-24
25,64,180.06486296760929,-328.34480370752971
26,64,-550.92639892312866,1240.3465008058774
27,64,180.06486296760971,-328.34480370752584
28,64,-2.5490491254690924e-23,1.2846162393749502e-20
29,64,3.2133298338643107e-19,-1.0231342797299156e-19
30,64,-4.4750653168411373e-18,-1.5549933686699999e-17
31,64,2.9983430057815394e-21,-2.0135338703099873e-19
32,64,1.1734835368879955e-26,1.6752533362527497e-26
34,64,-2.0459948731175181e-16,1.8129412566142196e-16
35,64,-1.9103827919678207e-19,8.7993873024426516e-20
36,64,-1.6732144316649896e-19,6.726622015002895e-20
37,64,-6.1707490878426723e-26,1.4018393798153897e-25
38,64,-4.0596838987623833e-26,1.8083946524590596e-25
39,64,-3.8212457858113822e-26,1.8248459322284324e-25
40,64,1.7868229004044736e-11,-3.5553110250529722e-12
41,64,-2.639024615741735e-12,-1.552486693695024e-13
42,64,-1.0806117676308776e-15,-9.126044312376162e-14
43,64,3.0988082506297528e-19,1.0958541991576509e-19
44,64,1.7593518663343647e-22,1.2125303459253021e-22
45,64,1.5122734685377846e-22,1.1265670642417132e-22
46,64,3.9752031058952451e-23,-1.3311134179301687e-22
47,64,6.9673391551999386e-17,2.214781469713079e-16
48,64,2.6404882090503325e-17,5.9291591000408725e-18
49,64,3.2563523867235323e-16,3.99984125509217e-16
50,64,2.2554613401790292e-16,4.800588499578108e-16
51,64,1.1558938795489064e-19,-2.1337039632372325e-20
52,64,-5.3427948885349952e-29,6.8213456954903304e-27
53,64,-1.1310563950827137e-26,-6.6982987996642518e-27
59,64,-8.3054289045022256e-12,2.1560833920709195e-12
60,64,7.1633227682407096e-12,-4.1423973788122645e-12
61,64,1.1053817288237647e-11,6.6267278167472678e-13
63,64,-301.00646410020369,548.87948009855563
64,64,920.95928426157479,-2073.4323638354576
65,64,-301.00646410005419,548.87948009853358
66,64,120.94160113259427,-220.53467639102524
67,64,-370.03288533846069,833.08586302960748
68,64,120.94160113256531,-220.53467639101453
69,64,6.2276010498817091e-11,-1.8041575109699579e-11
70,64,4.042281796561244e-12,6.691434784691722e-11
71,64,-9.2426266482400528e-11,-5.5905358696443204e-11
72,64,2.947616591012692e-14,2.200596997446555e-14
73,64,7.1168600756151393e-13,-2.1982932745176184e-13
74,64,-2.6177264038698081e-13,1.8900019323826728e-13
75,64,-1.6622473882917446e-15,-4.1161809662052058e-14
76,64,-1.535552699117506e-20,-6.5737728477027044e-20
77,64,-5.1358492268120018e-21,1.2198342462596131e-20
78,64,5.2062384467031127e-21,-2.2255470168925658e-21
79,64,5.457167352129061e-21,-4.6431090038822904e-21
80,64,-6.4514888178789159e-23,5.1035428346663721e-23
83,64,-2.2244007459518403e-21,-5.3679436647955213e-21
84,64,-2.1986507168893085e-20,5.7321000781640614e-21
4,65,6.4371042291988506e-17,-6.3610525642419445e-17
5,65,7.7440121396435033e-20,-5.0433267724314747e-20
6,65,6.725119280008038e-20,-3.8501855353572401e-20
9,65,1.5663652466989194e-17,-1.2413844636727296e-17
12,65,4.3145921995049032e-23,7.5694448309823822e-23
15,65,-7.2926281971376694e-11,4.0454021082787293e-11
16,65,1.2002943153413718e-10,1.6640781748417291e-11
17,65,1.7815372492306002e-39,2.3279377082305191e-38
18,65,8.3468097542167427e-39,5.0714637567061657e-38
19,65,-2.8190428831425245e-30,1.5258165551917063e-28
20,65,6.914823126190021e-30,1.8419505577023211e-28
21,65,2.7182140718641926e-25,9.3445886555219688e-25
22,65,-2.3788543902479683e-27,5.7491658357723735e-27
23,65,-5.942601782440445e-14,1.18255970654578e-13
24,65,9.2788131672458629e-25,7.8351270563661287e-24
25,65,82.304827293662257,-235.10103252905972
26,65,180.064862967609,-328.34480370752971
27,65,-488.90181753081407,1187.4300135479216
28,65,-1.9342601224456978e-23,-6.8456182741422126e-21
29,65,-1.7097872351944965e-19,5.5289368134442327e-20
30,65,2.4248438010268496e-18,8.2746400906476179e-18
31,65,-1.0773483363703991e-21,1.0730433830155351e-19
32,65,-1.6501969306786328e-26,-8.5723983519065695e-27
34,65,1.0870433252945992e-16,-1.0749120725408743e-16
35,65,1.0409067470382082e-19,-5.4974254301239121e-20
36,65,9.1479956996043588e-20,-4.2674077560317763e-20
37,65,1.1911767250141373e-22,1.4698101245959514e-23
38,65,1.2420367005174393e-22,1.4736997434828681e-23
39,65,1.1909291886273072e-22,1.4689498157174842e-23
40,65,1.1886053712224624e-10,-2.974260586992447e-11
41,65,4.4325869352856441e-11,6.5737936604336793e-11
42,65,-4.4758290648216978e-13,1.3403291242085444e-12
43,65,-1.6542244798241961e-19,-5.7651346092351369e-20
44,65,-9.4060489569067382e-23,-6.4198463838330715e-23
45,65,-8.0871395037671631e-23,-5.9678198804318585e-23
46,65,-2.1713226061918921e-23,7.2131302239263205e-23
47,65,-3.9103084380882144e-17,-1.0169595715629119e-16
48,65,-1.5136765261033847e-17,1.0558640799506197e-17
49,65,-3.2477373670742702e-15,3.5948601942070681e-18
50,65,-3.2642140231293003e-15,-4.8092774931876421e-17
51,65,-6.1333482722405304e-20,4.945365984739271e-21
52,65,1.0127968873619744e-23,-5.4971609887478316e-24
53,65,8.0739767240201095e-23,2.0755220345128643e-23
59,65,-7.3640270944864171e-11,-2.3102877619675147e-11
60,65,2.6659082113136867e-10,-8.0086971745553613e-12
61,65,-0.0027377135238446362,1.9983166448429888
63,65,-137.58533804844006,393.00799357290339
64,65,-301.00646410029685,548.87948009859952
65,65,817.27827366138808,-1986.9725301253825
66,65,55.280510754781744,-157.90696104379023
67,65,120.94160113224589,-220.53467639098335
68,65,-328.37371841535787,797.54419993191402
69,65,4.3893833696802823e-10,-2.3314248911394048e-10
70,65,-3.5588954049267101e-10,-6.2845784697876997e-11
71,65,3.3677695140587344e-10,-1.6535912457074865e-09
72,65,8.0035036321661864e-13,-3.454257674834424e-13
73,65,4.3823848428723993e-12,-4.1277175807744733e-13
74,65,2.6583718432029309e-12,1.2752044632384019e-12
75,65,3.2419723293283618e-14,4.6986732351190144e-13
76,65,8.3550384165527733e-21,3.4990730834631683e-20
77,65,2.8546478540358181e-20,-8.8090950438789107e-20
78,65,-3.4978587076022364e-20,1.8703941498608722e-20
79,65,-3.5269887359696996e-20,3.5733958994506041e-20
80,65,4.1931289294147251e-22,-3.9548108348679382e-22
83,65,1.8800958647312406e-20,3.6121434464460108e-20
84,65,1.5000903724858489e-19,-5.3387646609857907e-20
4,66,-8.4461089636699487e-17,4.3974259419636646e-17
5,66,-9.3510747492302229e-20,2.6669673157894694e-20
6,66,-7.9563705672814368e-20,1.7836310454816375e-20
9,66,-2.0690049899157914e-17,1.7258920422098876e-17
12,66,-2.5594679668835566e-23,-9.1450157666926803e-23
15,66,-1.5399131049352144e-13,-3.2393686907387578e-14
16,66,-6.2469447366732527e-14,6.1025374675135934e-14
17,66,-6.277849132362424e-39,-2.1043307440164041e-39
18,66,-7.7324181142515125e-39,-2.5158318093696359e-38
19,66,-9.0498043286811139e-30,-7.6184518478431296e-29
20,66,-1.6063460354154268e-29,-9.1262768056054687e-29
21,66,-2.0980754928214552e-25,-4.1925356545076712e-25
22,66,2.3462165867157123e-27,-3.8608176272394709e-27
23,66,-1.5598156165537164e-15,-2.4657915207569467e-15
24,66,-1.0482589518588619e-25,-5.3080077829026526e-24
25,66,-3.4782714415686523e-13,5.088185481602428e-13
26,66,2.4338046294610258e-14,4.618177264223779e-13
27,66,1.9180432274770351e-13,2.2629249884504803e-14
28,66,-1.8734906251696282e-21,7.357370611048851e-21
29,66,1.989349532254446e-19,-1.2127765621984138e-20
30,66,-3.1415106553657806e-19,-9.5579290224102798e-18
31,66,3.0854714033373976e-20,-1.1494495570882855e-19
32,66,4.3412951763834499e-27,1.1289356143911816e-26
34,66,-1.4261335245147956e-16,7.4350343456931643e-17
35,66,-1.2158602433627899e-19,2.3020423059371051e-20
36,66,-1.0509513631314819e-19,1.4566253661731002e-20
37,66,-3.5998922381995779e-27,-1.8809121721033165e-26
38,66,4.4555753072178775e-27,3.1633519350994378e-27
39,66,3.9013247896609807e-27,8.5248190424544656e-27
40,66,1.4653558812935497e-14,3.1991242368827256e-15
41,66,-2.3965469079297553e-15,-1.2351154371658045e-15
42,66,-1.087727769196489e-15,-6.6364093877311579e-16
43,66,1.6171003266154074e-19,1.0763647334114496e-19
44,66,8.3268079399529998e-23,9.4939412879885886e-23
45,66,7.0353991209360509e-23,8.6438287349460573e-23
46,66,4.2041466968432381e-23,-7.0523589152878084e-23
47,66,1.1326462874164982e-17,1.3681823266088961e-16
48,66,1.4397665085931566e-17,7.2906636016735667e-18
49,66,2.6147843635967805e-17,-7.4731025431270031e-17
50,66,-4.404383026326439e-17,-5.1086600843405402e-17
51,66,6.9857486670299331e-20,4.6192252850121034e-21
52,66,2.700661191492626e-28,-4.3145642538808853e-29
53,66,-8.9057142884564728e-29,-4.7863037041290102e-28
59,66,-7.6491518467510542e-14,-1.2392667688549748e-13
60,66,3.0896585593084412e-13,-1.6070208932074616e-13
61,66,-2.4323643798520302e-13,-6.6051384103636289e-14
63,66,-328.37371841635553,797.54419993213924
64,66,120.94160113259645,-220.53467639102601
65,66,55.280510754787031,-157.9069610438616
66,66,589.36368494950261,-1431.428772220208
67,66,-217.06544619634741,395.81465338880184
68,66,-99.217214098162287,283.41070926383384
69,66,-260.98996653318585,633.88457228803554
70,66,96.123845063733555,-175.27997699779138
71,66,43.936703343404183,-125.50374821996188
72,66,-5.2057912765570978e-14,-7.458771802014778e-14
73,66,3.7522735900696771e-16,-6.5547494420238372e-18
74,66,-9.3545974384622017e-17,7.59816915356778e-17
75,66,-7.2864742692021648e-17,-5.1971388497521961e-17
76,66,7.135317029622959e-22,-3.9890813211774339e-20
77,66,-4.400602892656671e-24,5.5598847885581264e-24
78,66,3.0065643050394728e-24,-4.0216424498697459e-25
79,66,3.4827924963052579e-24,-1.6140874753383039e-24
80,66,-4.0620818414182066e-26,1.7091659824893918e-26
83,66,-3.7837353550396775e-25,-3.0898592037206883e-24
84,66,-1.2171177369236811e-23,-1.9426061913312587e-25
4,67,1.1771906804055701e-16,-1.0424015436737315e-16
5,67,1.3914030837145144e-19,-8.0137643414491368e-20
6,67,1.2033024645156824e-19,-6.0406198478767026e-20
9,67,2.2140064219107137e-17,-2.7680484562230919e-17
12,67,7.4528724851670552e-23,1.3227574966752474e-22
15,67,-1.9842502727014003e-12,7.9369349050027805e-12
16,67,4.4827322996499999e-11,2.3788764396958531e-11
17,67,1.1545763881248068e-38,-3.6388406424248683e-39
18,67,2.198415893973545e-38,3.6738996153872276e-38
19,67,4.2272102515610679e-29,1.1091091979198894e-28
20,67,5.8475290265515846e-29,1.308951951793386e-28
21,67,4.728258301272314e-25,5.4947249014308282e-25
22,67,-3.5934533693396919e-27,7.4800552611799801e-27
23,67,-7.9492724244851191e-14,6.3523404009333306e-14
24,67,1.1837234586736728e-24,9.3438949513935149e-24
25,67,-1.6176826919974385e-13,2.2856372982187421e-13
26,67,-6.6480965261047576e-13,-7.300021917483172e-13
27,67,7.1611975214052177e-12,6.3248187617118534e-12
28,67,1.1109419683452475e-22,-1.2139733058485253e-20
29,67,-3.0436207399238926e-19,9.4510844784601692e-20
30,67,4.1237123184740137e-18,1.4725335559836582e-17
31,67,-4.1972911075244549e-21,1.9026302023559249e-19
32,67,-1.0315097793547214e-26,-1.5446418923739145e-26
34,67,1.9871889378080845e-16,-1.7617233873931545e-16
35,67,1.8557839561459054e-19,-8.5523157813623397e-20
36,67,1.6254124766161193e-19,-6.5381497395011649e-20
37,67,-1.9092480916765215e-25,3.1762422040542197e-25
38,67,-2.2160686747944319e-25,2.9733368935654451e-25
39,67,-2.1482080828118917e-25,2.7490322999604773e-25
40,67,3.4685196892594325e-11,-7.3827472487351736e-12
41,67,-5.0889420334658013e-12,-2.8773636188497841e-13
42,67,-1.9683776474286284e-16,-1.7600806945931121e-13
43,67,-2.9210410790597205e-19,-1.0566050343537714e-19
44,67,-1.6544363024033739e-22,-1.1577959194068869e-22
45,67,-1.4215064571270565e-22,-1.0748837631942114e-22
46,67,-3.8461319789996997e-23,1.2550500383639676e-22
47,67,-9.3354290343375099e-17,-1.9877297027231479e-16
48,67,-3.612560866101955e-17,1.8257014151635231e-18
49,67,-2.6062443189069673e-15,-8.3756346009948967e-16
50,67,-2.560275587301283e-15,-9.2714369796030728e-16
51,67,-1.077592347692204e-19,1.73277102051851e-20
52,67,1.2558920693459003e-26,9.6233516003008794e-27
53,67,-3.2162247254221171e-26,-2.4184870049030619e-26
59,67,-6.5880309226095141e-12,3.7314915345421685e-12
60,67,-3.7739919366383356e-11,-2.3604073852980386e-11
61,67,1.1964008225309599e-11,1.2487845141099458e-11
63,67,120.94160113259291,-220.5346763910224
64,67,-370.03288533844591,833.08586302957588
65,67,120.94160113251291,-220.53467639121351
66,67,-217.06544619634417,395.81465338879696
67,67,664.13337190117591,-1495.2187905972974
68,67,-217.06544619611287,395.81465338878058
69,67,96.123845063747027,-175.27997699773306
70,67,-294.10048656264087,662.13292756778367
71,67,96.123845063729533,-175.27997699781042
72,67,1.2432254723836112e-13,1.0234804844095391e-13
73,67,1.3816459827476688e-12,-4.4425161432134985e-13
74,67,-5.0517373537728268e-13,3.6590877712220012e-13
75,67,-3.2894305493876745e-15,-7.9400541655406206e-14
76,67,1.4066056206666094e-20,6.2227583267006403e-20
77,67,-9.8951947280623822e-21,2.3571234237529456e-20
78,67,1.0051364144298158e-20,-4.3090533755899232e-21
79,67,1.0531197043436877e-20,-8.9790624133742529e-21
80,67,-1.2450802211259946e-22,9.870378295152836e-23
83,67,-4.3071610209307644e-21,-1.0363702579529359e-20
84,67,-4.2455338758855613e-20,1.1115542881554224e-20
4,68,-2.5228554838357372e-17,5.6777415906960376e-17
5,68,-3.6881711104986343e-20,5.1624830843668136e-20
6,68,-3.3354735153853165e-20,4.144697159557195e-20
9,68,-2.2027151176418591e-17,2.4107172134239427e-17
12,68,-5.2689361885598427e-23,-4.7172099376838614e-23
15,68,2.019975597669344e-11,-5.5692983289888737e-14
16,68,1.4190518543123566e-11,2.6310368258869265e-12
17,68,-6.7442422494488746e-39,1.5663409789249434e-39
18,68,-1.3941737414313914e-38,-1.7078169605594777e-38
19,68,-3.1873290740505619e-29,-5.4859219078306568e-29
20,68,-4.2145942250705422e-29,-6.4002646815979764e-29
21,68,-2.9588752516488684e-25,-2.4983188294337299e-25
22,68,-3.728744030930607e-27,-2.2387425689219291e-27
23,68,-2.2261829181754263e-13,1.2861561551404734e-13
24,68,-4.8826489966115515e-24,-7.2887800530566381e-25
25,68,1.5264183226458197e-13,-3.3562102292866697e-13
26,68,-1.2321045827625052e-13,-4.8882456827735038e-14
27,68,8.1438022145289635e-11,-2.0436733618420746e-12
28,68,1.769124894192255e-21,5.3646937692816413e-21
29,68,1.195823073056924e-19,-8.6643556136920623e-20
30,68,-4.0120261831878854e-18,-5.8681465643733703e-18
31,68,-2.6532077272271305e-20,-8.4394610782357351e-20
32,68,7.5958251663550849e-27,7.475487744321967e-27
34,68,-4.2558251994490729e-17,9.5919927707382561e-17
35,68,-5.2693533033678137e-20,6.1175672119691391e-20
36,68,-4.7714148332078323e-20,5.0157200518691002e-20
37,68,-4.7681419747325358e-26,9.0463713425781669e-26
38,68,-3.6939727593628968e-26,9.8035711894929526e-26
39,68,-3.3409863155890379e-26,9.6748323911503295e-26
40,68,9.9949963254147823e-15,3.9695683957846722e-16
41,68,-1.3357915775296042e-15,-4.504914334549316e-16
42,68,1.3736032570048368e-17,-4.6995696818098265e-17
43,68,1.4408840226308793e-19,3.276161659823586e-21
44,68,8.9839677965126036e-23,2.6458796310497453e-23
45,68,7.8377281022442895e-23,2.6255899056681752e-23
46,68,-1.8417345827969562e-24,-6.1115503488465383e-23
47,68,-3.4602049445378954e-18,6.4024617879770481e-17
48,68,-1.4702919800084125e-17,1.0514856039298363e-17
49,68,-6.1841788766718673e-15,-2.9132078343067564e-15
50,68,-6.3460793969411706e-15,-2.9455020704477546e-15
51,68,5.2221379789380167e-20,-3.0062952362344309e-20
52,68,3.1981510944833837e-26,-1.1637378532965055e-26
53,68,-4.7244082230169841e-26,4.8520012255905053e-27
59,68,1.2920619174311146e-11,1.3510386348293685e-11
60,68,-0.0024364330525900842,2.2484307929007161
61,68,1.1995659263119966e-11,-2.766980660474362e-11
63,68,55.280510754771498,-157.90696104383875
64,68,120.94160113257102,-220.53467639105975
65,68,-328.37371841704464,797.54419993216584
66,68,-99.217214098163964,283.41070926377665
67,68,-217.06544619628295,395.81465338869589
68,68,589.36612138384953,-1433.6772030133334
69,68,43.936703343334386,-125.50374821964678
70,68,96.12384506362045,-175.2799769975087
71,68,-260.98996653245399,633.88457228783705
72,68,1.4536634896233292e-13,6.6444928391440558e-14
73,68,4.0932729428305016e-16,-2.3927880292712642e-17
74,68,-1.6218772133769251e-16,6.0490713265416186e-17
75,68,4.9585850992537792e-18,-2.1476597649752568e-17
76,68,-1.5474885165157507e-20,-2.5299339375125333e-20
77,68,-4.3970523541903399e-24,5.5639510971779762e-24
78,68,3.006722821794497e-24,-4.0429054447651877e-25
79,68,3.4821948493031683e-24,-1.6167263620390895e-24
80,68,-4.0614994673309563e-26,1.7122080280213333e-26
83,68,-3.8056305669691213e-25,-3.0900555617441218e-24
84,68,-1.2173106050691053e-23,-1.8593084201084787e-25
4,69,-3.7521530417613697e-15,-3.5259129703980436e-14
5,69,3.4772871537249889e-18,-3.6041783016514069e-17
6,69,4.6417364374974654e-18,-3.0005599319658058e-17
9,69,-2.1969805482869696e-14,-5.7482728743126104e-16
12,69,3.4952167588547788e-20,-7.1574605158894728e-21
15,69,7.2691297083373074e-11,1.1917798928950863e-10
16,69,1.709629252669379e-10,1.7282352660455776e-11
17,69,6.3232684808860515e-36,-3.6921722799627654e-36
18,69,6.9286286049519335e-36,-3.8234902367320558e-36
19,69,3.4021191567791674e-26,-9.5385141468957803e-27
20,69,4.0383081796976807e-26,-1.3802629532631319e-26
21,69,1.7675485136078238e-22,-1.2603920023601495e-22
22,69,-1.6995809682123883e-24,2.9484721387262244e-25
23,69,-2.0995499868480423e-10,2.5900536521550017e-12
24,69,-1.0190235748875557e-21,8.2071982554612545e-22
25,69,2.1489906716325494e-12,6.5421069196855618e-13
26,69,3.36371963259556e-13,1.4179545442580927e-12
27,69,9.1228500484074565e-12,6.7303078373585521e-11
28,69,-2.7053494019006805e-18,-9.0133062851491175e-19
29,69,-8.5588549602933196e-19,7.4845690787307192e-17
30,69,3.5889224002793154e-15,1.41514777780085e-16
31,69,4.2221683307437129e-17,1.4675311934184562e-17
32,69,-3.9640762412871189e-24,3.284613377975028e-24
34,69,-6.3699978956359222e-15,-5.9548896193374754e-14
35,69,8.5617341044024375e-18,-4.5277003673621978e-17
36,69,9.2486737504419324e-18,-3.8410638860844492e-17
37,69,7.2549813206952947e-24,8.3650080551738665e-24
38,69,-2.2538483612778104e-24,3.4709221229002565e-24
39,69,-2.3305179585691251e-24,2.146036081898148e-24
40,69,-2.2752943064876386e-13,2.3919878515647896e-14
41,69,-1.2614841424930402e-13,7.2982560539321584e-14
42,69,5.910687956862249e-14,4.6955143261955741e-14
43,69,-4.4709871829838282e-17,5.7653920691867653e-17
44,69,-3.7825878436673007e-20,2.8612864588193236e-20
45,69,-3.4289080124939804e-20,2.4007686204750442e-20
46,69,2.5309667340957119e-20,1.7632155740374924e-20
47,69,-1.2082297373937868e-13,-2.0891121185049394e-14
48,69,-3.581415267978296e-14,1.8418442707664691e-15
49,69,-3.1821548284601366e-12,-4.6445311666239292e-12
50,69,-3.2495938430366271e-12,-4.7789534408505394e-12
51,69,2.6193112881658894e-18,2.5367457779259551e-17
52,69,2.8383881765681345e-23,1.630158796568183e-24
53,69,-2.6410238257285153e-23,-8.0656579095439808e-25
59,69,-3.3558436707220696e-11,1.2475754433755224e-10
60,69,6.5834554292196043e-12,-1.3899200410488024e-10
61,69,2.1097178473592143e-11,1.2308095302084669e-10
63,69,1.5345132247121059e-12,-1.8466338145093602e-12
64,69,-9.0807127014722752e-12,1.6685600086625539e-11
65,69,4.67361973980793e-11,-4.7401576757015856e-10
66,69,-260.98996653314674,633.88457228807079
67,69,96.123845063695185,-175.27997699776492
68,69,43.936703343712374,-125.5037482198677
69,69,261.37716677610729,-634.54624535730636
70,69,-96.12384506380431,175.27997699772777
71,69,-43.936703343371221,125.50374821931734
72,69,-0.3872002435081946,0.66167307037869849
73,69,4.7976560409939599e-15,1.0241383642187741e-14
74,69,-6.5538070623095264e-15,5.5801221487158307e-16
75,69,-2.0641158691280039e-15,-2.3135919377345641e-15
76,69,1.492376128765102e-17,1.349050841542899e-18
77,69,-1.8686348319509575e-23,-3.67296992516597e-24
78,69,4.7841514794711729e-24,6.6793116224133402e-24
79,69,8.2719162951944948e-24,6.2679398092887574e-24
80,69,-9.2476400025224085e-26,-7.5330926835238474e-26
83,69,6.8870831104190079e-24,-4.8094573455356235e-24
84,69,-1.5036761969277402e-23,-2.9270829606687962e-23
4,70,-9.1770662711233203e-15,-1.823303430970483e-14
5,70,-5.4413249783645674e-18,-2.0121850256560928e-17
6,70,-3.5889908676996026e-18,-1.7106408991405971e-17
9,70,-3.6947594397951843e-15,-4.4688558812971009e-15
12,70,1.9636635002963895e-20,-5.2395027117794116e-21
15,70,4.4799194375724805e-11,-9.0095848257530132e-11
16,70,2.5359204437026255e-11,1.0865188157369153e-10
17,70,3.007853119511452e-36,-3.6795683608902774e-37
18,70,4.5336279040975237e-36,-1.3646657291767418e-36
19,70,1.6371877019587e-26,-1.7234824839280731e-27
20,70,1.9627201314976608e-26,-3.1851085158671668e-27
21,70,9.0559871099381058e-23,-4.3815824993985852e-23
22,70,8.0928146599058801e-25,5.3063029684191937e-25
23,70,1.3692875827984399e-13,1.0446294733834105e-12
24,70,1.1358174752459335e-21,1.2748652228462801e-23
25,70,-1.8043413128677122e-12,-6.7299895478614105e-14
26,70,-1.0604565755987998e-12,1.136041232544389e-12
27,70,9.6169370569065743e-12,7.5544158659018385e-12
28,70,-1.5695413357124189e-18,-4.2005623875283983e-19
29,70,2.0815513590242022e-18,4.2610784316435636e-17
30,70,2.0467311379894699e-15,-4.2447149795540319e-17
31,70,2.4524413570323425e-17,6.9028107762442288e-18
32,70,-2.4415698536481197e-24,9.0240296116192873e-25
34,70,-1.5516867181818642e-14,-3.0786943464120257e-14
35,70,-4.5765274702549194e-18,-2.6128849319368863e-17
36,70,-2.8129561534201328e-18,-2.2569267303757651e-17
37,70,6.5580027020153277e-25,3.1468191413884784e-24
38,70,-4.2136293790573727e-24,4.9666785234343593e-24
39,70,-5.2299437509026794e-24,4.6612255676296986e-24
40,70,-3.9168562101590758e-12,-1.2901774939428695e-11
41,70,5.313870042088151e-12,-2.040822815496945e-12
42,70,1.1205258304466055e-13,4.2615501711762381e-13
43,70,-2.3457264334564681e-17,3.4331564341649226e-17
44,70,-2.0536525654827863e-20,1.7575705232495145e-20
45,70,-1.8683463303195597e-20,1.4833718785103664e-20
46,70,1.498260165472791e-20,9.1800748802808126e-21
47,70,-2.9744078205281271e-14,1.14069298568351e-15
48,70,-1.6936362846633922e-15,2.8723508968923949e-15
49,70,-2.0023165073840919e-14,1.725963482360009e-14
50,70,-2.5714364247974499e-14,2.3060369268498189e-15
51,70,-1.1677314099443497e-18,1.4871965180680094e-17
52,70,4.51039276073473e-25,-8.1984176756741741e-26
53,70,5.9247405797883788e-25,-4.7123212946543504e-25
59,70,8.8990687268790114e-11,-2.7420309641056068e-11
60,70,-1.2511471039584753e-10,3.2132948387402762e-11
61,70,-4.4240956045069398e-11,8.6043030258685432e-11
63,70,3.6531750864962024e-13,3.7244637566949913e-13
64,70,3.3988463172228744e-11,-4.3950395780902406e-11
65,70,-2.0714632153887014e-09,-6.7033108872608447e-10
66,70,96.123845063747638,-175.27997699777086
67,70,-294.10048656258186,662.13292756758722
68,70,96.123845064614372,-175.27997699778135
69,70,-96.123845063544536,175.27997699792672
70,70,294.10048656409072,-662.13292756819374
71,70,-96.123845063394924,175.279976998042
72,70,3.7278513609351194e-13,-1.9682519503128049e-13
73,70,-1.30447184095928e-13,-4.1961611893322592e-13
74,70,2.3077564277135982e-13,-1.0053237634174279e-13
75,70,1.6025323102134514e-14,-1.5382894556494314e-15
76,70,8.5369515851548491e-18,2.5623246664316931e-19
77,70,1.1095199266217732e-22,-7.6790008972410275e-24
78,70,-3.9252764745821437e-23,-2.9207008028793014e-23
79,70,-5.7827135358890736e-23,-2.0407492682541484e-23
80,70,6.5955027238439551e-25,2.5713042297937819e-25
83,70,-2.9987281811576815e-23,3.9026004762595829e-23
84,70,1.3837996025824465e-22,1.366683328009138e-22
4,71,2.7402448127317546e-14,6.1782421024474229e-14
5,71,1.4742551543531463e-17,6.7425122740445059e-17
6,71,9.104067891598202e-18,5.7153235120307881e-17
9,71,-4.1280246312183494e-15,1.0767604366159346e-14
12,71,-6.0303114767619278e-20,7.8276542568075433e-21
15,71,3.9105651923591186e-11,-8.0262766075507046e-12
16,71,-2.850977708096092e-10,3.8338168918687881e-12
17,71,-8.9002810376846093e-36,5.8148330364942144e-38
18,71,-9.9126338473454719e-36,1.5242216001481322e-36
19,71,-4.1893014013209606e-26,-3.3902257795651593e-27
20,71,-5.0750092236833841e-26,-1.2566343022171055e-27
21,71,-2.4695865724856271e-22,6.7317632717253385e-23
22,71,-3.5993306820755771e-24,-3.7915886275244283e-24
23,71,-1.2077875862688406e-10,-1.0469675256971342e-10
24,71,-5.4146084892343287e-21,-1.5543796293919272e-21
25,71,-1.6336361295105947e-13,-5.983256500896096e-13
26,71,-8.1874383754787974e-13,-1.8819450319573588e-12
27,71,-7.2223724208271762e-11,-1.5853787605022503e-10
28,71,4.4933927046247458e-18,1.8615496004650345e-18
29,71,1.0521472384543763e-17,-1.2725780376102105e-16
30,71,-6.0895222914764628e-15,-6.758955358327133e-16
31,71,-7.0062536571155306e-17,-3.0089306305567733e-17
32,71,6.7883850988320948e-24,-3.612110776271925e-25
34,71,4.6339700449950475e-14,1.0432461426574753e-13
35,71,1.0911536577946684e-17,8.7151255781787009e-17
36,71,5.6545709535349258e-18,7.5094186117018144e-17
37,71,-1.6673157435358396e-23,6.6651207401520255e-24
38,71,1.1688415987209337e-24,-1.0786894748581825e-24
39,71,6.0659520183701378e-24,1.478250962582036e-25
40,71,1.9391316267358254e-14,-7.0985780576490089e-13
41,71,-2.6099556262474555e-13,3.6632630351542269e-13
42,71,-2.4712840786593832e-14,-1.8854981155346673e-14
43,71,8.3056141352540583e-17,-9.2687156942145267e-17
44,71,6.7824233926491867e-20,-4.4111371411578581e-20
45,71,6.1251554305229217e-20,-3.6698839960219666e-20
46,71,-4.0834469206637401e-20,-3.3114675477969172e-20
47,71,5.7534329997835579e-14,-4.1307665643147101e-14
48,71,-1.123875183843135e-14,-2.676292196988779e-14
49,71,6.7764115177537212e-13,-4.4259002202978753e-12
50,71,7.1060035729338881e-13,-4.4732197079885962e-12
51,71,1.3235986438087368e-17,-4.0742956220624029e-17
52,71,1.5175171368722792e-23,1.529357747676433e-23
53,71,-1.4901646981854338e-23,-1.3216369601070503e-23
59,71,3.0323729236630865e-11,2.110504809529952e-11
60,71,3.0055546171594875e-11,-1.305654419047572e-10
61,71,6.9537826883941641e-11,4.0005685745158457e-10
63,71,2.2270439253541634e-12,-1.2590708521914417e-12
64,71,-1.0335134336638951e-10,8.2216279498659686e-11
65,71,-9.4077578690600308e-10,-2.5775569590570621e-09
66,71,43.936703343384949,-125.50374821997261
67,71,96.123845063359255,-175.27997699763847
68,71,-260.98996653305755,633.8845722895021
69,71,-43.936703343278111,125.50374822095159
70,71,-96.123845064087163,175.27997699794992
71,71,260.98996653129802,-633.88457228755487
72,71,-2.5803578024286011e-13,3.0856664879480578e-13
73,71,-1.2385430460413053e-14,-3.2655071025924803e-14
74,71,8.5630886981879229e-15,2.9363436497553216e-14
75,71,-3.1957981969179503e-15,4.968690399696185e-16
76,71,-2.522974913466389e-17,-4.1047719522984197e-18
77,71,1.0976450920348675e-21,4.5276244470328109e-22
78,71,-2.0393055767194559e-22,-4.658169052368726e-22
79,71,-4.2124908147871382e-22,-4.8655671595754264e-22
80,71,4.6335245617482975e-24,5.7551384385435863e-24
83,71,-4.8041724245616165e-22,2.0396429643145261e-22
84,71,5.3200524687924485e-22,1.9704566964510063e-21
4,72,9.5729184008486315e-17,8.4166650285236213e-18
5,72,9.4038587699227063e-20,2.805185213941434e-20
6,72,7.7378327724843353e-20,2.7998841289866617e-20
9,72,1.2366463894585525e-17,-1.740185173126001e-18
12,72,-2.5460427478912998e-23,8.4344420911939664e-23
15,72,5.0065041792350073e-14,4.5477393656421157e-14
16,72,6.6621899198779269e-14,3.8413880605194017e-14
17,72,-1.201370151157329e-38,-1.4657639362712897e-38
18,72,-6.5598063087718903e-39,2.4789282113867307e-38
19,72,-2.5638561530882277e-29,5.9812311926476635e-29
20,72,-2.6874217301717606e-29,7.3864540896602105e-29
21,72,-2.2735446216954403e-26,3.9669783909703225e-25
22,72,-5.7187039303120846e-27,6.5019591557710012e-28
23,72,-1.4594054214143546e-13,-4.5255594456163317e-14
24,72,-4.8071206327102907e-24,3.9902964355321384e-24
25,72,1.9576006195747923e-14,5.193719555667168e-14
26,72,-5.9323412439097535e-15,-1.5869030617267651e-14
27,72,-1.0922512426512155e-14,-4.2408084040137631e-14
28,72,5.1299109255786284e-21,-4.8307722859194469e-21
29,72,-1.6187275649434321e-19,-8.9527776585983399e-20
30,72,-4.5116199688649437e-18,7.6435166622447017e-18
31,72,-8.1386681218582874e-20,7.4682626388496373e-20
32,72,2.0128865785380152e-27,-9.7638652205609437e-27
34,72,1.6169356890351999e-16,1.4127047549468068e-17
35,72,1.1594730804541286e-19,4.6392012382362486e-20
36,72,9.7327817495468861e-20,4.4636578932672883e-20
37,72,6.1584413826901504e-27,5.2624586365375417e-26
38,72,2.6175780238309017e-26,2.3059976500646744e-26
39,72,3.1529295723987939e-26,4.7564940151206776e-27
40,72,3.9383834194753759e-16,-9.7043107136435079e-15
41,72,2.4616230741252453e-15,-3.9401360829603537e-15
42,72,-9.7927693574242083e-16,3.6716170049864119e-15
43,72,-7.3096962747930817e-20,-1.6481438266070819e-19
44,72,-1.7978531631330986e-23,-1.1579989457956194e-22
45,72,-1.2085894581552127e-23,-1.027381528994736e-22
46,72,-6.8010204698945459e-23,3.4304786819709219e-23
47,72,2.0558867562258356e-17,-1.4140085072379784e-16
48,72,-2.8269330196332859e-17,-2.204454924175903e-17
49,72,-1.1310700728270714e-15,-3.954629294601601e-15
50,72,-1.0795409045943159e-15,-4.0270971502197285e-15
51,72,-4.7865850335573757e-20,-3.7269985489461068e-20
52,72,1.4796311235798032e-26,9.0132565049747277e-27
53,72,-2.2053546355197521e-26,-1.3686407262641383e-26
59,72,1.4341256069222747e-15,6.2578677377336936e-14
60,72,6.3494990854130525e-14,-6.7251051528241429e-14
61,72,3.6054345152908231e-14,3.6151308974389458e-13
63,72,-7.4711174247005865e-15,6.4283413011316117e-14
64,72,-1.1470830304862885e-13,7.1285391601086825e-14
65,72,-4.9898977191983824e-13,-1.2979195281205101e-12
66,72,1.0799379017023164e-13,-2.2103385304153073e-14
67,72,-1.8895938896426497e-13,1.0621756799867688e-13
68,72,1.3735896199094701e-13,3.0597596565305636e-13
69,72,-0.38720024350773241,0.66167307037972989
70,72,1.2303405000843902e-13,-1.4828354223971997e-13
71,72,-7.1298159830174092e-13,-6.0396351202070315e-13
72,72,0.3872002435081443,-0.66167307037773093
73,72,-3.6542563635188301e-16,1.1144522712551292e-15
74,72,2.0566215044731335e-16,3.1024079337728792e-16
75,72,2.3878387119664253e-16,-1.1814327488708934e-15
76,72,-2.0415628035295451e-20,3.0893013038799544e-20
77,72,1.0884710386933076e-25,1.1141399085775324e-25
78,72,-1.3085205974171529e-27,-6.6759185776287726e-26
79,72,-2.6503665584125609e-26,-8.0100250591232382e-26
80,72,2.724079491545713e-28,9.3018281740633892e-28
83,72,-6.8323965438010013e-26,3.987068088804695e-28
84,72,-3.4291485308429422e-26,2.6511767652354435e-25
4,73,-2.9460786647845907e-28,-2.9521134677181006e-28
5,73,-2.3417782574301789e-31,-3.5574231334214982e-31
6,73,-1.7896079957885654e-31,-3.0905635255275508e-31
9,73,1.2262145832923816e-27,8.0846631507970279e-28
12,73,2.6279678585781557e-34,1.6254223729784521e-34
15,73,-9.2193729943124189e-19,5.0610211708180199e-18
16,73,-1.3031676447807805e-18,3.0189654322753736e-18
17,73,-2.2177713841248879e-48,-1.1066755649188015e-48
18,73,-2.7715163574731043e-48,-1.2386194005911139e-48
19,73,-9.6192510343431954e-39,-5.9918344604488215e-39
20,73,-1.2005415986556667e-38,-6.5754797475850803e-39
21,73,-5.9592773481667976e-35,-1.6895384888042226e-35
22,73,-1.8556783322822481e-38,-5.3946739373445699e-38
23,73,-2.5048888489554711e-25,-2.9278910478369038e-25
24,73,-1.5596504094301555e-34,-4.4026895481001519e-35
25,73,-9.3095907489172092e-17,-6.5153465506503343e-17
26,73,-1.1667275382118452e-16,-7.2277950819927566e-17
27,73,-8.0256269672214184e-13,-2.3152160000758601e-13
28,73,1.9152544819334933e-34,8.1110767610765239e-35
29,73,-6.8472015092211019e-34,4.1703067053360621e-33
30,73,2.5641307035633368e-32,-1.5195994255117554e-32
31,73,3.5768759804417893e-34,-8.549140911654195e-35
32,73,2.3137527993213451e-36,1.4411682788417659e-36
34,73,-4.7089452107281368e-14,-5.6304073875527361e-15
35,73,-2.7714204512708464e-31,-4.9323907583178719e-31
36,73,-2.1923393364453608e-31,-4.3489705842013178e-31
37,73,-1.9150551758039375e-32,-1.393028892493969e-32
38,73,1.549086059227528e-27,1.3413150958486954e-27
39,73,-1.9147927271672051e-32,-1.393226082028783e-32
40,73,-94.625859958001527,99.771843557003479
41,73,29.110974794570719,-17.181222238746308
42,73,20.957164526744606,-17.183526369523005
43,73,-5.3560231107124096e-34,3.6923634680905815e-33
44,73,-1.7449463672637613e-36,2.6068076095832194e-36
45,73,-1.5081775158866105e-36,2.0508620371686586e-36
46,73,5.4753738756407811e-35,2.614848281231987e-34
47,73,7.4883847900062172e-27,1.2078682650976309e-26
48,73,1.7822632078100031e-27,3.7348719650408661e-27
49,73,-1.8071604823795717e-26,5.6325183723652157e-26
50,73,-1.8298899832930379e-26,5.7909356176258722e-26
51,73,9.2234673188194849e-32,1.4693999810386894e-31
52,73,-9.4691296610542181e-34,3.3015061655768186e-35
53,73,2.9804663572348068e-33,-3.4750742027185816e-33
59,73,-3.9819139723076424e-18,2.6096371396539389e-18
60,73,-4.530730594727363e-17,-2.8623144645661441e-17
61,73,-2.7689023143951804e-15,-1.9756635427933679e-15
63,73,2.9825243268511826e-16,1.7540822768018852e-16
64,73,9.6510340576607121e-13,2.72815841787829e-13
65,73,-1.4505608854029727e-12,-3.1953203117581954e-12
66,73,-2.6801181664000316e-14,-3.0476657507891075e-15
67,73,1.8947923450516787e-12,5.6451567267980425e-13
68,73,4.6849516229486225e-16,3.1453925834443538e-16
69,73,1.1150172526355378e-12,-4.6029390108714391e-13
70,73,-1.3175483207582772e-12,3.1240926961684556e-12
71,73,-3.5307037927782476e-13,1.3291100163627388e-14
72,73,9.5941703561914937e-16,5.2715861204563932e-16
73,73,94.625859960179696,-99.771843556961812
74,73,-29.110974794577146,17.181222238764349
75,73,-20.957164526738154,17.183526369501635
76,73,6.0284087762425823e-35,7.6976790547562033e-36
77,73,6.3027913213348001e-13,1.0564756369645083e-12
78,73,-3.7782193204881343e-13,4.3870211969182366e-14
79,73,2.2631090322182356e-13,-2.3921745064627782e-13
80,73,-1.2516628356764122e-16,5.8909553937038799e-16
83,73,-2.263723847579393e-14,-4.0795959095111478e-14
84,73,1.7248778014456827e-13,-8.8648521047150621e-14
4,74,-5.5391478893381914e-31,-1.3427006321326981e-30
5,74,-2.7874096521297224e-34,-1.4567891958287113e-33
6,74,-1.6339972575844861e-34,-1.2329430565887772e-33
9,74,-7.016381198227782e-30,2.0241927598459491e-31
12,74,-2.2574384524389394e-36,4.7677119412888826e-37
15,74,-4.5272845655232178e-20,-2.9309058166666803e-19
16,74,-5.6428652698040658e-21,-1.8999313061339986e-20
17,74,2.0131027359695999e-50,-4.1789491981617604e-51
18,74,2.4986385501029433e-50,-7.1032836012860901e-51
19,74,9.1111484886802042e-41,-1.0654970812342147e-41
20,74,1.0915519628964519e-40,-1.9009073982208514e-41
21,74,4.7864887399461645e-37,-2.1119226196107467e-37
22,74,3.0191912377058331e-40,1.1743116295301672e-40
23,74,3.0251493962931559e-28,-1.128458577256163e-27
24,74,1.1402977287670052e-36,-5.445225341763365e-37
25,74,-3.5158640795418348e-16,6.3090718066084897e-17
26,74,-4.1972798626673523e-16,9.9851381522988332e-17
27,74,-2.2950447217129735e-12,1.2757222852816436e-12
28,74,1.9696773387591475e-35,-5.4698904181637377e-36
29,74,-4.7587588599532426e-34,-1.6379466315199442e-33
30,74,-3.6070941703279444e-32,2.2585881829569608e-32
31,74,-5.1105946232950896e-34,1.3793019700643848e-34
32,74,-1.6381057729774102e-38,6.3644555359014977e-40
34,74,9.6444503680431034e-15,-1.505753834395005e-14
35,74,-6.419336491842762e-35,-1.8807777491514408e-33
36,74,3.7046165079951475e-35,-1.6181575094410291e-33
37,74,1.0896693254175715e-34,-1.6351149802379275e-36
38,74,1.0027976196041193e-26,7.6413503481839087e-27
39,74,1.0896184286117202e-34,-1.620652803296513e-36
40,74,29.110974794568616,-17.181222238756753
41,74,-98.936712267393304,98.774575605480166
42,74,29.110974794569071,-17.181222238754252
43,74,5.3746153261059438e-35,-1.6554207941233089e-33
44,74,3.6272369743936439e-37,-1.0837338548186829e-36
45,74,3.5287871833103307e-37,-9.4066256720490431e-37
46,74,-1.6437443595755996e-36,-1.1301622795887018e-36
47,74,-1.7869041350263863e-28,-1.6989730366093467e-28
48,74,-5.8631221132134179e-29,-6.0460097206834524e-29
49,74,-2.3262907142323158e-28,1.5353406073892147e-28
50,74,-2.4150667083953582e-28,1.5436575675723668e-28
51,74,-1.9317375097625186e-33,-1.5434164850475617e-33
52,74,1.5907034969914626e-36,-4.6198353329067406e-36
53,74,-8.938443040175808e-36,1.3510684770791944e-35
59,74,1.6767110402565086e-19,-2.1729110620201677e-19
60,74,-1.8974052556728679e-16,-3.806094367212439e-16
61,74,4.3150214671672437e-17,-3.1064866916727732e-16
63,74,-1.0783225174135029e-16,1.06582603770532e-17
64,74,3.8179940087878449e-13,-2.0646397473377205e-13
65,74,-1.7072170499908495e-12,8.7491423113301501e-13
66,74,2.5040708462930069e-16,-1.829367269409965e-17
67,74,7.4029061627311017e-13,-3.9513764387944172e-13
68,74,2.2843431295121494e-16,-4.7896398985582001e-17
69,74,5.9121694343493934e-16,-4.7185452383067142e-16
70,74,1.2910996885183601e-14,4.1471827085224346e-14
71,74,1.7230591902362787e-14,3.0399228587021801e-14
72,74,-1.1679702859698871e-17,1.3030146631254205e-17
73,74,-29.110974794550032,17.181222238652424
74,74,98.936712269370446,-98.77457560527796
75,74,-29.110974794579818,17.18122223879584
76,74,-1.5529868698709014e-34,8.5777946558739521e-35
77,74,-1.4214604776088799e-13,8.5967713770677293e-13
78,74,2.0675926512877511e-13,4.4017776014321554e-13
79,74,4.0000542676579671e-13,-2.4901086114844389e-13
80,74,1.8173172397889823e-15,-8.2662903385110111e-17
83,74,1.7563904005526504e-14,-9.8320146945827996e-16
84,74,1.5158198566144151e-12,1.6424660940729298e-13
4,75,1.6211226716194848e-29,-1.9658392482043987e-29
5,75,2.0249038975180116e-32,-1.6341296771944275e-32
6,75,1.7736288597312438e-32,-1.2707806307509532e-32
9,75,-4.0696661935215947e-29,8.4264815094194577e-29
12,75,-4.7507287037824393e-36,1.3185035029523846e-35
15,75,1.1904342985036735e-18,-8.7937992244450526e-20
16,75,-2.0161339839915485e-19,-3.6340920030608668e-20
17,75,7.9749649130868589e-50,-2.1770235847168885e-49
18,75,8.7201955365613175e-50,-2.7209926096026971e-49
19,75,4.2073972933805367e-40,-9.0616485968972735e-40
20,75,4.4612533007917011e-40,-1.1212284784700473e-39
21,75,9.4609216505911217e-37,-5.7373824142224856e-36
22,75,3.2166947778724288e-39,-3.0084909622382654e-39
23,75,1.6326804921304053e-26,-1.5924256802923707e-26
24,75,1.8482519363356819e-36,-1.4166011075898489e-35
25,75,-3.5256257213260074e-16,-3.3498575042777503e-16
26,75,-4.47815565849982e-16,-3.801399534187618e-16
27,75,-3.2494373929509002e-12,-1.4905146364564577e-12
28,75,-1.7220618893524599e-35,8.9579945388634366e-36
29,75,-5.9305208221657372e-34,8.5204065715547947e-34
30,75,2.4211744768578633e-32,3.3324277686760839e-33
31,75,2.7564453127355348e-34,1.2722735958565202e-34
32,75,-2.3492848746684047e-38,1.7708815022165526e-37
34,75,8.8747648034037121e-15,4.6724889756843911e-14
35,75,2.7834996347833082e-32,-2.0116489790900444e-32
36,75,2.465207324532657e-32,-1.623867296838615e-32
37,75,2.6659054955208359e-34,-1.5640974204812677e-33
38,75,1.5650404939927623e-27,1.3814857999336752e-27
39,75,2.6679188064975854e-34,-1.5639990647099324e-33
40,75,20.957164526743856,-17.183526369520436
41,75,29.110974794567149,-17.181222238759389
42,75,-94.625859958013663,99.771843557001461
43,75,-8.0262276998996121e-34,6.9981862510233856e-34
44,75,-6.9198903598543925e-37,2.6372111047648411e-37
45,75,-6.0451651305674709e-37,2.1709587569585884e-37
46,75,-1.1090793965513585e-35,4.879850205588113e-36
47,75,-6.9877429824966983e-28,6.7272884614982203e-28
48,75,-2.2040686843069875e-28,1.7894200117515731e-28
49,75,-3.4435080273429659e-27,-3.6029472520810554e-28
50,75,-3.5406241659023398e-27,-3.5331501142564944e-28
51,75,-9.0922808194510491e-33,7.7150277547050129e-33
52,75,-5.2362910074619224e-35,-5.4217815595969598e-35
53,75,4.5085790741221945e-35,-2.9089747502970745e-35
59,75,8.1822217385033769e-19,7.4221605634517033e-19
60,75,-8.200588175644018e-18,-1.8665904688972484e-17
61,75,-1.6918329127543859e-15,-6.8609492366719707e-15
63,75,-1.6381609727635225e-17,-1.6198912204170419e-16
64,75,6.8231362066310085e-13,8.7671281998494856e-14
65,75,1.1524495569825433e-13,-7.0337836442256416e-12
66,75,2.7437908332913014e-16,1.1671257934786958e-16
67,75,1.3223983579974093e-12,1.7721623954680471e-13
68,75,3.4153580237177198e-16,1.5088754958368711e-16
69,75,-1.6084275433200845e-14,-9.025296252001113e-16
70,75,4.9707002657823651e-13,3.2191966620650082e-13
71,75,-3.1380876441761849e-14,4.0096396363634679e-14
72,75,6.378572413157169e-17,1.4541942275081964e-16
73,75,-20.957164526754866,17.183526369464403
74,75,-29.110974794611593,17.181222238747921
75,75,94.625859959924128,-99.771843556975909
76,75,8.8447631268433033e-35,1.3058029415178093e-35
77,75,1.8650266841317017e-13,-1.053422062744658e-12
78,75,-8.2038500954045793e-14,1.3652947897034761e-13
79,75,2.4510187397431347e-13,-1.504556091073829e-13
80,75,-2.3306279881965299e-16,-4.9764414924255112e-16
83,75,-3.2149084896982611e-14,3.3994650342061503e-14
84,75,6.4371032559287542e-13,2.3612768343954572e-13
4,76,-1.0100415914694525e-12,4.3957846200129784e-13
5,76,2.5374001324428569e-13,1.2541431639147894e-12
6,76,-1.5118125326473533e-12,2.0846512039090038e-12
9,76,5.1673045398347042e-13,-1.7026619742535396e-14
12,76,1.9295336416302731e-13,-1.3398220985970844e-13
15,76,1.4486866414109833e-19,1.291008158095124e-19
16,76,-4.3054205335863687e-15,1.6062368957653665e-14
17,76,1.0214592203473701e-26,-3.6571376298530121e-27
18,76,1.2442001276704191e-26,-5.1655548621077112e-27
19,76,2.121979664695815e-17,-4.0082571331611416e-17
20,76,2.2883860069118082e-17,-4.9771444481206289e-17
21,76,2.3404941484066805e-13,-1.3928450091774453e-13
22,76,-7.6743058802052106e-17,-3.3180371987415352e-16
23,76,-3.2458581756909436e-14,1.2180956487596778e-13
24,76,-4.4502717680724798e-13,-7.448535761568187e-13
25,76,-7.8675361665230361e-17,-2.7494347110450723e-16
26,76,4.0764446409085328e-16,6.5261016605080617e-15
27,76,-7.6913126043189973e-14,-1.5215117214024067e-13
28,76,1.180764898645823e-13,5.2288120593779599e-14
29,76,5.122189971583656e-12,2.8693926048401012e-12
30,76,-0.40268152838261922,0.72674655323698412
31,76,-2.2845687497668946e-15,2.3754897446845558e-12
32,76,1.8089641085398862e-13,7.5075050184544039e-14
34,76,-9.2539665396310472e-15,7.2530248899581424e-13
35,76,1.095466927281386e-13,5.5557878208633942e-13
36,76,-7.0582680617745823e-13,8.7257342758341182e-13
37,76,-8.8359894292260925e-13,8.7040116748215929e-13
38,76,-2.1522594290766625e-13,2.0738883310407477e-13
39,76,-6.5935432223915292e-13,3.8907620002050722e-13
40,76,-7.2215642915891097e-14,-3.333651041818078e-14
41,76,-1.7104128265492402e-13,4.6167078658231645e-14
42,76,1.0582570968395936e-12,1.6689097121543116e-13
43,76,4.5585974287213336e-13,-1.3175059847121913e-13
44,76,-4.5067534219226703e-13,1.3776658881145508e-13
45,76,-1.626012206669319e-13,2.7407729162276685e-13
46,76,1.9890512650073703e-13,4.105022076523207e-14
47,76,6.9952669046224793e-13,-3.3036739630939107e-13
48,76,-8.0973638996064848e-14,1.1568464529313956e-13
49,76,1.7089061254669163e-14,6.2580506948522156e-14
50,76,-6.7040047423700113e-13,-1.2302384627788218e-12
51,76,2.0265105349294129e-13,-2.5210247483056237e-14
52,76,-8.4537623792757065e-15,-3.0409694930948289e-14
53,76,4.3752707696537707e-14,4.1931427898063324e-14
59,76,5.8215904034767379e-21,1.7948822373870998e-19
60,76,-2.0973037678746741e-21,-7.7443286448284459e-22
61,76,-7.2155932282662927e-24,-1.2807273191618989e-23
63,76,-3.3228585335723111e-16,2.6676607048535265e-16
64,76,6.3204268950595261e-16,-5.126503350159338e-16
65,76,-3.3228744529373723e-16,2.6676352128391745e-16
66,76,2.7952994269279971e-16,-3.9529137131383557e-16
67,76,-5.9632969502659598e-16,4.8361639978169686e-16
68,76,3.4743312126058704e-16,-1.0799900033485167e-16
69,76,-1.5056150692235693e-14,-8.1337262019335237e-15
70,76,-6.3853815576135113e-15,-5.0035433305571869e-15
71,76,6.7672081451892423e-15,2.1767900422083116e-15
72,76,9.3232195573288299e-20,-7.3137010746597331e-20
73,76,-6.1327414650887134e-35,1.4425180589365812e-35
74,76,7.8564970457749111e-35,-8.4867209361126967e-35
75,76,8.010353342605106e-36,-2.8908366371591053e-35
76,76,0.40268152837893101,-0.72674655323701431
77,76,1.1930915615763437e-41,-5.2607525411847906e-43
78,76,-1.5225295903958628e-43,-3.0914707192253517e-43
79,76,-1.1820846579643216e-42,5.8857397259671215e-43
80,76,1.2820858479153643e-44,-3.6389082945315184e-45
83,76,-4.9630010002583968e-43,4.0975076953390397e-43
84,76,6.0201086001297769e-42,1.0447879481872246e-42
4,77,1.7405048526417822e-37,1.2375931359716414e-37
5,77,1.4873650594243377e-40,1.594989467935587e-40
6,77,1.1685535416774374e-40,1.4066845369626349e-40
9,77,-9.5337991410418009e-37,-3.7621175757550435e-37
12,77,-4.2615255634278798e-44,5.2583460387890347e-45
15,77,1.0342023960064244e-29,1.4555617701168914e-28
16,77,-1.7208024018561948e-28,-5.7818269828143269e-28
17,77,9.0241564159478367e-58,2.8767692870084185e-59
18,77,1.088792629486932e-57,-2.2304138366208507e-58
19,77,3.7497086861640912e-48,-2.258039277001922e-50
20,77,4.5204107504051153e-48,-2.8073197876860958e-49
21,77,2.1242269363206961e-44,-6.4301887907410111e-45
22,77,1.8896811353938561e-47,9.852280200432658e-48
23,77,4.8437025581291504e-34,3.0073180301867306e-34
24,77,5.7800623603357677e-44,-1.4363572419611278e-44
25,77,-8.0689754903468577e-23,7.4873080876940817e-23
26,77,-9.2245705277342541e-23,9.5747339467203776e-23
27,77,-3.82952750639466e-19,7.1280919237541637e-19
28,77,1.8949334785939304e-43,-1.0443498485412271e-43
29,77,-8.3601832462848974e-42,-2.091613045860206e-41
30,77,-3.91072654613273e-40,3.3352873973442212e-40
31,77,-5.8618270404120968e-42,2.5486274391216246e-42
32,77,-6.5184650624108791e-46,2.669048274319217e-46
34,77,8.8628428047781093e-14,2.3096002557438739e-13
35,77,1.748080642128886e-40,2.1763522221074969e-40
36,77,1.4090480531126579e-40,1.9342510610297321e-40
37,77,4.227350570400647e-42,-1.4679720337871139e-42
38,77,1.6944063259726688e-16,1.3922837553773364e-16
39,77,4.2275425224371889e-42,-1.4673981686027788e-42
40,77,4.4471164190883386e-13,2.5060711903364554e-13
41,77,6.0850148317056967e-17,7.6023170769678739e-17
42,77,4.9581596209240191e-17,6.9263002734048613e-17
43,77,-2.1434917545072446e-42,-2.1811295648109484e-41
44,77,2.9804217488033277e-45,-1.5077433425378844e-44
45,77,3.0503311644508865e-45,-1.2972385827618814e-44
46,77,-2.868583473755307e-44,-2.356447744383487e-44
47,77,-8.768481735869221e-36,-8.8891172626997644e-36
48,77,-2.4033399789532313e-36,-2.9011857114537705e-36
49,77,-1.4706428231644478e-36,1.2471577246749032e-36
50,77,-1.8045087974859762e-36,1.0021923637666466e-36
51,77,-1.5080796358423678e-40,-1.3622736131242752e-40
52,77,5.6443901380859009e-44,-2.0239984210347176e-43
53,77,2.9081060369633054e-44,2.4823933988629686e-44
59,77,-9.1013541493413791e-29,9.9770108987464358e-29
60,77,-3.2219093679516696e-28,-1.2269554393780139e-28
61,77,1.4266870363919717e-23,-1.6041659350641029e-23
63,77,-4.0448394977137262e-23,2.8939874060166864e-23
64,77,3.8485686365383057e-20,-9.0304112129230866e-20
65,77,-3.0087888461108899e-19,5.9323435358492235e-19
66,77,3.3031472385663389e-23,-4.0916541377523757e-23
67,77,7.4557245183252514e-20,-1.7430760397827081e-19
68,77,3.3052442331070081e-23,-4.091052121200027e-23
69,77,-1.3672113874798862e-22,-9.7512017021094372e-23
70,77,5.4321051502666709e-22,1.4834251797709698e-21
71,77,8.1457939834895059e-21,3.4826575014334812e-21
72,77,3.8389930324876367e-25,1.2907379035688282e-24
73,77,-7.8105803960891695e-13,-5.5338899376235132e-13
74,77,3.6092530439624763e-13,-6.3539425649231123e-13
75,77,8.0098070460476612e-13,7.248347290458618e-13
76,77,-1.7036795287190438e-42,1.2674717960308352e-42
77,77,194.33387659795244,-163.91919651092485
78,77,-0.16636286284500823,1.2028122632685763
79,77,-0.46451864694139877,0.88373411891955578
80,77,-3.6303959413029875e-15,4.8411836074485367e-16
83,77,-1.3312641419109489e-13,2.0373001636731149e-13
84,77,-193.70299508816993,161.83265012873892
4,78,-2.779455951078102e-40,-2.725651205705087e-40
5,78,-2.2215256466268471e-43,-3.2966710142893169e-43
6,78,-1.7014506868602e-43,-2.8664985791591165e-43
9,78,1.1082238363796244e-39,5.3968344028870151e-40
12,78,-2.1307109539177841e-47,-6.4521098168194125e-47
15,78,-3.1821632878934356e-32,-5.7304035081829831e-33
16,78,2.8746262120620037e-31,-3.1174411836424104e-31
17,78,-2.4211432592715996e-61,-1.0744977421982882e-61
18,78,-3.0818940978466228e-61,-1.4380940634649822e-61
19,78,-8.777431232662891e-52,-3.6716654624967178e-52
20,78,-1.0833070505686443e-51,-3.834374481430122e-52
21,78,-6.7527538217271741e-48,-2.0242034247642959e-48
22,78,-1.0810601529690691e-50,-3.0468938678006328e-51
23,78,-1.6921047214930056e-37,-2.8098905195437752e-38
24,78,-1.7572502821954593e-47,-2.8577320116712489e-48
25,78,4.0829595150881283e-26,-5.8540585033124323e-25
26,78,9.664102382722158e-27,-7.0872590435138695e-25
27,78,-1.1095694227773371e-21,-4.1686007489632056e-21
28,78,-4.6881361313925793e-47,-3.0666432697751774e-47
29,78,1.3174103788562189e-46,2.8325664774495356e-45
30,78,1.2038761742753113e-44,-8.6952411636351918e-45
31,78,1.7424086877465334e-46,-6.0346751156737054e-47
32,78,1.2175507210576438e-49,4.6299537186268741e-49
34,78,3.0885289440843604e-15,-9.016234409511528e-15
35,78,-2.4106423425869998e-43,-4.5072248199625393e-43
36,78,-1.8737590901514731e-43,-3.9702995516215911e-43
37,78,2.2594374772731351e-45,-6.5627761219986692e-45
38,78,-1.3381836447301242e-17,-2.5099736932279365e-17
39,78,2.2599705526052843e-45,-6.5620066135113907e-45
40,78,1.3026949427359193e-14,1.5266684467653426e-13
41,78,-7.6848346072134603e-18,2.824690025578781e-17
42,78,-8.0365285783122785e-18,2.4307835219371518e-17
43,78,-1.5860100979005808e-46,2.6608199084509751e-45
44,78,-5.8288796542394048e-49,1.951466972963166e-48
45,78,-5.2284471422584656e-49,1.5656569146128755e-48
46,78,2.7725645969896001e-47,-5.1792283954609974e-47
47,78,7.6213237420367466e-39,8.7024659773791118e-39
48,78,1.9311269191322526e-39,2.7386196755923523e-39
49,78,-5.6705336486965103e-38,6.7554848526762241e-38
50,78,-5.7787765736497547e-38,6.9149033702881113e-38
51,78,1.0385428008092927e-43,2.61593814220502e-44
52,78,-1.1093118615830452e-46,-3.2734598240826367e-46
53,78,-3.2188154434529345e-45,-1.3067079506764617e-45
59,78,-1.6452833716528531e-32,-2.4994322894203013e-32
60,78,1.7108458215513881e-30,-7.1916257013163939e-31
61,78,1.4890774755734866e-26,3.0418305426476085e-27
63,78,5.3193148613115598e-26,-2.6591504900838591e-25
64,78,1.7902630255500062e-22,4.7779906212918598e-22
65,78,-9.193014556353543e-22,-3.4752065896925645e-21
66,78,2.2487035927601877e-26,2.7229523301465453e-25
67,78,3.4452896867353453e-22,9.2326285499096325e-22
68,78,2.2333752211567984e-26,2.7246899915237124e-25
69,78,6.0290327170421654e-25,-2.3120055691115594e-25
70,78,-1.9117440197585089e-24,2.8691468373437446e-24
71,78,-4.3048864966566038e-23,1.5776801735716741e-23
72,78,-5.6924634003818386e-27,-1.1806892010470691e-27
73,78,5.8276864729925767e-15,-1.9343800532784318e-13
74,78,1.1782850911447056e-13,8.8693507865942289e-14
75,78,-1.360267660725004e-13,2.1933132265941048e-13
76,78,5.2899018365339411e-47,-1.062672486597543e-46
77,78,-0.1663628628449412,1.2028122632679659
78,78,0.16636286284524127,-1.2028122632682652
79,78,5.5587005498378466e-15,-2.0095586026508662e-15
80,78,2.2402724440182592e-16,-3.4550925353815042e-16
83,78,8.9694112191624022e-15,-2.7310699413578312e-15
84,78,8.3431419798438416e-14,6.6100888175414855e-14
4,79,2.4460120032277144e-41,2.3087677530846105e-40
5,79,-2.2878355286886329e-44,2.3597963086908201e-43
6,79,-3.0484380726276505e-44,1.9645263137645706e-43
9,79,-4.3713737319345477e-40,-8.1591784180996235e-40
12,79,-1.6309668048170757e-47,-4.6473401296569e-47
15,79,-2.3423685904940089e-32,-3.7225109002224766e-33
16,79,3.3257933691426769e-31,1.6234472255742601e-32
17,79,7.9407863768901793e-62,5.131678432709514e-61
18,79,1.3446988178366516e-61,6.3019598147309825e-61
19,79,2.6382235808035349e-53,2.2734206527683474e-51
20,79,1.85507908500022e-52,2.7398455502246469e-51
21,79,4.4658299061300962e-48,1.2216444950983109e-47
22,79,-4.603488578968603e-51,5.3057321237229111e-51
23,79,-5.0522338855415442e-38,7.9496505900870637e-38
24,79,9.8804870168185149e-48,2.9884385028104196e-47
25,79,-1.1676908816723019e-25,-2.3489220281294749e-25
26,79,-1.5669575983358689e-25,-2.7537277320941928e-25
27,79,-1.37126165411033e-21,-1.3556754554427655e-21
28,79,-9.1531565268357205e-48,-8.3327382263013715e-48
29,79,1.4367138516954538e-45,-2.1019307520287331e-45
30,79,-1.2791610368218849e-44,-7.2999300651734689e-46
31,79,-1.4954647986774561e-46,-5.50075532794624e-47
32,79,-1.2193310185715945e-49,-1.9926495738396094e-50
34,79,-1.3812710964270916e-14,7.3099641440838029e-15
35,79,-5.6647893025723316e-44,2.9642138030140399e-43
36,79,-6.1106413655497703e-44,2.5145904075436315e-43
37,79,-4.0463496519167083e-46,-1.1961993470350291e-47
38,79,9.2060566006752097e-17,-2.0615423567663915e-17
39,79,-4.0444800575317476e-46,-1.1974602145657804e-47
40,79,1.4676498867495628e-15,-3.1515831924006446e-15
41,79,4.5108071504249326e-19,-6.4468027680646166e-19
42,79,4.2248754604898695e-19,-5.4265730422635475e-19
43,79,1.4176842622427536e-45,-1.8602529488981416e-45
44,79,1.4508592742430915e-48,-1.0069125657654188e-48
45,79,1.1953879629778234e-48,-7.6702384724757879e-49
46,79,1.9396779785362224e-47,-3.7908070946167242e-47
47,79,-8.2086397317481934e-40,-9.1943946469321419e-39
48,79,1.2559188854014701e-41,-2.7042482685627663e-39
49,79,2.5468850955482761e-38,2.2147368638665052e-38
50,79,2.5894802025037914e-38,2.2346997374755612e-38
51,79,-7.6840769528819452e-44,-1.4992840055703957e-43
52,79,-4.0917541480492543e-47,8.3379894404582e-47
53,79,-9.0169564799357588e-46,-3.2309377465511513e-46
59,79,-1.2443166206673434e-32,-1.8082059479325927e-32
60,79,4.9161731860732737e-31,-6.5113668526748851e-31
61,79,5.7927781275619901e-27,1.0472607552502151e-26
63,79,-3.968661437834687e-26,-1.1453738021908019e-25
64,79,1.7715870640902196e-22,1.4365511498368516e-22
65,79,-1.1488305225183312e-21,-1.122979902292918e-21
66,79,7.0299628445902456e-26,9.9875945402391941e-26
67,79,3.4178525764744756e-22,2.7790710742590762e-22
68,79,7.0282025011833108e-26,9.9973469725110278e-26
69,79,2.1119405307466942e-25,-2.1361332197816556e-25
70,79,-7.7227105687658279e-25,8.0116287041817101e-25
71,79,-1.2993859581336996e-23,1.5861803656762067e-23
72,79,-2.5158276642288536e-27,5.6666774815749451e-28
73,79,-1.3072130817898018e-13,1.560009178624905e-13
74,79,-2.0210952646637096e-13,7.0084757617363022e-14
75,79,-1.4719599901718257e-13,8.1108139019093155e-14
76,79,-8.7751675505488083e-47,1.591255067656446e-47
77,79,-0.46451864694142952,0.88373411891993126
78,79,1.5531689782964006e-14,-8.7207392839650255e-15
79,79,0.46451864694154332,-0.88373411891967324
80,79,-5.5128898948327581e-16,2.0669846703282766e-16
83,79,-1.3786705307398414e-14,-6.8040847400206846e-15
84,79,-1.7064828021261199e-13,-1.9954686458455371e-14
4,80,1.0045258555811118e-41,-2.6961116439468419e-42
5,80,1.0601942735157187e-44,-6.3707607569986679e-46
6,80,8.9060507804237296e-45,-2.4224588889536731e-47
9,80,-3.2997972525261314e-41,1.731731044396422e-41
12,80,1.8301899259873449e-49,7.4195020626038115e-49
15,80,2.694848193068962e-34,1.3312358469843873e-34
16,80,-4.0332598004134316e-33,-1.3397286495860315e-33
17,80,7.9805035656447513e-63,-4.2388623770993068e-63
18,80,9.3842541931564621e-63,-5.6210389893613428e-63
19,80,3.5100767927914306e-53,-1.4043032107704199e-53
20,80,4.1380250625874397e-53,-1.9308026428467084e-53
21,80,1.7400388907471168e-49,-1.4048501491012837e-49
22,80,1.4378065787579909e-52,-2.6658858850538615e-53
23,80,4.1855425164986943e-40,-1.2494272684794791e-39
24,80,4.1074840890831995e-49,-3.7321218424728912e-49
25,80,4.2093221042747478e-28,3.2726027974236914e-27
26,80,7.2885139166053246e-28,3.9181152774252557e-27
27,80,1.0717806454438081e-23,2.1758438624450522e-23
28,80,8.5323383069075641e-50,1.5719724918054827e-49
29,80,-7.1827228467619504e-47,-6.1904432708912542e-47
30,80,-8.6522426317344176e-47,4.5851768129573125e-46
31,80,-2.7034024282241956e-48,5.1152393807901555e-48
32,80,-5.2456839206514586e-51,1.0681948439503915e-50
34,80,-3.8659454141366069e-17,5.392638132416384e-17
35,80,1.3567105170895557e-44,3.8801098998988783e-46
36,80,1.1606691645777816e-44,9.0171813560950177e-46
37,80,5.1584545534266144e-47,-2.3810799552631955e-47
38,80,6.1338964075413507e-25,2.4985914253790427e-25
39,80,5.158674349774846e-47,-2.3810117100611833e-47
40,80,1.2447248524502375e-17,-6.7704848179430013e-19
41,80,1.9986671650175833e-21,2.7555757580662002e-21
42,80,1.6305711424064224e-21,2.5000759117117412e-21
43,80,-6.2504612949221851e-47,-6.0923628481808318e-47
44,80,-3.265507560523341e-50,-5.7638676770520066e-50
45,80,-2.4080539542120352e-50,-4.7526623799893301e-50
46,80,-3.5576762546512446e-49,5.5673627403954362e-49
47,80,-3.5846929814420018e-40,1.7724246605758942e-41
48,80,-1.0502041299457758e-40,-5.9146270051735613e-42
49,80,-7.9027106537582898e-40,-1.0559145965142687e-39
50,80,-8.1771760861702944e-40,-1.078870458845156e-39
51,80,-4.6367142472760606e-45,5.7429145378760903e-46
52,80,3.6503746270240237e-49,-4.313252524195245e-49
53,80,6.079621279388765e-48,-5.9807666484166065e-49
59,80,8.2603296128407653e-35,2.6562120824754752e-34
60,80,-8.5344107125904099e-33,5.7125841531300975e-33
61,80,-3.5257234540243286e-29,-1.4863023083939127e-28
63,80,1.9703358254505854e-31,1.5247542455265155e-27
64,80,-1.5143138499263666e-24,-2.4367742029832216e-24
65,80,9.025468944497071e-24,1.807118498773609e-23
66,80,-4.2442285763751604e-28,-1.476518261353999e-27
67,80,-2.9183810703250929e-24,-4.7101932374403303e-24
68,80,-4.2380973259663333e-28,-1.4776029418864191e-27
69,80,-3.3981615850728689e-27,1.6931025935450084e-27
70,80,1.3021719512551357e-26,-6.8673691650479182e-27
71,80,2.1971464156755447e-25,-1.3501841098001794e-25
72,80,3.2435123662878877e-29,3.577101816028536e-30
73,80,-3.3884303452995259e-16,4.5351124528487446e-16
74,80,8.5227978833987393e-16,-4.6823483235631859e-16
75,80,-3.0809237295839056e-16,5.0773862377415916e-16
76,80,-3.3878032314907881e-49,2.0824699841025646e-48
77,80,-9.3813660432929203e-16,1.1317480466096195e-15
78,80,-1.7755344788030996e-16,-6.3112013411041727e-17
79,80,6.9458228823542985e-17,-7.2703755236537531e-17
80,80,0.90835365518398914,-3.0967918153000822
81,80,-0.89891695560686491,0.85380323355345289
83,80,-6.5275590014615599e-17,2.3621019418468292e-19
84,80,-0.0094366995771259961,2.2429885817466362
80,81,-0.89891695560686491,0.85380323355345289
81,81,1.7730930775731739,-1.6841072955412144
82,81,-0.87417612196630889,0.83030406198776152
81,82,-0.87417612196630889,0.83030406198776152
82,82,0.87417612196630889,-0.83030406198776152
4,83,3.1651341146801082e-41,-3.7294497182686587e-40
5,83,1.0814567741506854e-43,-3.6659386482674638e-43
6,83,1.0813846652566813e-43,-3.0170256460116938e-43
9,83,3.8791323667438716e-40,1.2563832680753591e-39
12,83,6.3211016436989871e-47,-3.7498572680474102e-47
15,83,1.072867638302038e-32,-2.2073057613483727e-32
16,83,-1.087696612365181e-31,3.2865479489570517e-31
17,83,-4.5816730965887237e-61,-7.8329166927938803e-61
18,83,-6.1060184789735275e-61,-9.2912830501490116e-61
19,83,-1.5892923069324767e-51,-3.379087450891395e-51
20,83,-2.1450308757057703e-51,-3.9675405517653021e-51
21,83,-1.4968642032403834e-47,-1.709643814788012e-47
22,83,-5.1253209374185818e-51,-1.389958186068801e-50
23,83,-5.3737646260498013e-38,-3.5359585581097055e-38
24,83,-3.7612772035309176e-47,-3.831124186600154e-47
25,83,2.6752426751903237e-25,-3.7712172534158389e-26
26,83,3.2006949740177926e-25,-6.356362971028404e-26
27,83,1.770817977526812e-21,-8.991121677439895e-22
28,83,2.7011267616466296e-47,-1.0140956964631979e-47
29,83,-2.3341088481180495e-45,2.4147185232237898e-45
30,83,1.6055730073972396e-44,3.7704376800290511e-45
31,83,1.7575999467763834e-46,1.0316684270195363e-46
32,83,4.6970131718417468e-49,2.4942305107582471e-49
34,83,-0.57565698523384845,1.113110917932999
35,83,1.7728773136812512e-43,-4.5421988668393613e-43
36,83,1.7076230794405228e-43,-3.8160472344579696e-43
37,83,-1.8178901570666776e-45,-1.8802756632512055e-45
38,83,-5.0538702130169352e-16,5.2460129670305499e-16
39,83,-1.8177887581186925e-45,-1.8805629354602731e-45
40,83,1.824963341871735e-16,-1.5570371280947831e-16
41,83,2.1474661404307704e-19,9.8122262554619276e-21
42,83,1.8764648629387981e-19,1.7312444330274232e-20
43,83,-2.2607625295374823e-45,2.0448707602728664e-45
44,83,-2.1460282950690648e-48,1.0518308828933772e-48
45,83,-1.752645252587593e-48,7.8352466356508282e-49
46,83,6.1155309998276154e-47,1.7257493434203528e-47
47,83,-1.1799726767124897e-39,1.2654464027276386e-38
48,83,-7.0118664356528791e-40,3.6416647628979332e-39
49,83,-6.6555539769069232e-38,-2.6279344823955839e-38
50,83,-6.7913352797454803e-38,-2.6540806369888463e-38
51,83,7.9429035816901494e-44,1.6586134944134868e-43
52,83,-9.0701035490478146e-47,-6.8808109089321833e-47
53,83,6.0125624884544583e-46,-6.3188294540602546e-46
59,83,2.1644817745348974e-32,-6.8834269178032429e-33
60,83,4.7631534864489334e-31,6.9294324326930554e-31
61,83,-1.210315573325178e-26,2.8867811951781253e-27
63,83,1.2483804406619628e-25,-1.5297409511744199e-27
64,83,-1.9800594997052539e-22,1.264022748032778e-22
65,83,1.4707143967331827e-21,-7.5697796743986543e-22
66,83,-1.204675741129571e-25,3.6214958259683907e-26
67,83,-3.8274674722392038e-22,2.4361602804636915e-22
68,83,-1.205571227282281e-25,3.616564331649728e-26
69,83,1.4165342971047869e-25,2.7634340208092284e-25
70,83,-5.6851831395915113e-25,-1.0494060434654778e-24
71,83,-1.1272914280571485e-23,-1.7855432525360531e-23
72,83,2.608210648805693e-28,-2.6559243394823033e-27
73,83,-5.467965939524968e-14,-4.819829863303787e-14
74,83,1.1637589963797574e-13,2.2789020599584835e-14
75,83,-1.7940451619680692e-14,3.2037532160037087e-14
76,83,4.7743184069867762e-47,-5.7173568704960888e-49
77,83,-1.259617031107432e-13,-8.4285712400333002e-14
78,83,-2.8624641225192304e-14,-1.0180981569811813e-14
79,83,-6.6444024495104171e-15,6.7512958806064461e-15
80,83,8.3376030217428454e-17,-2.2220721399645955e-16
83,83,0.57565698523385422,-1.113110917933003
84,83,2.7360709450494546e-15,-1.3984911828632829e-13
4,84,3.3401644614559087e-37,2.2585214471562183e-37
5,84,2.8782602719627052e-40,2.9443511073916354e-40
6,84,2.2681467183317566e-40,2.603104131196031e-40
9,84,-1.5522848552253599e-36,-6.1912321551566309e-37
12,84,-6.2128023998856283e-44,4.4883615608856143e-45
15,84,1.1706024105974623e-29,6.524708385910157e-29
16,84,-2.620906635827322e-28,-8.7991259856851776e-28
17,84,1.3291880699413901e-57,2.550691721267293e-59
18,84,1.6032368350995967e-57,-3.5782796545634994e-58
19,84,5.5429223942294447e-48,-1.371440194568111e-49
20,84,6.6751804480892274e-48,-5.4012133125174605e-49
21,84,3.1182903209099272e-44,-1.0033506395138569e-44
22,84,2.1576792876986491e-47,6.5037303038657124e-48
23,84,1.5454493357872596e-34,2.7745930970578175e-35
24,84,7.5490033046714595e-44,-2.6489781964061651e-44
25,84,-1.2749083421370828e-22,1.1837559647002983e-22
26,84,-1.4574429978014836e-22,1.5137267222053035e-22
27,84,-6.0489122914640842e-19,1.1267704188065951e-18
28,84,-6.6873001285144267e-44,3.1182366537837199e-45
29,84,-7.0700892490657725e-44,-4.8381141631064806e-42
30,84,-2.1837455779324073e-41,1.430580439603587e-41
31,84,-3.1106107547791691e-43,8.8068401490353397e-44
32,84,-9.5154699684279261e-46,4.0183316612305005e-46
34,84,-2.5002731322775471e-13,1.35250490621604e-13
35,84,3.3798274882400975e-40,4.0383947094667664e-40
36,84,2.7297791188542515e-40,3.5961006073633722e-40
37,84,6.4376155768171022e-42,-2.2154230875390607e-42
38,84,-702.88819508727488,586.79019823969566
39,84,6.43794630492144e-42,-2.2145710818928468e-42
40,84,-3.5087832935248479e-13,2.5393492233680712e-13
41,84,-8.5965317470239569e-17,2.5124453706360527e-17
42,84,-7.6233389960948194e-17,1.7949259485331909e-17
43,84,1.2554975084723112e-43,-4.3731504861907647e-42
44,84,1.1136878686044264e-45,-3.317303065398828e-45
45,84,1.0138305653450201e-45,-2.5695810874953807e-45
46,84,-3.982981322422888e-44,-3.6247605224358576e-44
47,84,-1.1414620901294913e-35,-1.2142635463633206e-35
48,84,-2.976250075362174e-36,-3.9086229713401684e-36
49,84,-1.8005838431237553e-36,-4.6435639366580189e-36
50,84,-2.2893177719339721e-36,-5.1708167837888112e-36
51,84,-2.2133098121687215e-40,-2.0614019092805027e-40
52,84,8.7183468829449503e-44,-3.0733048450016841e-43
53,84,5.3757949893177028e-44,3.6555342277067858e-44
59,84,-3.6288509663328784e-29,4.946419238145731e-29
60,84,-5.0809609347921399e-28,-1.9304506278284853e-28
61,84,2.1773589999497369e-23,-2.4453614473325094e-23
63,84,-6.5385133308951295e-23,4.6722342713926279e-23
64,84,5.8146809468182588e-20,-1.3972881790667234e-19
65,84,-4.7630370551637441e-19,9.3793035819272834e-19
66,84,5.0389753689814487e-23,-6.3515023349213471e-23
67,84,1.1266448030129021e-19,-2.6971592213053335e-19
68,84,5.0423577410658447e-23,-6.3506499065658461e-23
69,84,-2.0973013110234982e-22,-1.4915388922177667e-22
70,84,8.2817733032665285e-22,2.2982214666398051e-21
71,84,1.2533768540751005e-20,5.1986501817953503e-21
72,84,5.959342308134792e-25,1.9718286112748219e-24
73,84,-7.2406564649305145e-13,3.8074282347679746e-13
74,84,4.8955510856233331e-13,2.0820351539006904e-13
75,84,9.2430770512530721e-14,3.9979069709251291e-13
76,84,-9.8622134917189548e-44,-5.3108312772518374e-45
77,84,-193.70299508817027,161.83265012873923
78,84,1.6695909077300892e-13,-5.7752717510115885e-14
79,84,3.0028676507336729e-14,-3.7181812082629426e-14
80,84,-0.0094366995771275608,2.2429885817466304
83,84,-2.5189397144404937e-13,-1.2147392885779284e-13
84,84,896.60062687502113,-750.86583695018271
