bus_id,super_node,kept
sourcebus,sourcebus,1
_hvmv_sub_lsb,_hvmv_sub_lsb,1
hvmv_sub_48332,_hvmv_sub_lsb,0
m1009763,m1009763,1
l2673322,l2673322,1
m1069148,m1069148,1
l2673309,l2673309,1
m1069588,m1069588,1
l2804270,l2804270,1
m3036164,m3036164,1
l2935553,l2935553,1
m1209749,m1209750,0
l2748840,l2748840,1
m1108264,m1089097,0
m1108263,m1089097,0
l3085398,l3085398,1
m1026891,m1026891,1
l3216367,l3216367,1
m1069468,m1069468,1
m1142800,l2767409,0
m1142799,l2767409,0
m1047592,m1047592,1
p827512,m1047592,0
m1047339,m1047339,1
p895104,m1047339,0
m1026915,m1026915,1
m1026920,m1026920,1
n1138596,e182722,0
l3254207,l3254207,1
m1069464,m1069464,1
p873787,m1069464,0
n1144665,l2897777,0
m1047515,l2897777,0
n1137002,m1047702,0
m1047707,m1047702,0
l2729406,l2729406,1
l2897768,l2897768,1
l3649301,l3649301,1
l3649302,l3649302,1
l2970842,m1089119,0
m1089113,m1089113,1
m1047312,m1047312,1
p893163,m1047312,0
l2822871,l2822871,1
m1026872,l2822871,0
m1026312,l2763072,0
l2973163,l2973163,1
l3728038,l3728038,1
l3728039,l3728039,1
m1069567,m1069567,1
m1069582,m1069582,1
n1140830,m1026690,0
l3216351,l3216351,1
l2952007,l2952007,1
l2861158,l2861158,1
n1140827,l3216368,0
m1026726,m1026726,1
l2730106,l2730106,1
n1142099,l2730106,0
m1026658,m1026658,1
l3172805,l3172805,1
p895112,m1142865,0
l3048962,l3048962,1
l2991914,l2991914,1
m1047503,l2991914,0
m1047751,m1047755,0
l2973154,l2973154,1
l3010565,l3010565,1
l2897775,l2897775,1
m1125955,m1125955,1
m1125957,m1125955,0
m1069640,m1069640,1
l2804269,l2804269,1
m1026702,m1026702,1
n1139551,m1026702,0
n1136355,m1069533,0
l2783231,l2783231,1
l2748143,l2748143,1
l3251854,l3251854,1
m1069610,m1069610,1
m1069600,m1069610,0
m1069424,m1069424,1
l2935549,l2935549,1
p895089,m1089213,0
l3235242,l3235242,1
m1026795,m1026795,1
n1140522,m1026795,0
l3030199,l3030199,1
m1125934,l3030199,0
m1069189,m1069189,1
l2860487,l2860487,1
221-312488,l2896685,0
m1089183,l2896685,0
m1108464,l3233413,0
l3102286,l3102286,1
f739845,f739845,1
293471,293471,1
p827499,m1069420,0
n1139254,m1069420,0
m1026657,m1026660,0
m1026656,m1026660,0
m1108299,m1108298,0
m1108300,m1108298,0
l3198355,l3198355,1
l2805037,l3198355,0
n1137994,m1069483,0
m1069484,m1069483,0
l2860504,l2860504,1
l2860493,l2860493,1
m1026783,m1026783,1
m1026780,m1026783,0
p895111,m1142874,0
l2895496,m1142874,0
n1140819,l2973167,0
m1026700,m1026700,1
m1089173,m1089173,1
l2935551,l2935551,1
m1026344,m1026344,1
m1026364,m1026344,0
l2879070,l2879070,1
l3216345,l3216345,1
m1069428,m1069428,1
n1139257,m1069428,0
l2991919,l2991919,1
m1026361,m1026361,1
n1147857,m1009770,0
m1009742,m1009770,0
q14412,q14412,1
m1047325,m1047325,1
n1139263,m1069469,0
l3048227,l3048227,1
p827506,m1069468,0
m1069469,m1069469,1
m1027019,l2860506,0
l2785522,l2785522,1
l3216338,l3216338,1
l2973146,l2973146,1
m3037452,m3037452,1
l2973164,l2973164,1
l3120376,l3120376,1
m1026925,m1026925,1
m1047612,m1047613,0
p828360,m1047613,0
m1089195,l3235242,0
l3141393,l3141393,1
m1026946,m1026948,0
m1026940,m1026940,1
m1047471,m1047471,1
l3216349,l3216349,1
m1047401,m1047401,1
l2748132,l2748132,1
l3122820,l3122820,1
l3141398,l3141398,1
m1108360,m1108350,0
l3048968,l3048968,1
l2801950,l3235266,0
m1069224,m1069224,1
l2766746,l2766746,1
m1027073,m1027073,1
m1142873,m1142874,0
m1069181,m1069181,1
l2973151,l2973151,1
l3179682,l3179682,1
l2786274,l2786274,1
l3066816,l3066816,1
m1026667,l3066816,0
m1108529,m1108529,1
m1108532,m1108532,1
l2766723,l2766723,1
l3122822,l3122822,1
l2673312,l2673312,1
l3235247,l3235247,1
m1166391,m1166391,1
l3254873,l3254873,1
l2861157,l2861157,1
p901951,l2861157,0
m1047346,m1047346,1
m1047345,m1047345,1
l2989596,m1069565,0
l2822873,l2822873,1
m1108328,m1108328,1
l2875754,l2875754,1
l2786204,l2786204,1
m1209819,l2786204,0
p901972,m1009770,0
m1009726,m1009726,1
m1047702,m1047702,1
n1137001,m1047702,0
l2767340,l2767340,1
m3037449,l2767340,0
m1047457,m1047457,1
l2710546,l2710546,1
l2674027,l2674027,1
l2692633,l2692633,1
n1142108,m1125904,0
l2674051,l2674051,1
m1069135,m1069135,1
r18242,m1069135,0
m1047534,m1047534,1
n1136663,m1047534,0
m1108508,m1108520,0
l3097861,l3097861,1
m1069560,m1069560,1
l2973153,l2973153,1
n1136998,l2973153,0
l2898515,l2898515,1
m1166387,m1166387,1
m1047442,m1047442,1
l3235250,l3235250,1
m1142871,m1142871,1
m1142874,m1142874,1
l2955081,l2955081,1
m1108315,m1108315,1
l2973162,l2973162,1
m1026333,m1026333,1
m1009832,m1009832,1
l2860479,l2860479,1
m1026854,m1026854,1
p901894,m1026854,0
m1026485,m1026485,1
m1026492,m1026485,0
d6413567-3_int,d6413567-3_int,1
e182724,e182724,1
n1139541,m1069175,0
m4122658,l3232902,0
l2933135,l2933135,1
l2729414,l2729414,1
l2729430,l2729430,1
l2766742,l2766742,1
m1026972,m1026969,0
l2860483,l2860483,1
l2860490,l2860490,1
l3104134,l3104134,1
m1089144,m1089143,0
p827522,m1089143,0
m1089118,m1089118,1
l3048208,l3048208,1
m1108505,m1108505,1
l2955047,l2955047,1
m1089148,m1089148,1
l2766721,l2766721,1
m1026745,m1026699,0
l3029183,l3029183,1
l2710512,l2710512,1
m1047828,m1047828,1
m1047342,m1047340,0
l3197645,l3197645,1
m1069192,m1069192,1
l3235253,l3235253,1
l3214071,l3214071,1
m1125952,m1125952,1
m1027101,m1027101,1
l2860480,l2860480,1
l2710517,l2710517,1
m1026646,m1026646,1
m1069662,l2897789,0
l2935547,l2935547,1
m1026931,m1026931,1
l3216336,l3216336,1
l3142049,l3142049,1
m1108493,l3142049,0
m1069169,m1069169,1
l3010556,l3010556,1
l2991933,l2991933,1
l3122837,l3122837,1
l2691936,l2691936,1
l2897772,l2897772,1
l3101814,l2897772,0
l2766732,l2766732,1
l2989564,l2989564,1
m1126016,m1126016,1
l3120534,m1126016,0
m1026330,m1026330,1
l2766726,l2766726,1
p901912,l3160109,0
l3195365,l3160109,0
m1108381,m1108381,1
l3254237,l3254237,1
l2804262,l2804262,1
l2841639,l2841639,1
n1230123,m1108380,0
l2708744,l2708744,1
m1069519,m1069519,1
p901927,m1069519,0
l2897790,l2897790,1
l2935566,l2935566,1
l3216337,l3216337,1
p901931,m1069549,0
m1069548,m1069548,1
m1010013,m1010014,0
l3120503,l3120503,1
m1089145,m1089145,1
l3215385,l3215385,1
m1026852,m1026852,1
m1069420,m1069420,1
l3157708,l3157708,1
n1137991,l3157708,0
m1108413,l3233412,0
m1108460,l3233412,0
p827532,m1047325,0
m1047326,m1047326,1
e182732,e182732,1
m1026760,e182732,0
l3048205,l3048205,1
m1108361,m1108361,1
m3036169,m3036169,1
l2673317,l2673317,1
l3178981,l3178981,1
m1047368,m1047368,1
n1136354,m1069519,0
l2879794,l2879794,1
m1142811,m1142811,1
m1069565,m1069565,1
l2785536,l2785536,1
l3104114,l3104114,1
m1009824,m1009824,1
l2745848,m1069481,0
l2673308,l2673308,1
l2991939,l2991939,1
l2916606,l2916606,1
l2822864,l2822864,1
m1142851,l2955077,0
196-31070,l2955077,0
m1209822,m1209822,1
m1209823,m1209822,0
m1069550,m1069550,1
m1069551,m1069551,1
l3141397,l3141397,1
l3649299,l3649299,1
m3772794,m3772794,1
p895106,m1125976,0
l3048887,l3048887,1
m1047824,m1047824,1
m1047834,m1047834,1
m1069350,l3143999,0
n1144668,l3143999,0
l2879072,l2879072,1
m1047441,m1047441,1
m1108274,m1108274,1
m1108269,m1108274,0
l3235244,l3235244,1
m1069398,m1069398,1
n1147862,m1026866,0
l2685805,l2685805,1
m1069247,l2821770,0
m1069248,l2821770,0
l2786273,l2786273,1
m1108278,m1108278,1
l3254238,l3254238,1
m1047303,m1047303,1
m1047633,l2766499,0
l2897554,l2897554,1
m1069627,m1069627,1
l2897791,l2897791,1
m1089097,m1089097,1
m1108270,m1089097,0
n1142101,m1108489,0
l2936214,l2936214,1
l3066810,l3066810,1
l2897769,l2897769,1
m1209758,l3179674,0
m1209753,m1209753,1
m1047528,m1047521,0
l2858166,l2858166,1
m1142843,m1142843,1
l3081380,l3081380,1
l2804272,l2804272,1
l2841641,l2841641,1
m1069393,m1069393,1
m1069408,m1069408,1
n1142104,l3104830,0
m1108500,l3104830,0
l3216348,l3216348,1
l2841627,l2841627,1
l2916599,l2916599,1
m1047447,m1047447,1
l2954349,l2954349,1
l3235246,l3235246,1
m1125911,l3068944,0
l2711224,l2711224,1
n1147863,m1026891,0
l3122817,l3122817,1
m1186061,m1186061,1
l2861223,l2861223,1
m1069130,m1069130,1
l3085396,l3085396,1
e182730,e182730,1
n1142109,e182730,0
m1069417,m1069417,1
n1138597,m1069417,0
m1026987,m1026987,1
m1026990,m1026987,0
m1142832,m1142832,1
l3160865,l3160865,1
l2673323,l2673323,1
m1009809,l2673323,0
l2822869,l2822869,1
m1026808,m1026808,1
m1047825,m1047825,1
m1069731,m1069731,1
n1140520,m1026808,0
l2729410,l2729410,1
l3178978,l3178978,1
m1069384,m1069384,1
l3066805,l3066805,1
m4362181,l2710546,0
m1047319,m1047319,1
m1047318,m1047318,1
l3216358,l3216358,1
m1026826,m1026826,1
m1108276,m1108274,0
m1089198,m1089197,0
m1089201,m1089197,0
m1047763,m1047763,1
n1136027,m1047763,0
l3101827,m1108529,0
m1108540,m1108540,1
m1026335,m1026333,0
l2804259,l2804259,1
n1136357,m1069548,0
m1047513,m1047513,1
m1047507,m1047507,1
m1142863,m1142863,1
n1141480,m1142863,0
m1125916,m1125916,1
l2879767,l2879767,1
l3066809,l3066809,1
m1069487,m1069487,1
m1142818,m1142818,1
p829965,m1142818,0
q14733,q14733,1
m1047568,m1047568,1
m1047322,m1047326,0
l2954338,l2954338,1
m1047409,m1047409,1
l2841648,l2841648,1
m1089177,m1089177,1
m1026951,m1026948,0
l2954347,l2954347,1
m4122657,l2745811,0
l3027124,l3027124,1
m1069419,m1069420,0
m1069418,m1069420,0
m1026824,m1026824,1
p859694,m1026824,0
m1047453,m1047453,1
l2691948,l2691948,1
p860892,m1089122,0
n1139543,m1089122,0
m1089205,m1089205,1
n1134472,m1089205,0
l2710542,l2710542,1
m3032980,m3032980,1
m3032977,m3032980,0
m3763618,m3763624,0
p1121282,m3763624,0
l2917330,l2917330,1
l2861222,l2861222,1
m1047490,m1047490,1
p1164481,m1047490,0
m1069356,m4113347,0
m1069363,m4113347,0
p828359,m1047613,0
l2878848,l2878848,1
m1047486,m1047486,1
l3177665,l3177665,1
l2805036,l2805036,1
l2692654,l2692654,1
m1125929,l2692654,0
m1047669,l2973153,0
m1047672,m1047672,1
m1125919,m1125919,1
p829961,m1125919,0
m1142819,m1142819,1
p829960,m1142819,0
p829979,m1186063,0
m3036172,m3036172,1
m1026883,l3342743,0
m1026898,l3342743,0
m1089143,m1089143,1
l3141400,l3141400,1
m1069481,m1069481,1
p827507,m1069481,0
m1026377,m1026377,1
l3048210,l3048210,1
e182722,e182722,1
m1026331,m1026331,1
l3214055,l3214055,1
m1108295,l3011298,0
l2936279,l2936279,1
m1026704,m1026704,1
l2841634,l2841634,1
m1047386,m1047386,1
m1047379,m1047386,0
m1089115,m1089115,1
m1026486,m1026486,1
m1026488,m1026486,0
l3010570,l3010570,1
p904451,m1108378,0
221-282819,m1108378,0
m1125968,m1125968,1
p895107,m1125968,0
n1136999,m1047672,0
m1069412,m1069412,1
l2879061,l2879061,1
m1026947,m1026948,0
m1142880,m1142880,1
l2891575,l2891575,1
m1026848,m1026848,1
m1026847,m1026848,0
l2897793,l2897793,1
m1069521,m1069521,1
m1069175,m1069175,1
l3197637,l3197637,1
l3197635,l3197635,1
l2804257,l2804257,1
l2860485,l2860485,1
l3235945,l3235945,1
l2842330,l2842330,1
l2804254,l2804254,1
m1047752,l2804254,0
m1166370,m1166370,1
m1166364,m1166370,0
m3763619,m3763619,1
m3037540,m3037540,1
l2710509,l2710509,1
l2763072,l2763072,1
m4118754,l2763072,0
m1089196,m1089197,0
m1047484,m1047486,0
l3010560,l3010560,1
l3254219,l3254219,1
l3254220,l3254220,1
m1026648,m1026648,1
m1026647,m1026648,0
m1089112,m1089112,1
l2691951,l2691951,1
m1108433,l3102286,0
228-1048090-1_int,l3102286,0
m1026327,m1026327,1
l2841636,l2841636,1
l2990826,l2990826,1
l2911069,l2911069,1
l2948732,l2948732,1
m1108260,m1089097,0
m1108259,m1089097,0
m1069312,m1069312,1
p873800,m1069312,0
m1186078,l2861157,0
l2876797,l2876797,1
r18241,l2876797,0
l3254227,l3254227,1
m3037455,m3037455,1
l3217052,l3217052,1
p827500,m1069424,0
l2822861,l2822861,1
m1047724,m1047724,1
m1047722,m1047722,1
d5534969-2_int,d5534969-2_int,1
e182729,e182729,1
n1134477,l3066814,0
m1166355,m1166361,0
l2858200,m1166361,0
m1047699,m1047699,1
l2935554,l2935554,1
m1047292,m1047292,1
l2766750,l2766750,1
l3649300,l3649300,1
m1047733,l2973150,0
l3066804,l3066804,1
m3327098,m3327098,1
l2691943,l2691943,1
p829986,m1125902,0
m1125904,m1125904,1
n1139550,m3036169,0
m1026307,m1008753,0
l3085388,l3085388,1
l3233413,l3233413,1
l3122827,l3122827,1
l2954355,l2954355,1
p827576,m1069428,0
n1139256,m1069428,0
l2952003,l2952003,1
n1136359,m1069556,0
l3008237,l3008237,1
m1089102,l3626914,0
m1089096,l3626914,0
p895102,m1125969,0
m1125978,m1125978,1
m1026706,m1026706,1
n1140825,m1026706,0
l3141399,l3141399,1
m1069210,l3141399,0
m3763624,m3763624,1
p1121283,m3763624,0
m1142839,m1142839,1
l3067507,l3067507,1
n1141478,m1142819,0
m1142826,m1142826,1
m1108334,m1108331,0
l2692664,l2692664,1
l2823544,l2823544,1
226-23751,m1125902,0
p827536,m1026851,0
n1137999,m1026851,0
l3027157,m1047737,0
l2973155,l2973155,1
m1186052,l3139366,0
198-5320,l3139366,0
l3216346,l3216346,1
l2858163,l2858163,1
m1047813,l2785512,0
l2973149,l2973149,1
l3086079,l3086079,1
m1069574,m1069572,0
l2710530,l2710530,1
m1069285,m1069311,0
m4113348,m4113348,1
l2879074,l2879074,1
m1026916,m1026915,0
e193509,e193509,1
m1047794,m1047794,1
m1047796,m1047794,0
l3027116,l3027116,1
l2929261,l2929261,1
m1166375,m1166375,1
p895080,m1166375,0
l2973156,l2973156,1
m1069311,m1069311,1
m1069208,m1069208,1
l2691945,l2691945,1
n1140820,m1026700,0
m1026468,m1026468,1
p901909,m1026468,0
m1026662,m1026662,1
n1141473,m1026662,0
m1026941,m1026941,1
m1026942,m1026942,1
n1137985,m1047722,0
m1047713,m1047713,1
m1047720,m1047720,1
m1108298,m1108298,1
196-36167,m1108298,0
e183472,e183472,1
l2989566,l2989566,1
m1010007,m1010011,0
m1010004,m1010004,1
p862322,m1108381,0
m1089188,m1089188,1
m1089189,m1089188,0
l2972704,l2972704,1
l3263051,l3263051,1
n1139544,m1069225,0
l2897776,l2897776,1
n1230122,m1108378,0
l2689726,l2748132,0
m1142868,m1142865,0
m1142869,m1142865,0
l2767414,l2767414,1
m1027027,l2710515,0
l3270853,l2710515,0
m1125982,m1125978,0
m1069572,m1069572,1
l3066826,l3066826,1
m1166356,m1166356,1
l2730187,l2730187,1
l3122825,l3122825,1
l2991920,l2991920,1
n1134474,l3231255,0
m1069496,l3231255,0
l3122826,l3122826,1
m1047358,m1047358,1
l3142078,l3142078,1
l2879752,l2879752,1
p850072,m1108398,0
221-311609,m1108398,0
m1027023,m1027023,1
l3122815,l3122815,1
l2724120,l2724120,1
m1069149,l2724120,0
l2729429,l2729429,1
l3215549,l3215549,1
l2897800,l2897800,1
l3027156,m1047732,0
l2860481,l2860481,1
n1140828,m1026706,0
m1026708,m1026706,0
m1126020,m1126020,1
m1126023,m1126020,0
m1026906,m1026906,1
m1209824,m1209822,0
m1209828,m1209828,1
l3195315,l3195315,1
m1069590,m1069590,1
m1069595,m1069595,1
m1027004,m1027004,1
l2897765,l2897765,1
m1047314,m1047314,1
n1137961,m1047314,0
l2876814,l2876814,1
m1026834,m1026834,1
m1008743,m1008743,1
m1008742,m1008742,1
p827525,m1026896,0
m1026902,m1026902,1
n1144663,l3231255,0
m1089215,l3231255,0
m1069467,m1069469,0
m1047324,m1047325,0
l2897780,l2897780,1
m1069411,m1069411,1
l2711226,l2711226,1
l3101789,l3101789,1
l2841616,l2841616,1
m1089170,m1089170,1
l2879062,l2879062,1
n1139545,m1089112,0
m1069174,m1069174,1
n1140517,m1108534,0
l3157718,l3157718,1
l2727008,l2916619,0
m1069629,m1069629,1
l2691944,l2691944,1
n1230121,m1108315,0
m1069533,m1069533,1
n1136356,m1069533,0
m1142865,m1142865,1
m1047526,m1047521,0
n1136666,m1047521,0
l2804253,l2804253,1
m1209790,m1209791,0
m1209788,m1209788,1
p850400,m4113348,0
l3029500,l3029500,1
m1026764,l3029500,0
m1108375,l2767340,0
m1069217,m1069217,1
l2954350,l2954350,1
l2802481,l2802481,1
l3214549,l3214549,1
l2851933,l2851933,1
l3207907,l3207907,1
l2841619,l2841619,1
m1108380,m1108380,1
p904452,m1108380,0
n1136995,m1047615,0
m1047613,m1047613,1
221-306687,l3119793,0
l2916625,l2916625,1
m1009724,m1009726,0
m1009720,m1009720,1
l2822862,l2822862,1
d6019477-1_int,d6019477-1_int,1
e182727,e182727,1
m1027043,m1027043,1
m1026948,m1026948,1
m1026949,m1026948,0
m1089131,l3104125,0
l3270854,l3104125,0
m1209763,m3036172,0
l3176661,l3176661,1
l2970804,l2970804,1
p827504,m1047480,0
n1137957,m1047480,0
l2936275,l2936275,1
l2766722,l2766722,1
l3142079,l3142079,1
m3036162,m3036162,1
m1026724,m1026744,0
r18243,m1026744,0
l2710504,l2710504,1
m1142860,m1142860,1
p895114,m1142860,0
l3197652,l3197652,1
p827575,m1069438,0
m1069437,m1069437,1
m1069620,m1069607,0
l3270814,l3270814,1
m1026378,m1026377,0
l2897778,l2897778,1
m1069532,m1069532,1
l2785534,l2785534,1
m1069147,m1069147,1
l3066801,l3066801,1
m1069556,m1069556,1
p901932,m1069556,0
l2691967,l2691967,1
m1069504,m1069504,1
m1166393,m1166393,1
m1166395,m1166395,1
l2766718,l2766718,1
l3048206,l3048206,1
m1047821,m1047821,1
l2684420,l2684420,1
p850080,m1108387,0
221-311905,m1108387,0
m1089204,m1089204,1
l3157167,l3157167,1
m1186072,l3030204,0
m1186067,l3030204,0
m1047432,m1047432,1
l2879075,l2879075,1
m3037537,m3037537,1
l3231269,l3231269,1
r42247,q16483,0
m1149233,q16483,0
m1108266,m1089097,0
m1108265,m1089097,0
m1069543,m1069544,0
m1069535,m1069544,0
m1126017,m1126020,0
m1047711,l3254230,0
m1047718,l3254230,0
m1069136,m1069136,1
m1009771,m1009770,0
l2914323,l2914323,1
m1069218,m1069218,1
l2954351,l2954351,1
m1026744,m1026744,1
m1008752,m1008752,1
m1008746,m1008746,1
m1069457,l2876798,0
e182745,l2876798,0
n1139546,m1089119,0
m1026363,l3178997,0
l2897779,l2897779,1
l2841626,l2841626,1
l2711234,l2711234,1
l2973178,l2973178,1
m1149236,m1149236,1
p829974,m1149236,0
l3160862,l3160862,1
l3104850,l3104850,1
l2748130,l2748130,1
l3083019,m1027043,0
m1027080,m1027043,0
l3085389,l3085389,1
l2729405,l2729405,1
p828362,m1047580,0
n1136671,m1047580,0
p901941,m1125944,0
l3251799,l3251799,1
m1026308,m1026308,1
l2897764,l2897764,1
m1009840,m1009840,1
l2991901,l2991901,1
n1134470,l2764412,0
l3251808,l3251808,1
l3139086,l3139086,1
n1137992,l2820531,0
196-29520,l2820531,0
l3029501,l3029501,1
m3036165,m3036165,1
m1026857,m1026857,1
m1026859,m1026857,0
m1108311,m1108311,1
l2898526,l2898526,1
l3048965,l3048965,1
l3216123,l3216123,1
n1136996,l3216123,0
m1069202,m1069202,1
l2879073,l2879073,1
m1089093,l3626914,0
m1047786,m1047786,1
l3048207,l3048207,1
l3160868,l3160868,1
l3082988,l3082988,1
l2936211,l2936211,1
n1140525,m3763624,0
l3645809,l3645809,1
p829962,m1142832,0
m1142835,m1142835,1
l3125349,l3125349,1
n1138604,l3125349,0
d5710794-3_int,d5710794-3_int,1
e192860,e192860,1
l3254216,l3254216,1
l2785511,l2785511,1
l2897784,l2897784,1
m1026496,l2897784,0
p859135,m1047699,0
m1027002,l2916608,0
l2673313,l2673313,1
m1047725,m1047724,0
m1047728,m1047724,0
m1047300,l3027116,0
m1047299,m1047299,1
l3122835,l3122835,1
l3234185,l3234185,1
l3065750,l3065750,1
l2991943,l2991943,1
l2952013,l2952013,1
m1026701,m1026701,1
m1026697,m1026701,0
m1069730,m1069730,1
l3159037,l3159037,1
m1142833,m1142835,0
p901913,m1047513,0
n1140823,m1026700,0
m1027066,m1027068,0
l2841645,l2841645,1
m1125959,m1125959,1
m1125974,m1125974,1
m1069191,m1069192,0
m1108258,m1108258,1
p829976,m1142843,0
l2955078,l2955078,1
n1147867,l3104155,0
d5837361-8_int,l3104155,0
m1026792,m1026792,1
l2821010,l2821010,1
m1125976,m1125976,1
n1142112,m1089097,0
p827496,m1089097,0
221-240988,m1026655,0
l3141411,l3141411,1
p829956,m1142871,0
d5535139-1_int,d5535139-1_int,1
e183473,e183473,1
m1125997,m1125994,0
m1047518,l3029506,0
l2973160,l2973160,1
n1134471,m1027043,0
m1009838,m1009838,1
l2801896,l2801896,1
p827520,m1089112,0
m1009784,m1009807,0
m1009770,m1009770,1
n1136669,m1047552,0
l3103822,l3103822,1
m3768670,m3768670,1
p1123251,m3768670,0
n1136994,m1047592,0
l2729428,l2729428,1
m1026926,m1026926,1
n1138000,m1026926,0
221-242079,m1209774,0
l3011293,l3011293,1
m1026777,m1026773,0
l3233353,l3233353,1
l3029506,l3029506,1
l3010559,l3010559,1
m1069213,m1069213,1
l3178977,l3178977,1
m1108534,m1108534,1
p901934,m1108534,0
p829796,m1108529,0
n1142107,m1108529,0
l2691965,l2691965,1
l2785538,l2785538,1
n1139259,m1069437,0
l2710543,l2710543,1
q1301,q1301,1
l3160872,l3160872,1
p827509,m1047763,0
m1047793,m1047793,1
p827555,m1047793,0
l2879069,l2879069,1
l2955006,l2955006,1
l2692600,l2692600,1
l3029505,l3029505,1
l2673318,l2673318,1
m1026682,l2879081,0
m1047424,m1047424,1
l2691949,l2691949,1
m1026699,m1026699,1
l3085403,l3085403,1
m4113345,l3157708,0
l3235255,l3235255,1
m1047316,m1047316,1
m1026886,m1026886,1
l3120484,l3120484,1
l2879078,l2879078,1
m1026681,l2879078,0
l3232902,l3232902,1
l3123509,l3123509,1
m1209772,l3123509,0
r20703,e183473,0
l2859403,l2859403,1
m1026927,m1026926,0
m1125914,m1125914,1
l2917328,l2917328,1
l2841635,l2841635,1
l2766499,l2766499,1
m1047444,m1047442,0
m1108459,l3027670,0
l2802480,l2802480,1
l2691954,l2691954,1
l3122849,l3122849,1
l2764411,l2764411,1
m1026907,m1026907,1
l2729206,l2729206,1
l2804957,l2804957,1
l3048937,l3048937,1
l2822872,l2822872,1
l3235946,l3235946,1
m1126005,m1126005,1
m1009698,m1009698,1
l3156034,l3156034,1
l3254205,l3254205,1
l3197647,l3197647,1
m1026778,l3197647,0
m1026844,m1026844,1
n1147861,m1026844,0
l2973833,l2973833,1
m1166373,m1166373,1
l2991902,l2991902,1
m1008758,m1008758,1
m1026734,m1026732,0
l3065696,l3065696,1
l2748780,l2748780,1
m1125987,m1125987,1
p901945,m1125987,0
p901910,m1069417,0
l3027122,l3027122,1
m1108506,l3027122,0
l2841637,l2841637,1
n1139539,m1069135,0
l2710520,l2710520,1
m1089119,m1089119,1
p827521,m1089119,0
l3046854,l3046854,1
m1047478,m1047478,1
l2766716,l2766716,1
n1137003,m1047713,0
l2973171,l2973171,1
l3085392,l3085392,1
p875742,m1026907,0
m1010008,m1010011,0
l3784018,l3784018,1
m1026703,m1026705,0
l2973166,l2973166,1
l3068944,l3068944,1
m1047550,m1047558,0
l2936270,l2936270,1
l3086078,l3086078,1
m1047593,m1047593,1
m1047615,m1047615,1
m1009855,m1009855,1
l2748139,l2748139,1
n1140832,m1026662,0
l2841631,l2841631,1
m1047819,m1047819,1
l2916610,l2916610,1
l2879076,l2879076,1
m1089122,m1089122,1
l2691939,l2691939,1
m1069489,m1069488,0
l2933120,l2933120,1
m1069225,m1069225,1
m1089120,190-7361,0
l3645810,l3645810,1
m3763623,l3645810,0
l3649304,l3649304,1
m1027042,m1027042,1
l3178969,l3178969,1
l2729401,l2729401,1
l3235249,l3235249,1
l2954348,l2954348,1
l3066812,l3066812,1
l2841622,l2841622,1
m1209787,m1209788,0
l2823611,l2823611,1
196-35541,m1108315,0
m1108317,m1108315,0
m1047340,m1047340,1
l2991923,l2991923,1
m1026661,l3066816,0
p827530,l3066816,0
p827503,m1069483,0
n1147865,m1027043,0
l2895489,m1027043,0
l2730163,l2730163,1
m1089103,m1089103,1
l3048196,l3048196,1
l2673306,l2673306,1
l2726973,l2726973,1
m1047485,l2726973,0
l2991640,l2991640,1
m1089160,l2991640,0
l3160101,l3160101,1
m1125905,m1125905,1
m1026950,l3160103,0
m1026954,m1026954,1
m1047558,m1047558,1
n1136659,m1047558,0
l2766741,l2766741,1
m1069564,m1069564,1
n1136361,m1069564,0
m1047566,m1047568,0
n1137995,m1047568,0
n1145955,m1026333,0
m1069461,m1069461,1
p827574,m1069461,0
m1069156,m1069156,1
l3195356,m1089112,0
n1137996,m1047558,0
l3178979,l3178979,1
l3254231,l3254231,1
l3728042,l3728042,1
l3728043,l3728043,1
m1047723,l3254230,0
m1047729,l3254230,0
l2895461,l2895461,1
l3029518,l3029518,1
l2897807,l2897807,1
l2785520,l2785520,1
n1139542,l2691951,0
221-308718,m1108381,0
m1209750,m1209750,1
l3254869,l3254869,1
l2798067,l2798067,1
m1047403,m1047401,0
m1047404,m1047401,0
l3102793,l3102793,1
m1089141,m1089141,1
n1139547,l2804249,0
l2688693,l2688693,1
l3048222,l3048222,1
l3104117,l3104117,1
221-311583,m4113348,0
n1139250,m4113348,0
l2690187,l2690187,1
m1108412,l2690187,0
m1026690,m1026690,1
p873801,m1069312,0
m1089138,l2673316,0
l2841628,l2841628,1
m1069364,m4113347,0
l2689678,l2689678,1
m1026463,m1026463,1
l2692655,l2692655,1
m1142821,l2692655,0
p827508,m1069169,0
n1144667,m1027043,0
m1089162,m1089162,1
l3029520,l3029520,1
m1009655,m1026655,0
p827528,m1026655,0
l2991906,l2991906,1
m1027056,m1027043,0
l3066814,l3066814,1
m1108398,m1108398,1
m1108483,m1108483,1
m1108486,m1108483,0
m1026341,m1026341,1
p827531,m1026341,0
l2748133,l2748133,1
l3085399,l3085399,1
l2767342,l2767342,1
m1125944,m1125944,1
m1125947,m1125944,0
l2710511,l2710511,1
l2766719,l2766719,1
p827549,m1069500,0
n1140518,m1069500,0
l2766728,m1047316,0
m1069462,m1069464,0
l3216342,l3216342,1
m1027041,m1027041,1
l2916607,l2916607,1
l2710513,l2710513,1
m1009839,l2801896,0
l2973165,l2973165,1
m1108501,l3027122,0
m1108499,m1108499,1
m1069227,m1069226,0
l2785546,l2785546,1
m1026810,l2785546,0
m1108368,m1108368,1
l3085393,l3085393,1
l3178974,l3178974,1
m1026774,m1026783,0
m1026769,m1026769,1
l3189189,l3189189,1
l2821770,l2821770,1
m1069555,m1069555,1
l3252336,l3252336,1
p829977,m1186065,0
l2820556,l2820556,1
m1047410,l2820556,0
m1027001,m1026987,0
m1047344,m1047344,1
l3029499,l3029499,1
221-282818,m1108380,0
m1026830,m1026830,1
p827511,m1026830,0
p895105,m1089141,0
n1142110,m1089141,0
n1142111,m1089143,0
l2991912,l2991912,1
l3010569,l3010569,1
m1047335,m1047335,1
l3216368,l3216368,1
l2879081,l2879081,1
l3104144,l3104144,1
l2916619,l2916619,1
m1126031,m1126031,1
l3179608,l3179608,1
l2990098,l2990098,1
m1108462,l2990098,0
l2673326,l2673326,1
m1142815,m1142815,1
n1141477,m1142815,0
n1139252,m1069417,0
l3122812,l3122812,1
m1166386,m1166386,1
m1089163,l2991640,0
n1142100,l2730106,0
m1069456,l3104155,0
l2897806,l2897806,1
l2822865,l2822865,1
l3195321,l3195321,1
l3197646,l3197646,1
m1026829,m1026829,1
n1147859,m1026829,0
l3139121,m1047299,0
l2763153,l2763153,1
e182726,e182726,1
l2766744,l2766744,1
l3216370,l3216370,1
226-23745,l2936216,0
m1142828,l3160865,0
l2674047,l2674047,1
m3949157,m3949157,1
l3727711,l3727711,1
m1026329,m1026329,1
m1026328,m1026329,0
m1108355,l3198356,0
m1108352,l3198356,0
l3086002,l3086002,1
n1134476,n1134475,0
m1069284,m4113348,0
p850401,m4113348,0
d5502543-2_int,d5502543-2_int,1
q14413,q14413,1
l3029503,l3029503,1
n1140524,m1026783,0
m1047792,m1047792,1
l2876846,m1047792,0
m1089165,m1089165,1
l3216343,l3216343,1
l2748144,l2748144,1
l3010562,l3010562,1
m1069557,m1069557,1
m1047374,m1047374,1
l3197629,l3197629,1
m1089202,m1089197,0
m1089203,m1089203,1
m1026866,m1026866,1
m1149235,m1149235,1
l2766720,l2766720,1
m1209791,m1209791,1
p903354,m1209791,0
m1026960,m1026960,1
m3729981,m1026960,0
l3011298,l3011298,1
m1108524,m1108524,1
n1136031,m1108524,0
m1026722,m1026699,0
l2991915,l2991915,1
l2673320,l2673320,1
m1047497,l3160109,0
m1047755,m1047755,1
m3037441,l3207907,0
n1140824,l3207907,0
m1026709,m1026709,1
l3729298,l3729298,1
l3727707,l3727707,1
l3160123,l3160123,1
l2897805,l2897805,1
m1089094,l3626914,0
m1125917,m1125917,1
m1069154,m1069154,1
l3197630,l3197630,1
m1026343,m1026343,1
m1069155,m1069155,1
l2785523,l2785523,1
l3141388,l3141388,1
m1026786,m1026795,0
m1026785,m1026795,0
n1137958,m1047483,0
m1026877,m1026877,1
l2820583,l2804250,0
m1108354,l2804250,0
l2991911,l2991911,1
n1136363,m1069564,0
r18245,m1069564,0
221-306686,m1069312,0
l2970258,l2970258,1
l2841632,l2841632,1
regxfmr_190-8593,regxfmr_190-8593,1
p1197121,m1125917,0
l2805031,l2805031,1
m1069226,m1069226,1
l2860506,l2860506,1
l2954346,l2954346,1
l2879077,l2879077,1
d5860423-3_int,d5860423-3_int,1
190-8593,190-8593,1
l3139366,l3139366,1
m4362177,l3139366,0
l2763812,l2763812,1
l2951995,l2951995,1
l3197638,l3197638,1
m1026849,l3197638,0
n1137993,m1047486,0
l2860482,l2860482,1
p901946,m1108505,0
n1142105,m1108505,0
m1026905,m1026905,1
p827515,m1026905,0
m1108520,m1108520,1
l2804277,l2804277,1
l2991913,l2991913,1
l2933165,m1069582,0
l3235273,l3235273,1
l3029502,l3029502,1
m1047780,m1047777,0
l3066811,l3066811,1
m1047732,m1047732,1
n1137987,m1047732,0
l3197661,l3197661,1
l3122848,l3122848,1
m1047580,m1047580,1
m1108345,l3198356,0
m1108347,l3198356,0
d5655682-1_int,d5655682-1_int,1
e182725,e182725,1
d5926308-3_int,d5926308-3_int,1
l2860491,l2860491,1
l2897770,l2897770,1
l3104127,l3104127,1
l2767343,l2767343,1
l2786266,l2786266,1
l2785512,l2785512,1
p827529,m1047552,0
n1136668,m1047552,0
m1027114,m1027114,1
l3195327,l3195327,1
m1027121,m1027121,1
m1027123,m1027121,0
l3104157,l3104157,1
p895409,m1026886,0
d6138608-3_int,d6138608-3_int,1
q14404,q14404,1
l2991927,l2991927,1
m1089155,m1089155,1
m1089158,m1089155,0
m1026324,l2841636,0
m1026323,m1026323,1
l2804258,l2804258,1
p829978,m1166369,0
l2992656,l2992656,1
l2936271,l2936271,1
m1069544,m1069544,1
l2916598,l2916598,1
l2954344,l2954344,1
l2897767,l2897767,1
l2876796,l2876796,1
m1047756,l2876796,0
l3122810,l3122810,1
m1108379,m1108378,0
n1140822,m1026706,0
l2860478,l2860478,1
l2822858,l2822858,1
l2841620,l2841620,1
l3727709,l3727709,1
l3727710,l3727710,1
n1136667,l2858166,0
196-29519,l2858166,0
n1144666,m1027042,0
m1125989,m1125987,0
l2898495,m1108380,0
l3179674,l3179674,1
regxfmr_190-7361,regxfmr_190-7361,1
m1069249,m4113348,0
l2803194,l2803194,1
m1186065,m1186065,1
m1186064,m1186065,0
d6231996-1_int,d6231996-1_int,1
e206614,e206614,1
m1209776,m1186063,0
m1209775,m1186063,0
l2804261,l2804261,1
l3178980,l3178980,1
m1047835,m1047834,0
m1047836,m1047836,1
m1125962,m1125962,1
l3123452,l3123452,1
p893610,m1108298,0
m1108302,m1108298,0
p829797,m1108484,0
l2841629,l2841629,1
l3254218,l3254218,1
l3778577,l3778577,1
l2820531,l2820531,1
l3626914,l3626914,1
l2955077,l2955077,1
m1166374,m1166373,0
n1139552,m1026744,0
p827533,m1069135,0
n1139538,m1069135,0
l3160098,l3160098,1
m1089213,m1089213,1
l2820590,m1108315,0
l3104125,l3104125,1
q14411,q14411,1
l3118855,l3118855,1
l3231255,l3231255,1
d5861005-2_int,d5861005-2_int,1
m1027071,m1027071,1
l3235241,l3235241,1
l2729409,l2729409,1
l2841624,l2841624,1
l3235254,l3235254,1
m1026855,l3235254,0
m1026851,m1026851,1
m1069466,m1069469,0
m1069524,m1069524,1
m1027091,m1027087,0
m1027092,m1027087,0
l2766747,l2766747,1
p827560,m1026701,0
l2822877,l2822877,1
n1138598,l2822877,0
m1009715,m1009715,1
m1009705,m1009715,0
l3198347,l3198347,1
m1108489,m1108489,1
m1108492,m1108489,0
l3226771,l3226771,1
l3189190,l3189190,1
l2991918,l2991918,1
l2954339,l2954339,1
l3048200,l3048200,1
l3160861,l3160861,1
n1142098,m1108483,0
m1047795,m1047793,0
m1047552,m1047552,1
l2804283,l2804283,1
l2916627,l2916627,1
l3029498,l3029498,1
m1047773,l2879068,0
l2973152,l2973152,1
l2822870,l2822870,1
m1166369,m1166369,1
l2839305,l2839305,1
l2710508,l2710508,1
m1026861,l3235254,0
m1026858,l3235254,0
l3082992,l3082992,1
m1010011,m1010011,1
l3214069,l3214069,1
m1026655,m1026655,1
n1141475,m1026655,0
l3197643,l3197643,1
m1026339,m1026339,1
m1108268,m1089097,0
m1069310,m1069311,0
m1047423,l2916234,0
m1047420,m1047420,1
m1069613,l2897791,0
m1026823,m1026820,0
l2879087,l2879087,1
d5806920-1_int,d5806920-1_int,1
m1027039,m1027039,1
l3552667,l3552667,1
m1026890,l2691973,0
l2954357,l2954357,1
m1069438,m1069438,1
l2785530,l2785530,1
l2822868,l2822868,1
n1139264,m1069469,0
p827523,l2691951,0
m1027087,m1027087,1
l2726983,l2726983,1
l2821087,l2821087,1
l2673310,l2673310,1
l2936212,l2936212,1
n1142106,m1108532,0
l2936213,l2936213,1
m1027011,l2673313,0
m1209795,m1209788,0
l2746587,l2746587,1
n1147858,l2746587,0
m1108378,m1108378,1
m1047809,m1047809,1
m1026805,m1026805,1
l3120502,l3120502,1
m1069526,m1069544,0
l2673331,l2673331,1
m1108490,m1108490,1
m1009805,m1009807,0
l3122816,l3122816,1
l3160103,l3160103,1
m1069503,m1069503,1
n1134469,m1027121,0
m1089200,m1089205,0
l3027670,l3027670,1
l2691941,l2691941,1
m1125960,l3214069,0
n1136367,m1069517,0
m1069515,m1069517,0
m1069131,l2710520,0
p827534,l2710520,0
m1069530,m1069544,0
m1069184,m1069189,0
l3159645,l3159645,1
m1069632,m1069632,1
p829957,m1209800,0
l3160863,l3160863,1
p829963,m1125914,0
m1010014,m1010014,1
n1137998,m1026886,0
l3048199,l3048199,1
l3067478,l3067478,1
m1125994,m1125994,1
m1047480,m1047480,1
m1069483,m1069483,1
l2841615,l2841615,1
l2673305,l2673305,1
m1047721,l3254230,0
m1026366,m1026366,1
l3104131,l3104131,1
l2973167,l2973167,1
m1027055,m1027043,0
n1134475,n1134475,1
l3067447,l3067447,1
m1108350,m1108350,1
l3139598,l3139598,1
n1140829,m1026705,0
l3085397,l3085397,1
n1139540,m1069169,0
l2748140,l2748140,1
l3141412,l3141412,1
m1069619,m1069607,0
m1047769,m1047769,1
l3197632,l3197632,1
l2785524,l2785524,1
p827495,m1026463,0
l2991921,l2991921,1
l2710510,l2710510,1
l3197628,l3197628,1
n1140831,m1026662,0
n1136358,m1069548,0
l3104119,l3104119,1
l2842329,l2842329,1
m1125961,m1125962,0
l2973791,l2973791,1
l3179650,l3179650,1
p860843,m1108315,0
m1026961,m1026960,0
l2710516,l2710516,1
l3160864,l3160864,1
m1047623,m1047623,1
l2748157,l2748157,1
l3048212,l3048212,1
l3122824,l3122824,1
l2879089,l2879089,1
l2937757,l2937757,1
l3067448,l3067448,1
193-46661,l2897554,0
m1069390,m1069390,1
l2897801,l2897801,1
m1108527,l2936213,0
m1009650,m1026655,0
e203026,m1026655,0
m1026779,l3178976,0
l2973169,l2973169,1
m1026953,m1026953,1
q14734,q14734,1
l3197631,l3197631,1
l2748127,l2748127,1
m1209814,l2801909,0
m1209811,m1209811,1
l2729408,l2729408,1
l3048228,l3048228,1
l2991940,l2991940,1
m1108395,m1108395,1
l2728247,l2728247,1
l2804271,m1069544,0
l2916234,l2916234,1
l2673316,l2673316,1
n1138607,m4113347,0
l3159448,l3159448,1
l3048890,l3048890,1
m1166402,l3048890,0
l3010563,l3010563,1
l2841623,l2841623,1
m1125940,m1125940,1
l2991908,l2991908,1
l3178973,l3178973,1
m1047826,l2710513,0
m1047767,m1047767,1
l2879068,l2879068,1
l3066819,l3066819,1
l3104853,l3104853,1
221-311359,l3139366,0
l3234149,l3234149,1
n1139537,m1047339,0
l2673346,l2673346,1
l3254210,l3254210,1
l2955005,l2955005,1
m1108372,m1108372,1
l2936268,l2936268,1
l2688692,l2688692,1
m1108286,l2688692,0
l2804247,l2804247,1
m1047744,l2804254,0
l3178971,l3178971,1
l3728040,l3728040,1
l3728041,l3728041,1
m1069509,m1069503,0
l2766738,l2766738,1
l3104128,l3104128,1
l2673315,l2673315,1
l3047289,l3047289,1
l2785516,l2785516,1
l3048963,l3048963,1
d5799561-2_int,d5799561-2_int,1
m1069199,l3263051,0
l2785525,l2785525,1
l3198356,l3198356,1
l3197641,l3197641,1
l2973161,l2973161,1
e183493,e183493,1
m1125902,m1125902,1
l3085402,l3085402,1
m1026394,l3085402,0
m1047768,m1047766,0
p827554,m1047766,0
l2991909,l2991909,1
m1026736,m1026699,0
m1026986,m1026979,0
m1026997,m1026997,1
m4118755,l3086078,0
m1026978,m1026960,0
m1026979,m1026979,1
l3082981,l3082981,1
l3235275,l3235275,1
m1026347,m1026347,1
l2915534,l2915534,1
l2710519,l2710519,1
m1026820,m1026820,1
l3141403,l3141403,1
l3197633,l3197633,1
m1069500,m1069500,1
m1069382,m1069382,1
n1147866,m1026701,0
l2710537,l2710537,1
m1026935,m1026940,0
m1108364,l2710509,0
l2897789,l2897789,1
m1026466,m1026463,0
l3160878,l3160878,1
l2917336,l2917336,1
m1026977,m1026960,0
p895082,m1108532,0
l3214112,l3214112,1
l3160104,l3160104,1
l2973144,l2973144,1
l2748152,l2748152,1
m1108387,m1108387,1
l2955055,l2955055,1
l2991907,l2991907,1
m1047812,m1047809,0
m4350438,m1047809,0
n1142103,l3142049,0
l3104830,l3104830,1
l3197626,l3197626,1
m1047483,m1047483,1
m4277837,m1069420,0
l3160102,l3160102,1
p827514,l3160102,0
l3160793,l3160793,1
n1147860,m1026834,0
l3177881,l3177881,1
d5835167-6_int,d5835167-6_int,1
q14414,q14414,1
l3048221,l3048221,1
l2748128,l2748128,1
l2913406,l2913406,1
m1069563,m1069563,1
n1136360,m1069563,0
m1166366,m1166366,1
196-29518,m1026926,0
l2805035,m1166361,0
m1026713,m1026713,1
l2991922,l2991922,1
l3104145,l3104145,1
m1027013,m1027013,1
l3649298,l3649298,1
m1047388,m1047388,1
l3048211,l3048211,1
l2766725,l2766725,1
l2673311,l2673311,1
l3008279,m1047623,0
l2785537,l2785537,1
p827498,m1089197,0
n1136032,m1089197,0
m1009834,m1009832,0
221-240991,l3066816,0
l3066817,l3066817,1
l2673319,l2673319,1
n1136993,m1047593,0
l3104121,l3104121,1
l3104113,l3104113,1
l3104856,l3104856,1
l2785518,l2785518,1
m1108393,l3214549,0
m1069494,l3104117,0
l2745806,l2745806,1
193-48013,l2915534,0
l3157710,l3157710,1
m1089176,m1089173,0
m1089179,m1089173,0
m1108257,m1108258,0
m1108340,m1108340,1
l2916605,l2916605,1
196-29521,m1069533,0
l2804245,l2804245,1
n1140527,m1026830,0
l3254915,l3254915,1
l3727708,l3727708,1
l3160105,l3160105,1
l3235251,l3235251,1
m1142798,l2767409,0
m1142801,l2767409,0
m1010016,m1010016,1
l3251807,l3251807,1
l2992657,l2992657,1
m1069597,m1069597,1
l3197653,l3197653,1
l2991929,l2991929,1
m3949154,m3949154,1
l2895449,l2895449,1
m1069463,m1069464,0
l3086074,l3086074,1
n1138595,m1069376,0
m3036167,m3036167,1
l3143999,l3143999,1
m1069451,m1089173,0
l3160115,l3160115,1
l2935567,l2935567,1
l3253570,l3253570,1
n1137989,m1047737,0
l3122814,l3122814,1
l2935556,l2935556,1
m1009651,m1026655,0
n1141474,m1026655,0
m1047737,m1047737,1
m1026387,m1026387,1
m1166361,m1166361,1
l2692661,l2692661,1
m1047522,m1047522,1
n1136664,m1047522,0
m1026320,m1026320,1
l2879079,l2879079,1
m1047649,m1047649,1
l3216361,l3216361,1
m1125913,m1125916,0
l3048209,l3048209,1
l2896685,l2896685,1
l2748135,l2748135,1
l2767409,l2767409,1
m1166400,m1166395,0
m1047435,m1047432,0
l2970841,m1047432,0
l3091052,l3091052,1
n1137960,m1047312,0
m1047309,m1047312,0
l3215340,l3215340,1
193-51796,l3214549,0
m1069607,m1069607,1
m1166398,m1166391,0
l3142050,l3142050,1
e184626,e184626,1
m1166377,e184626,0
l2989432,l2989432,1
l3066830,l3066830,1
m1209774,m1209774,1
m1026693,m1026693,1
l2991916,l2991916,1
m1069365,m4113347,0
l3235243,l3235243,1
p827502,m1047486,0
m1026970,m1026960,0
l3727712,l3727712,1
l3236011,l3236011,1
l3198358,l3198358,1
m1108316,m1108315,0
l2860486,l2860486,1
m1027000,m1026997,0
l2916608,l2916608,1
m1108514,m1108520,0
l2673300,l2673300,1
n1139255,m1069424,0
d6108141-1_int,d6108141-1_int,1
e206209,e206209,1
m1047521,m1047521,1
l3030126,l3030126,1
l3254870,l3254870,1
l2915542,l2915542,1
l3085401,l3085401,1
l3010557,l3010557,1
l3254213,l3254213,1
m1069738,m1069738,1
l2690941,l2690941,1
l2748839,l2748839,1
d5712486-1_int,d5712486-1_int,1
e206210,e206210,1
l2876812,l2876812,1
m1069497,n1134475,0
n1144664,m1047688,0
l3178972,l3178972,1
n1147864,m1026902,0
m3327097,m3327098,0
l3448661,l3448661,1
m1009828,m1009828,1
l2766715,l2766715,1
p827561,m1026709,0
m1026705,m1026705,1
p827573,m1026829,0
l2972930,l2972930,1
l2879067,l2879067,1
l3235252,l3235252,1
p827527,m1047568,0
l2785517,l2785517,1
221-559682,m3763624,0
l3082993,l3082993,1
m3016088,l3082993,0
l3122821,l3122821,1
d5867591-1_int,d5867591-1_int,1
l2730108,l2730108,1
m1008733,m1008733,1
m1026354,m1026357,0
m1026309,m1026309,1
l2804260,l2804260,1
l3085395,l3085395,1
m1026767,m1026767,1
l3141401,l3141401,1
l3104120,l3104120,1
m1026896,m1026896,1
p860847,m1026896,0
m1108344,m1108344,1
m1108353,m1108344,0
l2763811,l2763811,1
l3235256,l3235256,1
m3019248,m1009827,0
m3021569,m1009827,0
l3254230,l3254230,1
l2814529,l2814529,1
l2689727,m1027087,0
l2860484,l2860484,1
221-703009,l3254870,0
l3150961,l3150961,1
l2711225,l2711225,1
l3030200,l3030200,1
m1186063,m1186063,1
l2879054,l2879054,1
n1136661,m1047534,0
l2689691,l2689691,1
n1136353,m1069519,0
l2820535,l2820535,1
l2727795,l2727795,1
m1166368,m1166368,1
l3086098,l3086098,1
l3030197,m1142865,0
l2822867,l2822867,1
d6049822-1_int,d6049822-1_int,1
m1047323,l3104133,0
m1089174,m1089173,0
p827501,m1089173,0
l3104859,l3104859,1
l3101194,l3101194,1
l2862616,l2862616,1
m1069205,l2879073,0
e182746,m1069564,0
m1010015,m1010016,0
l3066813,l3066813,1
l2991910,l2991910,1
m1108331,m1108331,1
l2785531,l2785531,1
l3179646,l3179646,1
l3066818,l3066818,1
l2954345,l2954345,1
l2804255,l2804255,1
m1108356,m1108356,1
l2842390,l2842390,1
p829975,m1149235,0
l3160871,l3160871,1
m1047338,m1047326,0
l2691953,l2691953,1
l2767408,l2767408,1
l3728037,l3728037,1
p895113,m1142863,0
m1166396,m1166395,0
m1166399,m1166395,0
m1108507,m1108499,0
l3108449,l3108449,1
l3160109,l3160109,1
p901936,m1125952,0
m1108267,m1089097,0
n1145956,m1026347,0
l2729412,l2729412,1
l3160107,l3160107,1
l2897766,l2897766,1
m1026798,l3010585,0
l2952014,l2952014,1
l2748125,l2748125,1
l2673303,l2673303,1
l2879753,l2879753,1
l2914324,l2914324,1
l2876847,m1026726,0
m1047787,l2710514,0
l2691942,l2691942,1
m1026393,m1026393,1
n1140821,m1026700,0
l3189188,l3189188,1
n1136365,l2766738,0
m1069517,m1069517,1
l3254228,l3254228,1
n1137956,m1069481,0
m1142814,m1142815,0
l3217053,l3217053,1
m1026357,m1026357,1
l3178997,l3178997,1
m1125903,m1125904,0
m1069488,m1069488,1
l2764412,l2764412,1
n1136030,m1047763,0
l2785513,l2785513,1
m1209782,m1209782,1
l3217056,l3217056,1
m1009827,m1009827,1
m1069201,l2785524,0
m1047406,m1047406,1
l2691947,l2691947,1
m1047766,m1047766,1
l3216344,l3216344,1
p830058,m1166366,0
m1089199,m1108526,0
m1089197,m1089197,1
n1140526,m3763624,0
m3763620,m3763624,0
l2729207,l2729207,1
228-961799-3_int,l2729207,0
m1108335,m1108331,0
m1027036,m1027036,1
l3010580,l3010580,1
m1010003,m1010004,0
p901933,m1069564,0
l3141394,l3141394,1
m1069465,m1069469,0
l3104154,l3104154,1
l3104155,l3104155,1
d6047588-1_int,d6047588-1_int,1
f739844,f739844,1
l3104130,l3104130,1
l2841625,l2841625,1
l3010566,l3010566,1
m1027038,m1027038,1
l2935568,l2935568,1
m1047293,l2763153,0
p901905,m1027013,0
l2897777,l2897777,1
l2860488,l2860488,1
l3122811,l3122811,1
l2897774,l2897774,1
l3254211,l3254211,1
m1069513,l2766738,0
l2691938,l2691938,1
l2804256,l2804256,1
m1047688,m1047688,1
l2822863,l2822863,1
m1069505,m1069503,0
m1047311,m1047314,0
l2748158,l2748158,1
l3254234,l3254234,1
p903360,m1047432,0
l3214064,m1047722,0
n1140523,m1026783,0
l2766724,l2766724,1
m1069554,m1069557,0
m1108526,m1108526,1
n1139251,m4113348,0
l3011229,l3011229,1
m1166362,m1166361,0
l3197639,l3197639,1
l3085391,l3085391,1
l2691952,l2691952,1
l2897781,l2897781,1
d6049825-1_int,d6049825-1_int,1
e182748,e182748,1
l2691950,l2691950,1
l2916609,l2916609,1
m1069498,n1134475,0
m1069499,n1134475,0
l3104132,l3104132,1
l2805034,l2805034,1
l2822866,l2822866,1
p827563,m1069376,0
l3160100,l3160100,1
l3085390,l3085390,1
l2954361,l2954361,1
e182744,e182744,1
l2801895,l2801895,1
l2691973,l2691973,1
m1047671,m1047672,0
m1026984,m1026979,0
m1209751,m1209753,0
p827505,m1047483,0
l3066829,l3066829,1
l2879063,l2879063,1
n1140528,m3768670,0
l3649297,l3649297,1
n1140817,m1026744,0
n1136029,m1047763,0
n1136028,l3784018,0
n1139258,m1069437,0
m1142875,m1142874,0
m1026895,m1026886,0
l2820528,l2820528,1
n1138608,m1069312,0
l3048230,l3048230,1
n1139260,l2876798,0
l2925506,l2925506,1
l2729434,l2729434,1
m1069549,m1069549,1
l2970811,l2970811,1
n1137988,m1047737,0
p829798,m1108490,0
l2841621,l2841621,1
n1137986,l2841621,0
n1141479,m1142860,0
l3198348,l3198348,1
l2876813,l2876813,1
l3104118,l3104118,1
l2748126,l2748126,1
m1166394,m1166391,0
l0247171,l0247171,1
l3179607,l3179607,1
l2861197,l2861197,1
l3160896,l3160896,1
l3067506,l3067506,1
l3029497,l3029497,1
l3047073,l3047073,1
221-559681,m3763624,0
l3104133,l3104133,1
l3122819,l3122819,1
l3048889,l3048889,1
m1027068,m1027068,1
l3235268,l3235268,1
l3008232,l3008232,1
m1149249,l3048888,0
m1142808,m1142815,0
m1027100,m1027100,1
l3140238,l3140238,1
l3235257,m1026851,0
l3010564,l3010564,1
l2691946,l2691946,1
l3139103,l3139103,1
m1026732,m1026732,1
e182723,e182723,1
l3119793,l3119793,1
m1047371,l3119793,0
m1026807,m1026808,0
n1140521,m1026808,0
l3066807,l3066807,1
n1138606,m4113347,0
m1069335,m4113347,0
n1142102,m1108489,0
l2804956,l2804956,1
m1047777,m1047777,1
l3254212,l3254212,1
l2820533,l2820533,1
l2879055,l2879055,1
m1047434,m1047432,0
m1026665,l2954355,0
l3232933,l2954355,0
l3104115,l3104115,1
l3086075,l3086075,1
m1108484,m1108484,1
l2822857,l2822857,1
l3104126,l3104126,1
p827542,m1026485,0
m1209807,m1209811,0
m1209805,m1209811,0
l2989565,l2989565,1
e182733,m1009763,0
l2806553,l2806553,1
l3122813,l3122813,1
l2729411,l2729411,1
l2935555,l2935555,1
m3037453,m3037453,1
l3215203,l3215203,1
m1026812,m3037453,0
l3122847,l3122847,1
n1138594,m1026695,0
m1026679,m1026695,0
l3141396,l3141396,1
l3066808,l3066808,1
m3036170,m3036170,1
n1136362,m1069563,0
m1026773,m1026773,1
l3195751,l3195751,1
m1026660,m1026660,1
l3085410,l3085410,1
m1026670,m3036170,0
l3178982,l3178982,1
m1125988,m1125988,1
l3197636,l3197636,1
m1089132,m1089132,1
l2876798,l2876798,1
n1136660,m1047534,0
l3104136,l3104136,1
l3048888,l3048888,1
d5587291-3_int,d5587291-3_int,1
190-8581,190-8581,1
l3197644,l3197644,1
m1009843,m1009843,1
l3251806,l3251806,1
m1069516,l2766738,0
l3251830,l2879075,0
l2804249,l2804249,1
l2935557,l2935557,1
m1069250,l3047073,0
l2690868,l2690868,1
l3030204,l3030204,1
l3179637,l3179637,1
m1108262,m1089097,0
m1108261,m1089097,0
d5513564-1_int,d5513564-1_int,1
e192201,e192201,1
r20185,l2823592,0
l3181545,l3181545,1
n1138603,l3181545,0
l3178976,l3178976,1
l3065665,l3065665,1
l2785514,l2785514,1
l2710536,l2710536,1
l2936216,l2936216,1
m1026969,m1026969,1
l3048231,l3048231,1
m1069328,l3232301,0
d6198039-1_int,d6198039-1_int,1
e206217,e206217,1
l2879071,l2879071,1
l3029504,l3029504,1
m1026796,l3254217,0
p827553,l2710513,0
l2804251,l2804251,1
m1069133,m1069130,0
l2764399,l2764399,1
p895117,m1069533,0
l2842383,l2842383,1
l2745811,l2745811,1
l2804252,l2804252,1
l3066815,l3066815,1
p895075,m1108526,0
l2710544,l2710544,1
n1140519,m1047507,0
l3160117,l3160117,1
l3029510,l3029510,1
e182731,e182731,1
n1136658,m1047568,0
l2730149,l2730149,1
l2860500,l2860500,1
l3216347,l3216347,1
l2767341,l2767341,1
e206211,e206211,1
n1134480,e206211,0
l3030203,l3030203,1
l2879773,l2879773,1
l2804282,l2804282,1
n1137005,l2895449,0
m1047574,m1047574,1
l3225319,l3225319,1
l3048201,l3048201,1
m1126025,m1126020,0
l2823545,l2823545,1
l3160108,l3160108,1
n1134478,m1069503,0
l3029055,l3029055,1
m1047577,l3103822,0
m1209797,m1209800,0
l3645811,l3645811,1
l3254229,l3254229,1
l2710521,l2710521,1
m1009807,m1009807,1
n1136672,m1047580,0
l3253995,l3253995,1
l2841638,l2841638,1
l2860492,l2860492,1
l2691959,l2691959,1
l2973159,l2973159,1
l2822859,l2822859,1
l2973158,l2973158,1
l2674052,l2674052,1
m1125990,m1125987,0
n1136366,m1069517,0
l2916620,l2916620,1
m1026472,m1026468,0
m1026939,m1026940,0
l3104124,l3104124,1
l3233412,l3233412,1
l3235266,l3235266,1
l3235267,l3235267,1
l3235248,l3235248,1
l3217064,l3217064,1
l3200222,l3217064,0
l3729297,l3729297,1
l3197625,l3197625,1
l2917333,l2917333,1
n1140516,m1089173,0
m1209748,m1209753,0
l3142099,l3142099,1
l2898457,l2898457,1
m1166376,e184626,0
l2842384,l2842384,1
l2763407,l2763407,1
d6023352-1_int,d6023352-1_int,1
m1047750,l2804254,0
l2708293,l2804254,0
l3176656,l3176656,1
m1047548,m1047548,1
m1089185,l2896685,0
l2748781,l2748781,1
m1026695,m1026695,1
n1140818,m1026695,0
l2860501,l2860501,1
m1209800,m1209800,1
l2839332,m1209800,0
l2954353,l2954353,1
l2726974,l2726974,1
l2785527,l2785527,1
l2766729,l2766729,1
m1069376,m1069376,1
m1027005,l2804248,0
l3176660,l3176660,1
m1125943,l3254870,0
m1026874,m1026880,0
m1125969,m1125969,1
l2673343,l2673343,1
l2764436,l2673343,0
d5565090-1_int,d5565090-1_int,1
l3029495,l3029495,1
n1134479,m1069503,0
l2823592,l2823592,1
l2933164,l2688692,0
l2992624,l2992624,1
l3232301,l3232301,1
m1010017,m1010017,1
l2858175,l2858175,1
m1009820,l2766742,0
l3045895,l3045895,1
l2841618,l2841618,1
m1209817,e192860,0
l2785547,l2785547,1
221-311595,m4113348,0
f739841,f739841,1
l0247160,l0247160,1
l3122823,l3122823,1
l3048966,l3048966,1
m1142810,m1142815,0
m1027109,m1027109,1
l3101788,l3101788,1
p903490,m1125962,0
l2916603,l2916603,1
l3160106,l3160106,1
d5563942-4_int,d5563942-4_int,1
q16483,q16483,1
m1069514,m1069514,1
p850083,l2896685,0
l3178988,l3178988,1
l3010568,l3010568,1
m1026356,m1026357,0
l2989600,m1166361,0
m1026487,m1026486,0
m1069348,m4113347,0
l2804248,l2804248,1
l2729413,l2729413,1
l2673314,l2673314,1
l2785528,l2785528,1
l2897773,l2897773,1
l3010567,l3010567,1
l2991917,l2991917,1
l2766730,l2766730,1
m1166407,m1166407,1
m1008753,m1008753,1
m1047419,m1047420,0
m1089207,m1089203,0
m1047572,m1047548,0
m1108329,l3045895,0
n1138599,m1069376,0
l3217057,l3217057,1
193-103041,l3645811,0
l2785515,l2785515,1
m1069206,l2954350,0
l2729424,l2729424,1
l2917359,l2917359,1
m3037538,m3037538,1
l3027133,l3027133,1
l3197627,l3197627,1
m1069187,m1069187,1
l2748129,l2748129,1
d6290228-6_int,d6290228-6_int,1
q16642,q16642,1
n1136657,m1069514,0
l3027671,l3027671,1
m1108423,l3027671,0
n1136665,m1047521,0
l2710532,l2710532,1
l2785526,l2785526,1
l2857591,l2857591,1
l2841630,l2841630,1
l3312692,l3312692,1
m1069495,n1134475,0
l3179678,l3179678,1
m1149225,l3082988,0
r42246,q16642,0
l3632979,l3632979,1
p841985,l3119793,0
l3104796,l3104796,1
n1141476,m1125919,0
l2785519,l2785519,1
l3104122,l3104122,1
l3197618,l3197618,1
e192258,l3123509,0
d5534970-1_int,d5534970-1_int,1
l2841633,l2841633,1
l3254206,l3254206,1
n1145954,m1047303,0
p827580,m1047303,0
l2955074,l2955074,1
l2970845,l3104859,0
l3010585,l3010585,1
l2861219,l2861219,1
l3104135,l3104135,1
l3254203,l3254203,1
l2954352,l2954352,1
m1047400,l2748132,0
l2842379,l2842379,1
l2916617,l2916617,1
n1136670,m1047548,0
l2766727,l2766727,1
l2727019,m1166356,0
l2801909,l2801909,1
m1047831,m1047831,1
l2748131,l2748131,1
l2729427,l2729427,1
l2766717,l2766717,1
l2879064,l2879064,1
l3195318,l3195318,1
l3254204,l3254204,1
l2973148,l2973148,1
l2801902,l2801902,1
l2748146,l2748146,1
n1139549,m1026646,0
n1138593,m1026857,0
l3197624,l3197624,1
m1069558,m1069557,0
l3197654,l3197654,1
l2710505,l2710505,1
l2879065,l2879065,1
m1166358,m1166370,0
l2898522,l2898522,1
l2992556,l2992556,1
196-35813,m1047507,0
l3064514,l3064514,1
l3141402,l3141402,1
l2859391,l2859391,1
l2860489,l2860489,1
m1026989,m1026987,0
m1209752,m1209753,0
l2710514,l2710514,1
l2726975,l2726975,1
l3649306,l3649306,1
l2767407,l2767407,1
l2730107,l2730107,1
m4113347,m4113347,1
l3216339,l3216339,1
d5472341-1_int,d5472341-1_int,1
f739842,f739842,1
l2897792,l2897792,1
m1026800,l3254217,0
m1026797,l3254217,0
l2729407,l2729407,1
l3342743,l3342743,1
l3122818,l3122818,1
m1047430,m1047432,0
l3048203,l3048203,1
l2936276,l2936276,1
l2860499,l2860499,1
p827564,m4113347,0
l3030205,l3030205,1
l3008248,l3008248,1
l2804250,l2804250,1
l2954354,l2954354,1
l2673321,l2673321,1
l3197634,l3197634,1
l3141389,l3141389,1
l2935559,l2935559,1
p895087,m1089203,0
l3254217,l3254217,1
l3101782,l3101782,1
l2745799,l2745799,1
l3082983,l3082983,1
l2691966,l2691966,1
n1136368,m1069514,0
l3197642,l3197642,1
l2973157,l2973157,1
l2935550,l2935550,1
d5865224-1_int,d5865224-1_int,1
l3066821,l3066821,1
m1009691,l3066821,0
l3178975,l3178975,1
m1069518,m1069517,0
l2916618,l2916618,1
l2710515,l2710515,1
l3235258,l3235258,1
l3141395,l3141395,1
n1136997,m1047649,0
l3104123,l3104123,1
190-7361,190-7361,1
l3645812,l3645812,1
228-1353934-4_int,l3645812,0
l3254214,l3254214,1
d5686080-1_int,d5686080-1_int,1
l2766749,l2766749,1
l2692660,l2692660,1
l2955076,l2955076,1
m1125979,m1125974,0
l3160114,l3160114,1
l3235245,l3235245,1
m1026876,l3160102,0
l2785535,l2785535,1
l2973150,l2973150,1
l3160113,l3160113,1
l2710518,l2710518,1
l3195310,l3195310,1
l3142098,l3142098,1
m1026784,m1026783,0
l2897771,l2897771,1
l2917255,l2917255,1
l3254215,l3254215,1
l2989571,l2989571,1
l3179699,l3179699,1
l3029507,l3029507,1
l2748124,l2748124,1
d5958866-1_int,d5958866-1_int,1
l2861218,l2861218,1
l0247162,l0247162,1
l2935552,l2935552,1
l3216350,l3216350,1
l3197660,l3197660,1
m1026880,m1026880,1
l2822860,l2822860,1
l3101787,l3101787,1
l3027132,l3027132,1
l3179673,l3179673,1
l2879092,l2879092,1
l2803199,l2803199,1
l3254208,l3254208,1
m1027014,l2710515,0
m1047433,m1047432,0
l2991905,l2991905,1
l2935560,l2935560,1
l3085400,l3085400,1
l2764403,l2764403,1
m1108535,m1108532,0
l2785521,l2785521,1
l3216988,l3216988,1
l3649305,l3649305,1
l2983432,l2983432,1
l3315860,l3315860,1
m1125966,l3048887,0
l2729423,l2729423,1
d6140776-1_int,d6140776-1_int,1
l2673307,l2673307,1
l2685809,l2685809,1
l3254209,l3254209,1
l2860477,l2860477,1
p827548,m1069514,0
l3048946,l3048946,1
l2839331,m1027043,0
l2973180,l2973180,1
l3066806,l3066806,1
l2785529,l2785529,1
l3177894,l3177894,1
l2731712,l2731712,1
l2917310,l2917310,1
d5682346-3_int,d5682346-3_int,1
l3085394,l3085394,1
l3236004,l3236004,1
l2879066,l2879066,1
l3048214,l3048214,1
l3120504,l3120504,1
p827537,m1026695,0
228-979371-2_int,l2690868,0
l2785543,l2785543,1
m1047837,l3048199,0
l2916602,l2916602,1
d6140778-1_int,d6140778-1_int,1
l2766748,l2766748,1
regxfmr_190-8581,regxfmr_190-8581,1
l3104129,l3104129,1
m1027110,l2858175,0
l3047058,l3047058,1
l2801949,l2860506,0
l2710525,l2710525,1
l3197640,l3197640,1
l3010561,l3010561,1
l3141390,l3141390,1
d5746546-1_int,d5746546-1_int,1
d5956499-2_int,d5956499-2_int,1
l2823592_cap,l2823592,0
q16642_cap,q16642,0
q16483_cap,q16483,0
hvmv_sub_hsb,hvmv_sub_hsb,1
regxfmr_hvmv_sub_lsb,regxfmr_hvmv_sub_lsb,1
x2804253a,x2804253a,1
x3254213b,x3254213b,1
x3216339b,x3216339b,1
x2954355a,x2954355a,1
x2861197c,x2861197c,1
x2842379a,x2842379a,1
x2841636b,x2841636b,1
x3047289a,x3047289a,1
x3047289b,x3047289b,1
x3047289c,x3047289c,1
x3085399c,x3085399c,1
x3085391b,x3085391b,1
x2897778a,x2897778a,1
x3197647a,x3197647a,1
x2936275b,x2936275b,1
x2729408b,x2729408b,1
x2673310a,x2673310a,1
x3048212a,x3048212a,1
x3104133a,x3104133a,1
x2879087a,x2879087a,1
x2710510c,x2710510c,1
x3122810b,x3122810b,1
x2954352c,x2954352c,1
x2729411a,x2729411a,1
x3178971a,x3178971a,1
x3254234b,x3254234b,1
x_293471a,x_293471a,1
x_293471b,x_293471b,1
x_293471c,x_293471c,1
x2860482a,x2860482a,1
x2763811c,x2763811c,1
x3251799a,x3251799a,1
x2898526c,x2898526c,1
x2897780b,x2897780b,1
x3027124c,x3027124c,1
x2954361b,x2954361b,1
x2745811c,x2745811c,1
x2841633a,x2841633a,1
x2917359a,x2917359a,1
x2748158a,x2748158a,1
x2955047a,x2955047a,1
x3122837c,x3122837c,1
x2804269b,x2804269b,1
x3157708c,x3157708c,1
x3179682c,x3179682c,1
x2822877b,x2822877b,1
x3141393c,x3141393c,1
x2897801a,x2897801a,1
x3217056a,x3217056a,1
x2936270a,x2936270a,1
x3235249a,x3235249a,1
x3217052c,x3217052c,1
x2916598a,x2916598a,1
x3048206a,x3048206a,1
x3141402c,x3141402c,1
x3235256a,x3235256a,1
x3178973a,x3178973a,1
x3197654a,x3197654a,1
x3066809c,x3066809c,1
x2766742b,x2766742b,1
x2991908a,x2991908a,1
x3065750b,x3065750b,1
x3085401a,x3085401a,1
x2729413a,x2729413a,1
x3254915b,x3254915b,1
x2748131b,x2748131b,1
x3066810c,x3066810c,1
x2973146b,x2973146b,1
x2973180b,x2973180b,1
x2973167b,x2973167b,1
x2841621c,x2841621c,1
x3123509c,x3123509c,1
x2841627a,x2841627a,1
x3235250b,x3235250b,1
x3728037a,x3728037a,1
x3142078b,x3142078b,1
x2879066b,x2879066b,1
x3235254c,x3235254c,1
x2917330a,x2917330a,1
x2914323b,x2914323b,1
x3197640c,x3197640c,1
x3179673c,x3179673c,1
x3048228c,x3048228c,1
x3104126c,x3104126c,1
x2990098a,x2990098a,1
x2879067a,x2879067a,1
x3176656a,x3176656a,1
x2710532c,x2710532c,1
x3160115b,x3160115b,1
x3103822c,x3103822c,1
x2805034a,x2805034a,1
x3157167a,x3157167a,1
x2916620a,x2916620a,1
x2916620b,x2916620b,1
x2916620c,x2916620c,1
x3027132a,x3027132a,1
x2822862c,x2822862c,1
x2937757c,x2937757c,1
x2860483b,x2860483b,1
x3048210a,x3048210a,1
x3312692a,x3312692a,1
x3251854a,x3251854a,1
x3085398b,x3085398b,1
x3254207a,x3254207a,1
x2729424a,x2729424a,1
x3066816a,x3066816a,1
x2785518c,x2785518c,1
x3029503c,x3029503c,1
x2748140a,x2748140a,1
x2891575c,x2891575c,1
x2842329c,x2842329c,1
x3254212b,x3254212b,1
x3198348a,x3198348a,1
x3178979c,x3178979c,1
x2879054a,x2879054a,1
x3085388b,x3085388b,1
x2991914c,x2991914c,1
x2785534b,x2785534b,1
x3122835b,x3122835b,1
x3085395a,x3085395a,1
x2879064a,x2879064a,1
x3066814b,x3066814b,1
x2821087a,x2821087a,1
x2860479b,x2860479b,1
x3728042a,x3728042a,1
x2935557a,x2935557a,1
x2822864c,x2822864c,1
x3235247a,x3235247a,1
x3251807a,x3251807a,1
x2804282c,x2804282c,1
x2935560c,x2935560c,1
x3104145b,x3104145b,1
x3086078a,x3086078a,1
x2860477a,x2860477a,1
x3645811c,x3645811c,1
x3102793b,x3102793b,1
x2991910b,x2991910b,1
x2710511a,x2710511a,1
x2860486c,x2860486c,1
x2935551c,x2935551c,1
x2729409b,x2729409b,1
x2973833b,x2973833b,1
x2897769c,x2897769c,1
x3216368c,x3216368c,1
x2860490a,x2860490a,1
x2861158c,x2861158c,1
x3141399c,x3141399c,1
x3122816b,x3122816b,1
x2992556c,x2992556c,1
x2897779c,x2897779c,1
x2970811a,x2970811a,1
x2991933c,x2991933c,1
x2729428a,x2729428a,1
x3254216a,x3254216a,1
x2897807b,x2897807b,1
x2898522a,x2898522a,1
x3048230c,x3048230c,1
x3195327a,x3195327a,1
x3047058a,x3047058a,1
x2673313b,x2673313b,1
x3649302a,x3649302a,1
x3729297a,x3729297a,1
x2858163a,x2858163a,1
x3214112b,x3214112b,1
x2685805a,x2685805a,1
x2991912a,x2991912a,1
x3140238a,x3140238a,1
x3066830b,x3066830b,1
x3160878c,x3160878c,1
x2916609c,x2916609c,1
x2876814a,x2876814a,1
x3197646b,x3197646b,1
x2973151a,x2973151a,1
x3197627c,x3197627c,1
x2764412a,x2764412a,1
x2766716c,x2766716c,1
x2991917b,x2991917b,1
x3254229b,x3254229b,1
x2935556b,x2935556b,1
x3197660b,x3197660b,1
x2989565a,x2989565a,1
x3645809c,x3645809c,1
x3086075b,x3086075b,1
x3122824a,x3122824a,1
x3216338b,x3216338b,1
x2729405b,x2729405b,1
x2823545a,x2823545a,1
x2916610b,x2916610b,1
x3177665a,x3177665a,1
x2803199a,x2803199a,1
x2803199b,x2803199b,1
x2803199c,x2803199c,1
x2691952a,x2691952a,1
x2748144a,x2748144a,1
x3029504b,x3029504b,1
x3197635b,x3197635b,1
x2724120c,x2724120c,1
x3235244a,x3235244a,1
x2804254a,x2804254a,1
x2820531b,x2820531b,1
x3254214b,x3254214b,1
x2691966b,x2691966b,1
x3122822a,x3122822a,1
x3197639a,x3197639a,1
x3120503a,x3120503a,1
x3216349b,x3216349b,1
x3027670b,x3027670b,1
x3085392c,x3085392c,1
x3010556a,x3010556a,1
x3232902a,x3232902a,1
x3101782a,x3101782a,1
x2766715b,x2766715b,1
x2970804c,x2970804c,1
x3178975b,x3178975b,1
x2841648a,x2841648a,1
x3029497c,x3029497c,1
x3029520b,x3029520b,1
x2766744b,x2766744b,1
x3029518b,x3029518b,1
x2936214a,x2936214a,1
x2954346b,x2954346b,1
x2879061b,x2879061b,1
x3141394b,x3141394b,1
x3142098b,x3142098b,1
x3645812c,x3645812c,1
x2916627a,x2916627a,1
x3066815c,x3066815c,1
x3179678b,x3179678b,1
x3254237a,x3254237a,1
x2710512b,x2710512b,1
x3104125b,x3104125b,1
x3010559a,x3010559a,1
x2897790c,x2897790c,1
x2711225c,x2711225c,1
x2766729a,x2766729a,1
x3235275b,x3235275b,1
x3728038a,x3728038a,1
x3048222c,x3048222c,1
x2841630c,x2841630c,1
x2991907a,x2991907a,1
x2973144c,x2973144c,1
x3178976a,x3178976a,1
x3159448a,x3159448a,1
x3231255c,x3231255c,1
x3197626c,x3197626c,1
x2802480b,x2802480b,1
x2823544a,x2823544a,1
x2841624b,x2841624b,1
x3101194c,x3101194c,1
x2841619c,x2841619c,1
x2861218c,x2861218c,1
x2710513b,x2710513b,1
x2879062c,x2879062c,1
x2879767b,x2879767b,1
x2766725c,x2766725c,1
x3141396c,x3141396c,1
x2879752b,x2879752b,1
x2991940c,x2991940c,1
x2673321a,x2673321a,1
x2673326b,x2673326b,1
x2925506c,x2925506c,1
x2730106c,x2730106c,1
x2820556a,x2820556a,1
x3235248c,x3235248c,1
x2822871b,x2822871b,1
x2955076a,x2955076a,1
x2955005b,x2955005b,1
x3254208c,x3254208c,1
x3178978a,x3178978a,1
x3235253a,x3235253a,1
x3235241c,x3235241c,1
x3197636b,x3197636b,1
x3066811b,x3066811b,1
x3632979a,x3632979a,1
x3086074c,x3086074c,1
x2674051a,x2674051a,1
x3178981b,x3178981b,1
x3046854b,x3046854b,1
x2860506b,x2860506b,1
x3048966c,x3048966c,1
x2822872b,x2822872b,1
x3214071c,x3214071c,1
x2786273b,x2786273b,1
x3104853c,x3104853c,1
x2973158c,x2973158c,1
x3216123a,x3216123a,1
x2860485b,x2860485b,1
x3235946a,x3235946a,1
x2973148a,x2973148a,1
x3066829c,x3066829c,1
x3085393c,x3085393c,1
x2673322b,x2673322b,1
x3263051c,x3263051c,1
x2860500b,x2860500b,1
x3048211a,x3048211a,1
x3728041a,x3728041a,1
x3048199b,x3048199b,1
x3104136b,x3104136b,1
x2916599a,x2916599a,1
x3104134c,x3104134c,1
x2954344c,x2954344c,1
x3142099b,x3142099b,1
x2710515c,x2710515c,1
x3011298c,x3011298c,1
x3066812a,x3066812a,1
x3141403a,x3141403a,1
x3120484c,x3120484c,1
x2860504a,x2860504a,1
x2766750c,x2766750c,1
x2879077b,x2879077b,1
x3159037b,x3159037b,1
x3160793c,x3160793c,1
x3233412a,x3233412a,1
x2841620b,x2841620b,1
x3253995c,x3253995c,1
x2936279c,x2936279c,1
x2804277c,x2804277c,1
x2860489a,x2860489a,1
x2690868c,x2690868c,1
x3176661c,x3176661c,1
x2766746c,x2766746c,1
x3189189b,x3189189b,1
x3048196b,x3048196b,1
x2879074a,x2879074a,1
x3067478a,x3067478a,1
x2766726b,x2766726b,1
x2936271a,x2936271a,1
x2917328b,x2917328b,1
x3160103c,x3160103c,1
x3448661b,x3448661b,1
x2991901b,x2991901b,1
x2860499b,x2860499b,1
x2726975b,x2726975b,1
x2673300b,x2673300b,1
x2730107c,x2730107c,1
x2916619b,x2916619b,1
x2710525c,x2710525c,1
x2804260b,x2804260b,1
x3197631a,x3197631a,1
x2973153a,x2973153a,1
x3122813a,x3122813a,1
x2935567b,x2935567b,1
x2917336c,x2917336c,1
x2954350c,x2954350c,1
x3234185b,x3234185b,1
x3160107a,x3160107a,1
x3141401a,x3141401a,1
x2972704c,x2972704c,1
x3197644a,x3197644a,1
x2897805a,x2897805a,1
x2766499c,x2766499c,1
x3104132a,x3104132a,1
x2989564b,x2989564b,1
x2991923a,x2991923a,1
x3217053c,x3217053c,1
x3216345b,x3216345b,1
x2766721a,x2766721a,1
x3119793b,x3119793b,1
x2821010a,x2821010a,1
x3104118c,x3104118c,1
x3160101a,x3160101a,1
x2692633c,x2692633c,1
x2691950c,x2691950c,1
x3160108b,x3160108b,1
x2822873b,x2822873b,1
x3048887b,x3048887b,1
x3254227b,x3254227b,1
x2992624a,x2992624a,1
x3226771a,x3226771a,1
x3086002c,x3086002c,1
x3045895c,x3045895c,1
x2973160b,x2973160b,1
x2764403a,x2764403a,1
x3122812b,x3122812b,1
x3176660b,x3176660b,1
x2991943c,x2991943c,1
x2691941c,x2691941c,1
x2983432a,x2983432a,1
x3215549b,x3215549b,1
x2955077c,x2955077c,1
x2973157a,x2973157a,1
x2691951c,x2691951c,1
x3030199c,x3030199c,1
x2692655c,x2692655c,1
x2785546a,x2785546a,1
x2935559a,x2935559a,1
x2972930a,x2972930a,1
x2822866b,x2822866b,1
x2748781a,x2748781a,1
x3645810c,x3645810c,1
x2879076c,x2879076c,1
x2841616a,x2841616a,1
x2935554a,x2935554a,1
x2879075a,x2879075a,1
x2839305a,x2839305a,1
x2879753b,x2879753b,1
x2748129a,x2748129a,1
x2991906a,x2991906a,1
x2804247b,x2804247b,1
x3195318b,x3195318b,1
x3048888c,x3048888c,1
x2935552c,x2935552c,1
x2876797a,x2876797a,1
x3085389b,x3085389b,1
x2916603b,x2916603b,1
x2710518a,x2710518a,1
x3160896c,x3160896c,1
x2897776c,x2897776c,1
x2913406b,x2913406b,1
x2991915b,x2991915b,1
x2711224b,x2711224b,1
x2897766c,x2897766c,1
x2897775c,x2897775c,1
x3029495b,x3029495b,1
x2911069b,x2911069b,1
x3197633a,x3197633a,1
x3066817a,x3066817a,1
x2879089c,x2879089c,1
x3195315a,x3195315a,1
x2785529c,x2785529c,1
x2992656a,x2992656a,1
x2692661a,x2692661a,1
x3160114a,x3160114a,1
x3082992a,x3082992a,1
x2710537b,x2710537b,1
x3254238b,x3254238b,1
x2862616c,x2862616c,1
x2785526b,x2785526b,1
x2915542a,x2915542a,1
x2915542b,x2915542b,1
x2915542c,x2915542c,1
x3122820a,x3122820a,1
x3029505c,x3029505c,1
x2785522b,x2785522b,1
x2710543c,x2710543c,1
x2917310b,x2917310b,1
x3082993a,x3082993a,1
x3729298a,x3729298a,1
x2990826a,x2990826a,1
x2990826b,x2990826b,1
x2990826c,x2990826c,1
x2897792a,x2897792a,1
x2804261c,x2804261c,1
x3189190a,x3189190a,1
x2689691a,x2689691a,1
x3195751a,x3195751a,1
x2785517c,x2785517c,1
x2916606c,x2916606c,1
x3254217c,x3254217c,1
x2841641b,x2841641b,1
x2804256b,x2804256b,1
x3122818c,x3122818c,1
x2691953a,x2691953a,1
x2692654a,x2692654a,1
x3235246b,x3235246b,1
x2955078a,x2955078a,1
x3139598b,x3139598b,1
x2763812c,x2763812c,1
x2767414c,x2767414c,1
x2991918b,x2991918b,1
x3008248a,x3008248a,1
x3160865a,x3160865a,1
x3029510b,x3029510b,1
x2748126c,x2748126c,1
x3216358a,x3216358a,1
x2936276b,x2936276b,1
x2729207c,x2729207c,1
x2897768c,x2897768c,1
x2917255c,x2917255c,1
x2933120c,x2933120c,1
x2684420b,x2684420b,1
x2766723a,x2766723a,1
x3104120b,x3104120b,1
x3066813b,x3066813b,1
x2822860b,x2822860b,1
x2933135a,x2933135a,1
x3649298a,x3649298a,1
x3104130b,x3104130b,1
x2785538a,x2785538a,1
x3122849b,x3122849b,1
x2879794a,x2879794a,1
x2879069a,x2879069a,1
x3104113a,x3104113a,1
x2861222a,x2861222a,1
x3141411c,x3141411c,1
x3178982a,x3178982a,1
x3029498c,x3029498c,1
x2952013a,x2952013a,1
x2860488b,x2860488b,1
x2691945c,x2691945c,1
x3214549a,x3214549a,1
x2710536a,x2710536a,1
x2804956a,x2804956a,1
x3160105c,x3160105c,1
x3010563a,x3010563a,1
x3649297a,x3649297a,1
x2823611a,x2823611a,1
x2860487c,x2860487c,1
x3197629b,x3197629b,1
x2691943b,x2691943b,1
x2673311a,x2673311a,1
x2767343c,x2767343c,1
x2879063b,x2879063b,1
x3254219c,x3254219c,1
x3197653b,x3197653b,1
x3251806b,x3251806b,1
x2673308b,x2673308b,1
x3254203b,x3254203b,1
x2814529a,x2814529a,1
x2814529b,x2814529b,1
x2814529c,x2814529c,1
x2823592a,x2823592a,1
x2766718c,x2766718c,1
x2727795c,x2727795c,1
x2955055b,x2955055b,1
x2766722b,x2766722b,1
x2804957c,x2804957c,1
x3010570a,x3010570a,1
x3649299a,x3649299a,1
x2766717c,x2766717c,1
x3254870c,x3254870c,1
x2801895b,x2801895b,1
x2673320b,x2673320b,1
x3198358b,x3198358b,1
x3064514c,x3064514c,1
x2729429a,x2729429a,1
x2785525c,x2785525c,1
x2860492c,x2860492c,1
x2973154a,x2973154a,1
x2691973a,x2691973a,1
x3085394c,x3085394c,1
x2897791b,x2897791b,1
x2726983a,x2726983a,1
x2711234b,x2711234b,1
x3178980c,x3178980c,1
x3728039a,x3728039a,1
x2786266a,x2786266a,1
x2954338b,x2954338b,1
x3254869b,x3254869b,1
x3198356c,x3198356c,1
x2730163c,x2730163c,1
x3048965b,x3048965b,1
x3010561a,x3010561a,1
x3160102b,x3160102b,1
x3066806c,x3066806c,1
x3216361b,x3216361b,1
x2879092c,x2879092c,1
x3104117c,x3104117c,1
x2935568b,x2935568b,1
x2710530b,x2710530b,1
x2841618a,x2841618a,1
x3728043a,x3728043a,1
x2897765b,x2897765b,1
x2804283a,x2804283a,1
x3150961c,x3150961c,1
x2859391b,x2859391b,1
x3254206b,x3254206b,1
x3104122a,x3104122a,1
x3254218a,x3254218a,1
x2804255b,x2804255b,1
x2766748a,x2766748a,1
x2691938b,x2691938b,1
x3027671a,x3027671a,1
x2860501b,x2860501b,1
x2897764b,x2897764b,1
x3068944b,x3068944b,1
x2897781a,x2897781a,1
x2748132a,x2748132a,1
x2766727b,x2766727b,1
x2954339b,x2954339b,1
x2673316a,x2673316a,1
x3649304a,x3649304a,1
x2710508b,x2710508b,1
x2710520a,x2710520a,1
x3010567c,x3010567c,1
x2876798b,x2876798b,1
x3253570c,x3253570c,1
x3216350a,x3216350a,1
x2804257b,x2804257b,1
x3048937c,x3048937c,1
x2748157a,x2748157a,1
x3008237c,x3008237c,1
x3235258a,x3235258a,1
x3235258b,x3235258b,1
x3235258c,x3235258c,1
x2766738c,x2766738c,1
x2691948b,x2691948b,1
x2674052c,x2674052c,1
x3160868b,x3160868b,1
x3048889c,x3048889c,1
x3236004c,x3236004c,1
x3235255b,x3235255b,1
x3067447a,x3067447a,1
x2989432b,x2989432b,1
x2973164a,x2973164a,1
x3010565c,x3010565c,1
x2689678b,x2689678b,1
x2748840b,x2748840b,1
x2989566b,x2989566b,1
x3141388c,x3141388c,1
x2673317a,x2673317a,1
x2822870c,x2822870c,1
x2745799c,x2745799c,1
x2786274c,x2786274c,1
x2897772a,x2897772a,1
x2935566c,x2935566c,1
x3091052a,x3091052a,1
x3010566c,x3010566c,1
x3104131a,x3104131a,1
x3216336a,x3216336a,1
x2858166a,x2858166a,1
x2748128c,x2748128c,1
x2673318c,x2673318c,1
x2973169a,x2973169a,1
x3160106a,x3160106a,1
x2842384c,x2842384c,1
x2767341c,x2767341c,1
x3189188c,x3189188c,1
x2710544a,x2710544a,1
x3160123a,x3160123a,1
x2991927b,x2991927b,1
x3122847a,x3122847a,1
x3008232b,x3008232b,1
x3179607b,x3179607b,1
x2673346c,x2673346c,1
x3104127b,x3104127b,1
x3195321a,x3195321a,1
x2673303c,x2673303c,1
x2895461a,x2895461a,1
x3027116a,x3027116a,1
x2992657a,x2992657a,1
x3104154c,x3104154c,1
x3010580b,x3010580b,1
x3727710a,x3727710a,1
x2692664c,x2692664c,1
x3215385a,x3215385a,1
x3215385b,x3215385b,1
x3215385c,x3215385c,1
x2860493a,x2860493a,1
x3177881c,x3177881c,1
x3727709a,x3727709a,1
x2785528b,x2785528b,1
x2973171b,x2973171b,1
x2785523c,x2785523c,1
x3649300a,x3649300a,1
x2748133c,x2748133c,1
x3233353a,x3233353a,1
x2785547b,x2785547b,1
x2897800b,x2897800b,1
x2991939b,x2991939b,1
x2948732b,x2948732b,1
x0247162b,x0247162b,1
x2879065b,x2879065b,1
x3104121a,x3104121a,1
x2763153a,x2763153a,1
x2766724c,x2766724c,1
x2805031c,x2805031c,1
x2805036b,x2805036b,1
x3197625c,x3197625c,1
x3142049c,x3142049c,1
x3342743c,x3342743c,1
x2785524c,x2785524c,1
x2973166c,x2973166c,1
x3225319b,x3225319b,1
x3270814a,x3270814a,1
x3122814c,x3122814c,1
x2897770c,x2897770c,1
x3197634b,x3197634b,1
x3030204a,x3030204a,1
x3102286b,x3102286b,1
x2801909c,x2801909c,1
x3122811a,x3122811a,1
x2822869a,x2822869a,1
x3086098a,x3086098a,1
x3120504a,x3120504a,1
x3727712a,x3727712a,1
x3101789a,x3101789a,1
x3254210c,x3254210c,1
x2730187a,x2730187a,1
x3216367b,x3216367b,1
x2710509c,x2710509c,1
x3066805a,x3066805a,1
x3197661c,x3197661c,1
x3179608c,x3179608c,1
x2916234a,x2916234a,1
x3085402a,x3085402a,1
x2875754c,x2875754c,1
x2860478b,x2860478b,1
x2766732b,x2766732b,1
x3198355b,x3198355b,1
x3065665a,x3065665a,1
x2897771b,x2897771b,1
x2785516b,x2785516b,1
x2729206c,x2729206c,1
x3195310a,x3195310a,1
x3232301c,x3232301c,1
x3048946c,x3048946c,1
x2861157c,x2861157c,1
x3029183b,x3029183b,1
x3085396a,x3085396a,1
x2748146a,x2748146a,1
x2691954b,x2691954b,1
x2895449c,x2895449c,1
x2991911c,x2991911c,1
x2785515c,x2785515c,1
x2804262a,x2804262a,1
x0247160b,x0247160b,1
x2785537a,x2785537a,1
x3122819c,x3122819c,1
x2804245b,x2804245b,1
x2879068b,x2879068b,1
x2767409b,x2767409b,1
x2685809a,x2685809a,1
x3197637c,x3197637c,1
x3066818b,x3066818b,1
x2763407c,x2763407c,1
x2711226b,x2711226b,1
x3160109b,x3160109b,1
x2710516a,x2710516a,1
x3197641a,x3197641a,1
x2954351c,x2954351c,1
x2804272b,x2804272b,1
x2785519a,x2785519a,1
x2955006c,x2955006c,1
x3104123c,x3104123c,1
x2729414a,x2729414a,1
x2729414b,x2729414b,1
x2729414c,x2729414c,1
x2692660a,x2692660a,1
x2897793a,x2897793a,1
x3235266c,x3235266c,1
x2915534a,x2915534a,1
x2804259a,x2804259a,1
x2764399b,x2764399b,1
x2822863c,x2822863c,1
x3217057a,x3217057a,1
x3215203a,x3215203a,1
x3215203b,x3215203b,1
x3215203c,x3215203c,1
x3048221a,x3048221a,1
x2767408c,x2767408c,1
x3122848c,x3122848c,1
x2841635a,x2841635a,1
x2973162b,x2973162b,1
x3122821b,x3122821b,1
x3123452c,x3123452c,1
x3029500a,x3029500a,1
x3216344b,x3216344b,1
x2748125c,x2748125c,1
x2785520b,x2785520b,1
x3104119a,x3104119a,1
x2710517a,x2710517a,1
x3048227a,x3048227a,1
x3048209b,x3048209b,1
x3216370a,x3216370a,1
x3216370b,x3216370b,1
x3216370c,x3216370c,1
x3066819a,x3066819a,1
x2673314c,x2673314c,1
x3197643b,x3197643b,1
x2803194c,x2803194c,1
x2916617b,x2916617b,1
x3778577c,x3778577c,1
x2991916b,x2991916b,1
x2897554c,x2897554c,1
x3141397b,x3141397b,1
x2916608c,x2916608c,1
x3082983b,x3082983b,1
x2804248b,x2804248b,1
x2841639a,x2841639a,1
x3197645a,x3197645a,1
x2730108c,x2730108c,1
x2897806c,x2897806c,1
x3178977c,x3178977c,1
x2841631c,x2841631c,1
x3235945c,x3235945c,1
x2748839b,x2748839b,1
x2989571a,x2989571a,1
x3552667c,x3552667c,1
x3216347c,x3216347c,1
x2897789b,x2897789b,1
x3160100b,x3160100b,1
x2973156b,x2973156b,1
x3048214a,x3048214a,1
x2766719a,x2766719a,1
x2729401b,x2729401b,1
x2991640c,x2991640c,1
x3139366a,x3139366a,1
x2728247a,x2728247a,1
x2728247b,x2728247b,1
x2728247c,x2728247c,1
x2673306c,x2673306c,1
x2954357a,x2954357a,1
x3141395c,x3141395c,1
x2876796a,x2876796a,1
x3197642c,x3197642c,1
x3254873c,x3254873c,1
x2822858b,x2822858b,1
x3728040a,x3728040a,1
x3157710b,x3157710b,1
x2710514b,x2710514b,1
x2763072b,x2763072b,1
x2710519a,x2710519a,1
x3727711a,x3727711a,1
x2691936a,x2691936a,1
x2841638c,x2841638c,1
x3254209c,x3254209c,1
x3010557a,x3010557a,1
x2820528c,x2820528c,1
x3251808a,x3251808a,1
x3649305a,x3649305a,1
x3157718a,x3157718a,1
x3010569a,x3010569a,1
x2785527a,x2785527a,1
x3047073c,x3047073c,1
x3649306a,x3649306a,1
x2973161a,x2973161a,1
x2688692b,x2688692b,1
x3254220c,x3254220c,1
x3141389a,x3141389a,1
x3197618a,x3197618a,1
x3143999a,x3143999a,1
x2691949b,x2691949b,1
x3066807c,x3066807c,1
x2876812a,x2876812a,1
x2841634b,x2841634b,1
x3235245c,x3235245c,1
x3104135a,x3104135a,1
x2952014a,x2952014a,1
x3048205c,x3048205c,1
x2861223b,x2861223b,1
x2936268c,x2936268c,1
x2879055c,x2879055c,1
x2690941b,x2690941b,1
x2897773a,x2897773a,1
x3104850c,x3104850c,1
x3139086b,x3139086b,1
x3727707a,x3727707a,1
x3030126c,x3030126c,1
x2879079b,x2879079b,1
x3066821a,x3066821a,1
x3254204a,x3254204a,1
x2748135a,x2748135a,1
x2841623a,x2841623a,1
x2954349b,x2954349b,1
x2801902b,x2801902b,1
x2729434b,x2729434b,1
x3048962a,x3048962a,1
x2857591a,x2857591a,1
x3048890c,x3048890c,1
x2936211c,x2936211c,1
x2820535b,x2820535b,1
x3097861c,x3097861c,1
x3141390b,x3141390b,1
x3141412a,x3141412a,1
x2991920a,x2991920a,1
x3160861c,x3160861c,1
x2876813a,x2876813a,1
x2729410c,x2729410c,1
x2841637c,x2841637c,1
x3122817c,x3122817c,1
x3086079b,x3086079b,1
x3179699b,x3179699b,1
x3085390b,x3085390b,1
x2897767c,x2897767c,1
x3104124b,x3104124b,1
x2804251a,x2804251a,1
x3066808c,x3066808c,1
x2897774b,x2897774b,1
x3104115b,x3104115b,1
x0247171b,x0247171b,1
x3214055c,x3214055c,1
x3104830c,x3104830c,1
x3254211b,x3254211b,1
x2729407b,x2729407b,1
x3027133a,x3027133a,1
x2691944a,x2691944a,1
x2745806c,x2745806c,1
x2878848c,x2878848c,1
x2991909a,x2991909a,1
x2726973a,x2726973a,1
x2691947a,x2691947a,1
x2952007c,x2952007c,1
x3198347c,x3198347c,1
x2916625b,x2916625b,1
x2820533a,x2820533a,1
x2785531a,x2785531a,1
x3120502a,x3120502a,1
x3252336b,x3252336b,1
x2954353a,x2954353a,1
x2673312a,x2673312a,1
x2766720a,x2766720a,1
x2879070b,x2879070b,1
x3179674b,x3179674b,1
x3029506b,x3029506b,1
x3216348a,x3216348a,1
x3048231b,x3048231b,1
x3065696a,x3065696a,1
x3178974b,x3178974b,1
x2916607c,x2916607c,1
x3197652a,x3197652a,1
x2691939b,x2691939b,1
x2858175a,x2858175a,1
x3085400c,x3085400c,1
x3178969b,x3178969b,1
x2748139b,x2748139b,1
x3235242c,x3235242c,1
x2729412a,x2729412a,1
x3082981c,x3082981c,1
x2766747a,x2766747a,1
x3179646b,x3179646b,1
x3235251c,x3235251c,1
x2766749b,x2766749b,1
x3010568a,x3010568a,1
x2991902b,x2991902b,1
x2954348a,x2954348a,1
x2860484b,x2860484b,1
x2879078a,x2879078a,1
x3649301a,x3649301a,1
x2804252a,x2804252a,1
x2783231b,x2783231b,1
x2710504b,x2710504b,1
x2935547b,x2935547b,1
x3048201b,x3048201b,1
x2804250c,x2804250c,1
x3081380a,x3081380a,1
x3172805a,x3172805a,1
x2822867b,x2822867b,1
x2991922a,x2991922a,1
x3010560b,x3010560b,1
x2785536b,x2785536b,1
x3160872c,x3160872c,1
x2973178b,x2973178b,1
x2731712b,x2731712b,1
x2841628a,x2841628a,1
x2748152b,x2748152b,1
x2916602a,x2916602a,1
x2929261a,x2929261a,1
x2710521a,x2710521a,1
x3142079b,x3142079b,1
x2879072b,x2879072b,1
x2729427b,x2729427b,1
x2954347b,x2954347b,1
x2767340a,x2767340a,1
x2767340b,x2767340b,1
x2767340c,x2767340c,1
x3104157c,x3104157c,1
x3122815b,x3122815b,1
x2916605c,x2916605c,1
x3234149a,x3234149a,1
x3234149b,x3234149b,1
x3234149c,x3234149c,1
x3160862c,x3160862c,1
x3233413b,x3233413b,1
x2822865c,x2822865c,1
x2879081a,x2879081a,1
x2691946b,x2691946b,1
x2806553c,x2806553c,1
x3254215c,x3254215c,1
x2951995c,x2951995c,1
x3197628c,x3197628c,1
x2673343b,x2673343b,1
x3160864b,x3160864b,1
x2730149c,x2730149c,1
x3160113b,x3160113b,1
x3010585a,x3010585a,1
x2766730b,x2766730b,1
x3160871c,x3160871c,1
x3104129a,x3104129a,1
x3254205c,x3254205c,1
x2785511a,x2785511a,1
x2822857b,x2822857b,1
x3067448c,x3067448c,1
x2955081a,x2955081a,1
x3235268c,x3235268c,1
x2842330c,x2842330c,1
x2821770a,x2821770a,1
x2691959b,x2691959b,1
x3011229a,x3011229a,1
x2936216c,x2936216c,1
x2879073c,x2879073c,1
x2935553b,x2935553b,1
x2748130b,x2748130b,1
x3085410b,x3085410b,1
x2916618b,x2916618b,1
x3010564c,x3010564c,1
x3217064b,x3217064b,1
x3048968c,x3048968c,1
x2673319c,x2673319c,1
x2897777c,x2897777c,1
x3784018a,x3784018a,1
x3141400a,x3141400a,1
x3235252b,x3235252b,1
x2764411c,x2764411c,1
x3030200c,x3030200c,1
x2746587c,x2746587c,1
x3010562b,x3010562b,1
x2896685a,x2896685a,1
x2896685b,x2896685b,1
x2896685c,x2896685c,1
x2748143a,x2748143a,1
x3216351a,x3216351a,1
x3156034a,x3156034a,1
x3104128a,x3104128a,1
x2673309c,x2673309c,1
x3104155c,x3104155c,1
x2729430b,x2729430b,1
x3197630a,x3197630a,1
x2860481c,x2860481c,1
x2973152b,x2973152b,1
x3160117b,x3160117b,1
x3197624b,x3197624b,1
x2708744b,x2708744b,1
x3067506c,x3067506c,1
x2841625c,x2841625c,1
x2785512b,x2785512b,1
x2673305b,x2673305b,1
x2860480b,x2860480b,1
x2914324a,x2914324a,1
x2766741a,x2766741a,1
x3178988b,x3178988b,1
x2729423c,x2729423c,1
x2991929b,x2991929b,1
x2767342a,x2767342a,1
x2936212a,x2936212a,1
x2861219b,x2861219b,1
x3120376a,x3120376a,1
x2991919a,x2991919a,1
x3066804a,x3066804a,1
x2935550c,x2935550c,1
x2691942b,x2691942b,1
x2842383a,x2842383a,1
x3160863c,x3160863c,1
x2935549b,x2935549b,1
x3027122a,x3027122a,1
x2673331b,x2673331b,1
x3254231a,x3254231a,1
x2785543b,x2785543b,1
x2970258c,x2970258c,1
x2748124b,x2748124b,1
x2879773a,x2879773a,1
x2841626c,x2841626c,1
x2991905a,x2991905a,1
x2822861a,x2822861a,1
x3216337a,x3216337a,1
x2674047c,x2674047c,1
x2691967b,x2691967b,1
x3626914c,x3626914c,1
x3177894a,x3177894a,1
x2690187b,x2690187b,1
x3122827a,x3122827a,1
x3315860b,x3315860b,1
x2973165a,x2973165a,1
x2691965b,x2691965b,1
x3216346a,x3216346a,1
x3235267c,x3235267c,1
x3066801c,x3066801c,1
x2898515c,x2898515c,1
x2804258b,x2804258b,1
x2954354a,x2954354a,1
x2802481a,x2802481a,1
x2710505b,x2710505b,1
x3104114b,x3104114b,1
x2798067b,x2798067b,1
x3122825a,x3122825a,1
x2710546b,x2710546b,1
x2879071b,x2879071b,1
x2785514a,x2785514a,1
x2898457a,x2898457a,1
x3727708a,x3727708a,1
x3216988b,x3216988b,1
x3197632b,x3197632b,1
x3178997c,x3178997c,1
x2785535b,x2785535b,1
x3216343c,x3216343c,1
x2748127a,x2748127a,1
x2673323c,x2673323c,1
x3104859b,x3104859b,1
x2859403a,x2859403a,1
x2954345c,x2954345c,1
x3160098a,x3160098a,1
x3254228b,x3254228b,1
x3101788a,x3101788a,1
x2785513a,x2785513a,1
x3231269b,x3231269b,1
x2991921c,x2991921c,1
x3122826a,x3122826a,1
x2842390c,x2842390c,1
x2991913a,x2991913a,1
x3104144a,x3104144a,1
x2804270b,x2804270b,1
x2917333a,x2917333a,1
x2673315a,x2673315a,1
x2688693c,x2688693c,1
x2841645c,x2841645c,1
x3048200b,x3048200b,1
x3048208a,x3048208a,1
x3067507c,x3067507c,1
x2804249c,x2804249c,1
x2936213b,x2936213b,1
x3215340a,x3215340a,1
x3118855c,x3118855c,1
x3085397b,x3085397b,1
x3104796c,x3104796c,1
x3108449a,x3108449a,1
x2673307c,x2673307c,1
x2973159a,x2973159a,1
x3101787a,x3101787a,1
x2785521c,x2785521c,1
x3235273b,x3235273b,1
x2692600c,x2692600c,1
x3179637c,x3179637c,1
x2729406c,x2729406c,1
x3029499a,x3029499a,1
x3179650b,x3179650b,1
x2748780a,x2748780a,1
x3141398a,x3141398a,1
x3085403a,x3085403a,1
x3236011b,x3236011b,1
x2710542b,x2710542b,1
x2801896b,x2801896b,1
x3029501b,x3029501b,1
x3159645a,x3159645a,1
x3125349c,x3125349c,1
x2973149b,x2973149b,1
x3030205c,x3030205c,1
x2841615a,x2841615a,1
x2767407b,x2767407b,1
x3139103a,x3139103a,1
x3011293a,x3011293a,1
x3011293b,x3011293b,1
x3011293c,x3011293c,1
x3181545c,x3181545c,1
x2935555a,x2935555a,1
x3048207b,x3048207b,1
x3160104b,x3160104b,1
x2851933a,x2851933a,1
x2851933b,x2851933b,1
x2851933c,x2851933c,1
x2897784b,x2897784b,1
x3207907a,x3207907a,1
x3207907b,x3207907b,1
x3207907c,x3207907c,1
x2726974b,x2726974b,1
x3029502a,x3029502a,1
x3178972c,x3178972c,1
x3029055b,x3029055b,1
x3029507b,x3029507b,1
x3254230a,x3254230a,1
x3030203c,x3030203c,1
x3048203b,x3048203b,1
x3048963b,x3048963b,1
x2674027b,x2674027b,1
x2973163b,x2973163b,1
x2955074a,x2955074a,1
x3216342b,x3216342b,1
x3235243c,x3235243c,1
x3214069c,x3214069c,1
x2841632b,x2841632b,1
x2822859b,x2822859b,1
x3142050c,x3142050c,1
x2973155a,x2973155a,1
x2973791a,x2973791a,1
x2841629c,x2841629c,1
x2822868a,x2822868a,1
x3122823b,x3122823b,1
x2952003b,x2952003b,1
x3104856a,x3104856a,1
x2786204c,x2786204c,1
x2841622a,x2841622a,1
x2973150a,x2973150a,1
x3066826b,x3066826b,1
x3197638a,x3197638a,1
x2785530a,x2785530a,1
x3082988b,x3082988b,1
x2860491a,x2860491a,1
x2860491b,x2860491b,1
sx2673305b,x2673305b,0
sx3048196b,x3048196b,0
sx2991911c,x2991911c,0
sx2973158c,x2973158c,0
sx3048208a,x3048208a,0
sx3029502a,sx3029502a,1
sx3104125b,sx3104125b,1
sx3160107a,x3160107a,0
sx2785516b,x2785516b,0
sx3141400a,x3141400a,0
sx2897775c,sx2897775c,1
sx3010565c,x3010565c,0
sx2916609c,x2916609c,0
sx2879073c,x2879073c,0
sx3104126c,x3104126c,0
sx3029503c,x3029503c,0
sx2691950c,sx2691950c,1
sx2691951c,sx2691951c,1
sx2879076c,x2879076c,0
sx2841630c,sx2841630c,1
sx2841629c,sx2841629c,1
sx2785523c,x2785523c,0
sx3216347c,x3216347c,0
sx3141388c,x3141388c,0
sx3066801c,x3066801c,0
sx2879055c,x2879055c,0
sx2973144c,sx2973144c,1
sx2785518c,x2785518c,0
sx2766717c,x2766717c,0
sx2673309c,sx2673309c,1
sx3104113a,x3104113a,0
sx3104121a,x3104121a,0
sx2673310a,x2673310a,0
sx2916627a,x2916627a,0
sx2804283a,x2804283a,0
sx3104122a,x3104122a,0
sx2785519a,x2785519a,0
sx2748129a,sx2748129a,1
sx2973151a,x2973151a,0
sx2748146a,x2748146a,0
sx2991913a,x2991913a,0
sx3235253a,x3235253a,0
sx2991907a,x2991907a,0
sx2879064a,x2879064a,0
sx3197637c,x3197637c,0
sx2860487c,x2860487c,0
sx2841638c,x2841638c,0
sx3235256a,x3235256a,0
sx3197630a,x3197630a,0
sx3104120b,x3104120b,0
sx2804251a,x2804251a,0
sx3254210c,x3254210c,0
sx3048206a,x3048206a,0
sx2710510c,x2710510c,0
sx3197628c,sx3197628c,1
sx2766718c,sx2766718c,1
sx3010556a,x3010556a,0
sx2710520a,x2710520a,0
sx2710521a,x2710521a,0
sx3085396a,x3085396a,0
sx3122813a,x3122813a,0
sx3254219c,sx3254219c,1
sx3254220c,sx3254220c,1
sx3104134c,sx3104134c,1
sx2860490a,x2860490a,0
sx3254218a,x3254218a,0
sx3066818b,sx3066818b,1
sx2785528b,x2785528b,0
sx2748130b,sx2748130b,1
sx3254212b,sx3254212b,1
sx2785520b,x2785520b,0
sx2729411a,x2729411a,0
sx2897781a,x2897781a,0
sx3197644a,x3197644a,0
sx3010566c,x3010566c,0
sx3236011b,x3236011b,0
sx3198358b,sx3198358b,1
sx3104859b,x3104859b,0
sx2936275b,x2936275b,0
sx3179674b,sx3179674b,1
sx2748840b,x2748840b,0
sx3142099b,sx3142099b,1
sx3011298c,x3011298c,0
sx2711234b,sx2711234b,1
sx3198355b,x3198355b,0
sx2879773a,x2879773a,0
sx2786274c,sx2786274c,1
sx3179682c,x3179682c,0
sx2936270a,x2936270a,0
sx3086078a,x3086078a,0
sx3217056a,sx3217056a,1
sx3217057a,x3217057a,0
sx2936268c,x2936268c,0
sx2823592a,x2823592a,0
sx3160863c,x3160863c,0
sx2730108c,x2730108c,0
sx2786204c,sx2786204c,1
sx2936216c,x2936216c,0
sx3029498c,x3029498c,0
sx2991912a,x2991912a,0
sx3104128a,x3104128a,0
sx2673315a,x2673315a,0
sx2766721a,x2766721a,0
sx2991906a,x2991906a,0
sx2879054a,x2879054a,0
sx3254211b,sx3254211b,1
sx2729407b,x2729407b,0
sx2691942b,x2691942b,0
sx3197629b,x3197629b,0
sx2879065b,x2879065b,0
sx0247160b,x0247160b,0
sx0247162b,x0247162b,0
sx2766732b,x2766732b,0
sx2897784b,sx2897784b,1
sx0247171b,x0247171b,0
sx2936279c,sx2936279c,1
sx3179678b,x3179678b,0
sx3179650b,x3179650b,0
sx2730107c,sx2730107c,1
sx3048888c,x3048888c,0
sx3064514c,x3064514c,0
sx2861158c,sx2861158c,1
sx2952007c,sx2952007c,1
sx3254873c,x3254873c,0
sx2745811c,sx2745811c,1
sx3142050c,x3142050c,0
sx2861157c,sx2861157c,1
sx3086079b,x3086079b,0
sx2936276b,x2936276b,0
sx2861223b,sx2861223b,1
sx3086075b,x3086075b,0
sx2730187a,sx2730187a,1
sx3104856a,x3104856a,0
sx2861222a,sx2861222a,1
sx2917330a,x2917330a,0
sx2879794a,sx2879794a,1
sx2936271a,x2936271a,0
sx2955074a,sx2955074a,1
sx3030199c,sx3030199c,1
sx2730163c,sx2730163c,1
sx2992624a,x2992624a,0
sx2692654a,x2692654a,0
sx2842379a,sx2842379a,1
sx2805031c,sx2805031c,1
sx3068944b,sx3068944b,1
sx2767407b,x2767407b,0
sx2879767b,x2879767b,0
sx2711224b,x2711224b,0
sx3142098b,sx3142098b,1
sx2748839b,x2748839b,0
sx2917310b,x2917310b,0
sx2861218c,sx2861218c,1
sx2955081a,x2955081a,0
sx3160878c,x3160878c,0
sx2917336c,x2917336c,0
sx2674047c,x2674047c,0
sx3160865a,x3160865a,0
sx2767408c,x2767408c,0
sx3104853c,sx3104853c,1
sx3254915b,x3254915b,0
sx3048963b,x3048963b,0
sx2711226b,sx2711226b,1
sx3217052c,sx3217052c,1
sx3217053c,x3217053c,0
sx3086074c,x3086074c,0
sx3067507c,sx3067507c,1
sx2955078a,x2955078a,0
sx2955077c,sx2955077c,1
sx3160872c,sx3160872c,1
sx3198348a,sx3198348a,1
sx2711225c,x2711225c,0
sx3030200c,x3030200c,0
sx3048962a,sx3048962a,1
sx3160861c,x3160861c,0
sx3104850c,sx3104850c,1
sx3251799a,sx3251799a,1
sx2936211c,x2936211c,0
sx2842329c,x2842329c,0
sx3104796c,sx3104796c,1
sx3236004c,x3236004c,0
sx3160896c,x3160896c,0
sx3123452c,sx3123452c,1
sx3254869b,x3254869b,0
sx3030126c,sx3030126c,1
sx2767341c,sx2767341c,1
sx3254870c,sx3254870c,1
sx3048887b,sx3048887b,1
sx2955005b,x2955005b,0
sx3216988b,sx3216988b,1
sx3179607b,sx3179607b,1
sx2898457a,x2898457a,0
sx2767340a,sx2767340a,1
sx2767340b,sx2767340b,1
sx2767340c,sx2767340c,1
sx3067478a,sx3067478a,1
sx2730149c,x2730149c,0
sx2989566b,x2989566b,0
sx2973791a,sx2973791a,1
sx3029055b,sx3029055b,1
sx3067506c,x3067506c,0
sx2898515c,sx2898515c,1
sx3198347c,x3198347c,0
sx3048946c,x3048946c,0
sx3048966c,x3048966c,0
sx2992656a,sx2992656a,1
sx2973833b,x2973833b,0
sx2786266a,x2786266a,0
sx2917333a,x2917333a,0
sx2842383a,x2842383a,0
sx2842384c,x2842384c,0
sx3160871c,sx3160871c,1
sx3030203c,sx3030203c,1
sx3179673c,x3179673c,0
sx3048965b,sx3048965b,1
sx2692660a,sx2692660a,1
sx2805034a,x2805034a,0
sx2898522a,x2898522a,0
sx2692661a,x2692661a,0
sx3067448c,sx3067448c,1
sx2935552c,x2935552c,0
sx2822864c,x2822864c,0
sx2822865c,x2822865c,0
sx2916605c,x2916605c,0
sx3085394c,x3085394c,0
sx2804250c,sx2804250c,1
sx3048205c,sx3048205c,1
sx3048228c,sx3048228c,1
sx2935550c,sx2935550c,1
sx2710509c,x2710509c,0
sx2822862c,x2822862c,0
sx3066806c,x3066806c,0
sx2916606c,x2916606c,0
sx3235243c,sx3235243c,1
sx2786273b,x2786273b,0
sx2805036b,x2805036b,0
sx3178997c,x3178997c,0
sx3122849b,x3122849b,0
sx2766750c,sx2766750c,1
sx2763153a,x2763153a,0
sx3104157c,sx3104157c,1
sx_293471a,x_293471a,0
sx_293471b,sx_293471b,1
sx_293471c,sx_293471c,1
sx2748158a,x2748158a,0
sx3104133a,x3104133a,0
sx2673346c,sx2673346c,1
sx3254238b,sx3254238b,1
sx3048230c,sx3048230c,1
sx2841637c,sx2841637c,1
sx2897780b,sx2897780b,1
sx3235255b,x3235255b,0
sx3216370a,x3216370a,0
sx3216370b,x3216370b,0
sx3216370c,x3216370c,0
sx2785527a,x2785527a,0
sx2766729a,x2766729a,0
sx3197641a,x3197641a,0
sx2973161a,sx2973161a,1
sx2673306c,sx2673306c,1
sx2785515c,sx2785515c,1
sx2729429a,x2729429a,0
sx2841633a,x2841633a,0
sx3235258a,x3235258a,0
sx3235258b,sx3235258b,1
sx3235258c,x3235258c,0
sx2729414a,x2729414a,0
sx2729414b,sx2729414b,1
sx2729414c,sx2729414c,1
sx2973167b,x2973167b,0
sx3189189b,x3189189b,0
sx3189188c,sx3189188c,1
sx2935560c,x2935560c,0
sx2916610b,sx2916610b,1
sx3216368c,x3216368c,0
sx3207907a,sx3207907a,1
sx3207907b,sx3207907b,1
sx3207907c,sx3207907c,1
sx2973166c,sx2973166c,1
sx2710532c,x2710532c,0
sx2860504a,x2860504a,0
sx3085403a,x3085403a,0
sx2954355a,x2954355a,0
sx3122827a,x3122827a,0
sx3195751a,x3195751a,0
sx2766724c,x2766724c,0
sx3197647a,x3197647a,0
sx2821010a,sx2821010a,1
sx2895461a,x2895461a,0
sx2952014a,x2952014a,0
sx3010585a,sx3010585a,1
sx3120502a,x3120502a,0
sx3101789a,x3101789a,0
sx3178982a,x3178982a,0
sx2841623a,x2841623a,0
sx3010563a,x3010563a,0
sx2766727b,x2766727b,0
sx3029507b,sx3029507b,1
sx3197643b,sx3197643b,1
sx3122823b,sx3122823b,1
sx2766726b,x2766726b,0
sx2785526b,x2785526b,0
sx2973162b,x2973162b,0
sx3010570a,x3010570a,0
sx2991919a,x2991919a,0
sx3122824a,x3122824a,0
sx2860489a,x2860489a,0
sx3104131a,x3104131a,0
sx3048210a,sx3048210a,1
sx2897778a,x2897778a,0
sx3104132a,x3104132a,0
sx3085402a,sx3085402a,1
sx2804252a,x2804252a,0
sx3048214a,x3048214a,0
sx3235275b,sx3235275b,1
sx2897779c,sx2897779c,1
sx2804261c,x2804261c,0
sx3178980c,x3178980c,0
sx2973164a,x2973164a,0
sx2748132a,x2748132a,0
sx3254205c,sx3254205c,1
sx3010569a,sx3010569a,1
sx2673321a,x2673321a,0
sx2954354a,x2954354a,0
sx2710519a,x2710519a,0
sx3066819a,x3066819a,0
sx3029499a,x3029499a,0
sx2897772a,x2897772a,0
sx3122826a,x3122826a,0
sx2691953a,x2691953a,0
sx2860491a,x2860491a,0
sx2860491b,sx2860491b,1
sx2991922a,x2991922a,0
sx2991923a,x2991923a,0
sx3085400c,sx3085400c,1
sx3141399c,sx3141399c,1
sx2954351c,x2954351c,0
sx3235266c,sx3235266c,1
sx2841626c,x2841626c,0
sx2954350c,x2954350c,0
sx3178977c,x3178977c,0
sx3160105c,x3160105c,0
sx2691945c,sx2691945c,1
sx3010567c,x3010567c,0
sx2841625c,x2841625c,0
sx2897776c,sx2897776c,1
sx3254215c,x3254215c,0
sx3122819c,sx3122819c,1
sx2748133c,x2748133c,0
sx3085399c,x3085399c,0
sx2879074a,x2879074a,0
sx3122820a,x3122820a,0
sx2710517a,x2710517a,0
sx3197639a,x3197639a,0
sx3160106a,x3160106a,0
sx3008248a,x3008248a,0
sx3235247a,x3235247a,0
sx2673312a,x2673312a,0
sx2691944a,x2691944a,0
sx2710516a,x2710516a,0
sx2804256b,x2804256b,0
sx2954347b,sx2954347b,1
sx3178975b,sx3178975b,1
sx3160100b,x3160100b,0
sx3085390b,x3085390b,0
sx2748152b,x2748152b,0
sx2729434b,x2729434b,0
sx2916608c,x2916608c,0
sx2673313b,sx2673313b,1
sx2804257b,x2804257b,0
sx2860485b,x2860485b,0
sx2860506b,x2860506b,0
sx3122815b,x3122815b,0
sx3254213b,sx3254213b,1
sx2785543b,sx2785543b,1
sx3235248c,x3235248c,0
sx2764412a,x2764412a,0
sx3027132a,x3027132a,0
sx3101787a,x3101787a,0
sx3101788a,x3101788a,0
sx2876812a,x2876812a,0
sx2970811a,x2970811a,0
sx2916607c,sx2916607c,1
sx3010564c,x3010564c,0
sx2710515c,sx2710515c,1
sx2766746c,sx2766746c,1
sx2691941c,sx2691941c,1
sx3235241c,sx3235241c,1
sx3104118c,sx3104118c,1
sx2748126c,sx2748126c,1
sx3235267c,sx3235267c,1
sx2841645c,sx2841645c,1
sx3066829c,sx3066829c,1
sx3254203b,x3254203b,0
sx2860480b,sx2860480b,1
sx3197624b,x3197624b,0
sx2822860b,sx2822860b,1
sx3048199b,x3048199b,0
sx2710508b,x2710508b,0
sx3122810b,sx3122810b,1
sx2897765b,x2897765b,0
sx2804248b,x2804248b,0
sx2785512b,sx2785512b,1
sx2935553b,sx2935553b,1
sx3048207b,x3048207b,0
sx2729427b,x2729427b,0
sx2748131b,x2748131b,0
sx2879066b,x2879066b,0
sx2973152b,sx2973152b,1
sx2879068b,sx2879068b,1
sx2860484b,x2860484b,0
sx3085397b,sx3085397b,1
sx3066812a,x3066812a,0
sx3216344b,sx3216344b,1
sx2860501b,sx2860501b,1
sx3197632b,x3197632b,0
sx2710514b,sx2710514b,1
sx3048203b,sx3048203b,1
sx2860500b,x2860500b,0
sx3197660b,sx3197660b,1
sx2897800b,x2897800b,0
sx3235246b,x3235246b,0
sx2710512b,sx2710512b,1
sx2897791b,sx2897791b,1
sx2916618b,sx2916618b,1
sx3160113b,sx3160113b,1
sx2804269b,sx2804269b,1
sx2989564b,x2989564b,0
sx2897789b,x2897789b,0
sx2690941b,sx2690941b,1
sx3234185b,sx3234185b,1
sx3065750b,sx3065750b,1
sx3159037b,sx3159037b,1
sx2748124b,sx2748124b,1
sx2710504b,sx2710504b,1
sx2954346b,sx2954346b,1
sx2710505b,x2710505b,0
sx3178974b,x3178974b,0
sx2691943b,x2691943b,0
sx2916603b,x2916603b,0
sx2804254a,x2804254a,0
sx2710513b,x2710513b,0
sx2973149b,x2973149b,0
sx3010562b,x3010562b,0
sx3254228b,sx3254228b,1
sx2936213b,sx2936213b,1
sx2692633c,sx2692633c,1
sx3179646b,sx3179646b,1
sx3104830c,x3104830c,0
sx3142078b,x3142078b,0
sx2879752b,x2879752b,0
sx2952003b,sx2952003b,1
sx2990826a,x2990826a,0
sx2990826b,sx2990826b,1
sx2990826c,sx2990826c,1
sx3197626c,x3197626c,0
sx3066807c,x3066807c,0
sx3197627c,sx3197627c,1
sx3216343c,sx3216343c,1
sx3085393c,sx3085393c,1
sx2897770c,sx2897770c,1
sx2748128c,sx2748128c,1
sx3085392c,x3085392c,0
sx3029497c,x3029497c,0
sx2673307c,x2673307c,0
sx2729406c,x2729406c,0
sx2897768c,sx2897768c,1
sx2822863c,x2822863c,0
sx2841619c,sx2841619c,1
sx2804282c,x2804282c,0
sx3104154c,sx3104154c,1
sx2897806c,x2897806c,0
sx3216342b,sx3216342b,1
sx2879063b,sx2879063b,1
sx3048227a,x3048227a,0
sx3216367b,sx3216367b,1
sx3010561a,x3010561a,0
sx2991939b,sx2991939b,1
sx2673308b,sx2673308b,1
sx3066808c,x3066808c,0
sx3141396c,x3141396c,0
sx3066810c,sx3066810c,1
sx2897769c,sx2897769c,1
sx2766749b,sx2766749b,1
sx2973178b,x2973178b,0
sx3029518b,sx3029518b,1
sx2935549b,sx2935549b,1
sx3122811a,x3122811a,0
sx3254207a,x3254207a,0
sx2822877b,x2822877b,0
sx2841618a,x2841618a,0
sx3066805a,x3066805a,0
sx2785514a,x2785514a,0
sx3235244a,x3235244a,0
sx2785513a,x2785513a,0
sx3160101a,x3160101a,0
sx3010559a,x3010559a,0
sx3159448a,x3159448a,0
sx2973156b,x2973156b,0
sx3029501b,x3029501b,0
sx2691949b,sx2691949b,1
sx3104127b,sx3104127b,1
sx2897774b,x2897774b,0
sx2879061b,x2879061b,0
sx3066813b,x3066813b,0
sx2991910b,x2991910b,0
sx2879072b,x2879072b,0
sx3197635b,x3197635b,0
sx2804258b,sx2804258b,1
sx3235250b,x3235250b,0
sx2954349b,sx2954349b,1
sx2766722b,sx2766722b,1
sx2879071b,sx2879071b,1
sx3029504b,sx3029504b,1
sx2691948b,x2691948b,0
sx2710546b,sx2710546b,1
sx2785547b,sx2785547b,1
sx3254214b,sx3254214b,1
sx3160104b,sx3160104b,1
sx3216349b,x3216349b,0
sx2879077b,x2879077b,0
sx2991916b,sx2991916b,1
sx3235245c,x3235245c,0
sx2766716c,x2766716c,0
sx3254209c,sx3254209c,1
sx3254204a,x3254204a,0
sx2841627a,x2841627a,0
sx3216348a,x3216348a,0
sx2691947a,x2691947a,0
sx2841648a,x2841648a,0
sx2973157a,x2973157a,0
sx3178978a,x3178978a,0
sx2879075a,x2879075a,0
sx3082992a,x3082992a,0
sx2728247a,x2728247a,0
sx2728247b,sx2728247b,1
sx2728247c,x2728247c,0
sx3197633a,x3197633a,0
sx2879069a,x2879069a,0
sx3178971a,x3178971a,0
sx2973154a,x2973154a,0
sx2973155a,x2973155a,0
sx3122814c,x3122814c,0
sx2991908a,x2991908a,0
sx2860481c,x2860481c,0
sx2841621c,sx2841621c,1
sx2804255b,sx2804255b,1
sx2954345c,x2954345c,0
sx2935555a,x2935555a,0
sx2897773a,x2897773a,0
sx2748127a,x2748127a,0
sx3197631a,x3197631a,0
sx2935554a,x2935554a,0
sx2822866b,sx2822866b,1
sx3178972c,sx3178972c,1
sx3104123c,x3104123c,0
sx2973153a,x2973153a,0
sx3216123a,x3216123a,0
sx2972930a,x2972930a,0
sx3029506b,x3029506b,0
sx2785521c,sx2785521c,1
sx3197661c,x3197661c,0
sx3216345b,sx3216345b,1
sx2879070b,x2879070b,0
sx2973160b,x2973160b,0
sx3066815c,sx3066815c,1
sx2897777c,sx2897777c,1
sx2991914c,x2991914c,0
sx2822869a,x2822869a,0
sx2729410c,sx2729410c,1
sx3197640c,x3197640c,0
sx2954353a,x2954353a,0
sx3160109b,sx3160109b,1
sx3104136b,x3104136b,0
sx2822872b,sx2822872b,1
sx3122821b,sx3122821b,1
sx2860482a,x2860482a,0
sx3010560b,sx3010560b,1
sx3104119a,x3104119a,0
sx2785517c,x2785517c,0
sx3066809c,sx3066809c,1
sx2954344c,sx2954344c,1
sx2897767c,sx2897767c,1
sx3254208c,sx3254208c,1
sx2748125c,sx2748125c,1
sx2673303c,x2673303c,0
sx3104117c,sx3104117c,1
sx3010568a,x3010568a,0
sx3029505c,sx3029505c,1
sx2673318c,sx2673318c,1
sx3178979c,sx3178979c,1
sx3104129a,sx3104129a,1
sx3141401a,x3141401a,0
sx2841632b,sx2841632b,1
sx2748157a,sx2748157a,1
sx2785537a,x2785537a,0
sx2691967b,x2691967b,0
sx2916620a,x2916620a,0
sx2916620b,x2916620b,0
sx2916620c,x2916620c,0
sx2766738c,sx2766738c,1
sx3066814b,x3066814b,0
sx2820535b,sx2820535b,1
sx2785534b,sx2785534b,1
sx2691965b,x2691965b,0
sx2748144a,x2748144a,0
sx2897792a,x2897792a,0
sx2785538a,x2785538a,0
sx2897793a,x2897793a,0
sx3254231a,x3254231a,0
sx3254230a,x3254230a,0
sx2673331b,sx2673331b,1
sx2935567b,x2935567b,0
sx2804272b,x2804272b,0
sx3160115b,sx3160115b,1
sx3254227b,x3254227b,0
sx2860499b,sx2860499b,1
sx3254229b,sx3254229b,1
sx2822873b,x2822873b,0
sx3178988b,x3178988b,0
sx2785536b,x2785536b,0
sx3066826b,sx3066826b,1
sx3197653b,sx3197653b,1
sx2785535b,sx2785535b,1
sx2916619b,sx2916619b,1
sx2916617b,sx2916617b,1
sx3122835b,x3122835b,0
sx2691966b,sx2691966b,1
sx3104145b,x3104145b,0
sx2973171b,sx2973171b,1
sx2804270b,x2804270b,0
sx3235273b,sx3235273b,1
sx2729423c,x2729423c,0
sx2729424a,x2729424a,0
sx3160114a,x3160114a,0
sx3104144a,x3104144a,0
sx3197652a,x3197652a,0
sx3141394b,x3141394b,0
sx2804277c,sx2804277c,1
sx3197625c,x3197625c,0
sx2785511a,x2785511a,0
sx2973148a,x2973148a,0
sx3160098a,x3160098a,0
sx2916602a,x2916602a,0
sx3231255c,sx3231255c,1
sx3118855c,sx3118855c,1
sx3085410b,x3085410b,0
sx2992556c,x2992556c,0
sx3198356c,x3198356c,0
sx3048968c,sx3048968c,1
sx2767414c,x2767414c,0
sx3045895c,sx3045895c,1
sx2692664c,x2692664c,0
sx2991901b,sx2991901b,1
sx2673322b,x2673322b,0
sx2766730b,x2766730b,0
sx2689691a,x2689691a,0
sx2914323b,x2914323b,0
sx3048222c,sx3048222c,1
sx3122837c,sx3122837c,1
sx2991933c,sx2991933c,1
sx2710525c,sx2710525c,1
sx2673323c,sx2673323c,1
sx2710542b,sx2710542b,1
sx2766742b,x2766742b,0
sx3254234b,sx3254234b,1
sx3104114b,sx3104114b,1
sx2822857b,x2822857b,0
sx2691939b,sx2691939b,1
sx2860478b,x2860478b,0
sx2822858b,sx2822858b,1
sx3254206b,sx3254206b,1
sx2766715b,x2766715b,0
sx2860479b,x2860479b,0
sx3178969b,x3178969b,0
sx2729401b,x2729401b,0
sx2804245b,sx2804245b,1
sx3216338b,sx3216338b,1
sx2691938b,sx2691938b,1
sx2673326b,x2673326b,0
sx3251806b,x3251806b,0
sx3160108b,sx3160108b,1
sx2841624b,x2841624b,0
sx2729409b,sx2729409b,1
sx3029510b,x3029510b,0
sx2991927b,sx2991927b,1
sx2954338b,sx2954338b,1
sx3197634b,sx3197634b,1
sx2729408b,sx2729408b,1
sx2991909a,x2991909a,0
sx3085398b,sx3085398b,1
sx2673314c,x2673314c,0
sx3122817c,x3122817c,0
sx3160102b,sx3160102b,1
sx2822871b,sx2822871b,1
sx2876813a,x2876813a,0
sx2952013a,x2952013a,0
sx2916598a,x2916598a,0
sx3048212a,x3048212a,0
sx2691973a,x2691973a,0
sx2954357a,sx2954357a,1
sx2841639a,x2841639a,0
sx2804262a,x2804262a,0
sx2973165a,x2973165a,0
sx2785529c,sx2785529c,1
sx3197646b,sx3197646b,1
sx3141389a,x3141389a,0
sx3197618a,x3197618a,0
sx2691936a,x2691936a,0
sx3216336a,x3216336a,0
sx3216337a,x3216337a,0
sx2841615a,x2841615a,0
sx2954348a,x2954348a,0
sx3235249a,x3235249a,0
sx2916599a,x2916599a,0
sx3122816b,sx3122816b,1
sx3160103c,x3160103c,0
sx2935556b,sx2935556b,1
sx3104124b,x3104124b,0
sx2970804c,sx2970804c,1
sx3176661c,x3176661c,0
sx3048937c,x3048937c,0
sx2804957c,x2804957c,0
sx2767343c,sx2767343c,1
sx3179608c,sx3179608c,1
sx3086002c,sx3086002c,1
sx2842330c,sx2842330c,1
sx3235945c,sx3235945c,1
sx2955006c,sx2955006c,1
sx2692600c,sx2692600c,1
sx3235946a,x3235946a,0
sx3011229a,x3011229a,0
sx2767342a,x2767342a,0
sx2748780a,x2748780a,0
sx2823544a,x2823544a,0
sx3195321a,x3195321a,0
sx2823545a,x2823545a,0
sx3101782a,sx3101782a,1
sx2936214a,x2936214a,0
sx3142049c,x3142049c,0
sx2804956a,x2804956a,0
sx2730106c,sx2730106c,1
sx2936212a,x2936212a,0
sx3029495b,x3029495b,0
sx2804247b,sx2804247b,1
sx3104115b,x3104115b,0
sx2954339b,sx2954339b,1
sx3048200b,x3048200b,0
sx3216339b,sx3216339b,1
sx3048201b,sx3048201b,1
sx3141390b,sx3141390b,1
sx2710537b,sx2710537b,1
sx2673300b,sx2673300b,1
sx3085388b,x3085388b,0
sx2822859b,sx2822859b,1
sx2991902b,sx2991902b,1
sx2991918b,sx2991918b,1
sx2897764b,sx2897764b,1
sx2860488b,sx2860488b,1
sx2804260b,sx2804260b,1
sx2973163b,x2973163b,0
sx3104130b,sx3104130b,1
sx2879079b,x2879079b,0
sx2991917b,x2991917b,0
sx2841636b,x2841636b,0
sx3085389b,sx3085389b,1
sx2673319c,x2673319c,0
sx2841631c,sx2841631c,1
sx3216350a,x3216350a,0
sx3141402c,sx3141402c,1
sx3197642c,x3197642c,0
sx2691952a,x2691952a,0
sx2879081a,x2879081a,0
sx2785530a,x2785530a,0
sx2766723a,x2766723a,0
sx3122822a,x3122822a,0
sx2766747a,x2766747a,0
sx2858163a,x2858163a,0
sx3216346a,x3216346a,0
sx3029500a,x3029500a,0
sx3156034a,x3156034a,0
sx3066821a,x3066821a,0
sx2748140a,x2748140a,0
sx3141412a,x3141412a,0
sx2991915b,sx2991915b,1
sx2673320b,sx2673320b,1
sx2841634b,sx2841634b,1
sx2766720a,x2766720a,0
sx3235254c,sx3235254c,1
sx2935566c,sx2935566c,1
sx3141393c,sx3141393c,1
sx3030204a,x3030204a,0
sx3160868b,sx3160868b,1
sx2785524c,x2785524c,0
sx3235268c,sx3235268c,1
sx3122825a,sx3122825a,1
sx2991920a,x2991920a,0
sx2973146b,sx2973146b,1
sx2935568b,x2935568b,0
sx2814529a,sx2814529a,1
sx2814529b,sx2814529b,1
sx2814529c,sx2814529c,1
sx3122818c,sx3122818c,1
sx3048209b,sx3048209b,1
sx2841628a,x2841628a,0
sx2673316a,x2673316a,0
sx2748143a,x2748143a,0
sx2860477a,x2860477a,0
sx3066811b,sx3066811b,1
sx2954352c,sx2954352c,1
sx3160864b,x3160864b,0
sx3085401a,sx3085401a,1
sx2766744b,sx2766744b,1
sx2804259a,x2804259a,0
sx2860486c,x2860486c,0
sx2785522b,sx2785522b,1
sx2897766c,sx2897766c,1
sx3048889c,sx3048889c,1
sx3048890c,sx3048890c,1
sx2991921c,sx2991921c,1
sx3011293a,sx3011293a,1
sx3011293b,sx3011293b,1
sx3011293c,sx3011293c,1
sx3123509c,x3123509c,0
sx2841620b,x2841620b,0
sx2991929b,sx2991929b,1
sx3160793c,x3160793c,0
sx2691946b,x2691946b,0
sx2991940c,x2991940c,0
sx3197636b,sx3197636b,1
sx2991905a,sx2991905a,1
sx3141395c,sx3141395c,1
sx2748135a,x2748135a,0
sx2729412a,x2729412a,0
sx2839305a,x2839305a,0
sx3160123a,x3160123a,0
sx2822861a,x2822861a,0
sx2841616a,x2841616a,0
sx3122812b,sx3122812b,1
sx2897771b,x2897771b,0
sx3178973a,x3178973a,0
sx3141411c,sx3141411c,1
sx2710518a,x2710518a,0
sx3085391b,sx3085391b,1
sx2955076a,x2955076a,0
sx2729430b,sx2729430b,1
sx3142079b,x3142079b,0
sx2955055b,sx2955055b,1
sx2879753b,sx2879753b,1
sx2842390c,x2842390c,0
sx2710511a,x2710511a,0
sx2766719a,x2766719a,0
sx3160117b,sx3160117b,1
sx2897790c,sx2897790c,1
sx3066817a,sx3066817a,1
sx2841641b,x2841641b,0
sx2674027b,sx2674027b,1
sx3010557a,x3010557a,0
sx3235242c,sx3235242c,1
sx2973150a,x2973150a,0
sx3066804a,sx3066804a,1
sx2879067a,x2879067a,0
sx2710530b,x2710530b,0
sx2748781a,sx2748781a,1
sx3197654a,x3197654a,0
sx2954361b,sx2954361b,1
sx2935547b,x2935547b,0
sx3215385a,sx3215385a,1
sx3215385b,sx3215385b,1
sx3215385c,sx3215385c,1
sx2841622a,x2841622a,0
sx2879062c,x2879062c,0
sx2917255c,sx2917255c,1
sx3160862c,x3160862c,0
sx3067447a,x3067447a,0
sx3179637c,sx3179637c,1
sx2822867b,x2822867b,0
sx2766741a,x2766741a,0
sx2897807b,x2897807b,0
sx2823611a,x2823611a,0
sx3141398a,x3141398a,0
sx3235251c,x3235251c,0
sx2935551c,x2935551c,0
sx3235252b,sx3235252b,1
sx2917328b,sx2917328b,1
sx2989565a,x2989565a,0
sx2692655c,sx2692655c,1
sx2861219b,sx2861219b,1
sx2674051a,x2674051a,0
sx2804249c,x2804249c,0
sx3030205c,sx3030205c,1
sx3085395a,x3085395a,0
sx2767409b,sx2767409b,1
sx3217064b,sx3217064b,1
sx2729405b,x2729405b,0
sx3179699b,sx3179699b,1
sx2898526c,x2898526c,0
sx2674052c,x2674052c,0
sx2851933a,x2851933a,0
sx2851933b,sx2851933b,1
sx2851933c,sx2851933c,1
sx2860492c,x2860492c,0
sx3197645a,x3197645a,0
sx3048211a,x3048211a,0
sx2804253a,x2804253a,0
sx3178981b,sx3178981b,1
sx2785525c,sx2785525c,1
sx2860483b,sx2860483b,1
sx3141397b,sx3141397b,1
sx3253995c,x3253995c,0
sx2710536a,x2710536a,0
sx3197638a,x3197638a,0
sx2935557a,sx2935557a,1
sx2673311a,x2673311a,0
sx2729413a,x2729413a,0
sx3122848c,x3122848c,0
sx2973169a,x2973169a,0
sx2822868a,x2822868a,0
sx2860493a,x2860493a,0
sx3178976a,x3178976a,0
sx2673317a,x2673317a,0
sx2729428a,x2729428a,0
sx2973159a,x2973159a,0
sx3254216a,x3254216a,0
sx2973180b,sx2973180b,1
sx3066816a,x3066816a,0
sx3216351a,x3216351a,0
sx2841635a,x2841635a,0
sx3254217c,sx3254217c,1
sx2822870c,x2822870c,0
sx2766725c,x2766725c,0
sx2879078a,x2879078a,0
sx3048221a,x3048221a,0
sx2879092c,sx2879092c,1
sx2691954b,sx2691954b,1
sx3104135a,x3104135a,0
sx2991943c,sx2991943c,1
sx3233353a,x3233353a,0
sx3141403a,x3141403a,0
sx2785546a,x2785546a,0
sx2879087a,x2879087a,0
sx2785531a,x2785531a,0
sx3216358a,x3216358a,0
sx2748139b,x2748139b,0
sx2935559a,x2935559a,0
sx3048231b,sx3048231b,1
sx2691959b,x2691959b,0
sx2731712b,sx2731712b,1
sx3010580b,x3010580b,0
sx3216361b,sx3216361b,1
sx2879089c,sx2879089c,1
sx3232301c,sx3232301c,1
sx2763811c,sx2763811c,1
sx2970258c,sx2970258c,1
sx2763812c,sx2763812c,1
sx3101194c,sx3101194c,1
sx2916625b,sx2916625b,1
sx2955047a,x2955047a,0
sx3066830b,sx3066830b,1
sx2673343b,x2673343b,0
sx2766748a,x2766748a,0
sx2897801a,sx2897801a,1
sx2897805a,x2897805a,0
sx3086098a,sx3086098a,1
sx3104155c,sx3104155c,1
sx2710543c,sx2710543c,1
sx2861197c,x2861197c,0
sx2992657a,x2992657a,0
sx3254237a,x3254237a,0
sx2710544a,x2710544a,0
sx2917359a,x2917359a,0
sx3122847a,x3122847a,0
sx3029520b,x3029520b,0
sx3150961c,sx3150961c,1
sx2684420b,x2684420b,0
sx2685809a,x2685809a,0
sx3097861c,x3097861c,0
sx2798067b,x2798067b,0
sx2929261a,x2929261a,0
sx2891575c,x2891575c,0
sx2685805a,x2685805a,0
sx3225319b,sx3225319b,1
sx2925506c,sx2925506c,1
sx2983432a,x2983432a,0
sx2948732b,x2948732b,0
sx2911069b,x2911069b,0
sx2724120c,sx2724120c,1
sx2858175a,x2858175a,0
sx3251807a,x3251807a,0
sx3231269b,x3231269b,0
sx3081380a,x3081380a,0
sx3139103a,x3139103a,0
sx2876814a,x2876814a,0
sx3120503a,x3120503a,0
sx3120504a,x3120504a,0
sx2875754c,sx2875754c,1
sx3195327a,x3195327a,0
sx2763407c,sx2763407c,1
sx2688692b,x2688692b,0
sx2688693c,x2688693c,0
sx2913406b,sx2913406b,1
sx2989571a,x2989571a,0
sx2764411c,x2764411c,0
sx3119793b,x3119793b,0
sx3251808a,x3251808a,0
sx3027133a,x3027133a,0
sx2857591a,x2857591a,0
sx2726983a,sx2726983a,1
sx3157167a,x3157167a,0
sx3082993a,x3082993a,0
sx3120376a,x3120376a,0
sx2989432b,sx2989432b,1
sx3120484c,x3120484c,0
sx2820528c,sx2820528c,1
sx2745799c,sx2745799c,1
sx3270814a,x3270814a,0
sx2801895b,sx2801895b,1
sx2801896b,x2801896b,0
sx3214055c,x3214055c,0
sx3195310a,x3195310a,0
sx3008232b,x3008232b,0
sx2764399b,x2764399b,0
sx3027116a,x3027116a,0
sx2689678b,x2689678b,0
sx2951995c,sx2951995c,1
sx3139086b,sx3139086b,1
sx2933120c,sx2933120c,1
sx2726973a,x2726973a,0
sx2820531b,sx2820531b,1
sx3157708c,x3157708c,0
sx2858166a,x2858166a,0
sx2764403a,x2764403a,0
sx2895449c,sx2895449c,1
sx3176656a,x3176656a,0
sx2820533a,x2820533a,0
sx2876796a,x2876796a,0
sx2876797a,x2876797a,0
sx3157710b,x3157710b,0
sx2726974b,sx2726974b,1
sx2726975b,x2726975b,0
sx3195315a,x3195315a,0
sx3143999a,x3143999a,0
sx3125349c,sx3125349c,1
sx3181545c,x3181545c,0
sx3082981c,x3082981c,0
sx2876798b,sx2876798b,1
sx3008237c,sx3008237c,1
sx2783231b,sx2783231b,1
sx3176660b,x3176660b,0
sx3082983b,sx3082983b,1
sx2801902b,sx2801902b,1
sx3157718a,x3157718a,0
sx2745806c,sx2745806c,1
sx3195318b,x3195318b,0
sx3214071c,sx3214071c,1
sx3214069c,sx3214069c,1
sx3232902a,x3232902a,0
sx3027122a,x3027122a,0
sx3082988b,x3082988b,0
sx3027124c,sx3027124c,1
sx2801909c,x2801909c,0
sx2914324a,x2914324a,0
sx2820556a,x2820556a,0
sx2933135a,x2933135a,0
sx3139366a,x3139366a,0
sx2708744b,sx2708744b,1
sx2690187b,sx2690187b,1
sx3233412a,sx3233412a,1
sx3027670b,sx3027670b,1
sx2821087a,sx2821087a,1
sx2990098a,sx2990098a,1
sx3252336b,sx3252336b,1
sx2802480b,sx2802480b,1
sx3233413b,sx3233413b,1
sx3027671a,sx3027671a,1
sx3102286b,sx3102286b,1
sx2802481a,sx2802481a,1
sx3214549a,sx3214549a,1
sx3139598b,sx3139598b,1
sx3214112b,x3214112b,0
sx3251854a,x3251854a,0
sx2763072b,sx2763072b,1
sx3172805a,x3172805a,0
sx3226771a,x3226771a,0
sx3189190a,x3189190a,0
sx2896685a,x2896685a,0
sx2896685b,x2896685b,0
sx2896685c,x2896685c,0
sx2937757c,sx2937757c,1
sx2806553c,sx2806553c,1
sx2862616c,sx2862616c,1
sx2746587c,sx2746587c,1
sx2727795c,x2727795c,0
sx3177665a,sx3177665a,1
sx3046854b,sx3046854b,1
sx3102793b,sx3102793b,1
sx2803199a,sx2803199a,1
sx2803199b,sx2803199b,1
sx2803199c,sx2803199c,1
sx3215203a,sx3215203a,1
sx3215203b,sx3215203b,1
sx3215203c,sx3215203c,1
sx3065665a,x3065665a,0
sx3177881c,sx3177881c,1
sx3047058a,sx3047058a,1
sx3177894a,x3177894a,0
sx3140238a,x3140238a,0
sx2821770a,sx2821770a,1
sx2915534a,sx2915534a,1
sx2690868c,sx2690868c,1
sx2803194c,sx2803194c,1
sx3047073c,sx3047073c,1
sx3065696a,x3065696a,0
sx2915542a,sx2915542a,1
sx2915542b,sx2915542b,1
sx2915542c,sx2915542c,1
sx3234149a,x3234149a,0
sx3234149b,sx3234149b,1
sx3234149c,sx3234149c,1
sx2859391b,sx2859391b,1
sx2859403a,x2859403a,0
sx3215340a,x3215340a,0
sx3047289a,sx3047289a,1
sx3047289b,sx3047289b,1
sx3047289c,sx3047289c,1
sx3215549b,sx3215549b,1
sx3253570c,sx3253570c,1
sx2972704c,x2972704c,0
sx3159645a,x3159645a,0
sx3091052a,sx3091052a,1
sx2916234a,x2916234a,0
sx3029183b,x3029183b,0
sx3108449a,x3108449a,0
sx3103822c,sx3103822c,1
sx2991640c,x2991640c,0
sx2729206c,sx2729206c,1
sx2897554c,sx2897554c,1
sx2729207c,sx2729207c,1
sx2766499c,sx2766499c,1
sx2878848c,sx2878848c,1
sx3263051c,sx3263051c,1
sx3312692a,x3312692a,0
sx3315860b,x3315860b,0
sx3342743c,x3342743c,0
sx3448661b,x3448661b,0
sx3552667c,sx3552667c,1
sx3626914c,x3626914c,0
sx3632979a,x3632979a,0
sx3645809c,sx3645809c,1
sx3645810c,sx3645810c,1
sx3645811c,sx3645811c,1
sx3645812c,sx3645812c,1
sx3649297a,sx3649297a,1
sx3649298a,sx3649298a,1
sx3649299a,x3649299a,0
sx3649300a,sx3649300a,1
sx3649301a,sx3649301a,1
sx3649302a,sx3649302a,1
sx3649304a,sx3649304a,1
sx3649305a,x3649305a,0
sx3649306a,sx3649306a,1
sx3729297a,x3729297a,0
sx3729298a,sx3729298a,1
sx3727707a,x3727707a,0
sx3727708a,x3727708a,0
sx3727709a,sx3727709a,1
sx3727710a,sx3727710a,1
sx3727711a,x3727711a,0
sx3727712a,x3727712a,0
sx3728037a,x3728037a,0
sx3728038a,x3728038a,0
sx3728039a,sx3728039a,1
sx3728040a,sx3728040a,1
sx3728041a,x3728041a,0
sx3728042a,sx3728042a,1
sx3728043a,sx3728043a,1
sx3778577c,sx3778577c,1
sx3784018a,x3784018a,0
