bus_id,phase,v_re_pu,v_im_pu,v_mag_pu,v_angle_deg
Sourcebus,a,1.0496,0,1.0496,0
Sourcebus,b,-0.5248,-0.908980263812147,1.0496,-120
Sourcebus,c,-0.52485,0.909066866352525,1.0497,120
1,a,0.895516689549655,-0.53739286387104,1.04438557602137,-30.9676540270721
1,b,-0.913376749913457,-0.502794602421852,1.04262145551826,-151.168145404958
1,c,0.0134087007542195,1.04488349108002,1.04496952261178,89.2647794701078
10,a,0.888246100359518,-0.52745065757237,1.03304662575191,-30.7023233509058
10,b,-0.89688512549966,-0.495226302473398,1.02452526518579,-151.094168239038
10,c,0.0141015346732175,1.03786559515597,1.03796138988336,89.221567116032
100,a,0.886066287954428,-0.524469861373186,1.02965144691694,-30.6216358620777
100,b,-0.89194073288758,-0.492957232707289,1.01910014437368,-151.071477069112
100,c,0.0143092548361602,1.03576154331191,1.03586038121836,89.2084975910514
101,a,0.8617241589272,-0.490331107084978,0.991460095341195,-29.6403815355016
101,b,-0.82473037688781,-0.465838063678852,0.947198657164151,-150.540640395623
101,c,0.0185372699029181,1.00381628580198,1.00398743319662,88.9420508167933
102,a,0.873470220460176,-0.5066921393175,1.00979559816672,-30.1176308119087
102,b,-0.858352067212076,-0.478937825539875,0.982929149033697,-150.8396345999
102,c,0.0163699159834274,1.02045990625851,1.02059119848763,89.0809568810291
103,a,0.886066287954429,-0.524469861373186,1.02965144691694,-30.6216358620777
103,b,-0.891940732887579,-0.492957232707289,1.01910014437368,-151.071477069112
103,c,0.0143092548361602,1.03576154331191,1.03586038121836,89.2084975910514
104,a,0.861726256540531,-0.49033051001953,0.991461623194448,-29.6402915969113
104,b,-0.824715018233389,-0.465827721023065,0.947180197730739,-150.540728223559
104,c,0.0185453610909411,1.00380988416486,1.00398118207716,88.941582397536
105,a,0.861573102323629,-0.490148202243113,0.991238352168498,-29.6355108088277
105,b,-0.824392265026343,-0.465700125557643,0.946836423876727,-150.537845785135
105,c,0.0185440348448105,1.00363059988604,1.00380190389137,88.9414690569426
106,a,0.873470220460176,-0.5066921393175,1.00979559816673,-30.1176308119086
106,b,-0.858352067212076,-0.478937825539875,0.982929149033697,-150.8396345999
106,c,0.0163699159834281,1.02045990625851,1.02059119848763,89.0809568810291
107,a,0.861728794363165,-0.49032978765274,0.991463471689288,-29.6401827840002
107,b,-0.824696436381223,-0.465815207836977,0.947157864366915,-150.540834487817
107,c,0.018555150311765,1.00380213906744,1.00397361917506,88.9410156670846
108,a,0.861487445739961,-0.490044486129284,0.991112615979272,-29.6327478969891
108,b,-0.824200538837176,-0.465621907803893,0.946631020644489,-150.536260152195
108,c,0.0185478709022722,1.00352530676532,1.00369669962267,88.9411390747074
109,a,0.873470220460178,-0.506692139317499,1.00979559816673,-30.1176308119085
109,b,-0.858352067212076,-0.478937825539875,0.982929149033697,-150.8396345999
109,c,0.0163699159834291,1.02045990625851,1.02059119848764,89.080956881029
11,a,0.888106321414025,-0.527259516101443,1.0328288509986,-30.6971652412604
11,b,-0.896568069782476,-0.495080799962073,1.02417737831128,-151.092720396938
11,c,0.0141148545833466,1.03773067430345,1.03782666255507,89.2207306297205
110,a,0.861731735880715,-0.490328950378078,0.991465614231204,-29.6400566625782
110,b,-0.824674898688429,-0.465800704161271,0.947131978408451,-150.540957661946
110,c,0.0185664967173287,1.00379316194679,1.00396485335469,88.9403587753618
111,a,0.858107665497836,-0.48595212501356,0.986153250459248,-29.5231685539978
111,b,-0.816635534977634,-0.462535643942009,0.938526940958572,-150.473141360891
111,c,0.0186992314943174,0.999370721165552,0.999545646572198,88.9280634134647
112,a,0.873470220460209,-0.506692139317477,1.00979559816674,-30.1176308119066
112,b,-0.858352067212073,-0.478937825539876,0.982929149033695,-150.8396345999
112,c,0.0163699159834559,1.02045990625857,1.02059119848769,89.0809568810275
113,a,0.861736220822126,-0.490327673782667,0.991468880981103,-29.6398643658837
113,b,-0.824642060097925,-0.465778590359581,0.947092510011513,-150.541145478902
113,c,0.0185837966189277,1.00377947450164,1.00395148833375,88.9393571883297
114,a,0.857769085081359,-0.485542159503475,0.985656629854743,-29.5121303311139
114,b,-0.815877686249634,-0.462226467478199,0.937715151929108,-150.466758112311
114,c,0.0187143945311486,0.998954522116535,0.999129804289584,88.9267475294512
115,a,0.873470220460237,-0.506692139317457,1.00979559816676,-30.1176308119048
115,b,-0.85835206721207,-0.478937825539877,0.982929149033693,-150.8396345999
115,c,0.0163699159834794,1.02045990625861,1.02059119848774,89.0809568810263
116,a,0.861741986822069,-0.490326032546273,0.991473080847189,-29.6396171442862
116,b,-0.824599841639827,-0.465750160070834,0.947041768053783,-150.541386966051
116,c,0.0186060379867677,1.00376187743609,1.003934306239,88.9380694732927
117,a,0.857775206910871,-0.485550662504701,0.9856661460402,-29.5123851737218
117,b,-0.815846382635113,-0.462213646067022,0.93768159556929,-150.466496899133
117,c,0.018734124390816,0.998920198099666,0.999095856055947,88.9255793977391
118,a,0.856575010960309,-0.484360169757451,0.984035326321733,-29.4864868469756
118,b,-0.813979914270861,-0.461093689817921,0.935505580756365,-150.469828358479
118,c,0.0188267177181132,0.997986148278624,0.998163712752593,88.9192600158497
119,a,0.87347022046024,-0.506692139317456,1.00979559816676,-30.1176308119046
119,b,-0.85835206721207,-0.478937825539877,0.982929149033693,-150.8396345999
119,c,0.0163699159834817,1.02045990625862,1.02059119848775,89.0809568810261
12,a,0.887975103375436,-0.527080081288714,1.03262442170711,-30.6923210656013
12,b,-0.896270432472469,-0.494944208903395,1.02385079872577,-151.091360334075
12,c,0.0141273587017253,1.03760401681888,1.03770018694349,89.2199451772242
120,a,0.861746126258822,-0.490324854295438,0.99147609596093,-29.6394396641042
120,b,-0.824569532822833,-0.46572974984134,0.947005340189242,-150.541560346696
120,c,0.0186220051626882,1.00374924442523,1.00392197145022,88.9371449898162
121,a,0.857775206910872,-0.485550662504701,0.985666146040201,-29.5123851737218
121,b,-0.815846382635113,-0.462213646067022,0.937681595569291,-150.466496899133
121,c,0.018734124390816,0.998920198099667,0.999095856055949,88.9255793977391
122,a,0.857778187592894,-0.48555480256493,0.985670779420806,-29.5125092532757
122,b,-0.815831141093205,-0.462207403398923,0.937665257186281,-150.466369709238
122,c,0.0187437307409946,0.998903485941995,0.999079327015207,88.9250106126884
123,a,0.854421653307498,-0.482228604706109,0.981112016457611,-29.4400279387821
123,b,-0.810557528891482,-0.459050872374103,0.931520912846347,-150.475401966272
123,c,0.0190292780030852,0.996239811784191,0.996421535297746,88.9057205566386
124,a,0.873470220460242,-0.506692139317454,1.00979559816676,-30.1176308119045
124,b,-0.85835206721207,-0.478937825539878,0.982929149033693,-150.8396345999
124,c,0.0163699159834832,1.02045990625862,1.02059119848775,89.080956881026
125,a,0.861751975252621,-0.490323189435642,0.991480356310771,-29.6391888877477
125,b,-0.824526706686509,-0.465700910336621,0.946953867898357,-150.541805355019
125,c,0.0186445666652649,1.00373139407346,1.00390454292965,88.9358386627098
126,a,0.857775206910873,-0.485550662504702,0.985666146040202,-29.5123851737218
126,b,-0.815846382635114,-0.462213646067023,0.937681595569291,-150.466496899133
126,c,0.0187341243908161,0.998920198099668,0.99909585605595,88.9255793977391
127,a,0.857792189838255,-0.485574251180613,0.985692545552173,-29.5130921218319
127,b,-0.815759541436546,-0.462178077436021,0.937588504999512,-150.465772154407
127,c,0.0187888581551836,0.998824977825261,0.999001680438231,88.9223383992256
128,a,0.853453289115774,-0.481270040639728,0.979797616204438,-29.4190450235441
128,b,-0.809018483370017,-0.458132218076133,0.929729011956537,-150.477923988775
128,c,0.019120369293181,0.995454484866619,0.995638096882082,88.899616421497
129,a,0.873470220460244,-0.506692139317454,1.00979559816676,-30.1176308119045
129,b,-0.85835206721207,-0.478937825539878,0.982929149033693,-150.8396345999
129,c,0.0163699159834849,1.02045990625862,1.02059119848775,89.080956881026
13,a,0.887894416260161,-0.526969745258892,1.03249872002061,-30.6893413873645
13,b,-0.896087412697132,-0.494860217871251,1.02364998237963,-151.090523588692
13,c,0.014135047593069,1.03752613402801,1.03762241608476,89.2194621005698
130,a,0.861758303443196,-0.490321388177096,0.991484965724246,-29.6389175681955
130,b,-0.824480371887471,-0.465669708066928,0.946898178601501,-150.542070466399
130,c,0.0186689765882139,1.00371208127681,1.00388568711177,88.9344252596602
131,a,0.857775206910873,-0.485550662504702,0.985666146040202,-29.5123851737218
131,b,-0.815846382635114,-0.462213646067023,0.937681595569292,-150.466496899133
131,c,0.0187341243908161,0.998920198099669,0.99909585605595,88.9255793977391
132,a,0.857640970007659,-0.485433562702931,0.9854916423969,-29.510304988165
132,b,-0.815761538757145,-0.462175916945594,0.937589177795864,-150.465947192424
132,c,0.0187868608345967,0.998827138315687,0.999003802983714,88.922455261582
133,a,0.857886358240694,-0.48565396588678,0.985813764479396,-29.5144278254643
133,b,-0.815538350936119,-0.462112864726998,0.937363910972573,-150.462575634575
133,c,0.0189349050891344,0.99858409491959,0.998763598283954,88.913701753053
134,a,0.853165174147377,-0.480984841478036,0.979406571404121,-29.4127911585919
134,b,-0.808560575017386,-0.457858893167705,0.929195872529146,-150.478676237385
134,c,0.019147471456181,0.995220828519171,0.99540500459941,88.8977984187938
135,a,0.87347022046025,-0.506692139317451,1.00979559816676,-30.1176308119041
135,b,-0.858352067212068,-0.478937825539878,0.982929149033692,-150.8396345999
135,c,0.0163699159834902,1.02045990625863,1.02059119848776,89.0809568810257
136,a,0.861764271436073,-0.490319689445357,0.991489312792396,-29.6386616943388
136,b,-0.824436674443892,-0.46564028181608,0.946845659132397,-150.542320516336
136,c,0.0186919971095714,1.00369386775567,1.00386790511814,88.933092258214
137,a,0.857775206910873,-0.485550662504702,0.985666146040203,-29.5123851737218
137,b,-0.815846382635115,-0.462213646067023,0.937681595569292,-150.466496899133
137,c,0.0187341243908161,0.99892019809967,0.999095856055951,88.9255793977391
138,a,0.857627947024865,-0.485421446675443,0.985474340817946,-29.5100649083388
138,b,-0.815761710765483,-0.462175730885144,0.937589235737188,-150.465962266607
138,c,0.0187866888262594,0.998827324376136,0.999003985776556,88.9224653256916
139,a,0.85795641453652,-0.485713269399343,0.985903945278119,-29.5154213050385
139,b,-0.81537379693785,-0.462064349930988,0.937196826824543,-150.46019659955
139,c,0.0190435562602753,0.99840489081649,0.998586492518964,88.9072738750371
14,a,0.887693541505578,-0.526695057995173,1.03218579129305,-30.6819201716453
14,b,-0.895631775482574,-0.494651117844416,1.02315004062884,-151.088439040965
14,c,0.0141541894864977,1.03733224078434,1.03742880182241,89.2182591416016
140,a,0.852839949330832,-0.480662908030579,0.978965173196181,-29.4057257791367
140,b,-0.808043687051419,-0.457550363403718,0.928594063751501,-150.479526415127
140,c,0.0191780644379991,0.994957076714965,0.995141890717488,88.8957452300343
141,a,0.873470220460256,-0.506692139317449,1.00979559816677,-30.1176308119038
141,b,-0.858352067212067,-0.478937825539879,0.982929149033691,-150.839634599899
141,c,0.0163699159834943,1.02045990625864,1.02059119848777,89.0809568810254
142,a,0.861774083768355,-0.490316896459404,0.991496460108845,-29.6382410017795
142,b,-0.82436482887619,-0.465591900365716,0.946759308786678,-150.542731698621
142,c,0.0187298465188337,1.00366392182156,1.00383866986526,88.9309004885485
143,a,0.857775206910874,-0.485550662504702,0.985666146040203,-29.5123851737218
143,b,-0.815846382635115,-0.462213646067023,0.937681595569292,-150.466496899133
143,c,0.0187341243908162,0.99892019809967,0.999095856055952,88.9255793977391
144,a,0.857615169004583,-0.485409558550624,0.985457364698784,-29.5098293362242
144,b,-0.815761879538342,-0.462175548324495,0.937589292588698,-150.465977057242
144,c,0.0187865200534015,0.998827506936786,0.999004165131093,88.9224752004916
145,a,0.858003329506959,-0.485752983496497,0.985964337296626,-29.51608651216
145,b,-0.815263599190834,-0.462031860770752,0.937084935602359,-150.458602944275
145,c,0.0191163172651506,0.99828488225623,0.99846789619252,88.9029680091182
146,a,0.852534081345563,-0.480360135517674,0.978550059859117,-29.3990751029689
146,b,-0.80755756338337,-0.457260196809703,0.928028073801721,-150.480326997886
146,c,0.0192068365772579,0.994709022972263,0.99489443809569,88.8938132526424
147,a,0.873470220460257,-0.506692139317448,1.00979559816677,-30.1176308119038
147,b,-0.858352067212066,-0.478937825539878,0.98292914903369,-150.839634599899
147,c,0.016369915983495,1.02045990625864,1.02059119848777,89.0809568810254
148,a,0.861820739262593,-0.490303616421967,0.991530444766867,-29.6362407836361
148,b,-0.824023218912988,-0.465361857149316,0.946348732443375,-150.544687807083
148,c,0.0189098121829487,1.00352153545344,1.00369968273166,88.9204773563829
149,a,0.857775206910874,-0.485550662504702,0.985666146040204,-29.5123851737217
149,b,-0.815846382635115,-0.462213646067023,0.937681595569293,-150.466496899133
149,c,0.0187341243908162,0.998920198099671,0.999095856055953,88.9255793977391
15,a,0.886066287954435,-0.524469861373188,1.02965144691695,-30.6216358620776
15,b,-0.891940732887587,-0.492957232707294,1.01910014437369,-151.071477069112
15,c,0.0143092548361592,1.03576154331192,1.03586038121837,89.2084975910515
150,a,0.857604851294379,-0.485399959393317,0.985443657213687,-29.5096391157959
150,b,-0.815762015815277,-0.462175400914502,0.93758933849393,-150.465989000052
150,c,0.0187863837764667,0.998827654346778,0.999004309952307,88.9224831739717
151,a,0.857986203624863,-0.485808245823108,0.985976661650939,-29.5193713703782
151,b,-0.815280725072931,-0.462087123097375,0.937127083168474,-150.456179713335
151,c,0.0191250020040439,0.998149435483534,0.998332640585167,88.9023208420165
152,a,0.858023465667649,-0.485748854058543,0.985979825785249,-29.5153012098498
152,b,-0.81387587137393,-0.461636481186155,0.935682731895064,-150.437768483598
152,c,0.0191364534258559,0.998289011694183,0.998472410594839,88.9018172755648
153,a,0.852177191810423,-0.480006857807721,0.9780657185406,-29.3913078974203
153,b,-0.806990349885173,-0.456921627800069,0.927367671832083,-150.48126236043
153,c,0.019240408169904,0.994419591618913,0.994605709566394,88.8915577886844
154,a,0.873470220460257,-0.506692139317448,1.00979559816677,-30.1176308119038
154,b,-0.858352067212066,-0.478937825539878,0.98292914903369,-150.839634599899
154,c,0.0163699159834952,1.02045990625864,1.02059119848777,89.0809568810254
155,a,0.861830902918559,-0.490300723435108,0.991537848307572,-29.6358050647393
155,b,-0.823948800965063,-0.465311743435014,0.946259290675816,-150.545114160277
155,c,0.0189490167637956,1.00349051732614,1.0036694095168,88.9182063485199
156,a,0.857775206910874,-0.485550662504703,0.985666146040204,-29.5123851737218
156,b,-0.815846382635116,-0.462213646067024,0.937681595569293,-150.466496899133
156,c,0.0187341243908162,0.998920198099672,0.999095856055953,88.9255793977391
157,a,0.857589365231333,-0.485385551821066,0.985423083388309,-29.5093536001179
157,b,-0.815762220356127,-0.462175179663818,0.937589407394112,-150.466006925258
157,c,0.0187861792356178,0.998827875597462,0.999004527317475,88.9224951415274
158,a,0.857940784766999,-0.485954804799961,0.986009362265279,-29.5280826119588
158,b,-0.815326143930799,-0.462233682074258,0.937238869136888,-150.449754216257
158,c,0.0191480344481065,0.997790222586763,0.997973935287374,88.9006036668539
159,a,0.858024691283868,-0.485748602714396,0.985980768520241,-29.5152534120981
159,b,-0.813791405335607,-0.461612415842261,0.935597388761763,-150.436498348141
159,c,0.0191376790420762,0.99828926303833,0.998472685383396,88.9017472348572
16,a,0.886066287954433,-0.524469861373188,1.02965144691695,-30.6216358620776
16,b,-0.891940732887586,-0.492957232707293,1.01910014437369,-151.071477069112
16,c,0.0143092548361593,1.03576154331192,1.03586038121837,89.2084975910515
160,a,0.852074498692216,-0.479905203973534,0.977926355163041,-29.3890714987677
160,b,-0.806827137134214,-0.456824206318338,0.927177644626191,-150.481531753032
160,c,0.0192500682220841,0.99433630924368,0.994522629710807,88.8909085479621
161,a,0.873470220460258,-0.506692139317448,1.00979559816677,-30.1176308119038
161,b,-0.858352067212066,-0.478937825539878,0.98292914903369,-150.839634599899
161,c,0.0163699159834955,1.02045990625864,1.02059119848777,89.0809568810254
162,a,0.86188558665501,-0.490289637012631,0.991579897257719,-29.6336858141346
162,b,-0.82017947572422,-0.464246963733148,0.94245403905692,-150.488796116605
162,c,0.019003700500246,1.00350160374861,1.00368152785569,88.9150971985891
163,a,0.861756984553111,-0.490316916854919,0.991481608190583,-29.6387306783721
163,b,-0.823890926913075,-0.465275666020247,0.94619115660646,-150.545293115026
163,c,0.0189849272564585,1.00334607664969,1.00352567330949,88.9160007261588
164,a,0.857775206910874,-0.485550662504703,0.985666146040204,-29.5123851737217
164,b,-0.815846382635116,-0.462213646067024,0.937681595569294,-150.466496899133
164,c,0.0187341243908162,0.998920198099672,0.999095856055954,88.9255793977391
165,a,0.857570695051369,-0.485368181882302,0.9853982793747,-29.509009363203
165,b,-0.815762466952985,-0.462174912921388,0.937589490461104,-150.466028536095
165,c,0.0187859326387617,0.998828142339892,0.99900478937554,88.9225095697465
166,a,0.857925008315985,-0.486005712740575,0.986020726308762,-29.5311083669049
166,b,-0.815341920381814,-0.462284590014884,0.937277701269551,-150.447522648703
166,c,0.0191560348744177,0.997665448320392,0.997849337547727,88.9000069091974
167,a,0.858025810949209,-0.485748373098203,0.985981629759195,-29.5152097463998
167,b,-0.813714241135194,-0.461590430875805,0.93551942369057,-150.435337809566
167,c,0.0191387987074179,0.998289492654523,0.998472936418603,88.9016832489943
168,a,0.851491082621638,-0.479327692242114,0.977134637772257,-29.3763540528148
168,b,-0.805899899326115,-0.456270739259845,0.926098069989657,-150.483064313733
168,c,0.0193049485274344,0.993863168716301,0.994050642154842,88.887218047729
169,a,0.873470220460258,-0.506692139317448,1.00979559816677,-30.1176308119038
169,b,-0.858352067212066,-0.478937825539878,0.98292914903369,-150.839634599899
169,c,0.0163699159834954,1.02045990625864,1.02059119848777,89.0809568810254
17,a,0.884092964850973,-0.521771430080274,1.02657965874402,-30.5481315995347
17,b,-0.887464712771708,-0.490903107415423,1.0141890737358,-151.050726036526
17,c,0.0144972980804444,1.03385680412195,1.03395844359475,89.1966203109617
170,a,0.861895917336872,-0.490287542600086,0.991587841167287,-29.6332854720694
170,b,-0.819467386492069,-0.464045808854791,0.941735265475302,-150.478105577132
170,c,0.0190140311821087,1.00350369816116,1.0036838175466,88.9145098360608
171,a,0.861658850103668,-0.490338415332708,0.991406947480683,-29.6426152527849
171,b,-0.823814092986966,-0.465227769435765,0.946100701436224,-150.545530736211
171,c,0.0190326022341907,1.00315431637234,1.00333485058791,88.9130715527581
172,a,0.857775206910875,-0.485550662504703,0.985666146040204,-29.5123851737217
172,b,-0.815846382635117,-0.462213646067024,0.937681595569294,-150.466496899133
172,c,0.0187341243908162,0.998920198099672,0.999095856055954,88.9255793977391
173,a,0.857556590117834,-0.485355059254014,0.98537954048072,-29.5087492878652
173,b,-0.815762653251794,-0.462174711403018,0.937589553216582,-150.466044862631
173,c,0.0187857463399541,0.998828343858262,0.999004987355012,88.9225204699617
174,a,0.857925008315967,-0.486005712740598,0.986020726308757,-29.5311083669066
174,b,-0.815341920381831,-0.462284590014918,0.937277701269583,-150.447522648701
174,c,0.0191560348744018,0.997665448320367,0.997849337547702,88.9000069091983
175,a,0.857920109191843,-0.486019675266166,0.98602334581975,-29.5319546152815
175,b,-0.815346819505991,-0.462298552540476,0.937288849693388,-150.446927878502
175,c,0.0188868183183651,0.99666220415419,0.996841141353867,88.9143709192015
176,a,0.858026276073567,-0.485748277712484,0.985981987529852,-29.5151916070916
176,b,-0.813682186066765,-0.461581298018853,0.935487036042274,-150.434855649035
176,c,0.0191392638317754,0.998289588040242,0.998473040702441,88.9016566683977
177,a,0.851161565723369,-0.479001510150038,0.976687492338606,-29.369162052036
177,b,-0.805376189846909,-0.455958137743353,0.925488320048779,-150.483931493223
177,c,0.0193359452532828,0.993595936106693,0.993784062574246,88.8851320819375
178,a,0.861917231615712,-0.490283221404876,0.991604231206803,-29.6324595059693
178,b,-0.817998202884031,-0.463630785797825,0.94025239455213,-150.455997192219
178,c,0.0190353454609479,1.00350801935637,1.00368854197373,88.9132979972502
179,a,0.861647803344285,-0.490324314309713,0.991390372260757,-29.6422227211789
179,b,-0.823795665770319,-0.465201978595136,0.94607197391678,-150.546342024053
179,c,0.0190378306665613,1.00316544460014,1.00334607600583,88.9127850929303
18,a,0.886066287954433,-0.524469861373188,1.02965144691695,-30.6216358620776
18,b,-0.891940732887585,-0.492957232707293,1.01910014437369,-151.071477069112
18,c,0.0143092548361594,1.03576154331192,1.03586038121837,89.2084975910515
180,a,0.861656118187294,-0.490346211500081,0.991408429025131,-29.64308493295
180,b,-0.823816824903351,-0.46523556560313,0.946106913882307,-150.545200982534
180,c,0.0188825318508443,1.00259416013816,1.00277195810026,88.9210375107042
181,a,0.857775206910875,-0.485550662504703,0.985666146040205,-29.5123851737217
181,b,-0.815846382635117,-0.462213646067024,0.937681595569295,-150.466496899133
181,c,0.0187341243908163,0.998920198099673,0.999095856055955,88.9255793977391
182,a,0.857540268253778,-0.485339874088167,0.985357856342902,-29.5084483230687
182,b,-0.815762868831954,-0.462174478211174,0.937589625835691,-150.466063755273
182,c,0.0187855307597953,0.998828577050104,0.999005216451778,88.9225330834031
183,a,0.857925008315964,-0.486005712740602,0.986020726308756,-29.5311083669069
183,b,-0.815341920381834,-0.462284590014923,0.937277701269587,-150.447522648701
183,c,0.0191560348743996,0.997665448320363,0.997849337547698,88.9000069091984
184,a,0.857919580081775,-0.486021183232213,0.986023628742298,-29.5320460106422
184,b,-0.815347348616062,-0.462300060506524,0.937290053739811,-150.446863643601
184,c,0.0188577426741891,0.996553852829793,0.996732258958578,88.9159239845665
185,a,0.858027278643567,-0.485748072109704,0.985982758700567,-29.515152508074
185,b,-0.813613091749436,-0.461561612254721,0.935417225078336,-150.433816244221
185,c,0.0191402664017755,0.998289793643022,0.99847326548574,88.9015993742579
186,a,0.850916956262189,-0.478759376207263,0.97635557393855,-29.3638189719489
186,b,-0.80498742588914,-0.455726085035541,0.92503568602592,-150.484575963733
186,c,0.0193589549758428,0.993397561986916,0.993586174068111,88.8835828882718
187,a,0.861604331382989,-0.490268823001843,0.991325144776193,-29.6406778765509
187,b,-0.823723149729991,-0.465100484719258,0.945958925264298,-150.549535137826
187,c,0.0190584059503878,1.00320923716154,1.00339025127993,88.9116578589117
188,a,0.861644811364648,-0.490378478183887,0.991414561531938,-29.6450288246427
188,b,-0.823828131726041,-0.465267832286903,0.946132626212717,-150.543836248033
188,c,0.018261422352267,1.00027579224984,1.00044247216288,88.9541022412581
189,a,0.857775206910875,-0.485550662504703,0.985666146040205,-29.5123851737217
189,b,-0.815846382635117,-0.462213646067024,0.937681595569295,-150.466496899133
189,c,0.0187341243908163,0.998920198099673,0.999095856055955,88.9255793977391
19,a,0.883957188186228,-0.521585761549685,1.02636836330699,-30.543057881606
19,b,-0.887156735288648,-0.490761771067305,1.01385116704037,-151.049290846868
19,c,0.0145102366025201,1.03372574644874,1.03382758032337,89.1958014747516
190,a,0.857524921490901,-0.485325596114848,0.985337467684147,-29.5081653264349
190,b,-0.815763071532919,-0.462174258950684,0.937589694116481,-150.466081519228
190,c,0.0187853280588314,0.998828796310594,0.999005431861884,88.9225449432868
191,a,0.857925008315964,-0.486005712740601,0.986020726308756,-29.5311083669068
191,b,-0.815341920381834,-0.462284590014923,0.937277701269587,-150.447522648701
191,c,0.0191560348743995,0.997665448320364,0.997849337547699,88.9000069091984
192,a,0.857925008315963,-0.486005712740603,0.986020726308756,-29.531108366907
192,b,-0.815341920381835,-0.462284590014926,0.93727770126959,-150.447522648701
192,c,0.0191560348743987,0.997665448320362,0.997849337547697,88.9000069091984
193,a,0.857919068286723,-0.486022641850387,0.986023902408653,-29.532134415059
193,b,-0.815347860411118,-0.462301519124698,0.937291218385189,-150.44680151093
193,c,0.0188296185243699,0.996449047279758,0.996626940413769,88.9174265490639
194,a,0.858029832177468,-0.485747548441865,0.985984722865307,-29.5150529236162
194,b,-0.813437109342629,-0.461511472846941,0.935239418772031,-150.431168191561
194,c,0.0191428199356757,0.998290317310861,0.998473838010646,88.9014534468798
195,a,0.850697040969832,-0.478541686521189,0.97605717109879,-29.3590121920935
195,b,-0.804637908993848,-0.455517458848989,0.924628747068916,-150.485155911365
195,c,0.019379641787544,0.993219214418771,0.993408263709566,88.8821895641656
196,a,0.861526714297859,-0.490169745954509,0.991208686048489,-29.6379191255763
196,b,-0.823593675845959,-0.46491927231086,0.94575708966918,-150.55523818626
196,c,0.0190951421248954,1.00328742666265,1.00346912506171,88.9096454838652
197,a,0.861643020327062,-0.490383546534892,0.991415511877074,-29.6453345916516
197,b,-0.823829922763627,-0.465272900637909,0.9461366781331,-150.543622333097
197,c,0.01816281061457,0.999911551001025,1.00007649583154,88.9593699954049
198,a,0.861644569298714,-0.490379193710743,0.991414705068653,-29.6450716831975
198,b,-0.82382837379198,-0.465268547813756,0.946133188853166,-150.543805727215
198,c,0.0182482557182398,1.00022442726194,1.0003908754723,88.9548025148698
199,a,0.857775206910875,-0.485550662504703,0.985666146040205,-29.5123851737217
199,b,-0.815846382635117,-0.462213646067025,0.937681595569295,-150.466496899133
199,c,0.0187341243908163,0.998920198099674,0.999095856055955,88.9255793977391
2,a,0.894893355611902,-0.536540482524778,1.04341257770177,-30.945132338689
2,b,-0.911962863237046,-0.502145744662806,1.04106993655877,-151.161903868617
2,c,0.0134680999148111,1.04428182145098,1.04436866686448,89.2610974477874
20,a,0.886066287954433,-0.524469861373187,1.02965144691694,-30.6216358620776
20,b,-0.891940732887585,-0.492957232707293,1.01910014437369,-151.071477069112
20,c,0.0143092548361594,1.03576154331192,1.03586038121837,89.2084975910515
200,a,0.85750840927633,-0.485310233855005,0.985315530712889,-29.5078608256155
200,b,-0.81576328962724,-0.462174023039287,0.937589767582697,-150.466100632196
200,c,0.0187851099645117,0.99882903222199,0.999005663630541,88.9225577038187
201,a,0.857925008315964,-0.486005712740601,0.986020726308756,-29.5311083669068
201,b,-0.815341920381834,-0.462284590014923,0.937277701269587,-150.447522648701
201,c,0.0191560348743995,0.997665448320364,0.9978493375477,88.9000069091984
202,a,0.857925008315962,-0.486005712740604,0.986020726308756,-29.531108366907
202,b,-0.815341920381835,-0.462284590014927,0.937277701269591,-150.447522648701
202,c,0.0191560348743982,0.997665448320361,0.997849337547696,88.9000069091985
203,a,0.857918658901951,-0.486023808598809,0.986024121316012,-29.5322051297012
203,b,-0.815348269795893,-0.46230268587312,0.937292149985615,-150.446751811129
203,c,0.0188071220218598,0.996365213338659,0.996542696621744,88.9186286787674
204,a,0.858031330322894,-0.485747241208591,0.985985875232212,-29.5149944981031
204,b,-0.813333861354568,-0.461482056309972,0.935135101641475,-150.429614123749
204,c,0.0191443180811008,0.998290624544134,0.998474173911127,88.9013678321029
205,a,0.850423843761887,-0.478271254147903,0.975686479655709,-29.3530367122993
205,b,-0.804203709812427,-0.455258285914449,0.924123213521786,-150.485877082296
205,c,0.019405340678865,0.992997656121761,0.99318724936951,88.8804579649451
206,a,0.861179677408809,-0.4898436797684,0.990745813713582,-29.6314541720118
206,b,-0.823598256103615,-0.464914268740195,0.945758618641748,-150.555638561946
206,c,0.0190905618672391,1.00329243023331,1.00347404057896,88.9099123938603
207,a,0.861550593974986,-0.490164256437114,0.991226726973804,-29.636960740596
207,b,-0.823545928236967,-0.464887267757194,0.94569977669366,-150.555504675299
207,c,0.0191190218020231,1.00329291618004,1.0034750682761,88.9082882286042
208,a,0.861638492141656,-0.490396360578125,0.991417914710248,-29.6461076435602
208,b,-0.823834450949033,-0.465285714681141,0.946146922447479,-150.543081511474
208,c,0.0179134957843968,0.998990659155775,0.999151255021835,88.9727053904092
209,a,0.861644535082453,-0.490379294851175,0.991414725357755,-29.6450777412958
209,b,-0.823828408008242,-0.465268648954188,0.946133268382974,-150.54380141307
209,c,0.0182463946014406,1.00021716676987,1.00038358224088,88.9549015050674
21,a,0.883804726836209,-0.521377277456467,1.02613111278527,-30.5373581980721
21,b,-0.886810912514677,-0.490603066841647,1.01347173801224,-151.047678155705
21,c,0.0145247650529474,1.03357858397554,1.03368063639246,89.1948817701328
210,a,0.857775206910875,-0.485550662504703,0.985666146040205,-29.5123851737218
210,b,-0.815846382635117,-0.462213646067025,0.937681595569295,-150.466496899133
210,c,0.0187341243908163,0.998920198099674,0.999095856055955,88.9255793977391
211,a,0.857483167056884,-0.485286749571143,0.985281995722661,-29.5073953090603
211,b,-0.815763623027989,-0.462173662401576,0.937589879890689,-150.466129850181
211,c,0.0187847765637643,0.9988293928597,0.999006017935341,88.92257721083
212,a,0.857925008315962,-0.486005712740605,0.986020726308756,-29.5311083669071
212,b,-0.815341920381836,-0.462284590014928,0.937277701269592,-150.447522648701
212,c,0.0191560348743978,0.99766544832036,0.997849337547696,88.9000069091985
213,a,0.857918332794715,-0.486024738005882,0.986024295694051,-29.5322614594644
213,b,-0.815348595903131,-0.462303615280193,0.937292892079282,-150.446712221392
213,c,0.0187892017846039,0.996298432997407,0.99647559011588,88.9195864152635
214,a,0.858032379629004,-0.48574702602137,0.985986682354491,-29.514953576758
214,b,-0.813261546115406,-0.461461452868237,0.935062037981055,-150.428525442928
214,c,0.0191453673872107,0.998290839731355,0.998474409178285,88.9013078672587
215,a,0.84991970381265,-0.477772216240577,0.975002458222755,-29.3419980312074
215,b,-0.803402467534268,-0.454780025426191,0.923190335936636,-150.487209956652
215,c,0.0194527637029266,0.992588807182755,0.992779406595527,88.8772605629105
216,a,0.860043779452795,-0.488776421715976,0.989230859304805,-29.6102512098322
216,b,-0.823613247896921,-0.464897891387037,0.945763623495548,-150.556949035837
216,c,0.0190755700739342,1.00330880758647,1.00349012987385,88.9107860075344
217,a,0.861593692708151,-0.490154348797066,0.991259288460463,-29.6352311079152
217,b,-0.823459751968829,-0.464829505011444,0.945596336626654,-150.555985724204
217,c,0.0191621205351884,1.00330282382009,1.00348579618686,88.9058386556797
218,a,0.861644507488005,-0.490379376418077,0.991414741720351,-29.6450826269809
218,b,-0.82382843560269,-0.46526873052109,0.946133332521523,-150.543797933834
218,c,0.0182448936632923,1.00021131138803,1.00037770045785,88.9549813389181
219,a,0.857775206910875,-0.485550662504703,0.985666146040205,-29.5123851737218
219,b,-0.815846382635117,-0.462213646067025,0.937681595569295,-150.466496899133
219,c,0.0187341243908163,0.998920198099674,0.999095856055955,88.9255793977391
22,a,0.886066287954432,-0.524469861373187,1.02965144691694,-30.6216358620776
22,b,-0.891940732887585,-0.492957232707293,1.01910014437369,-151.071477069112
22,c,0.0143092548361595,1.03576154331192,1.03586038121836,89.2084975910515
220,a,0.857414233260453,-0.48522261650842,0.985190415589234,-29.5061238717843
220,b,-0.815764533509708,-0.462172677538633,0.937590186593024,-150.466209641333
220,c,0.0187838660820494,0.99883037772264,0.999006985504375,88.922630482317
221,a,0.857925008315962,-0.486005712740605,0.986020726308756,-29.5311083669071
221,b,-0.815341920381836,-0.462284590014929,0.937277701269592,-150.447522648701
221,c,0.0191560348743975,0.99766544832036,0.997849337547695,88.9000069091985
222,a,0.857917643351793,-0.486026702921274,0.986024664360288,-29.5323805495393
222,b,-0.815349285346057,-0.462305580195585,0.937294460985609,-150.446628522552
222,c,0.0187513155331945,0.99615724866141,0.996333717132416,88.9216116482945
223,a,0.858034398071725,-0.485746612087746,0.985988234934389,-29.5148748607448
223,b,-0.813122440694433,-0.461421820137027,0.934921493848248,-150.426430780633
223,c,0.0191473858299324,0.998291253664979,0.998474861740702,88.9011925191074
224,a,0.849480173738986,-0.47733713433822,0.974406129595787,-29.3323614064491
224,b,-0.802703911353441,-0.454363058137737,0.922377015055335,-150.488374211626
224,c,0.0194941090581017,0.992232355755823,0.992423834909621,88.8744707911183
225,a,0.859554112806759,-0.488316344586496,0.98857782962867,-29.6010909221139
225,b,-0.82361971060874,-0.464890831383496,0.94576578115708,-150.557513954975
225,c,0.0190691073621151,1.00331586759001,1.00349706577223,88.911162599164
226,a,0.861609081361626,-0.490150811216533,0.991270914947599,-29.6346135600313
226,b,-0.823428982230818,-0.464808880486944,0.945559402764949,-150.556157511013
226,c,0.0191775091886626,1.00330636140062,1.00348962709419,88.9049640341022
227,a,0.861644485435958,-0.4903794416021,0.99141475479649,-29.6450865313659
227,b,-0.823828457654737,-0.465268795705113,0.946133383777715,-150.543795153411
227,c,0.018243694191652,1.00020663207165,1.00037300004442,88.9550451386509
228,a,0.857408355743118,-0.485217148317091,0.985182607194771,-29.5060154540138
228,b,-0.81576461114031,-0.462172593566049,0.937590212743536,-150.466216444581
228,c,0.0187837884514481,0.998830461695223,0.999007068002465,88.9226350244107
229,a,0.857925008315962,-0.486005712740606,0.986020726308756,-29.5311083669071
229,b,-0.815341920381836,-0.462284590014929,0.937277701269592,-150.447522648701
229,c,0.0191560348743972,0.99766544832036,0.997849337547695,88.9000069091985
23,a,0.883556488920947,-0.521037823183898,1.02574484268873,-30.5280723192254
23,b,-0.886247843091182,-0.490344664262138,1.01285395252925,-151.045049783059
23,c,0.0145484203088247,1.0333389737035,1.03344138252157,89.1933837453863
230,a,0.857917100399033,-0.486028250339052,0.986024954696749,-29.5324743357535
230,b,-0.81534982829882,-0.462307127613364,0.937295696538202,-150.446562607916
230,c,0.0187214792057777,0.996046062626418,0.99622198964751,88.9232069736594
231,a,0.858035402721502,-0.485746406058455,0.985989007708583,-29.514835681115
231,b,-0.813053203044731,-0.461402093535857,0.93485154056704,-150.425387958944
231,c,0.019148390479709,0.998291459694269,0.998475086998408,88.9011351063235
232,a,0.849181184843603,-0.477041171296823,0.974000494766112,-29.3257993805043
232,b,-0.802228720795653,-0.454079417503214,0.921823756403299,-150.489167366356
232,c,0.0195222341007639,0.991989880838219,0.992181959778401,88.8725719152508
233,a,0.86163818101747,-0.490145244433448,0.991293455858465,-29.6335022325415
233,b,-0.821421398936371,-0.464265559488126,0.943544182514739,-150.524962149371
233,c,0.0192066088445074,1.00331192818371,1.00349574939758,88.9033089324082
234,a,0.861609081361625,-0.490150811216533,0.991270914947599,-29.6346135600313
234,b,-0.823428982230818,-0.464808880486944,0.945559402764949,-150.556157511013
234,c,0.0191775091886627,1.00330636140062,1.00348962709419,88.9049640341022
235,a,0.861644451773296,-0.490379541106139,0.991414774757352,-29.6450924914472
235,b,-0.823828491317399,-0.465268895209152,0.946133462020791,-150.543790909068
235,c,0.0182418631866252,1.00019948905006,1.00036582482036,88.9551425307144
236,a,0.85740564097279,-0.485214622610619,0.985179000571534,-29.5059653762786
236,b,-0.815764646997159,-0.462172554779897,0.937590224822218,-150.466219586937
236,c,0.0187837525945989,0.998830500481375,0.999007106107564,88.9226371223611
237,a,0.857925008315962,-0.486005712740606,0.986020726308757,-29.5311083669072
237,b,-0.815341920381836,-0.46228459001493,0.937277701269593,-150.447522648701
237,c,0.0191560348743967,0.99766544832036,0.997849337547695,88.9000069091986
238,a,0.857916723779957,-0.486029323705094,0.986025156090131,-29.5325393905104
238,b,-0.815350204917898,-0.462308200979405,0.937296553579747,-150.446516886343
238,c,0.0187007832430598,0.995968938454841,0.996144490353064,88.9243137809971
239,a,0.858036116084844,-0.485746259764944,0.985989556426231,-29.5148078611972
239,b,-0.813004040040515,-0.461388086431619,0.934801869608331,-150.424647396433
239,c,0.0191491038430513,0.99829160598778,0.998475246945889,88.9010943397194
24,a,0.886066287954432,-0.524469861373187,1.02965144691694,-30.6216358620776
24,b,-0.891940732887584,-0.492957232707292,1.01910014437369,-151.071477069112
24,c,0.0143092548361595,1.03576154331192,1.03586038121837,89.2084975910515
240,a,0.848984774741571,-0.476846748921758,0.973734034375016,-29.3214857160222
240,b,-0.801916561289461,-0.453893089894305,0.921460312940343,-150.48968891944
240,c,0.0195407098454628,0.991830595580331,0.992023069122134,88.8713240124709
241,a,0.861642406924834,-0.490144436014621,0.991296729323421,-29.6333408476527
241,b,-0.821129853872283,-0.464186657379377,0.943251551713198,-150.520420815695
241,c,0.0192108347518717,1.00331273660253,1.00349663855975,88.9030685770719
242,a,0.861644412313876,-0.490379657744914,0.991414798155517,-29.6450994778625
242,b,-0.823828530776819,-0.465269011847927,0.946133553737441,-150.543785933844
242,c,0.0182397168799517,1.00019111599009,1.00035741401629,88.9552566956073
243,a,0.85740273719746,-0.485211921061959,0.985175142852444,-29.505911811676
243,b,-0.815764685350398,-0.462172513293415,0.937590237741832,-150.466222948068
243,c,0.0187837142413604,0.998830541967857,0.999007146865579,88.9226393663726
244,a,0.857925008315962,-0.486005712740606,0.986020726308757,-29.5311083669072
244,b,-0.815341920381836,-0.46228459001493,0.937277701269593,-150.447522648701
244,c,0.0191560348743963,0.99766544832036,0.997849337547695,88.9000069091986
245,a,0.857916348058093,-0.486030394514078,0.986025357005004,-29.5326042902622
245,b,-0.815350580639765,-0.462309271788389,0.937297408580175,-150.446471273774
245,c,0.0186801365838853,0.995891998014505,0.996067176053963,88.9254181232273
246,a,0.858044276656966,-0.485744586229621,0.98599583353844,-29.5144896154163
246,b,-0.812441636258308,-0.461227851138304,0.934233666162665,-150.416170074449
246,c,0.0191572644151759,0.998293279523105,0.998477076712765,88.9006279881007
247,a,0.848562066753811,-0.476428318860937,0.973160584973599,-29.3121939628608
247,b,-0.801244740872094,-0.453492081148772,0.920678120973793,-150.490812787231
247,c,0.0195804727944315,0.991487786579445,0.991681110968168,88.8686369567598
248,a,0.861651485972446,-0.490142662288636,0.991303743901896,-29.6329922740975
248,b,-0.820503685812664,-0.464014559189035,0.942621774399235,-150.51079704831
248,c,0.0192199137994834,1.00331451032852,1.00349858580977,88.9025522333024
249,a,0.861646299167037,-0.49014372832443,0.991299762576398,-29.633194059916
249,b,-0.820861133522262,-0.464116568027165,0.942983133064832,-150.516093120562
249,c,0.0192147269940749,1.00331344429272,1.00349742064042,88.9028471595202
25,a,0.883104884050752,-0.520420273674833,1.02504219302723,-30.5111611111736
25,b,-0.885223483481806,-0.489874567406648,1.01173005663542,-151.040259905293
25,c,0.0145914549465786,1.03290306460522,1.03300612361608,89.1906566961811
250,a,0.86164435170655,-0.490379836895147,0.991414834093737,-29.645110208581
250,b,-0.823828591384146,-0.46526919099816,0.946133694608784,-150.543778292197
250,c,0.018236420280324,1.00017825546707,1.00034449552831,88.9554320498439
251,a,0.85739996251223,-0.48520933961322,0.985171456632737,-29.5058606279469
251,b,-0.815764721998607,-0.462172473651254,0.937590250087096,-150.466226159776
251,c,0.0187836775931515,0.998830581610018,0.999007185811659,88.9226415106243
252,a,0.857925008315962,-0.486005712740606,0.986020726308757,-29.5311083669072
252,b,-0.815341920381836,-0.46228459001493,0.937277701269593,-150.447522648701
252,c,0.0191560348743962,0.99766544832036,0.997849337547695,88.9000069091986
253,a,0.857915798393725,-0.486031961059969,0.986025650936801,-29.5326992356632
253,b,-0.815351130304135,-0.46231083833428,0.937298659408822,-150.446404544767
253,c,0.0186499314403518,0.995779437574376,0.995954069341891,88.9270340356582
254,a,0.858046683076109,-0.485744092731447,0.985997684561891,-29.5143957707184
254,b,-0.812275792588659,-0.461180600373122,0.934066116174893,-150.413668281883
254,c,0.0191596708343189,0.998293773021278,0.998477616293695,88.9004904689681
255,a,0.848334850514409,-0.47621744397075,0.972859225448029,-29.3079160204793
255,b,-0.801247742512187,-0.453488842240917,0.920679137874799,-150.491080213629
255,c,0.0195774711543484,0.991491025487286,0.991684289982769,88.868814041267
256,a,0.848301935103456,-0.476167088260285,0.972805874284559,-29.306278785063
256,b,-0.800792154748744,-0.453234853097064,0.92015754475473,-150.490870842636
256,c,0.0196145949677199,0.991252557967235,0.991446602703511,88.8663970105581
257,a,0.861644129924988,-0.490380492463062,0.991414965603457,-29.6451494757003
257,b,-0.823828813165709,-0.465269846566075,0.94613421010216,-150.543750328991
257,c,0.0182243569695368,1.0001311947064,1.00029722273522,88.9560737656055
258,a,0.857396871394003,-0.485206463768723,0.985167350026976,-29.5058036066287
258,b,-0.815764762826282,-0.462172429488188,0.937590263840252,-150.466229737756
258,c,0.0187836367654767,0.998830625773084,0.999007229199263,88.9226438994124
259,a,0.857925008315962,-0.486005712740606,0.986020726308757,-29.5311083669072
259,b,-0.815341920381836,-0.46228459001493,0.937277701269593,-150.447522648701
259,c,0.0191560348743964,0.997665448320361,0.997849337547696,88.9000069091986
26,a,0.886066287954432,-0.524469861373187,1.02965144691694,-30.6216358620776
26,b,-0.891940732887584,-0.492957232707292,1.01910014437369,-151.071477069112
26,c,0.0143092548361595,1.03576154331192,1.03586038121837,89.2084975910515
260,a,0.857913731078692,-0.486037852917002,0.986026756453156,-29.5330563295335
260,b,-0.815353197619178,-0.462316730191313,0.937303363848976,-150.446153575245
260,c,0.0185363283927247,0.995356092158829,0.99552867646692,88.933114850163
261,a,0.858047221463537,-0.48574398232125,0.98599809869117,-29.5143747749207
261,b,-0.812238688434534,-0.461170028973698,0.934028630510571,-150.413108433718
261,c,0.019160209221747,0.998293883431476,0.998477737014761,88.9004597018745
262,a,0.848303441298625,-0.476188293699859,0.972817567468779,-29.3073244509963
262,b,-0.801248157443627,-0.45348839451079,0.920679278447593,-150.491117181245
262,c,0.0195770562229099,0.991491473217411,0.991684729434303,88.8688385204381
263,a,0.847326479366553,-0.475187511620104,0.971475853449495,-29.2840592644591
263,b,-0.799095022816276,-0.45227028543147,0.918205459891199,-150.491089128184
263,c,0.0197425481392931,0.990370484990148,0.990567244434548,88.8579880940888
264,a,0.861643050513952,-0.490383683112607,0.991415605668014,-29.6453405886513
264,b,-0.823829892576744,-0.46527303721562,0.946136719012035,-150.543614232482
264,c,0.0181656448266347,0.999902149947946,1.00006714780683,88.9591978628767
265,a,0.857390490892254,-0.485200527622157,0.985158873419552,-29.5056859051237
265,b,-0.815764847100331,-0.462172338329423,0.937590292228708,-150.466237123209
265,c,0.0187835524914272,0.99883071693185,0.999007318757371,88.9226488302056
266,a,0.857925008315962,-0.486005712740606,0.986020726308757,-29.5311083669071
266,b,-0.815341920381836,-0.462284590014929,0.937277701269592,-150.447522648701
266,c,0.0191560348743965,0.997665448320361,0.997849337547696,88.9000069091986
267,a,0.857913248565359,-0.486039228082146,0.986027014487258,-29.5331396754738
267,b,-0.815353680132514,-0.462318105356457,0.937304461872458,-150.446094999078
267,c,0.018509813331276,0.995257282928427,0.995429390972375,88.9345348662393
268,a,0.858057377567206,-0.485741907243755,0.986005914612236,-29.5139791039509
268,b,-0.811538717586831,-0.460971149321666,0.933321750871271,-150.402509094366
268,c,0.0191703653254166,0.998295958508971,0.998480006651137,88.8998793064399
269,a,0.858047338624251,-0.485743958030324,0.985998188681463,-29.5143701925852
269,b,-0.812230615440651,-0.461167710000323,0.934020465196582,-150.412987625329
269,c,0.0191603263824608,0.998293907722402,0.998477763549468,88.9004530068119
27,a,0.882124230188898,-0.519468753196558,1.02371428779418,-30.4931459809412
27,b,-0.885236394056526,-0.489860000430763,1.01173429979626,-151.041335715488
27,c,0.014578544371877,1.03291763158111,1.03302050685702,89.1913841134295
270,a,0.848289001327568,-0.476174892248806,0.972798415799226,-29.307052467759
270,b,-0.801248348202862,-0.453488188672793,0.920679343074203,-150.491134176614
270,c,0.0195768654636753,0.991491679055408,0.991684931466388,88.8688497744056
271,a,0.847322267785569,-0.475199382998971,0.971477986929134,-29.284791436338
271,b,-0.799099234397248,-0.45228215681033,0.918214972532724,-150.490573901313
271,c,0.0195104183508436,0.989517251321852,0.989709577142597,88.8704392992067
272,a,0.84701309142886,-0.474817084467825,0.971021338979942,-29.2740402144161
272,b,-0.798510671519412,-0.45190489988943,0.917516937758894,-150.492972514055
272,c,0.0198041756391544,0.990169754668015,0.990367784427615,88.8541920139125
273,a,0.857383845641037,-0.485194345163984,0.98515004509228,-29.5055633176158
273,b,-0.815764934871208,-0.46217224338816,0.937590321795117,-150.46624481511
273,c,0.0187834647205508,0.998830811873113,0.999007412031567,88.9226539655937
274,a,0.857925008315962,-0.486005712740606,0.986020726308757,-29.5311083669071
274,b,-0.815341920381835,-0.462284590014929,0.937277701269592,-150.447522648701
274,c,0.0191560348743968,0.997665448320361,0.997849337547696,88.9000069091986
275,a,0.857913027513429,-0.48603985808113,0.986027132700101,-29.5331778584061
275,b,-0.815353901184445,-0.462318735355441,0.937304964905952,-150.446068163855
275,c,0.0184976660907364,0.995212015845356,0.995383905904542,88.9351855072212
276,a,0.858067442618989,-0.485739850769824,0.9860136605081,-29.5135869864542
276,b,-0.810845022144379,-0.46077405267305,0.932621240136136,-150.391988928874
276,c,0.0191804303771996,0.998298014982903,0.998482256040766,88.8993041169917
277,a,0.85804747598781,-0.485743929550743,0.985998294189422,-29.5143648200864
277,b,-0.812221150363667,-0.461164991150063,0.934010891885376,-150.412845982411
277,c,0.0191604637460204,0.998293936201983,0.998477794659757,88.900445157273
278,a,0.84827185078004,-0.476158975165432,0.972775669132606,-29.3067294157023
278,b,-0.801248574770167,-0.453487944196239,0.9206794198322,-150.491154362238
278,c,0.0195766388963707,0.99149192353196,0.991685171422658,88.868863140888
279,a,0.847321961649848,-0.475200245917941,0.971478142015876,-29.2848446570735
279,b,-0.799099540532968,-0.452283019729299,0.918215664000269,-150.49053645039
279,c,0.0194935450625568,0.989455230597337,0.989647235966198,88.8713452065543
28,a,0.878601256262111,-0.513762466644413,1.0177878166091,-30.3169797310166
28,b,-0.871919458083455,-0.484499295972863,0.997488400525413,-150.94039497091
28,c,0.0155982633592443,1.02692495960811,1.0270434160667,89.1297845783537
280,a,0.845877060154725,-0.473474286040812,0.96937397346837,-29.2376424056471
280,b,-0.79639239806828,-0.450580377299534,0.915021053368903,-150.499823547757
280,c,0.020027575326152,0.989442107250282,0.989644778379255,88.8404183964654
281,a,0.857358576115595,-0.485170835475788,0.985116474146704,-29.5050971408867
281,b,-0.815765268632614,-0.462171882360326,0.937590434225802,-150.466274064667
281,c,0.018783130959144,0.998831172900947,0.999007766720214,88.9226734936386
282,a,0.857925008315962,-0.486005712740605,0.986020726308757,-29.5311083669071
282,b,-0.815341920381835,-0.462284590014929,0.937277701269592,-150.447522648701
282,c,0.0191560348743967,0.997665448320362,0.997849337547697,88.9000069091986
283,a,0.857912882188476,-0.486040272257891,0.986027210416357,-29.533202960796
283,b,-0.815354046509398,-0.462319149532201,0.937305295612603,-150.446050521739
283,c,0.0184896801973196,0.995182256156354,0.995354002976956,88.9356132869344
284,a,0.858047600126254,-0.485743903813125,0.985998389539272,-29.5143599648431
284,b,-0.812212596567267,-0.461162534065815,0.934002240280261,-150.41271797412
284,c,0.0191605878844636,0.998293961939602,0.99847782277482,88.900438063474
285,a,0.848245389536815,-0.476134417009844,0.972740573807717,-29.3062309553854
285,b,-0.801248924336416,-0.453487566998162,0.920679538260831,-150.491185506235
285,c,0.0195762893301226,0.991492300730036,0.991685541646583,88.8688837637586
286,a,0.847321709323219,-0.475200957162727,0.971478269843846,-29.2848885232543
286,b,-0.799099792859597,-0.452283730974084,0.918216233929725,-150.490505582211
286,c,0.019479637570989,0.989404111177781,0.9895958526062,88.8720919695118
287,a,0.845258652975129,-0.472846413644708,0.968527708083765,-29.2230995843811
287,b,-0.796033620948398,-0.450202120886266,0.914522539542197,-150.509380698232
287,c,0.0198858383477337,0.989338010770173,0.989537844714125,88.8485015309412
288,a,0.845816712680063,-0.473340750126913,0.969256094734316,-29.2324967289713
288,b,-0.796003177877463,-0.450404801044159,0.914595836418824,-150.497389831247
288,c,0.020114038352473,0.989303639304725,0.98950809257955,88.8352506712824
289,a,0.857224416598259,-0.485046019185573,0.984938242297453,-29.502621609865
289,b,-0.815767040619562,-0.462169965612021,0.937591031140451,-150.466429354626
289,c,0.018781358972197,0.998833089649251,0.999009649814811,88.9227771705836
29,a,0.886066287954432,-0.524469861373187,1.02965144691694,-30.6216358620776
29,b,-0.891940732887584,-0.492957232707292,1.01910014437369,-151.071477069112
29,c,0.0143092548361596,1.03576154331192,1.03586038121837,89.2084975910515
290,a,0.857925008315962,-0.486005712740605,0.986020726308757,-29.5311083669071
290,b,-0.815341920381835,-0.462284590014929,0.937277701269592,-150.447522648701
290,c,0.0191560348743967,0.997665448320361,0.997849337547697,88.9000069091986
291,a,0.857912102882408,-0.486042499459657,0.986027630217889,-29.5333378847131
291,b,-0.815354825815467,-0.462321376733966,0.937307072077108,-150.445955587569
291,c,0.0184468883978336,0.995022237296758,0.995193217624903,88.9379053587295
292,a,0.857912852385617,-0.486040356434408,0.986027225978731,-29.5332080702145
292,b,-0.815354076312258,-0.462319233708719,0.937305363057329,-150.446046944248
292,c,0.0184880384492048,0.995176206441084,0.995347923809642,88.9357013065494
293,a,0.858047725853685,-0.485743877746062,0.985998486109619,-29.5143550474531
293,b,-0.812203933281185,-0.461160045530576,0.933993477938251,-150.412588324889
293,c,0.0191607136118946,0.998293988006665,0.998477851249775,88.9004308788739
294,a,0.848221810709253,-0.476112533967127,0.972709301468575,-29.3057867619032
294,b,-0.801249235824513,-0.453487230888163,0.920679643789294,-150.491213257719
294,c,0.019575977842026,0.991492636840033,0.99168587154223,88.8689021401729
295,a,0.847321350912698,-0.475201967431103,0.971478451414601,-29.284950831762
295,b,-0.799100151270117,-0.45228474124246,0.918217043471032,-150.490461736409
295,c,0.019459883051563,0.989331499983897,0.989522866794279,88.873152822031
296,a,0.844974013638138,-0.472557417674999,0.968138211581078,-29.216397296892
296,b,-0.795868483665228,-0.450028017709204,0.914293093058711,-150.513783148577
296,c,0.0198205999079239,0.989290097430777,0.989488632100089,88.8522226085454
297,a,0.845563798691343,-0.472781106151572,0.968762154499874,-29.2109177722192
297,b,-0.794371970747394,-0.449668967584345,0.912813786222288,-150.487165553556
297,c,0.0204764016325645,0.988723325370846,0.988935335174248,88.813577392742
298,a,0.857911744902191,-0.486043522541862,0.986027823058773,-29.5333998630103
298,b,-0.815355183795684,-0.462322399816172,0.937307888110559,-150.445911978951
298,c,0.0184272316566878,0.99494873140686,0.995119360174773,88.9389584877425
299,a,0.857912831293069,-0.486040416009136,0.986027236992784,-29.5332116863324
299,b,-0.815354097404806,-0.462319293283447,0.937305410790374,-150.44604441233
299,c,0.0184868765254095,0.995171924841449,0.995343621367164,88.9357636018253
3,a,0.89482800773433,-0.536451122218067,1.04331058173241,-30.9427688207614
3,b,-0.911814636920724,-0.50207772096823,1.04090728213205,-151.161248452936
3,c,0.0134743270891059,1.04421874477429,1.04430567576189,89.2607111936753
30,a,0.882056027675356,-0.519402903642708,1.0236221042313,-30.4919070882588
30,b,-0.885237292311301,-0.489858991968777,1.0117345974668,-151.041410315184
30,c,0.014577646117102,1.03291864004309,1.03302150254232,89.1914347188752
300,a,0.858047861036087,-0.485743849718701,0.985998589942272,-29.5143497602659
300,b,-0.812194618497491,-0.461157369852174,0.933984056654748,-150.412448923046
300,c,0.0191608487942969,0.998294016034026,0.998477881866125,88.9004231539769
301,a,0.848203478705019,-0.476095520397191,0.972684987973788,-29.3054413917987
301,b,-0.801249477999452,-0.453486969570255,0.920679725835432,-150.491234833864
301,c,0.0195757356670878,0.991492898157941,0.991686128028692,88.8689164274102
302,a,0.847319741094344,-0.475206505100845,0.97147926696268,-29.2852306931796
302,b,-0.799101761088469,-0.4522892789122,0.918220679571971,-150.490264801799
302,c,0.019371154662968,0.989005363261037,0.989195051641522,88.8779196235517
303,a,0.843114561745827,-0.470669505384216,0.965594090457518,-29.1724805085572
303,b,-0.794789698009924,-0.448890660921249,0.912794330353241,-150.542597310444
303,c,0.0193944193889619,0.988977095895044,0.989167245569944,88.8765402499063
304,a,0.845507970700962,-0.472657570879243,0.968653141133773,-29.2061514891844
304,b,-0.794011899655921,-0.449506540414837,0.912420422103167,-150.484903275406
304,c,0.0205563893541522,0.98859522743177,0.988808924334804,88.8087898714365
305,a,0.857911139027256,-0.486045254089683,0.986028149441053,-29.5335047600835
305,b,-0.815355789670619,-0.462324131363993,0.93730926923341,-150.44583817234
305,c,0.0183939629837076,0.994824324039688,0.994994358564544,88.9407412454641
306,a,0.857912806747559,-0.486040485336563,0.986027249809901,-29.5332158944279
306,b,-0.815354121950316,-0.462319362610874,0.937305466337573,-150.446041465925
306,c,0.0184855243885288,0.995166942321254,0.995338614593523,88.9358360958462
307,a,0.858048645019013,-0.485743687175554,0.985999192114206,-29.5143190975358
307,b,-0.812140597920527,-0.461141852402082,0.933929418546998,-150.41164041425
307,c,0.0191616327772223,0.998294178577173,0.998478059424323,88.9003783538703
308,a,0.848180659954579,-0.476074342766992,0.972654723816221,-29.3050114684614
308,b,-0.80124977944655,-0.453486644294956,0.920679827962493,-150.491261690752
308,c,0.0195754342199898,0.991493223433238,0.991686447290137,88.8689342114293
309,a,0.847319431187236,-0.475207378650401,0.971479423966996,-29.285284569417
309,b,-0.799102070995577,-0.452290152461756,0.918221379561214,-150.490226889977
309,c,0.0193540735070304,0.988942578482587,0.989131944533743,88.8788376460796
31,a,0.881927501534974,-0.519277550588442,1.02344774781561,-30.4895109819362
31,b,-0.8852389837016,-0.489857073631707,1.01173514857005,-151.041551747087
31,c,0.0145759547268072,1.03292055838016,1.03302339682148,89.1915300225491
310,a,0.842975675714277,-0.470528493590867,0.965404087999856,-29.1691909897006
310,b,-0.794709121438313,-0.448805709559297,0.912682394171313,-150.544753293589
310,c,0.0193625871478338,0.98895371720945,0.989143247746982,88.8783572153874
311,a,0.845489420194189,-0.4726165226185,0.968616919691325,-29.2045675127185
311,b,-0.793892255348914,-0.44945256916695,0.912289715514626,-150.484151134522
311,c,0.0205829676486754,0.98855266308958,0.988766922109922,88.8071988044368
312,a,0.857909976089635,-0.48604857768336,0.98602877591992,-29.5337061030138
312,b,-0.81535695260824,-0.46232745495767,0.937311920213454,-150.445696505949
312,c,0.0183301059248522,0.994585532171667,0.994754428785524,88.9441643885616
313,a,0.857912759799851,-0.48604061793775,0.986027274324959,-29.5332239431678
313,b,-0.815354168898023,-0.462319495212061,0.937305572581599,-150.446035830394
313,c,0.0184829381833002,0.995157412354308,0.995329038241932,88.9359747557447
314,a,0.858051960970209,-0.485742999679535,0.98600173907681,-29.5141894062012
314,b,-0.811912111315774,-0.461076219458397,0.933698322078006,-150.40821968139
314,c,0.0191649487284186,0.998294866073192,0.998478810435082,88.9001888665435
315,a,0.84815705871321,-0.476052438922464,0.972623421910592,-29.3045667742281
315,b,-0.801250091230744,-0.453486307865454,0.920679933591863,-150.491289468599
315,c,0.0195751224357956,0.991493559862737,0.99168677749966,88.8689526052785
316,a,0.847319201726501,-0.475208025442028,0.971479540216338,-29.2853244603301
316,b,-0.799102300456312,-0.452290799253383,0.918221897845958,-150.490198819427
316,c,0.0193414263153928,0.988896091516021,0.98908521907244,88.8795174417652
317,a,0.842891391363768,-0.470450358208211,0.965292410191535,-29.1675796425116
317,b,-0.794710234970196,-0.448804509347426,0.912682773573035,-150.544853275558
317,c,0.0193614736159505,0.988954917421324,0.989144425932027,88.8784230647959
318,a,0.84111978876052,-0.468558226256259,0.962823613356545,-29.1206404076331
318,b,-0.792953588626505,-0.447542489411981,0.910532631784674,-150.559645534153
318,c,0.0190591415720141,0.988232669209173,0.988416440256711,88.895125565612
319,a,0.845479738134343,-0.472595098313386,0.968598014939922,-29.2037407413555
319,b,-0.793829809435444,-0.449424399971442,0.912221495930678,-150.483758484275
319,c,0.0205968396491197,0.98853044749658,0.988745000205473,88.8063683256771
32,a,0.877402318856107,-0.511990052434059,1.01585857427375,-30.2648183208657
32,b,-0.868377714749171,-0.483068313153714,0.99369756497949,-150.913326902599
32,c,0.0158662917850545,1.02533349289851,1.02545624522671,89.1134601449144
320,a,0.857906552205603,-0.486058362902373,0.986030620449811,-29.5342988889931
320,b,-0.815360376492272,-0.462337240176683,0.937319725178026,-150.44527942091
320,c,0.0181420999989909,0.993882488733084,0.99404805578133,88.9542522921014
321,a,0.857912579747232,-0.486041126486356,0.98602736834465,-29.5332548114813
321,b,-0.815354348950642,-0.462320003760666,0.937305980045997,-150.446014217167
321,c,0.0184730196365795,0.995120863274073,0.995292311322573,88.9365065653047
322,a,0.848129219767941,-0.476026602148905,0.972586499689157,-29.304042196447
322,b,-0.801250458997125,-0.453485911028596,0.920680058187717,-150.491322234068
322,c,0.0195747546694148,0.991493956699594,0.991687166999848,88.8689743018061
323,a,0.847318937412601,-0.475208770475893,0.971479674123565,-29.2853704103274
323,b,-0.799102564770212,-0.452291544287247,0.918222494854093,-150.490166485235
323,c,0.0193268581211343,0.988842543568079,0.989031396576986,88.8803005723365
324,a,0.842457301570618,-0.470047937451688,0.96471724793964,-29.1592748105912
324,b,-0.794715969994814,-0.448798327894761,0.912684727650206,-150.545368211495
324,c,0.0193557385913348,0.988961098874001,0.989150493960594,88.8787622066003
325,a,0.840229149220928,-0.467612695609463,0.961585490892865,-29.0972484760234
325,b,-0.792111109006676,-0.446936270478154,0.909500983441309,-150.566817314701
325,c,0.0189135181398367,0.987886638510648,0.988067675676263,88.9031814510776
326,a,0.845471449989727,-0.472576758441305,0.968581832044471,-29.2030329736942
326,b,-0.793776353789672,-0.449400286263226,0.912163097877291,-150.483422316783
326,c,0.0206087145133133,0.988511430257436,0.9887262345379,88.8056573807521
327,a,0.857911965295951,-0.486042861969812,0.986027689200342,-29.53336015328
327,b,-0.815354963401923,-0.462321739244122,0.937307370568407,-150.445940459565
327,c,0.0184391713995624,0.994996135129379,0.995166976926135,88.9383217251206
328,a,0.848113355274887,-0.476011878627208,0.972565458974269,-29.3037432391241
328,b,-0.801250668575007,-0.453485684884411,0.920680129190904,-150.49134090602
328,c,0.0195745450915326,0.991494182843778,0.991687388963171,88.8689866659312
329,a,0.847318675217012,-0.475209509538773,0.971479806958227,-29.2854159920515
329,b,-0.799102826965801,-0.452292283350127,0.918223087077866,-150.490134410222
329,c,0.0193124066819343,0.988789424773791,0.988978005618089,88.8810775108186
33,a,0.886066287954431,-0.524469861373187,1.02965144691694,-30.6216358620776
33,b,-0.891940732887583,-0.492957232707292,1.01910014437369,-151.071477069112
33,c,0.0143092548361596,1.03576154331192,1.03586038121837,89.2084975910515
330,a,0.84230575258668,-0.469907444729379,0.964516452660455,-29.156373103628
330,b,-0.794717972200733,-0.448796169832338,0.912685409872987,-150.545547984883
330,c,0.0193537363854154,0.988963256936427,0.989152612432673,88.8788806064598
331,a,0.840218687672501,-0.467642511053796,0.961590849196683,-29.0991039322682
331,b,-0.792121570555104,-0.446966085922487,0.909524746504213,-150.56550535864
331,c,0.0183386352960108,0.985744320431648,0.985914890245488,88.9342011026582
332,a,0.838676032612462,-0.465303876030421,0.959106451196901,-29.0218482919371
332,b,-0.790324752068638,-0.445281256197683,0.90713208015886,-150.60241321801
332,c,0.0189130002065244,0.988354194018764,0.988535135648345,88.9037302046517
333,a,0.845462023712334,-0.472555900127459,0.968563427084168,-29.2022279862258
333,b,-0.793715557583931,-0.449372861246752,0.912096680607853,-150.483039934259
333,c,0.0206222200406759,0.988489801560093,0.98870489214311,88.8048487756609
334,a,0.848041685879717,-0.475945363681465,0.972470405821994,-29.3023925090192
334,b,-0.801251615363538,-0.453484663255992,0.920680449955944,-150.491425258349
334,c,0.0195735983030023,0.991495204472191,0.991688391704713,88.8690425220035
335,a,0.847316371799862,-0.475216002287644,0.971480973951797,-29.2858164319861
335,b,-0.799105130382952,-0.452298776098999,0.91822828984137,-150.48985262948
335,c,0.019185449195456,0.988322770310224,0.988508967978797,88.8879066083311
336,a,0.841975916027724,-0.469601671408563,0.964079443282783,-29.1500535480855
336,b,-0.794722329872383,-0.448791472949093,0.912686894717792,-150.545939249102
336,c,0.0193493787137664,0.98896795381968,0.989157223164697,88.8791382943408
337,a,0.840214544380667,-0.467654319447923,0.961592971629427,-29.0998387792129
337,b,-0.792125713846937,-0.446977894316614,0.909534157987062,-150.564985777948
337,c,0.0181109531886785,0.984895856261877,0.985062360618463,88.9465239031863
338,a,0.838697351913012,-0.465299585600883,0.959123012165933,-29.0210063125564
338,b,-0.788855054502053,-0.444868360221741,0.905649024147775,-150.579530504829
338,c,0.0189343195070132,0.988358484448344,0.988539833408963,88.9024995216451
339,a,0.838309486729385,-0.464902431919657,0.958591188539357,-29.0114954192985
339,b,-0.79018775993569,-0.445037259834534,0.906892969756197,-150.611595089253
339,c,0.0188286624987719,0.988420960674202,0.988600280210159,88.9086912593149
34,a,0.881899839097157,-0.519252103508567,1.02341099915804,-30.4890690956284
34,b,-0.885239349378246,-0.489856682519525,1.01173527915985,-151.041581153596
34,c,0.014575589050157,1.03292094949235,1.0330237827351,89.1915506085562
340,a,0.845454597429008,-0.472539467368072,0.96854892727954,-29.2015937731788
340,b,-0.793667660643271,-0.44935125505652,0.912044355265593,-150.482738643457
340,c,0.0206328600705065,0.988472761871175,0.988688078149989,88.8042117095104
341,a,0.848013793639394,-0.475919477445822,0.972433413255109,-29.3018667615305
341,b,-0.801251983833973,-0.453484265659427,0.920680574791576,-150.491458086508
341,c,0.0195732298325673,0.991495602068755,0.991688781951153,88.8690642599964
342,a,0.847311663306368,-0.475229274336874,0.971483359590763,-29.2866349819094
342,b,-0.799109838876445,-0.452312048148229,0.918238925056645,-150.489276641797
342,c,0.0189259310708616,0.987368866018495,0.987550235911849,88.9018863817319
343,a,0.841766079568473,-0.469408003637196,0.963801850273558,-29.1460748255415
343,b,-0.794725103071152,-0.448788497088224,0.912687846182998,-150.546187524761
343,c,0.019346605514997,0.98897092968055,0.989160144212333,88.8793022693036
344,a,0.841947433156406,-0.46957486183943,0.964041508997502,-29.1494865527226
344,b,-0.79472270574336,-0.448791061603837,0.91268701973872,-150.545973337301
344,c,0.0193490028427896,0.988968365164939,0.98915762707873,88.8791605281396
345,a,0.838708070290259,-0.465297428567531,0.959131338348178,-29.0205830145009
345,b,-0.788116157232802,-0.44466077485449,0.904903465561711,-150.567997781612
345,c,0.0189450378842302,0.988360641481718,0.988542195402193,88.9018807944734
346,a,0.837995464281446,-0.464558511913477,0.958149784296558,-29.0026171845189
346,b,-0.790070397807447,-0.444828226426216,0.906688140717143,-150.61946511471
346,c,0.0187564097886345,0.98847816013967,0.988656095910639,88.9129409098964
347,a,0.845448371274309,-0.472525690233863,0.968536770815322,-29.2010620378482
347,b,-0.79362750411422,-0.44933314054662,0.912000486008673,-150.482486016279
347,c,0.0206417806124261,0.988458475890618,0.988673981485734,88.8036775800888
348,a,0.848004103901305,-0.475910484591875,0.972420562091284,-29.3016841079849
348,b,-0.801252111840257,-0.453484127534753,0.920680618159429,-150.491469490978
348,c,0.0195731018262842,0.991495740193428,0.991688917522433,88.8690718117507
349,a,0.841452100931822,-0.469118218234632,0.963386496086702,-29.1401171743403
349,b,-0.794729252613,-0.448784044302745,0.912689269893947,-150.54655901907
349,c,0.0193424559731495,0.988975382466028,0.989164514995812,88.8795476234995
35,a,0.881920839302412,-0.519271075495891,1.02343872148875,-30.4893878492412
35,b,-0.88523907140015,-0.489856974515409,1.0117351773141,-151.04155906301
35,c,0.0145758670282571,1.03292065749646,1.03302349469049,89.1915349637595
350,a,0.841943467186982,-0.469571128861449,0.9640362270159,-29.149407600462
350,b,-0.794722758079825,-0.448791004327916,0.912687037146723,-150.545978083759
350,c,0.0193489505063245,0.988968422440862,0.989157683319936,88.8791636239835
351,a,0.838709067740485,-0.465297227834402,0.959132113183837,-29.020543622835
351,b,-0.788047395588091,-0.444641456998187,0.904834085882403,-150.566923581899
351,c,0.0189460353344533,0.988360842214849,0.988542415214714,88.9018232159864
352,a,0.83777457875799,-0.464316596244421,0.957839311346706,-28.9963672717063
352,b,-0.789987844489042,-0.44468119090656,0.906544072831828,-150.625003074624
352,c,0.0187055867414144,0.988518394632312,0.988695360311651,88.9159298555212
353,a,0.845442753313445,-0.472513258901113,0.968525801911115,-29.2005822329366
353,b,-0.793591270223546,-0.449316795529089,0.911960902078346,-150.482258045799
353,c,0.0206498297627962,0.988445585417513,0.98866126190956,88.8031956133336
354,a,0.847996803973196,-0.475903709673223,0.972410880456143,-29.3015464996578
354,b,-0.801252208275955,-0.453484023476194,0.920680650831358,-150.491478082727
354,c,0.0195730053905855,0.991495844251986,0.991689019657362,88.8690775009912
355,a,0.841939159865057,-0.46956707458463,0.964030490414202,-29.1493218517702
355,b,-0.794722814920909,-0.448790942122234,0.912687056053046,-150.545983238745
355,c,0.0193488936652398,0.988968484646544,0.989157744401848,88.8791669862875
356,a,0.838709479674963,-0.465297144934128,0.959132433181413,-29.0205273545879
356,b,-0.788018997888184,-0.444633478964961,0.90480543303474,-150.566479902777
356,c,0.0189464472689297,0.988360925115124,0.98854250599483,88.9017994367983
357,a,0.837495485301036,-0.464010930760726,0.957447038621486,-28.9884645806046
357,b,-0.789883536652765,-0.444495408466708,0.906362052175104,-150.632002919744
357,c,0.018641370763293,0.988569231751309,0.988744975546934,88.9197061110554
358,a,0.845438103690752,-0.472502970291376,0.968516723710225,-29.200185121238
358,b,-0.793561281776781,-0.449303267815698,0.911928141031448,-150.482069354415
358,c,0.0206564915237301,0.988434916807014,0.988650734792302,88.802796711257
359,a,0.847991463011876,-0.475898752832836,0.972403796932566,-29.3014458173754
359,b,-0.801252278832724,-0.453483947342192,0.920680674735649,-150.491484368844
359,c,0.0195729348338171,0.991495920385988,0.991689094383954,88.869081663499
36,a,0.877412679053206,-0.511988100831138,1.01586653885045,-30.2644287530378
36,b,-0.867662805415224,-0.48287699910863,0.992979828681919,-150.902920331564
36,c,0.0158766519821589,1.02533544450144,1.02545835694538,89.1128830425836
360,a,0.84193538696042,-0.469563523329331,0.964025465564913,-29.1492467412365
360,b,-0.794722864709617,-0.448790887634524,0.912687072613633,-150.545987754143
360,c,0.0193488438765323,0.988968539134254,0.989157797905218,88.879169931424
361,a,0.838709770337458,-0.465297086439387,0.959132658972936,-29.0205158756589
361,b,-0.787998960365761,-0.444627849635115,0.904785215511763,-150.566166824233
361,c,0.0189467379314247,0.988360983609865,0.988542570049718,88.9017826581176
362,a,0.837320607647346,-0.463819403294673,0.957201253062044,-28.9835095188965
362,b,-0.789818178224558,-0.44437899872521,0.906248006432003,-150.636390397741
362,c,0.0186011335620853,0.988601085869952,0.988776066231906,88.9220720884333
363,a,0.84543270985348,-0.472491034895676,0.968506192518657,-29.1997244388576
363,b,-0.793526493405205,-0.449287574868219,0.911890136292155,-150.481850444266
363,c,0.0206642195603482,0.98842254058796,0.988638522773818,88.8023339506161
364,a,0.847988750841533,-0.475896235721275,0.972400199880411,-29.3013946897818
364,b,-0.80125231466185,-0.453483908680916,0.920680686874387,-150.491487560969
364,c,0.0195728990046913,0.991495959047264,0.991689132330541,88.8690837772438
365,a,0.841931378249243,-0.469559750120576,0.964020126664359,-29.1491669354366
365,b,-0.794722917610118,-0.448790829741332,0.912687090209264,-150.545992551753
365,c,0.0193487909760305,0.988968597027446,0.989157854752551,88.8791730606312
366,a,0.838710067640017,-0.465297026608358,0.959132889922612,-29.0205041345042
366,b,-0.787978465094526,-0.444622091705585,0.904764536155886,-150.565846579065
366,c,0.0189470352339828,0.988361043440894,0.988542635568001,88.9017654961372
367,a,0.837052064208347,-0.463525292278707,0.956823836856877,-28.975895532954
367,b,-0.789717813331113,-0.444200239051486,0.90607288728108,-150.643129992121
367,c,0.0185393450135771,0.988650001293885,0.988823812603606,88.9257050114045
368,a,0.845426781648987,-0.472477917060856,0.968494618074633,-29.1992181051376
368,b,-0.793488258551204,-0.449270327221132,0.911848366440389,-150.481609825648
368,c,0.0206727132132097,0.988408938257435,0.988625100985599,88.8018253311116
369,a,0.847984763375345,-0.475892535032904,0.972394911451506,-29.3013195206781
369,b,-0.801252367338271,-0.453483851840632,0.920680704720915,-150.491492254071
369,c,0.0195728463282701,0.991496015887548,0.991689188120084,88.8690868848971
37,a,0.873470220460137,-0.506692139317544,1.00979559816671,-30.1176308119119
37,b,-0.858352067212097,-0.478937825539901,0.982929149033728,-150.839634599899
37,c,0.016369915983404,1.02045990625842,1.02059119848755,89.0809568810303
370,a,0.84192565696036,-0.469554364944056,0.964012506913759,-29.1490530339471
370,b,-0.794722993110457,-0.448790747115356,0.912687115322006,-150.545999398969
370,c,0.0193487154756914,0.988968679653422,0.989157935885869,88.879177526679
371,a,0.838710418435799,-0.465296956012018,0.959133162426784,-29.0204902807875
371,b,-0.787954282138401,-0.444615297760016,0.904740136029385,-150.565468693814
371,c,0.0189473860297656,0.988361114037234,0.98854271287501,88.9017452462291
372,a,0.836784357880483,-0.463232098073843,0.956447613975458,-28.9682993007544
372,b,-0.789617761297927,-0.444022036612429,0.905898326499503,-150.649851171046
372,c,0.018477749074064,0.988698764237288,0.988871414095475,88.9293262605286
373,a,0.84539446317247,-0.472406403259817,0.968431519625185,-29.1964575397353
373,b,-0.793279815635187,-0.449176299142636,0.91162065224833,-150.480297670182
373,c,0.0207190176078876,0.98833478315698,0.988551931508199,88.7990522743803
374,a,0.847978079079819,-0.475886331470656,0.972386046321367,-29.3011935108781
374,b,-0.801252455641156,-0.453483756557754,0.920680734637537,-150.491500121242
374,c,0.0195727580253854,0.991496111170426,0.991689281641583,88.869092094338
375,a,0.841918701685096,-0.469547818274974,0.964003243715448,-29.1489145633852
375,b,-0.794723084894958,-0.448790646668339,0.912687145851164,-150.546007723015
375,c,0.0193486236911913,0.98896878010044,0.989158034518294,88.8791829559777
376,a,0.838710860939623,-0.465296866959777,0.959133506171413,-29.0204728053247
376,b,-0.787923777066603,-0.444606727682963,0.904709357068807,-150.564991989489
376,c,0.0189478285335889,0.988361203089475,0.988542810392455,88.901719702421
377,a,0.836483983063905,-0.462903125067452,0.956025500245505,-28.9597689748587
377,b,-0.789505499808421,-0.443822087939671,0.905702478726251,-150.657395626832
377,c,0.0184086365163564,0.988753477774682,0.988924829150285,88.9333889995039
378,a,0.845196873368074,-0.471733178781218,0.96793075512363,-29.1673750452616
378,b,-0.791663103056651,-0.448333414126652,0.909798504595246,-150.476322340624
378,c,0.0211276442589563,0.988086046039842,0.988311900024775,88.7750657791078
379,a,0.845393145529352,-0.472410147354411,0.968432195784211,-29.1966889379788
379,b,-0.793281133278296,-0.449180043237233,0.911623643647914,-150.480133704733
379,c,0.0206465514096244,0.988065739379463,0.988281430272063,88.8029256765375
38,a,0.88606628795443,-0.524469861373186,1.02965144691694,-30.6216358620776
38,b,-0.891940732887583,-0.492957232707292,1.01910014437369,-151.071477069112
38,c,0.0143092548361597,1.03576154331192,1.03586038121837,89.2084975910515
380,a,0.847948264232884,-0.475858660901907,0.972346504066795,-29.3006314247284
380,b,-0.801252849510185,-0.453483331554936,0.920680868078812,-150.491535212217
380,c,0.0195723641563559,0.991496536173244,0.991689698787988,88.8691153306842
381,a,0.841875590667019,-0.469507239928551,0.96394582757864,-29.1480562192351
381,b,-0.794723653804612,-0.448790024065633,0.912687335081069,-150.546059318097
381,c,0.0193480547815371,0.988969402703145,0.989158645873778,88.8792166084811
382,a,0.838711257244894,-0.465296787204822,0.959133814028282,-29.0204571543564
382,b,-0.787896456803759,-0.444599052344276,0.904681791565049,-150.564565026804
382,c,0.0189482248388604,0.98836128284443,0.988542897728991,88.9016968254572
383,a,0.836266621264578,-0.462665068610476,0.955720057105431,-28.953591431358
383,b,-0.7894242634397,-0.443677398035973,0.905560766174907,-150.662857095898
383,c,0.018358624234799,0.988793070417871,0.988963485266365,88.9363286668489
384,a,0.845007627292935,-0.471088382909021,0.967451370713315,-29.139492412778
384,b,-0.79011466025591,-0.447526122062385,0.908053305857927,-150.472499921553
384,c,0.0215190156161403,0.987847812476607,0.988082166951669,88.7520812519662
385,a,0.845385055023259,-0.472433136599219,0.968436347837923,-29.1981097472588
385,b,-0.793289223784358,-0.449203032482054,0.911642011407692,-150.479126958397
385,c,0.0202015991977176,0.98641377436991,0.986620615473262,88.8267554436288
386,a,0.845393145529349,-0.47241014735441,0.968432195784208,-29.1966889379788
386,b,-0.793281133278294,-0.449180043237232,0.911623643647913,-150.480133704733
386,c,0.0206465514096243,0.988065739379463,0.988281430272063,88.8029256765375
387,a,0.847838665694325,-0.475756944669635,0.972201148655832,-29.2985648188927
387,b,-0.801254297361657,-0.453481769256536,0.920681358608156,-150.491664205568
387,c,0.0195709163048844,0.991498098471645,0.991691232207838,88.8692007466708
388,a,0.841728076376125,-0.469368391757821,0.96374936666188,-29.145118423078
388,b,-0.794725600460199,-0.448787893686887,0.91268798258043,-150.546235862406
388,c,0.0193461081259498,0.988971533081892,0.98916073777014,88.8793317579682
389,a,0.838711570831267,-0.465296724096736,0.959134057627715,-29.0204447701468
389,b,-0.787874838968338,-0.44459297904222,0.904659979712278,-150.564227163552
389,c,0.0189485384252334,0.988361345952516,0.988542966836303,88.9016787234953
39,a,0.881911260217163,-0.519261765484124,1.02342574327184,-30.4892108028936
39,b,-0.885239197494801,-0.489856832004102,1.01173521864287,-151.041569581981
39,c,0.0145757409336065,1.03292080000777,1.03302363540843,89.1915420683246
390,a,0.836007545945388,-0.462381327158357,0.955356011433619,-28.9462232065187
390,b,-0.789327437142616,-0.443504940947837,0.905391868569226,-150.669368899092
390,c,0.0182990141844221,0.988840261215441,0.989009563209953,88.9398321803826
391,a,0.844999202593041,-0.471059678420899,0.967430035205066,-29.1382505144619
391,b,-0.790045727962919,-0.447490183703488,0.907975614641407,-150.472329416643
391,c,0.0215364383617844,0.987837206992328,0.988071943582912,88.7510577973789
392,a,0.845382098144359,-0.472441538596834,0.968437865458958,-29.1986290146985
392,b,-0.793292180663247,-0.449211434479674,0.911648724437618,-150.478759027755
392,c,0.0200389802228693,0.985810022215971,0.986013671624195,88.8354846615191
393,a,0.845393145529333,-0.472410147354401,0.96843219578419,-29.1966889379788
393,b,-0.793281133278285,-0.449180043237227,0.911623643647902,-150.480133704733
393,c,0.0206465514096237,0.988065739379461,0.988281430272061,88.8029256765376
394,a,0.838712109020904,-0.465296615788083,0.959134475703035,-29.0204235158791
394,b,-0.787837737563418,-0.444582555795192,0.904622545400252,-150.563647270975
394,c,0.0189490766148707,0.988361454261169,0.988543085441302,88.9016476561807
395,a,0.835631631670541,-0.46196962270673,0.954827814923806,-28.9355220359737
395,b,-0.78918694368547,-0.44325470838446,0.90514682156466,-150.678821745704
395,c,0.0182125209247358,0.988908734331689,0.989076428167175,88.94491514376
396,a,0.844995408210024,-0.47107019804641,0.96743184327554,-29.1389041110896
396,b,-0.790049522345957,-0.447500703328964,0.90798410076333,-150.471869826092
396,c,0.0213263751700536,0.987080798865321,0.987311155495821,88.7622885423914
397,a,0.844880775645541,-0.470431093668033,0.967020650733537,-29.1091368560929
397,b,-0.788746460367649,-0.446729026331951,0.906469967351367,-150.47371748939
397,c,0.0219032705940479,0.987879803295234,0.9881225931135,88.729846107679
398,a,0.845381797172827,-0.47244239381011,0.968438019937356,-29.1986818692293
398,b,-0.793292481634777,-0.44921228969295,0.911649407738219,-150.47872157754
398,c,0.0200224277418335,0.98574856815695,0.985951893976655,88.8363737841667
399,a,0.845393145529332,-0.4724101473544,0.968432195784188,-29.1966889379788
399,b,-0.793281133278285,-0.449180043237226,0.911623643647901,-150.480133704733
399,c,0.0206465514096237,0.98806573937946,0.988281430272061,88.8029256765376
4,a,0.894766787031372,-0.536367405638485,1.04321502913148,-30.9405541561881
4,b,-0.911675772130938,-0.502013993444791,1.04075490059136,-151.160634245467
4,c,0.0134801609738766,1.04415965183003,1.04424666303019,89.2603492919289
40,a,0.877412968525653,-0.511988046308108,1.01586676139117,-30.2644178685893
40,b,-0.867642830225467,-0.482871654081983,0.99295977519612,-150.90262932394
40,c,0.0158769414546069,1.02533549902447,1.02545841594367,89.1128669178974
400,a,0.83871398778289,-0.465296237694253,0.959135935159926,-29.020349319668
400,b,-0.787708220559829,-0.444546169363852,0.904491866980354,-150.561622552271
400,c,0.0189509553768565,0.988361832354999,0.98854349948084,88.9015392035942
401,a,0.835352937125752,-0.46166439411497,0.9544362432128,-28.9275807789498
401,b,-0.789082784937837,-0.443069191486038,0.904965165036392,-150.68583318192
401,c,0.0181483967314063,0.988959498788481,0.989126005394603,88.9486830969713
402,a,0.844995060546561,-0.471071161915745,0.967432008947779,-29.1389639972958
402,b,-0.790049870009423,-0.447501667198296,0.907984878314149,-150.47182771616
402,c,0.0213071279574343,0.987011492348898,0.98724144956064,88.7633184342731
403,a,0.84482364131679,-0.470127836945842,0.966823235136153,-29.0950823415651
403,b,-0.788119636967312,-0.446361810791785,0.905743577568624,-150.474388806541
403,c,0.0220802464749346,0.987900353611063,0.9881470770838,88.7196134409648
404,a,0.845381587134074,-0.472442990637092,0.968438127743556,-29.198718754767
404,b,-0.79329269167353,-0.449212886519932,0.911649884592876,-150.478695442223
404,c,0.0200108762755854,0.985705681263615,0.985908781401547,88.8369943414669
405,a,0.845393145529332,-0.4724101473544,0.968432195784188,-29.1966889379788
405,b,-0.793281133278284,-0.449180043237226,0.911623643647901,-150.480133704733
405,c,0.0206465514096237,0.98806573937946,0.98828143027206,88.8029256765376
406,a,0.838725473839096,-0.465293926168361,0.959144857774771,-29.0198957163737
406,b,-0.786916401482135,-0.444323716174653,0.903692972019173,-150.549231437678
406,c,0.0189624414330623,0.988364143880891,0.988546030842524,88.9008761665507
407,a,0.835084091480567,-0.461369952120267,0.954058526801884,-28.9199139842291
407,b,-0.788982307098451,-0.442890230644567,0.904789940988952,-150.692599505967
407,c,0.0180865386489646,0.989008469259536,0.989173834645555,88.9523175350273
408,a,0.844994862907064,-0.471071709855551,0.967432103129496,-29.1389980413577
408,b,-0.790050067648921,-0.447502215138099,0.907985320335946,-150.471803777565
408,c,0.02129618631467,0.986972093026049,0.987201823318702,88.763903971373
409,a,0.844651275877746,-0.469212958286464,0.966228015566636,-29.0526472574029
409,b,-0.786228607650596,-0.44525397826408,0.903552172621031,-150.476420606699
409,c,0.0226141553541008,0.987962350737767,0.988221132387723,88.6887461439265
41,a,0.877414639897776,-0.511987731428157,1.01586804627368,-30.2643550199484
41,b,-0.867527496743081,-0.482840787640609,0.99284398765099,-150.900949122293
41,c,0.0158786128267287,1.02533581390442,1.02545875666471,89.1127738163854
410,a,0.844823641316782,-0.470127836945846,0.966823235136148,-29.0950823415655
410,b,-0.788119636967316,-0.446361810791789,0.905743577568629,-150.474388806541
410,c,0.0220802464749333,0.987900353611053,0.98814707708379,88.7196134409649
411,a,0.845381369552595,-0.472443608896793,0.96843823942162,-29.1987569648966
411,b,-0.793292909255008,-0.449213504779634,0.911650378572113,-150.478668368386
411,c,0.0199989099833494,0.985661254254289,0.985864120727932,88.8376372409028
412,a,0.845393145529331,-0.472410147354399,0.968432195784187,-29.1966889379788
412,b,-0.793281133278284,-0.449180043237226,0.911623643647901,-150.480133704733
412,c,0.0206465514096237,0.98806573937946,0.98828143027206,88.8029256765376
413,a,0.834820972642608,-0.46108178217264,0.953688872859199,-28.912404623303
413,b,-0.788883969584664,-0.442715081931946,0.904618461694026,-150.699224235385
413,c,0.0180259982345598,0.989056396587611,0.989220648916723,88.9558742138957
414,a,0.844994728705098,-0.471072081919841,0.967432167081339,-29.1390211580897
414,b,-0.790050201850887,-0.447502587202388,0.907985620479454,-150.471787522698
414,c,0.0212887566764018,0.986945339939416,0.987174916207334,88.7643015919261
415,a,0.844405784585247,-0.46790994333279,0.965381191090194,-28.9921188485583
415,b,-0.783535311165582,-0.443676148969483,0.900431068437632,-150.479331469151
415,c,0.0233745745051235,0.988050650079272,0.988327100637925,88.6447914346943
416,a,0.84482364131678,-0.470127836945847,0.966823235136146,-29.0950823415656
416,b,-0.788119636967317,-0.44636181079179,0.90574357756863,-150.474388806541
416,c,0.0220802464749328,0.98790035361105,0.988147077083787,88.7196134409649
417,a,0.84538045583734,-0.47244620522679,0.968438708409027,-29.1989174250497
417,b,-0.79329382297026,-0.449216101109633,0.911652452998899,-150.47855467439
417,c,0.0199486585381777,0.985474686737861,0.985676573313253,88.8403376794343
418,a,0.845393145529331,-0.472410147354399,0.968432195784186,-29.1966889379788
418,b,-0.793281133278284,-0.449180043237226,0.911623643647901,-150.480133704733
418,c,0.0206465514096237,0.98806573937946,0.98828143027206,88.8029256765376
419,a,0.83450453254518,-0.460735214336562,0.953244329942857,-28.9033657701078
419,b,-0.788765703888885,-0.442504439181635,0.904412247996887,-150.707194799152
419,c,0.0179531892529557,0.98911403643006,0.989276955188646,88.9601512109325
42,a,0.870741605646711,-0.503015739911233,1.005592252557,-30.0144497722309
42,b,-0.851394934498749,-0.476071541801871,0.975457557971509,-150.787540832015
42,c,0.0167193976873645,1.01707796120968,1.01721537416491,89.0582190499271
420,a,0.844994509991407,-0.471072688286176,0.967432271306257,-29.1390588322391
420,b,-0.79005042056458,-0.447503193568722,0.907986109634104,-150.471761031588
420,c,0.021276648332085,0.986901739487712,0.987131064837957,88.7649496546581
421,a,0.84435441263465,-0.467637272073678,0.965204119535405,-28.9794391303267
421,b,-0.782971707085934,-0.443345969565779,0.899777940842785,-150.479943156559
421,c,0.0235337011880354,0.988069127758717,0.988349349330225,88.6355945870803
422,a,0.844823641316778,-0.470127836945847,0.966823235136145,-29.0950823415657
422,b,-0.788119636967318,-0.446361810791791,0.905743577568631,-150.474388806541
422,c,0.0220802464749326,0.987900353611048,0.988147077083785,88.7196134409649
423,a,0.845380232729509,-0.472446839189672,0.968438822925904,-29.1989566056315
423,b,-0.793294046078091,-0.449216735072516,0.911652959525805,-150.478526913061
423,c,0.0199363883140297,0.985429131326718,0.985630778966616,88.8409972192834
424,a,0.845393145529324,-0.472410147354395,0.968432195784178,-29.1966889379788
424,b,-0.793281133278285,-0.449180043237226,0.911623643647901,-150.480133704734
424,c,0.0206465514096234,0.988065739379462,0.988281430272062,88.8029256765376
425,a,0.833974553556678,-0.460154776924538,0.952499855488982,-28.8882084551303
425,b,-0.78856763059055,-0.442151651299655,0.904066917192641,-150.720552172193
425,c,0.0178312475940509,0.989210572569592,0.989371270188406,88.9673133041748
426,a,0.83450453254518,-0.460735214336562,0.953244329942857,-28.9033657701078
426,b,-0.788765703888885,-0.442504439181635,0.904412247996887,-150.707194799152
426,c,0.0179531892529557,0.98911403643006,0.989276955188646,88.9601512109325
427,a,0.844993782973753,-0.471074703884875,0.967432617759251,-29.1391840633522
427,b,-0.79005114758224,-0.447505209167414,0.907987735615402,-150.471672973729
427,c,0.0212363994567511,0.986756808925843,0.986985301118208,88.7671042685783
428,a,0.844341282556356,-0.467567580443537,0.965158869674177,-28.9761975940527
428,b,-0.782827656381094,-0.443261579516904,0.899611008976066,-150.480099639324
428,c,0.0235743721335806,0.98807385044055,0.988355039925384,88.6332440453202
429,a,0.844823641316777,-0.470127836945848,0.966823235136144,-29.0950823415658
429,b,-0.788119636967319,-0.446361810791791,0.905743577568632,-150.474388806541
429,c,0.0220802464749325,0.987900353611046,0.988147077083783,88.7196134409649
43,a,0.873470220460138,-0.50669213931754,1.00979559816671,-30.1176308119117
43,b,-0.858352067212096,-0.478937825539898,0.982929149033726,-150.839634599899
43,c,0.0163699159834049,1.02045990625843,1.02059119848755,89.0809568810303
430,a,0.845380019908909,-0.472447443921296,0.968438932162969,-29.1989939796356
430,b,-0.793294258898691,-0.449217339804139,0.91165344269757,-150.478500431803
430,c,0.0199246838550287,0.985385676420307,0.985587096263455,88.8416264056661
431,a,0.845393145529321,-0.472410147354393,0.968432195784175,-29.1966889379788
431,b,-0.793281133278285,-0.449180043237226,0.911623643647902,-150.480133704734
431,c,0.0206465514096233,0.988065739379462,0.988281430272063,88.8029256765376
432,a,0.832186973745483,-0.458197004594112,0.949989291671586,-28.8369087772044
432,b,-0.787899544049534,-0.44096172394566,0.902902504979686,-150.765680938612
432,c,0.017419947424929,0.989536181806602,0.989689501648206,88.9914604442101
433,a,0.833974553556677,-0.460154776924538,0.952499855488982,-28.8882084551304
433,b,-0.788567630590551,-0.442151651299655,0.904066917192642,-150.720552172193
433,c,0.0178312475940509,0.989210572569592,0.989371270188406,88.9673133041748
434,a,0.844992973575157,-0.471076947878192,0.967433003475496,-29.1393234847402
434,b,-0.790051956980843,-0.447507453160724,0.907989545844916,-150.471574938094
434,c,0.0211915898389845,0.986595455769359,0.986823022038224,88.7695037782109
435,a,0.844334403897415,-0.467531070002084,0.965135165156723,-28.9744992785504
435,b,-0.782752190291197,-0.443217368785538,0.899523555777637,-150.480181641575
435,c,0.0235956790562788,0.988076324585555,0.988358021810227,88.632012641146
436,a,0.844823641316776,-0.470127836945849,0.966823235136144,-29.0950823415659
436,b,-0.788119636967319,-0.446361810791792,0.905743577568633,-150.474388806541
436,c,0.0220802464749327,0.987900353611045,0.988147077083782,88.7196134409649
437,a,0.845379808245856,-0.472448045363739,0.968439040806295,-29.1990311503514
437,b,-0.793294470561744,-0.449217941246583,0.91165392324152,-150.478474094606
437,c,0.0199130430574416,0.98534245786833,0.985543651271627,88.8422522251789
438,a,0.845393145529321,-0.472410147354393,0.968432195784175,-29.1966889379788
438,b,-0.793281133278285,-0.449180043237226,0.911623643647902,-150.480133704734
438,c,0.0206465514096233,0.988065739379463,0.988281430272063,88.8029256765376
439,a,0.829658626131005,-0.455427937182228,0.946439666264917,-28.7638860539567
439,b,-0.786954604415699,-0.439278694204536,0.901256523190324,-150.829709980966
439,c,0.0168382056783948,0.989996722551406,0.990139907201499,89.0255875757116
44,a,0.88606628795443,-0.524469861373186,1.02965144691694,-30.6216358620776
44,b,-0.891940732887583,-0.492957232707292,1.01910014437369,-151.071477069112
44,c,0.0143092548361597,1.03576154331192,1.03586038121837,89.2084975910515
440,a,0.832186973745483,-0.458197004594112,0.949989291671586,-28.8369087772044
440,b,-0.787899544049534,-0.44096172394566,0.902902504979686,-150.765680938612
440,c,0.0174199474249289,0.989536181806602,0.989689501648206,88.9914604442101
441,a,0.844992518372557,-0.471078209891245,0.967433220403319,-29.139401894734
441,b,-0.790052412183447,-0.447508715173773,0.907990563912073,-150.471519803408
441,c,0.0211663890854493,0.986504711386092,0.986731757679802,88.7708535997816
442,a,0.844328701569768,-0.46750080327401,0.965115515032442,-28.9730913316582
442,b,-0.782689629787112,-0.443180718607372,0.899451058102459,-150.480249632568
442,c,0.023613342245485,0.988078375622768,0.988360494103912,88.6309918271506
443,a,0.844823641316776,-0.470127836945849,0.966823235136144,-29.0950823415659
443,b,-0.788119636967319,-0.446361810791793,0.905743577568633,-150.474388806541
443,c,0.0220802464749331,0.987900353611043,0.98814707708378,88.7196134409649
444,a,0.845379565441057,-0.47244873529573,0.968439165434693,-29.1990737899423
444,b,-0.793294713366542,-0.449218631178574,0.911654474487597,-150.478443882481
444,c,0.0198996895624588,0.985292880619636,0.985493814412055,88.8429701887619
445,a,0.84539314552932,-0.472410147354392,0.968432195784174,-29.1966889379788
445,b,-0.793281133278286,-0.449180043237226,0.911623643647902,-150.480133704734
445,c,0.0206465514096232,0.988065739379463,0.988281430272063,88.8029256765376
446,a,0.8278443917342,-0.453440972527152,0.943893559937844,-28.7111496795501
446,b,-0.786276556042606,-0.438071023855051,0.900076132626365,-150.875798758422
446,c,0.016420772616352,0.99032718694466,0.990463315310084,89.0500566170812
447,a,0.829658626131005,-0.455427937182229,0.946439666264917,-28.7638860539567
447,b,-0.786954604415699,-0.439278694204536,0.901256523190324,-150.829709980966
447,c,0.0168382056783948,0.989996722551406,0.990139907201499,89.0255875757116
448,a,0.844992090757993,-0.471079395418659,0.967433424185651,-29.1394755525748
448,b,-0.790052839798014,-0.447509900701182,0.907991520278955,-150.471468010331
448,c,0.0211427156503102,0.986419466662416,0.986646024993581,88.7721218414568
449,a,0.844324080150737,-0.467476273776273,0.965099590128468,-28.9719502270406
449,b,-0.782638927982157,-0.443151015678788,0.899392302774602,-150.480304743524
449,c,0.023627657276783,0.988080037874219,0.988362497990443,88.6301645179969
45,a,0.881898975693941,-0.519249826029283,1.02340909960849,-30.4889837464614
45,b,-0.885239359202586,-0.489856649243074,1.01173527164425,-151.041583071844
45,c,0.0145755792258208,1.0329209827688,1.03302381586962,89.1915511794418
450,a,0.844823641316776,-0.47012783694585,0.966823235136144,-29.0950823415659
450,b,-0.788119636967318,-0.446361810791793,0.905743577568633,-150.474388806541
450,c,0.0220802464749338,0.987900353611042,0.988147077083779,88.7196134409648
451,a,0.845378726929015,-0.472451117935144,0.968439595835635,-29.1992210431687
451,b,-0.793295551878584,-0.449221013817988,0.911656378185338,-150.478339546971
451,c,0.0198535740556025,0.985121668517109,0.98532170694891,88.8454501921218
452,a,0.845393145529319,-0.472410147354392,0.968432195784173,-29.1966889379788
452,b,-0.793281133278286,-0.449180043237226,0.911623643647902,-150.480133704734
452,c,0.0206465514096232,0.988065739379463,0.988281430272064,88.8029256765376
453,a,0.8272939533869,-0.452838127854596,0.943121230462649,-28.6950931785254
453,b,-0.786070836304004,-0.437704616916442,0.899718117722237,-150.889805992504
453,c,0.0162941235101594,0.990427449774417,0.990561472967538,89.0574773595715
454,a,0.8278443917342,-0.453440972527152,0.943893559937844,-28.7111496795501
454,b,-0.786276556042606,-0.438071023855051,0.900076132626365,-150.875798758422
454,c,0.0164207726163521,0.99032718694466,0.990463315310084,89.0500566170812
455,a,0.844991682778411,-0.471080526509646,0.967433618612303,-29.1395458282047
455,b,-0.7900532477776,-0.447511031792165,0.907992432732577,-150.471418595563
455,c,0.0211201292395445,0.986338136161234,0.986564229386568,88.7733320541473
456,a,0.844317015993397,-0.467438778749248,0.965075248555564,-28.97020589725
456,b,-0.782561426780653,-0.443105612706341,0.899302491210179,-150.480388998333
456,c,0.0236495387882232,0.988082578740068,0.988365561467273,88.6288999254494
457,a,0.844823641316776,-0.47012783694585,0.966823235136145,-29.0950823415659
457,b,-0.788119636967318,-0.446361810791794,0.905743577568633,-150.474388806541
457,c,0.0220802464749342,0.98790035361104,0.988147077083777,88.7196134409648
458,a,0.845374640695088,-0.47246272900513,0.968441693355529,-29.199938635199
458,b,-0.793299638112511,-0.449232624887974,0.91166565532172,-150.477831105768
458,c,0.0196288441302352,0.984287318302921,0.984483019911387,88.8575481443786
459,a,0.845393145529319,-0.472410147354392,0.968432195784173,-29.1966889379788
459,b,-0.793281133278286,-0.449180043237226,0.911623643647903,-150.480133704734
459,c,0.0206465514096232,0.988065739379464,0.988281430272064,88.8029256765376
46,a,0.877413098999548,-0.511988021732946,1.01586686169695,-30.2644129626442
46,b,-0.867633826809646,-0.482869244918512,0.992950736498305,-150.902498154252
46,c,0.0158770719285022,1.02533552359963,1.02545844253599,89.1128596500193
460,a,0.826235392762512,-0.45155372287142,0.941576172644817,-28.6574631134746
460,b,-0.785229874714346,-0.436859412754214,0.898572257893523,-150.910804637086
460,c,0.0161514273322424,0.99048499070025,0.990616669255743,89.0657843202872
461,a,0.8272939533869,-0.452838127854596,0.943121230462649,-28.6950931785254
461,b,-0.786070836304004,-0.437704616916442,0.899718117722237,-150.889805992504
461,c,0.0162941235101594,0.990427449774417,0.990561472967538,89.0574773595715
462,a,0.826762521962239,-0.452353383526726,0.942422331711977,-28.6847550356193
462,b,-0.786077865850362,-0.437697161768829,0.899720632530092,-150.890438560186
462,c,0.0162870939637972,0.990434904922026,0.990568811500588,89.057890995826
463,a,0.844991012936775,-0.471082383592375,0.967433937835029,-29.1396612102478
463,b,-0.790053917619241,-0.447512888874888,0.907993930846819,-150.471337464099
463,c,0.0210830457212388,0.986204603606609,0.986429934152321,88.7753194781907
464,a,0.844310647763524,-0.467404977555454,0.965053305766306,-28.9686333351867
464,b,-0.782491560632014,-0.443064682620612,0.899221527459184,-150.48046496718
464,c,0.023669264636353,0.988084869291796,0.988368323557474,88.6277599213149
465,a,0.844823641316776,-0.470127836945851,0.966823235136145,-29.095082341566
465,b,-0.788119636967318,-0.446361810791795,0.905743577568633,-150.474388806541
465,c,0.0220802464749347,0.987900353611039,0.988147077083776,88.7196134409648
466,a,0.845393145529318,-0.472410147354391,0.968432195784172,-29.1966889379788
466,b,-0.793281133278286,-0.449180043237226,0.911623643647903,-150.480133704734
466,c,0.0206465514096232,0.988065739379464,0.988281430272064,88.8029256765376
467,a,0.825059281931323,-0.450126688294898,0.939860018415702,-28.6155092619379
467,b,-0.784295526684177,-0.435920351025616,0.897299295450023,-150.934198014023
467,c,0.0159928851415059,0.990548921385514,0.990678019355004,89.0750126600662
468,a,0.826235392762512,-0.45155372287142,0.941576172644817,-28.6574631134746
468,b,-0.785229874714346,-0.436859412754214,0.898572257893523,-150.910804637086
468,c,0.0161514273322424,0.99048499070025,0.990616669255743,89.0657843202873
469,a,0.826235392762512,-0.45155372287142,0.941576172644817,-28.6574631134746
469,b,-0.785229874714346,-0.436859412754214,0.898572257893523,-150.910804637086
469,c,0.0161514273322424,0.99048499070025,0.990616669255743,89.0657843202873
47,a,0.877419358061289,-0.511986842574601,1.01587167342642,-30.2641776050632
47,b,-0.867201918443943,-0.482753655988358,0.99251713321382,-150.896203808183
47,c,0.0158833309902417,1.02533670275797,1.02545971848042,89.1125109978088
470,a,0.826684912990952,-0.452282592627134,0.942320268783592,-28.6832439947433
470,b,-0.78607889242846,-0.437696073036944,0.899720999795779,-150.890530938558
470,c,0.016286067385698,0.990435993653911,0.990569883206683,89.0579514017601
471,a,0.844990546379343,-0.471083677085798,0.967434160182044,-29.1397415759893
471,b,-0.790054384176677,-0.447514182368306,0.907994974312943,-150.471280954649
471,c,0.0210572163458028,0.986111595643936,0.986336395670191,88.7767040765708
472,a,0.844304586778222,-0.467372807149735,0.965032422314281,-28.9671365772619
472,b,-0.78242506527799,-0.443025727266785,0.899144469924345,-150.480537283506
472,c,0.0236880387820634,0.988087049332504,0.988370952750006,88.6266749242672
473,a,0.844823641316778,-0.470127836945851,0.966823235136146,-29.095082341566
473,b,-0.788119636967317,-0.446361810791795,0.905743577568633,-150.474388806541
473,c,0.0220802464749359,0.987900353611038,0.988147077083775,88.7196134409647
474,a,0.845393145529314,-0.472410147354388,0.968432195784167,-29.1966889379788
474,b,-0.793281133278287,-0.449180043237226,0.911623643647904,-150.480133704734
474,c,0.020646551409623,0.988065739379463,0.988281430272063,88.8029256765376
475,a,0.824628297235591,-0.449603752831291,0.939231261810237,-28.6000969310996
475,b,-0.783953135736989,-0.43557623274812,0.89683285709596,-150.942787120814
475,c,0.0159347875064672,0.990572348724337,0.990700507474447,89.078394090212
476,a,0.825059281931323,-0.450126688294898,0.939860018415702,-28.6155092619379
476,b,-0.784295526684177,-0.435920351025616,0.897299295450023,-150.934198014023
476,c,0.015992885141506,0.990548921385514,0.990678019355004,89.0750126600662
477,a,0.826642594849534,-0.452243992201818,0.942264616815366,-28.6824199257814
477,b,-0.786079452194637,-0.437695479379933,0.899721200057134,-150.890581310035
477,c,0.0162855076195208,0.990436587310921,0.990570467580439,89.0579843394804
478,a,0.844990218565809,-0.471084585922783,0.967434316409095,-29.1397980427082
478,b,-0.790054711990213,-0.447515091205288,0.907995707475766,-150.471241249943
478,c,0.0210390680573953,0.986046246199658,0.986270673815844,88.7776770829995
479,a,0.844297758709751,-0.46733656523162,0.965008896624688,-28.9654503108541
479,b,-0.782350154218535,-0.442981841692078,0.899057659927699,-150.480618767094
479,c,0.0237091889987394,0.988089505280915,0.98837391511981,88.6254526160364
48,a,0.868679708977663,-0.500237643254765,1.00241814454777,-29.9359064947887
48,b,-0.846137729012213,-0.47390561465711,0.969812140603261,-150.747643394044
48,c,0.0169834859557944,1.01452237102648,1.01466451603887,89.0409366901563
480,a,0.844823641316779,-0.470127836945852,0.966823235136148,-29.095082341566
480,b,-0.788119636967316,-0.446361810791796,0.905743577568632,-150.474388806541
480,c,0.0220802464749371,0.987900353611036,0.988147077083773,88.7196134409646
481,a,0.845393145529313,-0.472410147354388,0.968432195784166,-29.1966889379788
481,b,-0.793281133278288,-0.449180043237226,0.911623643647904,-150.480133704734
481,c,0.020646551409623,0.988065739379463,0.988281430272063,88.8029256765376
482,a,0.824076505675815,-0.448816391283619,0.938369991150459,-28.5740156208609
482,b,-0.783082397738328,-0.435000731025528,0.8957922067312,-150.947914484114
482,c,0.0159582349483307,0.990469383154622,0.990597932679734,89.0769422849863
483,a,0.824628297235591,-0.449603752831291,0.939231261810237,-28.6000969310996
483,b,-0.783953135736989,-0.43557623274812,0.89683285709596,-150.942787120814
483,c,0.0159347875064672,0.990572348724337,0.990700507474447,89.078394090212
484,a,0.823542945311711,-0.448602463921017,0.937799100771959,-28.5781290633905
484,b,-0.783967480212138,-0.43556084663757,0.896837923570254,-150.944091452131
484,c,0.0159204430313276,0.990587734834841,0.990715660980251,89.079237875081
485,a,0.826613927628458,-0.452217843441757,0.942226917083384,-28.6818616283974
485,b,-0.78607983139231,-0.437695077223879,0.899721335718888,-150.890615432747
485,c,0.0162851284218477,0.990436989466975,0.990570863448002,89.05800665218
486,a,0.844990061934545,-0.47108502017052,0.967434391055644,-29.1398250228371
486,b,-0.790054868621478,-0.447515525453024,0.907996057785493,-150.471222278819
486,c,0.0210303966968539,0.986015021845064,0.986239271621926,88.7781420370634
487,a,0.844290546071434,-0.467298282099516,0.964984046831221,-28.9636689814092
487,b,-0.782271024025256,-0.442935484398057,0.898965960628357,-150.480704857084
487,c,0.0237315304359801,0.988092099553027,0.988377044824465,88.6241614730317
488,a,0.844823641316782,-0.470127836945854,0.966823235136152,-29.095082341566
488,b,-0.788119636967314,-0.446361810791797,0.905743577568631,-150.474388806541
488,c,0.022080246474939,0.987900353611034,0.988147077083771,88.7196134409645
489,a,0.845393145529313,-0.472410147354388,0.968432195784166,-29.1966889379788
489,b,-0.793281133278288,-0.449180043237227,0.911623643647904,-150.480133704734
489,c,0.020646551409623,0.988065739379464,0.988281430272064,88.8029256765376
49,a,0.873470220460138,-0.506692139317538,1.00979559816671,-30.1176308119116
49,b,-0.858352067212096,-0.478937825539897,0.982929149033725,-150.839634599899
49,c,0.0163699159834052,1.02045990625843,1.02059119848755,89.0809568810303
490,a,0.823285658313651,-0.447687916605069,0.937135927098694,-28.5365513754315
490,b,-0.781834424953721,-0.434175901411575,0.894300722022111,-150.955284011516
490,c,0.0159918406590722,0.990321809224285,0.990450919931385,89.0748609815642
491,a,0.824076505675815,-0.448816391283619,0.938369991150459,-28.5740156208609
491,b,-0.783082397738328,-0.435000731025528,0.8957922067312,-150.947914484114
491,c,0.0159582349483308,0.990469383154622,0.990597932679734,89.0769422849863
492,a,0.823513881588967,-0.448575650348174,0.937760751607261,-28.5775398335441
492,b,-0.783967864329759,-0.435560434613086,0.896838059240409,-150.944126380202
492,c,0.0159200589137069,0.990588146859323,0.990716066778975,89.0792604696847
493,a,0.823317632418081,-0.448394608391365,0.937501812630227,-28.57356058752
493,b,-0.783970458050503,-0.435557652658767,0.896838975449623,-150.944362217222
493,c,0.0159174651929625,0.990590928813644,0.990718806698474,89.0794130371011
494,a,0.826570383960815,-0.452178125154646,0.942169653782959,-28.6810135250548
494,b,-0.78608040736922,-0.437694466374661,0.899721541780989,-150.890667262934
494,c,0.0162845524449365,0.990437600316193,0.990571464745694,89.0580405437035
495,a,0.844989962712938,-0.471085295254542,0.967434438342295,-29.1398421140062
495,b,-0.790054967843085,-0.447515800537045,0.907996279697142,-150.471210261141
495,c,0.0210249036279477,0.985995242073421,0.986219379227558,88.7784365880209
496,a,0.844274775828599,-0.467214577044136,0.964929716664878,-28.9597738321083
496,b,-0.782098007951425,-0.442834125401285,0.898765462543766,-150.480893151767
496,c,0.0237803793973552,0.988097771860356,0.988383889589304,88.6213384515039
497,a,0.844823641316785,-0.470127836945856,0.966823235136155,-29.095082341566
497,b,-0.788119636967312,-0.446361810791799,0.90574357756863,-150.474388806541
497,c,0.0220802464749411,0.987900353611031,0.988147077083768,88.7196134409644
498,a,0.845393145529314,-0.472410147354388,0.968432195784166,-29.1966889379788
498,b,-0.793281133278288,-0.449180043237227,0.911623643647904,-150.480133704734
498,c,0.020646551409623,0.988065739379464,0.988281430272064,88.8029256765376
499,a,0.822803030840667,-0.446999246567723,0.936383016715222,-28.5136396960917
499,b,-0.781072829252445,-0.43367253571641,0.89339052649506,-150.959793475719
499,c,0.0160123490909504,0.990231749831683,0.99036120365154,89.0735905286724
5,a,0.89471341136638,-0.536294416798269,1.04313172225173,-30.938622955512
5,b,-0.911554701967729,-0.501958432192183,1.04062204585926,-151.160098597939
5,c,0.0134852472839661,1.04410813126519,1.04419521243319,89.2600337321766
50,a,0.88606628795443,-0.524469861373186,1.02965144691694,-30.6216358620776
50,b,-0.891940732887583,-0.492957232707291,1.01910014437369,-151.071477069112
50,c,0.0143092548361597,1.03576154331192,1.03586038121837,89.2084975910515
500,a,0.823285658313652,-0.447687916605069,0.937135927098695,-28.5365513754315
500,b,-0.781834424953721,-0.434175901411575,0.894300722022111,-150.955284011516
500,c,0.0159918406590722,0.990321809224285,0.990450919931385,89.0748609815642
501,a,0.82350159704189,-0.448564316886153,0.937744542353665,-28.5772907655569
501,b,-0.783968026687178,-0.435560260460098,0.89683811658507,-150.944141143466
501,c,0.0159198965562884,0.99058832101231,0.990716238300529,89.0792700198828
502,a,0.823173457836537,-0.448261604533812,0.937311585219018,-28.5706357629887
502,b,-0.783972363527785,-0.435555608876229,0.896839648543085,-150.944535475698
502,c,0.0159155597156804,0.990592972596182,0.990720819604596,89.0795251202538
503,a,0.826504302145012,-0.452117848731576,0.942082751463948,-28.6797262475176
503,b,-0.786081281471063,-0.437693539350649,0.899721854501982,-150.890745920317
503,c,0.0162836783430931,0.990438527340204,0.990572377274984,89.0580919773587
504,a,0.844989895626908,-0.471085481245231,0.967434470313945,-29.1398536697411
504,b,-0.790055034929116,-0.447515986527734,0.907996429736779,-150.471202135713
504,c,0.0210211896366284,0.98598186851095,0.986205929533017,88.7786357474894
505,a,0.843917101193152,-0.465316117047033,0.963698688631452,-28.8713126152785
505,b,-0.778173942749722,-0.440535267825197,0.894218098325271,-150.485186415922
505,c,0.0248882909643389,0.988226421778891,0.988539775491627,88.5573218603746
506,a,0.844823641316786,-0.470127836945857,0.966823235136157,-29.095082341566
506,b,-0.788119636967311,-0.4463618107918,0.90574357756863,-150.474388806541
506,c,0.0220802464749425,0.987900353611029,0.988147077083766,88.7196134409643
507,a,0.845393145529313,-0.472410147354388,0.968432195784166,-29.1966889379788
507,b,-0.793281133278288,-0.449180043237227,0.911623643647904,-150.480133704734
507,c,0.020646551409623,0.988065739379464,0.988281430272064,88.8029256765376
508,a,0.822719917474653,-0.446880650573751,0.936253373006858,-28.5096903523536
508,b,-0.780941674716456,-0.433585851017335,0.893233782114945,-150.960570978974
508,c,0.0160158808517812,0.990216240687096,0.990345753643617,89.0733717205128
509,a,0.822803030840668,-0.446999246567723,0.936383016715223,-28.5136396960917
509,b,-0.781072829252445,-0.43367253571641,0.89339052649506,-150.959793475719
509,c,0.0160123490909504,0.990231749831683,0.99036120365154,89.0735905286724
51,a,0.881869057346245,-0.519220748078532,1.02336856485823,-30.488430730873
51,b,-0.885239753033887,-0.489856204137645,1.01173540072671,-151.041615925729
51,c,0.0145751853945203,1.03292142787423,1.033024255374,89.1915733691029
510,a,0.823494378883604,-0.448557657566743,0.937735018123274,-28.5771444140895
510,b,-0.783968122085204,-0.435560158131227,0.896838150279693,-150.94414981807
510,c,0.0159198011582621,0.990588423341181,0.990716339083234,89.0792756313899
511,a,0.826457419278858,-0.45207508459986,0.942021097426719,-28.6788128225896
511,b,-0.786081901617456,-0.437692881657725,0.899722076368229,-150.8908017251
511,c,0.0162830581966998,0.990439185033128,0.990573024684866,89.0581284677812
512,a,0.844989802050007,-0.471085740679753,0.967434514910596,-29.1398697885928
512,b,-0.790055128506017,-0.447516245962256,0.907996639023961,-150.471190801729
512,c,0.0210160090678276,0.98596321400841,0.986187168855351,88.7789135599395
513,a,0.843940770579897,-0.465311402544344,0.963717139821003,-28.8703876981058
513,b,-0.776541978251751,-0.440080278274942,0.892573859864657,-150.458993647474
513,c,0.0249119603510841,0.98823113628158,0.988545084700196,88.5559573042093
514,a,0.843784346295476,-0.465040455490278,0.963449349107616,-28.8607687643532
514,b,-0.777736965184328,-0.440241577602598,0.893693142898698,-150.487770175091
514,c,0.0249808488153698,0.988230000552095,0.988545687764976,88.5519641608859
515,a,0.844823641316788,-0.470127836945858,0.966823235136159,-29.095082341566
515,b,-0.78811963696731,-0.446361810791801,0.905743577568629,-150.474388806541
515,c,0.0220802464749435,0.987900353611027,0.988147077083764,88.7196134409642
516,a,0.822937197655738,-0.446947386392776,0.936476159594473,-28.5069330953274
516,b,-0.780408451790301,-0.433537125361541,0.892743967043453,-150.946693315926
516,c,0.0162050014771636,0.98998942667777,0.990122046520859,89.0622169746748
517,a,0.822719917474653,-0.446880650573751,0.936253373006859,-28.5096903523536
517,b,-0.780941674716456,-0.433585851017335,0.893233782114945,-150.960570978974
517,c,0.0160158808517812,0.990216240687096,0.990345753643617,89.0733717205128
518,a,0.821211102128953,-0.44550488072859,0.934270984785916,-28.4797156674922
518,b,-0.780961633205971,-0.433564691722048,0.893240961022149,-150.962379019939
518,c,0.0159959223622612,0.990237399982361,0.990366587610894,89.0745460267036
519,a,0.823487736005595,-0.448551528988688,0.937726252970295,-28.5770097240665
519,b,-0.7839682098801,-0.435560063957868,0.896838181288905,-150.944157801315
519,c,0.0159197133633668,0.990588517514539,0.990716431833662,89.0792807956643
52,a,0.877413237273946,-0.511987995688536,1.0158669679996,-30.2644077633936
52,b,-0.867624285116289,-0.482866691720977,0.992941157419266,-150.902359139857
52,c,0.0158772102028999,1.02533554964404,1.02545847071818,89.1128519476249
520,a,0.826425388348745,-0.452045867637956,0.941978974795047,-28.6781886910948
520,b,-0.786082325308825,-0.43769243231412,0.899722227950371,-150.890839851574
520,c,0.01628263450533,0.990439634376733,0.990573467003206,89.0581533984431
521,a,0.844989730631383,-0.471085938682211,0.967434548947161,-29.1398820906256
521,b,-0.790055199924641,-0.447516443964714,0.907996798753601,-150.471182151546
521,c,0.021012055217156,0.985948976746011,0.986172850574865,88.7791255956887
522,a,0.843961643773635,-0.465307244991422,0.963733411479857,-28.8695720758018
522,b,-0.775102806569508,-0.439679039107511,0.891124019529512,-150.435814972575
522,c,0.0249328335448222,0.988235293834502,0.98854976716842,88.5547539626263
523,a,0.843712728756916,-0.464891743823017,0.963314850991744,-28.8550783864942
523,b,-0.777501228061346,-0.44008313997649,0.89340994494603,-150.489165301443
523,c,0.0250307811762948,0.98823193119972,0.988548880859729,88.5490738591207
524,a,0.844823641316788,-0.470127836945859,0.96682323513616,-29.095082341566
524,b,-0.788119636967309,-0.446361810791802,0.905743577568629,-150.47438880654
524,c,0.0220802464749442,0.987900353611026,0.988147077083763,88.7196134409642
525,a,0.823097141771644,-0.446996511911357,0.936640158467258,-28.5049042636075
525,b,-0.780015936149532,-0.433501257470145,0.892383438257024,-150.936467967206
525,c,0.0163442168030869,0.989822464527721,0.98995739539974,89.0540025307251
526,a,0.822937197655738,-0.446947386392776,0.936476159594473,-28.5069330953274
526,b,-0.780408451790301,-0.433537125361541,0.892743967043453,-150.946693315926
526,c,0.0162050014771637,0.98998942667777,0.990122046520859,89.0622169746748
527,a,0.820319512031189,-0.444691909960335,0.933099671312373,-28.4619431432278
527,b,-0.780973427088945,-0.433552188258184,0.893245203604538,-150.963447414964
527,c,0.0159841284792834,0.990249903446213,0.990378899027275,89.0752399252209
528,a,0.82348181775947,-0.448546068940609,0.937718443959868,-28.5768897244526
528,b,-0.783968288097975,-0.435559980057319,0.896838208915522,-150.944164913715
528,c,0.0159196351454922,0.990588601415088,0.990716514466507,89.079285396598
529,a,0.826400077627727,-0.452022780504079,0.941945689728316,-28.6776954652428
529,b,-0.786082660108159,-0.437692077244486,0.899722347730294,-150.890869978961
529,c,0.0162822997059964,0.990439989446367,0.990573816521634,89.058173098543
53,a,0.868382425011886,-0.49983709767761,1.00196065805215,-29.9245410948037
53,b,-0.8453797458798,-0.473593331592281,0.968998224184375,-150.741852642128
53,c,0.0170215621644259,1.01415390640071,1.01429674131702,89.0384377519946
530,a,0.84498922097231,-0.471087351671487,0.967434791840901,-29.1399698806238
530,b,-0.790055709583713,-0.44751785695399,0.907997938620191,-150.471120422022
530,c,0.0209838396654185,0.985847376496736,0.986070672554762,88.7806389083948
531,a,0.843702033095289,-0.464869534602972,0.963294765298301,-28.8542284253805
531,b,-0.777466022097124,-0.440059478241225,0.893367651029219,-150.489373731338
531,c,0.025038238283135,0.988232219530681,0.988549357945701,88.5486422110145
532,a,0.844823641316789,-0.470127836945859,0.96682323513616,-29.0950823415661
532,b,-0.788119636967309,-0.446361810791802,0.905743577568629,-150.47438880654
532,c,0.0220802464749446,0.987900353611025,0.988147077083762,88.7196134409642
533,a,0.823314905898616,-0.447063396370378,0.936863445038318,-28.5021431483926
533,b,-0.779481525581498,-0.433452423288205,0.89189262356927,-150.922532852351
533,c,0.016533758654872,0.98959514533791,0.989733255403504,89.042814160971
534,a,0.823097141771644,-0.446996511911357,0.936640158467258,-28.5049042636076
534,b,-0.780015936149532,-0.433501257470145,0.892383438257024,-150.936467967206
534,c,0.016344216803087,0.989822464527721,0.98995739539974,89.0540025307251
535,a,0.81961306399736,-0.444047755654187,0.93217164941692,-28.4478294371608
535,b,-0.780982771927408,-0.433542281185993,0.893248565419151,-150.964293946504
535,c,0.015974783640818,0.990259810518395,0.990388654034515,89.0757897208303
536,a,0.823475678251702,-0.44854040476124,0.937710343003359,-28.5767652363785
536,b,-0.783968369240131,-0.435559893020034,0.896838237575012,-150.944172292021
536,c,0.0159195540033365,0.990588688452372,0.9907166001887,89.079290169543
537,a,0.826318924722959,-0.451948757011205,0.941838969420612,-28.6761138168741
537,b,-0.786083733563885,-0.437690938796784,0.899722731778267,-150.890966575326
537,c,0.016281226250269,0.99044112789407,0.990574937171484,89.0582362622103
538,a,0.844989042403447,-0.471087798745881,0.967434853573683,-29.1399981568901
538,b,-0.790055888152576,-0.447518304028384,0.907998314340394,-150.471101429011
538,c,0.0209737003977828,0.985815138445588,0.986038226082979,88.7811880745601
539,a,0.844984521283258,-0.471100520563745,0.967437099600655,-29.1407866210036
539,b,-0.790060409272765,-0.447531025846248,0.908008518349494,-150.470543554135
539,c,0.0207243931829276,0.984900739680494,0.985118758067262,88.7945535935849
54,a,0.868679708977667,-0.500237643254768,1.00241814454778,-29.9359064947887
54,b,-0.846137729012213,-0.473905614657112,0.969812140603261,-150.747643394044
54,c,0.0169834859557972,1.01452237102648,1.01466451603887,89.0409366901562
540,a,0.843693868703837,-0.4648525814894,0.963279433293272,-28.8535795949817
540,b,-0.777439148091252,-0.440041416369423,0.8933353665367,-150.489532846816
540,c,0.0250439305667418,0.988232439624296,0.988549722160711,88.5483127184377
541,a,0.844823641316789,-0.47012783694586,0.96682323513616,-29.0950823415661
541,b,-0.788119636967308,-0.446361810791802,0.905743577568629,-150.47438880654
541,c,0.0220802464749451,0.987900353611024,0.988147077083761,88.7196134409642
542,a,0.823469008096305,-0.447110727591868,0.937021456543468,-28.5001900223928
542,b,-0.779103346474831,-0.433417865462434,0.891545327277471,-150.912662307694
542,c,0.016667889176369,0.989434281437993,0.989574664092767,89.0348935763214
543,a,0.823314905898616,-0.447063396370378,0.936863445038318,-28.5021431483926
543,b,-0.779481525581497,-0.433452423288205,0.89189262356927,-150.922532852351
543,c,0.016533758654872,0.98959514533791,0.989733255403503,89.0428141609709
544,a,0.819321154338099,-0.443781586233344,0.931788200303963,-28.44198933909
544,b,-0.780986633285187,-0.433538187508993,0.893249954603254,-150.964643737865
544,c,0.015970922283037,0.99026390419539,0.990392684903755,89.0760168973632
545,a,0.823457144068901,-0.448523305518138,0.937685887550318,-28.576389413932
545,b,-0.783968614195199,-0.435559630268522,0.896838324093475,-150.944194565934
545,c,0.0159193090482676,0.990588951203885,0.990716858970204,89.0793045782884
546,a,0.825662518459343,-0.451350017082965,0.940975787313052,-28.6633074481183
546,b,-0.786092416223669,-0.437681730448609,0.899725838248993,-150.891747893173
546,c,0.0162725435904779,0.990450336242244,0.990584001605759,89.0587471570535
547,a,0.844988845222631,-0.471088292418136,0.96743492174105,-29.1400293803431
547,b,-0.790056085333392,-0.447518797700639,0.907998729221439,-150.471080456407
547,c,0.0209625043302126,0.985779540273022,0.986002397871671,88.7817945214418
548,a,0.843686232889183,-0.464836725949668,0.963265094020513,-28.8529727522911
548,b,-0.777414013954915,-0.440024523854383,0.893305172204197,-150.489681671292
548,c,0.0250492543220809,0.98823264546867,0.988550062825398,88.5480045579989
549,a,0.844823641316789,-0.47012783694586,0.96682323513616,-29.0950823415661
549,b,-0.788119636967308,-0.446361810791802,0.905743577568629,-150.47438880654
549,c,0.0220802464749456,0.987900353611023,0.98814707708376,88.7196134409641
55,a,0.873470220460139,-0.506692139317537,1.00979559816671,-30.1176308119115
55,b,-0.858352067212095,-0.478937825539896,0.982929149033724,-150.839634599899
55,c,0.0163699159834059,1.02045990625843,1.02059119848756,89.0809568810302
550,a,0.823899961909358,-0.447243091508046,0.937463348689385,-28.4947315118484
550,b,-0.778045751382232,-0.433321222929034,0.890574238053547,-150.88501801568
550,c,0.0170429912875183,0.988984418216756,0.989131256723577,89.0127298192365
551,a,0.823469008096305,-0.447110727591869,0.937021456543468,-28.5001900223928
551,b,-0.779103346474831,-0.433417865462434,0.891545327277471,-150.912662307694
551,c,0.016667889176369,0.989434281437993,0.989574664092767,89.0348935763214
552,a,0.819280519429694,-0.443744830279084,0.9317349644166,-28.4411919899819
552,b,-0.780987171117482,-0.433537621856011,0.89325015030206,-150.964692204245
552,c,0.0159703844507421,0.990264469848372,0.990393241810333,89.0760485354475
553,a,0.818647444599383,-0.443163392092278,0.930901407582905,-28.4282817592979
553,b,-0.780995540894727,-0.433528684275859,0.893253130410078,-150.965454001059
553,c,0.0159620146734975,0.990273407428525,0.99040204329986,89.0765410102917
554,a,0.823438466066031,-0.448506073589698,0.937661242370626,-28.5760106553759
554,b,-0.783968861051051,-0.435559365478131,0.896838411283434,-150.944217012681
554,c,0.0159190621924161,0.990589215994275,0.990717119759843,89.0793190988341
555,a,0.825629830070456,-0.451320200421088,0.940932802919688,-28.6626690893244
555,b,-0.78609284861162,-0.43768127188189,0.899725992952566,-150.891786801896
555,c,0.0162721112025261,0.990450794808963,0.990584453007765,89.0587725988718
556,a,0.844988310751266,-0.471089630548744,0.967435106514556,-29.1401140135116
556,b,-0.790056619804757,-0.447520135831247,0.907999853783984,-150.4710236089
556,c,0.0209321566642273,0.985683049121648,0.985905283740971,88.7834385566331
557,a,0.843678090244551,-0.464819817992712,0.96324980309236,-28.8523256102901
557,b,-0.777387211531127,-0.440006510092505,0.89327297371852,-150.489840385131
557,c,0.0250549314436188,0.98823286497604,0.988550426133334,88.5476759435329
558,a,0.844823641316789,-0.47012783694586,0.966823235136161,-29.0950823415661
558,b,-0.788119636967308,-0.446361810791802,0.905743577568628,-150.47438880654
558,c,0.0220802464749458,0.987900353611023,0.98814707708376,88.7196134409641
559,a,0.824212014826795,-0.447338935992897,0.937783327341717,-28.4907822247964
559,b,-0.777279948588248,-0.433251244236232,0.889871203663537,-150.86496317305
559,c,0.0173146020833299,0.98865867302926,0.988810278668907,88.9966686746628
56,a,0.88606628795443,-0.524469861373186,1.02965144691694,-30.6216358620776
56,b,-0.891940732887582,-0.492957232707291,1.01910014437369,-151.071477069112
56,c,0.0143092548361598,1.03576154331192,1.03586038121836,89.2084975910515
560,a,0.823899961909358,-0.447243091508046,0.937463348689385,-28.4947315118483
560,b,-0.778045751382232,-0.433321222929034,0.890574238053547,-150.88501801568
560,c,0.0170429912875183,0.988984418216756,0.989131256723577,89.0127298192365
561,a,0.819265567013565,-0.443731305200651,0.93171537526711,-28.4408985667159
561,b,-0.780987369023484,-0.433537413712837,0.893250222313457,-150.9647100384
561,c,0.0159701865447397,0.990264677991544,0.990393446735171,89.0760601772957
562,a,0.8181377793592,-0.442695724716729,0.930230579317447,-28.4178945336711
562,b,-0.781002279551888,-0.433521495026068,0.893255533044651,-150.966066965934
562,c,0.0159552760163363,0.990280596678316,0.990409123034678,89.0769374981153
563,a,0.823263945943909,-0.448345065034518,0.937430969208902,-28.5724707177816
563,b,-0.783971167577806,-0.435556891377896,0.896839225959751,-150.944426746304
563,c,0.0159167556656607,0.99059169009451,0.990719556481661,89.0794547728954
564,a,0.825604037789721,-0.451296674033282,0.940898886814197,-28.6621653607695
564,b,-0.786093189780818,-0.43768091005673,0.899726115019381,-150.891817502227
564,c,0.0162717700333276,0.990451156634122,0.990584809179854,89.0587926733388
565,a,0.843670884997055,-0.464804856512752,0.963236272588172,-28.8517529514047
565,b,-0.777363494654663,-0.439990570110044,0.893244481991057,-150.489980837066
565,c,0.0250599550038477,0.988233059213293,0.98855074764367,88.5473851600068
566,a,0.844823641316789,-0.47012783694586,0.966823235136161,-29.0950823415661
566,b,-0.788119636967308,-0.446361810791802,0.905743577568629,-150.47438880654
566,c,0.0220802464749458,0.987900353611023,0.98814707708376,88.7196134409641
567,a,0.824246762299965,-0.447367532794268,0.937827507892792,-28.4913050933269
567,b,-0.777186908928579,-0.433258711071365,0.889793572762346,-150.8616263508
567,c,0.0173403794754065,0.988579084146775,0.98873115373838,88.9950943748551
568,a,0.824212014826796,-0.447338935992897,0.937783327341718,-28.4907822247964
568,b,-0.777279948588248,-0.433251244236232,0.889871203663537,-150.86496317305
568,c,0.01731460208333,0.98865867302926,0.988810278668907,88.9966686746628
569,a,0.82422197138434,-0.447336965354548,0.937791138092755,-28.4903862317738
569,b,-0.77659339453148,-0.433060728927613,0.889178775820275,-150.854147337061
569,c,0.0173245586408622,0.988660643667658,0.98881242339963,88.9960938394923
57,a,0.881843441778345,-0.519195852043851,1.02333385978722,-30.4879572137514
57,b,-0.885240090225382,-0.489855823046134,1.01173551124513,-151.041644054647
57,c,0.0145748482030243,1.03292180896574,1.03302463167012,89.191592367489
570,a,0.819243294275964,-0.443711158588866,0.931686195815097,-28.4404614680261
570,b,-0.780987663819216,-0.433537103668076,0.893250329579957,-150.964736603697
570,c,0.0159698917490073,0.990264988036305,0.990393751986056,89.0760775186869
571,a,0.82557487891636,-0.451270076813371,0.940860543824061,-28.6615958382306
571,b,-0.786093575481856,-0.437680501003567,0.89972625301954,-150.891852209775
571,c,0.0162713843322895,0.990451565687285,0.990585211842214,89.0588153680512
572,a,0.843663515307859,-0.46478955357454,0.963222433383709,-28.8511672063734
572,b,-0.777339236499982,-0.439974266337466,0.893215340016933,-150.490124503733
572,c,0.0250650932142384,0.988233257883523,0.988551076518012,88.5470877402717
573,a,0.824254989863907,-0.447374303992009,0.937837969047897,-28.4914288917856
573,b,-0.777164878844682,-0.43326047908089,0.889775191631612,-150.860836167274
573,c,0.0173464830887703,0.98856023896006,0.988712418516284,88.9947215726577
574,a,0.824246762299965,-0.447367532794268,0.937827507892792,-28.4913050933269
574,b,-0.777186908928579,-0.433258711071365,0.889793572762346,-150.8616263508
574,c,0.0173403794754065,0.988579084146775,0.98873115373838,88.9950943748551
575,a,0.82422323006791,-0.447336716231285,0.937792125511922,-28.4903361717773
575,b,-0.776506602052519,-0.433036644449847,0.889091243049628,-150.852778826144
575,c,0.0173258173244307,0.988660892790929,0.988812694538311,88.9960211704184
576,a,0.819229892261318,-0.443699035912659,0.931668637898859,-28.4401984425726
576,b,-0.780987841204538,-0.433536917107066,0.893250394124751,-150.964752588639
576,c,0.0159697143636857,0.990265174597315,0.990393935662527,89.0760879533927
577,a,0.825548926596319,-0.451246404445967,0.94082641742765,-28.6610889061034
577,b,-0.786093918767985,-0.437680136933307,0.899726375844326,-150.891883100583
577,c,0.0162710410461599,0.990451929757545,0.990585570224587,89.0588355670479
578,a,0.843625478234361,-0.464710570734154,0.963151006892594,-28.8481437411189
578,b,-0.777214033226422,-0.439890117904698,0.893064930043886,-150.490866157569
578,c,0.0250916129874686,0.988234283277399,0.988552774356083,88.5455526751113
579,a,0.824478035923467,-0.447557868530065,0.938121568563154,-28.4947839678666
579,b,-0.776567651835652,-0.43330840913167,0.889276950843638,-150.83940215385
579,c,0.0175119496739504,0.988049353275336,0.988204529887003,88.9846096641167
58,a,0.87741336897074,-0.511987970883037,1.01586706924554,-30.2644028114684
58,b,-0.86761519731373,-0.482864259977027,0.992932034014869,-150.902226735772
58,c,0.015877341899694,1.02533557444954,1.02545849755978,89.1128446116276
580,a,0.824254989863907,-0.447374303992009,0.937837969047897,-28.4914288917856
580,b,-0.777164878844682,-0.43326047908089,0.889775191631612,-150.860836167274
580,c,0.0173464830887703,0.98856023896006,0.988712418516284,88.9947215726577
581,a,0.824254989863907,-0.447374303992011,0.937837969047898,-28.4914288917857
581,b,-0.777164878844686,-0.433260479080892,0.889775191631616,-150.860836167274
581,c,0.0173464830887687,0.98856023896006,0.988712418516284,88.9947215726578
582,a,0.82422415889297,-0.447336532394826,0.937792854162288,-28.4902992308851
582,b,-0.776442554954957,-0.433018871701383,0.889026649991169,-150.851768782978
582,c,0.0173267461494888,0.988661076627392,0.988812894621709,88.9959675454833
583,a,0.819213720967226,-0.443684408308726,0.931647451988805,-28.4398810545558
583,b,-0.780988055243269,-0.433536691996661,0.893250472006632,-150.964771876573
583,c,0.015969500324955,0.990265399707721,0.990394157292399,89.0761005442331
584,a,0.825519055475952,-0.451219157551084,0.940787138036558,-28.6605053816986
584,b,-0.78609431389032,-0.437679717888438,0.899726517215979,-150.891918655891
584,c,0.0162706459238248,0.990452348802414,0.990585982722851,89.058858816075
585,a,0.843629891935901,-0.464709656207852,0.963154431615512,-28.8479694065865
585,b,-0.776909902818374,-0.439802796718973,0.892757244215405,-150.486129175526
585,c,0.0250960266889965,0.988235197803679,0.98855380062678,88.5452982883423
586,a,0.843532893908197,-0.464542486772652,0.962988818793893,-28.842041996422
586,b,-0.776966482544386,-0.439716892746677,0.892764168615759,-150.492715751437
586,c,0.025138276288173,0.988234214827912,0.988553891445115,88.5428488788118
587,a,0.82463434980441,-0.44768651319388,0.938320321091383,-28.4971340446547
587,b,-0.776149106572983,-0.433341999199416,0.888927850786657,-150.82436657116
587,c,0.0176279110325463,0.987691317252394,0.987848612603743,88.9775168967269
588,a,0.824478035923467,-0.447557868530065,0.938121568563154,-28.4947839678666
588,b,-0.776567651835652,-0.43330840913167,0.889276950843637,-150.83940215385
588,c,0.0175119496739504,0.988049353275336,0.988204529887003,88.9846096641167
589,a,0.824254989863907,-0.447374303992011,0.937837969047898,-28.4914288917857
589,b,-0.777164878844687,-0.433260479080892,0.889775191631617,-150.860836167274
589,c,0.017346483088768,0.98856023896006,0.988712418516284,88.9947215726578
59,a,0.867035807245764,-0.498022732113256,0.999888860197905,-29.8729286033854
59,b,-0.841946282692973,-0.472178771873058,0.965311522539778,-150.715499770015
59,c,0.0171940373225649,1.01248485906423,1.01263084327595,89.0270954896648
590,a,0.824225062646816,-0.447336353520553,0.93779356314501,-28.4902632871712
590,b,-0.776380236641972,-0.433001578681971,0.888963800719311,-150.850785862405
590,c,0.0173276499033337,0.988661255501669,0.988813089305208,88.9959153680344
591,a,0.819199521885394,-0.443671564652302,0.931628849885125,-28.4396023625188
591,b,-0.780988243178349,-0.43353649434018,0.893250540390308,-150.964788812193
591,c,0.0159693123898749,0.990265597364202,0.990394351892863,89.0761115995201
592,a,0.825488427412917,-0.451191220212152,0.940746863395878,-28.6599070200237
592,b,-0.786094719025167,-0.437679288224854,0.899726662170389,-150.89195511217
592,c,0.0162702407889775,0.990452778465999,0.990586405674108,89.0588826542189
593,a,0.843630146284803,-0.464709603506336,0.963154628972697,-28.8479593602275
593,b,-0.776892376659266,-0.439797764650643,0.892739513353691,-150.485856097396
593,c,0.0250962810378981,0.988235250505193,0.988553859768397,88.5452836287818
594,a,0.843090461782763,-0.463739265024231,0.962213922511146,-28.812855230123
594,b,-0.775783513688397,-0.438889102795437,0.891326934779432,-150.501571628261
594,c,0.0253612659038618,0.988233887728783,0.988559260066786,88.5299283494471
595,a,0.825061538240087,-0.4475983298347,0.93865372036439,-28.4799623433084
595,b,-0.775196504345972,-0.433063361916015,0.8879603007929,-150.810100310466
595,c,0.0180550994682214,0.987779500611575,0.987944496642023,88.9528373355623
596,a,0.824620824755339,-0.447727557937043,0.938328018742084,-28.4997306758006
596,b,-0.776162631622054,-0.433383043942579,0.888959669222068,-150.82248171419
596,c,0.0176047931874922,0.987595740490402,0.987752638760313,88.9787587295083
597,a,0.824254989863907,-0.447374303992011,0.937837969047898,-28.4914288917857
597,b,-0.777164878844688,-0.433260479080893,0.889775191631619,-150.860836167274
597,c,0.0173464830887674,0.988560238960061,0.988712418516285,88.9947215726579
598,a,0.824233552189099,-0.44733467323924,0.937800223094619,-28.489925647356
598,b,-0.775794840568205,-0.432839134206465,0.88837342978775,-150.841545866823
598,c,0.0173361394456066,0.988662935783022,0.988814918132803,88.9954252326357
599,a,0.819106607833968,-0.443587520052266,0.931507124472695,-28.4377784201364
599,b,-0.780989472962775,-0.433535200942154,0.893250987872181,-150.964899633176
599,c,0.0159680826054484,0.990266890762228,0.990395625294248,89.0761839415205
6,a,0.894629323731718,-0.536179430709919,1.04300048360348,-30.9355799301806
6,b,-0.911363968912618,-0.501870901398676,1.04041274766454,-151.159254465205
6,c,0.013493260219911,1.04402696614183,1.04411415760092,89.2595365385472
60,a,0.868679708977667,-0.500237643254768,1.00241814454778,-29.9359064947887
60,b,-0.846137729012212,-0.473905614657112,0.969812140603261,-150.747643394044
60,c,0.0169834859557975,1.01452237102648,1.01466451603887,89.0409366901562
600,a,0.825451612605143,-0.451157639643857,0.940698453576622,-28.6591877239076
600,b,-0.786095205995613,-0.437678771770964,0.899726836405486,-150.891998932454
600,c,0.0162697538185312,0.990453294919888,0.990586914060033,89.0589113075445
601,a,0.843630274028246,-0.464709577037683,0.9631547280928,-28.8479543145753
601,b,-0.77688357437274,-0.439795237359467,0.892730608265581,-150.485718943348
601,c,0.0250964087813412,0.988235276973847,0.988553889471533,88.5452762662081
602,a,0.843084978378664,-0.46375442885263,0.962216426303449,-28.8138037474571
602,b,-0.775788997092496,-0.438904266623836,0.891339174091652,-150.500896804356
602,c,0.0250574926308216,0.987143467367197,0.987461443856253,88.5459253060557
603,a,0.842607374219147,-0.462689297746776,0.961284855460592,-28.7718984614277
603,b,-0.774355459364072,-0.437810248294425,0.889552803918109,-150.516761240878
603,c,0.0256725967424816,0.988477457454093,0.988810783779389,88.5122565695247
604,a,0.825442498294014,-0.447519689275959,0.938951111762223,-28.4646591727494
604,b,-0.7743469883819,-0.432814877487024,0.887097501174604,-150.797351629173
604,c,0.0184360595221485,0.987858141170316,0.988030159138463,88.9308325279843
605,a,0.825061538240087,-0.4475983298347,0.93865372036439,-28.4799623433084
605,b,-0.775196504345972,-0.433063361916015,0.8879603007929,-150.810100310466
605,c,0.0180550994682214,0.987779500611575,0.987944496642023,88.9528373355623
606,a,0.825061538240087,-0.4475983298347,0.93865372036439,-28.4799623433084
606,b,-0.775196504345972,-0.433063361916016,0.8879603007929,-150.810100310466
606,c,0.0180550994682214,0.987779500611575,0.987944496642023,88.9528373355623
607,a,0.824609302480022,-0.447760903019148,0.938333804149201,-28.5018557402236
607,b,-0.776174153897371,-0.433416389024685,0.888985986083862,-150.82096733303
607,c,0.0169742959488319,0.985200747129378,0.985346963697176,89.0129328420269
608,a,0.824620824755339,-0.447727557937043,0.938328018742084,-28.4997306758006
608,b,-0.776162631622054,-0.433383043942579,0.888959669222068,-150.82248171419
608,c,0.0176047931874922,0.987595740490403,0.987752638760313,88.9787587295083
609,a,0.824254989863907,-0.447374303992012,0.937837969047898,-28.4914288917857
609,b,-0.77716487884469,-0.433260479080894,0.88977519163162,-150.860836167274
609,c,0.0173464830887665,0.98856023896006,0.988712418516285,88.9947215726579
61,a,0.87347022046014,-0.506692139317535,1.00979559816671,-30.1176308119114
61,b,-0.858352067212094,-0.478937825539894,0.982929149033723,-150.839634599899
61,c,0.0163699159834065,1.02045990625843,1.02059119848756,89.0809568810302
610,a,0.824237503298456,-0.4473338912212,0.937803322706191,-28.4897685083837
610,b,-0.775522391968837,-0.432763531086099,0.888098673731233,-150.837241300621
610,c,0.0173400905549583,0.988663717801081,0.988815769310295,88.9951971198298
611,a,0.818421525060081,-0.442967834365986,0.930609636187247,-28.424315224623
611,b,-0.780998540526973,-0.433525664336079,0.893254287391502,-150.965716745622
611,c,0.0159590150412511,0.990276427368303,0.990405014507911,89.0767173347374
612,a,0.825428532341854,-0.451136587018445,0.940668104142305,-28.6587367386996
612,b,-0.78609551129141,-0.437678447991146,0.899726945638755,-150.892026404643
612,c,0.0162694485227333,0.990453618699705,0.990587232781937,89.0589292711246
613,a,0.84363038114805,-0.464709554842281,0.963154811210386,-28.8479500835232
613,b,-0.776876193178256,-0.439793118088794,0.892723140870339,-150.485603930133
613,c,0.0250965159011441,0.988235299169247,0.988553914379235,88.5452700922911
614,a,0.843082084770247,-0.463762430849325,0.962217747668282,-28.8143042808448
614,b,-0.775791890700913,-0.43891226862053,0.891345632862425,-150.500540705274
614,c,0.0248971905842187,0.98656804934615,0.986882154104356,88.5543812925802
615,a,0.842144661579052,-0.461683614372674,0.960395434603014,-28.7325948245961
615,b,-0.772987635316481,-0.436776896057608,0.887853558466644,-150.531367126477
615,c,0.0259707967482988,0.988710754270516,0.989051787265922,88.49533855177
616,a,0.825442498294015,-0.44751968927596,0.938951111762224,-28.4646591727494
616,b,-0.773306160479878,-0.432541670550411,0.886055706261559,-150.779935212069
616,c,0.0184360595221485,0.987858141170316,0.988030159138463,88.9308325279843
617,a,0.825442498294014,-0.44751968927596,0.938951111762223,-28.4646591727494
617,b,-0.7743469883819,-0.432814877487024,0.887097501174604,-150.797351629173
617,c,0.0184360595221486,0.987858141170316,0.988030159138463,88.9308325279843
618,a,0.825442498294015,-0.447519689275959,0.938951111762223,-28.4646591727494
618,b,-0.7743469883819,-0.432814877487024,0.887097501174604,-150.797351629173
618,c,0.0184360595221486,0.987858141170316,0.988030159138463,88.9308325279843
619,a,0.824606590484801,-0.44776875144325,0.938335166046768,-28.5023559123251
619,b,-0.776176865892591,-0.433424237448787,0.888992180367695,-150.820610906529
619,c,0.0168258959626333,0.984637038107469,0.984780791642482,89.0210006680046
62,a,0.886066287954429,-0.524469861373186,1.02965144691694,-30.6216358620776
62,b,-0.891940732887582,-0.492957232707291,1.01910014437369,-151.071477069112
62,c,0.0143092548361598,1.03576154331192,1.03586038121836,89.2084975910515
620,a,0.824254989863907,-0.447374303992012,0.937837969047898,-28.4914288917858
620,b,-0.777164878844691,-0.433260479080894,0.889775191631622,-150.860836167274
620,c,0.0173464830887659,0.98856023896006,0.988712418516284,88.994721572658
621,a,0.824239357714414,-0.447333524188399,0.937804777482117,-28.4896947570455
621,b,-0.775394520785138,-0.432728047473723,0.887969721293488,-150.835220074507
621,c,0.0173419449709139,0.988664084833891,0.988816168807837,88.9950900573686
622,a,0.825329341132861,-0.451046109915093,0.940537673144644,-28.656798224633
622,b,-0.786096823350069,-0.437677056494388,0.89972741508896,-150.892144470797
622,c,0.0162681364640746,0.990455010196463,0.990588602542595,89.0590064724183
623,a,0.843630468500499,-0.464709536742708,0.963154878989872,-28.8479466332488
623,b,-0.776870174072534,-0.439791389897746,0.892717051473579,-150.485510139458
623,c,0.0250966032535936,0.988235317268819,0.988553934690602,88.5452650576782
624,a,0.842151376726977,-0.461682262960289,0.960400673289683,-28.7323315446519
624,b,-0.772524710419078,-0.436646841209585,0.887386551704717,-150.523973864154
624,c,0.0259775118962246,0.988712105682905,0.989053314563094,88.4949517336074
625,a,0.841944079416098,-0.461415463382417,0.960090653382393,-28.7243169644188
625,b,-0.772753259239107,-0.436540534782392,0.887533232151202,-150.537208266497
625,c,0.0259843057586677,0.988761585775703,0.989102956042213,88.4946336029318
626,a,0.825442498294015,-0.44751968927596,0.938951111762224,-28.4646591727494
626,b,-0.77188831351948,-0.432169499873699,0.884636674103572,-150.756144049241
626,c,0.0184360595221485,0.987858141170316,0.988030159138463,88.9308325279843
627,a,0.824254989863906,-0.447374303992013,0.937837969047898,-28.4914288917858
627,b,-0.777164878844692,-0.433260479080895,0.889775191631623,-150.860836167274
627,c,0.0173464830887651,0.98856023896006,0.988712418516284,88.994721572658
628,a,0.824240594638551,-0.447333279371842,0.937805747841032,-28.4896455638889
628,b,-0.775309228727054,-0.432704379355228,0.88788370863674,-150.833871559005
628,c,0.0173431818950497,0.988664329650453,0.988816435280798,88.9950186450984
629,a,0.824911162749267,-0.450664669168313,0.939987803359667,-28.6486197642572
629,b,-0.786102354833904,-0.437671190108939,0.899729394277404,-150.892642222358
629,c,0.01626260498024,0.990460876581912,0.990594377310993,89.0593319415774
63,a,0.881720649927416,-0.519076509377265,1.02316749708721,-30.4856868963324
63,b,-0.885241706600552,-0.489853996230027,1.01173604103421,-151.04177889451
63,c,0.0145732318278545,1.03292363578184,1.03302643550042,89.1916834387501
630,a,0.843630605618324,-0.464709508331667,0.963154985383869,-28.8479412173271
630,b,-0.776860725835081,-0.439788677142706,0.892707492904557,-150.48536291292
630,c,0.0250967403714186,0.98823534567986,0.988553966573531,88.5452571548072
631,a,0.842153023300009,-0.461681931590196,0.960401957833386,-28.7322669881125
631,b,-0.772411199940926,-0.436614951397505,0.887272042599127,-150.522159827446
631,c,0.0259791584692566,0.988712437052998,0.98905368906751,88.4948568848957
632,a,0.841897931570375,-0.461353770007758,0.960020535344347,-28.7224117372287
632,b,-0.772699336443078,-0.436486155252812,0.887459536129369,-150.538552731548
632,c,0.0259874137704533,0.988773280556658,0.989114728440161,88.4944714259983
633,a,0.825442498294016,-0.44751968927596,0.938951111762225,-28.4646591727494
633,b,-0.771472443171512,-0.432060338057825,0.884220485114241,-150.749151352215
633,c,0.0184360595221485,0.987858141170316,0.988030159138463,88.9308325279843
634,a,0.824254989863906,-0.447374303992013,0.937837969047898,-28.4914288917858
634,b,-0.777164878844693,-0.433260479080895,0.889775191631624,-150.860836167274
634,c,0.0173464830887643,0.98856023896006,0.988712418516285,88.9947215726581
635,a,0.824242485665207,-0.447332905092918,0.937807231340443,-28.4895703569104
635,b,-0.775178833054009,-0.432668195209714,0.887752212253513,-150.831809424812
635,c,0.0173450729217035,0.988664703929386,0.988816842671301,88.9949094691108
636,a,0.843630932583707,-0.464709440583895,0.963155239086541,-28.8479283027534
636,b,-0.776838195966547,-0.439782208421452,0.892684699967804,-150.485011830003
636,c,0.0250970673368009,0.988235413427629,0.988554042600294,88.5452383099565
637,a,0.84215415395615,-0.461681704047523,0.960402839894709,-28.7322226590231
637,b,-0.77233325543639,-0.436593053545935,0.887193412879928,-150.520913907459
637,c,0.0259802891253974,0.988712664595672,0.989053946230899,88.4947917549513
638,a,0.841875030798129,-0.461323154799183,0.959985739808265,-28.7214661688805
638,b,-0.772672577367951,-0.436459169524611,0.887422964813592,-150.539220002429
638,c,0.0259889561148233,0.98877908406733,0.989120570471045,88.4943909474663
639,a,0.825442498294015,-0.44751968927596,0.938951111762224,-28.4646591727494
639,b,-0.770095989916386,-0.431699032815629,0.882843071343513,-150.725959808338
639,c,0.0184360595221484,0.987858141170316,0.988030159138463,88.9308325279843
64,a,0.877413447844095,-0.511987956026997,1.01586712988184,-30.2643998457553
64,b,-0.867609754618791,-0.482862803602903,0.992926570000488,-150.902147437656
64,c,0.0158774207730487,1.02533558930558,1.02545851363525,89.112840218091
640,a,0.824254989863906,-0.447374303992013,0.937837969047898,-28.4914288917858
640,b,-0.777164878844693,-0.433260479080896,0.889775191631625,-150.860836167274
640,c,0.0173464830887639,0.98856023896006,0.988712418516284,88.9947215726581
641,a,0.824246178817912,-0.447332174130603,0.937810128601915,-28.4894234792567
641,b,-0.774924171846006,-0.432597528001272,0.887495404688965,-150.827780339041
641,c,0.0173487660744038,0.988665434891718,0.988817638310489,88.9946962499568
642,a,0.843631158790808,-0.464709393713408,0.963155414607738,-28.8479193679635
642,b,-0.776822608945697,-0.439777733113799,0.892668930965961,-150.484768926982
642,c,0.0250972935439011,0.988235460298115,0.988554095198566,88.5452252723729
643,a,0.842155721290272,-0.461681388624129,0.960404062623562,-28.7321612094457
643,b,-0.772225207483373,-0.436562698384249,0.887084415765081,-150.519186427398
643,c,0.0259818564595193,0.988712980019066,0.989054302717128,88.4947014708083
644,a,0.841849864638654,-0.461289511076906,0.959947502534222,-28.7204269840874
644,b,-0.772643171235055,-0.436429514317697,0.887382775933669,-150.539953344423
644,c,0.0259906510307831,0.988785461672132,0.989126990408803,88.4943025089437
645,a,0.824254989863906,-0.447374303992013,0.937837969047898,-28.4914288917858
645,b,-0.777164878844694,-0.433260479080896,0.889775191631625,-150.860836167274
645,c,0.0173464830887636,0.988560238960061,0.988712418516285,88.9947215726581
646,a,0.824247199700119,-0.447331972073856,0.937810929480444,-28.4893828786631
646,b,-0.774853776951203,-0.432577993770899,0.887424417260648,-150.82666618492
646,c,0.0173497869566099,0.988665636948469,0.988817858248,88.9946373107701
647,a,0.84363144641177,-0.464709334117866,0.963155637781914,-28.8479080074369
647,b,-0.776802790142849,-0.439772042787154,0.892648880798549,-150.484460064864
647,c,0.0250975811648626,0.988235519893654,0.988554162077025,88.5452086951662
648,a,0.842159437907833,-0.461680640661009,0.960406962083468,-28.7320154947605
648,b,-0.771968993499446,-0.436490717225042,0.886825954259447,-150.515088358617
648,c,0.0259855730770793,0.988713727982188,0.989055148062321,88.4944873803862
649,a,0.841820826639009,-0.461250691232485,0.959903382807681,-28.7192278167417
649,b,-0.77260924093761,-0.436395296625932,0.887336404132855,-150.540799594401
649,c,0.0259926067113505,0.988792820478158,0.989134398063682,88.4942004654878
65,a,0.866813957449438,-0.497701478644728,0.999536491917281,-29.8632943961476
65,b,-0.841227231850864,-0.471913941685312,0.964554832015493,-150.708327904762
65,c,0.0172501396577535,1.01212280173338,1.01226979264761,89.0235725218395
650,a,0.824254989863906,-0.447374303992013,0.937837969047898,-28.4914288917858
650,b,-0.777164878844694,-0.433260479080897,0.889775191631626,-150.860836167274
650,c,0.0173464830887635,0.988560238960061,0.988712418516285,88.9947215726581
651,a,0.824247496078599,-0.447331913413542,0.937811161988415,-28.4893710916725
651,b,-0.774833340184091,-0.432572322670488,0.88740380853441,-150.826342694721
651,c,0.0173500833350896,0.988665695608785,0.988817922099583,88.9946201997837
652,a,0.843631621139056,-0.464709297914081,0.963155773358345,-28.8479011060163
652,b,-0.776790750388836,-0.43976858596216,0.892636700505199,-150.484272426983
652,c,0.0250977558921482,0.988235556097437,0.988554202705159,88.5451986246554
653,a,0.842162263149367,-0.461680072085835,0.960409166154742,-28.7319047281868
653,b,-0.771774228668975,-0.436435999687556,0.886629483979,-150.511971552904
653,c,0.0259883983186134,0.988714296557363,0.989055790673149,88.494324636646
654,a,0.841791471196568,-0.461211447010347,0.959858781192662,-28.7180154280714
654,b,-0.772574939714873,-0.436360704867086,0.887289525593276,-150.541655185476
654,c,0.0259945837713763,0.988800259730496,0.989141886702076,88.4940973080485
655,a,0.824254989863907,-0.447374303992013,0.937837969047899,-28.4914288917858
655,b,-0.777164878844694,-0.433260479080897,0.889775191631626,-150.860836167274
655,c,0.0173464830887636,0.988560238960062,0.988712418516286,88.9947215726581
656,a,0.824247662679281,-0.44733187969995,0.937811292333456,-28.4893644262535
656,b,-0.774821856144164,-0.43256908306745,0.887392202120631,-150.826163888038
656,c,0.0173502499357709,0.988665729322378,0.988817958731223,88.994610582085
657,a,0.824247976768655,-0.447331822200918,0.937811540961624,-28.4893521854962
657,b,-0.77480017348285,-0.432563399743339,0.88737049963731,-150.825801849391
657,c,0.0173505640251452,0.988665786821408,0.988818021732606,88.9945924438445
658,a,0.843631778880522,-0.464709265229787,0.963155895754951,-28.8478948755074
658,b,-0.776779881059341,-0.439765465186616,0.892625704306887,-150.484103025605
658,c,0.0250979136336135,0.98823558878173,0.988554239383724,88.545189533133
659,a,0.842164246426055,-0.46167967295469,0.960410713381475,-28.7318269720364
659,b,-0.771637506713307,-0.436397588806513,0.886491566391281,-150.509782777284
659,c,0.0259903815953008,0.988714695688508,0.989056241780966,88.4942103931361
66,a,0.865936022735977,-0.496976599120982,0.998414210408516,-29.8523062598874
66,b,-0.841960784133082,-0.472162733293115,0.965316325734119,-150.716751091794
66,c,0.0171795358824551,1.01250089764418,1.01264663342323,89.0279312745901
660,a,0.841758926896945,-0.461167939721152,0.959809335043866,-28.7166712069311
660,b,-0.772536912378972,-0.436322355434382,0.887237554908404,-150.542603824372
660,c,0.0259967755977809,0.988808507102598,0.989150188828749,88.4939829465285
661,a,0.824254989863908,-0.447374303992014,0.9378379690479,-28.4914288917858
661,b,-0.777164878844694,-0.433260479080897,0.889775191631626,-150.860836167274
661,c,0.0173464830887639,0.988560238960062,0.988712418516286,88.9947215726581
662,a,0.824247818603355,-0.447331848146894,0.937811414325345,-28.4893581879896
662,b,-0.774811108059135,-0.432566051074429,0.887381339511909,-150.825996535946
662,c,0.0173504058598447,0.988665760875434,0.988817993015349,88.9946015807374
663,a,0.82424861107079,-0.447331701839863,0.937812041041847,-28.4893272375767
663,b,-0.774756407839757,-0.432551625354259,0.887326546478452,-150.825088106274
663,c,0.0173511983272804,0.988665907182463,0.988818153205287,88.9945558180663
664,a,0.843632044917086,-0.464709210106569,0.963156102181186,-28.8478843675372
664,b,-0.77676154955047,-0.439760201888214,0.892607158846942,-150.48381731473
664,c,0.0250981796701773,0.988235643904947,0.988554301243478,88.5451741999604
665,a,0.842166324081797,-0.461679254829917,0.960412334238661,-28.7317455159389
665,b,-0.771494278510153,-0.43635735005008,0.886347087046959,-150.507489112896
665,c,0.025992459251043,0.988715113813282,0.989056714360065,88.4940907131822
666,a,0.841711600665082,-0.461104671004971,0.959737430924092,-28.714716180524
666,b,-0.772481612663298,-0.436266587322455,0.887161979075339,-150.543983542463
666,c,0.0259999629727077,0.988820500510012,0.989162261867816,88.4938166443376
667,a,0.824254989863908,-0.447374303992014,0.9378379690479,-28.4914288917858
667,b,-0.777164878844694,-0.433260479080897,0.889775191631626,-150.860836167274
667,c,0.0173464830887641,0.988560238960062,0.988712418516286,88.9947215726581
668,a,0.82424797922527,-0.447331815643175,0.937811539992743,-28.4893517617746
668,b,-0.774800036144705,-0.432562927730393,0.887370149631215,-150.825824137414
668,c,0.0173505664817599,0.988665793379153,0.988818028332447,88.9945923081885
669,a,0.824251246255186,-0.447331201804384,0.937814118608256,-28.4892235926673
669,b,-0.774574585119381,-0.432502709097075,0.887143946205558,-150.822122130062
669,c,0.0173538335116762,0.988666407217942,0.988818699407927,88.9944036577507
67,a,0.868679708977668,-0.500237643254768,1.00241814454778,-29.9359064947887
67,b,-0.846137729012212,-0.473905614657112,0.969812140603261,-150.747643394044
67,c,0.0169834859557978,1.01452237102648,1.01466451603887,89.0409366901561
670,a,0.843632306467006,-0.46470915591299,0.963156305126122,-28.8478740367859
670,b,-0.776743527198212,-0.439755027354109,0.892588926173483,-150.483536410729
670,c,0.0250984412200966,0.988235698098523,0.988554362060051,88.5451591253801
671,a,0.842168029857732,-0.461678911545338,0.96041366497991,-28.7316786398818
671,b,-0.771376686737263,-0.436324313632644,0.886228469136912,-150.505605432677
671,c,0.0259941650269782,0.988715457097861,0.989057102355411,88.4939924548405
672,a,0.841551392572393,-0.46095719204493,0.959526070119244,-28.7115889951036
672,b,-0.772483730385517,-0.436264320743407,0.887162708449826,-150.544178259898
672,c,0.0259978452504888,0.988822767089062,0.989164472002173,88.4939427185313
673,a,0.841706623643802,-0.461030092926104,0.959697237085374,-28.7109540351272
673,b,-0.772280062902195,-0.436165319805184,0.886936684187195,-150.543277071616
673,c,0.0260582324842306,0.988801411687537,0.989144712989696,88.4904135108093
674,a,0.824254989863908,-0.447374303992014,0.9378379690479,-28.4914288917858
674,b,-0.777164878844694,-0.433260479080897,0.889775191631626,-150.860836167274
674,c,0.0173464830887643,0.988560238960062,0.988712418516286,88.9947215726581
675,a,0.824249140557831,-0.447331580633979,0.937812448596636,-28.4893052988463
675,b,-0.774719983713982,-0.43254034525076,0.887289244516938,-150.824577527886
675,c,0.017351727814321,0.988666028388349,0.988818283683779,88.994525265595
676,a,0.824252365354749,-0.447330989451317,0.937815000901773,-28.4891795773009
676,b,-0.774497369374159,-0.43248193553674,0.88706640097182,-150.820862181764
676,c,0.0173549526112393,0.988666619571008,0.988818931369188,88.9943390389677
677,a,0.843632430218175,-0.464709130271542,0.963156401148618,-28.8478691488389
677,b,-0.776735000003226,-0.439752579046549,0.892580299473444,-150.483403498264
677,c,0.0250985649712656,0.98823572373997,0.988554390835162,88.5451519929107
678,a,0.842170854153008,-0.461678343160597,0.960415868323884,-28.7315679119527
678,b,-0.771181987139439,-0.43626961442172,0.886032072645234,-150.502485468032
678,c,0.0259969893222533,0.988716025482602,0.989057744775266,88.493829766251
679,a,0.841455187629418,-0.460868630944785,0.95939914935202,-28.7097104584513
679,b,-0.772485002077489,-0.436262959662925,0.887163146444053,-150.544295187543
679,c,0.0259965735585169,0.988824128169545,0.989165799189926,88.4940184258008
68,a,0.87347022046014,-0.506692139317534,1.00979559816671,-30.1176308119113
68,b,-0.858352067212094,-0.478937825539894,0.982929149033722,-150.8396345999
68,c,0.0163699159834066,1.02045990625843,1.02059119848756,89.0809568810302
680,a,0.841675108007637,-0.460557847487138,0.959442816598078,-28.6871239548172
680,b,-0.771003803754034,-0.43552407074281,0.885510068604291,-150.538795191415
680,c,0.0264272083477226,0.98868053690119,0.989033670502819,88.4688612892887
681,a,0.824254989863908,-0.447374303992014,0.9378379690479,-28.4914288917858
681,b,-0.777164878844694,-0.433260479080897,0.889775191631626,-150.860836167274
681,c,0.0173464830887643,0.988560238960062,0.988712418516286,88.9947215726581
682,a,0.82425759751074,-0.44732986927087,0.93781906516986,-28.4889669533486
682,b,-0.774137033007571,-0.432375897121759,0.886700097149883,-150.815492718653
682,c,0.01736018476723,0.988667739751458,0.98882014322141,88.9940370550146
683,a,0.843632566142049,-0.464709102107889,0.963156506616313,-28.8478637800931
683,b,-0.77672563403614,-0.439749889912777,0.892570824219088,-150.483257508988
683,c,0.0250987008951396,0.988235751903622,0.988554422440738,88.5451441588611
684,a,0.842179981438679,-0.46167650630949,0.960422988903426,-28.7312100755611
684,b,-0.770552775716277,-0.436092842775882,0.885397395345395,-150.492393202326
684,c,0.0260061166079248,0.988717862333709,0.989059820940455,88.4933040063691
685,a,0.841365943612945,-0.460786477699475,0.959281412882784,-28.7079673992269
685,b,-0.772486181755952,-0.436261697063673,0.887163552750431,-150.544403654764
685,c,0.0259953938800536,0.988825390768797,0.989167030350307,88.4940886550751
686,a,0.841652549182357,-0.460219815207192,0.959260804919341,-28.6700586736862
686,b,-0.770090260172546,-0.435065066028986,0.884488903543411,-150.53557819279
686,c,0.0266913204853731,0.988594014986428,0.988954272479895,88.4534312844334
687,a,0.843632696599866,-0.464709075076812,0.963156607842726,-28.8478586272478
687,b,-0.776716644713077,-0.439747308920124,0.892561730009097,-150.483117387625
687,c,0.025098831352956,0.988235778934697,0.98855445277534,88.5451366398513
688,a,0.842201308472019,-0.461672214279394,0.960439627165404,-28.7303739671997
688,b,-0.769082545301409,-0.435679793933107,0.883914500576208,-150.468754878678
688,c,0.0260274436412645,0.988722154363805,0.989064672482191,88.4920755118969
689,a,0.841278865292205,-0.460706318077266,0.959166534395175,-28.7062662265746
689,b,-0.77248733280701,-0.436260465104076,0.887163949199985,-150.544509489701
689,c,0.0259942428289955,0.988826622728396,0.989168231635397,88.4941571799183
69,a,0.886066287954429,-0.524469861373186,1.02965144691694,-30.6216358620776
69,b,-0.891940732887582,-0.492957232707291,1.01910014437369,-151.071477069112
69,c,0.0143092548361598,1.03576154331192,1.03586038121836,89.2084975910515
690,a,0.841645595994447,-0.46023918977346,0.95926399966859,-28.6712732657317
690,b,-0.77009721336041,-0.435084440595263,0.884504487537266,-150.534707033823
690,c,0.0263068950442023,0.98720108251436,0.987551532855067,88.4735456047799
691,a,0.841708105713882,-0.45890854204772,0.958681169726836,-28.5997053711825
691,b,-0.767356351975451,-0.433407669713089,0.881293355860126,-150.54196690796
691,c,0.0276051513977137,0.989141553659597,0.989526683601717,88.4013933901879
692,a,0.843632853930911,-0.464709042477558,0.963156729920952,-28.8478524129606
692,b,-0.776705803664021,-0.439744196264392,0.892550762474376,-150.482948398626
692,c,0.0250989886840006,0.98823581153395,0.988554489358642,88.5451275719884
693,a,0.841213550711947,-0.460646192984892,0.9590803683805,-28.7049899655237
693,b,-0.772488196172497,-0.43625954105176,0.887164246565725,-150.544588872939
693,c,0.0259933794635093,0.988827546780713,0.989169132680704,88.4942085780369
694,a,0.841645186982711,-0.460240316590927,0.959264181436417,-28.671344038006
694,b,-0.770097622372143,-0.43508556741273,0.884505397922525,-150.534656515603
694,c,0.0262842138191051,0.987120045709621,0.987469920826884,88.4747359123821
695,a,0.8416449227348,-0.460241101678947,0.959264326262536,-28.6713927533269
695,b,-0.770097886620058,-0.435086352500749,0.884506014173497,-150.534620657772
695,c,0.0262698617298002,0.987063694319376,0.987413207466214,88.4754813775839
696,a,0.841719428375691,-0.458906432377279,0.958690101014057,-28.5992707462142
696,b,-0.766574904708702,-0.433200209127857,0.880510934467923,-150.528714178757
696,c,0.0276164740595234,0.989143663330038,0.98952910838714,88.4007414476229
697,a,0.841683887623799,-0.458642612425046,0.958532635134341,-28.5864420473929
697,b,-0.766863985235667,-0.433089171492625,0.880708011951576,-150.544255758793
697,c,0.0277595699091907,0.989248523704569,0.989637931454334,88.3926294732078
698,a,0.843633104893842,-0.464708990477622,0.963156924651199,-28.8478425003891
698,b,-0.776688510818533,-0.439739231184504,0.892533267884312,-150.482678831186
698,c,0.0250992396469315,0.988235863533885,0.988554547713689,88.5451131076007
699,a,0.841109794198179,-0.46055068031452,0.958943488968078,-28.7029620691933
699,b,-0.772489567685451,-0.436258073133778,0.887164718954294,-150.544714978334
699,c,0.0259920079505547,0.988829014698696,0.989170564052174,88.494290227142
7,a,0.888903337305242,-0.528349399769271,1.03407070904699,-30.7265475214535
7,b,-0.898375913189121,-0.495910451475959,1.02616102892357,-151.100962794886
7,c,0.0140389048041775,1.03849998947559,1.03859487722062,89.2254973435802
70,a,0.881286622843526,-0.518654673977195,1.02257947487779,-30.4776561826843
70,b,-0.885247419932472,-0.489847539061561,1.01173791370185,-151.042255506053
70,c,0.0145675184959346,1.03293009295031,1.03303281144282,89.1920053418783
700,a,0.841645059000389,-0.460240669179136,0.959264238313004,-28.6713661830862
700,b,-0.770097750354463,-0.435085920000939,0.884505682787888,-150.534640708159
700,c,0.0262771167223961,0.987094688788301,0.987444384002115,88.4751084074657
701,a,0.841643551199035,-0.460244996531043,0.959264991598663,-28.6716361680946
701,b,-0.770099258155823,-0.435090247352845,0.88450912417776,-150.534444697098
701,c,0.0261944190453834,0.986783812963786,0.987131420387617,88.4794265294615
702,a,0.841725987893639,-0.458905210189302,0.958695275170588,-28.5990189601605
702,b,-0.766122191604907,-0.433080021714768,0.880057678608607,-150.521025741587
702,c,0.0276230335774707,0.989144885518014,0.989530513188182,88.4003637614854
703,a,0.841651758490851,-0.458128495936719,0.958258525326011,-28.5603687095537
703,b,-0.765943270838738,-0.432575427018805,0.879653678559719,-150.54390229631
703,c,0.0280239026545606,0.98943914125117,0.989835922443636,88.3776443243557
704,a,0.843633791751543,-0.464708848159564,0.963157457606426,-28.8478153708012
704,b,-0.776641182219003,-0.439725642311704,0.892485387233299,-150.481941000967
704,c,0.02509992650463,0.988236005851936,0.988554707425303,88.545073520185
705,a,0.840934856704924,-0.460389642259924,0.95871270770839,-28.6995416463749
705,b,-0.772491880109313,-0.436255598167312,0.887165515429415,-150.5449275966
705,c,0.0259896955266929,0.988831489665164,0.989172977404355,88.4944278901545
706,a,0.841644976711462,-0.460240895883145,0.959264274883078,-28.6713804217302
706,b,-0.770097832643389,-0.435086146704948,0.884505865948104,-150.534630544436
706,c,0.0262725534947094,0.987078385022105,0.987427964585255,88.4753479211955
707,a,0.841567007193005,-0.456772342326591,0.957536422445806,-28.4915200205711
707,b,-0.763514579712104,-0.431220254720987,0.876872522955637,-150.54296584293
707,c,0.0287211683813863,0.98994195856951,0.990358514301578,88.3381447572594
708,a,0.841651758490851,-0.458128495936719,0.958258525326011,-28.5603687095537
708,b,-0.765943270838737,-0.432575427018804,0.879653678559718,-150.54390229631
708,c,0.0280239026545607,0.989439141251169,0.989835922443636,88.3776443243557
709,a,0.843634705833069,-0.464708658760353,0.963158166872344,-28.8477792663459
709,b,-0.776578196540265,-0.439707558016266,0.892421667104939,-150.480958961583
709,c,0.0251008405861529,0.98823619525114,0.988554919972877,88.5450208366209
71,a,0.877413602587828,-0.511987926880537,1.01586724884582,-30.2643940272451
71,b,-0.867599076450783,-0.482859946303761,0.992915850010827,-150.901991858035
71,c,0.0158775755167818,1.02533561845204,1.02545854517416,89.112831598295
710,a,0.839624060185672,-0.459182993430646,0.956983586013157,-28.6738601269064
710,b,-0.772509206967566,-0.436237053386727,0.887171483760153,-150.546520720824
710,c,0.0259723686684382,0.988850034445762,0.989191060694361,88.4954593697722
711,a,0.841644927077093,-0.460241032624635,0.959264296941148,-28.6713890100798
711,b,-0.770097882277758,-0.435086283446438,0.884505976425214,-150.534624413965
711,c,0.0262698010839513,0.987068551048314,0.987418060862575,88.4754923930006
712,a,0.842092939012747,-0.455717913320421,0.957496388743187,-28.4210528530951
712,b,-0.760381664715495,-0.429878655428272,0.873484936577802,-150.518531097453
712,c,0.0298022069860717,0.990273449624145,0.990721795748809,88.27620799899
713,a,0.841118382785074,-0.456360139191613,0.956945510727735,-28.4826423474852
713,b,-0.76352051071802,-0.431213918737464,0.876874571418299,-150.543516901522
713,c,0.0287152373754574,0.989948294553056,0.99036467563521,88.3384983711302
714,a,0.84165175849085,-0.458128495936718,0.95825852532601,-28.5603687095537
714,b,-0.765943270838735,-0.432575427018804,0.879653678559716,-150.54390229631
714,c,0.0280239026545607,0.98943914125117,0.989835922443637,88.3776443243557
715,a,0.843634792896358,-0.464708640720694,0.963158234427634,-28.8477758275169
715,b,-0.776572197359398,-0.439705835545994,0.892415597983812,-150.480865418214
715,c,0.0251009276494424,0.988236213290798,0.988554940217385,88.5450158186841
716,a,0.838548720509164,-0.458193093516605,0.95556520845721,-28.6527223525988
716,b,-0.772523421422576,-0.436221839783347,0.887176380518784,-150.547827658004
716,c,0.025958154213428,0.988865248049153,0.98920589594355,88.4963055377553
717,a,0.841644876911031,-0.460241170830928,0.959264319235531,-28.671397690429
717,b,-0.77009793244382,-0.43508642165273,0.884506088085788,-150.534618217825
717,c,0.0262670191888217,0.987058611731039,0.987408051055627,88.4756384153612
718,a,0.842635758133438,-0.45462962734023,0.957456588541032,-28.3483169689157
718,b,-0.757148154021095,-0.428493978325544,0.869988745098925,-150.493112221716
718,c,0.0309179569802765,0.990615584623475,0.991097955079488,88.212330187864
719,a,0.841070356500479,-0.456316011888859,0.956882253618488,-28.4816913222503
719,b,-0.763521145645975,-0.431213240455715,0.87687479071579,-150.543575893471
719,c,0.0287146024475006,0.989948972834807,0.990365335222517,88.3385362260554
72,a,0.864192883192922,-0.493905986333622,0.995375538526783,-29.748953569672
72,b,-0.832731908967601,-0.468785069813685,0.955615965695973,-150.622735216736
72,c,0.0179129682423526,1.00784522670285,1.00800440247996,88.9817589056938
720,a,0.841651758490849,-0.458128495936718,0.95825852532601,-28.5603687095537
720,b,-0.765943270838734,-0.432575427018802,0.879653678559715,-150.54390229631
720,c,0.0280239026545607,0.989439141251171,0.989835922443637,88.3776443243557
721,a,0.843634861750961,-0.464708626453906,0.963158287854202,-28.8477731078956
721,b,-0.776567452865901,-0.439704473318519,0.892410798179263,-150.480791437895
721,c,0.0251009965040445,0.988236227557586,0.9885549562279,88.5450118502144
722,a,0.838208015525544,-0.457879458819247,0.955115844335061,-28.6460120747513
722,b,-0.772527925055955,-0.436217019585038,0.887177932078404,-150.548241738117
722,c,0.0259536505800485,0.988870068247465,0.989210596311108,88.4965736278869
723,a,0.84164483210218,-0.46024129427823,0.959264339149125,-28.6714054438072
723,b,-0.770097977252669,-0.435086545100032,0.884506187822185,-150.53461268337
723,c,0.0262645343710721,0.987049733829166,0.987399110197065,88.4757688465602
724,a,0.84250600089316,-0.454250662196385,0.957162486543867,-28.3320406721239
724,b,-0.756586671675826,-0.428155626314305,0.86933344126526,-150.494293333287
724,c,0.0310289248216247,0.990681043785921,0.991166850077396,88.2060367024165
725,a,0.842682120155205,-0.45462018009445,0.957492905341017,-28.346502135749
725,b,-0.753952693960638,-0.427587879644046,0.866761824002993,-150.441202672746
725,c,0.0309643190019674,0.990625031869379,0.991108845090923,88.2096683515608
726,a,0.841052019398589,-0.45629916347234,0.956858101245948,-28.4813281744481
726,b,-0.763521388070279,-0.431212981478332,0.876874874446861,-150.543598417408
726,c,0.0287143600231962,0.989949231812192,0.990365587062218,88.3385506795779
727,a,0.841651758490849,-0.458128495936718,0.958258525326009,-28.5603687095537
727,b,-0.765943270838733,-0.432575427018802,0.879653678559713,-150.54390229631
727,c,0.028023902654561,0.989439141251171,0.989835922443637,88.3776443243557
728,a,0.843634928625283,-0.464708612597435,0.963158339744208,-28.8477704664917
728,b,-0.77656284482552,-0.439703150269132,0.892406136420018,-150.480719584512
728,c,0.0251010633783666,0.988236241414056,0.988554971777951,88.5450079958792
729,a,0.837897847185461,-0.457593934514793,0.95470676713992,-28.6398977315737
729,b,-0.772532025038511,-0.436212631410576,0.887179344615417,-150.548618703873
729,c,0.0259495505974923,0.98887445642193,0.98921487541382,88.4968176874701
73,a,0.865611204775163,-0.496666885230579,0.997978332789322,-29.8461669202414
73,b,-0.841965066293924,-0.472157985811691,0.965317738584081,-150.717121185829
73,c,0.0171752537216137,1.0125056451256,1.01265130758401,89.0281780812537
730,a,0.841644781618176,-0.460241433360444,0.959264361584847,-28.6714141791699
730,b,-0.770098027736673,-0.435086684182246,0.884506300190459,-150.534606447963
730,c,0.0262617348448839,0.987039731518616,0.987389036962334,88.4759158000296
731,a,0.842329681004034,-0.453735707562625,0.956762971596264,-28.3099076844463
731,b,-0.755823704579335,-0.427695858605166,0.868442985965135,-150.495901136716
731,c,0.0311797128427099,0.990769992597101,0.991260486816565,88.1974862376435
732,a,0.842688339287496,-0.45461891281427,0.957497777052013,-28.3462586993845
732,b,-0.753524045940332,-0.427466333012676,0.866329010058876,-150.434209964602
732,c,0.0309705381342486,0.990626299149576,0.991110306070475,88.2093112897853
733,a,0.841032622374908,-0.456281341183073,0.956832552858983,-28.4809440160109
733,b,-0.763521644507201,-0.431212707531528,0.876874963017905,-150.54362224327
733,c,0.0287141035862739,0.989949505758997,0.990365853458834,88.3385659685353
734,a,0.841651758490849,-0.458128495936717,0.958258525326009,-28.5603687095537
734,b,-0.765943270838731,-0.432575427018801,0.879653678559711,-150.54390229631
734,c,0.0280239026545614,0.989439141251171,0.989835922443638,88.3776443243556
735,a,0.843635000254888,-0.464708597755662,0.963158395323998,-28.8477676372639
735,b,-0.776557909117693,-0.439701733140662,0.892401143175055,-150.480642620962
735,c,0.0251011350079723,0.988236256255829,0.988554988433737,88.545003867471
736,a,0.837728912907344,-0.45743842269742,0.954483966382266,-28.6365653284212
736,b,-0.772534258108441,-0.43621024137591,0.887180113974828,-150.548824019095
736,c,0.0259473175275625,0.988876846456598,0.989217206049724,88.4969506144929
737,a,0.841644741170285,-0.46024154479341,0.959264379560411,-28.6714211779608
737,b,-0.770098068184564,-0.435086795615212,0.884506390220167,-150.534601452143
737,c,0.0262594918585455,0.987031717646123,0.987380966269922,88.4760335416254
738,a,0.842123245949046,-0.453132799469477,0.956295401705353,-28.2839709203959
738,b,-0.754930423876294,-0.42715756327848,0.867400443140335,-150.497787745448
738,c,0.0313562552258673,0.990874133728417,0.991370144614931,88.1874774194965
739,a,0.842691606675469,-0.454618247014633,0.957500336542991,-28.346130804553
739,b,-0.753298844204678,-0.427402475229481,0.866101624818007,-150.430533357395
739,c,0.0309738055222164,0.990626964949222,0.991111073650696,88.2091236982255
74,a,0.865723273624609,-0.496774970430392,0.998129329166029,-29.8483468425001
74,b,-0.841963590176005,-0.47215964122744,0.965317260793617,-150.716992631383
74,c,0.0171767298395321,1.01250398970985,1.01264967744346,89.0280929858299
740,a,0.841016524528391,-0.456266550229474,0.956811349947375,-28.4806251822646
740,b,-0.763521857327594,-0.431212480179453,0.876875036524301,-150.543642016664
740,c,0.0287138907658801,0.989949733111073,0.990366074544963,88.3385786570371
741,a,0.841651758490849,-0.458128495936716,0.958258525326008,-28.5603687095536
741,b,-0.76594327083873,-0.432575427018799,0.879653678559709,-150.54390229631
741,c,0.0280239026545617,0.989439141251172,0.989835922443639,88.3776443243556
742,a,0.843635066481865,-0.464708584033322,0.963158446711711,-28.8477650214294
742,b,-0.776553345683277,-0.439700422898432,0.892396526544647,-150.480571461586
742,c,0.025101201234949,0.988236269978169,0.988555003833273,88.5450000504462
743,a,0.837593992399041,-0.457314222128531,0.954306027364382,-28.6339027644008
743,b,-0.772536041564903,-0.436208332558495,0.887180728437127,-150.548987995235
743,c,0.0259455340711002,0.988878755274013,0.989219067431737,88.4970567771124
744,a,0.841644692653008,-0.460241678457336,0.959264401122132,-28.6714295730154
744,b,-0.77009811670184,-0.435086929279139,0.884506498210879,-150.534595459655
744,c,0.0262568013947498,0.987022105000055,0.987371285473819,88.4761747752972
745,a,0.841957486907384,-0.452648688533301,0.955920103873914,-28.2631263797205
745,b,-0.754213155419738,-0.426725333793584,0.866563323888937,-150.499305902243
745,c,0.0314980116550087,0.990957754865948,0.99145821730781,88.1794423441074
746,a,0.842694425066152,-0.454617651796548,0.957502534389638,-28.3460193840344
746,b,-0.753104699608373,-0.427345928860723,0.865904862837744,-150.427448275011
746,c,0.0309766239128991,0.990627560167307,0.991111756661211,88.208961923102
747,a,0.842692119890214,-0.454618143118716,0.957500738891502,-28.3461107518765
747,b,-0.753263467743031,-0.427392492741415,0.866065929758224,-150.429952823869
747,c,0.0309743187369605,0.99062706884514,0.991111193534779,88.2090942316614
748,a,0.840997460720466,-0.456249034104064,0.956786240525627,-28.4802475864476
748,b,-0.763522109359261,-0.431212210938701,0.87687512357408,-150.543665433219
748,c,0.0287136387342121,0.989950002351826,0.990366336365357,88.3385936833353
749,a,0.841651758490848,-0.458128495936715,0.958258525326007,-28.5603687095536
749,b,-0.765943270838728,-0.432575427018797,0.879653678559706,-150.54390229631
749,c,0.0280239026545621,0.989439141251173,0.989835922443639,88.3776443243556
75,a,0.86867970897767,-0.500237643254769,1.00241814454778,-29.9359064947887
75,b,-0.846137729012211,-0.473905614657112,0.96981214060326,-150.747643394044
75,c,0.0169834859557987,1.01452237102648,1.01466451603887,89.0409366901561
750,a,0.843635128893795,-0.464708571101466,0.963158495139204,-28.8477625562821
750,b,-0.776549045128392,-0.439699188133535,0.892392175859419,-150.480504400716
750,c,0.0251012636468788,0.988236282910025,0.988555018345713,88.5449964533036
751,a,0.837478943567305,-0.457208314357122,0.954154297603846,-28.6316315698897
751,b,-0.772537562346176,-0.436206704879973,0.887181252404499,-150.549127820079
751,c,0.0259440132898267,0.988880382952536,0.989220654664033,88.497147303326
752,a,0.84164464036984,-0.460241822496204,0.959264424357489,-28.6714386196904
752,b,-0.770098168985008,-0.435087073318006,0.884506614583798,-150.534589002033
752,c,0.0262539020982134,0.987011746224183,0.98736085326485,88.4763269745712
753,a,0.841910636368832,-0.452429095872935,0.955774872249409,-28.252861749668
753,b,-0.753932094731509,-0.426525007249358,0.866220055918418,-150.501683819525
753,c,0.0315766698347239,0.991081820513352,0.991584722063582,88.1751273561238
754,a,0.84195485148978,-0.452655521183881,0.955921018079124,-28.2635618878592
754,b,-0.754215790837336,-0.426732166444187,0.866568982266581,-150.498998518087
754,c,0.0313496088196027,0.990465554319526,0.990961559429339,88.1871143222683
755,a,0.842696716068672,-0.454617167957973,0.95750432096939,-28.3459288133309
755,b,-0.752946884099605,-0.427299963667128,0.86574492157057,-150.424939451914
755,c,0.0309789149154198,0.990628044005882,0.991112311869981,88.2088304201294
756,a,0.842692491018247,-0.454618067987033,0.957501029847384,-28.3460962509194
756,b,-0.753237885476002,-0.427385273967591,0.866040117154345,-150.429532984864
756,c,0.0309746898649936,0.990627143976824,0.991111280228366,88.2090729231043
757,a,0.840978868873425,-0.456231951623709,0.956761752775477,-28.479879319645
757,b,-0.763522355151405,-0.431211948363517,0.876875208468918,-150.543688270049
757,c,0.0287133929420682,0.989950264927012,0.990366591703954,88.3386083376213
758,a,0.841651758490848,-0.458128495936715,0.958258525326007,-28.5603687095536
758,b,-0.765943270838726,-0.432575427018796,0.879653678559704,-150.54390229631
758,c,0.0280239026545623,0.989439141251173,0.98983592244364,88.3776443243556
759,a,0.843635215696841,-0.464708553115731,0.963158562492579,-28.8477591277345
759,b,-0.776543063879895,-0.439697470811962,0.892386124891244,-150.480411130798
759,c,0.0251013504499242,0.98823630089576,0.988555038529745,88.5449914503671
76,a,0.873470220460142,-0.506692139317532,1.00979559816671,-30.1176308119112
76,b,-0.858352067212093,-0.478937825539892,0.98292914903372,-150.8396345999
76,c,0.016369915983407,1.02045990625844,1.02059119848757,89.0809568810302
760,a,0.83734393296072,-0.457084030848597,0.953976243584151,-28.6289653859224
760,b,-0.772539346993609,-0.436204794787874,0.887181867290604,-150.549291905299
760,c,0.0259422286423938,0.988882293044637,0.989222517295353,88.4972535360988
761,a,0.841644544981926,-0.460242085287609,0.959264466749249,-28.6714551248762
761,b,-0.770098264372923,-0.435087336109412,0.88450682690015,-150.534577220444
761,c,0.0262486124828273,0.986992847177623,0.987341820261384,88.476604662499
762,a,0.841846043093605,-0.452126341420434,0.955574690371499,-28.2387046927131
762,b,-0.753544593734696,-0.42624881517118,0.8657467916092,-150.504965368388
762,c,0.0316851166020018,0.991252870980572,0.991759144571558,88.1691800469972
763,a,0.841952648626492,-0.452661232383159,0.955921782277088,-28.2639259148748
763,b,-0.754217993700619,-0.426737877643483,0.866573711946913,-150.498741588349
763,c,0.0312255635232074,0.990054139251209,0.990546432261403,88.1935329921261
764,a,0.842692804217198,-0.454618004582596,0.957501275388239,-28.3460840134122
764,b,-0.753216296324908,-0.427379181966494,0.86601833365568,-150.429178658726
764,c,0.0309750030639439,0.990627207381262,0.991111353390127,88.209054940586
765,a,0.840953309064136,-0.456208466870468,0.956728087426215,-28.4793730008611
765,b,-0.76352269306298,-0.431211587378854,0.876875325181372,-150.543719665793
765,c,0.0287130550304928,0.989950625911675,0.990366942739964,88.3386284841147
766,a,0.841651758490848,-0.458128495936714,0.958258525326007,-28.5603687095535
766,b,-0.765943270838725,-0.432575427018795,0.879653678559703,-150.54390229631
766,c,0.0280239026545624,0.989439141251174,0.989835922443641,88.3776443243556
767,a,0.843635322070424,-0.464708531074947,0.96315864503139,-28.8477549261902
767,b,-0.77653573410439,-0.439695366304582,0.892378709680349,-150.480296830602
767,c,0.0251014568235077,0.988236322936544,0.988555063264462,88.5449853194732
768,a,0.837220568391284,-0.456970468055976,0.953813550340276,-28.6265283170979
768,b,-0.77254097769706,-0.436203049460633,0.887182429142893,-150.549441836302
768,c,0.0259405979389422,0.988884038371879,0.989224219258761,88.4973506048653
769,a,0.841643831331452,-0.460244051377466,0.959264783908296,-28.6715786093795
769,b,-0.770098978023396,-0.435089302199268,0.88450841535902,-150.534489075949
769,c,0.0262090379041155,0.986851452813179,0.98719942442616,88.4786825413172
77,a,0.886066287954429,-0.524469861373186,1.02965144691694,-30.6216358620776
77,b,-0.891940732887581,-0.49295723270729,1.01910014437368,-151.071477069112
77,c,0.0143092548361599,1.03576154331192,1.03586038121836,89.2084975910515
770,a,0.841687141633091,-0.451381556076898,0.955082485211033,-28.2038526440193
770,b,-0.752591329263613,-0.425569374092353,0.864582558838732,-150.513053369905
770,c,0.0319518990131442,0.991673660435321,0.992188274800572,88.1545583817892
771,a,0.841951732593221,-0.452663621203048,0.955922106647494,-28.2640780240163
771,b,-0.75421890973389,-0.426740266463372,0.866575685570168,-150.498633948914
771,c,0.0311740541632413,0.989882085203339,0.990372841034871,88.1961976892973
772,a,0.841952623780662,-0.452661296296181,0.955921790658462,-28.263929994139
772,b,-0.754218018546448,-0.426737941556505,0.866573765044854,-150.498738719426
772,c,0.03122416177592,0.990049534153708,0.990541785265307,88.1936056359162
773,a,0.84269333324646,-0.454617897485165,0.95750169013525,-28.3460633428609
773,b,-0.753179829751018,-0.427368891871847,0.865981538881484,-150.428580120402
773,c,0.0309755320932057,0.990627314478693,0.991111476969026,88.2090245660383
774,a,0.840918147409694,-0.456176159791459,0.95668177541178,-28.4786764191994
774,b,-0.763523157915041,-0.431211090786027,0.876875485738672,-150.543762855707
774,c,0.0287125901784311,0.989951122504505,0.990367425647009,88.3386561988538
775,a,0.841651758490848,-0.458128495936714,0.958258525326006,-28.5603687095535
775,b,-0.765943270838725,-0.432575427018794,0.879653678559702,-150.54390229631
775,c,0.0280239026545625,0.989439141251175,0.989835922443641,88.3776443243556
776,a,0.8436358262536,-0.464708426607353,0.963159036244002,-28.8477350119707
776,b,-0.776500992871,-0.439685391485844,0.892343563553696,-150.479755051501
776,c,0.0251019610066832,0.988236427404138,0.988555180500752,88.5449562606317
777,a,0.837029182956166,-0.456794288910064,0.953561154568031,-28.6227458492955
777,b,-0.772543507539226,-0.43620034179331,0.887183300801819,-150.549674436019
777,c,0.0259380680967757,0.988886746039203,0.989226859657882,88.4975011948333
778,a,0.841641644353658,-0.460250076448585,0.959265755868131,-28.6719570264252
778,b,-0.770101165001191,-0.435095327270388,0.88451328319518,-150.534218959619
778,c,0.0260877618339979,0.986418150592037,0.986763061294312,88.485053923853
779,a,0.841558349702957,-0.450777896792593,0.954683805346837,-28.1755781951294
779,b,-0.751818694633565,-0.425018677278926,0.863638944024901,-150.519624811606
779,c,0.0321681300128186,0.992014716369493,0.992536138426288,88.1427165883302
78,a,0.877414386835001,-0.511987779165158,1.01586785176002,-30.2643645388329
78,b,-0.867544959085871,-0.482845465402149,0.992861520804751,-150.901203322892
78,c,0.0158783597639548,1.02533576616742,1.02545870501494,89.1127879128465
780,a,0.841950834978815,-0.452665961990454,0.955922424502254,-28.2642270745685
780,b,-0.754219807348296,-0.426742607250778,0.86657761951235,-150.498528474283
780,c,0.0311235805123489,0.989713490680857,0.990202742320781,88.1988097131598
781,a,0.841952600024863,-0.452661357405226,0.955921798672134,-28.2639338944387
781,b,-0.754218042302248,-0.42673800266555,0.866573815813297,-150.498735976367
781,c,0.0312228215257524,0.990045131089936,0.990537342142596,88.1936750933328
782,a,0.842694074089314,-0.454617747507892,0.95750227093955,-28.3460343962309
782,b,-0.753128762631247,-0.427354481812447,0.865930012314886,-150.427741852844
782,c,0.0309762729360596,0.990627464455966,0.991111650027113,88.2089820300926
783,a,0.840880936421488,-0.45614196975248,0.956632764338934,-28.4779391650729
783,b,-0.763523649860168,-0.43121056525018,0.876875655654308,-150.543808562851
783,c,0.0287120982333033,0.989951648040354,0.990367936699675,88.3386855288671
784,a,0.841651758490848,-0.458128495936714,0.958258525326007,-28.5603687095535
784,b,-0.765943270838724,-0.432575427018793,0.879653678559701,-150.54390229631
784,c,0.0280239026545626,0.989439141251175,0.989835922443641,88.3776443243556
785,a,0.843640137163398,-0.464707533379661,0.963162381228049,-28.847564740381
785,b,-0.776203945427364,-0.4396001039437,0.892043057416131,-150.475120942784
785,c,0.025106271916481,0.988237320631829,0.988556182914821,88.5447077995394
786,a,0.836642794806769,-0.45643860074545,0.953051605293515,-28.6151033180009
786,b,-0.772548615038823,-0.436194875282416,0.887185060639011,-150.550144030308
786,c,0.0259329605971772,0.988892212550099,0.989232190381795,88.4978052185442
787,a,0.841457715450392,-0.45030621505899,0.954372450467713,-28.1534689302915
787,b,-0.751214980500084,-0.424588378873186,0.862901638891653,-150.524769546599
787,c,0.0323370866004775,0.992281207515191,0.992807978391397,88.1334695323627
788,a,0.841952574414869,-0.452661423283972,0.955921807311297,-28.2639380991656
788,b,-0.754218067912242,-0.426738068544297,0.866573870544336,-150.498733019207
788,c,0.0312213766659737,0.990040384356901,0.990532552225558,88.1937499727587
789,a,0.84269462381204,-0.454617636221248,0.957502701910084,-28.3460129171771
789,b,-0.753090869633892,-0.427343789211315,0.865891778517048,-150.427119774229
789,c,0.0309768226587859,0.990627575742611,0.991111778440614,88.2089504674355
79,a,0.863279243879921,-0.492582974984746,0.99392607378955,-29.7088723343223
79,b,-0.829770657128402,-0.467694425265881,0.95250061357255,-150.592522231764
79,c,0.0181440132999907,1.00635417367279,1.00651772368263,88.9671004574382
790,a,0.840856218181004,-0.456119258245841,0.956600207712917,-28.4774493855865
790,b,-0.763523976645844,-0.431210216151109,0.87687576852492,-150.543838924845
790,c,0.0287117714476263,0.989951997139427,0.99036827617811,88.338705011975
791,a,0.841651758490848,-0.458128495936714,0.958258525326007,-28.5603687095535
791,b,-0.765943270838724,-0.432575427018793,0.879653678559701,-150.54390229631
791,c,0.0280239026545629,0.989439141251175,0.989835922443642,88.3776443243556
792,a,0.836571921767764,-0.456373474563733,0.952958198755635,-28.6137067120604
792,b,-0.772549552003195,-0.436193874234507,0.887185384358898,-150.550230076675
792,c,0.0259320236328051,0.988893213598009,0.989233166523388,88.4978609882581
793,a,0.836377227969266,-0.456193444256337,0.952701068566638,-28.6098093947437
793,b,-0.772552124713973,-0.436191108317075,0.887186264757831,-150.550467311804
793,c,0.0259294509220272,0.988895979515441,0.989235864052108,88.4980141459985
794,a,0.841366761537821,-0.449879905943885,0.954091168176668,-28.1334740162984
794,b,-0.75066933961623,-0.424199472287424,0.862235263561399,-150.529426962339
794,c,0.032489790697848,0.992522064000428,0.993053691412131,88.1251163368839
795,a,0.841952551547101,-0.452661482108658,0.955921815025414,-28.2639418536654
795,b,-0.754218090780009,-0.426738127368984,0.866573919414974,-150.498730378689
795,c,0.0312200865166066,0.990036145887042,0.990528275197116,88.1938168349758
796,a,0.842695534450659,-0.45461745187028,0.957503415831039,-28.3459773362714
796,b,-0.753028098303691,-0.427326076471673,0.865828442861256,-150.426089154176
796,c,0.0309777332974046,0.990627760093578,0.991111991163595,88.2088981825961
797,a,0.840831060960035,-0.456096143397056,0.956567072973373,-28.4769508736904
797,b,-0.76352430923503,-0.431209860852256,0.876875883400297,-150.54386982604
797,c,0.0287114388584401,0.989952352438282,0.990368621685587,88.338724841077
798,a,0.841651758490848,-0.458128495936714,0.958258525326007,-28.5603687095535
798,b,-0.765943270838723,-0.432575427018793,0.8796536785597,-150.54390229631
798,c,0.0280239026545631,0.989439141251175,0.989835922443641,88.3776443243556
799,a,0.836510113789605,-0.456316678387449,0.952876739902309,-28.6124885163716
799,b,-0.772550369124547,-0.436193001226264,0.887185666674822,-150.550305117176
799,c,0.0259312065114531,0.988894086606253,0.989234017811738,88.4979096246216
8,a,0.888646879102714,-0.52799870462066,1.03367108299502,-30.7171008005152
8,b,-0.897794197974118,-0.495643492010884,1.02552274138058,-151.098314093039
8,c,0.0140633433932482,1.03825244461683,1.03834768569117,89.2239643133458
80,a,0.86867970897767,-0.500237643254769,1.00241814454778,-29.9359064947886
80,b,-0.846137729012211,-0.473905614657112,0.96981214060326,-150.747643394044
80,c,0.0169834859557991,1.01452237102648,1.01466451603887,89.0409366901561
800,a,0.835952282391991,-0.455801158205984,0.952140175740051,-28.6013302384501
800,b,-0.772557740704835,-0.436185080624473,0.887188191581886,-150.550984607406
800,c,0.0259238349311652,0.988902007208043,0.989241742486453,88.4983484570941
801,a,0.841328336181341,-0.449845250021264,0.954040941589173,-28.1327267541051
801,b,-0.750669848312161,-0.424198938832608,0.862235443989467,-150.529474454131
801,c,0.0324892820019186,0.992522597455244,0.993054207938471,88.1251466781417
802,a,0.841495900094941,-0.449848145380687,0.9541900773845,-28.128135855584
802,b,-0.750291549043023,-0.42405438169222,0.861834976777892,-150.525468211109
802,c,0.0326189292549673,0.992553824563626,0.993089668258422,88.1177296962417
803,a,0.841952526293463,-0.45266154707072,0.955921823544374,-28.2639459998846
803,b,-0.754218116033647,-0.426738192331046,0.86657397338445,-150.498727462677
803,c,0.0312186617616555,0.990031465203495,0.990523551933607,88.1938906738218
804,a,0.842701855210514,-0.454616172286731,0.957508371180054,-28.3457303699949
804,b,-0.752592401314979,-0.427203132011215,0.865388836603084,-150.418931443442
804,c,0.0309840540572596,0.990629039677127,0.991113467700571,88.208535273156
805,a,0.840819032212411,-0.456085091195275,0.956551229857145,-28.4767125015415
805,b,-0.763524468260202,-0.431209690968618,0.876875938327238,-150.543884601226
805,c,0.0287112798332685,0.989952522321921,0.99036878688759,88.3387343222173
806,a,0.841651758490848,-0.458128495936714,0.958258525326007,-28.5603687095535
806,b,-0.765943270838723,-0.432575427018793,0.8796536785597,-150.54390229631
806,c,0.028023902654563,0.989439141251174,0.989835922443641,88.3776443243556
807,a,0.836458995780351,-0.456269705366307,0.952809370050972,-28.6114808557558
807,b,-0.772551044921071,-0.436192279208738,0.887185900164082,-150.550367179047
807,c,0.0259305307149285,0.98889480862378,0.989234721866464,88.4979498490433
808,a,0.835589207963473,-0.455465988148536,0.95166096422263,-28.5940777109239
808,b,-0.772562539019682,-0.436179930550761,0.887189837921854,-150.551426584117
808,c,0.0259190366163178,0.988907157281755,0.989246765060265,88.4986340900761
809,a,0.841289809877682,-0.449810503054136,0.953990583214447,-28.1319774497853
809,b,-0.750670358344485,-0.424198403976355,0.862235624892131,-150.529522070668
809,c,0.0324887719695952,0.992523132311499,0.993054725822057,88.1251770990774
81,a,0.873470220460146,-0.506692139317526,1.00979559816671,-30.1176308119108
81,b,-0.85835206721209,-0.478937825539886,0.982929149033714,-150.8396345999
81,c,0.0163699159834081,1.02045990625845,1.02059119848758,89.0809568810301
810,a,0.841824405009781,-0.449776014112557,0.954445803459291,-28.1150201555003
810,b,-0.749559799685114,-0.423830316621021,0.861087702032182,-150.514490489279
810,c,0.0329474341698055,0.992625955831755,0.993172604137508,88.0989252673814
811,a,0.841495900094941,-0.449848145380687,0.9541900773845,-28.128135855584
811,b,-0.750291549043023,-0.42405438169222,0.861834976777892,-150.525468211109
811,c,0.0326189292549673,0.992553824563626,0.993089668258422,88.1177296962417
812,a,0.841952510011612,-0.452661588953897,0.955921829036831,-28.2639486730883
812,b,-0.754218132315498,-0.426738234214223,0.866574008180346,-150.498725582629
812,c,0.0312177431753061,0.990028447412956,0.990520506691239,88.1939382805263
813,a,0.842715816990085,-0.454613345844363,0.957519316998395,-28.3451848609845
813,b,-0.75163000036074,-0.426931562849323,0.864417848496462,-150.403095142104
813,c,0.0309980158368302,0.990631866119495,0.991116729329706,88.207733654759
814,a,0.840799899031923,-0.456067511329267,0.956526029495362,-28.4763333254885
814,b,-0.763524721209004,-0.431209420748108,0.876876025695312,-150.543908102946
814,c,0.0287110268844656,0.989952792542432,0.990369049661448,88.3387494031131
815,a,0.841651758490848,-0.458128495936715,0.958258525326007,-28.5603687095536
815,b,-0.765943270838723,-0.432575427018793,0.8796536785597,-150.54390229631
815,c,0.028023902654563,0.989439141251174,0.989835922443641,88.3776443243556
816,a,0.83641924393125,-0.45623317686147,0.952756980183107,-28.6106971513758
816,b,-0.772551570453302,-0.436191717732809,0.887186081737401,-150.550415441353
816,c,0.0259300051826971,0.988895370099709,0.989235269373982,88.4979811294695
817,a,0.835383722081205,-0.45527629504554,0.951389756066693,-28.5899698272984
817,b,-0.772565254677637,-0.43617701581109,0.88719076970908,-150.551676724869
817,c,0.0259163209583634,0.988910072021426,0.98924960765089,88.4987957458526
818,a,0.841251208798335,-0.449775688646633,0.953940127262824,-28.1312266117995
818,b,-0.750670869366731,-0.424197868081999,0.862235806146507,-150.529569779604
818,c,0.0324882609473502,0.992523668205856,0.993055244711084,88.1252075790251
819,a,0.842099845307494,-0.449715534475662,0.954660259681754,-28.1040284993159
819,b,-0.748946252514617,-0.4236424456117,0.860461161749646,-150.50527134373
819,c,0.0332228744675178,0.992686435468649,0.993242225517692,88.083160809451
82,a,0.886066287954429,-0.524469861373186,1.02965144691694,-30.6216358620776
82,b,-0.89194073288758,-0.49295723270729,1.01910014437368,-151.071477069112
82,c,0.0143092548361601,1.03576154331191,1.03586038121836,89.2084975910515
820,a,0.841824405009781,-0.449776014112557,0.954445803459291,-28.1150201555003
820,b,-0.749559799685114,-0.423830316621021,0.861087702032182,-150.514490489279
820,c,0.0329474341698056,0.992625955831755,0.993172604137508,88.0989252673814
821,a,0.841952485003803,-0.452661653283594,0.955921837472874,-28.2639527789465
821,b,-0.754218157323307,-0.426738298543919,0.866574061624466,-150.498722695003
821,c,0.0312163322894607,0.990023812292961,0.990515829408442,88.1940114017405
822,a,0.840781937224229,-0.456051007738936,0.956502371989859,-28.4759773451936
822,b,-0.763524958671759,-0.431209167071055,0.876876107714667,-150.543930165837
822,c,0.0287107894217105,0.989953046219486,0.99036929634781,88.3387635607181
823,a,0.841651758490849,-0.458128495936715,0.958258525326008,-28.5603687095535
823,b,-0.765943270838723,-0.432575427018793,0.8796536785597,-150.54390229631
823,c,0.028023902654563,0.989439141251174,0.989835922443641,88.3776443243556
824,a,0.836378813841837,-0.456196025112555,0.952703696629741,-28.6098999871335
824,b,-0.772552104952088,-0.436191146677059,0.887186266409343,-150.550464527083
824,c,0.0259294706839106,0.98889594115546,0.989235826223298,88.4980129435622
825,a,0.841212841393013,-0.449741084990301,0.953889976911782,-28.1304802403467
825,b,-0.750671377295472,-0.424197335431713,0.86223598630424,-150.529617199711
825,c,0.03248775301861,0.992524200856143,0.993055760459262,88.1252378744291
826,a,0.842395936683302,-0.449650520390774,0.9548908338801,-28.0922182527971
826,b,-0.748286704774709,-0.423440489013168,0.85978767162498,-150.495346009874
826,c,0.033518965843326,0.992751449553536,0.993317150592827,88.0662168806079
827,a,0.842099845307494,-0.449715534475662,0.954660259681755,-28.1040284993159
827,b,-0.748946252514617,-0.4236424456117,0.860461161749646,-150.50527134373
827,c,0.0332228744675178,0.992686435468649,0.993242225517692,88.083160809451
828,a,0.841952279308236,-0.452662182411648,0.955921906861649,-28.2639865506677
828,b,-0.754218363018873,-0.426738827671973,0.866574501215977,-150.498698943566
828,c,0.0312047273959037,0.989985687256589,0.990477357633557,88.194612868455
829,a,0.840756272787468,-0.456027426852333,0.956468569411998,-28.4754686779829
829,b,-0.763525297966554,-0.431208804608725,0.876876224906914,-150.543961690033
829,c,0.0287104501269153,0.989953408681818,0.990369648821712,88.3387837895694
83,a,0.877417342053173,-0.511987222540681,1.01587012367752,-30.2642534202368
83,b,-0.867341032791074,-0.482790898136803,0.992656797935131,-150.898231171259
83,c,0.0158813149821268,1.02533632279189,1.02545930733597,89.1126232964605
830,a,0.841651758490849,-0.458128495936715,0.958258525326008,-28.5603687095535
830,b,-0.765943270838723,-0.432575427018793,0.8796536785597,-150.54390229631
830,c,0.028023902654563,0.989439141251174,0.989835922443641,88.3776443243556
831,a,0.836343727712344,-0.456163783999755,0.952657456128253,-28.609208118028
831,b,-0.772552568802006,-0.436190651102196,0.887186426672284,-150.550507124753
831,c,0.0259290068339932,0.988896436730323,0.989236309469748,88.4980405525095
832,a,0.841174328175099,-0.449706349825239,0.953839636130712,-28.1297309534301
832,b,-0.75067188715456,-0.424196800757127,0.862236167147244,-150.529664800015
832,c,0.0324872431595229,0.992524735530729,0.993056278167783,88.1252682849369
833,a,0.842639038226024,-0.44959714151646,0.955080173808592,-28.0825258839452
833,b,-0.747745192639706,-0.423274675468171,0.859234731612076,-150.48718532648
833,c,0.033762067386047,0.992804828427849,0.993378731674798,88.0523072245735
834,a,0.842395936683302,-0.449650520390774,0.9548908338801,-28.0922182527971
834,b,-0.748286704774709,-0.423440489013168,0.85978767162498,-150.495346009874
834,c,0.0335189658433259,0.992751449553536,0.993317150592827,88.0662168806079
835,a,0.841951570388394,-0.452664006025946,0.955922146009255,-28.2641029432371
835,b,-0.754219071938716,-0.426740651286271,0.866576016248044,-150.498617085568
835,c,0.0311647316903993,0.989854291158934,0.990344767354829,88.1966861525119
836,a,0.840485367240387,-0.455778514591171,0.956111764862321,-28.470097156792
836,b,-0.763528879453373,-0.431204978572844,0.876877461966797,-150.544294448804
836,c,0.0287068686400912,0.989957234717719,0.990373369430475,88.3389973179452
837,a,0.836318528318517,-0.456140627940348,0.952624245579895,-28.6087111656309
837,b,-0.772552901946097,-0.436190295172764,0.887186541775877,-150.55053771904
837,c,0.0259286736899014,0.988896792659755,0.989236656544868,88.4980603816602
838,a,0.841135841128676,-0.449671638264307,0.95378932972148,-28.1289820966745
838,b,-0.750672396667176,-0.424196266445877,0.862236347867952,-150.529712367953
838,c,0.0324867336469083,0.99252526984198,0.993056795524778,88.1252986747478
839,a,0.842900034520846,-0.449539833412768,0.955283481496474,-28.072124334998
839,b,-0.747163819690547,-0.423096656355701,0.858641109005353,-150.478412234297
839,c,0.0340230636808688,0.99286213653154,0.993444910913638,88.0373755965199
84,a,0.863079857824874,-0.492294250528738,0.993609817829241,-29.700109751083
84,b,-0.829124414881801,-0.467456410864848,0.95182077693846,-150.585902478018
84,c,0.0181944349072101,1.00602877701209,1.00619329039606,88.9638957454288
840,a,0.842639038226024,-0.44959714151646,0.955080173808592,-28.0825258839452
840,b,-0.747745192639706,-0.423274675468171,0.859234731612076,-150.48718532648
840,c,0.0337620673860471,0.992804828427849,0.993378731674799,88.0523072245735
841,a,0.840377011845085,-0.455678955956274,0.9559690543836,-28.4679475609906
841,b,-0.763530311957891,-0.431203448254861,0.876877956767872,-150.544427543669
841,c,0.0287054361355715,0.98995876503571,0.990374857584118,88.3390827234681
842,a,0.836289271777204,-0.456113743713953,0.952585688163749,-28.6081341595404
842,b,-0.772553288726984,-0.436189881938058,0.887186675411672,-150.550573239053
842,c,0.0259282869090148,0.988897205894463,0.989237059499851,88.4980834033223
843,a,0.841097329780154,-0.449636904785254,0.953738991710084,-28.1282326879901
843,b,-0.750672906501516,-0.424195731797244,0.862236528703368,-150.529759965906
843,c,0.0324862238125692,0.992525804490614,0.993057313208729,88.1253290837161
844,a,0.842900034520847,-0.449539833412768,0.955283481496474,-28.072124334998
844,b,-0.745440496556254,-0.422621056847956,0.856907282964334,-150.449305401222
844,c,0.0340230636808694,0.992862136531535,0.993444910913634,88.0373755965199
845,a,0.842900034520848,-0.449539833412771,0.955283481496476,-28.0721243349981
845,b,-0.747163819690547,-0.423096656355703,0.858641109005354,-150.478412234297
845,c,0.0340230636808687,0.992862136531537,0.993444910913636,88.0373755965199
846,a,0.842900034520847,-0.449539833412769,0.955283481496474,-28.072124334998
846,b,-0.747163819690547,-0.423096656355701,0.858641109005353,-150.478412234297
846,c,0.0340230636808688,0.99286213653154,0.993444910913638,88.0373755965199
847,a,0.840321989166865,-0.455628400257439,0.955896586769986,-28.4668557543252
847,b,-0.763531039381153,-0.431202671162094,0.876878208028794,-150.544495128948
847,c,0.0287047087123084,0.989959542128481,0.99037561326675,88.3391260921434
848,a,0.836245196402247,-0.456073242263487,0.952527601077555,-28.6072648038686
848,b,-0.772553871417618,-0.436189259394386,0.887186876736448,-150.550626750411
848,c,0.0259277042183809,0.988897828438134,0.989237666557281,88.4981180857319
849,a,0.841078531172283,-0.449619950275018,0.953714420193087,-28.1278668491643
849,b,-0.750673155367791,-0.424195470818328,0.862236616975073,-150.529783199966
849,c,0.0324859749462951,0.99252606546953,0.993057565906749,88.1253439272843
85,a,0.868679708977671,-0.500237643254769,1.00241814454778,-29.9359064947886
85,b,-0.846137729012211,-0.473905614657112,0.969812140603259,-150.747643394044
85,c,0.0169834859557994,1.01452237102648,1.01466451603887,89.040936690156
850,a,0.842900034520847,-0.449539833412768,0.955283481496474,-28.072124334998
850,b,-0.74518836935063,-0.422551475251505,0.856653637739707,-150.445037107053
850,c,0.0340230636808695,0.992862136531535,0.993444910913633,88.0373755965199
851,a,0.842900034520849,-0.449539833412774,0.955283481496478,-28.0721243349982
851,b,-0.747163819690547,-0.423096656355705,0.858641109005355,-150.478412234297
851,c,0.0340230636808683,0.992862136531534,0.993444910913633,88.03737559652
852,a,0.842900034520848,-0.449539833412771,0.955283481496476,-28.0721243349981
852,b,-0.747163819690547,-0.423096656355703,0.858641109005354,-150.478412234297
852,c,0.0340230636808687,0.992862136531537,0.993444910913636,88.0373755965199
853,a,0.840309813713328,-0.455617213259966,0.955880551136859,-28.4666141362769
853,b,-0.763531200345839,-0.431202499206508,0.876878263628137,-150.544510084257
853,c,0.028704547747622,0.989959714084068,0.990375780484764,88.3391356887827
854,a,0.836173186132507,-0.456007071065266,0.952432698970647,-28.6058442239567
854,b,-0.772554823416546,-0.436188242283635,0.887187205662175,-150.550714177122
854,c,0.0259267522194527,0.988898845548885,0.989238658367417,88.4981747496999
855,a,0.840656029843249,-0.449238895297064,0.953162182191226,-28.1196395948532
855,b,-0.750678748671956,-0.424189605280847,0.862238600931329,-150.530305387447
855,c,0.0324803816421364,0.992531931007016,0.993063245347513,88.1256775365533
856,a,0.842900034520847,-0.449539833412768,0.955283481496474,-28.072124334998
856,b,-0.744478070108179,-0.422355448189987,0.855939087486816,-150.432998757169
856,c,0.0340230636808697,0.992862136531533,0.993444910913631,88.0373755965199
857,a,0.84290003452085,-0.449539833412779,0.955283481496482,-28.0721243349984
857,b,-0.747163819690548,-0.423096656355709,0.858641109005358,-150.478412234296
857,c,0.0340230636808678,0.992862136531528,0.993444910913627,88.03737559652
858,a,0.842900034520849,-0.449539833412774,0.955283481496478,-28.0721243349982
858,b,-0.747163819690547,-0.423096656355705,0.858641109005355,-150.478412234297
858,c,0.0340230636808683,0.992862136531534,0.993444910913633,88.03737559652
859,a,0.840300224946608,-0.455608402950869,0.955867922301382,-28.4664238445091
859,b,-0.763531327113423,-0.431202363783052,0.876878307415388,-150.544521862294
859,c,0.0287044209800381,0.989959849507524,0.990375912177169,88.3391432466045
86,a,0.873470220460156,-0.506692139317515,1.00979559816671,-30.11763081191
86,b,-0.858352067212084,-0.478937825539875,0.982929149033704,-150.8396345999
86,c,0.0163699159834108,1.02045990625848,1.0205911984876,89.08095688103
860,a,0.835757397722568,-0.455628305560031,0.951886327601938,-28.5978110579927
860,b,-0.772560323817455,-0.436182416460463,0.887189131113665,-150.551216448992
860,c,0.0259212518185443,0.988904671372057,0.989244338046631,88.4985020600062
861,a,0.83574168516168,-0.455601750474022,0.951859821271955,-28.5968603346094
861,b,-0.772560518560168,-0.436182022412927,0.887189106963215,-150.551244792357
861,c,0.0259210570758314,0.988905065419593,0.989244726856028,88.498513933406
862,a,0.840381285272972,-0.448991102499798,0.952803082888083,-28.1142844508289
862,b,-0.750682385891164,-0.424185791033497,0.862239891098738,-150.530644954734
862,c,0.0324767444229329,0.992535745254369,0.993066938597776,88.1258944742618
863,a,0.842900034520847,-0.449539833412768,0.955283481496474,-28.072124334998
863,b,-0.743644000631472,-0.422125263249825,0.855100074581282,-150.418837032109
863,c,0.0340230636808699,0.99286213653153,0.993444910913629,88.0373755965199
864,a,0.84290003452085,-0.449539833412781,0.955283481496483,-28.0721243349985
864,b,-0.747163819690549,-0.423096656355711,0.858641109005359,-150.478412234296
864,c,0.0340230636808672,0.992862136531527,0.993444910913625,88.03737559652
865,a,0.84290003452085,-0.449539833412779,0.955283481496482,-28.0721243349984
865,b,-0.747163819690548,-0.423096656355709,0.858641109005358,-150.478412234296
865,c,0.0340230636808678,0.992862136531529,0.993444910913627,88.03737559652
866,a,0.840289951211117,-0.455598963281733,0.955854391343039,-28.4662199537639
866,b,-0.763531462936586,-0.431202218685688,0.876878354330601,-150.544534481689
866,c,0.0287042851568751,0.989959994604888,0.990376053276975,88.3391513443133
867,a,0.840140993600771,-0.448774382855241,0.952489021372737,-28.1095975303937
867,b,-0.750685567004024,-0.424182455091779,0.862241019504316,-150.530941939539
867,c,0.032473563310077,0.992539081196091,0.993070168727082,88.126084206715
868,a,0.842900034520847,-0.449539833412768,0.955283481496474,-28.072124334998
868,b,-0.743535803803066,-0.422095403290711,0.85499124031549,-150.416997913873
868,c,0.03402306368087,0.99286213653153,0.993444910913629,88.0373755965199
869,a,0.842900034520851,-0.449539833412782,0.955283481496484,-28.0721243349986
869,b,-0.747163819690549,-0.423096656355712,0.85864110900536,-150.478412234296
869,c,0.0340230636808672,0.992862136531526,0.993444910913624,88.03737559652
87,a,0.886066287954428,-0.524469861373186,1.02965144691694,-30.6216358620777
87,b,-0.891940732887579,-0.492957232707289,1.01910014437368,-151.071477069112
87,c,0.0143092548361601,1.03576154331191,1.03586038121836,89.2084975910514
870,a,0.84290003452085,-0.449539833412781,0.955283481496483,-28.0721243349985
870,b,-0.747163819690549,-0.423096656355711,0.858641109005359,-150.478412234296
870,c,0.0340230636808672,0.992862136531527,0.993444910913625,88.03737559652
871,a,0.840281731472136,-0.455591410856771,0.955843565596523,-28.4660568221148
871,b,-0.76353157160504,-0.431202102597197,0.87687839186623,-150.544544578126
871,c,0.0287041764884216,0.98996011069338,0.990376166167142,88.3391578230703
872,a,0.839888943451691,-0.44854705821174,0.952159598367208,-28.1046779368377
872,b,-0.750688903782046,-0.424178955908475,0.862242203152393,-150.531253456217
872,c,0.0324702265320596,0.992542580379398,0.993073556931831,88.1262832222446
873,a,0.842900034520847,-0.449539833412768,0.955283481496474,-28.072124334998
873,b,-0.74342943623631,-0.422065825240311,0.854884136885474,-150.415202425833
873,c,0.03402306368087,0.99286213653153,0.993444910913628,88.0373755965199
874,a,0.842900034520847,-0.449539833412769,0.955283481496475,-28.072124334998
874,b,-0.743469882137347,-0.422077706341266,0.854925175577153,-150.415848247889
874,c,0.03402306368087,0.99286213653153,0.993444910913629,88.0373755965199
875,a,0.842900034520851,-0.449539833412783,0.955283481496485,-28.0721243349986
875,b,-0.747163819690549,-0.423096656355712,0.85864110900536,-150.478412234296
875,c,0.0340230636808672,0.992862136531525,0.993444910913624,88.03737559652
876,a,0.842900034520851,-0.449539833412782,0.955283481496484,-28.0721243349986
876,b,-0.747163819690549,-0.423096656355712,0.85864110900536,-150.478412234296
876,c,0.0340230636808672,0.992862136531526,0.993444910913624,88.03737559652
877,a,0.840273750443009,-0.455584077762164,0.955833054248471,-28.4658984244444
877,b,-0.763531677117647,-0.431201989880037,0.87687842831181,-150.54455438135
877,c,0.0287040709758141,0.989960223410539,0.990376275778873,88.339164113676
878,a,0.839458571981534,-0.448158905134333,0.951597130262844,-28.0962699389292
878,b,-0.750694601275453,-0.424172981110728,0.862244224270869,-150.531785363827
878,c,0.0324645290386592,0.992548555177151,0.993079342263221,88.1266230348382
879,a,0.842900034520847,-0.449539833412768,0.955283481496474,-28.072124334998
879,b,-0.743331011483745,-0.422038455879699,0.854785031966966,-150.413540611959
879,c,0.03402306368087,0.99286213653153,0.993444910913628,88.0373755965199
88,a,0.86267553430762,-0.491708762804718,0.992968571965842,-29.6823234776611
88,b,-0.827813937385856,-0.466973755145718,0.950442214406098,-150.572449587571
88,c,0.0182966819854813,1.00536892383267,1.00553540046094,88.9573907455568
880,a,0.842900034520847,-0.449539833412769,0.955283481496475,-28.072124334998
880,b,-0.74331560768641,-0.422036290713655,0.85477056764348,-150.413157025269
880,c,0.03402306368087,0.99286213653153,0.993444910913629,88.0373755965199
881,a,0.842900034520851,-0.449539833412783,0.955283481496485,-28.0721243349986
881,b,-0.747163819690549,-0.423096656355712,0.85864110900536,-150.478412234296
881,c,0.0340230636808672,0.992862136531525,0.993444910913623,88.03737559652
882,a,0.842900034520851,-0.449539833412783,0.955283481496485,-28.0721243349986
882,b,-0.747163819690549,-0.423096656355712,0.85864110900536,-150.478412234296
882,c,0.0340230636808672,0.992862136531525,0.993444910913623,88.03737559652
883,a,0.840265789657023,-0.455576763267272,0.955822569568759,-28.4657404250644
883,b,-0.763531782362631,-0.431201877448774,0.876878464664975,-150.544564159709
883,c,0.0287039657308295,0.989960335841802,0.990376385112595,88.3391703883247
884,a,0.839353011143306,-0.448063699557168,0.951459172101563,-28.094206120232
884,b,-0.750695998747687,-0.424171515621721,0.862244720018983,-150.531915828909
884,c,0.0324631315664268,0.992550020666159,0.993080761285552,88.1267063829328
885,a,0.842900034520847,-0.449539833412768,0.955283481496474,-28.072124334998
885,b,-0.743181348012392,-0.421996838365697,0.85463433562206,-150.41101293957
885,c,0.0340230636808699,0.99286213653153,0.993444910913628,88.0373755965199
886,a,0.842900034520847,-0.449539833412769,0.955283481496475,-28.072124334998
886,b,-0.742949622564934,-0.421938040462819,0.854403798949291,-150.406768744706
886,c,0.03402306368087,0.99286213653153,0.993444910913629,88.0373755965199
887,a,0.840257922012233,-0.45556953435197,0.95581220756694,-28.4655842708714
887,b,-0.763531886376249,-0.431201766332957,0.876878500592833,-150.544573823661
887,c,0.0287038617172113,0.98996044695762,0.990376493167124,88.3391765895587
888,a,0.839323106429917,-0.4480360091527,0.951419750943108,-28.093583132751
888,b,-0.750696393872009,-0.424171090240852,0.862244854764905,-150.53195335471
888,c,0.0324627364421068,0.992550446047029,0.993081173522823,88.1267299697037
889,a,0.839029584991535,-0.447794352308497,0.951047015899033,-28.0890670716094
889,b,-0.750683446538986,-0.424184558054597,0.862240207946501,-150.530750958875
889,c,0.0324756837751277,0.992536978233284,0.993068136230903,88.1259579628128
89,a,0.868679708977671,-0.500237643254769,1.00241814454778,-29.9359064947886
89,b,-0.846137729012211,-0.473905614657112,0.969812140603259,-150.747643394044
89,c,0.0169834859557995,1.01452237102648,1.01466451603887,89.040936690156
890,a,0.842900034520847,-0.449539833412768,0.955283481496474,-28.072124334998
890,b,-0.742992214303829,-0.421944245206571,0.854443899023833,-150.407817377452
890,c,0.0340230636808699,0.99286213653153,0.993444910913628,88.0373755965199
891,a,0.840117232178759,-0.455440266328673,0.955626914646731,-28.4627913377895
891,b,-0.763533746355826,-0.431199779351308,0.87687914306179,-150.544746635053
891,c,0.0287020017376346,0.989962433939269,0.990378425408545,88.3392874802769
892,a,0.839274005341746,-0.447990543778277,0.951355024876168,-28.0925601263929
892,b,-0.750697042633759,-0.424170391800334,0.862245076007466,-150.532014968974
892,c,0.0324620876803608,0.992551144487551,0.993081850382995,88.1267686972056
893,a,0.838755276100731,-0.447565909603355,0.95069745798855,-28.0847049747817
893,b,-0.75067280057722,-0.424195619792419,0.862236381381301,-150.529762982808
893,c,0.0324863297368938,0.992525916495462,0.993057428618774,88.1253231869436
894,a,0.842900034520847,-0.449539833412768,0.955283481496474,-28.072124334998
894,b,-0.742255920473134,-0.42173950106606,0.853702558410638,-150.395363538518
894,c,0.0340230636808699,0.99286213653153,0.993444910913628,88.0373755965199
895,a,0.839800319443933,-0.455149117247954,0.955209555788531,-28.4564979721385
895,b,-0.763537936115113,-0.431195304051168,0.87688059057246,-150.545135875383
895,c,0.0286978119783477,0.989966909239408,0.990382777415567,88.3395372683841
896,a,0.839923929482654,-0.455262637031517,0.955372323230306,-28.4589511414629
896,b,-0.763536301878713,-0.431197049030479,0.876880025647303,-150.544984086469
896,c,0.0286994462147471,0.989965164260098,0.990381080524843,88.339439838617
897,a,0.839264296979348,-0.447981554276253,0.951342227148573,-28.0923578391086
897,b,-0.75069717090819,-0.42417025370332,0.862245119752092,-150.532027151462
897,c,0.0324619594059299,0.992551282584565,0.993081984213155,88.1267763544762
898,a,0.838294219183925,-0.447181944326143,0.950109935348798,-28.0773659545028
898,b,-0.750654906901613,-0.424214212302197,0.862229950288577,-150.528102378163
898,c,0.0325042234125013,0.992507323985684,0.993039431596184,88.1242562282167
899,a,0.842900034520847,-0.449539833412768,0.955283481496474,-28.072124334998
899,b,-0.740918394285237,-0.421367569863686,0.852355967846206,-150.372684902446
899,c,0.0340230636808699,0.99286213653153,0.993444910913628,88.0373755965199
9,a,0.888433424129497,-0.527706814469298,1.03333848817694,-30.7092325459891
9,b,-0.897310025487474,-0.495421296639842,1.02499148435713,-151.096107013331
9,c,0.0140836840894086,1.03804640838684,1.0381419441109,89.222687786826
90,a,0.873470220460158,-0.506692139317513,1.00979559816672,-30.1176308119098
90,b,-0.858352067212083,-0.478937825539872,0.982929149033701,-150.8396345999
90,c,0.0163699159834114,1.02045990625848,1.02059119848761,89.08095688103
900,a,0.839589853131481,-0.45495576094933,0.954932388131393,-28.4523154175765
900,b,-0.763540718594611,-0.431192331939877,0.876881551907511,-150.545394374784
900,c,0.0286950294988501,0.989969881350699,0.990385667656523,88.3397031550514
901,a,0.83925609362195,-0.447973958340409,0.95133141335328,-28.0921869064623
901,b,-0.750697279297325,-0.424170137014313,0.86224515671539,-150.532037445401
901,c,0.032461851016795,0.992551399273572,0.993082097296775,88.1267828247035
902,a,0.839249180680322,-0.447967557270877,0.951322300611012,-28.0920428590802
902,b,-0.750697370636484,-0.424170038680881,0.862245187864259,-150.532046120068
902,c,0.0324617596776364,0.992551497607004,0.99308219259197,88.126788277141
903,a,0.839240188095421,-0.447959230546261,0.95131044646111,-28.0918554733141
903,b,-0.750697489453507,-0.424169910765474,0.862245228383774,-150.532057404364
903,c,0.0324616408606143,0.992551625522411,0.993082316555151,88.1267953698521
904,a,0.839223912918542,-0.447944160472701,0.951288992323522,-28.0915163224131
904,b,-0.750697704493795,-0.424169679258527,0.862245301717867,-150.532077827177
904,c,0.0324614258203257,0.992551857029358,0.993082540909222,88.1268082065488
905,a,0.839195694674871,-0.447918031662488,0.951251794767945,-28.0909282591981
905,b,-0.750698077335166,-0.424169277866917,0.862245428866316,-150.532113236671
905,c,0.0324610529789546,0.992552258420968,0.993082929899143,88.1268304630697
906,a,0.838964557591158,-0.447704009235583,0.950947111452441,-28.0861096714473
906,b,-0.750701131297992,-0.424165990047623,0.862246470358195,-150.532403277264
906,c,0.0324579990161284,0.992555546240262,0.993086116141212,88.1270127667194
91,a,0.886066287954428,-0.524469861373186,1.02965144691694,-30.6216358620777
91,b,-0.891940732887579,-0.492957232707289,1.01910014437368,-151.071477069112
91,c,0.0143092548361602,1.03576154331191,1.03586038121836,89.2084975910514
92,a,0.862294238408482,-0.491156620624909,0.992363935044066,-29.6655291355052
92,b,-0.826578096100862,-0.466518588333633,0.949142213903971,-150.559727082632
92,c,0.0183931057401726,1.00474665156651,1.00491499151564,88.9512484244599
93,a,0.873470220460158,-0.506692139317512,1.00979559816672,-30.1176308119097
93,b,-0.858352067212082,-0.478937825539871,0.982929149033701,-150.8396345999
93,c,0.0163699159834115,1.02045990625848,1.02059119848761,89.0809568810299
94,a,0.886066287954428,-0.524469861373186,1.02965144691694,-30.6216358620777
94,b,-0.891940732887579,-0.492957232707289,1.01910014437368,-151.071477069112
94,c,0.0143092548361602,1.03576154331191,1.03586038121836,89.2084975910514
95,a,0.862072614957082,-0.490835694919102,0.992012536647425,-29.6557582277151
95,b,-0.825859778879038,-0.466254028342076,0.948386626495411,-150.552316258593
95,c,0.0184491508362772,1.004384963629,1.00455439192241,88.9476747910229
96,a,0.873470220460159,-0.506692139317512,1.00979559816672,-30.1176308119097
96,b,-0.858352067212082,-0.478937825539871,0.982929149033701,-150.8396345999
96,c,0.0163699159834117,1.02045990625849,1.02059119848761,89.0809568810299
97,a,0.886066287954429,-0.524469861373186,1.02965144691694,-30.6216358620777
97,b,-0.891940732887579,-0.492957232707289,1.01910014437368,-151.071477069112
97,c,0.0143092548361602,1.03576154331191,1.03586038121836,89.2084975910514
98,a,0.861926249208482,-0.490623747442971,0.991780480060777,-29.6493014761852
98,b,-0.82538538396622,-0.466079306213305,0.947887626116799,-150.547415484532
98,c,0.0184861644392825,1.00414609574116,1.00431624494871,88.9453132658202
99,a,0.873470220460159,-0.506692139317511,1.00979559816672,-30.1176308119097
99,b,-0.858352067212082,-0.478937825539871,0.9829291490337,-150.8396345999
99,c,0.0163699159834118,1.02045990625849,1.02059119848761,89.0809568810299
