bus_id,phase,scenario,p_pu,q_pu
sourcebus,a,h001,0.149423708674679,0.023929555559661999
sourcebus,b,h001,0.13699028015738501,0.016829507169476999
sourcebus,c,h001,0.14935583554597001,0.0096118583234339992
_hvmv_sub_lsb,a,h001,1.2885000000000003e-11,5.5305000000000003e-11
_hvmv_sub_lsb,b,h001,-6.7589999999999957e-12,2.8539000000000004e-11
_hvmv_sub_lsb,c,h001,1.0989999999999993e-12,3.2750000000000029e-12
m1009763,a,h001,9.9999999999999968e-16,3.9999999999999987e-15
m1009763,b,h001,-3.7e-14,4.9999999999999976e-15
m1009763,c,h001,4.0000000000000003e-15,2.9999999999999998e-15
l2673322,b,h001,1.3000000000000001e-14,-7.9999999999999975e-15
m1069148,c,h001,-2.9999999999999998e-14,-1.8999999999999998e-14
m1069588,b,h001,2.9999999999999998e-15,1.6000000000000001e-14
l2804270,b,h001,-4.9999999999999992e-15,-3.1e-14
m3036164,b,h001,-1.4399999999999999e-13,-2.6199999999999999e-13
l2935553,b,h001,1.4e-14,1.4e-14
l3085398,a,h001,1.1e-14,-1.7e-14
l3085398,b,h001,-8.9999999999999995e-15,2.2000000000000001e-14
l3085398,c,h001,2.9999999999999998e-15,-2.0000000000000002e-15
m1026891,a,h001,2.9999999999999998e-15,1.7999999999999999e-14
m1026891,b,h001,5.9999999999999997e-15,-8.0000000000000006e-15
m1026891,c,h001,-1.2900000000000001e-13,-1.54e-13
l3216367,a,h001,7.0000000000000001e-15,1.9000000000000001e-14
l3216367,b,h001,8.9999999999999995e-15,4.4000000000000002e-14
l3216367,c,h001,-2.5000000000000001e-14,2.3e-14
m1069468,a,h001,1.0999999999999997e-14,-1.0000000000000002e-14
m1069468,b,h001,-1.1e-14,-5.4999999999999999e-14
m1069468,c,h001,2.2000000000000001e-14,-1.9000000000000001e-14
m1047592,a,h001,-5e-15,1.7999999999999999e-14
m1047592,b,h001,-3.7e-14,2.0000000000000002e-15
m1047592,c,h001,-1.4499999999999999e-13,-9.600000000000002e-14
m1047339,a,h001,9.0000000000000042e-15,5.8000000000000005e-14
m1047339,b,h001,2.0000000000000002e-15,5.9999999999999997e-15
m1047339,c,h001,-1.0000000000000001e-15,2.0000000000000002e-15
m1026915,a,h001,0,-2.3e-14
m1026915,b,h001,-2.61e-13,-5.6999999999999984e-14
m1026915,c,h001,1.1e-14,8.9999999999999995e-15
m1026920,a,h001,1.7999999999999999e-14,2.6999999999999999e-14
m1026920,b,h001,-3.4e-14,2.9999999999999998e-14
m1026920,c,h001,-8.9999999999999995e-15,-8.0000000000000006e-15
l3254207,a,h001,7.0000000000000001e-15,1.7e-14
m1069464,a,h001,-3.5999999999999998e-14,-8.0000000000000006e-15
m1069464,b,h001,-7.1999999999999996e-14,-1.8599999999999999e-13
m1069464,c,h001,-4.0000000000000003e-15,2.6999999999999999e-14
l2729406,c,h001,-3.0000000000000002e-15,0
l3649301,a,h001,-7.0000000000000001e-15,-3.5000000000000002e-14
l3649302,a,h001,1.1e-14,8.0000000000000006e-15
m1089113,b,h001,5.9999999999999997e-15,3.0000000000000006e-15
m1047312,a,h001,-6.9999999999999954e-15,1.2299999999999998e-13
m1047312,b,h001,3.944304526105059e-30,-1.1999999999999999e-14
m1047312,c,h001,-3.5999999999999998e-14,5.0999999999999997e-14
l2822871,a,h001,-2.1000000000000002e-14,2.7000000000000002e-14
l2822871,b,h001,2.6e-14,2.0000000000000002e-15
l2822871,c,h001,-1.0000000000000005e-15,-7.0000000000000001e-15
l2973163,b,h001,-2e-14,-2.0000000000000002e-15
l3728038,a,h001,2.6800000000000002e-13,2.9999999999999998e-15
l3728039,a,h001,-7.0000000000000001e-15,1.1999999999999999e-14
m1069567,b,h001,-5.9999999999999997e-15,-1.4999999999999999e-14
m1069582,b,h001,-1.3e-14,1.8000000000000002e-14
l3216351,a,h001,3.5999999999999998e-14,-3.7e-14
l2952007,c,h001,-2.0000000000000009e-15,8.0000000000000006e-15
m1026726,a,h001,5e-15,5.3000000000000001e-14
m1026726,b,h001,1.5999999999999998e-14,-7.4999999999999996e-14
m1026726,c,h001,5.4999999999999999e-14,1.9000000000000001e-14
l2730106,a,h001,-1.7000000000000003e-14,-1.2400000000000003e-13
l2730106,b,h001,9.1999999999999999e-14,-8.3999999999999995e-14
l2730106,c,h001,-7.2999999999999992e-14,1.8599999999999999e-13
m1026658,a,h001,8.9999999999999995e-15,-8.9999999999999995e-15
m1026658,b,h001,-2.9000000000000003e-14,2.2000000000000001e-14
m1026658,c,h001,1.0000000000000001e-15,-1.4999999999999999e-14
l2991914,a,h001,9.9999999999999889e-16,-1.6999999999999997e-14
l2991914,b,h001,3.1999999999999996e-14,-1.000000000000002e-15
l2991914,c,h001,2.1000000000000002e-14,3.8000000000000002e-14
l2973154,a,h001,-8.9999999999999995e-15,-5.3000000000000001e-14
l3010565,c,h001,-2.0000000000000002e-15,-5e-15
m1125955,c,h001,1.9999999999999998e-15,-1.6000000000000001e-14
m1069640,b,h001,-7.0000000000000001e-15,6.9999999999999994e-15
l2804269,b,h001,-7.0000000000000001e-15,-1.1999999999999999e-14
m1026702,a,h001,-9.9999999999999984e-15,4.9999999999999992e-15
m1026702,b,h001,-1.9000000000000001e-14,-2.0000000000000002e-15
m1026702,c,h001,5.9000000000000001e-14,-1.2000000000000001e-14
l2783231,b,h001,-1.1e-14,0
l2748143,a,h001,1.1999999999999999e-14,-1.4e-14
m1069610,b,h001,-2.0000000000000003e-14,4.0000000000000019e-15
m1069424,a,h001,1.3499999999999998e-13,1.0999999999999999e-13
m1069424,b,h001,5e-15,3.2000000000000002e-14
m1069424,c,h001,2.9999999999999998e-15,1.4e-14
l2935549,a,h001,-1.4999999999999999e-14,-1.9000000000000001e-14
l2935549,b,h001,1.0000000000000001e-15,2.0000000000000002e-15
l2935549,c,h001,-1e-14,1.3e-14
l3235242,c,h001,6.9999999999999994e-15,-1.0000000000000005e-15
m1026795,a,h001,-1.1e-13,-4.1999999999999998e-14
m1026795,b,h001,-4.7999999999999997e-14,-3.8000000000000002e-14
m1026795,c,h001,-1.2999999999999995e-14,-5.4000000000000003e-14
l3030199,a,h001,5.2999999999999995e-14,1.9000000000000001e-14
l3030199,b,h001,2.0999999999999999e-14,8.7999999999999991e-14
l3030199,c,h001,-6.2999999999999997e-14,4.1000000000000015e-14
m1069189,a,h001,9.9999999999999984e-15,1.8999999999999998e-14
m1069189,b,h001,-2.7999999999999997e-14,4.9999999999999976e-15
m1069189,c,h001,-5.9999999999999997e-15,-2.5000000000000001e-14
f739845,a,h001,7.0300000000000003e-13,5.9799999999999998e-13
f739845,b,h001,4.2999999999999999e-13,1.42e-13
f739845,c,h001,2.0500000000000001e-13,1.1519999999999999e-12
293471,a,h001,7.0000000000000001e-15,1.6000000000000001e-14
293471,b,h001,8.9999999999999995e-15,1.1999999999999999e-14
293471,c,h001,-1.4e-14,-4.0000000000000003e-15
l2860504,a,h001,2.6e-14,-2.9000000000000003e-14
l2860493,a,h001,-4.0000000000000003e-15,3.0000000000000002e-15
m1026783,a,h001,2.9999999999999998e-15,2.0000000000000025e-15
m1026783,b,h001,-1.7999999999999999e-14,-2.0000000000000009e-15
m1026783,c,h001,-4.7999999999999997e-14,-4.1000000000000002e-14
m1026700,a,h001,-2.3999999999999999e-14,-3.4e-14
m1026700,b,h001,-2.0999999999999999e-14,-2.0000000000000006e-14
m1026700,c,h001,3.9999999999999994e-14,-7.0000000000000009e-15
m1089173,c,h001,1.9999999999999962e-15,-2.0999999999999996e-14
l2935551,c,h001,-1e-14,-2.3e-14
m1026344,a,h001,3.0000000000000006e-15,-4.0999999999999996e-14
l2879070,a,h001,1e-14,-2.8000000000000001e-14
l2879070,b,h001,5.9999999999999997e-15,-2.3e-14
l2879070,c,h001,1.6000000000000001e-14,-3.2999999999999998e-14
l3216345,a,h001,7.0000000000000001e-15,2.0000000000000002e-15
l3216345,b,h001,2.3999999999999999e-14,2.0999999999999999e-14
l3216345,c,h001,-7.0000000000000001e-15,5e-15
m1069428,a,h001,-5.6999999999999997e-14,-5.4999999999999999e-14
m1069428,b,h001,2.9000000000000003e-14,1.300000000000003e-14
m1069428,c,h001,2.3e-14,-3.4e-14
l2991919,a,h001,2.0000000000000002e-15,7.0000000000000001e-15
m1026361,a,h001,2.9999999999999998e-15,-1.1999999999999999e-14
q14412,a,h001,-2.8899999999999998e-13,-3.5699999999999999e-13
q14412,b,h001,-2.1700000000000001e-13,-7.9299999999999995e-13
q14412,c,h001,-7.4e-14,2.5099999999999999e-13
m1047325,a,h001,-5.0999999999999997e-14,1.2999999999999998e-14
m1047325,b,h001,3.5999999999999998e-14,9.9999999999999953e-15
m1047325,c,h001,7.0000000000000017e-15,-3.7e-14
m1069469,a,h001,1.1999999999999996e-14,4.0000000000000082e-15
l3216338,b,h001,1.9999999999999994e-15,-5.0000000000000008e-15
m3037452,a,h001,-2.0000000000000001e-13,4.0599999999999999e-13
l3120376,a,h001,7.0000000000000001e-15,-2.0000000000000002e-15
m1026925,a,h001,1.3999999999999997e-14,1.5999999999999998e-14
m1026940,b,h001,-1.0000000000000002e-14,-5.9999999999999997e-15
m1047471,b,h001,1.3000000000000001e-14,1.9000000000000001e-14
m1047401,a,h001,1.7999999999999999e-14,-5.0000000000000008e-15
l3122820,a,h001,-1.3e-14,0
m1069224,c,h001,1.1999999999999999e-14,-2.0999999999999999e-14
l2766746,c,h001,-4.0000000000000003e-15,5.9999999999999997e-15
m1027073,c,h001,8.0000000000000006e-15,-1.3e-14
m1069181,a,h001,-1e-14,-1.7e-14
l2973151,a,h001,1.0000000000000001e-15,2.9999999999999998e-15
l3179682,c,h001,-2.9999999999999998e-15,9.9999999999999889e-16
l3066816,a,h001,8.5999999999999987e-14,1.4399999999999999e-13
m1108529,a,h001,-4.6e-14,5.3000000000000001e-14
m1108529,b,h001,-1.07e-13,-7.7e-14
m1108529,c,h001,2.0000000000000128e-15,1.18e-13
m1108532,a,h001,5.9999999999999997e-15,-5.5999999999999995e-14
m1108532,b,h001,8.2999999999999975e-14,-3.7999999999999996e-14
m1108532,c,h001,-8.8999999999999999e-14,-1.2099999999999999e-13
l2766723,a,h001,-8.0000000000000006e-15,2.5000000000000001e-14
l2673312,a,h001,0,1.1e-14
m1166391,c,h001,-8.0000000000000006e-15,-2.0000000000000009e-15
l3254873,c,h001,1.9000000000000001e-14,-5.9999999999999997e-15
l2861157,c,h001,-1.6000000000000001e-14,-7.0000000000000001e-15
m1047346,a,h001,1.3e-14,2.5000000000000001e-14
m1047346,b,h001,-1.6000000000000001e-14,-8.9999999999999995e-15
m1047346,c,h001,2.9999999999999998e-15,-4.0000000000000003e-15
m1047345,a,h001,2.2000000000000001e-14,-2.9999999999999998e-15
m1047345,b,h001,1.4999999999999999e-14,2.5000000000000001e-14
m1047345,c,h001,-1.1e-14,0
m1108328,c,h001,-3.8999999999999998e-14,3.1e-14
l2786204,c,h001,4.9999999999999992e-15,-5.9999999999999997e-15
m1009726,a,h001,1.4999999999999999e-14,-2.9999999999999998e-15
m1047702,a,h001,2.0899999999999999e-13,1.8600000000000002e-13
l2767340,a,h001,-1.3199999999999999e-13,-5.3000000000000001e-14
l2767340,b,h001,3.5000000000000002e-14,1.6000000000000008e-14
l2767340,c,h001,-9.8999999999999995e-14,1.1100000000000002e-13
m1047457,b,h001,-1.1999999999999999e-14,-1e-14
l2710546,b,h001,-3.6000000000000004e-14,-2.0000000000000002e-15
l2674027,a,h001,1.6000000000000001e-14,-5.8000000000000005e-14
l2674027,b,h001,3.5000000000000002e-14,-8.8999999999999999e-14
l2674027,c,h001,2.5000000000000001e-14,-5.6000000000000001e-14
l2692633,a,h001,-6.7000000000000005e-14,2.6e-14
l2692633,b,h001,1.6000000000000001e-14,4.1000000000000002e-14
l2692633,c,h001,-4.4999999999999998e-14,3.1e-14
m1069135,a,h001,1.9999999999999994e-15,-6.0000000000000013e-15
m1069135,b,h001,2.3000000000000003e-14,-1.8000000000000012e-14
m1069135,c,h001,0,1.2000000000000001e-14
m1047534,a,h001,-2.7000000000000002e-14,4.4000000000000002e-14
m1047534,b,h001,-1.7e-14,-1.0000000000000002e-14
m1047534,c,h001,1.2900000000000001e-13,4.4999999999999998e-14
m1069560,b,h001,8.9999999999999995e-15,1.1999999999999999e-14
l2973153,a,h001,1.5699999999999999e-13,-2.14e-13
l2973153,b,h001,2.3999999999999999e-14,-1.3999999999999998e-13
l2973153,c,h001,1.54e-13,-1.3400000000000001e-13
l2898515,c,h001,2.0000000000000002e-15,5.9999999999999997e-15
m1166387,c,h001,-2.9999999999999994e-15,-4.0000000000000003e-15
m1047442,b,h001,1e-14,3.9999999999999995e-15
m1142871,a,h001,2.6999999999999999e-14,-1.5700000000000001e-13
m1142871,b,h001,1.07e-13,7.7999999999999996e-14
m1142871,c,h001,-4.3999999999999996e-14,1.59e-13
m1142874,a,h001,-1.9999999999999997e-14,7.1e-14
m1142874,b,h001,-6.4000000000000005e-14,5.0000000000000002e-14
m1142874,c,h001,-1.0900000000000002e-13,-9.3999999999999991e-14
l2955081,a,h001,3.2000000000000002e-14,-4.7000000000000002e-14
l2955081,b,h001,4.6e-14,8.8999999999999999e-14
l2955081,c,h001,2.0000000000000002e-15,-5.9999999999999997e-14
m1108315,a,h001,2.9000000000000003e-14,-7.0000000000000001e-15
m1108315,b,h001,2.9000000000000003e-14,2.3999999999999999e-14
m1108315,c,h001,1.2000000000000004e-13,4.1999999999999998e-14
l2973162,a,h001,4.0000000000000003e-15,-1.0000000000000001e-15
l2973162,b,h001,-1.4999999999999999e-14,1.4999999999999999e-14
l2973162,c,h001,2.0000000000000002e-15,1.1e-14
m1026333,a,h001,-6.1000000000000005e-14,1.0000000000000084e-15
m1026333,b,h001,-7.0000000000000001e-15,-3.7e-14
m1026333,c,h001,-5.9999999999999997e-15,-1.1999999999999999e-14
m1009832,b,h001,-4.1599999999999999e-13,-3.56e-13
m1026854,a,h001,1.0000000000000008e-14,5.3000000000000001e-14
m1026854,b,h001,-2.6999999999999999e-14,2.9999999999999998e-15
m1026854,c,h001,3.1e-14,-1.3e-14
m1026485,b,h001,-2.800000000000002e-14,9.7999999999999999e-14
d6413567-3_int,a,h001,-1.3400000000000001e-13,-8.9999999999999995e-15
d6413567-3_int,b,h001,2.8999999999999998e-13,1.6000000000000001e-14
d6413567-3_int,c,h001,5.3900000000000003e-13,5.4899999999999998e-13
e182724,a,h001,1.1700000000000001e-13,-1.0199999999999999e-13
e182724,b,h001,-2.6e-14,1.1999999999999999e-13
e182724,c,h001,-3.4000000000000002e-13,-5.2499999999999998e-13
l2933135,a,h001,6.7700000000000004e-13,-3.1e-14
l2933135,b,h001,4.7599999999999999e-13,5.4200000000000001e-13
l2933135,c,h001,1.5339999999999999e-12,-7.2500000000000004e-13
l2729414,a,h001,-1.6000000000000001e-14,-1.4999999999999999e-14
l2729414,b,h001,1.3e-14,-1.1e-14
l2729414,c,h001,-1.4999999999999999e-14,-8.0000000000000006e-15
l2729430,b,h001,1e-14,3.2999999999999998e-14
l2766742,b,h001,-5.9999999999999997e-15,-1.1999999999999999e-14
l2860483,b,h001,-2.9999999999999998e-15,5.9999999999999997e-15
l2860490,a,h001,1.1e-14,-5e-15
l2860490,b,h001,-1e-14,-1e-14
l2860490,c,h001,-1.1e-14,-8.9999999999999995e-15
l3104134,a,h001,-1.4e-14,-1.7999999999999999e-14
l3104134,b,h001,1.9000000000000001e-14,1e-14
l3104134,c,h001,-1.4e-14,8.0000000000000006e-15
m1089118,a,h001,0,-5.9999999999999997e-15
m1089118,b,h001,2.9999999999999998e-15,5e-15
m1089118,c,h001,-1.0000000000000005e-15,-4.9999999999999992e-15
m1108505,a,h001,-8.0000000000000164e-15,-2.8999999999999977e-14
m1108505,b,h001,-2e-14,1.1e-13
m1108505,c,h001,-5.1999999999999999e-14,-5.1999999999999999e-14
l2955047,a,h001,-6.8999999999999996e-14,-6.5999999999999996e-14
l2955047,b,h001,4.8999999999999999e-14,-3.8999999999999998e-14
l2955047,c,h001,-3.7e-14,5.0000000000000002e-14
m1089148,a,h001,1.7999999999999999e-14,6.0000000000000005e-15
l2710512,b,h001,0,-2.9999999999999998e-15
m1047828,b,h001,-1.9000000000000001e-14,-1e-14
m1069192,a,h001,-4.0000000000000027e-15,-3.7e-14
l3214071,a,h001,-3.2000000000000002e-14,-3.2999999999999998e-14
l3214071,b,h001,-4.3e-14,-8.8999999999999999e-14
l3214071,c,h001,-4.7000000000000002e-14,-2.0999999999999999e-14
m1125952,a,h001,-2.2899999999999998e-13,1.5800000000000001e-13
m1125952,b,h001,-1.36e-13,4.0000000000000003e-15
m1125952,c,h001,-2.0399999999999999e-13,2.8999999999999996e-14
m1027101,b,h001,1.9999999999999998e-15,-1.0499999999999999e-13
l2710517,a,h001,2.9999999999999998e-15,-1.1999999999999999e-14
m1026646,a,h001,-2.9999999999999998e-14,4.0000000000000003e-15
m1026931,a,h001,-1.3e-14,2.6e-14
l3216336,a,h001,-5.9999999999999997e-15,-2.2000000000000001e-14
l3142049,a,h001,2.3500000000000001e-13,-9.9000000000000007e-14
l3142049,b,h001,3.08e-13,2.7000000000000001e-13
l3142049,c,h001,-2.14e-13,1.67e-13
m1069169,a,h001,-2.0000000000000003e-14,7.999999999999999e-15
m1069169,b,h001,-8.0000000000000006e-15,-1.0000000000000001e-15
m1069169,c,h001,-1.1e-14,-1.1e-14
l3010556,a,h001,7.0000000000000001e-15,-1.0000000000000001e-15
l3010556,b,h001,2.0000000000000002e-15,-1.1e-14
l3010556,c,h001,1.7999999999999999e-14,8.9999999999999995e-15
l2991933,c,h001,4.0000000000000003e-15,-8.0000000000000006e-15
l3122837,c,h001,2.0000000000000002e-15,1.0000000000000001e-15
l2691936,a,h001,-1.1e-14,7.0000000000000001e-15
l2766732,b,h001,-1.6000000000000001e-14,4.1000000000000002e-14
l2989564,b,h001,1.1e-14,1e-14
m1126016,a,h001,-4.9999999999999992e-15,1.9000000000000001e-14
m1026330,a,h001,1.4999999999999999e-14,-1.1999999999999999e-14
m1026330,b,h001,-6.9999999999999978e-15,-3.8999999999999998e-14
m1026330,c,h001,2.0000000000000002e-15,-8.0000000000000006e-15
m1108381,a,h001,2.4500000000000002e-13,-1.300000000000002e-14
m1108381,b,h001,3.0099999999999998e-13,6.8000000000000013e-14
m1108381,c,h001,2.84e-13,-1.9699999999999999e-13
l3254237,a,h001,-7.0000000000000001e-15,-2.9999999999999998e-15
l3254237,b,h001,4.0000000000000003e-15,3.4e-14
l3254237,c,h001,-4e-14,7.0000000000000001e-15
l2804262,a,h001,-8.9999999999999995e-15,2.5000000000000001e-14
l2841639,a,h001,5.9999999999999997e-15,-2.6e-14
l2708744,b,h001,1.1e-14,2.0999999999999999e-14
m1069519,a,h001,1.5599999999999999e-13,1.1499999999999999e-13
m1069519,b,h001,-3.3000000000000005e-14,4.04e-13
m1069519,c,h001,-2.14e-13,1.5699999999999999e-13
l2897790,c,h001,-2.0999999999999999e-14,-2.3e-14
m1069548,c,h001,-1.4999999999999999e-14,-4.0999999999999983e-14
m1089145,a,h001,1.7e-14,3.8999999999999998e-14
m1089145,b,h001,-2.0999999999999999e-14,-5.0999999999999997e-14
m1089145,c,h001,6.2999999999999997e-14,3.8000000000000002e-14
l3215385,a,h001,-1.9000000000000001e-14,-1.1999999999999999e-14
l3215385,b,h001,-7.0000000000000001e-15,1.4999999999999999e-14
l3215385,c,h001,-2.8000000000000001e-14,-1.6000000000000001e-14
m1026852,a,h001,-2.0999999999999999e-14,-2.0000000000000002e-15
m1026852,b,h001,4.0000000000000003e-15,-2.9999999999999998e-15
m1026852,c,h001,1.9000000000000001e-14,2.8000000000000007e-14
m1069420,a,h001,2.3999999999999996e-14,3.5999999999999998e-14
m1069420,b,h001,1e-14,3.5000000000000002e-14
m1069420,c,h001,2.6999999999999999e-14,-5.9000000000000014e-14
l3157708,c,h001,1.0999999999999999e-14,1.5999999999999998e-14
m1047326,a,h001,-5.1999999999999993e-14,-1.9000000000000001e-14
e182732,a,h001,-1.09e-12,7.8000000000000008e-14
e182732,b,h001,5.4699999999999999e-13,-2.1099999999999998e-13
e182732,c,h001,-4.6800000000000003e-13,2.84e-13
l3048205,c,h001,1.4999999999999999e-14,-2.0000000000000002e-15
m1108361,c,h001,5.9999999999999997e-15,1.7e-14
m3036169,a,h001,-2.3600000000000005e-13,-1.1999999999999999e-13
l2673317,a,h001,2.61e-13,1.2699999999999999e-13
l3178981,b,h001,-1.7e-14,-4.0000000000000003e-15
m1047368,b,h001,9.0000000000000011e-15,-2.9999999999999998e-15
l2879794,a,h001,-1e-14,1.4e-14
m1142811,a,h001,2.4999999999999998e-14,-1.0999999999999997e-14
m1069565,b,h001,1.9999999999999994e-15,-3.9999999999999994e-14
l3104114,b,h001,2.0000000000000002e-15,-2.6e-14
m1009824,b,h001,1.4999999999999999e-14,2.9000000000000003e-14
l2673308,a,h001,-1.4999999999999999e-14,2.0000000000000002e-15
l2673308,b,h001,-5e-15,8.0000000000000006e-15
l2673308,c,h001,1.1e-14,-8.0000000000000006e-15
l2991939,a,h001,2.8000000000000001e-14,8.0000000000000006e-15
l2991939,b,h001,4.0000000000000003e-15,2.0000000000000002e-15
l2991939,c,h001,-5e-15,-5.9999999999999997e-15
l2916606,c,h001,-2.0000000000000002e-15,-5.9999999999999997e-15
m1209822,c,h001,4.0000000000000019e-15,-9.9999999999999968e-16
m1069550,b,h001,2.2199999999999999e-13,4.7000000000000002e-14
m1069551,b,h001,-2.4300000000000002e-13,1.0000000000000001e-15
l3649299,a,h001,7.4999999999999996e-14,6.8999999999999996e-14
m3772794,a,h001,-1e-13,-8.6e-14
l3048887,b,h001,-3.1e-14,0
m1047824,b,h001,-4.9999999999999992e-15,-8.9999999999999995e-15
m1047834,b,h001,6.0000000000000005e-15,-8.9999999999999995e-15
l2879072,b,h001,7.0000000000000001e-15,4.0000000000000003e-15
m1047441,b,h001,-1.9999999999999997e-14,-2.0999999999999999e-14
m1108274,b,h001,-1.7999999999999999e-14,-1.1e-14
l3235244,a,h001,-2.3e-14,5e-15
m1069398,a,h001,-1.0000000000000005e-15,-4.0000000000000011e-15
l2786273,b,h001,-2.0000000000000002e-15,1.3e-14
m1108278,b,h001,8.9999999999999995e-15,-2.0000000000000009e-15
l3254238,a,h001,-8.9999999999999995e-15,4.0000000000000003e-15
l3254238,b,h001,-1.0000000000000001e-15,-4.0000000000000003e-15
l3254238,c,h001,-5.9999999999999997e-15,7.0000000000000001e-15
m1047303,a,h001,-1.700000000000001e-14,-8.5000000000000004e-14
m1047303,b,h001,1.3000000000000008e-14,9.0000000000000008e-14
m1047303,c,h001,7.1e-14,1.5000000000000002e-13
m1069627,b,h001,-1.0000000000000001e-15,3.0000000000000006e-15
l2897791,b,h001,-1.3e-13,-4.5999999999999993e-14
m1089097,b,h001,-7.8000000000000021e-14,4.9999999999999787e-15
l3066810,c,h001,-4.0000000000000003e-15,1.3e-14
l2897769,c,h001,2.9999999999999998e-15,8.9999999999999995e-15
m1209753,b,h001,1.9000000000000001e-14,-2.36e-13
l2858166,a,h001,1.4000000000000001e-13,2.2500000000000003e-13
l2858166,b,h001,-1.1600000000000001e-13,7.0000000000000017e-15
l2858166,c,h001,1.8200000000000001e-13,-2.5799999999999996e-13
m1142843,a,h001,6.2000000000000001e-14,-3.2000000000000002e-14
m1142843,b,h001,1.2900000000000001e-13,7.1999999999999996e-14
m1142843,c,h001,-5.0000000000000002e-14,4.4000000000000002e-14
l3081380,a,h001,-2.3999999999999999e-14,2.2000000000000001e-14
l3081380,b,h001,-2.0999999999999999e-14,1.9000000000000001e-14
l3081380,c,h001,-2.3999999999999999e-14,3.2999999999999998e-14
l2804272,b,h001,-2e-14,-5.9999999999999997e-14
m1069393,b,h001,-4.0000000000000003e-15,-2.0999999999999999e-14
m1069408,b,h001,8.9999999999999995e-15,5.9999999999999997e-15
l3216348,a,h001,-5.9999999999999997e-15,1.3e-14
l2841627,a,h001,4.0000000000000003e-15,4.0000000000000003e-15
m1047447,b,h001,-1.1e-14,5.9999999999999997e-15
l3235246,b,h001,0,7.0000000000000001e-15
l2711224,b,h001,-1.4999999999999999e-14,-1.1999999999999999e-14
l3122817,c,h001,7.0000000000000017e-15,1.2099999999999999e-13
m1186061,a,h001,1.4999999999999999e-14,7.0000000000000001e-15
m1186061,b,h001,-1e-14,-1.9999999999999994e-15
m1186061,c,h001,-1.1e-14,5.9999999999999997e-15
m1069130,a,h001,-6.0999999999999993e-14,4.0999999999999989e-14
l3085396,a,h001,2.0000000000000002e-15,1.7e-14
e182730,a,h001,-3.44e-13,4.1999999999999998e-14
m1069417,a,h001,1.9000000000000001e-14,-3.1e-14
m1069417,b,h001,2.9999999999999992e-14,-1.2899999999999993e-13
m1069417,c,h001,0,0
m1026987,b,h001,8.9999999999999979e-15,8.9999999999999995e-15
m1142832,a,h001,2.6999999999999999e-14,-6.2999999999999997e-14
m1142832,b,h001,-3.8999999999999998e-14,7.1e-14
m1142832,c,h001,9.4999999999999999e-14,4.6999999999999989e-14
l3160865,a,h001,-5.2390000000000006e-12,-1.0871000000000001e-11
l3160865,b,h001,6.8390000000000002e-12,-1.0128999999999999e-11
l3160865,c,h001,-2.8630000000000002e-12,9.9299999999999999e-12
l2673323,c,h001,2.9999999999999998e-15,-8.0000000000000006e-15
l2822869,a,h001,1.4999999999999999e-14,-1.1e-14
l2822869,b,h001,8.9999999999999995e-15,2e-14
l2822869,c,h001,-1.3e-14,1e-14
m1026808,a,h001,-9.2999999999999995e-14,-1.1e-13
m1026808,b,h001,-1.3e-13,-1.1999999999999999e-14
m1026808,c,h001,1.4899999999999997e-13,3.0999999999999994e-14
m1047825,b,h001,-7.0000000000000001e-15,-8.0000000000000006e-15
m1069731,b,h001,-4.0000000000000003e-15,7.0000000000000017e-15
l3178978,a,h001,0,-4.0000000000000003e-15
m1069384,a,h001,9.0000000000000011e-15,-1.7999999999999999e-14
m1047319,c,h001,1e-14,-1.0000000000000005e-15
m1047318,c,h001,0,-1.0000000000000005e-15
l3216358,a,h001,2.0000000000000002e-15,-5e-15
m1026826,a,h001,2.9999999999999998e-15,-8.9999999999999995e-15
m1047763,a,h001,3.9999999999999987e-15,8.9999999999999995e-15
m1047763,b,h001,5.6000000000000014e-14,-9.1999999999999987e-14
m1047763,c,h001,1.0000000000000001e-15,4.0000000000000003e-15
m1108540,c,h001,-2.9999999999999998e-14,-4.7999999999999997e-14
m1047513,a,h001,-4.0000000000000003e-15,-7.0000000000000001e-15
m1047513,b,h001,1.3e-14,-2.0000000000000002e-15
m1047513,c,h001,6.6999999999999992e-14,-4.2000000000000004e-14
m1047507,a,h001,2.7000000000000002e-14,3.2000000000000002e-14
m1047507,b,h001,-3.2000000000000002e-14,2.7999999999999994e-14
m1047507,c,h001,3.8999999999999985e-14,1.1000000000000004e-14
m1142863,a,h001,2.0000000000000002e-15,-8.9999999999999995e-15
m1142863,b,h001,4.7999999999999997e-14,4.3e-14
m1142863,c,h001,-5.4000000000000003e-14,9.7000000000000003e-14
m1125916,b,h001,-1.4e-14,-4.3000000000000006e-14
l2879767,b,h001,-1.3000000000000001e-14,-2.0000000000000002e-15
l3066809,c,h001,-1.4e-14,-2.9999999999999998e-15
m1069487,c,h001,2.9999999999999998e-14,1.9000000000000001e-14
m1142818,a,h001,1.4999999999999999e-14,4.7999999999999997e-14
m1142818,b,h001,-4.0000000000000003e-15,2.6000000000000003e-14
m1142818,c,h001,-8.0000000000000006e-15,4.9999999999999976e-15
q14733,a,h001,1.1059999999999999e-12,2.5399999999999998e-13
q14733,b,h001,7.2099999999999996e-13,-9.1999999999999992e-13
q14733,c,h001,1.2140000000000001e-12,2.6e-14
m1047568,a,h001,9.3999999999999991e-14,1.1300000000000001e-13
m1047568,b,h001,-1.8000000000000012e-14,1.7600000000000003e-13
m1047568,c,h001,-2.8899999999999998e-13,9.2999999999999995e-14
l2954338,b,h001,2.9999999999999998e-14,1.3e-14
m1047409,a,h001,1.1e-14,1.4e-14
l2841648,a,h001,4.0000000000000003e-15,3.0000000000000002e-15
m1089177,c,h001,5.9999999999999997e-15,1.4999999999999999e-14
l2954347,b,h001,1.4e-14,-2.6999999999999999e-14
m1026824,a,h001,5.9999999999999997e-15,4.0000000000000003e-15
m1026824,b,h001,4.0000000000000003e-15,-1.0000000000000001e-15
m1026824,c,h001,4.6e-14,-5.0000000000000039e-15
m1047453,b,h001,3.9999999999999995e-15,-2.7999999999999994e-14
m1089205,a,h001,-1.9000000000000001e-14,-5.4999999999999999e-14
l2710542,b,h001,7.0000000000000001e-15,-1.6000000000000001e-14
m3032980,a,h001,-7.999999999999999e-15,-3.0000000000000005e-14
m3032980,b,h001,-9.9999999999999889e-16,7.9999999999999987e-14
m3032980,c,h001,-5.0999999999999997e-14,9.4999999999999999e-14
l2917330,a,h001,1.0000000000000005e-15,8.0000000000000006e-15
m1047490,a,h001,-3.0999999999999994e-14,1.000000000000002e-15
m1047490,b,h001,-2.8000000000000001e-14,-4.4000000000000002e-14
m1047490,c,h001,3.5999999999999998e-14,-7.0000000000000001e-15
l2878848,c,h001,2.0999999999999999e-14,1e-14
m1047486,a,h001,5.9999999999999981e-15,-2.1000000000000005e-14
m1047486,b,h001,1.3000000000000001e-14,0
m1047486,c,h001,7.0000000000000001e-15,1.7e-14
l2692654,a,h001,-2.9999999999999992e-14,-1.65e-13
m1047672,a,h001,-1.6700000000000002e-13,2.37e-13
m1047672,b,h001,-4e-14,1.1e-13
m1047672,c,h001,3.2000000000000002e-14,1.1600000000000001e-13
m1125919,a,h001,-1.19e-13,-8.6e-14
m1125919,b,h001,2.3999999999999999e-14,-9.2999999999999995e-14
m1125919,c,h001,7.0000000000000001e-15,1.03e-13
m1142819,a,h001,9.7999999999999999e-14,-4.4999999999999998e-14
m1142819,b,h001,8.6999999999999983e-14,7.7e-14
m1142819,c,h001,8.9999999999999995e-15,-1.6000000000000001e-14
m3036172,b,h001,-1.2299999999999998e-13,-1.3e-13
m1089143,a,h001,2.7599999999999999e-13,-8.6999999999999983e-14
m1089143,b,h001,1.6000000000000001e-14,1.7e-14
m1089143,c,h001,-2.9999999999999998e-15,-1e-14
m1069481,a,h001,-2.9999999999999998e-15,-2e-14
m1069481,b,h001,4e-14,1.7e-14
m1069481,c,h001,1.1000000000000004e-14,-5.2999999999999989e-14
m1026377,a,h001,2.9000000000000003e-14,1.9999999999999994e-15
e182722,a,h001,9.1799999999999993e-13,4.8999999999999993e-14
m1026331,a,h001,2.0000000000000002e-15,1.4e-14
m1026331,b,h001,7.0000000000000001e-15,3.4e-14
m1026331,c,h001,4.1000000000000002e-14,-8.9999999999999995e-15
l2936279,a,h001,-2.0000000000000002e-15,-1.1e-14
l2936279,b,h001,2.0000000000000002e-15,1e-14
l2936279,c,h001,1.0000000000000001e-15,-5e-15
m1026704,b,h001,-4.0999999999999996e-14,-1.7999999999999999e-14
m1047386,b,h001,2.5000000000000001e-14,-2.0000000000000009e-15
m1089115,a,h001,2.0000000000000002e-15,-5e-15
m1089115,b,h001,5e-15,-5e-15
m1089115,c,h001,8.0000000000000006e-15,1.9999999999999998e-15
m1026486,b,h001,7.9999999999999987e-14,-1.0799999999999999e-13
m1125968,a,h001,9.7000000000000003e-14,6.2999999999999997e-14
m1125968,b,h001,-2.2000000000000001e-14,-4.3e-14
m1125968,c,h001,2.14e-13,4.1000000000000002e-14
m1069412,b,h001,5e-15,-4.8999999999999999e-14
m1142880,c,h001,-4.9999999999999992e-15,-4.0000000000000003e-15
m1026848,a,h001,2.3400000000000001e-13,-3.1800000000000001e-13
l2897793,a,h001,1.6000000000000001e-14,1.4e-14
m1069521,a,h001,1.3e-14,9.9999999999999889e-16
m1069175,a,h001,-2.3999999999999999e-14,-5.1000000000000004e-14
m1069175,b,h001,6.2000000000000001e-14,9.0000000000000011e-15
m1069175,c,h001,-6.0000000000000005e-15,-1.6000000000000001e-14
l2804257,b,h001,-2.3e-14,3.8999999999999998e-14
l2860485,b,h001,-4.0000000000000003e-15,-5e-15
l3235945,c,h001,1.7999999999999999e-14,8.9999999999999995e-15
l2842330,c,h001,-8.0000000000000006e-15,4.0000000000000003e-15
l2804254,a,h001,-7.1e-14,4.8300000000000006e-13
m1166370,c,h001,3.1999999999999996e-14,6.3999999999999992e-14
m3763619,a,h001,5.6000000000000001e-14,4.1999999999999998e-14
m3763619,b,h001,2.3999999999999999e-14,-4.7000000000000002e-14
m3763619,c,h001,1.4000000000000001e-13,-5.4999999999999999e-14
m3037540,c,h001,-2.84e-13,1.2699999999999999e-13
l2710509,c,h001,1.5600000000000002e-13,-1.7399999999999999e-13
l2763072,b,h001,7.0000000000000001e-15,6.0000000000000005e-15
l3010560,a,h001,3.8999999999999998e-14,-2.3e-14
l3010560,b,h001,-8.0000000000000006e-15,4.4999999999999998e-14
l3010560,c,h001,1.0000000000000001e-15,-7.4e-14
l3254219,c,h001,1.9999999999999994e-15,2.0000000000000002e-15
m1026648,a,h001,2.0000000000000009e-15,8.9999999999999995e-15
m1089112,a,h001,-1.0000000000000002e-14,-1.9999999999999994e-15
m1089112,b,h001,8.0000000000000038e-15,0
m1089112,c,h001,2.2999999999999965e-14,-2.0000000000000376e-15
l2691951,c,h001,2.8999999999999996e-14,-1.9999999999999997e-14
m1026327,b,h001,-3.8999999999999998e-14,-1e-14
l2841636,b,h001,-1.0999999999999999e-14,-6.0000000000000013e-15
l2990826,a,h001,-1.1e-14,-1.4e-14
l2990826,b,h001,-8.0000000000000006e-15,-5.8000000000000005e-14
l2990826,c,h001,0,-1.7999999999999999e-14
l2911069,b,h001,-3.4200000000000001e-13,-1.3500000000000001e-13
m1069312,c,h001,1.3099999999999997e-13,1.0599999999999994e-13
l2876797,a,h001,1.0299999999999999e-13,-7.7e-14
l2876797,b,h001,1.19e-13,5e-15
l2876797,c,h001,-1.5999999999999998e-14,-1.0000000000000005e-15
l3254227,b,h001,-5.9999999999999997e-15,-5.9999999999999997e-15
m3037455,c,h001,-7.1e-14,-1.42e-13
l2822861,a,h001,-7.999999999999999e-15,1.0000000000000002e-14
m1047724,a,h001,-2.2000000000000001e-14,1.1e-14
m1047724,b,h001,6.7999999999999988e-14,-2.8999999999999996e-14
m1047724,c,h001,-4.1999999999999998e-14,-2.2000000000000001e-14
m1047722,a,h001,2.7999999999999997e-14,-1.4999999999999999e-14
m1047722,b,h001,1.7e-14,3.9999999999999987e-15
m1047722,c,h001,1.7e-14,2.3e-14
d5534969-2_int,a,h001,-5.4999999999999999e-14,-5.4000000000000002e-13
d5534969-2_int,b,h001,-4.3700000000000001e-13,7.0000000000000001e-15
d5534969-2_int,c,h001,2.0000000000000001e-13,-7.2600000000000004e-13
e182729,a,h001,7.4599999999999995e-13,6.7199999999999996e-13
e182729,b,h001,5.6600000000000001e-13,-2.0899999999999999e-13
e182729,c,h001,-5.3199999999999995e-13,-2.9999999999999998e-14
m1047699,a,h001,1.9299999999999999e-13,1.8800000000000001e-13
m1047699,b,h001,5e-15,-2.9999999999999998e-15
m1047699,c,h001,-8.0000000000000006e-15,0
l2935554,a,h001,-7.0000000000000001e-15,-2.0000000000000002e-15
l2935554,b,h001,1.1999999999999999e-14,-1.4e-14
l2935554,c,h001,1.3e-14,8.9999999999999995e-15
m1047292,a,h001,-2.5000000000000001e-14,-5e-15
m1047292,b,h001,1.3e-14,1.7e-14
m1047292,c,h001,5.9999999999999997e-15,4.0000000000000003e-15
l3649300,a,h001,2.0000000000000002e-15,2e-14
m3327098,b,h001,6.0000000000000005e-15,-4.9999999999999976e-15
m1125904,a,h001,-2.0000000000000016e-14,-4.7999999999999997e-14
l3233413,b,h001,-7.0000000000000049e-15,-1.9999999999999994e-15
l3122827,a,h001,5e-15,4.0000000000000003e-15
l2954355,a,h001,-7.0000000000000001e-15,-6.0000000000000013e-15
l2952003,a,h001,1.4e-14,8.9999999999999995e-15
l2952003,b,h001,1.0000000000000001e-15,-8.0000000000000006e-15
l2952003,c,h001,1.4999999999999999e-14,-4.0000000000000003e-15
m1125978,b,h001,-5.1999999999999999e-14,-2.0999999999999999e-14
m1026706,a,h001,-7.0100000000000004e-13,-8.3299999999999998e-13
m1026706,b,h001,-1.2059999999999999e-12,-1.25e-13
m1026706,c,h001,5.9499999999999999e-13,-3.0200000000000003e-13
l3141399,c,h001,-1.0000000000000005e-15,1.9999999999999994e-15
m3763624,a,h001,8.6999999999999995e-14,2.5999999999999996e-14
m3763624,b,h001,5.0000000000000002e-14,-2.9999999999999998e-15
m3763624,c,h001,-6.0699999999999984e-13,1.5900000000000003e-13
m1142839,a,h001,-2.0000000000000002e-15,3.2000000000000002e-14
m1142839,b,h001,-4.0000000000000003e-15,0
m1142839,c,h001,-3.0000000000000014e-15,-5e-15
m1142826,b,h001,2.0000000000000002e-15,-3.0000000000000002e-15
l2823544,a,h001,-2.3999999999999999e-14,-2.6999999999999999e-14
l2973155,a,h001,-8.9999999999999995e-15,8.0000000000000006e-15
l2973155,b,h001,0,-4.0000000000000003e-15
l2973155,c,h001,-2.0000000000000002e-15,-8.9999999999999995e-15
l3216346,a,h001,-1.0000000000000001e-15,2.9000000000000003e-14
l2858163,a,h001,-2.9999999999999998e-15,-5e-15
l3086079,b,h001,-8.9999999999999995e-15,9.7000000000000003e-14
m4113348,a,h001,2.3400000000000021e-13,-6.8200000000000012e-13
m4113348,c,h001,-1.7299999999999997e-13,-9.0000000000000626e-15
l2879074,a,h001,2.2000000000000001e-14,-1.4e-14
e193509,a,h001,1.236e-12,-4.02e-13
e193509,b,h001,7.7500000000000003e-13,1.1599999999999999e-12
e193509,c,h001,5.5900000000000004e-13,6.4e-13
m1047794,b,h001,8.9999999999999995e-14,-6.0999999999999993e-14
l3027116,a,h001,5e-15,8.9999999999999995e-15
l3027116,b,h001,-1.3e-14,-8.0000000000000006e-15
l3027116,c,h001,8.0000000000000006e-15,-2.3999999999999999e-14
m1166375,a,h001,-6.0999999999999993e-14,1.0000000000000005e-14
m1166375,b,h001,-4.1999999999999998e-14,-1.12e-13
m1166375,c,h001,7.1999999999999996e-14,-8.3e-14
l2973156,b,h001,-1.8700000000000001e-13,-1.8200000000000001e-13
m1069311,a,h001,1.0070000000000001e-12,-2.2830000000000003e-12
m1069311,b,h001,2.3530000000000002e-12,4.3400000000000007e-13
m1069311,c,h001,2.2749999999999999e-12,-3.0990000000000004e-12
m1069208,c,h001,-3.9999999999999972e-15,2.5000000000000001e-14
m1026468,b,h001,0,-1.4599999999999998e-13
m1026662,a,h001,7.999999999999999e-15,2.0999999999999999e-14
m1026662,b,h001,-1.1e-14,1.4999999999999999e-14
m1026662,c,h001,-8e-14,2.3e-14
m1026941,a,h001,2.3999999999999999e-14,-2.9999999999999998e-15
m1026942,a,h001,-1.9200000000000001e-13,-1.3899999999999999e-13
m1047713,a,h001,4.4999999999999985e-14,-6.3000000000000009e-14
m1047713,b,h001,-1.7999999999999999e-14,1.4999999999999999e-14
m1047713,c,h001,2.0000000000000002e-15,2.9999999999999998e-15
m1047720,a,h001,-1.72e-13,-1.5599999999999999e-13
m1047720,b,h001,-1.54e-13,-3.1800000000000001e-13
m1047720,c,h001,1.9700000000000002e-13,-4.0800000000000003e-13
m1108298,a,h001,-2.4000000000000002e-14,1.4999999999999999e-14
m1108298,b,h001,-5.7999999999999993e-14,-6.5000000000000001e-14
m1108298,c,h001,-1e-14,4.5999999999999993e-14
e183472,a,h001,8.9900000000000001e-13,9.4999999999999999e-13
e183472,b,h001,-3.55e-13,3.5300000000000001e-13
e183472,c,h001,3.0099999999999998e-13,4.3300000000000002e-13
l2989566,a,h001,1.0000000000000001e-15,-2.0000000000000002e-15
l2989566,b,h001,7.0000000000000001e-15,-2.0000000000000002e-15
l2989566,c,h001,5e-15,-4.0000000000000003e-15
m1010004,a,h001,-8.0000000000000006e-15,-1.0000000000000005e-15
m1089188,c,h001,-1.1999999999999999e-14,5.9999999999999981e-15
l2972704,c,h001,-5.9999999999999997e-15,1.1e-14
l3263051,c,h001,2.0000000000000002e-15,0
l2897776,c,h001,-2.0000000000000002e-15,-2.7000000000000002e-14
l2767414,c,h001,1.1e-14,1.7e-14
m1069572,b,h001,-3.2999999999999998e-14,-1.2999999999999997e-14
m1166356,a,h001,1.7999999999999999e-14,-2.0000000000000025e-15
l3122825,a,h001,5.9999999999999997e-15,-1e-14
l3122826,a,h001,-8.0000000000000006e-15,-2.0000000000000002e-15
m1047358,a,h001,2.3e-14,1.5000000000000002e-14
l3142078,b,h001,-1.0000000000000001e-15,1.0000000000000001e-15
m1027023,a,h001,-7.0000000000000001e-15,-2.3e-14
m1027023,b,h001,7.0000000000000001e-15,-2.0999999999999999e-14
m1027023,c,h001,1.4999999999999999e-14,1.9000000000000001e-14
l2724120,c,h001,-4.9999999999999989e-14,2.6000000000000003e-14
l2729429,a,h001,-1.9900000000000006e-13,-1.5799999999999993e-13
l3215549,b,h001,-1e-14,8.0000000000000006e-15
l2897800,b,h001,1.9000000000000001e-14,5e-15
m1126020,a,h001,1.9999999999999991e-14,2.4000000000000002e-14
m1026906,a,h001,0,1.9999999999999994e-15
m1209828,c,h001,1.1999999999999999e-14,1.4e-14
l3195315,a,h001,-5.9999999999999997e-15,2.8000000000000001e-14
m1069590,b,h001,2.6e-14,3.0000000000000125e-15
m1069595,b,h001,-8.0000000000000006e-15,-1.9000000000000001e-14
m1027004,b,h001,2.0000000000000002e-15,-7.0000000000000001e-15
l2897765,b,h001,-1.0000000000000001e-15,1.0000000000000001e-15
m1047314,a,h001,8.0000000000000006e-15,-1.0799999999999998e-13
l2876814,a,h001,3.7400000000000002e-13,4.4999999999999998e-14
l2876814,b,h001,-1.6400000000000001e-13,7.0000000000000001e-15
l2876814,c,h001,-5.3000000000000001e-14,-2.8799999999999998e-13
m1026834,a,h001,-1e-14,5.9999999999999997e-15
m1026834,b,h001,1.6000000000000001e-14,7.0000000000000001e-15
m1026834,c,h001,3.000000000000003e-15,2.1000000000000018e-14
m1008743,b,h001,1e-14,-9.9999999999999968e-16
m1008742,b,h001,2.0999999999999999e-14,4e-14
m1026902,a,h001,3.9999999999999987e-15,4.1000000000000002e-14
m1026902,b,h001,-8.9999999999999995e-15,-3.4e-14
m1026902,c,h001,2.8000000000000001e-14,-8.9999999999999995e-15
l2897780,a,h001,-1.1e-14,-1.6000000000000001e-14
l2897780,b,h001,1.7e-14,5.9999999999999997e-15
l2897780,c,h001,-1.3e-14,3.4e-14
m1069411,a,h001,-8.9999999999999995e-15,3.2000000000000002e-14
m1069411,b,h001,-3.5000000000000002e-14,1e-14
m1069411,c,h001,3.8999999999999998e-14,1.1e-14
l2711226,a,h001,1.6000000000000001e-14,-4.8999999999999999e-14
l2711226,b,h001,-3.9900000000000002e-13,-3.91e-13
l2711226,c,h001,8.0000000000000006e-15,5.8000000000000005e-14
m1089170,c,h001,5.9999999999999981e-15,3.9999999999999987e-15
l2879062,c,h001,-2.0000000000000002e-15,4.0000000000000003e-15
m1069174,c,h001,1.4999999999999999e-14,1.0000000000000005e-15
m1069629,b,h001,-8.9999999999999995e-15,-7.0000000000000001e-15
l2691944,a,h001,1.0000000000000001e-15,-5.9999999999999997e-15
m1069533,a,h001,1.5600000000000002e-13,-3.2000000000000002e-14
m1069533,b,h001,1.5100000000000001e-13,1.65e-13
m1069533,c,h001,3.9999999999999994e-14,3.8000000000000002e-14
m1142865,a,h001,6.9000000000000022e-14,4.5000000000000004e-14
m1142865,b,h001,0,-8.1000000000000008e-14
m1142865,c,h001,3.799999999999999e-14,9.9999999999999953e-15
m1209788,a,h001,1.000000000000002e-15,6.9999999999999954e-15
m1209788,b,h001,3.9999999999999987e-15,-6.9999999999999954e-15
m1209788,c,h001,3.4999999999999996e-14,7.0000000000000017e-15
l3029500,a,h001,1.4e-14,1.7e-14
m1069217,c,h001,-4.3e-14,1.7500000000000001e-13
l2954350,c,h001,-1e-14,-8.0000000000000006e-15
l2802481,a,h001,-2.1000000000000001e-13,-2.0900000000000002e-13
l2851933,a,h001,7.0000000000000001e-15,-2.3e-14
l2851933,b,h001,2.0999999999999999e-14,-1.4999999999999999e-14
l2851933,c,h001,4.0000000000000003e-15,4.1999999999999998e-14
l3207907,a,h001,-1.43e-13,-1.19e-13
l3207907,b,h001,-1.3299999999999999e-13,2.9499999999999995e-13
l3207907,c,h001,-5.3000000000000001e-14,-1.3399999999999998e-13
l2841619,c,h001,0,-1.1999999999999999e-14
m1108380,a,h001,1.000000000000002e-15,1.5000000000000002e-14
m1108380,b,h001,2.7999999999999956e-14,1.5000000000000012e-14
m1108380,c,h001,-9.9999999999999889e-16,7.0000000000000001e-15
m1047613,c,h001,7.9899999999999993e-13,-5.1299999999999993e-13
l2916625,b,h001,2.5000000000000001e-14,4.0000000000000003e-15
m1009720,a,h001,-1.4e-14,1.4e-14
l2822862,c,h001,4.0000000000000003e-15,-4.0000000000000003e-15
d6019477-1_int,c,h001,-1.6300000000000001e-13,-9.6100000000000005e-13
e182727,c,h001,1.3e-13,8.6299999999999996e-13
m1027043,a,h001,1.66e-13,9.9999999999999984e-15
m1027043,b,h001,1.9999999999999978e-15,-8.9999999999999995e-15
m1027043,c,h001,6.5000000000000001e-14,4.7000000000000002e-14
m1026948,b,h001,-2.9000000000000003e-14,-5.4999999999999999e-14
l3176661,c,h001,8.0000000000000006e-15,0
l2936275,b,h001,1e-14,-1e-14
l2766722,b,h001,2.9999999999999998e-14,8.9999999999999995e-15
l3142079,b,h001,3.0999999999999999e-13,-1.2599999999999999e-13
m3036162,b,h001,-2.6299999999999999e-13,1.3500000000000001e-13
m1142860,a,h001,-4.8999999999999999e-14,-7.0999999999999975e-14
m1142860,b,h001,1.7e-14,-9.2999999999999995e-14
m1142860,c,h001,1.6000000000000001e-14,-7.6000000000000004e-14
l3197652,a,h001,-2.9000000000000003e-14,1.1e-14
m1069437,c,h001,-1.3400000000000001e-13,1.0199999999999998e-13
l2897778,a,h001,2.61e-13,-4.6600000000000003e-13
m1069532,b,h001,-7.4999999999999996e-14,-1.7900000000000002e-13
m1069147,c,h001,-1.4e-14,-8.9999999999999995e-15
m1069556,a,h001,2.6e-14,-1.4e-14
m1069556,b,h001,5.0000000000000002e-14,-7.6000000000000004e-14
m1069556,c,h001,7.5999999999999992e-14,5.6000000000000001e-14
l2691967,a,h001,3.5999999999999998e-14,-2.6999999999999999e-14
l2691967,b,h001,-2e-14,5.9999999999999997e-15
l2691967,c,h001,-2.0999999999999999e-14,-1.1e-14
m1069504,a,h001,-2.8999999999999996e-14,3.6999999999999994e-14
m1069504,b,h001,-2.0000000000000002e-15,5e-15
m1069504,c,h001,2.6e-14,1.7999999999999999e-14
m1166393,c,h001,-1.9000000000000001e-14,3.5999999999999998e-14
m1166395,c,h001,3.799999999999999e-14,-2.4999999999999994e-14
l2766718,a,h001,1e-14,-4.0000000000000003e-15
l2766718,b,h001,5.9999999999999997e-15,5.9999999999999997e-15
l2766718,c,h001,-4.0000000000000003e-15,1.0000000000000001e-15
l3048206,a,h001,-8.0000000000000006e-15,5e-15
l3048206,b,h001,-4.0000000000000003e-15,1.0000000000000001e-15
l3048206,c,h001,0,1.1e-14
m1047821,b,h001,-5.4999999999999999e-14,-3.4e-14
l2684420,b,h001,5.1999999999999999e-14,4.8999999999999999e-14
m1089204,a,h001,-1.1999999999999999e-14,5.9999999999999997e-15
l3157167,a,h001,5.9999999999999997e-15,0
m1047432,a,h001,3.9999999999999994e-14,3.3000000000000005e-14
m3037537,b,h001,2.9400000000000001e-13,1.3400000000000001e-13
m1069136,a,h001,3.2000000000000002e-14,8.0000000000000006e-15
m1069136,b,h001,-1.6000000000000001e-14,1.6000000000000001e-14
m1069136,c,h001,1.9000000000000001e-14,-4.1999999999999998e-14
m1069218,c,h001,-2.9000000000000003e-13,2.0000000000000001e-13
m1026744,a,h001,-2.2000000000000007e-14,-1.0000000000000052e-15
m1026744,b,h001,-5.9000000000000014e-14,-8.9999999999999948e-15
m1026744,c,h001,8.6e-14,-1.8999999999999995e-14
m1008752,b,h001,3.4e-14,-9.9999999999999968e-16
m1008746,b,h001,-1.0000000000000001e-15,1.4999999999999999e-14
l2897779,c,h001,-2.9999999999999998e-15,-8.0000000000000006e-15
l2841626,c,h001,-5.4999999999999999e-14,-1.49e-13
l2711234,b,h001,-1.1999999999999999e-14,0
m1149236,a,h001,6.0000000000000028e-15,-1.2099999999999999e-13
m1149236,b,h001,-1.1e-14,3.8000000000000002e-14
m1149236,c,h001,-3.7e-14,5e-15
l3160862,c,h001,5.9999999999999997e-15,-7.0000000000000017e-15
l2748130,b,h001,8.9999999999999995e-15,5.9999999999999997e-15
m1026308,b,h001,2.0000000000000002e-15,1.0000000000000005e-15
m1009840,b,h001,4.0000000000000003e-15,1.4e-14
l2991901,b,h001,0,-8.9999999999999995e-15
l3251808,a,h001,-2.9999999999999998e-15,2e-14
l3139086,b,h001,5.0000000000000008e-15,3.9999999999999987e-15
l3029501,b,h001,2.8999999999999998e-13,2.97e-13
m3036165,b,h001,-3.5999999999999998e-13,-2.6600000000000003e-13
m1026857,a,h001,-1.2800000000000001e-13,-7.1e-14
m1108311,a,h001,-2.6e-14,1.7999999999999999e-14
m1108311,b,h001,-8.0000000000000006e-15,2.6999999999999999e-14
m1108311,c,h001,1.8000000000000002e-14,1.5000000000000002e-14
l3048965,a,h001,-9.4000000000000003e-14,-2.2000000000000001e-14
l3048965,b,h001,-3.2000000000000002e-14,-1.3e-14
l3048965,c,h001,5.0999999999999997e-14,2.3e-14
l3216123,a,h001,3.3399999999999999e-13,-4.1899999999999998e-13
l3216123,b,h001,3.8299999999999998e-13,-1.5000000000000006e-14
l3216123,c,h001,3.78e-13,-6.2000000000000001e-14
m1069202,c,h001,-5e-15,-1.1e-14
l2879073,c,h001,-1.5999999999999998e-14,-3.0000000000000005e-14
m1047786,b,h001,-2.6e-14,1.7999999999999999e-14
l3048207,b,h001,6.5999999999999996e-14,2.97e-13
l3160868,b,h001,8.0000000000000006e-15,-4.0000000000000003e-15
l3082988,b,h001,-7.0000000000000001e-15,2e-14
l2936211,c,h001,-3.6000000000000004e-14,8.9999999999999995e-15
l3645809,c,h001,-2.6e-14,-2.0000000000000002e-15
m1142835,c,h001,-5.0999999999999991e-14,-4.1999999999999998e-14
l3125349,a,h001,8.4999999999999991e-14,5.3999999999999997e-14
l3125349,b,h001,1.7999999999999999e-14,3.5999999999999998e-14
l3125349,c,h001,7.1999999999999996e-14,-4.2999999999999993e-14
d5710794-3_int,a,h001,-5.1600000000000002e-13,-2.25e-13
d5710794-3_int,b,h001,3.2600000000000002e-13,4.2100000000000002e-13
d5710794-3_int,c,h001,-2.5500000000000002e-13,-2.2099999999999999e-13
e192860,a,h001,4.6200000000000005e-13,2.7899999999999997e-13
e192860,b,h001,-1.1999999999999999e-13,-3.0100000000000003e-13
e192860,c,h001,6.5999999999999996e-14,-1.2399999999999998e-13
l3254216,a,h001,-2.9999999999999998e-15,-8.9999999999999995e-15
l2897784,b,h001,-6.5000000000000001e-14,-1.1999999999999999e-14
l2673313,a,h001,-7.0000000000000001e-15,-9.0000000000000011e-15
l2673313,b,h001,2.3999999999999999e-14,-1.1999999999999999e-14
l2673313,c,h001,2.6999999999999999e-14,1.0000000000000002e-14
m1047299,a,h001,-2.0000000000000009e-15,1.3e-14
m1047299,b,h001,3.2999999999999998e-14,-4.0000000000000003e-15
m1047299,c,h001,6.0000000000000013e-15,6.9999999999999994e-15
l3234185,b,h001,2.0000000000000002e-15,8.9999999999999995e-15
l2991943,c,h001,-1.7999999999999999e-14,-7.0000000000000001e-15
m1026701,a,h001,2.9999999999999998e-15,-1.1300000000000005e-13
m1026701,b,h001,-1.4999999999999999e-14,1.6000000000000001e-14
m1026701,c,h001,-1.7e-14,-1.1999999999999999e-14
m1069730,b,h001,-1.7e-14,-1.6000000000000001e-14
l3159037,b,h001,2.9000000000000003e-14,2.2000000000000001e-14
l2841645,c,h001,1.04e-13,-8.0000000000000038e-15
m1125959,c,h001,1.25e-13,-8.0000000000000006e-15
m1125974,c,h001,2.2799999999999999e-13,-2.2800000000000004e-13
m1108258,b,h001,-2.2000000000000001e-14,0
m1026792,a,h001,7.0000000000000001e-15,8.9999999999999995e-15
l2821010,a,h001,1.1e-14,0
m1125976,a,h001,-2.9000000000000003e-14,-8.0000000000000006e-15
m1125976,b,h001,4.9999999999999913e-15,2.6000000000000003e-14
m1125976,c,h001,-5.8000000000000005e-14,1.6000000000000001e-14
d5535139-1_int,a,h001,-5.22e-13,-1.278e-12
d5535139-1_int,b,h001,-5.0499999999999997e-13,9.8200000000000006e-13
d5535139-1_int,c,h001,8.2600000000000001e-13,3.56e-13
e183473,a,h001,4.8499999999999995e-13,7.4399999999999996e-13
e183473,b,h001,2.0899999999999999e-13,-4.5e-13
e183473,c,h001,-1.057e-12,-5.1600000000000002e-13
m1009838,b,h001,0,-1.7e-14
l2801896,b,h001,-4.0000000000000003e-15,2.9999999999999998e-15
m1009770,a,h001,-2.1999999999999995e-14,5.9999999999999997e-14
m1009770,b,h001,-1.0000000000000002e-14,5.9999999999999997e-15
m1009770,c,h001,1.0000000000000001e-15,-2.3999999999999999e-14
l3103822,a,h001,1.6000000000000001e-14,2.1000000000000002e-14
l3103822,b,h001,2.0000000000000009e-15,2.3e-14
l3103822,c,h001,-1.1e-14,-1.2999999999999998e-14
m3768670,a,h001,-1.2699999999999999e-13,6.8000000000000013e-14
m3768670,b,h001,-5.4999999999999999e-14,-1.1e-14
m3768670,c,h001,-1.7999999999999999e-14,-1.4999999999999999e-14
l2729428,a,h001,-5.9999999999999997e-15,-1.1e-14
m1026926,a,h001,-9.9999999999999889e-15,-4.0000000000000006e-14
m1026926,b,h001,-3.1000000000000019e-14,5.1999999999999999e-14
m1026926,c,h001,-1.2900000000000001e-13,-5.100000000000001e-14
l3011293,a,h001,3.4e-14,2.0000000000000002e-15
l3011293,b,h001,3.1e-14,1.1e-14
l3011293,c,h001,2e-14,8.0000000000000006e-15
l3029506,b,h001,-1.1999999999999999e-14,1.1e-14
m1069213,c,h001,0,-2.2000000000000001e-14
l3178977,c,h001,-8.9999999999999995e-15,-1e-14
m1108534,a,h001,8.3999999999999995e-14,1.2300000000000001e-13
m1108534,b,h001,-1.0000000000000001e-15,2.0999999999999999e-14
m1108534,c,h001,-8.9999999999999995e-15,-1.6000000000000001e-14
l2785538,a,h001,-7.0000000000000001e-15,-1.1e-14
q1301,a,h001,-1.0409999999999999e-12,-3.8000000000000002e-14
q1301,b,h001,-8.9999999999999995e-14,-4.02e-13
q1301,c,h001,-3.8099999999999999e-13,-1.8800000000000001e-13
l3160872,a,h001,8.0999999999999996e-14,1.47e-13
l3160872,b,h001,-6.8000000000000001e-14,2.5700000000000002e-13
l3160872,c,h001,-8.0999999999999996e-14,1.2200000000000001e-13
m1047793,b,h001,-1.6799999999999997e-13,8.3e-14
l2879069,a,h001,1.0000000000000001e-15,-1.0000000000000002e-14
l2955006,c,h001,2.8999999999999996e-14,3.2999999999999998e-14
l3029505,c,h001,-3.7e-14,1.3000000000000001e-14
m1047424,b,h001,1.4e-14,4.9999999999999992e-15
m1026699,b,h001,5.9999999999999997e-15,1.5999999999999998e-14
l3235255,a,h001,1.1999999999999999e-14,1.1e-14
l3235255,b,h001,-4.3e-14,0
l3235255,c,h001,1.4999999999999999e-14,-4.3e-14
m1047316,a,h001,-6.8000000000000001e-14,-1.4999999999999999e-14
m1047316,b,h001,5.0000000000000002e-14,2.6e-14
m1047316,c,h001,-3.8000000000000002e-14,5.4999999999999999e-14
m1026886,a,h001,-3.6999999999999999e-13,4.2400000000000001e-13
m1026886,b,h001,5.4200000000000001e-13,1.48e-13
m1026886,c,h001,7.0600000000000002e-13,5.7900000000000006e-13
l3120484,a,h001,1.4600000000000001e-13,-3.8700000000000002e-13
l3120484,b,h001,-3.0099999999999998e-13,1.55e-13
l3120484,c,h001,-1.0809999999999999e-12,-9.7499999999999999e-13
l2879078,a,h001,8.9999999999999995e-15,1.7000000000000003e-14
l2879078,b,h001,1.3000000000000001e-14,-2e-14
l2879078,c,h001,1.1999999999999999e-14,-2.0000000000000002e-15
l3232902,a,h001,-9.3899999999999994e-13,-9.4000000000000003e-13
l3232902,b,h001,-1.5020000000000001e-12,-4.15e-13
l3232902,c,h001,-1.222e-12,1.5789999999999998e-12
l2859403,a,h001,-4.4000000000000002e-14,5.1999999999999999e-14
l2859403,b,h001,-1.4999999999999999e-14,9.1000000000000004e-14
l2859403,c,h001,-1.24e-13,1.7999999999999999e-14
m1125914,a,h001,1.04e-13,-3.2000000000000002e-14
m1125914,b,h001,-4.7999999999999997e-14,1.2599999999999999e-13
m1125914,c,h001,-1.7e-14,9.1000000000000004e-14
l2917328,a,h001,-8.2000000000000004e-14,2.2000000000000001e-14
l2917328,b,h001,-8.3999999999999995e-14,-4.6e-14
l2917328,c,h001,1.9000000000000001e-14,-7.7e-14
l2841635,a,h001,-1.1999999999999999e-14,5e-15
l2841635,b,h001,-4.1999999999999998e-14,-2e-14
l2841635,c,h001,1.0000000000000001e-15,-3.7e-14
l2766499,c,h001,-5.0999999999999997e-14,-4.0000000000000082e-15
l2802480,b,h001,-1.7999999999999999e-14,8.0000000000000006e-15
l2691954,a,h001,-7.0000000000000001e-15,1.0000000000000001e-15
l2691954,b,h001,-5.9999999999999997e-15,4.0000000000000003e-15
l2691954,c,h001,5.9999999999999997e-15,1e-14
l3122849,a,h001,-2.9999999999999998e-15,-1.1999999999999999e-14
l3122849,b,h001,5.9999999999999997e-15,-8.0000000000000006e-15
l3122849,c,h001,4.0000000000000003e-15,-8.9999999999999995e-15
l2764411,c,h001,2.0999999999999999e-14,1.1e-14
m1026907,a,h001,4.0000000000000003e-15,3.4e-14
m1026907,b,h001,-2.6e-14,-2.5999999999999996e-14
m1026907,c,h001,-2.9999999999999998e-15,4.0000000000000003e-15
l2729206,c,h001,-1.3000000000000001e-14,-1.3e-14
l2804957,c,h001,5e-15,-1e-14
l3048937,c,h001,-2.0999999999999999e-14,1.1e-14
l2822872,a,h001,8.9999999999999995e-15,-5.9999999999999997e-15
l2822872,b,h001,2e-14,4.0000000000000003e-15
l2822872,c,h001,-5e-15,1.4e-14
l3235946,a,h001,0,-2.9999999999999998e-15
m1126005,a,h001,1.3e-14,3.0000000000000006e-15
m1009698,a,h001,4.4999999999999998e-14,1e-14
l3156034,a,h001,-1.7e-14,-5.9999999999999997e-15
m1026844,a,h001,-3.8499999999999998e-13,-2.6999999999999999e-14
m1026844,b,h001,1.96e-13,1.9000000000000001e-14
m1026844,c,h001,-2.0000000000000001e-13,2.8299999999999996e-13
l2973833,a,h001,-2.3999999999999999e-14,-4.8999999999999999e-14
l2973833,b,h001,-4.8999999999999999e-14,-5.9000000000000001e-14
l2973833,c,h001,1.7999999999999999e-14,-8.9999999999999995e-15
m1166373,a,h001,-3.5000000000000002e-14,-6.8999999999999996e-14
m1166373,b,h001,-3.5000000000000002e-14,9.9999999999999984e-15
m1166373,c,h001,1.67e-13,1.59e-13
l2991902,b,h001,1.6000000000000001e-14,-1.0000000000000001e-15
m1008758,b,h001,-4.0000000000000003e-15,-4.0000000000000003e-15
l2748780,a,h001,1.3e-14,4.0000000000000003e-15
m1125987,a,h001,-1.1100000000000003e-13,1.6999999999999978e-14
m1125987,b,h001,1.66e-13,-3.6699999999999995e-13
m1125987,c,h001,-7.3000000000000017e-14,4.5699999999999997e-13
l3027122,a,h001,-4.6e-14,6.0000000000000044e-15
l2710520,a,h001,-2.5243548967072378e-29,-3.8000000000000002e-14
m1089119,a,h001,4.0000000000000003e-15,-1e-14
m1089119,b,h001,-9.6999999999999991e-14,-7.7e-14
m1089119,c,h001,-2.0000000000000002e-15,-2.9999999999999998e-15
l3046854,b,h001,1.0000000000000001e-15,1.7999999999999999e-14
m1047478,c,h001,1.5999999999999998e-14,-9.9999999999999889e-16
l2766716,c,h001,-2.9999999999999998e-15,5.0000000000000008e-15
l3784018,a,h001,-1.06e-13,1.2999999999999998e-14
l3784018,b,h001,-1.9899999999999999e-13,-2.6999999999999999e-14
l3784018,c,h001,3.2999999999999998e-14,-4.4000000000000002e-14
l3068944,b,h001,2.0999999999999986e-14,-8.3e-14
l2936270,a,h001,1.0000000000000001e-15,1.3e-14
l3086078,a,h001,-9.0000000000000011e-15,-1e-14
m1047593,a,h001,1.000000000000002e-15,-7.0000000000000017e-15
m1047593,b,h001,5.9999999999999997e-15,1.7999999999999999e-14
m1047593,c,h001,-5.9999999999999997e-15,-1.9000000000000001e-14
m1047615,a,h001,-3.3599999999999998e-13,3.9e-13
m1047615,b,h001,-3.0400000000000002e-13,-4.3e-14
m1047615,c,h001,-1.6100000000000002e-13,1.04e-13
m1009855,b,h001,-1.2999999999999998e-14,-6.0000000000000005e-15
m1047819,b,h001,5.9999999999999997e-15,9.0000000000000011e-15
l2879076,c,h001,-2.5000000000000001e-14,-2.3999999999999999e-14
m1089122,c,h001,3.944304526105059e-30,3.9999999999999956e-15
l2691939,b,h001,-1.0000000000000001e-15,-5.9999999999999997e-15
l2933120,c,h001,1.4e-14,-2.9999999999999998e-15
m1069225,c,h001,2.7799999999999998e-13,-8.0999999999999996e-14
l3645810,c,h001,2.2000000000000007e-14,-1.2000000000000012e-14
l3649304,a,h001,-2.0000000000000002e-15,-2.9999999999999998e-15
m1027042,c,h001,9.3999999999999991e-14,-7.0000000000000001e-15
l3178969,b,h001,2.2300000000000001e-13,-2.5100000000000004e-13
l3235249,a,h001,-1.0000000000000001e-15,1.3e-14
l2954348,a,h001,2.0000000000000002e-15,-4.0000000000000003e-15
l3066812,a,h001,1.1e-14,-2.0000000000000002e-15
l2841622,a,h001,4.0000000000000003e-15,7.0000000000000001e-15
l2823611,a,h001,-8.3999999999999995e-14,-1.7e-14
l2823611,b,h001,5.9999999999999997e-15,-4.1000000000000002e-14
l2823611,c,h001,-1.1999999999999999e-14,4.6e-14
m1047340,a,h001,7.0000000000000033e-15,3.9999999999999987e-15
l2730163,a,h001,3.1e-14,4.1999999999999998e-14
l2730163,b,h001,-1.4e-14,1.6000000000000001e-14
l2730163,c,h001,8.2000000000000004e-14,-1.0000000000000001e-15
m1089103,b,h001,-3.9999999999999995e-15,-9.9999999999999968e-16
l3048196,b,h001,1.4e-14,-4.0000000000000003e-15
l2726973,a,h001,-1.4999999999999999e-14,-2.3000000000000003e-14
l2726973,b,h001,2.2000000000000001e-14,3.4000000000000007e-14
l2726973,c,h001,-1.3999999999999999e-14,3.3999999999999994e-14
l2991640,c,h001,-3.0000000000000006e-15,-5.9999999999999997e-15
m1125905,b,h001,1.6000000000000001e-14,1.5999999999999998e-14
m1026954,a,h001,0,-1.0000000000000001e-15
m1026954,b,h001,-5.3999999999999997e-14,9.1000000000000004e-14
m1026954,c,h001,-2.0000000000000002e-15,-5e-15
m1047558,a,h001,2.500000000000001e-14,-4.3000000000000006e-14
m1047558,b,h001,2.1000000000000002e-14,-2.6999999999999999e-14
m1047558,c,h001,2.9999999999999935e-15,2.0999999999999999e-14
l2766741,a,h001,2.0999999999999999e-14,-1.4999999999999999e-14
l2766741,b,h001,-2.6e-14,8.0000000000000006e-15
l2766741,c,h001,-2.6999999999999999e-14,1.3e-14
m1069564,a,h001,-3.2999999999999992e-14,-5.0000000000000002e-14
m1069564,b,h001,-3.199999999999999e-14,4.8999999999999999e-14
m1069564,c,h001,-8.7000000000000008e-14,2.9999999999999998e-14
m1069461,a,h001,9.3000000000000008e-14,-1.7999999999999999e-14
m1069461,b,h001,-2.0999999999999999e-14,8.2000000000000004e-14
m1069461,c,h001,-1.4e-14,-3.4e-14
m1069156,a,h001,-7.0000000000000001e-15,-1e-14
m1069156,b,h001,-2.0000000000000002e-15,-2.0000000000000002e-15
m1069156,c,h001,5.9999999999999997e-15,-4.8999999999999999e-14
l3728042,a,h001,4.0000000000000003e-15,1.0999999999999999e-14
l3029518,b,h001,5.5000000000000005e-14,-1.6000000000000001e-14
l2785520,b,h001,-5.9999999999999997e-15,2.0000000000000002e-15
m1209750,b,h001,-3.2000000000000009e-14,3.19e-13
l3254869,b,h001,1.0000000000000002e-14,-9.9999999999999968e-16
m1089141,a,h001,-1.1999999999999999e-14,-2.9200000000000002e-13
m1089141,b,h001,-8.0000000000000006e-15,0
m1089141,c,h001,-1.0000000000000001e-15,-8.0000000000000006e-15
l2688693,a,h001,3.4e-14,2.6999999999999999e-14
l2688693,b,h001,2.9999999999999998e-15,2.9999999999999998e-15
l2688693,c,h001,-1.4e-14,-2.3999999999999999e-14
l3104117,c,h001,-4.0000000000000003e-15,2.0000000000000009e-15
l2690187,b,h001,3.8999999999999998e-14,-1.3000000000000001e-14
m1026690,a,h001,-3.0000000000000005e-14,-1.1e-14
m1026690,b,h001,2.9999999999999998e-15,-7.0000000000000001e-15
m1026690,c,h001,1.1999999999999999e-14,5e-15
l2689678,b,h001,8.9999999999999995e-15,-5.9999999999999997e-15
m1026463,b,h001,-8.9999999999999995e-14,8.9999999999999995e-14
l2692655,a,h001,1.36e-13,6.8000000000000013e-14
l2692655,b,h001,4.6699999999999993e-13,4.2300000000000002e-13
l2692655,c,h001,-9.2999999999999995e-14,2.5199999999999999e-13
m1089162,c,h001,8.0000000000000006e-15,0
l2991906,a,h001,-4.9999999999999992e-15,-5.9999999999999997e-15
l3066814,a,h001,-8.3999999999999995e-14,-4.2000000000000004e-14
l3066814,b,h001,2.8000000000000032e-14,-4.7000000000000002e-14
l3066814,c,h001,1.5000000000000012e-14,-2.000000000000042e-15
m1108398,a,h001,8.9999999999999617e-15,2.9300000000000001e-13
m1108398,b,h001,3.8999999999999935e-14,-5.0000000000000002e-14
m1108398,c,h001,1.6900000000000004e-13,-1.3000000000000046e-14
m1108483,a,h001,-7.5999999999999992e-14,-1.3800000000000002e-13
m1026341,a,h001,1.1000000000000004e-14,-4.9999999999999992e-15
m1026341,b,h001,1.7e-14,0
m1026341,c,h001,-8.9999999999999995e-15,1.4999999999999999e-14
l2748133,c,h001,-7.999999999999999e-15,7.0000000000000001e-15
l2767342,a,h001,-2.5000000000000001e-14,-2.9999999999999998e-15
m1125944,a,h001,6.2000000000000001e-14,1.3999999999999997e-14
m1125944,b,h001,4.6e-14,2.3999999999999999e-14
m1125944,c,h001,5.1999999999999999e-14,-9.0000000000000027e-15
l2710511,a,h001,-1.1999999999999999e-14,8.9999999999999995e-15
l3216342,b,h001,-1.6000000000000001e-14,2.0000000000000002e-15
m1027041,c,h001,-8.0000000000000006e-15,1.1e-14
l2710513,b,h001,8.3999999999999995e-14,2.3e-14
m1108499,a,h001,-9.9999999999999984e-15,1.1999999999999996e-14
l2785546,a,h001,2.1800000000000001e-13,-3.1299999999999998e-13
m1108368,c,h001,-9.9999999999999968e-16,5.0000000000000008e-15
l3178974,b,h001,-8.0000000000000006e-15,1.3e-14
m1026769,a,h001,-3.1e-14,7.1e-14
m1026769,b,h001,4.8999999999999999e-14,-1.0799999999999999e-13
m1026769,c,h001,9.8999999999999995e-14,5.6000000000000001e-14
l2821770,a,h001,6.9999999999999986e-15,-7.0000000000000017e-15
m1069555,b,h001,2.2000000000000001e-14,-1.1e-14
l3252336,b,h001,-8.0000000000000006e-15,-1.1999999999999999e-14
l2820556,a,h001,-8.0000000000000006e-15,-2.0000000000000009e-15
m1047344,a,h001,1.2999999999999998e-14,3.9999999999999987e-15
m1026830,a,h001,-1.6000000000000001e-14,4.6e-14
m1026830,b,h001,-7.0000000000000001e-15,2.8000000000000001e-14
m1026830,c,h001,8.3e-14,2.8000000000000007e-14
l2991912,a,h001,-2.9999999999999998e-15,4.0000000000000003e-15
l3010569,a,h001,1.4999999999999999e-14,5e-15
m1047335,a,h001,-1.1999999999999999e-14,1.4999999999999999e-14
l3216368,a,h001,-1.7999999999999999e-14,-2.8000000000000001e-14
l3216368,b,h001,-6.5999999999999996e-14,2.7999999999999997e-14
l3216368,c,h001,-2.9000000000000003e-14,-3.4e-14
l2879081,a,h001,-2.0999999999999999e-14,2.0000000000000002e-15
l2916619,b,h001,0,1.1999999999999999e-14
m1126031,c,h001,5e-15,7.0000000000000001e-15
l2990098,a,h001,1.7e-14,5.9999999999999997e-15
l2673326,b,h001,-5.9999999999999997e-15,1.7999999999999999e-14
m1142815,a,h001,3.2999999999999998e-14,6.5000000000000001e-14
m1142815,b,h001,-2.0000000000000041e-15,-2.9999999999999998e-15
m1142815,c,h001,8.0000000000000006e-15,7.0000000000000001e-15
m1166386,c,h001,-1.4999999999999999e-14,1.9999999999999994e-15
l2822865,c,h001,1e-14,5e-15
l3197646,a,h001,1.4999999999999999e-14,1.3e-14
l3197646,b,h001,-2.0000000000000002e-15,2.9999999999999998e-15
l3197646,c,h001,1.7e-14,1.0000000000000001e-15
m1026829,a,h001,-5.9999999999999997e-15,-5.9999999999999997e-15
m1026829,b,h001,-1.8999999999999995e-14,1.8000000000000002e-14
m1026829,c,h001,-8.9999999999999995e-15,8.9999999999999995e-15
l2763153,a,h001,2.7000000000000002e-14,8.9999999999999995e-15
l2763153,b,h001,-3.5999999999999998e-14,-2.1999999999999998e-14
l2763153,c,h001,-3.4e-14,-2.5000000000000001e-14
e182726,b,h001,-7.4199999999999997e-13,-8.7999999999999999e-13
l2766744,b,h001,-5e-15,-2.5000000000000001e-14
l3216370,a,h001,2.3e-14,8.9999999999999995e-15
l3216370,b,h001,-5.9000000000000001e-14,-3.5999999999999998e-14
l3216370,c,h001,2.3e-14,-5.3000000000000001e-14
l2674047,a,h001,1.971e-12,5.3820000000000003e-12
l2674047,b,h001,-8.7280000000000008e-12,7.3919999999999992e-12
l2674047,c,h001,4.0239999999999998e-12,-8.0070000000000001e-12
m3949157,a,h001,-1.7999999999999999e-14,1.04e-13
l3727711,a,h001,1.1e-14,-7.999999999999999e-15
m1026329,a,h001,1.1999999999999999e-14,1.4999999999999999e-14
m1026329,b,h001,-4.8000000000000004e-14,-9.1000000000000004e-14
m1026329,c,h001,-1.0000000000000005e-15,-4.0000000000000003e-15
l3086002,c,h001,-1.4999999999999999e-14,-7.0000000000000001e-15
d5502543-2_int,a,h001,5.7199999999999999e-13,1.05e-12
d5502543-2_int,b,h001,-1.4770000000000001e-12,-8.2200000000000003e-13
d5502543-2_int,c,h001,-2.6199999999999999e-13,5.2599999999999998e-13
q14413,a,h001,-3.8399999999999998e-13,-8.3399999999999998e-13
q14413,b,h001,1.322e-12,4.0699999999999998e-13
q14413,c,h001,-3.5799999999999999e-13,-6.5099999999999995e-13
l3029503,c,h001,1.1999999999999999e-14,2.6e-14
m1047792,b,h001,-5.9999999999999997e-15,8.0000000000000006e-15
m1089165,c,h001,1.3999999999999999e-14,7.0000000000000001e-15
l3216343,c,h001,-2.0000000000000002e-15,-5.9999999999999997e-15
l2748144,a,h001,-1.1e-14,-1.43e-13
l2748144,b,h001,8.0000000000000006e-15,-8.8000000000000004e-14
l2748144,c,h001,9.7999999999999999e-14,4.4000000000000002e-14
m1069557,b,h001,-1.5777218104420236e-30,2.8000000000000001e-14
m1047374,b,h001,-3.3000000000000005e-14,1.4999999999999999e-14
m1089203,a,h001,1.59e-13,-3.0000000000000011e-14
m1089203,b,h001,-7.4e-14,-3.2000000000000002e-14
m1089203,c,h001,-3.8999999999999998e-14,8.0999999999999996e-14
m1026866,a,h001,-2.0000000000000003e-14,2.1999999999999995e-14
m1026866,b,h001,-5.9999999999999997e-15,5e-15
m1026866,c,h001,5.9999999999999997e-15,4.0000000000000003e-15
m1149235,a,h001,-5.9999999999999997e-15,1.0199999999999999e-13
m1149235,b,h001,6.2000000000000001e-14,-7.9000000000000004e-14
m1149235,c,h001,2.6800000000000002e-13,6.3000000000000009e-14
m1209791,a,h001,6.8999999999999984e-14,1.3300000000000001e-13
m1209791,b,h001,-1.4999999999999999e-14,-2.8000000000000001e-14
m1209791,c,h001,4.0000000000000006e-14,-9.999999999999999e-14
m1026960,a,h001,-5.9999999999999997e-14,-3.5000000000000002e-14
m1026960,b,h001,2.0499999999999998e-13,-5.9999999999999997e-14
m1026960,c,h001,1.9299999999999999e-13,-2.1000000000000002e-14
l3011298,a,h001,1.1e-14,-7.0000000000000001e-15
l3011298,b,h001,1.3e-14,6.9999999999999994e-15
l3011298,c,h001,-1.7e-14,-5.0000000000000008e-15
m1108524,c,h001,8.5000000000000004e-14,1.18e-13
l2991915,b,h001,1.7999999999999999e-14,8.9999999999999995e-15
l2673320,b,h001,-9.9999999999999984e-15,-1.9999999999999994e-15
m1047755,a,h001,-4.7999999999999997e-14,-3.9999999999999956e-15
m1026709,a,h001,1.2019999999999999e-12,3.2800000000000002e-13
m1026709,b,h001,3.0999999999999999e-13,-1.04e-13
m1026709,c,h001,-2.4900000000000005e-13,5.7299999999999998e-13
l3729298,a,h001,-3.1e-14,-2.6e-14
l3727707,a,h001,2.9999999999999998e-14,2.9999999999999998e-14
l3160123,a,h001,9.0000000000000011e-15,-1.1e-14
m1125917,a,h001,6.4000000000000005e-14,5.6999999999999997e-14
m1125917,b,h001,-1.9000000000000001e-14,1e-14
m1125917,c,h001,3.0000000000000085e-15,-9.1999999999999999e-14
m1069154,a,h001,-9.9999999999999968e-16,1.0000000000000005e-15
m1069154,b,h001,-4.0000000000000003e-15,-1.0000000000000001e-15
m1069154,c,h001,2.9999999999999998e-15,-5.9999999999999997e-15
l3197630,a,h001,4.0000000000000003e-15,2.9999999999999998e-15
l3197630,b,h001,-4.0000000000000003e-15,1.1999999999999999e-14
l3197630,c,h001,8.0000000000000006e-15,2.9999999999999998e-15
m1026343,a,h001,-4.7000000000000002e-14,8.1999999999999991e-14
m1069155,a,h001,2.9999999999999998e-15,-1.6000000000000001e-14
m1069155,b,h001,1.4e-14,-2.9999999999999998e-15
m1069155,c,h001,5e-15,1.9000000000000001e-14
l2785523,c,h001,4.0000000000000003e-15,2.9999999999999998e-15
l3141388,c,h001,2e-14,-8.0000000000000006e-15
m1026877,a,h001,2.4000000000000002e-14,2.2000000000000001e-14
l2841632,a,h001,-9.5999999999999995e-14,2.3300000000000002e-13
l2841632,b,h001,-1.25e-13,-1.36e-13
l2841632,c,h001,2.4199999999999998e-13,1.7e-14
regxfmr_190-8593,a,h001,4.1999999999999998e-14,-1.18e-13
regxfmr_190-8593,b,h001,-4.1999999999999998e-14,1.07e-13
regxfmr_190-8593,c,h001,-2.01e-13,2.1499999999999999e-13
m1069226,c,h001,8.0000000000000038e-15,5.0000000000000014e-14
l2860506,b,h001,-8.0000000000000006e-15,-2.0000000000000002e-15
l2954346,b,h001,3.8000000000000002e-14,-2.0000000000000002e-15
l2879077,b,h001,-5.9999999999999997e-15,5.9999999999999997e-15
d5860423-3_int,a,h001,-1.0070000000000001e-12,-1.7999999999999999e-14
d5860423-3_int,b,h001,-7.6899999999999995e-13,5.9399999999999999e-13
d5860423-3_int,c,h001,-5.7599999999999997e-13,1.6300000000000001e-13
190-8593,a,h001,8.0999999999999996e-14,-1.4000000000000001e-13
190-8593,b,h001,1.12e-13,-4.7999999999999997e-14
190-8593,c,h001,6.7000000000000005e-14,-1.3299999999999999e-13
l3139366,a,h001,2.2599999999999995e-13,6.2999999999999959e-14
l3139366,b,h001,3.2700000000000002e-13,7.9000000000000029e-14
l3139366,c,h001,-2.0400000000000004e-13,2.8999999999999996e-14
l2763812,c,h001,-1.0000000000000001e-15,1.1999999999999999e-14
l2951995,c,h001,1.0000000000000001e-15,-1.6000000000000001e-14
l3197638,a,h001,-5.7899999999999996e-13,5.7900000000000006e-13
l2860482,a,h001,-5.9999999999999997e-15,7.0000000000000001e-15
m1026905,a,h001,-5.6000000000000014e-14,-3.0000000000000061e-15
m1026905,b,h001,-8.0000000000000006e-15,3.5000000000000002e-14
m1026905,c,h001,-3.1e-14,1.3e-14
m1108520,c,h001,-1.7999999999999999e-14,-1.3999999999999999e-14
l3029502,a,h001,-4.0000000000000003e-15,-4.0000000000000003e-15
l3029502,b,h001,2.0000000000000002e-15,1e-14
l3029502,c,h001,-4.0000000000000003e-15,5.9999999999999997e-15
m1047732,a,h001,-1.4999999999999999e-14,-1.3e-14
m1047732,b,h001,4.0000000000000003e-15,1e-14
m1047732,c,h001,-2.8000000000000001e-14,-8.0000000000000038e-15
l3197661,c,h001,-2.01e-13,1.0000000000000002e-14
m1047580,a,h001,1.4599999999999998e-13,-7.4999999999999996e-14
m1047580,b,h001,-1.0000000000000002e-14,-1.8999999999999998e-14
m1047580,c,h001,-2.1999999999999995e-14,1.5899999999999998e-13
d5655682-1_int,b,h001,-1.47e-13,-3.8900000000000001e-13
e182725,b,h001,3.7199999999999998e-13,4.4099999999999999e-13
d5926308-3_int,a,h001,2.8599999999999999e-13,3.1199999999999998e-13
d5926308-3_int,b,h001,6.5600000000000003e-13,9.3400000000000006e-13
d5926308-3_int,c,h001,7.7e-14,-5.0799999999999996e-13
l2860491,a,h001,2.6999999999999999e-14,-2.0000000000000002e-15
l2860491,b,h001,2.9999999999999998e-15,2.3e-14
l2860491,c,h001,-2.2000000000000001e-14,0
l2767343,c,h001,-1e-14,-1.7e-14
l2786266,a,h001,3.5999999999999998e-14,-1.7e-14
l2786266,b,h001,2.0999999999999999e-14,1.67e-13
l2786266,c,h001,-5.1999999999999999e-14,9.4999999999999999e-14
l2785512,b,h001,5e-15,-1.0000000000000005e-15
m1027114,a,h001,1.1999999999999999e-14,-2e-14
l3195327,a,h001,-5.0000000000000008e-15,8.0000000000000006e-15
m1027121,a,h001,3.5999999999999998e-14,-2.5000000000000004e-14
d6138608-3_int,a,h001,7.6499999999999997e-13,5.0699999999999996e-13
d6138608-3_int,b,h001,3.5400000000000001e-13,-3.3900000000000002e-13
d6138608-3_int,c,h001,-2.3099999999999997e-13,1.43e-12
q14404,a,h001,-6.2499999999999996e-13,-2.0299999999999999e-13
q14404,b,h001,-7.8499999999999999e-13,2.73e-13
q14404,c,h001,3.0999999999999999e-13,-1.2979999999999999e-12
m1089155,c,h001,1.2000000000000003e-14,-5.9999999999999989e-15
m1026323,b,h001,-6.0000000000000005e-15,1e-14
l2992656,a,h001,-2.9999999999999998e-15,5.9999999999999997e-15
l2936271,a,h001,1.7999999999999999e-14,-1.4e-14
l2936271,b,h001,-1.7999999999999999e-14,2.9000000000000003e-14
l2936271,c,h001,-2.2000000000000001e-14,2.9999999999999998e-15
m1069544,b,h001,-1.7000000000000003e-14,-4.9999999999999992e-15
l2954344,c,h001,-4e-14,1.0000000000000001e-15
l2897767,c,h001,1.2999999999999998e-14,0
l2876796,a,h001,-6.7000000000000005e-14,5.9000000000000001e-14
l2860478,b,h001,0,0
l2841620,b,h001,-5.9999999999999997e-15,5e-15
l3727709,a,h001,3.0000000000000002e-15,0
l3179674,b,h001,-7.999999999999999e-15,2.9999999999999998e-15
regxfmr_190-7361,a,h001,4.9200000000000002e-13,-2.6800000000000002e-13
regxfmr_190-7361,b,h001,4.9400000000000002e-13,2.0000000000000002e-15
regxfmr_190-7361,c,h001,5.0999999999999997e-14,3.9800000000000002e-13
l2803194,c,h001,1.0000000000000001e-15,-1.6000000000000001e-14
m1186065,a,h001,3.1099999999999999e-13,-1.1000000000000004e-14
m1186065,b,h001,7.0800000000000001e-13,5.5599999999999995e-13
m1186065,c,h001,-1.47e-13,2.3499999999999996e-13
d6231996-1_int,b,h001,8.1299999999999997e-13,-3.8e-13
e206614,b,h001,-1.178e-12,7.4999999999999996e-14
l2804261,c,h001,1e-14,1.3e-14
m1047836,b,h001,-4.0000000000000003e-15,4.0000000000000019e-15
m1125962,a,h001,7.4e-14,-1.06e-13
m1125962,b,h001,-6.8999999999999996e-14,1.1e-13
m1125962,c,h001,-2.5400000000000003e-13,9.4000000000000029e-14
l3123452,a,h001,5.1999999999999999e-14,3.8999999999999998e-14
l3123452,b,h001,5.9999999999999997e-15,4.7000000000000002e-14
l3123452,c,h001,-1.4e-14,3.4e-14
l3254218,a,h001,8.9999999999999995e-15,-5.9999999999999997e-15
l3254218,b,h001,4.0000000000000003e-15,7.0000000000000001e-15
l3254218,c,h001,1.4e-14,-5.9999999999999997e-15
l3778577,c,h001,1.1e-14,3.9999999999999987e-15
l2820531,a,h001,-1.0999999999999982e-14,8.9999999999999869e-15
l2820531,b,h001,-1.1e-13,-4.1999999999999991e-14
l2820531,c,h001,-8.8000000000000004e-14,-2.7700000000000003e-13
l3626914,c,h001,4.0000000000000019e-15,6.0000000000000005e-15
l2955077,a,h001,-3.07e-13,-1.3100000000000005e-13
l2955077,b,h001,-9.2000000000000012e-14,1.5700000000000004e-13
l2955077,c,h001,-2.7000000000000001e-13,3.0000000000000005e-14
l3160098,a,h001,-2.8000000000000001e-14,4.1999999999999998e-14
l3160098,b,h001,3.8000000000000002e-14,-2.6999999999999999e-14
l3160098,c,h001,7.3000000000000004e-14,-1.1999999999999999e-14
m1089213,a,h001,-2.3999999999999999e-14,-1.6000000000000001e-14
m1089213,b,h001,2.9000000000000003e-14,-1.0000000000000001e-15
m1089213,c,h001,-1e-14,7.7e-14
l3104125,a,h001,0,9.9999999999999889e-16
l3104125,b,h001,-1.4999999999999999e-14,-1.7e-14
l3104125,c,h001,1.9999999999999994e-15,-1.4999999999999999e-14
q14411,a,h001,4.3999999999999999e-13,2.1499999999999999e-13
q14411,b,h001,2.2300000000000001e-13,5.3000000000000001e-14
q14411,c,h001,5.1700000000000002e-13,8.4700000000000003e-13
l3118855,a,h001,1.1e-14,-6.2000000000000001e-14
l3118855,b,h001,-4.4999999999999998e-14,-1.6000000000000001e-14
l3118855,c,h001,-4.1000000000000002e-14,-5.6999999999999997e-14
l3231255,a,h001,1.19e-13,1.5499999999999997e-13
l3231255,b,h001,1.0799999999999999e-13,1.8599999999999999e-13
l3231255,c,h001,7.4e-14,1.8800000000000001e-13
d5861005-2_int,a,h001,1.0680000000000001e-12,-3.8099999999999999e-13
d5861005-2_int,b,h001,1.6199999999999999e-13,-1.8200000000000001e-13
d5861005-2_int,c,h001,1.78e-13,4.5299999999999999e-13
m1027071,c,h001,5.4999999999999999e-14,7.6000000000000004e-14
l3235241,c,h001,-2.1999999999999998e-14,-4.7999999999999997e-14
l2729409,b,h001,2.9999999999999998e-15,8.0000000000000006e-15
l3235254,a,h001,1.1999999999999993e-14,-5.700000000000001e-14
l3235254,b,h001,1.0000000000000036e-15,-9.9999999999999953e-15
l3235254,c,h001,-3.2000000000000002e-14,-7.000000000000008e-15
m1026851,a,h001,-2.0999999999999996e-14,-2.6999999999999999e-14
m1026851,b,h001,-2.3000000000000003e-14,2.1000000000000002e-14
m1026851,c,h001,0,-3.7e-14
m1069524,a,h001,-4.5299999999999999e-13,-4.14e-13
l2766747,a,h001,2e-14,4.0000000000000003e-15
l2822877,a,h001,4.8999999999999993e-14,-2.3e-14
l2822877,b,h001,3.5999999999999998e-14,-4.0000000000000019e-15
l2822877,c,h001,1.2599999999999999e-13,1.1600000000000001e-13
m1009715,a,h001,1e-14,1.4999999999999999e-14
m1108489,a,h001,-1.8430000000000001e-12,-7.5999999999999999e-13
l3226771,a,h001,2.9999999999999998e-15,-1.0000000000000001e-15
l2954339,b,h001,4.0000000000000003e-15,-2.3e-14
l3048200,b,h001,2.0000000000000002e-15,-2.0000000000000002e-15
m1047552,a,h001,-2.0999999999999999e-14,4.2999999999999993e-14
m1047552,b,h001,2.7000000000000011e-14,3.3000000000000061e-14
m1047552,c,h001,8.2000000000000004e-14,8.2999999999999987e-14
l2804283,a,h001,-1.0000000000000001e-15,8.0000000000000006e-15
l2916627,a,h001,-1.7999999999999999e-14,-1.4e-14
l3029498,a,h001,-1.1e-14,2.2000000000000001e-14
l3029498,b,h001,-1.4999999999999999e-14,-5.9999999999999997e-15
l3029498,c,h001,-2.9999999999999998e-15,1.0000000000000001e-15
l2973152,b,h001,-5.0999999999999997e-14,-4.0000000000000003e-15
l2822870,c,h001,4.3e-14,1.1999999999999999e-14
m1166369,a,h001,-3.3000000000000011e-14,1.8999999999999995e-14
l2839305,a,h001,1.3e-14,2.3e-14
l2710508,b,h001,1.8999999999999998e-14,6.9000000000000009e-14
l3082992,a,h001,4.0000000000000003e-15,-4.0000000000000003e-15
m1010011,a,h001,1.3199999999999999e-13,6.8000000000000013e-14
l3214069,a,h001,1.8099999999999999e-13,-1.0199999999999999e-13
l3214069,b,h001,3.09e-13,-8.6e-14
l3214069,c,h001,3.8e-13,2.49e-13
m1026655,a,h001,-8.4000000000000008e-14,-1.4300000000000002e-13
m1026655,b,h001,6.0000000000000009e-14,0
m1026655,c,h001,2.8000000000000013e-14,-1.3000000000000052e-14
l3197643,b,h001,-1.3e-14,-2.0000000000000002e-15
m1026339,b,h001,2.0000000000000009e-15,3.0000000000000006e-15
m1047420,a,h001,-3.8000000000000002e-14,-8.9999999999999995e-15
d5806920-1_int,b,h001,8.5000000000000001e-13,6.6799999999999998e-13
m1027039,a,h001,-3.2999999999999998e-14,-8.0000000000000006e-15
m1027039,b,h001,-1.3299999999999999e-13,6.5000000000000001e-14
m1027039,c,h001,8.9999999999999995e-15,-8.9999999999999995e-15
l3552667,c,h001,-1.1999999999999999e-14,5e-15
m1069438,a,h001,-5.9999999999999997e-15,-1.3e-14
m1069438,b,h001,1.4999999999999999e-14,2.9999999999999998e-14
m1069438,c,h001,-2.9999999999999998e-14,-1.3499999999999998e-13
l2785530,a,h001,2.9999999999999998e-15,0
l2822868,a,h001,1.4999999999999999e-14,-2.6e-14
m1027087,a,h001,1.8000000000000002e-14,-1.6000000000000001e-14
l2821087,a,h001,-1.3e-14,-1e-14
l2673310,a,h001,7.0000000000000001e-15,1.1e-14
l2936213,b,h001,7.1e-14,-7.5000000000000009e-14
l2746587,c,h001,-4.0000000000000003e-15,1.4999999999999999e-14
m1108378,a,h001,1.5599999999999999e-13,-5.0000000000000014e-14
m1108378,b,h001,1.1e-14,4.1000000000000002e-14
m1108378,c,h001,-3.9999999999999987e-15,-2.8999999999999996e-14
m1047809,b,h001,1.9999999999999978e-15,-2.3000000000000003e-14
m1026805,a,h001,-1.4e-14,1.7e-14
l3120502,a,h001,5e-15,-1e-14
m1108490,a,h001,1.8029999999999999e-12,-4.6299999999999995e-13
m1108490,b,h001,-6.1000000000000005e-14,-1.7299999999999999e-13
m1108490,c,h001,1.0499999999999999e-13,-1.9400000000000001e-13
l3122816,a,h001,1.0000000000000001e-15,-5.9999999999999997e-15
l3122816,b,h001,1.4999999999999999e-14,-5.9999999999999997e-15
l3122816,c,h001,1.3e-14,-2.0000000000000002e-15
l3160103,a,h001,-2.0000000000000009e-15,-6.9999999999999986e-15
l3160103,b,h001,-2.9999999999999998e-15,-2.0999999999999999e-14
l3160103,c,h001,3.1e-14,-1.9000000000000001e-14
m1069503,a,h001,-1.3100000000000002e-13,-6.0000000000000375e-15
m1069503,b,h001,-9.4999999999999999e-14,-2.1000000000000011e-14
m1069503,c,h001,7.5000000000000021e-14,4.5299999999999999e-13
l3027670,b,h001,-2.6000000000000003e-14,-2.9999999999999998e-15
l3159645,a,h001,-2.6500000000000003e-13,-1.9400000000000001e-13
m1069632,b,h001,-8.0000000000000006e-15,1.0000000000000001e-15
l3160863,c,h001,-8.0000000000000006e-15,1.0000000000000001e-15
m1010014,a,h001,-7.0000000000000017e-15,4.6e-14
l3067478,a,h001,-8.9999999999999995e-15,1.0000000000000001e-15
l3067478,b,h001,-1.6000000000000001e-14,1.4e-14
l3067478,c,h001,-6.8000000000000001e-14,-2e-14
m1125994,a,h001,-2.8799999999999998e-13,3.8099999999999999e-13
m1125994,b,h001,3.7e-14,-5.0700000000000006e-13
m1125994,c,h001,8.1999999999999991e-14,7.7200000000000014e-13
m1047480,a,h001,6.0999999999999993e-14,1.8999999999999998e-14
m1047480,b,h001,1.7e-14,2e-14
m1047480,c,h001,-1.3e-14,3.2000000000000002e-14
m1069483,a,h001,-1.9000000000000001e-14,4.0000000000000003e-15
m1069483,b,h001,-2.9999999999999998e-14,2.3e-14
m1069483,c,h001,-2.3000000000000003e-14,-3.8999999999999998e-14
l2841615,a,h001,1.7999999999999999e-14,-1.7999999999999999e-14
m1026366,a,h001,-3.0000000000000014e-15,-1.0000000000000002e-14
l3104131,a,h001,-1.3e-14,2.0000000000000002e-15
l2973167,a,h001,5.9000000000000001e-14,7.0000000000000001e-15
l2973167,b,h001,4.4000000000000002e-14,-1.9999999999999997e-14
l2973167,c,h001,1.0000000000000002e-14,-1.3000000000000001e-14
n1134475,a,h001,-8.6e-14,-3.5999999999999998e-14
n1134475,b,h001,1.6e-13,-3.1499999999999997e-13
n1134475,c,h001,-2.2999999999999978e-14,-7.099999999999995e-14
m1108350,c,h001,-2.0000000000000002e-15,-1e-14
l2748140,a,h001,5.0000000000000008e-15,3.2000000000000002e-14
m1047769,b,h001,5.4999999999999999e-14,5.4999999999999999e-14
l2785524,c,h001,2.4999999999999994e-14,3.2999999999999998e-14
l2710510,c,h001,1.1999999999999999e-14,2.6e-14
l2973791,a,h001,5.9999999999999997e-14,7.1e-14
l2973791,b,h001,-7.0000000000000001e-15,-3.5000000000000002e-14
l2973791,c,h001,7.9000000000000004e-14,-4.0000000000000003e-15
l3179650,a,h001,-2.6e-14,-9.1999999999999999e-14
l3179650,b,h001,-1.4999999999999999e-14,-4.6e-14
l3179650,c,h001,-7.0000000000000001e-15,1.0000000000000001e-15
l2710516,a,h001,1.1e-14,-1.1e-14
m1047623,a,h001,8.0000000000000006e-15,-7.0000000000000017e-15
l2937757,c,h001,2.9999999999999998e-15,-1.1999999999999999e-14
l3067448,c,h001,1.0000000000000001e-15,5e-15
m1069390,a,h001,2.9999999999999998e-15,-7.999999999999999e-15
l2897801,a,h001,-1.4e-14,8.9999999999999995e-15
m1026953,b,h001,-1.9000000000000007e-14,1.3999999999999997e-14
q14734,a,h001,-2.1100000000000001e-13,-1.2699999999999999e-13
q14734,b,h001,1.23e-12,8.9999999999999995e-15
q14734,c,h001,5.8600000000000003e-13,-8.9999999999999995e-14
l3197631,a,h001,-6.9999999999999986e-15,1.0000000000000001e-15
m1209811,a,h001,7.4999999999999996e-14,2.9000000000000003e-14
m1209811,b,h001,-2.3999999999999999e-14,2.899999999999999e-14
m1209811,c,h001,-1.7999999999999999e-14,5.0000000000000039e-15
l3048228,c,h001,-2.7999999999999997e-14,-2.9999999999999998e-15
m1108395,a,h001,2.0000000000000002e-15,-8.9999999999999995e-15
m1108395,b,h001,-2.9999999999999998e-15,-1.7999999999999999e-14
m1108395,c,h001,4.0000000000000003e-15,-1.1999999999999999e-14
l2728247,a,h001,-4.0000000000000003e-15,8.9999999999999995e-15
l2728247,b,h001,-4.0000000000000003e-15,8.0000000000000006e-15
l2728247,c,h001,-7.0000000000000001e-15,5e-15
l2916234,a,h001,-3.9999999999999995e-15,0
l2673316,a,h001,2.3e-14,1.1999999999999999e-13
l3159448,a,h001,-4.6e-14,4.7899999999999998e-13
l3159448,b,h001,-2.08e-13,8.8699999999999996e-13
l3159448,c,h001,-1.03e-13,3.7400000000000002e-13
l3048890,c,h001,-3.0000000000000014e-15,1.1e-14
l3010563,a,h001,2.3000000000000003e-14,-2.9999999999999998e-15
m1125940,b,h001,9.9999999999999889e-16,-1.0000000000000005e-15
l2991908,a,h001,-1.9000000000000001e-14,-1.7999999999999999e-14
m1047767,b,h001,0,-2.0000000000000002e-15
l2879068,b,h001,1.1e-14,6.9999999999999994e-15
l3234149,a,h001,8.0000000000000006e-15,-2.3999999999999999e-14
l3234149,b,h001,-4.4000000000000002e-14,-2.3999999999999999e-14
l3234149,c,h001,-1.4e-14,-5.1999999999999999e-14
l2673346,a,h001,2.9999999999999998e-15,-1.4e-14
l2673346,b,h001,-1.0000000000000001e-15,-5e-15
l2673346,c,h001,-2.0000000000000002e-15,-1.4e-14
l2955005,b,h001,5e-15,2.3e-14
m1108372,b,h001,1e-14,-1e-14
l2688692,a,h001,3.4e-14,-4.9000000000000006e-14
l2688692,b,h001,-4.0000000000000019e-15,-1.4999999999999999e-14
l2688692,c,h001,8.9999999999999964e-15,-3.4000000000000007e-14
l3178971,a,h001,3.4500000000000004e-13,-1.138e-12
l3728040,a,h001,4.0000000000000019e-15,-1.3999999999999997e-14
l2766738,a,h001,-2.2999999999999997e-14,1.3999999999999999e-14
l2766738,b,h001,3.8999999999999998e-14,-1.8000000000000002e-14
l2766738,c,h001,-6.3108872417680944e-30,-4.7000000000000002e-14
l3104128,a,h001,-5.9999999999999997e-15,2.9999999999999998e-15
l2673315,a,h001,5.9999999999999997e-15,-7.0000000000000001e-15
l3047289,a,h001,-1.0000000000000001e-15,-1.0000000000000001e-15
l3047289,b,h001,4.0000000000000003e-15,8.9999999999999995e-15
l3047289,c,h001,-1.4e-14,-1.3e-14
l2785516,b,h001,1e-14,-1.0000000000000001e-15
d5799561-2_int,a,h001,-9.0999999999999996e-13,4.74e-13
d5799561-2_int,b,h001,-1.2039999999999999e-12,-1.278e-12
d5799561-2_int,c,h001,-5.2799999999999997e-13,-4.0699999999999998e-13
l3198356,c,h001,2.6999999999999999e-14,1.1999999999999998e-14
l3197641,a,h001,-2.9999999999999998e-15,4.9999999999999992e-15
e183493,a,h001,-2.6499999999999998e-13,2.13e-13
e183493,b,h001,1.1e-13,-9.3000000000000008e-13
e183493,c,h001,-1.128e-12,4.0000000000000001e-13
m1125902,a,h001,-1.3900000000000001e-13,7.9999999999999975e-15
m1125902,b,h001,-6.4000000000000005e-14,-5.0000000000000002e-14
m1125902,c,h001,3.0999999999999994e-14,3.2999999999999998e-14
l3085402,a,h001,3.4e-14,1.5999999999999998e-14
m1026997,a,h001,-6.0000000000000013e-15,-1.2000000000000001e-14
m1026997,b,h001,-2.9999999999999998e-15,1.7000000000000003e-14
m1026997,c,h001,-6.9999999999999986e-15,0
m1026979,a,h001,2.9000000000000003e-14,-5e-15
m1026979,b,h001,-1.1399999999999999e-13,-3.5999999999999998e-14
m1026979,c,h001,-6.5999999999999996e-14,-3.5000000000000002e-14
l3082981,c,h001,8.9999999999999995e-15,8.0000000000000006e-15
l3235275,a,h001,1.4e-14,-1.0000000000000001e-15
l3235275,b,h001,-8.0000000000000006e-15,1.1999999999999999e-14
l3235275,c,h001,-5e-15,2.9999999999999998e-15
m1026347,a,h001,-3.5000000000000002e-14,6.0999999999999993e-14
m1026347,b,h001,-1.3e-14,4.0000000000000003e-15
m1026347,c,h001,3.8000000000000002e-14,-1.4e-14
l2710519,a,h001,-5.9999999999999997e-15,-4.0000000000000003e-15
m1026820,a,h001,1.1999999999999999e-14,3.3999999999999994e-14
l3141403,a,h001,-2.9000000000000003e-14,-1.4e-14
m1069500,a,h001,-2.1000000000000005e-14,-1.5999999999999995e-14
m1069500,b,h001,-1.1e-14,-1.1e-14
m1069500,c,h001,1.6000000000000001e-14,5e-15
m1069382,a,h001,-4.0000000000000003e-15,8.3999999999999995e-14
m1069382,b,h001,4.4000000000000002e-14,3.2000000000000002e-14
m1069382,c,h001,-2.6e-14,2e-14
l2710537,b,h001,-1.6000000000000001e-14,0
l2897789,b,h001,-2.3e-14,-7.0000000000000001e-15
l3160878,c,h001,4.0000000000000003e-15,2.0000000000000002e-15
l3214112,b,h001,1e-14,5.9999999999999997e-15
l3160104,b,h001,-8.9999999999999995e-15,-1.4999999999999999e-14
l2973144,c,h001,-1.0000000000000001e-15,2.9999999999999998e-15
m1108387,a,h001,1.0299999999999997e-13,2.1500000000000004e-13
m1108387,b,h001,1.6899999999999996e-13,1.9999999999999978e-14
m1108387,c,h001,2.8200000000000001e-13,-3.08e-13
l2991907,a,h001,1.4999999999999999e-14,-4.0000000000000003e-15
l3104830,a,h001,-2.3099999999999997e-13,2.2999999999999998e-13
l3104830,b,h001,-4.0900000000000002e-13,-3.5799999999999999e-13
l3104830,c,h001,1.6299999999999999e-13,-2.6e-13
m1047483,a,h001,-3.1e-14,5.0999999999999997e-14
m1047483,b,h001,5.4999999999999999e-14,-1.3e-14
m1047483,c,h001,1.2900000000000001e-13,-2.3000000000000003e-14
l3160102,a,h001,-3.5000000000000002e-14,-2.9999999999999998e-15
l3160102,b,h001,6.9999999999999954e-15,1.5000000000000012e-14
l3160102,c,h001,6.5999999999999996e-14,-4.4000000000000002e-14
d5835167-6_int,a,h001,1.3899999999999999e-13,8.6199999999999996e-13
d5835167-6_int,b,h001,-5.69e-13,-8.0699999999999999e-13
d5835167-6_int,c,h001,-4.5299999999999999e-13,-1.71e-13
q14414,a,h001,-2.4999999999999999e-13,-8.6399999999999995e-13
q14414,b,h001,4.2899999999999999e-13,5.6400000000000002e-13
q14414,c,h001,4.4199999999999998e-13,1.9400000000000001e-13
l3048221,a,h001,-2.0999999999999999e-14,-1.3e-14
l3048221,b,h001,-2.6e-14,1.7999999999999999e-14
l3048221,c,h001,-1.1999999999999999e-14,1.3e-14
l2748128,c,h001,-1.9000000000000001e-14,-8.0000000000000006e-15
m1069563,a,h001,3.7999999999999996e-14,6.4000000000000005e-14
m1166366,a,h001,-3.1e-14,-1.7e-14
m1166366,b,h001,-2.9999999999999998e-14,4.3e-14
m1166366,c,h001,-1.1999999999999999e-13,-9.9999999999999574e-16
m1026713,a,h001,-8.6e-14,8.5000000000000004e-14
l2991922,a,h001,-2.9000000000000003e-14,7.0000000000000001e-15
l2991922,b,h001,0,-1.1999999999999999e-14
l2991922,c,h001,1.9000000000000001e-14,0
m1027013,a,h001,-1.0000000000000001e-15,2.0000000000000002e-15
m1027013,b,h001,-1.7999999999999986e-14,-4.8000000000000004e-14
m1027013,c,h001,-1.4999999999999999e-14,-2.3e-14
l3649298,a,h001,-2.6999999999999999e-14,8.0000000000000006e-15
m1047388,b,h001,-5.9999999999999997e-15,4.0000000000000003e-15
l2673319,a,h001,-1.1e-14,1.0000000000000001e-15
l2673319,b,h001,1.9000000000000001e-14,-2e-14
l2673319,c,h001,2.0000000000000002e-15,1e-14
l3104121,a,h001,-3.9999999999999956e-15,2.9999999999999998e-15
l2785518,c,h001,4.0000000000000003e-15,2.0999999999999999e-14
l3157710,b,h001,-4.0000000000000003e-15,5.9999999999999997e-15
m1108340,c,h001,-6.9999999999999954e-15,1.4e-14
l3727708,a,h001,-1.0199999999999999e-13,-1.66e-13
l3160105,c,h001,2.9999999999999998e-15,1.6000000000000001e-14
m1010016,a,h001,-1.1999999999999999e-14,-6.0000000000000005e-15
m1069597,b,h001,1.6000000000000001e-14,1.000000000000002e-15
m3949154,a,h001,-2.6599999999999998e-13,-3.2999999999999998e-14
l2895449,a,h001,1.9000000000000001e-14,4.3e-14
l2895449,b,h001,3.2999999999999998e-14,2.7399999999999999e-13
l2895449,c,h001,-1.9299999999999999e-13,4.6099999999999995e-13
m3036167,b,h001,1.3199999999999999e-13,1.3399999999999998e-13
l3143999,a,h001,6.0000000000000754e-15,7.9999999999999987e-14
l3143999,b,h001,-2.2199999999999996e-13,1.5200000000000001e-13
l3143999,c,h001,2.2100000000000007e-13,-2.2e-13
l3160115,b,h001,-9.0000000000000011e-15,-7.0000000000000001e-15
l3253570,c,h001,2.9999999999999998e-15,2.0000000000000002e-15
m1047737,a,h001,1.9000000000000001e-14,2.1999999999999998e-14
m1047737,b,h001,0,1.0000000000000005e-15
m1047737,c,h001,8.5000000000000004e-14,-1.7999999999999999e-14
m1026387,a,h001,1.3e-14,-2.9999999999999998e-15
m1166361,a,h001,8.0000000000000006e-15,-1.0000000000000003e-14
m1047522,a,h001,-4.1999999999999998e-14,-7.9000000000000004e-14
m1047522,b,h001,2e-14,4.7000000000000002e-14
m1047522,c,h001,-5.3000000000000001e-14,-5.3999999999999997e-14
m1026320,b,h001,7.999999999999999e-15,8.0000000000000006e-15
m1047649,a,h001,-1.7999999999999999e-14,-2.9999999999999998e-15
m1047649,b,h001,7.0000000000000001e-15,-2.0999999999999999e-14
m1047649,c,h001,6.1000000000000005e-14,-3.2999999999999998e-14
l3216361,b,h001,-1.7999999999999999e-14,-4.2000000000000004e-14
l2896685,a,h001,1.2399999999999998e-13,1.9899999999999999e-13
l2896685,b,h001,1.8199999999999998e-13,-3.800000000000004e-14
l2896685,c,h001,-5.9000000000000026e-14,-8.8000000000000029e-14
l2767409,b,h001,2e-14,-8.9999999999999995e-15
l3215340,a,h001,1e-14,2e-14
m1069607,b,h001,1.5000000000000012e-14,-6.9999999999999992e-14
e184626,a,h001,4.6000000000000006e-14,4.1900000000000003e-13
e184626,b,h001,4.8699999999999994e-13,7.000000000000008e-15
e184626,c,h001,-7.5199999999999993e-13,-1.6640000000000002e-12
l2989432,b,h001,-2.0999999999999999e-14,-1.0000000000000001e-15
l3066830,b,h001,7.999999999999999e-15,9.0000000000000011e-15
m1209774,a,h001,1.43e-13,1.6600000000000005e-13
m1209774,b,h001,-1.9199999999999999e-13,8.3999999999999958e-14
m1209774,c,h001,-1.4400000000000002e-13,1.4000000000000001e-13
m1026693,b,h001,2.9999999999999998e-15,-3.1e-14
l3236011,b,h001,1e-14,-5e-15
l3198358,b,h001,-1.0000000000000001e-15,2.0000000000000002e-15
l2860486,c,h001,2.9799999999999999e-13,-1.6799999999999999e-13
l2916608,a,h001,1.3e-14,1.3000000000000001e-14
l2916608,b,h001,-2.9999999999999998e-15,1.1999999999999999e-14
l2916608,c,h001,-8.9999999999999995e-15,4.9999999999999992e-15
l2673300,b,h001,-8.0000000000000006e-15,-1.0000000000000001e-15
d6108141-1_int,a,h001,-2.6900000000000001e-13,6.2399999999999997e-13
d6108141-1_int,b,h001,9.469999999999999e-13,-4e-14
d6108141-1_int,c,h001,4.6300000000000005e-13,-5.3999999999999997e-14
e206209,a,h001,3.1600000000000002e-13,-5.1500000000000003e-13
e206209,b,h001,-6.2299999999999997e-13,4.7999999999999997e-14
e206209,c,h001,-2.5700000000000002e-13,-8.0000000000000006e-15
m1047521,a,h001,-3.2900000000000001e-13,-2.2099999999999997e-13
m1047521,b,h001,7.3999999999999988e-14,-2.2899999999999998e-13
m1047521,c,h001,-3.1400000000000003e-13,2.5300000000000003e-13
l3030126,c,h001,-1.4e-14,0
l3254870,c,h001,-3.3000000000000061e-14,-4.5000000000000004e-14
l2915542,a,h001,2.3e-14,-3.7e-14
l2915542,b,h001,2.3e-14,7.0000000000000001e-15
l2915542,c,h001,-4.0000000000000003e-15,-5.6000000000000001e-14
l3254213,a,h001,-1e-14,1.3e-14
l3254213,b,h001,-2.8000000000000001e-14,3.2000000000000002e-14
l3254213,c,h001,-1.7e-14,-1.1999999999999999e-14
m1069738,b,h001,-1.7999999999999999e-14,-1.9000000000000001e-14
d5712486-1_int,c,h001,-7.6999999999999995e-13,-1.054e-12
e206210,c,h001,5.0099999999999999e-13,8.6299999999999996e-13
l2876812,a,h001,5e-15,-1.0000000000000001e-15
m1009828,b,h001,-4.1999999999999998e-14,-1.7999999999999999e-14
m1026705,c,h001,-1.3800000000000002e-13,-3.0000000000000203e-15
l2785517,c,h001,5.9999999999999997e-15,-8.9999999999999995e-15
l3082993,a,h001,1.0000000000000002e-14,-9.9999999999999889e-16
l3122821,a,h001,4.0000000000000003e-15,5.9999999999999997e-15
l3122821,b,h001,-5.9999999999999997e-15,2.0000000000000002e-15
l3122821,c,h001,-4.0000000000000003e-15,-2.2000000000000001e-14
d5867591-1_int,a,h001,-1.1e-12,-1.1720000000000001e-12
d5867591-1_int,b,h001,6.8300000000000002e-13,-4.5e-13
d5867591-1_int,c,h001,4.3300000000000002e-13,-3.0099999999999998e-13
l2730108,c,h001,-1.0000000000000001e-15,2.9999999999999998e-15
m1008733,b,h001,-1.6000000000000001e-14,-8.9999999999999995e-15
m1026309,b,h001,0,-5e-15
m1026767,a,h001,-1.1999999999999999e-14,-2.8000000000000001e-14
m1026896,a,h001,-9.2999999999999995e-14,-7.4e-14
m1026896,b,h001,-6.7000000000000017e-14,-3.1e-14
m1026896,c,h001,-4.5999999999999993e-14,-5.9999999999999997e-15
m1108344,c,h001,-5.9999999999999997e-15,2.3e-14
l2763811,c,h001,-5e-15,-5e-15
l3235256,a,h001,-2.6e-14,-5.9999999999999997e-15
l3235256,b,h001,2.6e-14,-2.3e-14
l3235256,c,h001,-4.0000000000000003e-15,1.9000000000000001e-14
l3254230,a,h001,-1.5700000000000001e-13,2.3300000000000002e-13
l2814529,a,h001,5.9999999999999997e-15,-2.3e-14
l2814529,b,h001,1.1999999999999999e-14,2.8000000000000001e-14
l2814529,c,h001,-1.3e-14,-5e-15
l2711225,c,h001,8.0000000000000006e-15,-4.0000000000000003e-15
m1186063,a,h001,-2.9000000000000003e-13,3.1400000000000003e-13
m1186063,b,h001,-6.7700000000000004e-13,-5.919999999999999e-13
m1186063,c,h001,1.000000000000002e-15,-1.4500000000000001e-13
l2689691,a,h001,-2.9999999999999998e-15,-1.1999999999999999e-14
l2689691,b,h001,-1.1999999999999999e-14,5.9999999999999997e-15
l2689691,c,h001,-1.6000000000000001e-14,-5e-15
l2727795,c,h001,2.9999999999999998e-14,-1e-14
m1166368,a,h001,1.7e-14,4.5000000000000004e-14
m1166368,b,h001,3.2000000000000002e-14,3.7e-14
m1166368,c,h001,3.2999999999999998e-14,-3.4e-14
l2822867,b,h001,-2.3e-14,4.1000000000000002e-14
d6049822-1_int,a,h001,-8.4900000000000002e-13,-1.37e-13
l3104859,b,h001,3.9999999999999995e-15,4.9999999999999976e-15
l3101194,c,h001,1.1e-14,8.0000000000000006e-15
l3066813,b,h001,0,1.4e-14
l2991910,b,h001,-2.9999999999999998e-15,-1.1999999999999999e-14
m1108331,c,h001,3.0999999999999999e-13,1.89e-13
l2785531,a,h001,-7.0000000000000001e-15,-4.0000000000000003e-15
l3179646,a,h001,3.5999999999999998e-14,0
l3179646,b,h001,-4.0000000000000003e-15,4.1999999999999998e-14
l3179646,c,h001,3.4e-14,2.5000000000000001e-14
l3066818,b,h001,2.2000000000000001e-14,1.4999999999999999e-14
m1108356,c,h001,2.0000000000000002e-15,2.0000000000000002e-15
l3160871,c,h001,-3.5999999999999998e-14,4e-14
l2767408,c,h001,1.3e-14,0
l3728037,a,h001,1.4999999999999999e-14,1.4e-14
l3160109,a,h001,-4.7000000000000002e-14,4.0000000000000003e-15
l3160109,b,h001,4.7999999999999985e-14,3.4999999999999996e-14
l3160109,c,h001,5.1999999999999999e-14,8e-14
l3160107,a,h001,-1.0000000000000001e-15,4.0000000000000003e-15
l3160107,b,h001,5e-15,-1.0000000000000001e-15
l3160107,c,h001,4.0000000000000003e-15,1.4e-14
l2748125,c,h001,1.8999999999999998e-14,-1.0000000000000005e-15
l2914324,a,h001,0,0
l2691942,b,h001,1e-14,-5e-15
m1026393,a,h001,-3.2000000000000002e-14,-2.6e-14
m1069517,a,h001,-1.24e-13,4.4900000000000001e-13
m1069517,b,h001,3.0000000000000011e-14,-2.9200000000000002e-13
m1069517,c,h001,8.9000000000000025e-14,-5.4899999999999998e-13
l3217053,c,h001,2.0500000000000001e-13,1.3799999999999999e-13
m1026357,a,h001,2.4000000000000002e-14,-4.0000000000000003e-15
m1026357,b,h001,2.0999999999999999e-14,-5.9999999999999997e-15
m1026357,c,h001,3.0999999999999994e-14,2.8999999999999996e-14
l3178997,c,h001,-6.0000000000000005e-15,-2.0999999999999999e-14
m1069488,c,h001,-2.9999999999999998e-14,6.0000000000000005e-15
l2764412,a,h001,-6.0000000000000005e-15,1.0000000000000002e-14
m1209782,a,h001,5e-15,6.9999999999999986e-15
m1009827,b,h001,1e-14,-4.0000000000000003e-15
m1047406,a,h001,-2.8999999999999996e-14,-2.6999999999999999e-14
m1047766,b,h001,-4.3999999999999989e-14,1.3999999999999991e-14
l3216344,b,h001,-1.1e-14,8.0000000000000006e-15
m1089197,a,h001,1.55e-13,-2.7999999999999997e-14
m1089197,b,h001,2.8699999999999999e-13,-5.21e-13
m1089197,c,h001,-2.5900000000000001e-13,2.0799999999999997e-13
m1027036,b,h001,-4.0000000000000003e-15,5.9999999999999997e-15
l3104154,c,h001,-2.9999999999999998e-15,3.2999999999999998e-14
l3104155,c,h001,-5.9000000000000001e-14,-2.3e-14
d6047588-1_int,b,h001,-1.9440000000000002e-12,-1.3629999999999999e-12
d6047588-1_int,c,h001,0,0
f739844,b,h001,8.8700000000000006e-13,1.412e-12
f739844,c,h001,0,0
l3104130,b,h001,-1.7e-14,-2.9999999999999998e-15
l2841625,c,h001,5.0000000000000008e-15,1.0000000000000001e-15
m1027038,b,h001,2.9999999999999998e-15,3.2999999999999998e-14
l2935568,b,h001,-5e-15,1.3e-14
l2897777,a,h001,-9.9999999999999984e-15,-1.4999999999999999e-14
l2897777,b,h001,-2.4000000000000002e-14,-1.9000000000000001e-14
l2897777,c,h001,4.9999999999999992e-15,2.3000000000000003e-14
l2860488,b,h001,1.4999999999999999e-14,2.0000000000000002e-15
l2691938,b,h001,1.4e-14,-2e-14
l2804256,a,h001,7.0000000000000001e-15,1.3e-14
l2804256,b,h001,5.9999999999999997e-15,1.4999999999999999e-14
l2804256,c,h001,-1.4999999999999999e-14,1.7999999999999999e-14
m1047688,a,h001,-1.0000000000000001e-15,3.8000000000000002e-14
m1047688,b,h001,-2.9999999999999998e-15,-2.0000000000000002e-15
m1047688,c,h001,2.7000000000000002e-14,-4.1999999999999998e-14
l2822863,c,h001,2.9999999999999998e-15,-2.0000000000000002e-15
l3254234,b,h001,8.0000000000000006e-15,2.3e-14
m1108526,a,h001,-1.9999999999999978e-15,2.5000000000000001e-14
m1108526,b,h001,-5.3999999999999997e-14,4.5999999999999993e-14
m1108526,c,h001,-1.6199999999999999e-13,-1.8499999999999999e-13
l2691952,a,h001,-1.8800000000000001e-13,4.14e-13
l2691952,b,h001,2.24e-13,2.9500000000000001e-13
l2691952,c,h001,-1.66e-13,3.8199999999999999e-13
d6049825-1_int,a,h001,-8.6500000000000005e-13,-7.6299999999999998e-13
d6049825-1_int,b,h001,-3.5999999999999998e-14,1.0799999999999999e-13
d6049825-1_int,c,h001,3.3800000000000002e-13,-7.7400000000000003e-13
e182748,a,h001,6.88e-13,2.01e-13
e182748,b,h001,2.6399999999999999e-13,5.4999999999999999e-14
e182748,c,h001,-5.3500000000000004e-13,3.3299999999999999e-13
l2691950,c,h001,2.8000000000000001e-14,3.2999999999999998e-14
l2822866,a,h001,8.9999999999999995e-15,-4.4999999999999998e-14
l2822866,b,h001,2.9999999999999998e-15,-2.9999999999999998e-15
l2822866,c,h001,-5.6999999999999997e-14,1.7999999999999999e-14
l3160100,b,h001,1e-14,-6.0000000000000005e-15
l2954361,b,h001,-2.0000000000000002e-15,2.0000000000000002e-15
e182744,b,h001,1.681e-12,5.5099999999999997e-13
e182744,c,h001,0,0
l2691973,a,h001,2.0000000000000002e-15,-1.0000000000000005e-15
l3649297,a,h001,2.3999999999999999e-14,1.7999999999999999e-14
l2820528,c,h001,4.6000000000000006e-14,7.0000000000000001e-15
l3048230,c,h001,1.3e-14,7.0000000000000001e-15
l2925506,a,h001,-1.3e-14,1.3e-14
l2925506,b,h001,7.0000000000000001e-15,-1.3e-14
l2925506,c,h001,2.9999999999999998e-15,1.4e-14
m1069549,a,h001,-1.2099999999999999e-13,1.3199999999999999e-13
m1069549,b,h001,-1.25e-13,1.9000000000000001e-14
m1069549,c,h001,-2.5800000000000001e-13,2.5499999999999997e-13
l2970811,a,h001,1.6000000000000001e-14,0
l2841621,a,h001,-2.9999999999999998e-15,1.2999999999999998e-14
l2841621,b,h001,-2.2999999999999997e-14,-1.6000000000000001e-14
l2841621,c,h001,9.9999999999999889e-16,-1.6000000000000001e-14
l2876813,a,h001,8.9999999999999995e-15,1.4999999999999999e-14
l3104118,c,h001,1.9999999999999994e-15,1.1e-14
l2861197,c,h001,3.0000000000000002e-15,9.9999999999999984e-15
l3067506,c,h001,2e-14,-2.0000000000000002e-15
l3047073,c,h001,-6.8999999999999996e-14,5.0000000000000002e-14
l3104133,a,h001,-5e-15,-2.0000000000000009e-15
l3048889,c,h001,-1.7e-14,-8.9999999999999995e-15
m1027068,c,h001,-9.0000000000000008e-14,5.9999999999999989e-15
m1027100,a,h001,1.0000000000000002e-14,-2.1999999999999998e-14
l3010564,c,h001,2.0000000000000002e-15,1e-14
m1026732,a,h001,-1.4999999999999999e-14,-1.4e-14
e182723,b,h001,0,0
e182723,c,h001,-2.5459999999999999e-12,-1.4689999999999999e-12
l3119793,b,h001,3.9600000000000003e-13,2.5400000000000003e-13
m1047777,b,h001,3.1e-14,-8.0000000000000006e-15
l2879055,c,h001,5.9999999999999997e-15,2.9999999999999998e-15
m1108484,a,h001,1.4999999999999999e-14,4.2999999999999993e-14
m1108484,b,h001,-1.4999999999999999e-14,-2.0999999999999999e-14
m1108484,c,h001,-7.0000000000000001e-15,3.1e-14
l2806553,c,h001,1.1e-14,-2.0000000000000002e-15
l2935555,a,h001,-5.1999999999999999e-14,1.04e-13
m3037453,a,h001,-3.9600000000000003e-13,3.3300000000000005e-13
l3215203,a,h001,3.5999999999999998e-14,-1.3299999999999999e-13
l3215203,b,h001,3.8999999999999998e-14,-4.8999999999999999e-14
l3215203,c,h001,0,-3.8000000000000002e-14
l3141396,c,h001,-5.9999999999999997e-15,-2.9999999999999998e-15
m3036170,a,h001,1.54e-13,-4.4099999999999999e-13
m3036170,b,h001,-1.8100000000000001e-13,-3.0999999999999999e-13
m3036170,c,h001,8.1000000000000008e-14,-4.02e-13
m1026773,a,h001,-1.4e-14,4.9999999999999992e-15
m1026660,a,h001,3.8000000000000002e-14,-3.9999999999999987e-15
l3085410,b,h001,-2.5999999999999996e-14,-3.9999999999999995e-15
m1125988,a,h001,-1.13e-13,-8.4999999999999991e-14
m1125988,b,h001,-1.5800000000000001e-13,5.0000000000000002e-14
m1125988,c,h001,2.0999999999999999e-14,-6.2000000000000001e-14
l3197636,b,h001,-7.0000000000000001e-15,-4.0000000000000003e-15
m1089132,c,h001,-4.1000000000000002e-14,-6.7000000000000005e-14
l2876798,a,h001,-8.0000000000000038e-14,5.1000000000000004e-14
l2876798,b,h001,-2.6999999999999989e-14,-1.5599999999999999e-13
l2876798,c,h001,-4.3e-14,-7.2000000000000009e-14
l3104136,a,h001,3.8000000000000002e-14,8.0000000000000006e-15
l3104136,b,h001,-2.8000000000000001e-14,3.7e-14
l3104136,c,h001,-4e-14,-9.7000000000000003e-14
l3048888,c,h001,1.7999999999999999e-14,8.0000000000000006e-15
d5587291-3_int,a,h001,1.1999999999999999e-14,-1.6300000000000001e-13
d5587291-3_int,b,h001,-1.094e-12,6.4899999999999996e-13
d5587291-3_int,c,h001,-3.5899999999999998e-13,2.9500000000000001e-13
190-8581,a,h001,-4.4000000000000002e-14,3.8999999999999998e-14
190-8581,b,h001,-5.0000000000000002e-14,-1.3899999999999999e-13
190-8581,c,h001,-7.1e-14,7.1e-14
m1009843,b,h001,2.2000000000000001e-14,1e-14
l2804249,a,h001,-1.0000000000000002e-14,5.9999999999999997e-15
l2804249,b,h001,-5.0000000000000008e-15,7.0000000000000001e-15
l2804249,c,h001,-1.2000000000000001e-14,1.9000000000000001e-14
l3030204,a,h001,5.1000000000000004e-14,9.1999999999999999e-14
l3030204,b,h001,-7.8000000000000008e-14,-3.9999999999999994e-14
l3030204,c,h001,4.9000000000000006e-14,-1.09e-13
d5513564-1_int,a,h001,2.8000000000000001e-14,1.05e-12
d5513564-1_int,b,h001,5.0599999999999996e-13,-1.6e-13
d5513564-1_int,c,h001,-3.1e-14,-1.2519999999999999e-12
e192201,a,h001,2.3099999999999997e-13,-7.0300000000000003e-13
e192201,b,h001,-2.9500000000000001e-13,1.4399999999999999e-13
e192201,c,h001,1.0799999999999999e-13,1.5440000000000001e-12
l3181545,a,h001,-2.0999999999999999e-14,7.9999999999999975e-15
l3181545,b,h001,-5.0000000000000008e-15,-3.7e-14
l3181545,c,h001,4.9999999999999976e-15,6.8999999999999996e-14
l3178976,a,h001,-1.4999999999999999e-14,-7.0000000000000001e-15
l3065665,a,h001,2.9999999999999998e-15,-1.1999999999999999e-14
l2785514,a,h001,2.0999999999999999e-14,-2.9999999999999998e-15
l2936216,c,h001,1.0000000000000001e-15,9.9999999999999984e-15
m1026969,b,h001,7.0000000000000001e-15,-2.9999999999999987e-15
d6198039-1_int,a,h001,-1.1519999999999999e-12,1.01e-13
d6198039-1_int,b,h001,-7.12e-13,-1.1e-14
d6198039-1_int,c,h001,4.0100000000000001e-13,-5.3199999999999995e-13
e206217,a,h001,6.0399999999999995e-13,-5.7599999999999997e-13
e206217,b,h001,8.5599999999999999e-13,-1.6000000000000001e-14
e206217,c,h001,-2.9200000000000002e-13,4.5799999999999997e-13
l2879071,b,h001,-3.4e-14,0
l3029504,b,h001,1.1e-14,-5.9999999999999997e-15
l2842383,a,h001,4.1999999999999998e-14,-1.7999999999999999e-14
l2842383,b,h001,3.8999999999999998e-14,1.7999999999999999e-14
l2842383,c,h001,-1.03e-13,-1.7e-14
l2745811,c,h001,2.0000000000000009e-15,-1.9000000000000001e-14
l2804252,a,h001,2.0999999999999999e-14,1.4999999999999999e-14
l3066815,a,h001,-4e-14,4.1999999999999998e-14
l3066815,b,h001,1.0000000000000001e-15,-3.4e-14
l3066815,c,h001,-5e-15,3.5999999999999998e-14
l3160117,b,h001,2e-14,-2.0000000000000002e-15
l3029510,b,h001,-1.1999999999999999e-14,-5.9999999999999997e-15
e182731,b,h001,-3.56e-13,-3.5200000000000001e-13
l3216347,c,h001,5.9999999999999997e-15,7.0000000000000001e-15
l2767341,a,h001,-2.5299999999999998e-13,-6.5999999999999996e-14
l2767341,b,h001,-3.1e-14,-2.3099999999999997e-13
l2767341,c,h001,-7.7999999999999996e-14,-2.6e-14
e206211,a,h001,-6.9700000000000006e-13,-3.5799999999999999e-13
e206211,b,h001,7.6000000000000004e-14,-1.1270000000000001e-12
e206211,c,h001,1.165e-12,1.0950000000000001e-12
l3030203,c,h001,1.6000000000000001e-14,-5.9999999999999997e-15
l2879773,a,h001,2e-14,1.1999999999999999e-14
l2879773,b,h001,1.0000000000000001e-15,-2.2000000000000001e-14
l2879773,c,h001,2e-14,-6.2000000000000001e-14
l2804282,c,h001,5.9999999999999997e-15,2.0000000000000002e-15
m1047574,a,h001,-7.0000000000000001e-15,-1.49e-13
m1047574,b,h001,1.0799999999999999e-13,1.1999999999999999e-14
m1047574,c,h001,-9.5999999999999995e-14,4.7000000000000002e-14
l3225319,b,h001,2.3999999999999999e-14,-1e-14
l3160108,b,h001,1.1e-14,1e-14
l3254229,b,h001,-2.9999999999999998e-15,5e-15
m1009807,a,h001,1.0000000000000005e-15,5e-15
m1009807,b,h001,2.7000000000000002e-14,1.2999999999999998e-14
m1009807,c,h001,-1.3000000000000001e-14,3.5999999999999998e-14
l2841638,c,h001,-2.0000000000000002e-15,0
l2916620,a,h001,1.2099999999999999e-13,4.1300000000000001e-13
l2916620,b,h001,-1.31e-13,-9.7000000000000003e-14
l2916620,c,h001,-2.0899999999999999e-13,2.61e-13
l3233412,a,h001,0,-2.5000000000000007e-14
l3235266,c,h001,1.4e-14,2.4000000000000002e-14
l3235267,c,h001,-1.3e-14,-3.1e-14
l3729297,a,h001,3.7e-14,3.7e-14
l2842384,a,h001,2.8899999999999998e-13,-2.7900000000000002e-13
l2842384,b,h001,5.8200000000000004e-13,-6.1000000000000005e-14
l2842384,c,h001,-4.7000000000000002e-14,2.14e-13
d6023352-1_int,a,h001,-2.5099999999999999e-13,4.7999999999999997e-13
d6023352-1_int,b,h001,-5.8800000000000002e-13,-2.4400000000000002e-13
d6023352-1_int,c,h001,1.2580000000000001e-12,5.6200000000000003e-13
m1047548,a,h001,1.0000000000000005e-15,-9.0000000000000008e-14
m1047548,b,h001,-1.1099999999999998e-13,-2.0999999999999999e-14
m1047548,c,h001,-8.5000000000000004e-14,-1.37e-13
m1026695,a,h001,-1.1999999999999999e-14,1.5000000000000002e-14
m1026695,b,h001,-1.6000000000000001e-14,8.9999999999999995e-14
m1026695,c,h001,-6.5000000000000001e-14,1.5999999999999998e-14
m1209800,a,h001,-4.6e-14,-3.2999999999999998e-14
m1209800,b,h001,2e-14,-3.3000000000000005e-14
m1209800,c,h001,-1.6000000000000023e-14,6.9999999999999992e-14
l2726974,b,h001,5.9999999999999997e-15,-5.9999999999999997e-15
l2785527,a,h001,8.0000000000000006e-15,4.0000000000000003e-15
m1069376,a,h001,-1.4999999999999999e-14,-4.0999999999999996e-14
m1069376,b,h001,3.4000000000000007e-14,2.7000000000000011e-14
m1069376,c,h001,-1.4499999999999999e-13,-5.9999999999999997e-14
m1125969,a,h001,1.7500000000000001e-13,1.4499999999999999e-13
m1125969,b,h001,6.7000000000000005e-14,1.9099999999999999e-13
m1125969,c,h001,7.1e-14,7.9000000000000004e-14
d5565090-1_int,b,h001,-1.606e-12,1.7299999999999999e-13
d5565090-1_int,c,h001,0,0
l3029495,b,h001,-1e-14,-4.7999999999999997e-14
l2823592,a,h001,1.0200000000000007e-13,-6.8499999999999991e-13
l2823592,b,h001,-2.9999999999999973e-14,-1.3e-13
l2823592,c,h001,-4.5199999999999999e-13,-1.4100000000000001e-13
l2992624,a,h001,2.8000000000000001e-14,-7.0000000000000001e-15
l2992624,b,h001,3.5000000000000002e-14,4.7999999999999997e-14
l2992624,c,h001,-7.9000000000000004e-14,-3.2999999999999998e-14
l3232301,c,h001,-4.9000000000000006e-14,1.9999999999999978e-15
m1010017,a,h001,8.9999999999999869e-15,2.1000000000000011e-14
l3045895,c,h001,-3.6699999999999995e-13,-7.8000000000000008e-14
l2785547,b,h001,1.4999999999999999e-14,2.6999999999999999e-14
f739841,b,h001,-2.051e-12,5.2000000000000001e-13
f739841,c,h001,1.0000000000000001e-15,0
m1027109,a,h001,-8.9999999999999995e-15,2.3999999999999999e-14
l3101788,a,h001,-7.0000000000000001e-15,-1e-14
d5563942-4_int,a,h001,-1.0799999999999999e-13,-7.83e-13
d5563942-4_int,b,h001,-5.5599999999999995e-13,-4.6700000000000003e-13
d5563942-4_int,c,h001,-2.9300000000000001e-13,-4.3999999999999999e-13
q16483,a,h001,-7.59e-13,-9.3000000000000109e-14
q16483,b,h001,7.7700000000000012e-13,-2.0799999999999992e-13
q16483,c,h001,2.9400000000000001e-13,1.3770000000000001e-12
m1069514,a,h001,1.4000000000000003e-14,3.3999999999999994e-14
m1069514,b,h001,8.0000000000000006e-15,5.4000000000000003e-14
m1069514,c,h001,4.3999999999999996e-14,8.2000000000000004e-14
l2804248,b,h001,1.3000000000000001e-14,2.3e-14
l2897773,a,h001,-2.9999999999999998e-15,-5.9999999999999997e-15
m1166407,c,h001,1.1999999999999999e-14,-2.0000000000000002e-15
m1008753,b,h001,6.0000000000000005e-15,3.0000000000000006e-15
m3037538,a,h001,5.9000000000000001e-14,4.0100000000000001e-13
l3027133,a,h001,-2.36e-13,-3.1400000000000003e-13
m1069187,a,h001,-2e-14,9.9999999999999984e-15
d6290228-6_int,a,h001,1.2099999999999999e-13,-7.7600000000000003e-13
d6290228-6_int,b,h001,-1.316e-12,-5.5399999999999996e-13
d6290228-6_int,c,h001,-1.19e-12,-2.3500000000000001e-13
q16642,a,h001,-8.8000000000000029e-14,1.2400000000000003e-13
q16642,b,h001,1.2870000000000003e-12,1.5500000000000005e-13
q16642,c,h001,6.2400000000000017e-13,1.3200000000000002e-13
l3027671,a,h001,3.0000000000000002e-15,1.4e-14
l2841630,c,h001,1.000000000000002e-15,2.3000000000000003e-14
l3179678,a,h001,-2.0000000000000002e-15,-1.0000000000000001e-15
l3179678,b,h001,2.0000000000000002e-15,-1.1e-14
l3179678,c,h001,-1.0000000000000001e-15,-4.0000000000000003e-15
l2785519,a,h001,5e-15,-5.9999999999999997e-15
l3104122,a,h001,1.4999999999999999e-14,-7.0000000000000001e-15
d5534970-1_int,a,h001,1.1269999999999999e-12,-2.9000000000000003e-14
d5534970-1_int,b,h001,-1.1499999999999999e-13,1.77e-13
d5534970-1_int,c,h001,7.2900000000000002e-13,-2.5099999999999999e-13
l2841633,a,h001,5.0999999999999997e-14,-6.4000000000000005e-14
l2841633,b,h001,-1.1999999999999999e-14,1.1700000000000001e-13
l2841633,c,h001,-1.01e-13,-7.0000000000000005e-14
l3254206,b,h001,1.7999999999999999e-14,1.1999999999999999e-14
l2955074,a,h001,-4.3e-14,2.9999999999999998e-15
l2955074,b,h001,5.9999999999999997e-15,-5.4999999999999999e-14
l2955074,c,h001,-2.0000000000000002e-15,-1.4999999999999999e-14
l3010585,a,h001,8.0000000000000006e-15,9.9999999999999968e-16
l2801909,a,h001,-8.6999999999999995e-14,1.3400000000000001e-13
l2801909,b,h001,-1.0200000000000001e-13,-9.7000000000000003e-14
l2801909,c,h001,-1.0999999999999999e-13,-4.9999999999999995e-14
m1047831,b,h001,-2.9999999999999998e-15,-8.9999999999999995e-15
l2748131,b,h001,-5e-15,1.1e-14
l2729427,b,h001,1.1e-14,-1.7999999999999999e-14
l3197624,b,h001,-4.0000000000000003e-15,1e-14
l3064514,c,h001,-1.9000000000000001e-14,-2.0000000000000002e-15
l2710514,b,h001,1.0000000000000005e-15,1e-14
m4113347,a,h001,-6.9000000000000009e-14,-5.1000000000000004e-14
m4113347,b,h001,-2.9999999999999998e-14,-4.3e-14
m4113347,c,h001,-4.1000000000000015e-14,1.5899999999999998e-13
d5472341-1_int,b,h001,2.2e-13,2.2289999999999999e-12
d5472341-1_int,c,h001,0,0
f739842,b,h001,1.9e-13,-1.9910000000000003e-12
f739842,c,h001,0,0
l2897792,a,h001,9.1999999999999999e-14,-1.4999999999999999e-14
l3342743,c,h001,1.1300000000000001e-13,-1.9000000000000001e-14
l2804250,c,h001,1.2999999999999998e-14,-8.9999999999999995e-15
l2954354,a,h001,9.0000000000000011e-15,-6.9999999999999994e-15
l3141389,a,h001,1.5000000000000002e-13,4.4000000000000002e-14
l2935559,a,h001,-1.9999999999999978e-15,7.999999999999999e-15
l3254217,a,h001,-7.2000000000000021e-14,-1.0000000000000008e-14
l3254217,b,h001,1.3499999999999998e-13,1.1500000000000001e-13
l3254217,c,h001,-2.02e-13,3.4000000000000007e-14
l3082983,b,h001,8.9999999999999995e-15,2.6e-14
d5865224-1_int,b,h001,1.219e-12,-7.5100000000000003e-13
d5865224-1_int,c,h001,1.0000000000000001e-15,0
l3066821,a,h001,-1.0000000000000002e-14,-1.3000000000000001e-14
l2710515,c,h001,-1.9999999999999994e-15,8.9999999999999979e-15
l3235258,a,h001,1.4e-14,-1.1999999999999999e-14
l3235258,b,h001,4e-14,1.7999999999999999e-14
l3235258,c,h001,-2.6e-14,-7.1e-14
190-7361,a,h001,-2.6999999999999996e-13,2.1600000000000001e-13
190-7361,b,h001,-3.67e-13,-2.48e-13
190-7361,c,h001,5.6000000000000014e-14,-1.1399999999999999e-13
l3254214,b,h001,-2.0000000000000002e-15,-5e-15
d5686080-1_int,a,h001,-4.0000000000000001e-13,-2.2899999999999998e-13
d5686080-1_int,b,h001,-2.3300000000000002e-13,-6.2099999999999998e-13
d5686080-1_int,c,h001,-4.02e-13,-1.5920000000000001e-12
l2766749,a,h001,5.9999999999999997e-14,-1.3e-14
l2766749,b,h001,2.3e-14,-5.6000000000000001e-14
l2766749,c,h001,6.2000000000000001e-14,-4.0000000000000003e-15
l2692660,a,h001,-3.0000000000000006e-15,2.0000000000000009e-15
l2973150,a,h001,7.9999999999999975e-15,-2.0000000000000002e-15
d5958866-1_int,a,h001,2.02e-13,-4.9200000000000002e-13
d5958866-1_int,b,h001,5.8000000000000005e-14,9.1100000000000006e-13
d5958866-1_int,c,h001,9.3099999999999997e-13,-3.08e-13
l2861218,a,h001,-2.0999999999999999e-14,8.0000000000000006e-15
l2861218,b,h001,1.1e-14,2.0000000000000002e-15
l2861218,c,h001,-2.6e-14,0
m1026880,a,h001,8.9999999999999995e-15,1.9999999999999978e-15
l3101787,a,h001,-2.0000000000000002e-15,1.0000000000000005e-15
l2803199,a,h001,-6.4000000000000005e-14,3.4e-14
l2803199,b,h001,-2.3e-14,3.8000000000000002e-14
l2803199,c,h001,2.6e-14,3.1e-14
l2764403,a,h001,2.6999999999999999e-14,1.4999999999999999e-14
d6140776-1_int,a,h001,-1e-14,1e-14
l3177894,a,h001,-1.7e-14,-8.0000000000000006e-15
d5682346-3_int,a,h001,4.3999999999999999e-13,8.8999999999999999e-14
d5682346-3_int,b,h001,-1.31e-13,1.18e-12
d5682346-3_int,c,h001,-7.4399999999999996e-13,-8.3599999999999997e-13
d6140778-1_int,b,h001,1.43e-13,2.8200000000000001e-13
regxfmr_190-8581,a,h001,1.2300000000000001e-13,2.6299999999999999e-13
regxfmr_190-8581,b,h001,1.55e-13,6.2000000000000001e-14
regxfmr_190-8581,c,h001,8.6999999999999995e-14,1.06e-13
d5746546-1_int,b,h001,0,0
d5746546-1_int,c,h001,2.6150000000000001e-12,1.9220000000000001e-12
d5956499-2_int,a,h001,-2.6599999999999998e-13,5.0899999999999995e-13
d5956499-2_int,b,h001,-3.5300000000000001e-13,2.9000000000000003e-14
d5956499-2_int,c,h001,-4.03e-13,-8.6900000000000003e-13
hvmv_sub_hsb,a,h001,-1.0000000000000001e-15,1e-14
hvmv_sub_hsb,b,h001,-2.9999999999999998e-15,-8.0000000000000006e-15
hvmv_sub_hsb,c,h001,2.9999999999999998e-15,-7.0000000000000001e-15
regxfmr_hvmv_sub_lsb,a,h001,5.5800000000000005e-13,1.89e-13
regxfmr_hvmv_sub_lsb,b,h001,-4.0699999999999998e-13,9.7899999999999997e-13
regxfmr_hvmv_sub_lsb,c,h001,-1.89e-13,4.8900000000000004e-13
x2804253a,a,h001,-9.6735620932000005e-05,-2.4244143861e-05
x2804253a,b,h001,-9.6735621489999995e-05,-2.4244143686999999e-05
x3254213b,a,h001,0,0
x3254213b,b,h001,0,0
x3216339b,a,h001,0,0
x3216339b,b,h001,0,0
x2954355a,a,h001,-9.6741908678000006e-05,-2.4245915005e-05
x2954355a,b,h001,-9.6741909634000001e-05,-2.4245914711000001e-05
x2861197c,a,h001,-0.000110907050297,-2.7796028020999999e-05
x2861197c,b,h001,-0.000110907050122,-2.7796028216000001e-05
x2842379a,a,h001,0,0
x2842379a,b,h001,0,0
x2841636b,a,h001,-0.000106176395529,-2.6610324173999999e-05
x2841636b,b,h001,-0.00010617639523099999,-2.6610324077000002e-05
x3047289a,a,h001,1.0000000000000001e-15,0
x3047289a,b,h001,0,0
x3047289b,a,h001,1.0000000000000001e-15,0
x3047289b,b,h001,0,0
x3047289c,a,h001,1.0000000000000001e-15,0
x3047289c,b,h001,0,0
x3085399c,a,h001,-0.00011090770091,-2.7796154036999999e-05
x3085399c,b,h001,-0.000110907700775,-2.7796154235999999e-05
x3085391b,a,h001,1.0000000000000001e-15,0
x3085391b,b,h001,0,0
x2897778a,a,h001,-6.4551722474000004e-05,-1.6178238808e-05
x2897778a,b,h001,-6.4551722879999999e-05,-1.6178238696000001e-05
x3197647a,a,h001,-6.4555006993000005e-05,-1.6179011401999999e-05
x3197647a,b,h001,-6.4555007627000005e-05,-1.6179011201999999e-05
x2936275b,a,h001,-7.0726625896e-05,-1.7725761378999999e-05
x2936275b,b,h001,-7.0726625860000002e-05,-1.7725761363e-05
x2729408b,a,h001,0,0
x2729408b,b,h001,0,0
x2673310a,a,h001,-0.00016128676334,-4.0422150785999999e-05
x2673310a,b,h001,-0.00016128676426899999,-4.0422150495e-05
x3048212a,a,h001,-6.4554935694000003e-05,-1.6178967833999999e-05
x3048212a,b,h001,-6.4554936330000004e-05,-1.6178967620000001e-05
x3104133a,a,h001,-0.00016128803942700001,-4.0422651162999999e-05
x3104133a,b,h001,-0.00016128804041500001,-4.0422650879000003e-05
x2879087a,a,h001,-9.6741592644999997e-05,-2.4245726780000002e-05
x2879087a,b,h001,-9.6741593598000005e-05,-2.4245726458e-05
x2710510c,a,h001,-7.3999114789999996e-05,-1.8545987013e-05
x2710510c,b,h001,-7.3999114699999994e-05,-1.8545987152000001e-05
x3122810b,a,h001,0,0
x3122810b,b,h001,0,0
x2954352c,a,h001,0,0
x2954352c,b,h001,0,0
x2729411a,a,h001,-6.4551428734000002e-05,-1.6178108032999999e-05
x2729411a,b,h001,-6.4551429128000007e-05,-1.6178107919e-05
x3178971a,a,h001,-9.6741324043999994e-05,-2.4245611388e-05
x3178971a,b,h001,-9.6741324980999997e-05,-2.4245611080999999e-05
x3254234b,a,h001,0,0
x3254234b,b,h001,0,0
x_293471a,a,h001,-0.000161288142874,-4.0422696157e-05
x_293471a,b,h001,-0.000161288143866,-4.0422695873999998e-05
x_293471b,a,h001,0,0
x_293471b,b,h001,0,0
x_293471c,a,h001,0,0
x_293471c,b,h001,0,0
x2860482a,a,h001,-0.00016129643271899999,-4.0424609216999999e-05
x2860482a,b,h001,-0.00016129643429300001,-4.0424608701000003e-05
x2763811c,a,h001,-1.0000000000000001e-15,0
x2763811c,b,h001,0,0
x3251799a,a,h001,0,0
x3251799a,b,h001,0,0
x2898526c,a,h001,-0.00011090760621300001,-2.7796136155000001e-05
x2898526c,b,h001,-0.000110907606079,-2.7796136326000001e-05
x2897780b,a,h001,0,0
x2897780b,b,h001,0,0
x3027124c,a,h001,0,0
x3027124c,b,h001,0,0
x2954361b,a,h001,0,0
x2954361b,b,h001,0,0
x2745811c,a,h001,0,0
x2745811c,b,h001,0,0
x2841633a,a,h001,-0.00016129671145700001,-4.0424813770999999e-05
x2841633a,b,h001,-0.000161296713033,-4.0424813267e-05
x2917359a,a,h001,-9.6733011314e-05,-2.4243636586e-05
x2917359a,b,h001,-9.6733011695e-05,-2.4243636439e-05
x2748158a,a,h001,-9.673639003e-05,-2.4244447551000001e-05
x2748158a,b,h001,-9.6736390623000001e-05,-2.4244447382e-05
x2955047a,a,h001,-0.00016128694921299999,-4.0423038227999998e-05
x2955047a,b,h001,-0.00016128695009599999,-4.0423037908999998e-05
x3122837c,a,h001,0,0
x3122837c,b,h001,0,0
x2804269b,a,h001,0,0
x2804269b,b,h001,0,0
x3157708c,a,h001,-0.000110905195933,-2.7795627949999999e-05
x3157708c,b,h001,-0.00011090519559700001,-2.779562833e-05
x3179682c,a,h001,-0.000110907600875,-2.779613436e-05
x3179682c,b,h001,-0.00011090760074,-2.779613453e-05
x2822877b,a,h001,-0.000106175731512,-2.6610170908e-05
x2822877b,b,h001,-0.000106175731201,-2.6610170668000001e-05
x3141393c,a,h001,0,0
x3141393c,b,h001,0,0
x2897801a,a,h001,0,0
x2897801a,b,h001,0,0
x3217056a,a,h001,1.0000000000000001e-15,0
x3217056a,b,h001,0,0
x2936270a,a,h001,-0.000161277257425,-4.0419803630000003e-05
x2936270a,b,h001,-0.00016127725774099999,-4.0419803486999998e-05
x3235249a,a,h001,-6.4554948458999997e-05,-1.6178976127e-05
x3235249a,b,h001,-6.4554949094999998e-05,-1.6178975912999999e-05
x3217052c,a,h001,0,0
x3217052c,b,h001,0,0
x2916598a,a,h001,-6.4554935748000006e-05,-1.6178967869e-05
x2916598a,b,h001,-6.4554936382999994e-05,-1.6178967654999999e-05
x3048206a,a,h001,-0.00016128690430100001,-4.0422196098000001e-05
x3048206a,b,h001,-0.000161286905238,-4.0422195807000002e-05
x3141402c,a,h001,0,0
x3141402c,b,h001,0,0
x3235256a,a,h001,-9.6736021645000005e-05,-2.4244292858e-05
x3235256a,b,h001,-9.6736022222e-05,-2.4244292685999999e-05
x3178973a,a,h001,-0.00016129613400599999,-4.0424522503999998e-05
x3178973a,b,h001,-0.00016129613556299999,-4.0424521986000001e-05
x3197654a,a,h001,-0.00016129260520899999,-4.0423987817000001e-05
x3197654a,b,h001,-0.00016129260650999999,-4.0423987348999999e-05
x3066809c,a,h001,0,0
x3066809c,b,h001,0,0
x2766742b,a,h001,-0.000106175567617,-2.6610107926e-05
x2766742b,b,h001,-0.000106175567294,-2.6610107683e-05
x2991908a,a,h001,-9.6741266491000004e-05,-2.4245569905000002e-05
x2991908a,b,h001,-9.6741267427000006e-05,-2.4245569595e-05
x3065750b,a,h001,0,0
x3065750b,b,h001,0,0
x3085401a,a,h001,0,0
x3085401a,b,h001,0,0
x2729413a,a,h001,-9.6741481892000005e-05,-2.4245664968999998e-05
x2729413a,b,h001,-9.6741482840999999e-05,-2.4245664647e-05
x3254915b,a,h001,-3.5453771047999998e-05,-8.8855538760000001e-06
x3254915b,b,h001,-3.5453771007999999e-05,-8.8855538529999995e-06
x2748131b,a,h001,-0.000106175834596,-2.6610215643999999e-05
x2748131b,b,h001,-0.00010617583429100001,-2.6610215419000002e-05
x3066810c,a,h001,0,0
x3066810c,b,h001,0,0
x2973146b,a,h001,0,0
x2973146b,b,h001,0,0
x2973180b,a,h001,0,0
x2973180b,b,h001,0,0
x2973167b,a,h001,-0.000106175725593,-2.661010587e-05
x2973167b,b,h001,-0.000106175725275,-2.6610105622000002e-05
x2841621c,a,h001,0,0
x2841621c,b,h001,0,0
x3123509c,a,h001,-0.00011090794837600001,-2.7796202688e-05
x3123509c,b,h001,-0.000110907948285,-2.7796202760999999e-05
x2841627a,a,h001,-9.6742112866999997e-05,-2.4246042049000002e-05
x2841627a,b,h001,-9.6742113827999994e-05,-2.4246041759e-05
x3235250b,a,h001,-7.0723213645e-05,-1.7724939184999999e-05
x3235250b,b,h001,-7.0723213440000002e-05,-1.7724939027999999e-05
x3728037a,a,h001,-0.00016129634671599999,-4.0424591261999997e-05
x3728037a,b,h001,-0.000161296348285,-4.0424590745000001e-05
x3142078b,a,h001,-7.0724630732000004e-05,-1.7725254196000001e-05
x3142078b,b,h001,-7.0724630580999996e-05,-1.7725254134000001e-05
x2879066b,a,h001,-0.000106175834025,-2.6610217253000001e-05
x2879066b,b,h001,-0.00010617583372,-2.6610217029e-05
x3235254c,a,h001,0,0
x3235254c,b,h001,0,0
x2917330a,a,h001,-0.00016128233988599999,-4.0421277065000003e-05
x2917330a,b,h001,-0.00016128234051899999,-4.0421276818999999e-05
x2914323b,a,h001,-7.0723095573000001e-05,-1.7724874861000001e-05
x2914323b,b,h001,-7.0723095355999999e-05,-1.7724874698e-05
x3197640c,a,h001,-7.3997407826999998e-05,-1.8545614479e-05
x3197640c,b,h001,-7.3997407601999993e-05,-1.8545614733000001e-05
x3179673c,a,h001,-0.000110907551641,-2.7796129214e-05
x3179673c,b,h001,-0.000110907551512,-2.7796129347999999e-05
x3048228c,a,h001,0,0
x3048228c,b,h001,0,0
x3104126c,a,h001,-7.3999075054999997e-05,-1.8545970120000001e-05
x3104126c,b,h001,-7.3999074963999994e-05,-1.8545970254e-05
x2990098a,a,h001,1.0000000000000001e-15,0
x2990098a,b,h001,0,0
x2879067a,a,h001,-0.00016129623023099999,-4.0424591487000002e-05
x2879067a,b,h001,-0.00016129623178799999,-4.0424590975e-05
x3176656a,a,h001,-0.000161296089777,-4.0424490809000001e-05
x3176656a,b,h001,-0.000161296091334,-4.0424490289000003e-05
x2710532c,a,h001,-7.3997285313999995e-05,-1.8545504477999999e-05
x2710532c,b,h001,-7.3997285084000003e-05,-1.8545504732e-05
x3160115b,a,h001,1.0000000000000001e-15,0
x3160115b,b,h001,0,0
x3103822c,a,h001,0,0
x3103822c,b,h001,0,0
x2805034a,a,h001,-6.4548882253000005e-05,-1.6177491021000001e-05
x2805034a,b,h001,-6.4548882482999998e-05,-1.6177490935e-05
x3157167a,a,h001,-9.6737593624000005e-05,-2.4244641772000001e-05
x3157167a,b,h001,-9.6737594320999999e-05,-2.4244641523999999e-05
x2916620a,a,h001,-6.4553157232000006e-05,-1.6178587827e-05
x2916620a,b,h001,-6.4553157745999995e-05,-1.6178587642000002e-05
x2916620b,a,h001,-7.0723860653000006e-05,-1.7725055392000002e-05
x2916620b,b,h001,-7.0723860475000003e-05,-1.7725055254000001e-05
x2916620c,a,h001,-7.399778425e-05,-1.8545747344000002e-05
x2916620c,b,h001,-7.3997784054000005e-05,-1.8545747577000002e-05
x3027132a,a,h001,-9.6742298518999996e-05,-2.4246112176e-05
x3027132a,b,h001,-9.6742299493999997e-05,-2.4246111866999999e-05
x2822862c,a,h001,-0.000110907565514,-2.7796071362000002e-05
x2822862c,b,h001,-0.00011090756537900001,-2.7796071527e-05
x2937757c,a,h001,0,0
x2937757c,b,h001,0,0
x2860483b,a,h001,0,0
x2860483b,b,h001,0,0
x3048210a,a,h001,0,0
x3048210a,b,h001,0,0
x3312692a,a,h001,-0.00016129794861000001,-4.0425484852e-05
x3312692a,b,h001,-0.000161297950233,-4.0425484334000003e-05
x3251854a,a,h001,-0.000161291650925,-4.0423592745999998e-05
x3251854a,b,h001,-0.000161291652177,-4.0423592294000001e-05
x3085398b,a,h001,0,0
x3085398b,b,h001,0,0
x3254207a,a,h001,-9.6741714969999994e-05,-2.4245726394e-05
x3254207a,b,h001,-9.6741715929000004e-05,-2.424572609e-05
x2729424a,a,h001,-9.6738583122999995e-05,-2.4245015710000001e-05
x2729424a,b,h001,-9.6738583876999993e-05,-2.4245015439999999e-05
x3066816a,a,h001,-9.6741941648e-05,-2.4245928466000002e-05
x3066816a,b,h001,-9.6741942604999996e-05,-2.4245928171999999e-05
x2785518c,a,h001,-0.00011090770402,-2.7796168531e-05
x2785518c,b,h001,-0.000110907703885,-2.7796168731e-05
x3029503c,a,h001,-0.00011090770404300001,-2.7796168809999998e-05
x3029503c,b,h001,-0.000110907703907,-2.7796169010000002e-05
x2748140a,a,h001,-0.000161297304537,-4.0425138482999997e-05
x2748140a,b,h001,-0.000161297306141,-4.0425137954000003e-05
x2891575c,a,h001,-0.000110908188564,-2.7796223071999999e-05
x2891575c,b,h001,-0.00011090818849899999,-2.7796223104999999e-05
x2842329c,a,h001,-0.00011090707515499999,-2.7796032823000001e-05
x2842329c,b,h001,-0.00011090707498100001,-2.7796033015000001e-05
x3254212b,a,h001,0,0
x3254212b,b,h001,0,0
x3198348a,a,h001,1.0000000000000001e-15,0
x3198348a,b,h001,0,0
x2879054a,a,h001,-0.00016128413783899999,-4.0421895756999999e-05
x2879054a,b,h001,-0.00016128413856999999,-4.0421895492000002e-05
x3085388b,a,h001,-7.0723567671000003e-05,-1.7725004893e-05
x3085388b,b,h001,-7.0723567469000006e-05,-1.772500483e-05
x2991914c,a,h001,-0.000110905162439,-2.7795599394e-05
x2991914c,b,h001,-0.000110905162102,-2.7795599774000001e-05
x2785534b,a,h001,0,0
x2785534b,b,h001,0,0
x3122835b,a,h001,-0.000106176833798,-2.6610424380000001e-05
x3122835b,b,h001,-0.000106176833541,-2.6610424182999999e-05
x3085395a,a,h001,-9.6735822686e-05,-2.4244217292e-05
x3085395a,b,h001,-9.6735823254000006e-05,-2.4244217119000002e-05
x2879064a,a,h001,-0.00016128666657299999,-4.0422106924000002e-05
x2879064a,b,h001,-0.00016128666749899999,-4.0422106632000003e-05
x3066814b,a,h001,-7.0723984148999999e-05,-1.7725084108000001e-05
x3066814b,b,h001,-7.0723983976999998e-05,-1.7725083973999999e-05
x2821087a,a,h001,-1.0000000000000001e-15,0
x2821087a,b,h001,0,0
x2860479b,a,h001,-7.0723106656999998e-05,-1.7724888704e-05
x2860479b,b,h001,-7.0723106440999996e-05,-1.7724888543999999e-05
x3728042a,a,h001,0,0
x3728042a,b,h001,0,0
x2935557a,a,h001,0,0
x2935557a,b,h001,0,0
x2822864c,a,h001,-0.00011090757841999999,-2.7796094106e-05
x2822864c,b,h001,-0.00011090757828500001,-2.7796094273e-05
x3235247a,a,h001,-9.6742006254999993e-05,-2.4245947187999999e-05
x3235247a,b,h001,-9.6742007222000006e-05,-2.4245946872999999e-05
x3251807a,a,h001,-0.000161297919271,-4.0425466013999999e-05
x3251807a,b,h001,-0.00016129792089300001,-4.0425465496000002e-05
x2804282c,a,h001,-0.000110907550329,-2.7796044965000002e-05
x2804282c,b,h001,-0.00011090755019400001,-2.7796045128e-05
x2935560c,a,h001,-0.000110905015313,-2.7795466191999999e-05
x2935560c,b,h001,-0.00011090501496799999,-2.7795466572e-05
x3104145b,a,h001,-0.000106176835193,-2.6610423062000001e-05
x3104145b,b,h001,-0.000106176834936,-2.6610422864999999e-05
x3086078a,a,h001,-0.000161277258031,-4.0419804023e-05
x3086078a,b,h001,-0.000161277258347,-4.0419803881000002e-05
x2860477a,a,h001,-9.6741538386999995e-05,-2.4245701602e-05
x2860477a,b,h001,-9.6741539337000002e-05,-2.4245701280999999e-05
x3645811c,a,h001,-1.0000000000000001e-15,0
x3645811c,b,h001,0,0
x3102793b,a,h001,0,0
x3102793b,b,h001,0,0
x2991910b,a,h001,-0.000106175725528,-2.6610187070000001e-05
x2991910b,b,h001,-0.000106175725219,-2.6610186833e-05
x2710511a,a,h001,-0.000161295981363,-4.0424416633000003e-05
x2710511a,b,h001,-0.000161295982918,-4.0424416107000003e-05
x2860486c,a,h001,-0.000110907700988,-2.7796154406999999e-05
x2860486c,b,h001,-0.000110907700853,-2.7796154604999999e-05
x2935551c,a,h001,-0.000110907552111,-2.7796048042000001e-05
x2935551c,b,h001,-0.000110907551976,-2.7796048205999999e-05
x2729409b,a,h001,0,0
x2729409b,b,h001,0,0
x2973833b,a,h001,-0.000106180274902,-2.6611282520999999e-05
x2973833b,b,h001,-0.000106180274817,-2.6611282474000001e-05
x2897769c,a,h001,0,0
x2897769c,b,h001,0,0
x3216368c,a,h001,-0.000110905015024,-2.7795465973e-05
x3216368c,b,h001,-0.000110905014679,-2.7795466352e-05
x2860490a,a,h001,-0.00016128761562500001,-4.0422468163999999e-05
x2860490a,b,h001,-0.00016128761659600001,-4.0422467877000002e-05
x2861158c,a,h001,0,0
x2861158c,b,h001,0,0
x3141399c,a,h001,0,0
x3141399c,b,h001,0,0
x3122816b,a,h001,0,0
x3122816b,b,h001,0,0
x2992556c,a,h001,-0.000110908207868,-2.7796237537000001e-05
x2992556c,b,h001,-0.000110908207804,-2.7796237571999999e-05
x2897779c,a,h001,0,0
x2897779c,b,h001,0,0
x2970811a,a,h001,-0.00016129788037399999,-4.0425441074999997e-05
x2970811a,b,h001,-0.00016129788199500001,-4.0425440557e-05
x2991933c,a,h001,1.0000000000000001e-15,0
x2991933c,b,h001,0,0
x2729428a,a,h001,-9.6741963510000003e-05,-2.4245949105999999e-05
x2729428a,b,h001,-9.6741964467999999e-05,-2.4245948812999999e-05
x3254216a,a,h001,-0.000161297557665,-4.0425314725000002e-05
x3254216a,b,h001,-0.00016129755926199999,-4.0425314240000002e-05
x2897807b,a,h001,-0.000106175762435,-2.6610162484e-05
x2897807b,b,h001,-0.000106175762124,-2.6610162243000001e-05
x2898522a,a,h001,-0.00016128046878400001,-4.0420709939999999e-05
x2898522a,b,h001,-0.000161280469301,-4.0420709741000003e-05
x3048230c,a,h001,0,0
x3048230c,b,h001,0,0
x3195327a,a,h001,-9.6742302360999997e-05,-2.4246114618999999e-05
x3195327a,b,h001,-9.6742303336999998e-05,-2.4246114310000001e-05
x3047058a,a,h001,0,0
x3047058a,b,h001,0,0
x2673313b,a,h001,0,0
x2673313b,b,h001,0,0
x3649302a,a,h001,0,0
x3649302a,b,h001,0,0
x3729297a,a,h001,-0.00016129631171700001,-4.0424569076999999e-05
x3729297a,b,h001,-0.00016129631328399999,-4.0424568560000002e-05
x2858163a,a,h001,-9.6741972981999997e-05,-2.4245942711000001e-05
x2858163a,b,h001,-9.6741973946999995e-05,-2.4245942395000001e-05
x3214112b,a,h001,-0.00010617571904699999,-2.6610205997e-05
x3214112b,b,h001,-0.000106175718739,-2.6610205764e-05
x2685805a,a,h001,-0.00016129702158799999,-4.0424963326000002e-05
x2685805a,b,h001,-0.00016129702318500001,-4.0424962788999999e-05
x2991912a,a,h001,-9.6734071285999997e-05,-2.4244000594000001e-05
x2991912a,b,h001,-9.6734071726000003e-05,-2.4244000436000001e-05
x3140238a,a,h001,-0.00016129782791700001,-4.0425407791999997e-05
x3140238a,b,h001,-0.00016129782953699999,-4.0425407273e-05
x3066830b,a,h001,0,0
x3066830b,b,h001,0,0
x3160878c,a,h001,-0.000110907593455,-2.7796120956e-05
x3160878c,b,h001,-0.00011090759332,-2.7796121126e-05
x2916609c,a,h001,-0.000110907704287,-2.7796169969000001e-05
x2916609c,b,h001,-0.000110907704152,-2.7796170169000001e-05
x2876814a,a,h001,-6.4555143793000003e-05,-1.6179078091000001e-05
x2876814a,b,h001,-6.4555144436000006e-05,-1.6179077878e-05
x3197646b,a,h001,0,0
x3197646b,b,h001,0,0
x2973151a,a,h001,-9.6735626495000004e-05,-2.4244146396000002e-05
x2973151a,b,h001,-9.6735627053999993e-05,-2.4244146222e-05
x3197627c,a,h001,0,0
x3197627c,b,h001,0,0
x2764412a,a,h001,-0.00016129776538399999,-4.0425368225999998e-05
x2764412a,b,h001,-0.000161297767002,-4.0425367705e-05
x2766716c,a,h001,-0.000110905057689,-2.7795538921e-05
x2766716c,b,h001,-0.000110905057345,-2.7795539304000001e-05
x2991917b,a,h001,-7.0723662456000002e-05,-1.7725027822000001e-05
x2991917b,b,h001,-7.0723662258000006e-05,-1.7725027758000001e-05
x3254229b,a,h001,0,0
x3254229b,b,h001,0,0
x2935556b,a,h001,0,0
x2935556b,b,h001,0,0
x3197660b,a,h001,0,0
x3197660b,b,h001,0,0
x2989565a,a,h001,-0.00016128270216199999,-4.0421368659e-05
x2989565a,b,h001,-0.00016128270282200001,-4.0421368394000003e-05
x3645809c,a,h001,1.0000000000000001e-15,0
x3645809c,b,h001,0,0
x3086075b,a,h001,-0.00010618084670599999,-2.6611425962e-05
x3086075b,b,h001,-0.000106180846651,-2.6611425937999999e-05
x3122824a,a,h001,-9.6736670530000004e-05,-2.4244573837999999e-05
x3122824a,b,h001,-9.6736671134999995e-05,-2.4244573669999999e-05
x3216338b,a,h001,0,0
x3216338b,b,h001,0,0
x2729405b,a,h001,-0.00017690244770200001,-4.4335911775999999e-05
x2729405b,b,h001,-0.00017690244732799999,-4.4335911621000003e-05
x2823545a,a,h001,-0.000161286936878,-4.0423047938000001e-05
x2823545a,b,h001,-0.000161286937757,-4.0423047623000001e-05
x2916610b,a,h001,0,0
x2916610b,b,h001,0,0
x3177665a,a,h001,0,0
x3177665a,b,h001,0,0
x2803199a,a,h001,1.0000000000000001e-15,0
x2803199a,b,h001,0,0
x2803199b,a,h001,1.0000000000000001e-15,0
x2803199b,b,h001,0,0
x2803199c,a,h001,1.0000000000000001e-15,0
x2803199c,b,h001,0,0
x2691952a,a,h001,-9.6741950612000007e-05,-2.4245931061999999e-05
x2691952a,b,h001,-9.6741951570000003e-05,-2.4245930767999999e-05
x2748144a,a,h001,-0.00016129163971500001,-4.0423585691000001e-05
x2748144a,b,h001,-0.000161291640967,-4.0423585238999998e-05
x3029504b,a,h001,0,0
x3029504b,b,h001,0,0
x3197635b,a,h001,-0.00010617572338700001,-2.6610193215e-05
x3197635b,b,h001,-0.000106175723079,-2.6610192979999999e-05
x2724120c,a,h001,0,0
x2724120c,b,h001,0,0
x3235244a,a,h001,-0.000161296907933,-4.0424798989e-05
x3235244a,b,h001,-0.000161296909527,-4.0424798481e-05
x2804254a,a,h001,-0.000161296226809,-4.0424589315000002e-05
x2804254a,b,h001,-0.00016129622836699999,-4.0424588803e-05
x2820531b,a,h001,0,0
x2820531b,b,h001,0,0
x3254214b,a,h001,0,0
x3254214b,b,h001,0,0
x2691966b,a,h001,1.0000000000000001e-15,0
x2691966b,b,h001,0,0
x3122822a,a,h001,-0.00016129725508400001,-4.0425117018999999e-05
x3122822a,b,h001,-0.00016129725667499999,-4.0425116526999997e-05
x3197639a,a,h001,-0.00016129735176400001,-4.0425187045999999e-05
x3197639a,b,h001,-0.000161297353356,-4.0425186555999998e-05
x3120503a,a,h001,-9.6742335925000005e-05,-2.4246136194000001e-05
x3120503a,b,h001,-9.6742336901999994e-05,-2.4246135884e-05
x3216349b,a,h001,-0.000106175718645,-2.6610207226999999e-05
x3216349b,b,h001,-0.000106175718338,-2.6610206994999999e-05
x3027670b,a,h001,-1.0000000000000001e-15,0
x3027670b,b,h001,0,1.0000000000000001e-15
x3085392c,a,h001,-0.000110907554841,-2.7796052768000001e-05
x3085392c,b,h001,-0.00011090755470600001,-2.7796052932e-05
x3010556a,a,h001,-9.6735625100000003e-05,-2.4244142668e-05
x3010556a,b,h001,-9.6735625659000006e-05,-2.4244142494000002e-05
x3232902a,a,h001,-0.00016128592358500001,-4.0422622743000003e-05
x3232902a,b,h001,-0.000161285924413,-4.0422622445000002e-05
x3101782a,a,h001,0,0
x3101782a,b,h001,0,0
x2766715b,a,h001,-0.00010617556335,-2.6610116048e-05
x2766715b,b,h001,-0.000106175563028,-2.6610115807000001e-05
x2970804c,a,h001,0,0
x2970804c,b,h001,0,0
x3178975b,a,h001,0,0
x3178975b,b,h001,0,0
x2841648a,a,h001,-9.6742101763999994e-05,-2.4246035142999999e-05
x2841648a,b,h001,-9.6742102724000004e-05,-2.4246034853000001e-05
x3029497c,a,h001,-7.3998976744000004e-05,-1.8545893783e-05
x3029497c,b,h001,-7.3998976654000002e-05,-1.8545893893000001e-05
x3029520b,a,h001,-0.000106175719502,-2.6610204598999998e-05
x3029520b,b,h001,-0.000106175719195,-2.6610204366000001e-05
x2766744b,a,h001,0,0
x2766744b,b,h001,0,0
x3029518b,a,h001,0,0
x3029518b,b,h001,0,0
x2936214a,a,h001,-0.00016128637387900001,-4.0422803070999999e-05
x2936214a,b,h001,-0.00016128637473099999,-4.0422802764000002e-05
x2954346b,a,h001,0,0
x2954346b,b,h001,0,0
x2879061b,a,h001,-7.0723216133e-05,-1.7724932180000001e-05
x2879061b,b,h001,-7.0723215927000001e-05,-1.7724932022000002e-05
x3141394b,a,h001,-0.000176902329384,-4.4335831301000003e-05
x3141394b,b,h001,-0.000176902329029,-4.4335831025000003e-05
x3142098b,a,h001,0,0
x3142098b,b,h001,0,0
x3645812c,a,h001,0,0
x3645812c,b,h001,-1.0000000000000001e-15,0
x2916627a,a,h001,-0.000161286761058,-4.0422149758000001e-05
x2916627a,b,h001,-0.000161286761988,-4.0422149467000002e-05
x3179678b,a,h001,-0.000106178863417,-2.6610944067000001e-05
x3179678b,b,h001,-0.00010617886325799999,-2.6610943994000001e-05
x3254237a,a,h001,-0.00016128554001200001,-4.0422488513999998e-05
x3254237a,b,h001,-0.000161285540816,-4.0422488228000001e-05
x2710512b,a,h001,0,0
x2710512b,b,h001,0,0
x3104125b,a,h001,0,0
x3104125b,b,h001,0,0
x3010559a,a,h001,-9.6741731196000003e-05,-2.4245736626e-05
x3010559a,b,h001,-9.6741732154999999e-05,-2.4245736322000001e-05
x2897790c,a,h001,0,0
x2897790c,b,h001,0,0
x2711225c,a,h001,-0.00011090738588599999,-2.7796095300000001e-05
x2711225c,b,h001,-0.000110907385741,-2.7796095457e-05
x2766729a,a,h001,-0.00016128796927000001,-4.0422620841000002e-05
x2766729a,b,h001,-0.00016128797025499999,-4.0422620555999999e-05
x3235275b,a,h001,0,0
x3235275b,b,h001,0,0
x3728038a,a,h001,-0.00016129635464700001,-4.0424596291e-05
x3728038a,b,h001,-0.000161296356215,-4.0424595773999997e-05
x3048222c,a,h001,0,0
x3048222c,b,h001,0,0
x2841630c,a,h001,0,0
x2841630c,b,h001,0,0
x2991907a,a,h001,-0.00016128668533400001,-4.0422115429999997e-05
x2991907a,b,h001,-0.000161286686261,-4.0422115138999999e-05
x2973144c,a,h001,0,0
x2973144c,b,h001,0,0
x3178976a,a,h001,-9.6741970184000006e-05,-2.4245940939000001e-05
x3178976a,b,h001,-9.6741971149000004e-05,-2.4245940623000001e-05
x3159448a,a,h001,-0.00016129691894099999,-4.0424780435000002e-05
x3159448a,b,h001,-0.00016129692053899999,-4.0424779926000002e-05
x3231255c,a,h001,0,0
x3231255c,b,h001,0,0
x3197626c,a,h001,-0.000110907561065,-2.7796063594e-05
x3197626c,b,h001,-0.00011090756093,-2.7796063758999998e-05
x2802480b,a,h001,0,0
x2802480b,b,h001,0,0
x2823544a,a,h001,-0.000161286927698,-4.0423042241e-05
x2823544a,b,h001,-0.000161286928577,-4.0423041925e-05
x2841624b,a,h001,-0.000106175561139,-2.6610120287e-05
x2841624b,b,h001,-0.000106175560817,-2.6610120047000001e-05
x3101194c,a,h001,-1.0000000000000001e-15,0
x3101194c,b,h001,0,0
x2841619c,a,h001,0,0
x2841619c,b,h001,0,0
x2861218c,a,h001,0,0
x2861218c,b,h001,0,0
x2710513b,a,h001,-7.0723285181999997e-05,-1.7724962501000002e-05
x2710513b,b,h001,-7.072328498e-05,-1.7724962353000002e-05
x2879062c,a,h001,-0.000110907553247,-2.7796050007999999e-05
x2879062c,b,h001,-0.000110907553112,-2.7796050172000001e-05
x2879767b,a,h001,-7.0725611318000003e-05,-1.7725513015000002e-05
x2879767b,b,h001,-7.0725611228000001e-05,-1.7725512968e-05
x2766725c,a,h001,-0.00011090512236700001,-2.7795563605999999e-05
x2766725c,b,h001,-0.00011090512202800001,-2.7795563986999999e-05
x3141396c,a,h001,-0.000110905037555,-2.7795527456e-05
x3141396c,b,h001,-0.00011090503721,-2.7795527839000001e-05
x2879752b,a,h001,-0.00010617784179099999,-2.6610662489e-05
x2879752b,b,h001,-0.000106177841565,-2.6610662396e-05
x2991940c,a,h001,-0.000110907568173,-2.7796076034999998e-05
x2991940c,b,h001,-0.00011090756803800001,-2.7796076201000001e-05
x2673321a,a,h001,-0.00016128806235999999,-4.0422661086000002e-05
x2673321a,b,h001,-0.000161288063349,-4.0422660801999999e-05
x2673326b,a,h001,-0.00010617556106200001,-2.6610120427000001e-05
x2673326b,b,h001,-0.000106175560741,-2.6610120186999998e-05
x2925506c,a,h001,0,0
x2925506c,b,h001,0,0
x2730106c,a,h001,0,0
x2730106c,b,h001,0,0
x2820556a,a,h001,-0.00016129751952599999,-4.0425291071999999e-05
x2820556a,b,h001,-0.00016129752112199999,-4.0425290585999999e-05
x3235248c,a,h001,-0.000110904943608,-2.7795502476000001e-05
x3235248c,b,h001,-0.00011090494325299999,-2.7795502877000001e-05
x2822871b,a,h001,0,0
x2822871b,b,h001,0,0
x2955076a,a,h001,-9.6732792839e-05,-2.4243574750999999e-05
x2955076a,b,h001,-9.6732793203999995e-05,-2.4243574613999999e-05
x2955005b,a,h001,-0.00010617885165899999,-2.6610956294999999e-05
x2955005b,b,h001,-0.000106178851508,-2.6610956186000002e-05
x3254208c,a,h001,0,0
x3254208c,b,h001,0,0
x3178978a,a,h001,-9.6742026329000005e-05,-2.4245988190999999e-05
x3178978a,b,h001,-9.6742027288000001e-05,-2.42459879e-05
x3235253a,a,h001,-0.00016128669629600001,-4.0422120401000002e-05
x3235253a,b,h001,-0.00016128669722400001,-4.0422120110000003e-05
x3235241c,a,h001,0,0
x3235241c,b,h001,0,0
x3197636b,a,h001,0,0
x3197636b,b,h001,0,0
x3066811b,a,h001,0,0
x3066811b,b,h001,0,0
x3632979a,a,h001,-9.6741999957000003e-05,-2.4245943146000002e-05
x3632979a,b,h001,-9.6742000924000002e-05,-2.4245942830000002e-05
x3086074c,a,h001,-0.000110907501668,-2.7796117934999998e-05
x3086074c,b,h001,-0.000110907501531,-2.7796118085999999e-05
x2674051a,a,h001,-9.6733229144999996e-05,-2.4243692011000001e-05
x2674051a,b,h001,-9.6733229542000001e-05,-2.4243691852000001e-05
x3178981b,a,h001,0,0
x3178981b,b,h001,0,0
x3046854b,a,h001,0,0
x3046854b,b,h001,0,0
x2860506b,a,h001,-0.00010617549006699999,-2.6610080037999999e-05
x2860506b,b,h001,-0.000106175489739,-2.6610079789e-05
x3048966c,a,h001,-0.000110907750013,-2.7796165690999999e-05
x3048966c,b,h001,-0.00011090774990299999,-2.7796165793000002e-05
x2822872b,a,h001,0,0
x2822872b,b,h001,0,0
x3214071c,a,h001,0,0
x3214071c,b,h001,0,0
x2786273b,a,h001,-0.000176902446658,-4.4335911584999998e-05
x2786273b,b,h001,-0.000176902446285,-4.4335911430000003e-05
x3104853c,a,h001,0,0
x3104853c,b,h001,0,0
x2973158c,a,h001,-0.00011090768746999999,-2.7796187124e-05
x2973158c,b,h001,-0.00011090768733300001,-2.7796187323e-05
x3216123a,a,h001,-9.6741138272999998e-05,-2.4245481772999999e-05
x3216123a,b,h001,-9.6741139207e-05,-2.4245481456999999e-05
x2860485b,a,h001,-0.00010617549019699999,-2.6610079826000002e-05
x2860485b,b,h001,-0.00010617548987,-2.6610079578e-05
x3235946a,a,h001,-0.00016128689999399999,-4.0423025026999999e-05
x3235946a,b,h001,-0.00016128690087299999,-4.0423024709999999e-05
x2973148a,a,h001,-0.00016129057948400001,-4.0423177498999998e-05
x2973148a,b,h001,-0.000161290580677,-4.0423177071000002e-05
x3066829c,a,h001,0,0
x3066829c,b,h001,0,0
x3085393c,a,h001,0,0
x3085393c,b,h001,0,0
x2673322b,a,h001,-7.0723095382999994e-05,-1.7724875000999999e-05
x2673322b,b,h001,-7.0723095167000006e-05,-1.7724874838000001e-05
x3263051c,a,h001,0,0
x3263051c,b,h001,0,0
x2860500b,a,h001,-0.00010617583456,-2.6610216584e-05
x2860500b,b,h001,-0.00010617583425499999,-2.6610216359999999e-05
x3048211a,a,h001,-0.00016128786664699999,-4.0422576510999997e-05
x3048211a,b,h001,-0.00016128786762700001,-4.0422576226000001e-05
x3728041a,a,h001,-0.00016129635936799999,-4.0424599286e-05
x3728041a,b,h001,-0.00016129636093600001,-4.0424598768999997e-05
x3048199b,a,h001,-0.000106175830474,-2.6610227568999998e-05
x3048199b,b,h001,-0.00010617583017,-2.6610227347000002e-05
x3104136b,a,h001,-0.000106175872925,-2.6610144021999999e-05
x3104136b,b,h001,-0.000106175872614,-2.6610143780999999e-05
x2916599a,a,h001,-0.00016129655185899999,-4.0424719415000003e-05
x2916599a,b,h001,-0.000161296553438,-4.0424718877999999e-05
x3104134c,a,h001,0,0
x3104134c,b,h001,0,0
x2954344c,a,h001,0,0
x2954344c,b,h001,0,0
x3142099b,a,h001,0,0
x3142099b,b,h001,0,0
x2710515c,a,h001,0,0
x2710515c,b,h001,-1.0000000000000001e-15,0
x3011298c,a,h001,-7.3999025982000006e-05,-1.8545950882e-05
x3011298c,b,h001,-7.3999025893000005e-05,-1.8545950998e-05
x3066812a,a,h001,-0.00016129621468500001,-4.0424581622999997e-05
x3066812a,b,h001,-0.00016129621624200001,-4.0424581111000002e-05
x3141403a,a,h001,-0.00016129668489,-4.0424788909000001e-05
x3141403a,b,h001,-0.00016129668647500001,-4.0424788369999997e-05
x3120484c,a,h001,-0.000110905097332,-2.7795615599999999e-05
x3120484c,b,h001,-0.000110905096986,-2.7795615998999999e-05
x2860504a,a,h001,-9.6741931824000001e-05,-2.4245923301999999e-05
x2860504a,b,h001,-9.6741932780999997e-05,-2.4245923008e-05
x2766750c,a,h001,0,0
x2766750c,b,h001,0,0
x2879077b,a,h001,-0.000106175718514,-2.6610207635000001e-05
x2879077b,b,h001,-0.000106175718207,-2.6610207403000001e-05
x3159037b,a,h001,0,0
x3159037b,b,h001,0,0
x3160793c,a,h001,-0.000110906883302,-2.7795995716999999e-05
x3160793c,b,h001,-0.000110906883111,-2.7795995931e-05
x3233412a,a,h001,1.0000000000000001e-15,0
x3233412a,b,h001,0,0
x2841620b,a,h001,-0.000106176996801,-2.6610466152e-05
x2841620b,b,h001,-0.00010617699653199999,-2.6610466053999999e-05
x3253995c,a,h001,-0.00011090524137100001,-2.7795685331999999e-05
x3253995c,b,h001,-0.00011090524103599999,-2.7795685718000001e-05
x2936279c,a,h001,0,0
x2936279c,b,h001,0,0
x2804277c,a,h001,0,0
x2804277c,b,h001,0,0
x2860489a,a,h001,-9.6736670512999998e-05,-2.4244573831e-05
x2860489a,b,h001,-9.6736671118000003e-05,-2.4244573663000001e-05
x2690868c,a,h001,1.0000000000000001e-15,0
x2690868c,b,h001,0,0
x3176661c,a,h001,-7.3999398667e-05,-1.8546005125000002e-05
x3176661c,b,h001,-7.3999398624e-05,-1.8546005147000002e-05
x2766746c,a,h001,0,0
x2766746c,b,h001,0,0
x3189189b,a,h001,-0.000106175720531,-2.6610105101e-05
x3189189b,b,h001,-0.000106175720212,-2.6610104852999998e-05
x3048196b,a,h001,-0.00010617786174599999,-2.6610666057000001e-05
x3048196b,b,h001,-0.000106177861521,-2.6610665964000001e-05
x2879074a,a,h001,-9.6742010465000004e-05,-2.4245978339000002e-05
x2879074a,b,h001,-9.6742011424000001e-05,-2.4245978045999999e-05
x3067478a,a,h001,0,0
x3067478a,b,h001,0,0
x2766726b,a,h001,-0.000106176429495,-2.6610332223e-05
x2766726b,b,h001,-0.000106176429199,-2.6610332125999999e-05
x2936271a,a,h001,-9.6733007848999998e-05,-2.4243634482999998e-05
x2936271a,b,h001,-9.6733008229999998e-05,-2.4243634335999999e-05
x2917328b,a,h001,0,0
x2917328b,b,h001,0,0
x3160103c,a,h001,-0.000110905025166,-2.7795570986000002e-05
x3160103c,b,h001,-0.000110905024815,-2.7795571387999999e-05
x3448661b,a,h001,-0.00010617583070300001,-2.6610228918000002e-05
x3448661b,b,h001,-0.0001061758304,-2.6610228696999998e-05
x2991901b,a,h001,0,0
x2991901b,b,h001,0,0
x2860499b,a,h001,1.0000000000000001e-15,0
x2860499b,b,h001,0,0
x2726975b,a,h001,-0.000106175830222,-2.6610230658999998e-05
x2726975b,b,h001,-0.000106175829919,-2.6610230437999999e-05
x2673300b,a,h001,0,0
x2673300b,b,h001,0,0
x2730107c,a,h001,0,0
x2730107c,b,h001,0,0
x2916619b,a,h001,0,0
x2916619b,b,h001,0,0
x2710525c,a,h001,0,0
x2710525c,b,h001,0,0
x2804260b,a,h001,0,0
x2804260b,b,h001,0,0
x3197631a,a,h001,-9.6741212797000006e-05,-2.4245531728999999e-05
x3197631a,b,h001,-9.6741213732999995e-05,-2.4245531416e-05
x2973153a,a,h001,-9.6741162121000002e-05,-2.4245497592999999e-05
x2973153a,b,h001,-9.6741163056000005e-05,-2.4245497278e-05
x3122813a,a,h001,-9.6736083453999994e-05,-2.4244316886000001e-05
x3122813a,b,h001,-9.6736084034000004e-05,-2.4244316714e-05
x2935567b,a,h001,-0.000106176841387,-2.6610417168000002e-05
x2935567b,b,h001,-0.000106176841129,-2.6610416969999999e-05
x2917336c,a,h001,-0.000110907593364,-2.7796120784999999e-05
x2917336c,b,h001,-0.00011090759322899999,-2.7796120955e-05
x2954350c,a,h001,-0.000110907701675,-2.7796157610999999e-05
x2954350c,b,h001,-0.00011090770154,-2.7796157810000002e-05
x3234185b,a,h001,0,0
x3234185b,b,h001,0,0
x3160107a,a,h001,-0.000161284431575,-4.0422003722999997e-05
x3160107a,b,h001,-0.000161284432319,-4.0422003461000001e-05
x3141401a,a,h001,-0.00016129473541300001,-4.0423786723000001e-05
x3141401a,b,h001,-0.000161294736919,-4.0423786194e-05
x2972704c,a,h001,-0.000110907704696,-2.7796171911999999e-05
x2972704c,b,h001,-0.000110907704561,-2.7796172112999999e-05
x3197644a,a,h001,-9.6736251924000002e-05,-2.4244387577000001e-05
x3197644a,b,h001,-9.6736252512000001e-05,-2.4244387407000001e-05
x2897805a,a,h001,-0.00016129664546799999,-4.0424689363999998e-05
x2897805a,b,h001,-0.000161296647051,-4.0424688852000003e-05
x2766499c,a,h001,1.0000000000000001e-15,0
x2766499c,b,h001,0,0
x3104132a,a,h001,-9.6736704044999997e-05,-2.4244588196000001e-05
x3104132a,b,h001,-9.6736704651000002e-05,-2.4244588028000001e-05
x2989564b,a,h001,-0.00010617682876199999,-2.6610429109999999e-05
x2989564b,b,h001,-0.00010617682850500001,-2.6610428915000001e-05
x2991923a,a,h001,-0.00016128771374700001,-4.0422510359000002e-05
x2991923a,b,h001,-0.00016128771472200001,-4.0422510072999998e-05
x3217053c,a,h001,-7.3998941616999994e-05,-1.8545937109e-05
x3217053c,b,h001,-7.3998941525000005e-05,-1.8545937208999999e-05
x3216345b,a,h001,0,0
x3216345b,b,h001,0,0
x2766721a,a,h001,-0.000161284135228,-4.0421894413000001e-05
x2766721a,b,h001,-0.00016128413595900001,-4.0421894147999997e-05
x3119793b,a,h001,-0.000106176962594,-2.6610458813000001e-05
x3119793b,b,h001,-0.000106176962324,-2.6610458715e-05
x2821010a,a,h001,0,0
x2821010a,b,h001,0,0
x3104118c,a,h001,0,0
x3104118c,b,h001,0,0
x3160101a,a,h001,-0.00016129691141100001,-4.0424801175999998e-05
x3160101a,b,h001,-0.00016129691300500001,-4.0424800667999997e-05
x2692633c,a,h001,0,0
x2692633c,b,h001,0,0
x2691950c,a,h001,0,0
x2691950c,b,h001,0,0
x3160108b,a,h001,0,0
x3160108b,b,h001,0,0
x2822873b,a,h001,-7.0723958901000006e-05,-1.7725088509999999e-05
x2822873b,b,h001,-7.0723958728000004e-05,-1.7725088378000001e-05
x3048887b,a,h001,0,0
x3048887b,b,h001,0,0
x3254227b,a,h001,-7.0723960547000006e-05,-1.7725086990999999e-05
x3254227b,b,h001,-7.0723960374000005e-05,-1.7725086859000001e-05
x2992624a,a,h001,-9.6733095806999999e-05,-2.4243656957999999e-05
x2992624a,b,h001,-9.6733096194000001e-05,-2.4243656806000001e-05
x3226771a,a,h001,-9.6741904877000004e-05,-2.4245908966999999e-05
x3226771a,b,h001,-9.6741905833e-05,-2.4245908671999999e-05
x3086002c,a,h001,0,0
x3086002c,b,h001,0,0
x3045895c,a,h001,0,0
x3045895c,b,h001,0,0
x2973160b,a,h001,-0.000106175912142,-2.6610139206e-05
x2973160b,b,h001,-0.00010617591183099999,-2.6610138966000001e-05
x2764403a,a,h001,-0.00016129279801599999,-4.0424082963e-05
x2764403a,b,h001,-0.00016129279932499999,-4.0424082493999998e-05
x3122812b,a,h001,0,0
x3122812b,b,h001,0,0
x3176660b,a,h001,-0.00010617684002400001,-2.6610418493e-05
x3176660b,b,h001,-0.00010617683976600001,-2.6610418296000001e-05
x2991943c,a,h001,0,0
x2991943c,b,h001,0,0
x2691941c,a,h001,0,0
x2691941c,b,h001,0,0
x2983432a,a,h001,-0.000161296016504,-4.0424440242999998e-05
x2983432a,b,h001,-0.00016129601806000001,-4.0424439718999999e-05
x3215549b,a,h001,0,0
x3215549b,b,h001,0,0
x2955077c,a,h001,0,0
x2955077c,b,h001,0,0
x2973157a,a,h001,-0.000161297505583,-4.0425282423999999e-05
x2973157a,b,h001,-0.00016129750717800001,-4.0425281936999998e-05
x2691951c,a,h001,0,0
x2691951c,b,h001,0,0
x3030199c,a,h001,0,0
x3030199c,b,h001,0,0
x2692655c,a,h001,0,0
x2692655c,b,h001,0,0
x2785546a,a,h001,-0.00016129669617599999,-4.0424796206e-05
x2785546a,b,h001,-0.000161296697761,-4.0424795666999997e-05
x2935559a,a,h001,-0.00016128857066000001,-4.0422887664999997e-05
x2935559a,b,h001,-0.00016128857166800001,-4.0422887384000001e-05
x2972930a,a,h001,-0.00016129587660500001,-4.0424350122000001e-05
x2972930a,b,h001,-0.00016129587815899999,-4.0424349592e-05
x2822866b,a,h001,0,0
x2822866b,b,h001,0,0
x2748781a,a,h001,0,0
x2748781a,b,h001,0,0
x3645810c,a,h001,-1.0000000000000001e-15,0
x3645810c,b,h001,0,0
x2879076c,a,h001,-7.3999075892999995e-05,-1.8545974149000001e-05
x2879076c,b,h001,-7.3999075802000006e-05,-1.8545974283e-05
x2841616a,a,h001,-0.00016129674961,-4.0424731272999997e-05
x2841616a,b,h001,-0.00016129675119900001,-4.0424730762000002e-05
x2935554a,a,h001,-6.4554737329999999e-05,-1.6178866620000002e-05
x2935554a,b,h001,-6.4554737956999997e-05,-1.6178866411999999e-05
x2879075a,a,h001,-9.6742040198000002e-05,-2.4245996816999999e-05
x2879075a,b,h001,-9.6742041156999998e-05,-2.4245996526e-05
x2839305a,a,h001,-9.6731896527999997e-05,-2.4243300349999999e-05
x2839305a,b,h001,-9.6731896838000002e-05,-2.4243300230999998e-05
x2879753b,a,h001,0,0
x2879753b,b,h001,0,0
x2748129a,a,h001,0,0
x2748129a,b,h001,0,0
x2991906a,a,h001,-6.4549984509999994e-05,-1.6177854301999999e-05
x2991906a,b,h001,-6.4549984804999994e-05,-1.6177854196999999e-05
x2804247b,a,h001,0,0
x2804247b,b,h001,0,0
x3195318b,a,h001,-0.00010617784364699999,-2.6610662821999998e-05
x3195318b,b,h001,-0.000106177843421,-2.6610662728999999e-05
x3048888c,a,h001,-0.000110908189686,-2.7796223914999999e-05
x3048888c,b,h001,-0.000110908189621,-2.7796223947999999e-05
x2935552c,a,h001,-0.00011090758853800001,-2.7796112154000001e-05
x2935552c,b,h001,-0.000110907588403,-2.7796112323000001e-05
x2876797a,a,h001,-9.6741298616999998e-05,-2.4245594123e-05
x2876797a,b,h001,-9.6741299554000001e-05,-2.4245593814999999e-05
x3085389b,a,h001,0,0
x3085389b,b,h001,0,0
x2916603b,a,h001,-0.000106175831368,-2.6610224960000001e-05
x2916603b,b,h001,-0.000106175831064,-2.6610224738e-05
x2710518a,a,h001,-0.000161297292004,-4.0425130171000003e-05
x2710518a,b,h001,-0.00016129729359700001,-4.0425129679000001e-05
x3160896c,a,h001,-0.000110907050231,-2.7796027942000001e-05
x3160896c,b,h001,-0.00011090705005499999,-2.7796028136999999e-05
x2897776c,a,h001,0,0
x2897776c,b,h001,0,0
x2913406b,a,h001,0,0
x2913406b,b,h001,0,0
x2991915b,a,h001,0,0
x2991915b,b,h001,0,0
x2711224b,a,h001,-7.0725610370999997e-05,-1.7725512924e-05
x2711224b,b,h001,-7.0725610280999995e-05,-1.7725512877000002e-05
x2897766c,a,h001,0,0
x2897766c,b,h001,0,0
x2897775c,a,h001,0,0
x2897775c,b,h001,0,0
x3029495b,a,h001,-0.00010617622104699999,-2.6610281903999999e-05
x3029495b,b,h001,-0.000106176220743,-2.6610281810999999e-05
x2911069b,a,h001,-0.00010617556049,-2.6610121501e-05
x2911069b,b,h001,-0.000106175560168,-2.6610121261000001e-05
x3197633a,a,h001,-0.00016129621876899999,-4.0424584217999998e-05
x3197633a,b,h001,-0.00016129622032700001,-4.0424583706000003e-05
x3066817a,a,h001,1.0000000000000001e-15,0
x3066817a,b,h001,0,0
x2879089c,a,h001,0,0
x2879089c,b,h001,0,0
x3195315a,a,h001,-0.00016128671150700001,-4.0422127301000003e-05
x3195315a,b,h001,-0.00016128671243500001,-4.0422127009999997e-05
x2785529c,a,h001,0,0
x2785529c,b,h001,0,0
x2992656a,a,h001,0,0
x2992656a,b,h001,0,0
x2692661a,a,h001,-0.00016128046815500001,-4.0420709562e-05
x2692661a,b,h001,-0.000161280468672,-4.0420709363999997e-05
x3160114a,a,h001,-9.6738582734000005e-05,-2.4245015457000001e-05
x3160114a,b,h001,-9.6738583487000003e-05,-2.4245015186999999e-05
x3082992a,a,h001,-9.6742103483000004e-05,-2.4246036211e-05
x3082992a,b,h001,-9.6742104443000001e-05,-2.4246035921000001e-05
x2710537b,a,h001,0,0
x2710537b,b,h001,0,0
x3254238b,a,h001,0,0
x3254238b,b,h001,0,0
x2862616c,a,h001,-1.0000000000000001e-15,0
x2862616c,b,h001,0,0
x2785526b,a,h001,-0.000106176429212,-2.6610332155999998e-05
x2785526b,b,h001,-0.000106176428916,-2.6610332059000001e-05
x2915542a,a,h001,1.0000000000000001e-15,0
x2915542a,b,h001,0,0
x2915542b,a,h001,1.0000000000000001e-15,0
x2915542b,b,h001,0,0
x2915542c,a,h001,1.0000000000000001e-15,0
x2915542c,b,h001,0,0
x3122820a,a,h001,-0.00016129738217599999,-4.0425205935000003e-05
x3122820a,b,h001,-0.00016129738376799999,-4.0425205446000002e-05
x3029505c,a,h001,0,0
x3029505c,b,h001,0,0
x2785522b,a,h001,0,0
x2785522b,b,h001,0,0
x2710543c,a,h001,0,0
x2710543c,b,h001,0,0
x2917310b,a,h001,-0.00010617931775599999,-2.6611052380999999e-05
x2917310b,b,h001,-0.000106179317621,-2.6611052311e-05
x3082993a,a,h001,-0.000161297947482,-4.0425484126999997e-05
x3082993a,b,h001,-0.00016129794910499999,-4.0425483609e-05
x3729298a,a,h001,0,0
x3729298a,b,h001,0,0
x2990826a,a,h001,-0.00016128555109900001,-4.0422494205999997e-05
x2990826a,b,h001,-0.000161285551903,-4.042249392e-05
x2990826b,a,h001,0,0
x2990826b,b,h001,0,0
x2990826c,a,h001,0,0
x2990826c,b,h001,0,0
x2897792a,a,h001,-9.6738973738000003e-05,-2.4245168217000001e-05
x2897792a,b,h001,-9.6738974512999994e-05,-2.4245167937999999e-05
x2804261c,a,h001,-0.000110907938273,-2.7796228256000001e-05
x2804261c,b,h001,-0.000110907938147,-2.7796228478000001e-05
x3189190a,a,h001,-0.00016129720522200001,-4.0425090086e-05
x3189190a,b,h001,-0.00016129720681099999,-4.0425089593999998e-05
x2689691a,a,h001,-0.000161297229021,-4.0425090201999997e-05
x2689691a,b,h001,-0.000161297230623,-4.0425089671000002e-05
x3195751a,a,h001,-0.00016129674695599999,-4.0424828992000003e-05
x3195751a,b,h001,-0.00016129674854200001,-4.0424828454e-05
x2785517c,a,h001,-7.3997299803000002e-05,-1.8545543597e-05
x2785517c,b,h001,-7.3997299571999995e-05,-1.8545543852000001e-05
x2916606c,a,h001,-0.00011090757845,-2.7796094161000001e-05
x2916606c,b,h001,-0.000110907578315,-2.7796094328e-05
x3254217c,a,h001,0,0
x3254217c,b,h001,0,0
x2841641b,a,h001,-0.000106176842043,-2.6610416563e-05
x2841641b,b,h001,-0.000106176841785,-2.6610416365000001e-05
x2804256b,a,h001,-7.0723088482e-05,-1.7724866940000001e-05
x2804256b,b,h001,-7.0723088264999998e-05,-1.7724866774999999e-05
x3122818c,a,h001,0,0
x3122818c,b,h001,0,0
x2691953a,a,h001,-9.6736297637999998e-05,-2.4244407433000001e-05
x2691953a,b,h001,-9.6736298227999997e-05,-2.4244407263e-05
x2692654a,a,h001,-9.6733109215999997e-05,-2.4243660728e-05
x2692654a,b,h001,-9.6733109603999999e-05,-2.4243660575999999e-05
x3235246b,a,h001,-0.00010617583163600001,-2.6610225972e-05
x3235246b,b,h001,-0.000106175831332,-2.6610225749e-05
x2955078a,a,h001,-0.00016128196673100001,-4.0421169093999997e-05
x2955078a,b,h001,-0.00016128196733899999,-4.0421168864999998e-05
x3139598b,a,h001,0,0
x3139598b,b,h001,0,0
x2763812c,a,h001,0,0
x2763812c,b,h001,0,0
x2767414c,a,h001,-0.00011090759288699999,-2.7796119960999999e-05
x2767414c,b,h001,-0.000110907592752,-2.7796120130999999e-05
x2991918b,a,h001,0,0
x2991918b,b,h001,0,0
x3008248a,a,h001,-9.6742311349999998e-05,-2.4246120393e-05
x3008248a,b,h001,-9.6742312326e-05,-2.4246120083999999e-05
x3160865a,a,h001,-0.00016128214790800001,-4.0421218811999998e-05
x3160865a,b,h001,-0.000161282148529,-4.0421218574000003e-05
x3029510b,a,h001,-0.000106175561245,-2.6610120087e-05
x3029510b,b,h001,-0.000106175560923,-2.6610119848000001e-05
x2748126c,a,h001,0,0
x2748126c,b,h001,0,0
x3216358a,a,h001,-0.000161296664214,-4.0424775551999999e-05
x3216358a,b,h001,-0.00016129666579799999,-4.0424775013000002e-05
x2936276b,a,h001,-7.0726625951000004e-05,-1.7725761358999999e-05
x2936276b,b,h001,-7.0726625914000005e-05,-1.7725761343000001e-05
x2729207c,a,h001,1.0000000000000001e-15,0
x2729207c,b,h001,0,0
x2897768c,a,h001,0,0
x2897768c,b,h001,0,0
x2917255c,a,h001,0,0
x2917255c,b,h001,0,0
x2933120c,a,h001,0,0
x2933120c,b,h001,0,0
x2684420b,a,h001,-0.000106175831204,-2.6610225442e-05
x2684420b,b,h001,-0.0001061758309,-2.6610225219999999e-05
x2766723a,a,h001,-0.00016129725427399999,-4.0425116514e-05
x2766723a,b,h001,-0.000161297255865,-4.0425116021999998e-05
x3104120b,a,h001,-0.000106177242732,-2.6610522227000001e-05
x3104120b,b,h001,-0.000106177242475,-2.6610522129e-05
x3066813b,a,h001,-0.000106175726241,-2.6610185017999999e-05
x3066813b,b,h001,-0.000106175725932,-2.6610184781000001e-05
x2822860b,a,h001,0,0
x2822860b,b,h001,0,0
x2933135a,a,h001,-0.000161285986864,-4.0422647880000002e-05
x2933135a,b,h001,-0.000161285987695,-4.042264758e-05
x3649298a,a,h001,0,0
x3649298a,b,h001,0,0
x3104130b,a,h001,0,0
x3104130b,b,h001,0,0
x2785538a,a,h001,-0.00016129230821099999,-4.0423850861e-05
x2785538a,b,h001,-0.000161292309499,-4.0423850394999999e-05
x3122849b,a,h001,-0.000106176549635,-2.6610360747999999e-05
x3122849b,b,h001,-0.000106176549344,-2.6610360650000001e-05
x2879794a,a,h001,0,0
x2879794a,b,h001,0,0
x2879069a,a,h001,-6.4554811165000003e-05,-1.6178919839999999e-05
x2879069a,b,h001,-6.4554811791000001e-05,-1.6178919636000002e-05
x3104113a,a,h001,-0.000161286765202,-4.0422151625999998e-05
x3104113a,b,h001,-0.000161286766132,-4.0422151334999999e-05
x2861222a,a,h001,0,0
x2861222a,b,h001,0,0
x3141411c,a,h001,-1.0000000000000001e-15,0
x3141411c,b,h001,0,0
x3178982a,a,h001,-0.00016129727893699999,-4.0425122091000003e-05
x3178982a,b,h001,-0.00016129728054,-4.0425121562000002e-05
x3029498c,a,h001,-7.3999066461e-05,-1.8545933359000002e-05
x3029498c,b,h001,-7.3999066374e-05,-1.8545933479e-05
x2952013a,a,h001,-6.4554992215000001e-05,-1.6178997838999999e-05
x2952013a,b,h001,-6.4554992853000002e-05,-1.6178997624000001e-05
x2860488b,a,h001,0,0
x2860488b,b,h001,0,0
x2691945c,a,h001,0,0
x2691945c,b,h001,0,0
x3214549a,a,h001,1.0000000000000001e-15,0
x3214549a,b,h001,0,0
x2710536a,a,h001,-0.00016129684145700001,-4.0424862168000002e-05
x2710536a,b,h001,-0.000161296843049,-4.0424861627999998e-05
x2804956a,a,h001,-0.00016128637428100001,-4.0422803316999997e-05
x2804956a,b,h001,-0.00016128637513300001,-4.042280301e-05
x3160105c,a,h001,-0.00011090770202299999,-2.7796159244999999e-05
x3160105c,b,h001,-0.00011090770188700001,-2.7796159444000001e-05
x3010563a,a,h001,-9.6741952306999995e-05,-2.4245929452e-05
x3010563a,b,h001,-9.6741953270999993e-05,-2.4245929135e-05
x3649297a,a,h001,0,0
x3649297a,b,h001,0,0
x2823611a,a,h001,-9.6730483826000006e-05,-2.4242897931000001e-05
x2823611a,b,h001,-9.6730484046999996e-05,-2.4242897838000001e-05
x2860487c,a,h001,-0.00011090771557,-2.7796180334000001e-05
x2860487c,b,h001,-0.00011090771543499999,-2.7796180537000002e-05
x3197629b,a,h001,-0.000106176939762,-2.6610453874e-05
x3197629b,b,h001,-0.00010617693949100001,-2.6610453776999999e-05
x2691943b,a,h001,-0.000106175830682,-2.6610228977e-05
x2691943b,b,h001,-0.000106175830378,-2.6610228755e-05
x2673311a,a,h001,-0.00016129681447,-4.0424849489000002e-05
x2673311a,b,h001,-0.00016129681606100001,-4.0424848947999997e-05
x2767343c,a,h001,0,0
x2767343c,b,h001,0,0
x2879063b,a,h001,0,0
x2879063b,b,h001,0,0
x3254219c,a,h001,0,0
x3254219c,b,h001,0,0
x3197653b,a,h001,0,0
x3197653b,b,h001,0,0
x3251806b,a,h001,-0.000106175561392,-2.6610119804000001e-05
x3251806b,b,h001,-0.00010617556107,-2.6610119564000001e-05
x2673308b,a,h001,0,0
x2673308b,b,h001,0,0
x3254203b,a,h001,-0.000106175830464,-2.6610227602999999e-05
x3254203b,b,h001,-0.00010617583015999999,-2.6610227380999999e-05
x2814529a,a,h001,1.0000000000000001e-15,0
x2814529a,b,h001,0,0
x2814529b,a,h001,1.0000000000000001e-15,0
x2814529b,b,h001,0,0
x2814529c,a,h001,1.0000000000000001e-15,0
x2814529c,b,h001,0,0
x2823592a,a,h001,-3.2182584382000003e-05,-8.0656942290000007e-06
x2823592a,b,h001,-3.2182584437e-05,-8.0656942020000005e-06
x2727795c,a,h001,-0.00011090770471400001,-2.7796172003000001e-05
x2727795c,b,h001,-0.000110907704579,-2.7796172203000001e-05
x2955055b,a,h001,0,0
x2955055b,b,h001,0,0
x2766722b,a,h001,0,0
x2766722b,b,h001,0,0
x2804957c,a,h001,-7.3999398744999998e-05,-1.8546005184e-05
x2804957c,b,h001,-7.3999398701999998e-05,-1.8546005206e-05
x3010570a,a,h001,-9.6736634272999997e-05,-2.4244558317e-05
x3010570a,b,h001,-9.6736634877000002e-05,-2.4244558149e-05
x3649299a,a,h001,-0.000161296235661,-4.0424537978000003e-05
x3649299a,b,h001,-0.00016129623723,-4.0424537441e-05
x2766717c,a,h001,-7.3999075268999998e-05,-1.8545971038000001e-05
x2766717c,b,h001,-7.3999075178999996e-05,-1.8545971171e-05
x3254870c,a,h001,0,0
x3254870c,b,h001,0,0
x2801895b,a,h001,0,0
x2801895b,b,h001,0,0
x2673320b,a,h001,0,0
x2673320b,b,h001,0,0
x3198358b,a,h001,0,0
x3198358b,b,h001,0,0
x3064514c,a,h001,-0.000110908189901,-2.7796224076e-05
x3064514c,b,h001,-0.000110908189836,-2.7796224109e-05
x2729429a,a,h001,-0.000161296709411,-4.0424812795999997e-05
x2729429a,b,h001,-0.000161296710987,-4.0424812291999998e-05
x2785525c,a,h001,0,0
x2785525c,b,h001,0,0
x2860492c,a,h001,-0.000110907809698,-2.7796206736999999e-05
x2860492c,b,h001,-0.000110907809566,-2.7796206951e-05
x2973154a,a,h001,-9.6741315776999995e-05,-2.4245606127e-05
x2973154a,b,h001,-9.6741316713999998e-05,-2.424560582e-05
x2691973a,a,h001,-9.6741506082999998e-05,-2.4245680645e-05
x2691973a,b,h001,-9.6741507033000005e-05,-2.4245680323000001e-05
x3085394c,a,h001,-0.00011090757858599999,-2.7796094411e-05
x3085394c,b,h001,-0.000110907578451,-2.7796094577999999e-05
x2897791b,a,h001,0,0
x2897791b,b,h001,-1.0000000000000001e-15,0
x2726983a,a,h001,0,0
x2726983a,b,h001,0,0
x2711234b,a,h001,0,0
x2711234b,b,h001,0,0
x3178980c,a,h001,-0.000110907938284,-2.7796228165999999e-05
x3178980c,b,h001,-0.000110907938158,-2.7796228387999999e-05
x3728039a,a,h001,0,0
x3728039a,b,h001,0,0
x2786266a,a,h001,-9.6732002429000003e-05,-2.4243331553999999e-05
x2786266a,b,h001,-9.6732002745999996e-05,-2.4243331433e-05
x2954338b,a,h001,0,0
x2954338b,b,h001,0,0
x3254869b,a,h001,-0.00010617890349800001,-2.6610967312000002e-05
x3254869b,b,h001,-0.000106178903349,-2.6610967205000001e-05
x3198356c,a,h001,-0.000110907575866,-2.7796089547999999e-05
x3198356c,b,h001,-0.000110907575731,-2.7796089714999999e-05
x2730163c,a,h001,0,0
x2730163c,b,h001,0,0
x3048965b,a,h001,0,0
x3048965b,b,h001,0,0
x3010561a,a,h001,-9.6741553095000004e-05,-2.4245662147e-05
x3010561a,b,h001,-9.6741554046999998e-05,-2.4245661841e-05
x3160102b,a,h001,0,0
x3160102b,b,h001,0,0
x3066806c,a,h001,-0.000110907565492,-2.7796071320999998e-05
x3066806c,b,h001,-0.000110907565357,-2.7796071486000001e-05
x3216361b,a,h001,0,0
x3216361b,b,h001,0,0
x2879092c,a,h001,0,0
x2879092c,b,h001,0,0
x3104117c,a,h001,0,0
x3104117c,b,h001,0,0
x2935568b,a,h001,-0.000106175832284,-2.6610223876000001e-05
x2935568b,b,h001,-0.00010617583198,-2.6610223653000001e-05
x2710530b,a,h001,-0.000106176840959,-2.6610417548000002e-05
x2710530b,b,h001,-0.00010617684070199999,-2.6610417349999999e-05
x2841618a,a,h001,-0.00016129689213800001,-4.0424789062000002e-05
x2841618a,b,h001,-0.000161296893733,-4.0424788554000002e-05
x3728043a,a,h001,0,0
x3728043a,b,h001,0,0
x2897765b,a,h001,-0.000106175831646,-2.6610224151999998e-05
x2897765b,b,h001,-0.00010617583134199999,-2.6610223929000001e-05
x2804283a,a,h001,-0.00016128675579199999,-4.0422147384999997e-05
x2804283a,b,h001,-0.00016128675672199999,-4.0422147093999999e-05
x3150961c,a,h001,0,0
x3150961c,b,h001,0,0
x2859391b,a,h001,0,0
x2859391b,b,h001,0,0
x3254206b,a,h001,0,0
x3254206b,b,h001,0,0
x3104122a,a,h001,-0.000161286749674,-4.0422144609e-05
x3104122a,b,h001,-0.00016128675060299999,-4.0422144319000002e-05
x3254218a,a,h001,-0.00016128756985400001,-4.0422448590999999e-05
x3254218a,b,h001,-0.00016128757082300001,-4.0422448304000002e-05
x2804255b,a,h001,0,0
x2804255b,b,h001,0,0
x2766748a,a,h001,-9.6741668141000006e-05,-2.4245761713e-05
x2766748a,b,h001,-9.6741669097000002e-05,-2.4245761390000001e-05
x2691938b,a,h001,0,0
x2691938b,b,h001,0,0
x3027671a,a,h001,0,0
x3027671a,b,h001,0,0
x2860501b,a,h001,0,0
x2860501b,b,h001,0,0
x2897764b,a,h001,0,0
x2897764b,b,h001,0,0
x3068944b,a,h001,0,0
x3068944b,b,h001,0,0
x2897781a,a,h001,-6.4551428714999996e-05,-1.6178108024e-05
x2897781a,b,h001,-6.4551429108e-05,-1.617810791e-05
x2748132a,a,h001,-9.6742116577999996e-05,-2.4246044356000001e-05
x2748132a,b,h001,-9.6742117538999993e-05,-2.4246044065999999e-05
x2766727b,a,h001,-0.000106176405614,-2.6610326572e-05
x2766727b,b,h001,-0.000106176405317,-2.6610326476e-05
x2954339b,a,h001,0,0
x2954339b,b,h001,0,0
x2673316a,a,h001,-6.4550046442999996e-05,-1.6177876817999999e-05
x2673316a,b,h001,-6.4550046740999997e-05,-1.6177876712999999e-05
x3649304a,a,h001,0,0
x3649304a,b,h001,0,0
x2710508b,a,h001,-0.00010617583041100001,-2.6610227784e-05
x2710508b,b,h001,-0.000106175830107,-2.6610227562e-05
x2710520a,a,h001,-9.6736079691000005e-05,-2.4244315214e-05
x2710520a,b,h001,-9.6736080272000002e-05,-2.4244315041999999e-05
x3010567c,a,h001,-0.000110907702641,-2.7796162162000001e-05
x3010567c,b,h001,-0.000110907702505,-2.7796162361e-05
x2876798b,a,h001,0,0
x2876798b,b,h001,0,0
x3253570c,a,h001,0,0
x3253570c,b,h001,0,0
x3216350a,a,h001,-0.000161297284627,-4.0425127848000002e-05
x3216350a,b,h001,-0.000161297286219,-4.0425127356e-05
x2804257b,a,h001,-0.000106175490249,-2.6610079742999999e-05
x2804257b,b,h001,-0.000106175489921,-2.6610079495e-05
x3048937c,a,h001,-0.000110908187973,-2.7796222627999999e-05
x3048937c,b,h001,-0.00011090818790799999,-2.7796222660999999e-05
x2748157a,a,h001,0,0
x2748157a,b,h001,0,0
x3008237c,a,h001,0,0
x3008237c,b,h001,0,0
x3235258a,a,h001,-9.6741699103000006e-05,-2.4245793837e-05
x3235258a,b,h001,-9.6741700053999999e-05,-2.4245793537000001e-05
x3235258b,a,h001,0,0
x3235258b,b,h001,0,0
x3235258c,a,h001,-0.000110905070036,-2.7795516726000002e-05
x3235258c,b,h001,-0.000110905069694,-2.7795517105999998e-05
x2766738c,a,h001,0,0
x2766738c,b,h001,0,0
x2691948b,a,h001,-0.000106175719881,-2.6610203459999998e-05
x2691948b,b,h001,-0.000106175719573,-2.6610203227000001e-05
x2674052c,a,h001,-0.00011090757559000001,-2.7796089043e-05
x2674052c,b,h001,-0.000110907575455,-2.7796089211e-05
x3160868b,a,h001,0,0
x3160868b,b,h001,0,0
x3048889c,a,h001,0,0
x3048889c,b,h001,0,0
x3236004c,a,h001,-0.000110907075205,-2.7796032884e-05
x3236004c,b,h001,-0.000110907075032,-2.7796033076e-05
x3235255b,a,h001,-3.5452883307999998e-05,-8.8853313140000002e-06
x3235255b,b,h001,-3.5452883216000002e-05,-8.8853312809999997e-06
x3067447a,a,h001,-0.00016128610421199999,-4.0422694771000002e-05
x3067447a,b,h001,-0.00016128610504999999,-4.0422694469e-05
x2989432b,a,h001,0,0
x2989432b,b,h001,0,0
x2973164a,a,h001,-6.4551722766000003e-05,-1.6178238934e-05
x2973164a,b,h001,-6.4551723171999998e-05,-1.6178238822000001e-05
x3010565c,a,h001,-7.3999075004999994e-05,-1.8545969877000001e-05
x3010565c,b,h001,-7.3999074914000006e-05,-1.8545970009999999e-05
x2689678b,a,h001,-3.5452924933000001e-05,-8.8853416860000001e-06
x2689678b,b,h001,-3.5452924842999999e-05,-8.885341654e-06
x2748840b,a,h001,-0.00010618084670200001,-2.6611425964e-05
x2748840b,b,h001,-0.000106180846647,-2.661142594e-05
x2989566b,a,h001,-0.000106178618697,-2.6610907922e-05
x2989566b,b,h001,-0.00010617861853600001,-2.6610907802999999e-05
x3141388c,a,h001,-7.3999076011000006e-05,-1.8545974669999999e-05
x3141388c,b,h001,-7.3999075920000003e-05,-1.8545974804000001e-05
x2673317a,a,h001,-9.6741992964000006e-05,-2.4245967436999999e-05
x2673317a,b,h001,-9.6741993922000002e-05,-2.4245967144e-05
x2822870c,a,h001,-0.000110905122467,-2.7795563709999998e-05
x2822870c,b,h001,-0.000110905122127,-2.7795564089999999e-05
x2745799c,a,h001,0,0
x2745799c,b,h001,0,0
x2786274c,a,h001,0,0
x2786274c,b,h001,0,0
x2897772a,a,h001,-9.6736414687000007e-05,-2.4244458280000002e-05
x2897772a,b,h001,-9.6736415281999994e-05,-2.4244458110000001e-05
x2935566c,a,h001,0,0
x2935566c,b,h001,0,0
x3091052a,a,h001,0,0
x3091052a,b,h001,0,0
x3010566c,a,h001,-0.000110907701572,-2.7796157121000001e-05
x3010566c,b,h001,-0.000110907701437,-2.7796157319e-05
x3104131a,a,h001,-0.00016128851378400001,-4.0422863425000002e-05
x3104131a,b,h001,-0.00016128851479000001,-4.0422863144e-05
x3216336a,a,h001,-0.000161296581659,-4.0424738679999998e-05
x3216336a,b,h001,-0.00016129658323899999,-4.0424738144000002e-05
x2858166a,a,h001,-6.4554580564999997e-05,-1.6178775076000001e-05
x2858166a,b,h001,-6.4554581185999994e-05,-1.6178774863e-05
x2748128c,a,h001,0,0
x2748128c,b,h001,0,0
x2673318c,a,h001,0,0
x2673318c,b,h001,0,0
x2973169a,a,h001,-9.6741970831999997e-05,-2.4245941359e-05
x2973169a,b,h001,-9.6741971796999996e-05,-2.4245941043e-05
x3160106a,a,h001,-0.00016129724098800001,-4.0425118374000001e-05
x3160106a,b,h001,-0.000161297242578,-4.0425117881999999e-05
x2842384c,a,h001,-7.3998998111999997e-05,-1.8545948795000001e-05
x2842384c,b,h001,-7.3998998026999997e-05,-1.8545948881000001e-05
x2767341c,a,h001,0,0
x2767341c,b,h001,0,0
x3189188c,a,h001,1.0000000000000001e-15,0
x3189188c,b,h001,0,0
x2710544a,a,h001,-9.6742102098000007e-05,-2.4246035353999999e-05
x2710544a,b,h001,-9.6742103058000003e-05,-2.4246035064000001e-05
x3160123a,a,h001,-9.6741572211000006e-05,-2.4245669639000001e-05
x3160123a,b,h001,-9.6741573164e-05,-2.4245669333000001e-05
x2991927b,a,h001,0,0
x2991927b,b,h001,0,0
x3122847a,a,h001,-9.6741602782000002e-05,-2.4245733350000002e-05
x3122847a,b,h001,-9.6741603735999996e-05,-2.4245733028e-05
x3008232b,a,h001,-7.0723096085000003e-05,-1.7724868577999999e-05
x3008232b,b,h001,-7.0723095868000001e-05,-1.7724868414e-05
x3179607b,a,h001,0,0
x3179607b,b,h001,0,0
x2673346c,a,h001,0,0
x2673346c,b,h001,0,0
x3104127b,a,h001,0,0
x3104127b,b,h001,0,0
x3195321a,a,h001,-9.6735755712000005e-05,-2.4244691225999999e-05
x3195321a,b,h001,-9.6735756241999999e-05,-2.4244691037999999e-05
x2673303c,a,h001,-0.000110905023969,-2.7795511819000001e-05
x2673303c,b,h001,-0.000110905023624,-2.7795512201000001e-05
x2895461a,a,h001,-0.00016129673627,-4.0424822095999997e-05
x2895461a,b,h001,-0.000161296737856,-4.0424821558e-05
x3027116a,a,h001,-9.6736474397999999e-05,-2.4244484646999999e-05
x3027116a,b,h001,-9.6736474995000001e-05,-2.4244484477999999e-05
x2992657a,a,h001,-0.00016128233870599999,-4.0421276375999999e-05
x2992657a,b,h001,-0.00016128233933899999,-4.0421276130000001e-05
x3104154c,a,h001,0,0
x3104154c,b,h001,0,0
x3010580b,a,h001,-0.000106175481055,-2.6610078087999999e-05
x3010580b,b,h001,-0.000106175480727,-2.6610077839e-05
x3727710a,a,h001,0,0
x3727710a,b,h001,0,0
x2692664c,a,h001,-0.00011090758859,-2.7796112250000002e-05
x2692664c,b,h001,-0.00011090758845500001,-2.7796112419000002e-05
x3215385a,a,h001,0,0
x3215385a,b,h001,0,0
x3215385b,a,h001,1.0000000000000001e-15,0
x3215385b,b,h001,0,0
x3215385c,a,h001,0,0
x3215385c,b,h001,0,0
x2860493a,a,h001,-0.000161297252977,-4.0425115695000001e-05
x2860493a,b,h001,-0.00016129725456800001,-4.0425115202999999e-05
x3177881c,a,h001,0,0
x3177881c,b,h001,0,0
x3727709a,a,h001,0,0
x3727709a,b,h001,0,0
x2785528b,a,h001,-0.000106177007682,-2.6610468471e-05
x2785528b,b,h001,-0.00010617700741299999,-2.6610468372999999e-05
x2973171b,a,h001,0,0
x2973171b,b,h001,0,0
x2785523c,a,h001,-0.00011090770531199999,-2.7796174820000001e-05
x2785523c,b,h001,-0.000110907705176,-2.7796175021000002e-05
x3649300a,a,h001,0,0
x3649300a,b,h001,0,0
x2748133c,a,h001,-0.00011090770092599999,-2.7796154114e-05
x2748133c,b,h001,-0.00011090770079100001,-2.7796154311999999e-05
x3233353a,a,h001,-9.6741632250999996e-05,-2.4245752436000001e-05
x3233353a,b,h001,-9.6741633205000004e-05,-2.4245752113999999e-05
x2785547b,a,h001,0,0
x2785547b,b,h001,0,0
x2897800b,a,h001,-7.0723286824999997e-05,-1.7724957304999999e-05
x2897800b,b,h001,-7.0723286621999999e-05,-1.7724957155999999e-05
x2991939b,a,h001,0,0
x2991939b,b,h001,0,0
x2948732b,a,h001,-0.000106175560446,-2.6610121583e-05
x2948732b,b,h001,-0.000106175560124,-2.6610121344000001e-05
x0247162b,a,h001,-0.00010617692186399999,-2.6610449934000001e-05
x0247162b,b,h001,-0.000106176921592,-2.6610449837e-05
x2879065b,a,h001,-7.0724032821999996e-05,-1.7725116008e-05
x2879065b,b,h001,-7.0724032642000006e-05,-1.7725115943e-05
x3104121a,a,h001,-0.00016128676488000001,-4.0422151479999998e-05
x3104121a,b,h001,-0.00016128676581000001,-4.042215119e-05
x2763153a,a,h001,-0.00016128824857100001,-4.0422743953000001e-05
x2763153a,b,h001,-0.00016128824956700001,-4.0422743669999998e-05
x2766724c,a,h001,-0.00011090511258200001,-2.7795554882999999e-05
x2766724c,b,h001,-0.00011090511224200001,-2.7795555262999999e-05
x2805031c,a,h001,0,0
x2805031c,b,h001,0,0
x2805036b,a,h001,-7.0724635296999993e-05,-1.7725255012000002e-05
x2805036b,b,h001,-7.0724635146999999e-05,-1.7725254949999999e-05
x3197625c,a,h001,-0.000110906241123,-2.7795908201000001e-05
x3197625c,b,h001,-0.000110906240873,-2.7795908492e-05
x3142049c,a,h001,-7.3998348779000004e-05,-1.8545821895000002e-05
x3142049c,b,h001,-7.3998348634999998e-05,-1.854582206e-05
x3342743c,a,h001,-7.3997414165000001e-05,-1.8545638766e-05
x3342743c,b,h001,-7.3997413938999996e-05,-1.8545639025999999e-05
x2785524c,a,h001,-0.000110907703683,-2.7796167098000001e-05
x2785524c,b,h001,-0.000110907703548,-2.7796167298000001e-05
x2973166c,a,h001,0,0
x2973166c,b,h001,0,0
x3225319b,a,h001,0,0
x3225319b,b,h001,0,0
x3270814a,a,h001,-0.00016129658843700001,-4.0424743062999997e-05
x3270814a,b,h001,-0.000161296590017,-4.0424742527000001e-05
x3122814c,a,h001,-0.00011090521348400001,-2.7795698618999999e-05
x3122814c,b,h001,-0.00011090521314600001,-2.7795699006999998e-05
x2897770c,a,h001,0,0
x2897770c,b,h001,0,0
x3197634b,a,h001,0,0
x3197634b,b,h001,-1.0000000000000001e-15,0
x3030204a,a,h001,-0.00016127830349899999,-4.0420088288000001e-05
x3030204a,b,h001,-0.00016127830387999999,-4.0420088128999997e-05
x3102286b,a,h001,-1.0000000000000001e-15,0
x3102286b,b,h001,0,0
x2801909c,a,h001,-7.3999554290000001e-05,-1.8546045007e-05
x2801909c,b,h001,-7.3999554260000005e-05,-1.8546045012000002e-05
x3122811a,a,h001,-0.00016129677847600001,-4.0424742011999998e-05
x3122811a,b,h001,-0.000161296780066,-4.0424741501999997e-05
x2822869a,a,h001,-0.00016129628019800001,-4.0424571894000002e-05
x2822869a,b,h001,-0.00016129628176100001,-4.0424571381e-05
x3086098a,a,h001,1.0000000000000001e-15,0
x3086098a,b,h001,0,0
x3120504a,a,h001,-9.6742337508999999e-05,-2.4246137213e-05
x3120504a,b,h001,-9.6742338485000001e-05,-2.4246136903999999e-05
x3727712a,a,h001,-0.000161296338978,-4.0424586358000001e-05
x3727712a,b,h001,-0.00016129634054599999,-4.0424585841999998e-05
x3101789a,a,h001,-0.000161297258629,-4.0425109100999997e-05
x3101789a,b,h001,-0.00016129726023099999,-4.0425108571000003e-05
x3254210c,a,h001,-0.000110907774039,-2.7796195512000001e-05
x3254210c,b,h001,-0.00011090777390599999,-2.7796195722000001e-05
x2730187a,a,h001,0,0
x2730187a,b,h001,0,0
x3216367b,a,h001,0,0
x3216367b,b,h001,0,0
x2710509c,a,h001,-0.000110907565569,-2.7796071459999999e-05
x2710509c,b,h001,-0.000110907565434,-2.7796071626000002e-05
x3066805a,a,h001,-0.00016129690045499999,-4.0424794288000001e-05
x3066805a,b,h001,-0.00016129690205,-4.042479378e-05
x3197661c,a,h001,-0.000110905203809,-2.7795662474999998e-05
x3197661c,b,h001,-0.000110905203471,-2.7795662864000001e-05
x3179608c,a,h001,0,0
x3179608c,b,h001,0,0
x2916234a,a,h001,-6.4555306890000006e-05,-1.6179188646000001e-05
x2916234a,b,h001,-6.4555307531999996e-05,-1.6179188451999999e-05
x3085402a,a,h001,0,0
x3085402a,b,h001,0,0
x2875754c,a,h001,1.0000000000000001e-15,0
x2875754c,b,h001,0,0
x2860478b,a,h001,-0.00010617556422400001,-2.6610114376999999e-05
x2860478b,b,h001,-0.000106175563901,-2.6610114135999999e-05
x2766732b,a,h001,-7.0724019020999994e-05,-1.7725112977999999e-05
x2766732b,b,h001,-7.0724018840000004e-05,-1.7725112912999999e-05
x3198355b,a,h001,-7.0725461203999997e-05,-1.7725476215000001e-05
x3198355b,b,h001,-7.0725461106000006e-05,-1.7725476168999999e-05
x3065665a,a,h001,-0.000161286889663,-4.0423018606000003e-05
x3065665a,b,h001,-0.00016128689054199999,-4.0423018289000003e-05
x2897771b,a,h001,-0.00010617909176600001,-2.6610996785e-05
x2897771b,b,h001,-0.000106179091619,-2.6610996715000002e-05
x2785516b,a,h001,-0.000106177852746,-2.6610664452e-05
x2785516b,b,h001,-0.00010617785252,-2.6610664359000001e-05
x2729206c,a,h001,0,0
x2729206c,b,h001,0,0
x3195310a,a,h001,-0.000161288570413,-4.0422887559999997e-05
x3195310a,b,h001,-0.000161288571421,-4.0422887279000001e-05
x3232301c,a,h001,-1.0000000000000001e-15,0
x3232301c,b,h001,0,0
x3048946c,a,h001,-0.000110907749544,-2.7796165161999999e-05
x3048946c,b,h001,-0.00011090774943399999,-2.7796165264000001e-05
x2861157c,a,h001,0,0
x2861157c,b,h001,0,0
x3029183b,a,h001,-0.000106175718224,-2.6610208528e-05
x3029183b,b,h001,-0.000106175717917,-2.6610208296e-05
x3085396a,a,h001,-0.00016128750253400001,-4.0422423252999997e-05
x3085396a,b,h001,-0.0001612875035,-4.0422422965e-05
x2748146a,a,h001,-9.6735621347000003e-05,-2.4244144052000001e-05
x2748146a,b,h001,-9.6735621905000006e-05,-2.4244143877999999e-05
x2691954b,a,h001,0,0
x2691954b,b,h001,0,0
x2895449c,a,h001,0,0
x2895449c,b,h001,0,0
x2991911c,a,h001,-0.000110907699263,-2.7796181424999999e-05
x2991911c,b,h001,-0.000110907699127,-2.7796181624999999e-05
x2785515c,a,h001,0,0
x2785515c,b,h001,0,0
x2804262a,a,h001,-9.6741469069000006e-05,-2.4245656659999999e-05
x2804262a,b,h001,-9.6741470017999999e-05,-2.4245656338e-05
x0247160b,a,h001,-0.00010617692318,-2.6610450225e-05
x0247160b,b,h001,-0.000106176922908,-2.6610450127999999e-05
x2785537a,a,h001,-9.6739270793999999e-05,-2.4245309853000001e-05
x2785537a,b,h001,-9.6739271581999995e-05,-2.4245309572999999e-05
x3122819c,a,h001,0,0
x3122819c,b,h001,0,0
x2804245b,a,h001,0,0
x2804245b,b,h001,0,0
x2879068b,a,h001,0,0
x2879068b,b,h001,0,0
x2767409b,a,h001,0,0
x2767409b,b,h001,0,0
x2685809a,a,h001,-9.6740925288e-05,-2.4245366575999999e-05
x2685809a,b,h001,-9.6740926215e-05,-2.4245366257999999e-05
x3197637c,a,h001,-7.3999088134999997e-05,-1.8545980175999999e-05
x3197637c,b,h001,-7.3999088043999995e-05,-1.8545980311000002e-05
x3066818b,a,h001,0,0
x3066818b,b,h001,0,0
x2763407c,a,h001,0,0
x2763407c,b,h001,0,0
x2711226b,a,h001,0,0
x2711226b,b,h001,0,0
x3160109b,a,h001,0,0
x3160109b,b,h001,0,0
x2710516a,a,h001,-0.000161297367022,-4.0425150357000003e-05
x2710516a,b,h001,-0.00016129736862899999,-4.0425149828000003e-05
x3197641a,a,h001,-9.6741514123000006e-05,-2.4245689288000002e-05
x3197641a,b,h001,-9.6741515068999998e-05,-2.4245688984999999e-05
x2954351c,a,h001,-0.000110907700974,-2.7796154340000002e-05
x2954351c,b,h001,-0.00011090770083899999,-2.7796154539000001e-05
x2804272b,a,h001,-0.000106176842068,-2.6610416541e-05
x2804272b,b,h001,-0.00010617684181,-2.6610416343000001e-05
x2785519a,a,h001,-0.00016128674696100001,-4.0422143378999998e-05
x2785519a,b,h001,-0.00016128674789,-4.0422143087999999e-05
x2955006c,a,h001,0,0
x2955006c,b,h001,0,0
x3104123c,a,h001,-0.00011090522648000001,-2.7795681090999999e-05
x3104123c,b,h001,-0.00011090522614399999,-2.7795681477000001e-05
x2729414a,a,h001,-0.00016129704166999999,-4.0424999757999997e-05
x2729414a,b,h001,-0.000161297043255,-4.0424999262e-05
x2729414b,a,h001,0,0
x2729414b,b,h001,0,0
x2729414c,a,h001,0,0
x2729414c,b,h001,0,0
x2692660a,a,h001,0,0
x2692660a,b,h001,0,0
x2897793a,a,h001,-6.4553252911999994e-05,-1.6178630533999999e-05
x2897793a,b,h001,-6.4553253430999998e-05,-1.6178630348e-05
x3235266c,a,h001,0,0
x3235266c,b,h001,0,0
x2915534a,a,h001,0,0
x2915534a,b,h001,0,0
x2804259a,a,h001,-0.00016128843147300001,-4.0422829832999998e-05
x2804259a,b,h001,-0.000161288432475,-4.0422829551000002e-05
x2764399b,a,h001,-0.000106175546195,-2.6610087945000001e-05
x2764399b,b,h001,-0.00010617554587,-2.6610087699e-05
x2822863c,a,h001,-7.3998974362999998e-05,-1.8545889645999999e-05
x2822863c,b,h001,-7.3998974272999996e-05,-1.8545889755e-05
x3217057a,a,h001,-6.4547258397999995e-05,-1.6177029122999999e-05
x3217057a,b,h001,-6.4547258524999995e-05,-1.6177029066000001e-05
x3215203a,a,h001,1.0000000000000001e-15,0
x3215203a,b,h001,0,0
x3215203b,a,h001,1.0000000000000001e-15,0
x3215203b,b,h001,0,0
x3215203c,a,h001,1.0000000000000001e-15,0
x3215203c,b,h001,0,0
x3048221a,a,h001,-0.000161297271989,-4.0425122998000003e-05
x3048221a,b,h001,-0.000161297273581,-4.0425122506e-05
x2767408c,a,h001,-0.000110907501819,-2.779611814e-05
x2767408c,b,h001,-0.00011090750168299999,-2.7796118291000001e-05
x3122848c,a,h001,-0.00011090520370699999,-2.7795662366000001e-05
x3122848c,b,h001,-0.00011090520336899999,-2.7795662756000001e-05
x2841635a,a,h001,-9.6741329296000001e-05,-2.4245585766000002e-05
x2841635a,b,h001,-9.6741330236000005e-05,-2.4245585459000001e-05
x2973162b,a,h001,-0.000106176455726,-2.6610338398000001e-05
x2973162b,b,h001,-0.000106176455431,-2.66103383e-05
x3122821b,a,h001,0,0
x3122821b,b,h001,0,0
x3123452c,a,h001,0,0
x3123452c,b,h001,0,0
x3029500a,a,h001,-0.000161297310736,-4.0425142438e-05
x3029500a,b,h001,-0.00016129731234,-4.0425141909e-05
x3216344b,a,h001,1.0000000000000001e-15,0
x3216344b,b,h001,0,0
x2748125c,a,h001,0,0
x2748125c,b,h001,0,0
x2785520b,a,h001,-7.0724056815999993e-05,-1.7725121176000001e-05
x2785520b,b,h001,-7.0724056636000003e-05,-1.7725121111e-05
x3104119a,a,h001,-0.00016129649929000001,-4.0424631606000002e-05
x3104119a,b,h001,-0.00016129650086700001,-4.0424631092e-05
x2710517a,a,h001,-9.6742004032999998e-05,-2.4245974323999999e-05
x2710517a,b,h001,-9.6742004990999994e-05,-2.4245974032e-05
x3048227a,a,h001,-0.00016129661199499999,-4.0424675906999998e-05
x3048227a,b,h001,-0.00016129661357700001,-4.0424675394000002e-05
x3048209b,a,h001,0,0
x3048209b,b,h001,0,0
x3216370a,a,h001,-6.4551500478999998e-05,-1.6178139258000002e-05
x3216370a,b,h001,-6.4551500876000004e-05,-1.6178139144999999e-05
x3216370b,a,h001,-7.0723935209999998e-05,-1.7725091944000001e-05
x3216370b,b,h001,-7.0723935024000006e-05,-1.7725091878e-05
x3216370c,a,h001,-7.3999188146999995e-05,-1.8546002184999999e-05
x3216370c,b,h001,-7.3999188060999994e-05,-1.8546002330000001e-05
x3066819a,a,h001,-0.000161288065469,-4.0422662439000003e-05
x3066819a,b,h001,-0.00016128806645800001,-4.0422662155e-05
x2673314c,a,h001,-7.3997319256000003e-05,-1.8545596592e-05
x2673314c,b,h001,-7.3997319023999997e-05,-1.8545596860000002e-05
x3197643b,a,h001,0,0
x3197643b,b,h001,0,0
x2803194c,a,h001,0,0
x2803194c,b,h001,0,0
x2916617b,a,h001,0,0
x2916617b,b,h001,0,0
x3778577c,a,h001,0,0
x3778577c,b,h001,0,0
x2991916b,a,h001,0,0
x2991916b,b,h001,0,0
x2897554c,a,h001,1.0000000000000001e-15,0
x2897554c,b,h001,0,0
x3141397b,a,h001,0,0
x3141397b,b,h001,0,0
x2916608c,a,h001,-7.3997259958999995e-05,-1.8545548993999999e-05
x2916608c,b,h001,-7.3997259723e-05,-1.8545549262000001e-05
x3082983b,a,h001,0,0
x3082983b,b,h001,0,0
x2804248b,a,h001,-7.0723286055999994e-05,-1.7724958636e-05
x2804248b,b,h001,-7.0723285853999996e-05,-1.7724958488e-05
x2841639a,a,h001,-0.000161296485577,-4.0424676598000003e-05
x2841639a,b,h001,-0.000161296487155,-4.0424676058999999e-05
x3197645a,a,h001,-0.00016128771465199999,-4.0422510756000001e-05
x3197645a,b,h001,-0.00016128771562699999,-4.0422510469999997e-05
x2730108c,a,h001,-0.000110908218843,-2.7796245784000001e-05
x2730108c,b,h001,-0.00011090821877900001,-2.7796245818000002e-05
x2897806c,a,h001,-0.000110907549991,-2.7796044381e-05
x2897806c,b,h001,-0.00011090754985600001,-2.7796044543999998e-05
x3178977c,a,h001,-0.000110907702046,-2.7796159355e-05
x3178977c,b,h001,-0.00011090770191,-2.7796159554e-05
x2841631c,a,h001,0,0
x2841631c,b,h001,0,0
x3235945c,a,h001,0,0
x3235945c,b,h001,0,0
x2748839b,a,h001,-7.0725610031999997e-05,-1.7725512890999999e-05
x2748839b,b,h001,-7.0725609942999995e-05,-1.7725512845000002e-05
x2989571a,a,h001,-9.6742342949999999e-05,-2.4246140715e-05
x2989571a,b,h001,-9.6742343927000001e-05,-2.4246140405999999e-05
x3552667c,a,h001,0,0
x3552667c,b,h001,0,0
x3216347c,a,h001,-0.000110907705484,-2.7796175665999999e-05
x3216347c,b,h001,-0.00011090770534900001,-2.7796175866999999e-05
x2897789b,a,h001,-0.000106176828699,-2.6610429168000001e-05
x2897789b,b,h001,-0.000106176828442,-2.6610428972999999e-05
x3160100b,a,h001,-0.00010617583197200001,-2.6610223199000001e-05
x3160100b,b,h001,-0.000106175831668,-2.6610222976e-05
x2973156b,a,h001,-0.00010617572942699999,-2.6610176044e-05
x2973156b,b,h001,-0.000106175729117,-2.6610175805000001e-05
x3048214a,a,h001,-0.00016128857135900001,-4.0422887963999998e-05
x3048214a,b,h001,-0.00016128857236799999,-4.0422887683000003e-05
x2766719a,a,h001,-0.000161295981973,-4.0424417022999999e-05
x2766719a,b,h001,-0.000161295983528,-4.0424416497e-05
x2729401b,a,h001,-0.00010617556220100001,-2.6610118248999999e-05
x2729401b,b,h001,-0.000106175561879,-2.6610118009e-05
x2991640c,a,h001,-7.3998980841000005e-05,-1.8545900940000002e-05
x2991640c,b,h001,-7.3998980750000003e-05,-1.854590105e-05
x3139366a,a,h001,-0.000161278702167,-4.0420202093999998e-05
x3139366a,b,h001,-0.00016127870257299999,-4.0420201927999999e-05
x2728247a,a,h001,-6.4550554996000001e-05,-1.6178093776e-05
x2728247a,b,h001,-6.4550555320999997e-05,-1.6178093663000001e-05
x2728247b,a,h001,0,0
x2728247b,b,h001,0,0
x2728247c,a,h001,-7.3998472559000007e-05,-1.8545841986000002e-05
x2728247c,b,h001,-7.3998472427000005e-05,-1.8545842135999999e-05
x2673306c,a,h001,0,0
x2673306c,b,h001,0,0
x2954357a,a,h001,0,0
x2954357a,b,h001,0,0
x3141395c,a,h001,0,0
x3141395c,b,h001,0,0
x2876796a,a,h001,-9.6741311732999997e-05,-2.4245603549999999e-05
x2876796a,b,h001,-9.6741312669999999e-05,-2.4245603242999999e-05
x3197642c,a,h001,-0.000110904998035,-2.7795449420999999e-05
x3197642c,b,h001,-0.00011090499769,-2.7795449800999999e-05
x3254873c,a,h001,-0.000110908193608,-2.7796226853000001e-05
x3254873c,b,h001,-0.000110908193543,-2.7796226887000001e-05
x2822858b,a,h001,0,0
x2822858b,b,h001,0,0
x3728040a,a,h001,0,0
x3728040a,b,h001,0,0
x3157710b,a,h001,-0.000106175834934,-2.6610215458000001e-05
x3157710b,b,h001,-0.00010617583462900001,-2.6610215234e-05
x2710514b,a,h001,0,0
x2710514b,b,h001,0,0
x2763072b,a,h001,0,0
x2763072b,b,h001,0,0
x2710519a,a,h001,-6.4551535443999996e-05,-1.6178154498999999e-05
x2710519a,b,h001,-6.4551535842000002e-05,-1.6178154386e-05
x3727711a,a,h001,-9.6741389410000001e-05,-2.4245608258000001e-05
x3727711a,b,h001,-9.6741390353000006e-05,-2.4245607949e-05
x2691936a,a,h001,-9.6741536110999995e-05,-2.4245700125e-05
x2691936a,b,h001,-9.6741537062000003e-05,-2.4245699803999999e-05
x2841638c,a,h001,-0.0001109078097,-2.7796206797000002e-05
x2841638c,b,h001,-0.000110907809568,-2.7796207010999999e-05
x3254209c,a,h001,0,0
x3254209c,b,h001,0,0
x3010557a,a,h001,-9.6737593221999998e-05,-2.4244641514e-05
x3010557a,b,h001,-9.6737593919000005e-05,-2.4244641266000001e-05
x2820528c,a,h001,0,0
x2820528c,b,h001,0,0
x3251808a,a,h001,-9.6742269642000002e-05,-2.4246093831999999e-05
x3251808a,b,h001,-9.6742270617000003e-05,-2.4246093522000001e-05
x3649305a,a,h001,-9.6741334375999993e-05,-2.4245583212000001e-05
x3649305a,b,h001,-9.6741335318999998e-05,-2.4245582890999999e-05
x3157718a,a,h001,-9.6737343701999999e-05,-2.424455219e-05
x3157718a,b,h001,-9.6737344385000002e-05,-2.4244551948000001e-05
x3010569a,a,h001,0,0
x3010569a,b,h001,0,0
x2785527a,a,h001,-9.6736357290999999e-05,-2.4244433328999999e-05
x2785527a,b,h001,-9.6736357882999999e-05,-2.4244433158999998e-05
x3047073c,a,h001,0,0
x3047073c,b,h001,0,0
x3649306a,a,h001,0,0
x3649306a,b,h001,0,0
x2973161a,a,h001,0,0
x2973161a,b,h001,0,0
x2688692b,a,h001,-0.000106178665646,-2.6610898663e-05
x2688692b,b,h001,-0.000106178665477,-2.6610898588e-05
x3254220c,a,h001,0,0
x3254220c,b,h001,0,0
x3141389a,a,h001,-9.6741538130999994e-05,-2.4245701436000001e-05
x3141389a,b,h001,-9.6741539082000001e-05,-2.4245701115e-05
x3197618a,a,h001,-9.6741538297000007e-05,-2.4245701543999999e-05
x3197618a,b,h001,-9.6741539248e-05,-2.4245701223000001e-05
x3143999a,a,h001,-0.000161296909318,-4.0424781107000001e-05
x3143999a,b,h001,-0.000161296910914,-4.0424780598000001e-05
x2691949b,a,h001,0,0
x2691949b,b,h001,0,0
x3066807c,a,h001,-7.3998980778999999e-05,-1.8545900829e-05
x3066807c,b,h001,-7.3998980688999997e-05,-1.8545900939000002e-05
x2876812a,a,h001,-9.6742304972999995e-05,-2.4246116295999999e-05
x2876812a,b,h001,-9.6742305948999997e-05,-2.4246115986000001e-05
x2841634b,a,h001,0,0
x2841634b,b,h001,0,0
x3235245c,a,h001,-0.00011090505757799999,-2.7795538808000001e-05
x3235245c,b,h001,-0.00011090505723400001,-2.7795539190999999e-05
x3104135a,a,h001,-9.6736630482999999e-05,-2.4244558586999999e-05
x3104135a,b,h001,-9.6736631086000003e-05,-2.4244558417999999e-05
x2952014a,a,h001,-9.6741620490999999e-05,-2.4245744821e-05
x2952014a,b,h001,-9.6741621444999994e-05,-2.4245744498999999e-05
x3048205c,a,h001,0,0
x3048205c,b,h001,0,0
x2861223b,a,h001,0,0
x2861223b,b,h001,0,0
x2936268c,a,h001,-0.000110908126246,-2.7796234027000002e-05
x2936268c,b,h001,-0.000110908126172,-2.7796234075e-05
x2879055c,a,h001,-7.3999075492000001e-05,-1.8545972124000001e-05
x2879055c,b,h001,-7.3999075400999999e-05,-1.8545972257e-05
x2690941b,a,h001,0,0
x2690941b,b,h001,0,0
x2897773a,a,h001,-6.4554741529000007e-05,-1.6178869474e-05
x2897773a,b,h001,-6.4554742155000004e-05,-1.6178869266000001e-05
x3104850c,a,h001,0,0
x3104850c,b,h001,0,0
x3139086b,a,h001,0,0
x3139086b,b,h001,0,0
x3727707a,a,h001,-0.00016129632991399999,-4.0424580608999997e-05
x3727707a,b,h001,-0.00016129633148200001,-4.0424580093000001e-05
x3030126c,a,h001,0,0
x3030126c,b,h001,0,0
x2879079b,a,h001,-0.000106176364921,-2.6610316872000001e-05
x2879079b,b,h001,-0.000106176364622,-2.6610316776000001e-05
x3066821a,a,h001,-0.000161297302843,-4.0425137391999999e-05
x3066821a,b,h001,-0.000161297304447,-4.0425136862999998e-05
x3254204a,a,h001,-9.6741448594000001e-05,-2.4245623922000001e-05
x3254204a,b,h001,-9.6741449539999993e-05,-2.4245623614000001e-05
x2748135a,a,h001,-0.00016128843290599999,-4.0422828970999999e-05
x2748135a,b,h001,-0.000161288433909,-4.0422828689000003e-05
x2841623a,a,h001,-9.6741952524999998e-05,-2.4245929593000001e-05
x2841623a,b,h001,-9.6741953489999996e-05,-2.4245929277000001e-05
x2954349b,a,h001,0,0
x2954349b,b,h001,0,0
x2801902b,a,h001,0,0
x2801902b,b,h001,0,0
x2729434b,a,h001,-0.000106175510956,-2.6610082895999998e-05
x2729434b,b,h001,-0.000106175510629,-2.6610082648e-05
x3048962a,a,h001,0,0
x3048962a,b,h001,0,0
x2857591a,a,h001,-9.6741599613e-05,-2.4245731295999999e-05
x2857591a,b,h001,-9.6741600565999994e-05,-2.4245730974000001e-05
x3048890c,a,h001,0,0
x3048890c,b,h001,0,0
x2936211c,a,h001,-0.000110907075226,-2.7796032909000001e-05
x2936211c,b,h001,-0.000110907075053,-2.7796033100999998e-05
x2820535b,a,h001,0,0
x2820535b,b,h001,0,0
x3097861c,a,h001,-7.3998103011000004e-05,-1.8545799559999999e-05
x3097861c,b,h001,-7.3998102844000004e-05,-1.8545799754e-05
x3141390b,a,h001,0,0
x3141390b,b,h001,0,0
x3141412a,a,h001,-9.6741965586000006e-05,-2.4245937986000001e-05
x3141412a,b,h001,-9.6741966550000004e-05,-2.4245937670000001e-05
x2991920a,a,h001,-9.6736662832999998e-05,-2.4244570541000001e-05
x2991920a,b,h001,-9.6736663437000002e-05,-2.4244570373000001e-05
x3160861c,a,h001,-7.3998800544000006e-05,-1.8545909372e-05
x3160861c,b,h001,-7.3998800441e-05,-1.8545909483999999e-05
x2876813a,a,h001,-0.000161296633182,-4.0424755529999997e-05
x2876813a,b,h001,-0.00016129663476500001,-4.042475499e-05
x2729410c,a,h001,0,0
x2729410c,b,h001,0,0
x2841637c,a,h001,0,0
x2841637c,b,h001,0,0
x3122817c,a,h001,-0.00011090506254700001,-2.7795600476999999e-05
x3122817c,b,h001,-0.000110905062198,-2.7795600877999999e-05
x3086079b,a,h001,-7.0726625952000004e-05,-1.7725761357999999e-05
x3086079b,b,h001,-7.0726625916000006e-05,-1.7725761342e-05
x3179699b,a,h001,0,0
x3179699b,b,h001,0,0
x3085390b,a,h001,-0.000106175831963,-2.6610223223000002e-05
x3085390b,b,h001,-0.000106175831659,-2.6610223000000001e-05
x2897767c,a,h001,0,0
x2897767c,b,h001,0,0
x3104124b,a,h001,-0.000106175546033,-2.6610088206e-05
x3104124b,b,h001,-0.00010617554570699999,-2.6610087958999999e-05
x2804251a,a,h001,-6.4551177692000002e-05,-1.6178007685999999e-05
x2804251a,b,h001,-6.4551178074000003e-05,-1.6178007569999999e-05
x3066808c,a,h001,-0.000110905037295,-2.7795527189999999e-05
x3066808c,b,h001,-0.00011090503694999999,-2.7795527574e-05
x2897774b,a,h001,-0.000106175727502,-2.6610181404000001e-05
x2897774b,b,h001,-0.000106175727193,-2.6610181165999999e-05
x3104115b,a,h001,-7.0723557527999998e-05,-1.7725002399999999e-05
x3104115b,b,h001,-7.0723557326e-05,-1.7725002337999999e-05
x0247171b,a,h001,-0.000106176918397,-2.6610449166999999e-05
x0247171b,b,h001,-0.000106176918125,-2.6610449070999998e-05
x3214055c,a,h001,-0.000110907960373,-2.7796238710000002e-05
x3214055c,b,h001,-0.000110907960248,-2.7796238932999999e-05
x3104830c,a,h001,-7.3998321954000005e-05,-1.8545816718000002e-05
x3104830c,b,h001,-7.3998321807999999e-05,-1.8545816886000002e-05
x3254211b,a,h001,0,0
x3254211b,b,h001,0,0
x2729407b,a,h001,-0.000106176956643,-2.6610457529999999e-05
x2729407b,b,h001,-0.00010617695637199999,-2.6610457433000001e-05
x3027133a,a,h001,-0.00016129669094500001,-4.0424792824999998e-05
x3027133a,b,h001,-0.00016129669252999999,-4.0424792286000001e-05
x2691944a,a,h001,-0.000161297370093,-4.0425152319999997e-05
x2691944a,b,h001,-0.00016129737169999999,-4.0425151791999997e-05
x2745806c,a,h001,0,0
x2745806c,b,h001,0,0
x2878848c,a,h001,0,0
x2878848c,b,h001,0,0
x2991909a,a,h001,-0.000161296875353,-4.0424879938999999e-05
x2991909a,b,h001,-0.000161296876947,-4.0424879398000002e-05
x2726973a,a,h001,-0.00016129631703100001,-4.0424567067999997e-05
x2726973a,b,h001,-0.000161296318599,-4.0424566551e-05
x2691947a,a,h001,-6.4555336548999994e-05,-1.6179207145000001e-05
x2691947a,b,h001,-6.4555337191999997e-05,-1.6179206952e-05
x2952007c,a,h001,0,0
x2952007c,b,h001,0,0
x3198347c,a,h001,-0.000110907749527,-2.7796165142999999e-05
x3198347c,b,h001,-0.000110907749417,-2.7796165245000002e-05
x2916625b,a,h001,0,0
x2916625b,b,h001,0,0
x2820533a,a,h001,-0.00016129231669999999,-4.0423856373000002e-05
x2820533a,b,h001,-0.000161292317988,-4.0423855906000001e-05
x2785531a,a,h001,-9.6741573923e-05,-2.4245714654999999e-05
x2785531a,b,h001,-9.6741574875999995e-05,-2.4245714332000001e-05
x3120502a,a,h001,-9.6741622104000002e-05,-2.4245745864e-05
x3120502a,b,h001,-9.6741623057999997e-05,-2.4245745542999999e-05
x3252336b,a,h001,0,0
x3252336b,b,h001,0,0
x2954353a,a,h001,-0.000161295560394,-4.0424181743000001e-05
x2954353a,b,h001,-0.000161295561936,-4.0424181209999999e-05
x2673312a,a,h001,-0.00016129737214900001,-4.0425153634999999e-05
x2673312a,b,h001,-0.00016129737375700001,-4.0425153106999999e-05
x2766720a,a,h001,-0.00016129699604100001,-4.0424945585000001e-05
x2766720a,b,h001,-0.000161296997638,-4.0424945045999997e-05
x2879070b,a,h001,-0.00010617582969999999,-2.6610123381000001e-05
x2879070b,b,h001,-0.000106175829386,-2.6610123139000001e-05
x3179674b,a,h001,0,0
x3179674b,b,h001,0,0
x3029506b,a,h001,-7.0723339901999999e-05,-1.7724902779999999e-05
x3029506b,b,h001,-7.0723339694e-05,-1.7724902620000002e-05
x3216348a,a,h001,-9.6742106973000001e-05,-2.4246038384e-05
x3216348a,b,h001,-9.6742107933999998e-05,-2.4246038093000001e-05
x3048231b,a,h001,1.0000000000000001e-15,0
x3048231b,b,h001,0,0
x3065696a,a,h001,-0.00016129732804,-4.0425153475000002e-05
x3065696a,b,h001,-0.000161297329644,-4.0425152946000002e-05
x3178974b,a,h001,-0.000106175830743,-2.6610228800000001e-05
x3178974b,b,h001,-0.00010617583044,-2.6610228578000001e-05
x2916607c,a,h001,0,0
x2916607c,b,h001,0,0
x3197652a,a,h001,-0.000161291649909,-4.0423592086000002e-05
x3197652a,b,h001,-0.00016129165116200001,-4.0423591633999999e-05
x2691939b,a,h001,0,0
x2691939b,b,h001,0,0
x2858175a,a,h001,-9.6742324588999995e-05,-2.4246128901e-05
x2858175a,b,h001,-9.6742325564999997e-05,-2.4246128591999999e-05
x3085400c,a,h001,0,0
x3085400c,b,h001,0,0
x3178969b,a,h001,-0.000106175562224,-2.6610118208e-05
x3178969b,b,h001,-0.00010617556190100001,-2.6610117968e-05
x2748139b,a,h001,-0.000106175561327,-2.6610119927e-05
x2748139b,b,h001,-0.000106175561004,-2.6610119687e-05
x3235242c,a,h001,0,0
x3235242c,b,h001,0,0
x2729412a,a,h001,-0.00016128841379499999,-4.0422820212999997e-05
x2729412a,b,h001,-0.000161288414796,-4.0422819931000002e-05
x3082981c,a,h001,-0.000110907556546,-2.7796055716e-05
x3082981c,b,h001,-0.000110907556411,-2.7796055880000001e-05
x2766747a,a,h001,-0.000161297325457,-4.0425151816999998e-05
x2766747a,b,h001,-0.000161297327061,-4.0425151287999997e-05
x3179646b,a,h001,0,0
x3179646b,b,h001,0,0
x3235251c,a,h001,-0.000110907702012,-2.7796159190000001e-05
x3235251c,b,h001,-0.000110907701876,-2.7796159389000001e-05
x2766749b,a,h001,0,0
x2766749b,b,h001,0,0
x3010568a,a,h001,-0.00016129513407500001,-4.0423975648000001e-05
x3010568a,b,h001,-0.000161295135598,-4.0423975118e-05
x2991902b,a,h001,0,0
x2991902b,b,h001,0,0
x2954348a,a,h001,-0.00016129657023699999,-4.0424731294999997e-05
x2954348a,b,h001,-0.00016129657181700001,-4.0424730758000001e-05
x2860484b,a,h001,-0.000106175836966,-2.6610208929e-05
x2860484b,b,h001,-0.00010617583665999999,-2.6610208702999999e-05
x2879078a,a,h001,-9.6741941388999998e-05,-2.4245927543e-05
x2879078a,b,h001,-9.6741942346999994e-05,-2.4245927249e-05
x3649301a,a,h001,0,0
x3649301a,b,h001,0,0
x2804252a,a,h001,-0.00016128856925500001,-4.0422887066000001e-05
x2804252a,b,h001,-0.00016128857026300001,-4.0422886784999999e-05
x2783231b,a,h001,0,0
x2783231b,b,h001,0,0
x2710504b,a,h001,0,0
x2710504b,b,h001,0,0
x2935547b,a,h001,-0.000106176828662,-2.6610429201999998e-05
x2935547b,b,h001,-0.000106176828405,-2.6610429006e-05
x3048201b,a,h001,0,0
x3048201b,b,h001,0,0
x2804250c,a,h001,0,0
x2804250c,b,h001,0,0
x3081380a,a,h001,-9.6732821195000002e-05,-2.4243582117000001e-05
x3081380a,b,h001,-9.6732821562999999e-05,-2.4243581978e-05
x3172805a,a,h001,-0.000161297291264,-4.0425130319000003e-05
x3172805a,b,h001,-0.000161297292856,-4.0425129827000001e-05
x2822867b,a,h001,-0.000106175726799,-2.6610183416e-05
x2822867b,b,h001,-0.00010617572649,-2.6610183179000002e-05
x2991922a,a,h001,-9.6736223426999995e-05,-2.4244375149e-05
x2991922a,b,h001,-9.6736224012999994e-05,-2.4244374978999999e-05
x3010560b,a,h001,0,0
x3010560b,b,h001,0,0
x2785536b,a,h001,-0.000106176841028,-2.6610417483000001e-05
x2785536b,b,h001,-0.000106176840771,-2.6610417284999998e-05
x3160872c,a,h001,0,0
x3160872c,b,h001,0,0
x2973178b,a,h001,-0.00010617576245799999,-2.6610162439e-05
x2973178b,b,h001,-0.000106175762148,-2.6610162199e-05
x2731712b,a,h001,0,0
x2731712b,b,h001,0,0
x2841628a,a,h001,-0.00016128429615799999,-4.0421953137000002e-05
x2841628a,b,h001,-0.00016128429689600001,-4.0421952873999998e-05
x2748152b,a,h001,-0.000106175523168,-2.6610084179000001e-05
x2748152b,b,h001,-0.00010617552284100001,-2.6610083931999999e-05
x2916602a,a,h001,-0.00016129057822600001,-4.0423176694000003e-05
x2916602a,b,h001,-0.000161290579419,-4.0423176266000001e-05
x2929261a,a,h001,-9.6741195702000003e-05,-2.4245520106999999e-05
x2929261a,b,h001,-9.6741196637000005e-05,-2.4245519792999999e-05
x2710521a,a,h001,-0.00016128750116899999,-4.0422422649e-05
x2710521a,b,h001,-0.00016128750213500001,-4.0422422362000002e-05
x3142079b,a,h001,-0.000106179317215,-2.6611052325999998e-05
x3142079b,b,h001,-0.00010617931707999999,-2.6611052256e-05
x2879072b,a,h001,-0.00010617572516299999,-2.6610188121e-05
x2879072b,b,h001,-0.000106175724854,-2.6610187883999999e-05
x2729427b,a,h001,-0.000106175834315,-2.6610216441000001e-05
x2729427b,b,h001,-0.00010617583401,-2.6610216217e-05
x2954347b,a,h001,0,0
x2954347b,b,h001,0,0
x2767340a,a,h001,-1.0000000000000001e-15,0
x2767340a,b,h001,0,0
x2767340b,a,h001,-1.0000000000000001e-15,0
x2767340b,b,h001,0,0
x2767340c,a,h001,-1.0000000000000001e-15,0
x2767340c,b,h001,0,0
x3104157c,a,h001,0,0
x3104157c,b,h001,0,0
x3122815b,a,h001,-0.000106175485949,-2.6610078814999999e-05
x3122815b,b,h001,-0.000106175485621,-2.6610078567e-05
x2916605c,a,h001,-0.00011090757862899999,-2.7796094490000002e-05
x2916605c,b,h001,-0.000110907578494,-2.7796094657000001e-05
x3234149a,a,h001,-0.00161242347563,-0.00040411093068700002
x3234149a,b,h001,-0.0016124234796739999,-0.00040411092898000003
x3234149b,a,h001,0,0
x3234149b,b,h001,0,-1.0000000000000001e-15
x3234149c,a,h001,0,0
x3234149c,b,h001,-1.0000000000000001e-15,-1.0000000000000001e-15
x3160862c,a,h001,-0.00011090727594900001,-2.7796072433e-05
x3160862c,b,h001,-0.000110907275794,-2.7796072602e-05
x3233413b,a,h001,1.0000000000000001e-15,0
x3233413b,b,h001,0,0
x2822865c,a,h001,-7.3998992441000005e-05,-1.8545921431000002e-05
x2822865c,b,h001,-7.3998992352000004e-05,-1.8545921543000001e-05
x2879081a,a,h001,-9.6741939322999998e-05,-2.4245927010999998e-05
x2879081a,b,h001,-9.6741940279999994e-05,-2.4245926716999999e-05
x2691946b,a,h001,-0.000106177873881,-2.6610668210000001e-05
x2691946b,b,h001,-0.000106177873656,-2.6610668116999999e-05
x2806553c,a,h001,0,0
x2806553c,b,h001,0,0
x3254215c,a,h001,-0.000110907700915,-2.779615406e-05
x3254215c,b,h001,-0.000110907700779,-2.7796154258999999e-05
x2951995c,a,h001,-1.0000000000000001e-15,0
x2951995c,b,h001,0,0
x3197628c,a,h001,0,0
x3197628c,b,h001,0,0
x2673343b,a,h001,-0.000106175833173,-2.6610219711000002e-05
x2673343b,b,h001,-0.000106175832868,-2.6610219487000001e-05
x3160864b,a,h001,-0.00010617949272,-2.6611094443e-05
x3160864b,b,h001,-0.000106179492595,-2.6611094373000002e-05
x2730149c,a,h001,-0.000110906807633,-2.7795982014999998e-05
x2730149c,b,h001,-0.000110906807435,-2.7795982238999999e-05
x3160113b,a,h001,0,0
x3160113b,b,h001,0,0
x3010585a,a,h001,0,0
x3010585a,b,h001,0,0
x2766730b,a,h001,-0.000106175545227,-2.661009756e-05
x2766730b,b,h001,-0.00010617554490200001,-2.6610097316e-05
x3160871c,a,h001,0,0
x3160871c,b,h001,0,0
x3104129a,a,h001,0,0
x3104129a,b,h001,0,0
x3254205c,a,h001,0,0
x3254205c,b,h001,0,0
x2785511a,a,h001,-0.00016128999345299999,-4.0422964401999998e-05
x2785511a,b,h001,-0.000161289994612,-4.0422963988e-05
x2822857b,a,h001,-0.000106175564341,-2.6610114163000001e-05
x2822857b,b,h001,-0.00010617556401799999,-2.6610113922000002e-05
x3067448c,a,h001,0,0
x3067448c,b,h001,0,0
x2955081a,a,h001,-9.6733257474000003e-05,-2.4243699207999999e-05
x2955081a,b,h001,-9.6733257872999996e-05,-2.4243699046999998e-05
x3235268c,a,h001,0,0
x3235268c,b,h001,0,0
x2842330c,a,h001,0,0
x2842330c,b,h001,0,0
x2821770a,a,h001,0,0
x2821770a,b,h001,0,0
x2691959b,a,h001,-0.00070724016423599995,-0.000177251122636
x2691959b,b,h001,-0.00070724016243199996,-0.00017725112200599999
x3011229a,a,h001,-9.6735747231000004e-05,-2.4244685930999998e-05
x3011229a,b,h001,-9.6735747759999998e-05,-2.4244685741999999e-05
x2936216c,a,h001,-7.3999417335999994e-05,-1.8546019157e-05
x2936216c,b,h001,-7.3999417292999994e-05,-1.8546019180000001e-05
x2879073c,a,h001,-0.00011090770311899999,-2.7796164423999999e-05
x2879073c,b,h001,-0.000110907702983,-2.7796164622999998e-05
x2935553b,a,h001,0,0
x2935553b,b,h001,0,0
x2748130b,a,h001,0,0
x2748130b,b,h001,0,0
x3085410b,a,h001,-0.000106176841731,-2.6610416853999999e-05
x3085410b,b,h001,-0.000106176841474,-2.6610416656e-05
x2916618b,a,h001,0,0
x2916618b,b,h001,0,0
x3010564c,a,h001,-0.000110904936933,-2.7795495655999999e-05
x3010564c,b,h001,-0.000110904936578,-2.7795496056999999e-05
x3217064b,a,h001,0,0
x3217064b,b,h001,0,0
x3048968c,a,h001,0,0
x3048968c,b,h001,0,0
x2673319c,a,h001,-0.000110904993769,-2.7795445148000001e-05
x2673319c,b,h001,-0.000110904993423,-2.7795445528000002e-05
x3784018a,a,h001,-6.4554796391e-05,-1.6178909333999999e-05
x3784018a,b,h001,-6.4554797017999998e-05,-1.6178909129000001e-05
x3141400a,a,h001,-6.4549978329000001e-05,-1.6177851084999999e-05
x3141400a,b,h001,-6.4549978624000001e-05,-1.6177850979999999e-05
x3235252b,a,h001,0,0
x3235252b,b,h001,0,0
x2764411c,a,h001,-0.000110908188259,-2.7796222842e-05
x2764411c,b,h001,-0.000110908188194,-2.7796222876e-05
x3030200c,a,h001,-0.000110907385816,-2.7796095213e-05
x3030200c,b,h001,-0.00011090738567100001,-2.779609537e-05
x2746587c,a,h001,0,0
x2746587c,b,h001,0,0
x3010562b,a,h001,-0.000106175834583,-2.6610216524000001e-05
x3010562b,b,h001,-0.000106175834278,-2.6610216299e-05
x2896685a,a,h001,-9.6734932305000005e-05,-2.4244363862999999e-05
x2896685a,b,h001,-9.6734932788999998e-05,-2.4244363691999999e-05
x2896685b,a,h001,-0.000106178601976,-2.6610907610999999e-05
x2896685b,b,h001,-0.000106178601815,-2.6610907493000001e-05
x2896685c,a,h001,-0.000110906796237,-2.7795973093999999e-05
x2896685c,b,h001,-0.000110906796038,-2.7795973317999999e-05
x2748143a,a,h001,-0.00016129165039299999,-4.0423592400000002e-05
x2748143a,b,h001,-0.000161291651646,-4.0423591947999999e-05
x3216351a,a,h001,-0.00016129725992999999,-4.0425118381000003e-05
x3216351a,b,h001,-0.000161297261521,-4.0425117889000001e-05
x3156034a,a,h001,-6.4555241628000006e-05,-1.6179139371e-05
x3156034a,b,h001,-6.4555242273999996e-05,-1.617913916e-05
x3104128a,a,h001,-9.6734073744000001e-05,-2.4244001867e-05
x3104128a,b,h001,-9.6734074183999993e-05,-2.4244001709e-05
x2673309c,a,h001,0,0
x2673309c,b,h001,0,0
x3104155c,a,h001,0,0
x3104155c,b,h001,0,0
x2729430b,a,h001,0,0
x2729430b,b,h001,0,0
x3197630a,a,h001,-0.00016128730039399999,-4.0422345946000003e-05
x3197630a,b,h001,-0.00016128730135,-4.0422345657999999e-05
x2860481c,a,h001,-7.3997419877000007e-05,-1.8545659989000001e-05
x2860481c,b,h001,-7.3997419651000002e-05,-1.8545660248e-05
x2973152b,a,h001,0,0
x2973152b,b,h001,0,0
x3160117b,a,h001,0,0
x3160117b,b,h001,0,0
x3197624b,a,h001,-3.5452546834000003e-05,-8.8852626939999999e-06
x3197624b,b,h001,-3.5452546733999998e-05,-8.8852626199999998e-06
x2708744b,a,h001,0,0
x2708744b,b,h001,0,0
x3067506c,a,h001,-7.3999107132000002e-05,-1.8545968328000001e-05
x3067506c,b,h001,-7.3999107059000006e-05,-1.8545968397e-05
x2841625c,a,h001,-7.3999073666999998e-05,-1.8545963515e-05
x2841625c,b,h001,-7.3999073575999996e-05,-1.8545963647000002e-05
x2785512b,a,h001,0,0
x2785512b,b,h001,0,0
x2673305b,a,h001,-7.0724644651000003e-05,-1.7725256675000001e-05
x2673305b,b,h001,-7.0724644500999996e-05,-1.7725256613000001e-05
x2860480b,a,h001,0,0
x2860480b,b,h001,0,0
x2914324a,a,h001,-3.2186574006999999e-05,-8.066711885e-06
x2914324a,b,h001,-3.2186574327e-05,-8.0667117779999995e-06
x2766741a,a,h001,-0.00016129686855700001,-4.0424776727999997e-05
x2766741a,b,h001,-0.00016129687015100001,-4.0424776219000003e-05
x3178988b,a,h001,-7.0723958934000003e-05,-1.7725088481e-05
x3178988b,b,h001,-7.0723958762000002e-05,-1.7725088349000002e-05
x2729423c,a,h001,-0.000110905853968,-2.7795856014e-05
x2729423c,b,h001,-0.00011090585368200001,-2.7795856353000001e-05
x2991929b,a,h001,0,0
x2991929b,b,h001,0,0
x2767342a,a,h001,-0.00016128692032399999,-4.0423037660999999e-05
x2767342a,b,h001,-0.00016128692120299999,-4.0423037344999999e-05
x2936212a,a,h001,-0.00016128610429799999,-4.0422694826e-05
x2936212a,b,h001,-0.00016128610513599999,-4.0422694523999998e-05
x2861219b,a,h001,0,0
x2861219b,b,h001,0,0
x3120376a,a,h001,-0.00016129654209399999,-4.0424713104000001e-05
x3120376a,b,h001,-0.00016129654367299999,-4.0424712565999998e-05
x2991919a,a,h001,-9.6736650831000004e-05,-2.4244565397000001e-05
x2991919a,b,h001,-9.6736651434999995e-05,-2.4244565229000002e-05
x3066804a,a,h001,0,0
x3066804a,b,h001,0,0
x2935550c,a,h001,0,0
x2935550c,b,h001,0,0
x2691942b,a,h001,-0.00010617694434400001,-2.6610454869000001e-05
x2691942b,b,h001,-0.000106176944073,-2.6610454772e-05
x2842383a,a,h001,-9.6732183556999998e-05,-2.4243385707000001e-05
x2842383a,b,h001,-9.6732183884999995e-05,-2.4243385582999999e-05
x3160863c,a,h001,-0.00011090822338100001,-2.7796249195999999e-05
x3160863c,b,h001,-0.000110908223317,-2.7796249231e-05
x2935549b,a,h001,0,0
x2935549b,b,h001,0,0
x3027122a,a,h001,-0.000161286869843,-4.0423006284000002e-05
x3027122a,b,h001,-0.00016128687072100001,-4.0423005967000002e-05
x2673331b,a,h001,1.0000000000000001e-15,0
x2673331b,b,h001,0,0
x3254231a,a,h001,-6.4553253444000003e-05,-1.6178630881000002e-05
x3254231a,b,h001,-6.4553253963000007e-05,-1.6178630696e-05
x2785543b,a,h001,0,0
x2785543b,b,h001,0,0
x2970258c,a,h001,0,0
x2970258c,b,h001,0,0
x2748124b,a,h001,0,0
x2748124b,b,h001,0,0
x2879773a,a,h001,-0.000161282852116,-4.0421410812000003e-05
x2879773a,b,h001,-0.00016128285278700001,-4.0421410539000003e-05
x2841626c,a,h001,-7.3999073744999996e-05,-1.8545963894e-05
x2841626c,b,h001,-7.3999073653999994e-05,-1.8545964026000001e-05
x2991905a,a,h001,0,0
x2991905a,b,h001,0,0
x2822861a,a,h001,-0.00016129674765100001,-4.0424730038e-05
x2822861a,b,h001,-0.00016129674923900001,-4.0424729526999999e-05
x3216337a,a,h001,-9.6741532767000005e-05,-2.4245697955000001e-05
x3216337a,b,h001,-9.6741533716999999e-05,-2.4245697633999999e-05
x2674047c,a,h001,-0.000110907514025,-2.7796120622000001e-05
x2674047c,b,h001,-0.000110907513889,-2.7796120776e-05
x2691967b,a,h001,-0.000106176574495,-2.6610347083e-05
x2691967b,b,h001,-0.000106176574224,-2.6610346870999999e-05
x3626914c,a,h001,-0.000110907705063,-2.7796173606000001e-05
x3626914c,b,h001,-0.00011090770492700001,-2.7796173806000001e-05
x3177894a,a,h001,-0.000161297945552,-4.0425482886999999e-05
x3177894a,b,h001,-0.000161297947175,-4.0425482369000002e-05
x2690187b,a,h001,0,0
x2690187b,b,h001,0,0
x3122827a,a,h001,-0.00016129719552000001,-4.0425090181999997e-05
x3122827a,b,h001,-0.000161297197108,-4.0425089690000002e-05
x3315860b,a,h001,-0.00010617556279699999,-2.6610117107999999e-05
x3315860b,b,h001,-0.000106175562475,-2.6610116866999999e-05
x2973165a,a,h001,-0.00016129646070300001,-4.0424660539e-05
x2973165a,b,h001,-0.000161296462281,-4.0424659999000003e-05
x2691965b,a,h001,-3.5452888052999998e-05,-8.8853236730000001e-06
x2691965b,b,h001,-3.5452887967999998e-05,-8.8853236060000006e-06
x3216346a,a,h001,-9.6741968538000006e-05,-2.4245939862e-05
x3216346a,b,h001,-9.6741969503000004e-05,-2.4245939546e-05
x3235267c,a,h001,0,0
x3235267c,b,h001,0,0
x3066801c,a,h001,-7.3999075543000004e-05,-1.8545972378000001e-05
x3066801c,b,h001,-7.3999075453000003e-05,-1.8545972512e-05
x2898515c,a,h001,0,0
x2898515c,b,h001,0,0
x2804258b,a,h001,0,0
x2804258b,b,h001,0,0
x2954354a,a,h001,-0.00016128806140400001,-4.0422660671999998e-05
x2954354a,b,h001,-0.00016128806239299999,-4.0422660388000002e-05
x2802481a,a,h001,0,0
x2802481a,b,h001,0,0
x2710505b,a,h001,-0.000106175830768,-2.6610228728000001e-05
x2710505b,b,h001,-0.000106175830465,-2.6610228506000001e-05
x3104114b,a,h001,0,0
x3104114b,b,h001,0,0
x2798067b,a,h001,-7.0725332820000005e-05,-1.7725455496999999e-05
x2798067b,b,h001,-7.0725332721000001e-05,-1.7725455426e-05
x3122825a,a,h001,0,0
x3122825a,b,h001,0,0
x2710546b,a,h001,0,0
x2710546b,b,h001,0,0
x2879071b,a,h001,0,0
x2879071b,b,h001,0,0
x2785514a,a,h001,-0.00016129690473799999,-4.0424796980999999e-05
x2785514a,b,h001,-0.00016129690633300001,-4.0424796471999998e-05
x2898457a,a,h001,-6.4550354869e-05,-1.6178007816e-05
x2898457a,b,h001,-6.4550355183000006e-05,-1.6178007704000002e-05
x3727708a,a,h001,-9.6741388592999996e-05,-2.4245607737999999e-05
x3727708a,b,h001,-9.6741389536000001e-05,-2.4245607428999998e-05
x3216988b,a,h001,0,0
x3216988b,b,h001,0,0
x3197632b,a,h001,-0.00010617583699399999,-2.6610209036000001e-05
x3197632b,b,h001,-0.000106175836689,-2.6610208809999999e-05
x3178997c,a,h001,-0.000110907938201,-2.7796228849000002e-05
x3178997c,b,h001,-0.000110907938075,-2.7796229070999998e-05
x2785535b,a,h001,0,0
x2785535b,b,h001,0,0
x3216343c,a,h001,0,0
x3216343c,b,h001,0,0
x2748127a,a,h001,-9.6741213040000003e-05,-2.4245531885000001e-05
x2748127a,b,h001,-9.6741213976000005e-05,-2.4245531572999999e-05
x2673323c,a,h001,0,0
x2673323c,b,h001,0,0
x3104859b,a,h001,-0.000106179091924,-2.6610996808000001e-05
x3104859b,b,h001,-0.000106179091777,-2.6610996737999999e-05
x2859403a,a,h001,-0.00016128569612500001,-4.0422532867000003e-05
x2859403a,b,h001,-0.000161285696941,-4.0422532573000003e-05
x2954345c,a,h001,-0.000110905217058,-2.7795687704999999e-05
x2954345c,b,h001,-0.000110905216721,-2.7795688091999998e-05
x3160098a,a,h001,-9.6738005233999995e-05,-2.4244791161000002e-05
x3160098a,b,h001,-9.6738005954999997e-05,-2.4244790903e-05
x3254228b,a,h001,0,0
x3254228b,b,h001,0,0
x3101788a,a,h001,-0.00016129786193899999,-4.0425429321000002e-05
x3101788a,b,h001,-0.00016129786356000001,-4.0425428801999998e-05
x2785513a,a,h001,-0.00016129691105999999,-4.0424800955000001e-05
x2785513a,b,h001,-0.000161296912655,-4.0424800447000001e-05
x3231269b,a,h001,-0.000106175560457,-2.6610121562e-05
x3231269b,b,h001,-0.00010617556013499999,-2.6610121323000001e-05
x2991921c,a,h001,0,0
x2991921c,b,h001,0,0
x3122826a,a,h001,-0.000161287787232,-4.0422542177999999e-05
x3122826a,b,h001,-0.00016128778821000001,-4.0422541892000002e-05
x2842390c,a,h001,-0.00011090757558800001,-2.7796089038999999e-05
x2842390c,b,h001,-0.000110907575453,-2.7796089206000001e-05
x2991913a,a,h001,-9.6735604764000002e-05,-2.4244136493000002e-05
x2991913a,b,h001,-9.6735605321000004e-05,-2.4244136319e-05
x3104144a,a,h001,-6.4552989064e-05,-1.6178526667e-05
x3104144a,b,h001,-6.4552989568e-05,-1.6178526486999999e-05
x2804270b,a,h001,-0.000106176835231,-2.6610423027e-05
x2804270b,b,h001,-0.000106176834974,-2.6610422830000001e-05
x2917333a,a,h001,-0.00016128072443000001,-4.0420785286e-05
x2917333a,b,h001,-0.00016128072496199999,-4.0420785083000003e-05
x2673315a,a,h001,-6.4549982289999999e-05,-1.6177853150000002e-05
x2673315a,b,h001,-6.4549982584999999e-05,-1.6177853044999999e-05
x2688693c,a,h001,-0.000110907673769,-2.7796119013999999e-05
x2688693c,b,h001,-0.000110907673637,-2.7796119194e-05
x2841645c,a,h001,0,0
x2841645c,b,h001,0,0
x3048200b,a,h001,-7.0723556759999995e-05,-1.7725002212e-05
x3048200b,b,h001,-7.0723556557999998e-05,-1.772500215e-05
x3048208a,a,h001,-9.6735195660000003e-05,-2.4243980721e-05
x3048208a,b,h001,-9.6735196197e-05,-2.4243980544000001e-05
x3067507c,a,h001,0,0
x3067507c,b,h001,0,0
x2804249c,a,h001,-0.000110907660683,-2.7796124659e-05
x2804249c,b,h001,-0.00011090766054999999,-2.7796124837e-05
x2936213b,a,h001,0,0
x2936213b,b,h001,0,0
x3215340a,a,h001,-0.00016129774250799999,-4.0425353758999999e-05
x3215340a,b,h001,-0.00016129774412599999,-4.0425353238000001e-05
x3118855c,a,h001,0,0
x3118855c,b,h001,-1.0000000000000001e-15,0
x3085397b,a,h001,0,0
x3085397b,b,h001,0,0
x3104796c,a,h001,0,0
x3104796c,b,h001,0,0
x3108449a,a,h001,-9.6735730121999997e-05,-2.4244675244000001e-05
x3108449a,b,h001,-9.6735730651000004e-05,-2.4244675055000001e-05
x2673307c,a,h001,-0.00011090755238400001,-2.7796048515e-05
x2673307c,b,h001,-0.000110907552249,-2.7796048677999998e-05
x2973159a,a,h001,-9.6741973404999997e-05,-2.4245955266999999e-05
x2973159a,b,h001,-9.6741974362999993e-05,-2.4245954974e-05
x3101787a,a,h001,-0.000161297863231,-4.0425430141000001e-05
x3101787a,b,h001,-0.00016129786485199999,-4.0425429621999997e-05
x2785521c,a,h001,0,0
x2785521c,b,h001,0,0
x3235273b,a,h001,0,0
x3235273b,b,h001,0,0
x2692600c,a,h001,0,0
x2692600c,b,h001,0,0
x3179637c,a,h001,0,0
x3179637c,b,h001,0,0
x2729406c,a,h001,-0.000110907551536,-2.7796047048e-05
x2729406c,b,h001,-0.000110907551401,-2.7796047211999998e-05
x3029499a,a,h001,-6.4551536298e-05,-1.6178154873e-05
x3029499a,b,h001,-6.4551536695000005e-05,-1.6178154760000001e-05
x3179650b,a,h001,-0.00010617849328900001,-2.6610879579999999e-05
x3179650b,b,h001,-0.00010617849312200001,-2.6610879456e-05
x2748780a,a,h001,-0.00016128692367200001,-4.0423039741000003e-05
x2748780a,b,h001,-0.00016128692455100001,-4.0423039424999997e-05
x3141398a,a,h001,-9.6742011392000004e-05,-2.4245978924e-05
x3141398a,b,h001,-9.674201235e-05,-2.4245978632000001e-05
x3085403a,a,h001,-0.00016129725385300001,-4.0425116247000002e-05
x3085403a,b,h001,-0.00016129725544399999,-4.0425115755e-05
x3236011b,a,h001,-0.00010617909274099999,-2.6610996924000001e-05
x3236011b,b,h001,-0.000106179092594,-2.6610996853999999e-05
x2710542b,a,h001,0,0
x2710542b,b,h001,0,0
x2801896b,a,h001,-0.00010617556148100001,-2.6610119628999999e-05
x2801896b,b,h001,-0.000106175561159,-2.6610119388999999e-05
x3029501b,a,h001,-0.00010617572794,-2.6610180034000001e-05
x3029501b,b,h001,-0.00010617572763,-2.6610179795999999e-05
x3159645a,a,h001,-0.00016129601563799999,-4.0424439689999997e-05
x3159645a,b,h001,-0.000161296017194,-4.0424439165999998e-05
x3125349c,a,h001,0,0
x3125349c,b,h001,0,0
x2973149b,a,h001,-0.000106175831105,-2.6610225727e-05
x2973149b,b,h001,-0.000106175830801,-2.6610225504999999e-05
x3030205c,a,h001,0,0
x3030205c,b,h001,0,0
x2841615a,a,h001,-9.6741530971999998e-05,-2.4245696789999999e-05
x2841615a,b,h001,-9.6741531922000005e-05,-2.4245696470000002e-05
x2767407b,a,h001,-7.0725611289999994e-05,-1.7725513012000001e-05
x2767407b,b,h001,-7.0725611201000006e-05,-1.7725512966e-05
x3139103a,a,h001,-0.000161297870743,-4.0425434908000001e-05
x3139103a,b,h001,-0.00016129787236399999,-4.0425434389999997e-05
x3011293a,a,h001,1.0000000000000001e-15,0
x3011293a,b,h001,0,0
x3011293b,a,h001,1.0000000000000001e-15,0
x3011293b,b,h001,0,0
x3011293c,a,h001,1.0000000000000001e-15,0
x3011293c,b,h001,0,0
x3181545c,a,h001,-0.00011090491721900001,-2.7795462492e-05
x3181545c,b,h001,-0.000110904916866,-2.7795462877999999e-05
x2935555a,a,h001,-9.6741211069000007e-05,-2.4245530616e-05
x2935555a,b,h001,-9.6741212004999996e-05,-2.4245530303000001e-05
x3048207b,a,h001,-0.000106175833817,-2.6610217863000001e-05
x3048207b,b,h001,-0.000106175833513,-2.6610217639e-05
x3160104b,a,h001,0,0
x3160104b,b,h001,0,0
x2851933a,a,h001,-0.000161297198905,-4.0425086185e-05
x2851933a,b,h001,-0.00016129720049400001,-4.0425085691999998e-05
x2851933b,a,h001,0,0
x2851933b,b,h001,0,0
x2851933c,a,h001,0,0
x2851933c,b,h001,0,0
x2897784b,a,h001,0,0
x2897784b,b,h001,0,0
x3207907a,a,h001,1.0000000000000001e-15,0
x3207907a,b,h001,0,0
x3207907b,a,h001,-1.0000000000000001e-15,0
x3207907b,b,h001,0,0
x3207907c,a,h001,1.0000000000000001e-15,0
x3207907c,b,h001,0,0
x2726974b,a,h001,0,0
x2726974b,b,h001,0,0
x3029502a,a,h001,1.0000000000000001e-15,0
x3029502a,b,h001,0,0
x3178972c,a,h001,1.0000000000000001e-15,0
x3178972c,b,h001,0,0
x3029055b,a,h001,0,0
x3029055b,b,h001,0,0
x3029507b,a,h001,0,0
x3029507b,b,h001,0,0
x3254230a,a,h001,-3.2185700711999998e-05,-8.0665248149999997e-06
x3254230a,b,h001,-3.2185700973e-05,-8.0665247230000006e-06
x3030203c,a,h001,0,0
x3030203c,b,h001,0,0
x3048203b,a,h001,0,0
x3048203b,b,h001,0,0
x3048963b,a,h001,-0.000106179492477,-2.6611094432e-05
x3048963b,b,h001,-0.00010617949235300001,-2.6611094362999998e-05
x2674027b,a,h001,0,0
x2674027b,b,h001,0,0
x2973163b,a,h001,-7.0723618700999999e-05,-1.7725017325e-05
x2973163b,b,h001,-7.0723618501000003e-05,-1.7725017261e-05
x2955074a,a,h001,0,0
x2955074a,b,h001,0,0
x3216342b,a,h001,0,0
x3216342b,b,h001,0,0
x3235243c,a,h001,0,0
x3235243c,b,h001,0,0
x3214069c,a,h001,0,0
x3214069c,b,h001,0,0
x2841632b,a,h001,0,0
x2841632b,b,h001,0,0
x2822859b,a,h001,0,0
x2822859b,b,h001,0,0
x3142050c,a,h001,-0.00011090819444499999,-2.7796227481999999e-05
x3142050c,b,h001,-0.000110908194381,-2.7796227516e-05
x2973155a,a,h001,-9.6741289069999993e-05,-2.4245586903000001e-05
x2973155a,b,h001,-9.6741290005999996e-05,-2.4245586595e-05
x2973791a,a,h001,1.0000000000000001e-15,0
x2973791a,b,h001,0,0
x2841629c,a,h001,0,0
x2841629c,b,h001,0,0
x2822868a,a,h001,-9.6741934378999996e-05,-2.4245924914999999e-05
x2822868a,b,h001,-9.6741935336000005e-05,-2.4245924621e-05
x3122823b,a,h001,0,0
x3122823b,b,h001,0,0
x2952003b,a,h001,0,0
x2952003b,b,h001,0,0
x3104856a,a,h001,-9.6731897260000002e-05,-2.4243300790999999e-05
x3104856a,b,h001,-9.6731897569999993e-05,-2.4243300672000001e-05
x2786204c,a,h001,0,0
x2786204c,b,h001,0,0
x2841622a,a,h001,-9.6741316743999994e-05,-2.4245606741000001e-05
x2841622a,b,h001,-9.6741317680999997e-05,-2.4245606434000001e-05
x2973150a,a,h001,-9.6738986943000003e-05,-2.4245176839999999e-05
x2973150a,b,h001,-9.6738987717999995e-05,-2.4245176561000001e-05
x3066826b,a,h001,0,0
x3066826b,b,h001,0,0
x3197638a,a,h001,-0.000161296811727,-4.0424847711e-05
x3197638a,b,h001,-0.00016129681331800001,-4.0424847170000002e-05
x2785530a,a,h001,-6.4555221174999994e-05,-1.6179131162000002e-05
x2785530a,b,h001,-6.4555221815999997e-05,-1.6179130967e-05
x3082988b,a,h001,-0.000106179466406,-2.6611088570000001e-05
x3082988b,b,h001,-0.00010617946628,-2.6611088499999999e-05
x2860491a,a,h001,-6.4551443464000004e-05,-1.6178114441000001e-05
x2860491a,b,h001,-6.4551443857999995e-05,-1.6178114327000002e-05
x2860491b,a,h001,0,0
x2860491b,b,h001,0,0
sx3029502a,a,h001,-0.00032256982604100001,-8.0844399465000006e-05
sx3029502a,b,h001,-0.00032256982753099998,-8.0844398937999999e-05
sx3104125b,a,h001,-0.00017690319881500001,-4.4336163150999997e-05
sx3104125b,b,h001,-0.00017690319850800001,-4.4336163020000003e-05
sx2897775c,a,h001,-0.000184906774707,-4.6342118897999998e-05
sx2897775c,b,h001,-0.000184906774484,-4.6342119232000003e-05
sx2691950c,a,h001,-0.00018490677592300001,-4.6342124616999999e-05
sx2691950c,b,h001,-0.00018490677570000001,-4.6342124950999998e-05
sx2691951c,a,h001,-0.00018490677801500001,-4.6342134503999997e-05
sx2691951c,b,h001,-0.000184906777792,-4.6342134839000003e-05
sx2841630c,a,h001,-0.00018490677811300001,-4.6342134907999998e-05
sx2841630c,b,h001,-0.00018490677789000001,-4.6342135242999997e-05
sx2841629c,a,h001,-0.000277451069062,-6.9535959047999996e-05
sx2841629c,b,h001,-0.00027745106873,-6.9535959551999995e-05
sx2973144c,a,h001,-0.000184906775811,-4.6342123845000001e-05
sx2973144c,b,h001,-0.000184906775588,-4.6342124180000001e-05
sx2673309c,a,h001,-0.000184906775412,-4.6342121933999997e-05
sx2673309c,b,h001,-0.00018490677518899999,-4.6342122268000003e-05
sx2748129a,a,h001,-0.00024183934779500001,-6.0610494866000003e-05
sx2748129a,b,h001,-0.00024183934918,-6.0610494427999997e-05
sx3197628c,a,h001,-0.000184906876193,-4.6342161704000001e-05
sx3197628c,b,h001,-0.00018490687597300001,-4.6342162051999997e-05
sx2766718c,a,h001,-0.00027745118653800001,-6.9535990435999997e-05
sx2766718c,b,h001,-0.000277451186209,-6.9535990956000001e-05
sx3254219c,a,h001,-0.000184906998654,-4.6342192470999999e-05
sx3254219c,b,h001,-0.00018490699843800001,-4.6342192833e-05
sx3254220c,a,h001,-0.000184906998654,-4.6342192354000002e-05
sx3254220c,b,h001,-0.00018490699843800001,-4.6342192715000002e-05
sx3104134c,a,h001,-0.00018490699273500001,-4.6342192107999997e-05
sx3104134c,b,h001,-0.00018490699251899999,-4.6342192468999998e-05
sx3066818b,a,h001,-0.000176901078987,-4.4335592875999998e-05
sx3066818b,b,h001,-0.00017690107854499999,-4.4335592711999999e-05
sx2748130b,a,h001,-0.00017690102872999999,-4.4335582184999999e-05
sx2748130b,b,h001,-0.00017690102828600001,-4.4335582021e-05
sx3254212b,a,h001,-0.00026526054783400003,-6.6480571318000003e-05
sx3254212b,b,h001,-0.000265260547172,-6.6480571074000006e-05
sx3198358b,a,h001,-0.00026526585561900001,-6.6481916941000006e-05
sx3198358b,b,h001,-0.00026526585525699998,-6.6481916766000004e-05
sx3179674b,a,h001,-0.00017690747149099999,-4.4337187727000001e-05
sx3179674b,b,h001,-0.0001769074714,-4.4337187687000001e-05
sx3142099b,a,h001,-0.00017690747139,-4.4337187764999999e-05
sx3142099b,b,h001,-0.00017690747129900001,-4.4337187724e-05
sx2711234b,a,h001,-0.00017690453317000001,-4.4336470332000001e-05
sx2711234b,b,h001,-0.000176904532927,-4.4336470214999997e-05
sx2786274c,a,h001,-0.00018490659927400001,-4.6342065776000001e-05
sx2786274c,b,h001,-0.00018490659905199999,-4.6342066060999998e-05
sx3217056a,a,h001,-0.00032255460344300001,-8.0839664898999997e-05
sx3217056a,b,h001,-0.000322554604067,-8.0839664611999999e-05
sx2786204c,a,h001,-0.000277452342081,-6.9536165229000003e-05
sx2786204c,b,h001,-0.000277452341925,-6.9536165316000004e-05
sx3254211b,a,h001,-0.000176900957372,-4.4335566837000001e-05
sx3254211b,b,h001,-0.000176900956925,-4.4335566675000003e-05
sx2897784b,a,h001,-0.00026526032134700003,-6.6480521808999995e-05
sx2897784b,b,h001,-0.00026526032067599999,-6.6480521569999999e-05
sx2936279c,a,h001,-0.000184906669778,-4.6342062662999997e-05
sx2936279c,b,h001,-0.00018490666955800001,-4.6342062957999997e-05
sx2730107c,a,h001,-0.000184904564041,-4.6341708529e-05
sx2730107c,b,h001,-0.00018490456365,-4.6341708983000003e-05
sx2861158c,a,h001,-0.000184907584786,-4.6342226334000002e-05
sx2861158c,b,h001,-0.00018490758468,-4.6342226389999999e-05
sx2952007c,a,h001,-0.000184907584917,-4.6342226431999999e-05
sx2952007c,b,h001,-0.000184907584811,-4.6342226488999997e-05
sx2745811c,a,h001,-0.00018490758841899999,-4.6342229039999997e-05
sx2745811c,b,h001,-0.00018490758831300001,-4.6342229096000001e-05
sx2861157c,a,h001,-0.00018490760572400001,-4.6342241969999997e-05
sx2861157c,b,h001,-0.00018490760561899999,-4.6342242027000002e-05
sx2861223b,a,h001,-0.000176907469626,-4.4337187195999999e-05
sx2861223b,b,h001,-0.000176907469536,-4.4337187156e-05
sx2730187a,a,h001,-0.00024182984646999999,-6.0608313353000001e-05
sx2730187a,b,h001,-0.00024182984723999999,-6.0608313054e-05
sx2861222a,a,h001,-0.00024183267443699999,-6.0609175264999998e-05
sx2861222a,b,h001,-0.000241832675381,-6.0609174894e-05
sx2879794a,a,h001,-0.00024183266945800001,-6.0609172372999997e-05
sx2879794a,b,h001,-0.00024183267040200001,-6.0609172002e-05
sx2955074a,a,h001,-0.000241832711417,-6.0609177786000001e-05
sx2955074a,b,h001,-0.00024183271236399999,-6.0609177412000003e-05
sx3030199c,a,h001,-0.00018490649947400001,-4.6342051127999998e-05
sx3030199c,b,h001,-0.00018490649924999999,-4.6342051394000002e-05
sx2730163c,a,h001,-0.000184906509306,-4.6342052714999999e-05
sx2730163c,b,h001,-0.00018490650908200001,-4.6342052982999997e-05
sx2842379a,a,h001,-0.00024183291851400001,-6.0609234826000003e-05
sx2842379a,b,h001,-0.00024183291947599999,-6.0609234441000001e-05
sx2805031c,a,h001,-0.00027745068377200001,-6.9535841505000004e-05
sx2805031c,b,h001,-0.00027745068343799998,-6.9535841914e-05
sx3068944b,a,h001,-0.00026526643601399997,-6.6482059871999995e-05
sx3068944b,b,h001,-0.000265266435684,-6.6482059697000007e-05
sx3142098b,a,h001,-0.000176904911057,-4.4336563709000001e-05
sx3142098b,b,h001,-0.00017690491083599999,-4.4336563592999998e-05
sx2861218c,a,h001,-0.000184906549429,-4.6342059131000001e-05
sx2861218c,b,h001,-0.00018490654920599999,-4.6342059407000001e-05
sx3104853c,a,h001,-0.00018490643187099999,-4.6342039699999999e-05
sx3104853c,b,h001,-0.00018490643164600001,-4.6342039951999999e-05
sx2711226b,a,h001,-0.00017690524387099999,-4.4336643834e-05
sx2711226b,b,h001,-0.00017690524366799999,-4.4336643718000003e-05
sx3217052c,a,h001,-0.00018490643136499999,-4.6342039018999997e-05
sx3217052c,b,h001,-0.000184906431139,-4.6342039270999997e-05
sx3067507c,a,h001,-0.00027745052558200001,-6.9535816633999997e-05
sx3067507c,b,h001,-0.00027745052524600001,-6.9535817010999996e-05
sx2955077c,a,h001,-0.000184906355383,-4.6342025663000002e-05
sx2955077c,b,h001,-0.00018490635515399999,-4.6342025912000001e-05
sx3160872c,a,h001,-0.00027745033609199998,-6.9535778360000006e-05
sx3160872c,b,h001,-0.00027745033574200001,-6.9535778743999994e-05
sx3198348a,a,h001,-0.00032256493600999999,-8.0842723109000002e-05
sx3198348a,b,h001,-0.00032256493725500002,-8.0842722633999998e-05
sx3048962a,a,h001,-0.00024183302072999999,-6.0609319445000002e-05
sx3048962a,b,h001,-0.000241833021688,-6.0609319086000002e-05
sx3104850c,a,h001,-0.00018490605224199999,-4.6341960958999998e-05
sx3104850c,b,h001,-0.00018490605198600001,-4.6341961242000001e-05
sx3251799a,a,h001,-0.00024183450722200001,-6.0609842474000002e-05
sx3251799a,b,h001,-0.00024183450826300001,-6.060984209e-05
sx3104796c,a,h001,-0.000184905673882,-4.6341884746000003e-05
sx3104796c,b,h001,-0.00018490567359199999,-4.6341885071999999e-05
sx3123452c,a,h001,-0.00018490560677999999,-4.634187185e-05
sx3123452c,b,h001,-0.000184905606484,-4.6341872183999999e-05
sx3030126c,a,h001,-0.000184905508211,-4.6341851291000002e-05
sx3030126c,b,h001,-0.00018490550790599999,-4.6341851635999998e-05
sx2767341c,a,h001,-0.00027744916462800001,-6.9535531675999997e-05
sx2767341c,b,h001,-0.00027744916417500002,-6.9535532192e-05
sx3254870c,a,h001,-0.00018490550787200001,-4.6341850895999997e-05
sx3254870c,b,h001,-0.00018490550756700001,-4.6341851241e-05
sx3048887b,a,h001,-0.000265265290061,-6.6481832135000001e-05
sx3048887b,b,h001,-0.00026526528969100002,-6.6481831862999995e-05
sx3216988b,a,h001,-0.00017690414037700001,-4.4336407431e-05
sx3216988b,b,h001,-0.00017690414012900001,-4.4336407250000003e-05
sx3179607b,a,h001,-0.000176904140394,-4.4336407425999998e-05
sx3179607b,b,h001,-0.00017690414014499999,-4.4336407244000001e-05
sx2767340a,a,h001,-0.00048367409511399997,-0.00012122170253599999
sx2767340a,b,h001,-0.00048367409737399999,-0.000121221701669
sx2767340b,a,h001,-0.00053053001837600003,-0.000132963594136
sx2767340b,b,h001,-0.000530530017632,-0.00013296359357600001
sx2767340c,a,h001,-0.00055489773276799997,-0.00013907075776300001
sx2767340c,b,h001,-0.00055489773184299999,-0.00013907075884999999
sx3067478a,a,h001,-0.00024183708501,-6.0610816640999999e-05
sx3067478a,b,h001,-0.00024183708618900001,-6.0610816211000003e-05
sx2973791a,a,h001,-0.00032257178402399998,-8.0845267794000004e-05
sx2973791a,b,h001,-0.00032257178563399998,-8.0845267197000002e-05
sx3029055b,a,h001,-0.00026526541896300002,-6.6481859543999998e-05
sx3029055b,b,h001,-0.00026526541859900002,-6.6481859277999993e-05
sx2898515c,a,h001,-0.00018490684614400001,-4.6342121625e-05
sx2898515c,b,h001,-0.000184906845964,-4.6342121796e-05
sx2992656a,a,h001,-0.000241829844849,-6.0608312388000003e-05
sx2992656a,b,h001,-0.000241829845619,-6.0608312089000001e-05
sx3160871c,a,h001,-0.00018490651498699999,-4.6342059352999997e-05
sx3160871c,b,h001,-0.00018490651477399999,-4.6342059578000002e-05
sx3030203c,a,h001,-0.00018490651473800001,-4.6342059049000001e-05
sx3030203c,b,h001,-0.00018490651452500001,-4.6342059272999999e-05
sx3048965b,a,h001,-0.000265267554834,-6.6482329523999997e-05
sx3048965b,b,h001,-0.00026526755456500001,-6.6482329357999998e-05
sx2692660a,a,h001,-0.00032256412744000002,-8.0842449628000003e-05
sx2692660a,b,h001,-0.00032256412863999998,-8.0842449165000003e-05
sx3067448c,a,h001,-0.000184907606222,-4.6342242334999999e-05
sx3067448c,b,h001,-0.00018490760611700001,-4.6342242390999997e-05
sx2804250c,a,h001,-0.00018490655864900001,-4.6341993653999999e-05
sx2804250c,b,h001,-0.00018490655842699999,-4.6341993934000001e-05
sx3048205c,a,h001,-0.000184906551203,-4.6341980637999998e-05
sx3048205c,b,h001,-0.00018490655098100001,-4.6341980915999999e-05
sx3048228c,a,h001,-0.00018490654424899999,-4.6341968503000003e-05
sx3048228c,b,h001,-0.000184906544027,-4.6341968779999997e-05
sx2935550c,a,h001,-0.000184906539985,-4.6341961082999997e-05
sx2935550c,b,h001,-0.00018490653976300001,-4.6341961359999998e-05
sx3235243c,a,h001,-0.00018490206576600001,-4.6340894202000003e-05
sx3235243c,b,h001,-0.000184902065181,-4.6340894847e-05
sx2766750c,a,h001,-0.00027745163278999999,-6.9536079442999996e-05
sx2766750c,b,h001,-0.00027745163248099998,-6.9536079998999998e-05
sx3104157c,a,h001,-0.00018490712964599999,-4.6342210104999999e-05
sx3104157c,b,h001,-0.00018490712943699999,-4.6342210473000002e-05
sx_293471b,a,h001,-0.000176900477169,-4.4335452289000003e-05
sx_293471b,b,h001,-0.00017690047669799999,-4.4335452124999997e-05
sx_293471c,a,h001,-0.00018490710962099999,-4.6342204776000001e-05
sx_293471c,b,h001,-0.000184907109411,-4.6342205142999997e-05
sx2673346c,a,h001,-0.000184907085597,-4.6342201957999997e-05
sx2673346c,b,h001,-0.00018490708538500001,-4.6342202323999999e-05
sx3254238b,a,h001,-0.00017690051936800001,-4.4335462138000002e-05
sx3254238b,b,h001,-0.00017690051889900001,-4.4335461973999997e-05
sx3048230c,a,h001,-0.000184907109727,-4.6342201189000001e-05
sx3048230c,b,h001,-0.00018490710951700001,-4.6342201556999997e-05
sx2841637c,a,h001,-0.00018490710986699999,-4.6342199299999997e-05
sx2841637c,b,h001,-0.000184907109657,-4.6342199667e-05
sx2897780b,a,h001,-0.00017690071953899999,-4.4335508754000003e-05
sx2897780b,b,h001,-0.00017690071907999999,-4.4335508589999998e-05
sx2973161a,a,h001,-0.00024185404643599999,-6.0614386648e-05
sx2973161a,b,h001,-0.00024185404878000001,-6.0614385882999998e-05
sx2673306c,a,h001,-0.00018490651338200001,-4.6341915271999998e-05
sx2673306c,b,h001,-0.00018490651315999999,-4.6341915544999998e-05
sx2785515c,a,h001,-0.000184906512766,-4.6341914221999999e-05
sx2785515c,b,h001,-0.00018490651254400001,-4.6341914494999999e-05
sx3235258b,a,h001,-0.00026525760719599999,-6.6479753907000005e-05
sx3235258b,b,h001,-0.00026525760641799999,-6.6479753293999998e-05
sx2729414b,a,h001,-0.000176898965103,-4.4335002907e-05
sx2729414b,b,h001,-0.00017689896457800001,-4.4335002495999997e-05
sx2729414c,a,h001,-0.00018490230894700001,-4.6340974400999998e-05
sx2729414c,b,h001,-0.000184902308378,-4.6340975035999999e-05
sx3189188c,a,h001,-0.00036980434277399999,-9.2681681847999993e-05
sx3189188c,b,h001,-0.00036980434164399998,-9.2681683121999996e-05
sx2916610b,a,h001,-0.00017689891948500001,-4.4334993733000001e-05
sx2916610b,b,h001,-0.00017689891895799999,-4.4334993319999997e-05
sx3207907a,a,h001,-0.000322594809554,-8.0850420926000002e-05
sx3207907a,b,h001,-0.00032259481269399998,-8.0850419929999993e-05
sx3207907b,a,h001,-0.000530514890225,-0.00013295954527000001
sx3207907b,b,h001,-0.00053051488868700002,-0.00013295954403599999
sx3207907c,a,h001,-0.00036980433788400002,-9.2681678072e-05
sx3207907c,b,h001,-0.00036980433675400001,-9.2681679346000003e-05
sx2973166c,a,h001,-0.00018490225190799999,-4.6340921500999998e-05
sx2973166c,b,h001,-0.00018490225133700001,-4.6340922134999998e-05
sx2821010a,a,h001,-0.000241854338017,-6.0614544999999997e-05
sx2821010a,b,h001,-0.00024185434038199999,-6.0614544190000001e-05
sx3010585a,a,h001,-0.000241854311507,-6.0614527973000002e-05
sx3010585a,b,h001,-0.00024185431387200001,-6.0614527161999999e-05
sx3029507b,a,h001,-0.000176900015482,-4.4335342912999999e-05
sx3029507b,b,h001,-0.000176900014991,-4.4335342752000001e-05
sx3197643b,a,h001,-0.000176900016777,-4.4335343224999998e-05
sx3197643b,b,h001,-0.00017690001628599999,-4.4335343064e-05
sx3122823b,a,h001,-0.00017690002311599999,-4.4335344729e-05
sx3122823b,b,h001,-0.00017690002262599999,-4.4335344568000002e-05
sx3048210a,a,h001,-0.00024184207061400001,-6.0611599262000001e-05
sx3048210a,b,h001,-0.000241842072112,-6.0611598838e-05
sx3085402a,a,h001,-0.000241842128015,-6.0611623564000002e-05
sx3085402a,b,h001,-0.00024184212951600001,-6.0611623140000001e-05
sx3235275b,a,h001,-0.00017690017155699999,-4.4335379981000002e-05
sx3235275b,b,h001,-0.00017690017107299999,-4.4335379818999997e-05
sx2897779c,a,h001,-0.00018490717071000001,-4.6342222008000001e-05
sx2897779c,b,h001,-0.00018490717050300001,-4.6342222378999998e-05
sx3254205c,a,h001,-0.000184907109909,-4.6342198786000001e-05
sx3254205c,b,h001,-0.00018490710969899999,-4.6342199152999997e-05
sx3010569a,a,h001,-0.00024184135037999999,-6.0611279391e-05
sx3010569a,b,h001,-0.00024184135185299999,-6.0611278962999998e-05
sx2860491b,a,h001,-0.00026526020543099997,-6.6480489307000002e-05
sx2860491b,b,h001,-0.00026526020475199999,-6.6480489060000004e-05
sx3085400c,a,h001,-0.00018490677009900001,-4.6342097562000001e-05
sx3085400c,b,h001,-0.000184906769877,-4.6342097893999999e-05
sx3141399c,a,h001,-0.00027745105682,-6.9535903075999998e-05
sx3141399c,b,h001,-0.00027745105648900001,-6.9535903574999996e-05
sx3235266c,a,h001,-0.00018490677106600001,-4.6342102002999998e-05
sx3235266c,b,h001,-0.00018490677084300001,-4.6342102335000003e-05
sx2691945c,a,h001,-0.00018490677314099999,-4.6342111617000003e-05
sx2691945c,b,h001,-0.00018490677291800001,-4.6342111950000002e-05
sx2897776c,a,h001,-0.00018490677022600001,-4.6342098139999997e-05
sx2897776c,b,h001,-0.000184906770004,-4.6342098472000002e-05
sx3122819c,a,h001,-0.00027745105689299998,-6.9535903394000006e-05
sx3122819c,b,h001,-0.00027745105656199999,-6.9535903893000003e-05
sx2954347b,a,h001,-0.000176898635936,-4.4334966338000002e-05
sx2954347b,b,h001,-0.00017689863539799999,-4.4334965927999999e-05
sx3178975b,a,h001,-0.00017689911892999999,-4.4335176916999999e-05
sx3178975b,b,h001,-0.00017689911842599999,-4.4335176543000001e-05
sx2673313b,a,h001,-0.00017689855519100001,-4.4334954784999997e-05
sx2673313b,b,h001,-0.00017689855464999999,-4.4334954371e-05
sx3254213b,a,h001,-0.00017689853231100001,-4.4334950556000001e-05
sx3254213b,b,h001,-0.00017689853176899999,-4.4334950141000003e-05
sx2785543b,a,h001,-0.00017689852729200001,-4.4334950198000001e-05
sx2785543b,b,h001,-0.00017689852675,-4.4334949783000003e-05
sx2916607c,a,h001,-0.00018490213315400001,-4.6340981884000003e-05
sx2916607c,b,h001,-0.00018490213256499999,-4.6340982554000002e-05
sx2710515c,a,h001,-0.00027744400810500002,-6.9534157744999994e-05
sx2710515c,b,h001,-0.00027744400722500001,-6.9534158751000005e-05
sx2766746c,a,h001,-0.00018490210032099999,-4.6340948565999999e-05
sx2766746c,b,h001,-0.000184902099732,-4.6340949233999997e-05
sx2691941c,a,h001,-0.000184902091384,-4.63409395e-05
sx2691941c,b,h001,-0.000184902090794,-4.6340940167999998e-05
sx3235241c,a,h001,-0.000184902092122,-4.6340940249999997e-05
sx3235241c,b,h001,-0.000184902091532,-4.6340940918000002e-05
sx3104118c,a,h001,-0.000277443973449,-6.9534122853000005e-05
sx3104118c,b,h001,-0.00027744397256799998,-6.9534123857000003e-05
sx2748126c,a,h001,-0.000184902093652,-4.6340941805000002e-05
sx2748126c,b,h001,-0.000184902093062,-4.6340942473e-05
sx3235267c,a,h001,-0.00018490209099000001,-4.63409391e-05
sx3235267c,b,h001,-0.000184902090399,-4.6340939766999998e-05
sx2841645c,a,h001,-0.00018490208870600001,-4.6340936781000001e-05
sx2841645c,b,h001,-0.00018490208811600001,-4.6340937447999998e-05
sx3066829c,a,h001,-0.00018490208856199999,-4.6340936635000001e-05
sx3066829c,b,h001,-0.00018490208797199999,-4.6340937301999999e-05
sx2860480b,a,h001,-0.000176899111503,-4.4335199499999997e-05
sx2860480b,b,h001,-0.00017689911100199999,-4.4335199131000001e-05
sx2822860b,a,h001,-0.00017689911150900001,-4.4335199480999998e-05
sx2822860b,b,h001,-0.00017689911100700001,-4.4335199112000001e-05
sx3122810b,a,h001,-0.00017689911259199999,-4.4335196109999999e-05
sx3122810b,b,h001,-0.000176899112091,-4.4335195740000002e-05
sx2785512b,a,h001,-0.00017689911270700001,-4.4335195743999997e-05
sx2785512b,b,h001,-0.00017689911220500001,-4.4335195374e-05
sx2935553b,a,h001,-0.000176899116688,-4.4335183629000001e-05
sx2935553b,b,h001,-0.00017689911618499999,-4.4335183256000003e-05
sx2973152b,a,h001,-0.00017689911928700001,-4.4335175881999999e-05
sx2973152b,b,h001,-0.00017689911878300001,-4.4335175508000001e-05
sx2879068b,a,h001,-0.00017689912091,-4.4335171086000003e-05
sx2879068b,b,h001,-0.000176899120406,-4.4335170710999998e-05
sx3085397b,a,h001,-0.00017689911687000001,-4.4335183067999997e-05
sx3085397b,b,h001,-0.00017689911636699999,-4.4335182694999999e-05
sx3216344b,a,h001,-0.00035361642149300002,-8.8624808034000005e-05
sx3216344b,b,h001,-0.00035361642049799998,-8.8624807283999994e-05
sx2860501b,a,h001,-0.00017689912264199999,-4.4335166099e-05
sx2860501b,b,h001,-0.00017689912213700001,-4.4335165723000001e-05
sx2710514b,a,h001,-0.000176899121019,-4.4335171433e-05
sx2710514b,b,h001,-0.00017689912051400001,-4.4335171058000001e-05
sx3048203b,a,h001,-0.00017689911787099999,-4.4335181506999997e-05
sx3048203b,b,h001,-0.000176899117368,-4.4335181133999999e-05
sx3197660b,a,h001,-0.00017689911548300001,-4.4335189617e-05
sx3197660b,b,h001,-0.00017689911498,-4.4335189245000003e-05
sx2710512b,a,h001,-0.00017689911313899999,-4.4335197709999998e-05
sx2710512b,b,h001,-0.00017689911263699999,-4.4335197340000001e-05
sx2897791b,a,h001,-0.00026526023768900001,-6.6480529400999994e-05
sx2897791b,b,h001,-0.00026526023705700002,-6.6480528914e-05
sx2916618b,a,h001,-0.00026526023954100001,-6.6480527606e-05
sx2916618b,b,h001,-0.00026526023890900002,-6.6480527119000006e-05
sx3160113b,a,h001,-0.000176900771666,-4.4335532252999997e-05
sx3160113b,b,h001,-0.000176900771242,-4.4335531928000001e-05
sx2804269b,a,h001,-0.000176900771412,-4.4335532485999997e-05
sx2804269b,b,h001,-0.000176900770988,-4.4335532161000001e-05
sx2690941b,a,h001,-0.00017689911053600001,-4.4335206935000001e-05
sx2690941b,b,h001,-0.00017689911003600001,-4.4335206567999998e-05
sx3234185b,a,h001,-0.00017689911049700001,-4.4335207070000003e-05
sx3234185b,b,h001,-0.00017689910999700001,-4.4335206702e-05
sx3065750b,a,h001,-0.00017689911045600001,-4.4335207215000002e-05
sx3065750b,b,h001,-0.00017689910995600001,-4.4335206846999999e-05
sx3159037b,a,h001,-0.00026525775691399998,-6.6480042703000004e-05
sx3159037b,b,h001,-0.000265257756169,-6.6480042152000003e-05
sx2748124b,a,h001,-0.000176899110686,-4.4335206403999999e-05
sx2748124b,b,h001,-0.000176899110186,-4.4335206036999997e-05
sx2710504b,a,h001,-0.00026525775749699999,-6.6480040458000001e-05
sx2710504b,b,h001,-0.000265257756751,-6.6480039907e-05
sx2954346b,a,h001,-0.00017689911240200001,-4.4335200222999999e-05
sx2954346b,b,h001,-0.000176899111901,-4.4335199854000003e-05
sx3254228b,a,h001,-0.00017690077050499999,-4.4335533381e-05
sx3254228b,b,h001,-0.00017690077008099999,-4.4335533055999997e-05
sx2936213b,a,h001,-0.00026526257627899999,-6.6480972311999998e-05
sx2936213b,b,h001,-0.00026526257575000003,-6.6480971898e-05
sx2692633c,a,h001,-0.00018490467108,-4.6341684961999997e-05
sx2692633c,b,h001,-0.00018490467069999999,-4.6341685405999998e-05
sx3179646b,a,h001,-0.00026526342427900002,-6.6481444174000006e-05
sx3179646b,b,h001,-0.00026526342382600002,-6.6481443824000002e-05
sx2952003b,a,h001,-0.00017690373356699999,-4.4336327128999999e-05
sx2952003b,b,h001,-0.00017690373330100001,-4.4336326931999997e-05
sx2990826b,a,h001,-0.000176903724108,-4.4336326674000002e-05
sx2990826b,b,h001,-0.00017690372384100001,-4.4336326477e-05
sx2990826c,a,h001,-0.00018490524732499999,-4.6341790245000001e-05
sx2990826c,b,h001,-0.00018490524699699999,-4.6341790618999999e-05
sx3197627c,a,h001,-0.00018490652548599999,-4.6341936013e-05
sx3197627c,b,h001,-0.00018490652526299999,-4.6341936288e-05
sx3216343c,a,h001,-0.000184906524871,-4.6341934947000003e-05
sx3216343c,b,h001,-0.00018490652464900001,-4.6341935221000003e-05
sx3085393c,a,h001,-0.00018490652402600001,-4.634193348e-05
sx3085393c,b,h001,-0.00018490652380399999,-4.6341933755e-05
sx2897770c,a,h001,-0.00018490652405599999,-4.6341933532000003e-05
sx2897770c,b,h001,-0.000184906523834,-4.6341933806000003e-05
sx2748128c,a,h001,-0.00018490652484899999,-4.6341934921000002e-05
sx2748128c,b,h001,-0.00018490652462600001,-4.6341935195000002e-05
sx2897768c,a,h001,-0.000184906515857,-4.6341919486999997e-05
sx2897768c,b,h001,-0.00018490651563500001,-4.6341919760000003e-05
sx2841619c,a,h001,-0.00027745066120099998,-6.9535628605000007e-05
sx2841619c,b,h001,-0.00027745066087,-6.9535629015000003e-05
sx3104154c,a,h001,-0.00027745066243400001,-6.9535630663000004e-05
sx3104154c,b,h001,-0.00027745066210300003,-6.9535631074e-05
sx3216342b,a,h001,-0.00017689903308600001,-4.4335082222000003e-05
sx3216342b,b,h001,-0.000176899032572,-4.4335081821000003e-05
sx2879063b,a,h001,-0.00017689903305100001,-4.4335082287000003e-05
sx2879063b,b,h001,-0.00017689903253700001,-4.4335081886000003e-05
sx3216367b,a,h001,-0.00017689904184,-4.4335080238000002e-05
sx3216367b,b,h001,-0.000176899041326,-4.4335079837000002e-05
sx2991939b,a,h001,-0.00017689904930800001,-4.4335078757000001e-05
sx2991939b,b,h001,-0.00017689904879400001,-4.4335078356000001e-05
sx2673308b,a,h001,-0.00026525767478700001,-6.6479848321000006e-05
sx2673308b,b,h001,-0.00026525767402100001,-6.6479847719000003e-05
sx3066810c,a,h001,-0.000184902205006,-4.6340981612999997e-05
sx3066810c,b,h001,-0.00018490220442900001,-4.6340982256000001e-05
sx2897769c,a,h001,-0.00018490220242600001,-4.6340979022999999e-05
sx2897769c,b,h001,-0.000184902201849,-4.6340979665000002e-05
sx2766749b,a,h001,-0.000176899002792,-4.4335089339999999e-05
sx2766749b,b,h001,-0.000176899002278,-4.4335088939999999e-05
sx3029518b,a,h001,-0.00017689899679099999,-4.4335090700000002e-05
sx3029518b,b,h001,-0.000176898996278,-4.4335090300000003e-05
sx2935549b,a,h001,-0.000265257567091,-6.6479872797999996e-05
sx2935549b,b,h001,-0.00026525756632600001,-6.6479872198000006e-05
sx2691949b,a,h001,-0.00017689893916300001,-4.4335121475000003e-05
sx2691949b,b,h001,-0.00017689893865100001,-4.4335121079999998e-05
sx3104127b,a,h001,-0.00017689893917499999,-4.4335121448000001e-05
sx3104127b,b,h001,-0.00017689893866299999,-4.4335121052000002e-05
sx2804258b,a,h001,-0.00017689893244099999,-4.4335142227000002e-05
sx2804258b,b,h001,-0.00017689893193099999,-4.4335141834999998e-05
sx2954349b,a,h001,-0.000176898929468,-4.4335151188000001e-05
sx2954349b,b,h001,-0.00017689892896,-4.4335150797999997e-05
sx2766722b,a,h001,-0.00017689892842199999,-4.4335154332000001e-05
sx2766722b,b,h001,-0.00017689892791399999,-4.4335153941999998e-05
sx2879071b,a,h001,-0.000176898928061,-4.4335155483999999e-05
sx2879071b,b,h001,-0.000176898927553,-4.4335155095000002e-05
sx3029504b,a,h001,-0.00017689892754099999,-4.4335157144000003e-05
sx3029504b,b,h001,-0.00017689892703299999,-4.4335156756000001e-05
sx2710546b,a,h001,-0.00017689892615599999,-4.4335161554999997e-05
sx2710546b,b,h001,-0.00017689892564799999,-4.4335161168000002e-05
sx2785547b,a,h001,-0.00017689892649900001,-4.4335160462999999e-05
sx2785547b,b,h001,-0.00017689892599100001,-4.4335160075000003e-05
sx3254214b,a,h001,-0.00017689892581900001,-4.4335162632999998e-05
sx3254214b,b,h001,-0.00017689892531199999,-4.4335162246000002e-05
sx3160104b,a,h001,-0.00017689892521799999,-4.4335164568000003e-05
sx3160104b,b,h001,-0.00017689892470999999,-4.4335164182000001e-05
sx2991916b,a,h001,-0.00017689892442200001,-4.4335167160000002e-05
sx2991916b,b,h001,-0.00017689892391499999,-4.4335166774e-05
sx3254209c,a,h001,-0.000277444331786,-6.9534288192999997e-05
sx3254209c,b,h001,-0.00027744433093500001,-6.9534289154999995e-05
sx2728247b,a,h001,-0.00017690372458999999,-4.4336326695000002e-05
sx2728247b,b,h001,-0.00017690372432400001,-4.4336326498e-05
sx2841621c,a,h001,-0.000184902593925,-4.6341309623999998e-05
sx2841621c,b,h001,-0.000184902593366,-4.6341310271000003e-05
sx2804255b,a,h001,-0.000176899167941,-4.4335113379999997e-05
sx2804255b,b,h001,-0.00017689916743199999,-4.4335112993000002e-05
sx2822866b,a,h001,-0.00017689919744000001,-4.4335086861000002e-05
sx2822866b,b,h001,-0.00017689919692899999,-4.4335086467999998e-05
sx3178972c,a,h001,-0.00036980503666700002,-9.2682397351999995e-05
sx3178972c,b,h001,-0.00036980503556100001,-9.2682398647000005e-05
sx2785521c,a,h001,-0.00027744473086000002,-6.9534616274e-05
sx2785521c,b,h001,-0.00027744473002400003,-6.9534617251000003e-05
sx3216345b,a,h001,-0.00026525770648099997,-6.6479761487000001e-05
sx3216345b,b,h001,-0.00026525770570399998,-6.6479760880999996e-05
sx3066815c,a,h001,-0.00018490266731400001,-4.6341307980999999e-05
sx3066815c,b,h001,-0.00018490266676100001,-4.6341308626000003e-05
sx2897777c,a,h001,-0.00018490265115700001,-4.6341271614999998e-05
sx2897777c,b,h001,-0.00018490265060400001,-4.6341272253e-05
sx2729410c,a,h001,-0.00018490246933300001,-4.6341117879e-05
sx2729410c,b,h001,-0.000184902468772,-4.6341118514000001e-05
sx3160109b,a,h001,-0.00017689919480500001,-4.4335059910999998e-05
sx3160109b,b,h001,-0.000176899194292,-4.4335059509999997e-05
sx2822872b,a,h001,-0.00017689915849399999,-4.4335058865e-05
sx2822872b,b,h001,-0.00017689915797999999,-4.4335058463e-05
sx3122821b,a,h001,-0.00017689911215200001,-4.4335064417000002e-05
sx3122821b,b,h001,-0.00017689911163699999,-4.4335064015000001e-05
sx3010560b,a,h001,-0.00017689908699299999,-4.4335069993999998e-05
sx3010560b,b,h001,-0.00017689908647899999,-4.4335069591999997e-05
sx3066809c,a,h001,-0.000184902282724,-4.6341013729000002e-05
sx3066809c,b,h001,-0.00018490228215200001,-4.6341014367999997e-05
sx2954344c,a,h001,-0.00018490227789900001,-4.6341008860000003e-05
sx2954344c,b,h001,-0.00018490227732699999,-4.6341009498999998e-05
sx2897767c,a,h001,-0.00018490227723500001,-4.6341008189999998e-05
sx2897767c,b,h001,-0.00018490227666299999,-4.6341008827999999e-05
sx3254208c,a,h001,-0.00018490227638700001,-4.6341007333e-05
sx3254208c,b,h001,-0.00018490227581499999,-4.6341007971000002e-05
sx2748125c,a,h001,-0.00018490227377700001,-4.6341004711999998e-05
sx2748125c,b,h001,-0.000184902273204,-4.634100535e-05
sx3104117c,a,h001,-0.000277444238181,-6.9534212152000003e-05
sx3104117c,b,h001,-0.00027744423732600001,-6.9534213111e-05
sx3029505c,a,h001,-0.00018490287138099999,-4.6341410807999999e-05
sx3029505c,b,h001,-0.00018490287084199999,-4.6341411438999999e-05
sx2673318c,a,h001,-0.000184902870985,-4.6341410387e-05
sx2673318c,b,h001,-0.000184902870446,-4.6341411017999999e-05
sx3178979c,a,h001,-0.00027744528067899998,-6.9534902718000003e-05
sx3178979c,b,h001,-0.00027744527988199998,-6.9534903659999994e-05
sx3104129a,a,h001,-0.00024185153195799999,-6.0613082395e-05
sx3104129a,b,h001,-0.00024185153421499999,-6.0613081599000001e-05
sx2841632b,a,h001,-0.000176900060688,-4.4335356509000003e-05
sx2841632b,b,h001,-0.00017690006022999999,-4.4335356149000003e-05
sx2748157a,a,h001,-0.000241848411695,-6.0613422013000002e-05
sx2748157a,b,h001,-0.000241848413647,-6.0613421306999999e-05
sx2766738c,a,h001,-0.000184903609536,-4.6341558570000002e-05
sx2766738c,b,h001,-0.00018490360905800001,-4.6341559142000003e-05
sx2820535b,a,h001,-0.000176900813135,-4.4335496690999997e-05
sx2820535b,b,h001,-0.00017690081270800001,-4.4335496356999998e-05
sx2785534b,a,h001,-0.00017690080669099999,-4.4335498780999997e-05
sx2785534b,b,h001,-0.000176900806264,-4.4335498447999999e-05
sx2673331b,a,h001,-0.000353619742487,-8.8625488785999996e-05
sx2673331b,b,h001,-0.000353619741647,-8.8625488128000001e-05
sx3160115b,a,h001,-0.000353619741162,-8.8625490019999999e-05
sx3160115b,b,h001,-0.000353619740322,-8.8625489362000005e-05
sx2860499b,a,h001,-0.00035361974191599999,-8.8625489317000004e-05
sx2860499b,b,h001,-0.00035361974107700001,-8.8625488658999996e-05
sx3254229b,a,h001,-0.000176900791877,-4.4335512931000003e-05
sx3254229b,b,h001,-0.00017690079145200001,-4.4335512601999999e-05
sx3066826b,a,h001,-0.00026526026944000001,-6.6480498623e-05
sx3066826b,b,h001,-0.00026526026880599999,-6.6480498129000004e-05
sx3197653b,a,h001,-0.000176900769566,-4.4335534283999999e-05
sx3197653b,b,h001,-0.000176900769142,-4.4335533959000003e-05
sx2785535b,a,h001,-0.00026526023720100002,-6.6480529874999997e-05
sx2785535b,b,h001,-0.00026526023656899998,-6.6480529388000004e-05
sx2916619b,a,h001,-0.00017690077636799999,-4.4335527799000002e-05
sx2916619b,b,h001,-0.00017690077594399999,-4.4335527472999999e-05
sx2916617b,a,h001,-0.00017690077661000001,-4.4335527556999999e-05
sx2916617b,b,h001,-0.00017690077618600001,-4.4335527231000003e-05
sx2691966b,a,h001,-0.00035361973186800002,-8.8625499249999997e-05
sx2691966b,b,h001,-0.00035361973102899998,-8.8625498594000003e-05
sx2973171b,a,h001,-0.00017690078363999999,-4.4335520878000002e-05
sx2973171b,b,h001,-0.00017690078321500001,-4.4335520549999998e-05
sx3235273b,a,h001,-0.000176900783437,-4.4335521065000001e-05
sx3235273b,b,h001,-0.00017690078301200001,-4.4335520736999997e-05
sx2804277c,a,h001,-0.00018490431653100001,-4.6341676396999997e-05
sx2804277c,b,h001,-0.000184904316118,-4.6341676882999997e-05
sx3231255c,a,h001,-0.00018490388525299999,-4.6341604508000002e-05
sx3231255c,b,h001,-0.00018490388479999999,-4.6341605044999998e-05
sx3118855c,a,h001,-0.00027744671902900001,-6.9535141055000001e-05
sx3118855c,b,h001,-0.00027744671835400002,-6.9535141859000001e-05
sx3048968c,a,h001,-0.00027745072777899998,-6.9535742333000006e-05
sx3048968c,b,h001,-0.000277450727448,-6.9535742752000005e-05
sx3045895c,a,h001,-0.00018490657871399999,-4.6342029103000003e-05
sx3045895c,b,h001,-0.000184906578492,-4.6342029384999999e-05
sx2991901b,a,h001,-0.00017689866085099999,-4.4335021488e-05
sx2991901b,b,h001,-0.00017689866031900001,-4.4335021089e-05
sx3048222c,a,h001,-0.000277444265322,-6.9534389034000004e-05
sx3048222c,b,h001,-0.00027744426445399999,-6.9534390038000001e-05
sx3122837c,a,h001,-0.00027744426757099998,-6.9534391321000006e-05
sx3122837c,b,h001,-0.00027744426670200001,-6.9534392326000004e-05
sx2991933c,a,h001,-0.00036980439061899998,-9.2682051529999998e-05
sx2991933c,b,h001,-0.00036980438946699999,-9.2682052872999996e-05
sx2710525c,a,h001,-0.000184902286571,-4.6341119471999997e-05
sx2710525c,b,h001,-0.000184902285989,-4.6341120141000002e-05
sx2673323c,a,h001,-0.00018490228762099999,-4.6341120556e-05
sx2673323c,b,h001,-0.00018490228704,-4.6341121224999998e-05
sx2710542b,a,h001,-0.000176898674662,-4.4334994339999999e-05
sx2710542b,b,h001,-0.00017689867412799999,-4.4334993934999998e-05
sx3254234b,a,h001,-0.00017689866896600001,-4.4335005555999998e-05
sx3254234b,b,h001,-0.00017689866843299999,-4.4335005153999997e-05
sx3104114b,a,h001,-0.00017689866755900001,-4.4335008311000002e-05
sx3104114b,b,h001,-0.00017689866702600001,-4.4335007909000001e-05
sx2691939b,a,h001,-0.000176898666525,-4.4335010321999997e-05
sx2691939b,b,h001,-0.00017689866599200001,-4.4335009920999997e-05
sx2822858b,a,h001,-0.0001768986664,-4.4335010557999999e-05
sx2822858b,b,h001,-0.00017689866586700001,-4.4335010155999998e-05
sx3254206b,a,h001,-0.00017689866469100001,-4.4335013939000001e-05
sx3254206b,b,h001,-0.00017689866415800001,-4.4335013538000001e-05
sx2804245b,a,h001,-0.000176898662221,-4.4335018805999999e-05
sx2804245b,b,h001,-0.00017689866168899999,-4.4335018406999999e-05
sx3216338b,a,h001,-0.00017689866083,-4.4335021538000002e-05
sx3216338b,b,h001,-0.00017689866029799999,-4.4335021139000003e-05
sx2691938b,a,h001,-0.000176898661129,-4.4335020947000002e-05
sx2691938b,b,h001,-0.00017689866059699999,-4.4335020548000003e-05
sx3160108b,a,h001,-0.00026525708072399999,-6.6479762794e-05
sx3160108b,b,h001,-0.00026525707993200001,-6.6479762194999998e-05
sx2729409b,a,h001,-0.00017689866148599999,-4.4335020256999997e-05
sx2729409b,b,h001,-0.00017689866095400001,-4.4335019857999998e-05
sx2991927b,a,h001,-0.000176898661684,-4.4335019866000001e-05
sx2991927b,b,h001,-0.000176898661152,-4.4335019467000001e-05
sx2954338b,a,h001,-0.00017689866626000001,-4.4335010848999997e-05
sx2954338b,b,h001,-0.00017689866572699999,-4.4335010447999997e-05
sx3197634b,a,h001,-0.000265257169332,-6.6479694293000003e-05
sx3197634b,b,h001,-0.00026525716853399999,-6.6479693680999996e-05
sx2729408b,a,h001,-0.00017689871757799999,-4.4334973955000003e-05
sx2729408b,b,h001,-0.00017689871704200001,-4.4334973546e-05
sx3085398b,a,h001,-0.00017689872458799999,-4.4334976531999997e-05
sx3085398b,b,h001,-0.000176898724053,-4.4334976124000002e-05
sx3160102b,a,h001,-0.000176898710399,-4.4334981210000003e-05
sx3160102b,b,h001,-0.00017689870986400001,-4.4334980802e-05
sx2822871b,a,h001,-0.000176898843244,-4.4334982509e-05
sx2822871b,b,h001,-0.00017689884271199999,-4.4334982100999998e-05
sx2954357a,a,h001,-0.00024185402518999999,-6.0614368044e-05
sx2954357a,b,h001,-0.00024185402754500001,-6.0614367233999997e-05
sx2785529c,a,h001,-0.00018490246964799999,-4.6341209821e-05
sx2785529c,b,h001,-0.00018490246907900001,-4.6341210482000002e-05
sx3197646b,a,h001,-0.00017689888913,-4.4334987357999999e-05
sx3197646b,b,h001,-0.00017689888859999999,-4.4334986950999997e-05
sx3122816b,a,h001,-0.00017689869764400001,-4.4334971902000001e-05
sx3122816b,b,h001,-0.000176898697108,-4.4334971492999998e-05
sx2935556b,a,h001,-0.00017689863555999999,-4.4334966961999999e-05
sx2935556b,b,h001,-0.000176898635022,-4.4334966552000003e-05
sx2970804c,a,h001,-0.000184907579427,-4.6342222328000002e-05
sx2970804c,b,h001,-0.000184907579321,-4.6342222384e-05
sx2767343c,a,h001,-0.00027745226679900002,-6.9536109345999994e-05
sx2767343c,b,h001,-0.000277452266641,-6.9536109430999994e-05
sx3179608c,a,h001,-0.00027744771214300001,-6.9535300473000001e-05
sx3179608c,b,h001,-0.00027744771155899998,-6.9535301156000004e-05
sx3086002c,a,h001,-0.00018490456536899999,-4.6341710024999999e-05
sx3086002c,b,h001,-0.00018490456497799999,-4.6341710480000003e-05
sx2842330c,a,h001,-0.00018490456613200001,-4.6341710885999998e-05
sx2842330c,b,h001,-0.00018490456574199999,-4.6341711340000001e-05
sx3235945c,a,h001,-0.00018490456668100001,-4.6341711505e-05
sx3235945c,b,h001,-0.00018490456629099999,-4.6341711958999997e-05
sx2955006c,a,h001,-0.00018490456834200001,-4.6341713378999999e-05
sx2955006c,b,h001,-0.00018490456795100001,-4.6341713834000003e-05
sx2692600c,a,h001,-0.000184904568181,-4.6341713199000002e-05
sx2692600c,b,h001,-0.00018490456779100001,-4.6341713652999999e-05
sx3101782a,a,h001,-0.000241839598365,-6.0611848094000002e-05
sx3101782a,b,h001,-0.00024183959967299999,-6.0611847616999998e-05
sx2730106c,a,h001,-0.000184904994419,-4.6341749419999997e-05
sx2730106c,b,h001,-0.00018490499406800001,-4.6341749825999999e-05
sx2804247b,a,h001,-0.00017689970404100001,-4.4335267351000003e-05
sx2804247b,b,h001,-0.00017689970353799999,-4.4335267195e-05
sx2954339b,a,h001,-0.000176899707821,-4.4335268287999999e-05
sx2954339b,b,h001,-0.00017689970731799999,-4.4335268132999997e-05
sx3216339b,a,h001,-0.00017689970179699999,-4.4335266799000002e-05
sx3216339b,b,h001,-0.00017689970129400001,-4.4335266642999999e-05
sx3048201b,a,h001,-0.000176899701794,-4.4335266799000002e-05
sx3048201b,b,h001,-0.00017689970129099999,-4.4335266642999999e-05
sx3141390b,a,h001,-0.00017689973381199999,-4.4335274692999997e-05
sx3141390b,b,h001,-0.00017689973330999999,-4.4335274537000001e-05
sx2710537b,a,h001,-0.000176899724066,-4.4335272291999998e-05
sx2710537b,b,h001,-0.000176899723564,-4.4335272136000002e-05
sx2673300b,a,h001,-0.00017689973542500001,-4.4335275090000002e-05
sx2673300b,b,h001,-0.00017689973492300001,-4.4335274934e-05
sx2822859b,a,h001,-0.00017689973614600001,-4.4335275263999997e-05
sx2822859b,b,h001,-0.000176899735645,-4.4335275108000001e-05
sx2991902b,a,h001,-0.00017689974934999999,-4.4335278517999999e-05
sx2991902b,b,h001,-0.00017689974884900001,-4.4335278362000003e-05
sx2991918b,a,h001,-0.00017689976371099999,-4.4335282048000001e-05
sx2991918b,b,h001,-0.00017689976321099999,-4.4335281891999999e-05
sx2897764b,a,h001,-0.00017689976278299999,-4.4335281820000003e-05
sx2897764b,b,h001,-0.00017689976228299999,-4.4335281664e-05
sx2860488b,a,h001,-0.00017689977329799999,-4.4335284399999998e-05
sx2860488b,b,h001,-0.00017689977279799999,-4.4335284243000002e-05
sx2804260b,a,h001,-0.00017689984363099999,-4.4335301577000001e-05
sx2804260b,b,h001,-0.000176899843133,-4.4335301418999997e-05
sx3104130b,a,h001,-0.000176899931309,-4.4335322778000002e-05
sx3104130b,b,h001,-0.000176899930815,-4.4335322618999998e-05
sx3085389b,a,h001,-0.00017689971607800001,-4.4335270323000002e-05
sx3085389b,b,h001,-0.00017689971557600001,-4.4335270167e-05
sx2841631c,a,h001,-0.000184902227155,-4.6340897354999999e-05
sx2841631c,b,h001,-0.000184902226583,-4.6340897989e-05
sx3141402c,a,h001,-0.000184902226323,-4.6340896514e-05
sx3141402c,b,h001,-0.00018490222575100001,-4.6340897147e-05
sx2991915b,a,h001,-0.000176898924183,-4.4335167954e-05
sx2991915b,b,h001,-0.000176898923677,-4.4335167567999998e-05
sx2673320b,a,h001,-0.000176898924144,-4.4335168082e-05
sx2673320b,b,h001,-0.00017689892363700001,-4.4335167696999999e-05
sx2841634b,a,h001,-0.00026525747635,-6.6479985820999999e-05
sx2841634b,b,h001,-0.00026525747559499999,-6.6479985243000003e-05
sx3235254c,a,h001,-0.000184902536262,-4.6341240434000003e-05
sx3235254c,b,h001,-0.00018490253569800001,-4.6341241089000003e-05
sx2935566c,a,h001,-0.000184903666355,-4.6341584599000003e-05
sx2935566c,b,h001,-0.00018490366588100001,-4.6341585165000001e-05
sx3141393c,a,h001,-0.000184903942737,-4.6341612471999999e-05
sx3141393c,b,h001,-0.00018490394228899999,-4.6341613003e-05
sx3160868b,a,h001,-0.000176905161241,-4.4336624723999999e-05
sx3160868b,b,h001,-0.00017690516103400001,-4.4336624608000003e-05
sx3235268c,a,h001,-0.00018490208963600001,-4.6340937724999999e-05
sx3235268c,b,h001,-0.000184902089045,-4.6340938392999997e-05
sx3122825a,a,h001,-0.00024184200737599999,-6.0611572517000001e-05
sx3122825a,b,h001,-0.00024184200887200001,-6.0611572093e-05
sx2973146b,a,h001,-0.00017689866079999999,-4.4335021599000002e-05
sx2973146b,b,h001,-0.00017689866026800001,-4.4335021200000002e-05
sx2814529a,a,h001,-0.000322594846682,-8.0850440241e-05
sx2814529a,b,h001,-0.000322594849823,-8.0850439245000005e-05
sx2814529b,a,h001,-0.00035361600476099998,-8.8624463402999998e-05
sx2814529b,b,h001,-0.00035361600372199999,-8.8624462579000004e-05
sx2814529c,a,h001,-0.00036980432459100002,-9.2681665311000007e-05
sx2814529c,b,h001,-0.00036980432346100001,-9.2681666584999996e-05
sx3122818c,a,h001,-0.00018490230967800001,-4.6341136533000003e-05
sx3122818c,b,h001,-0.00018490230909799999,-4.6341137202000001e-05
sx3048209b,a,h001,-0.00017689892412199999,-4.4335168153000003e-05
sx3048209b,b,h001,-0.00017689892361500001,-4.4335167767000001e-05
sx3066811b,a,h001,-0.00017689911904899999,-4.4335176578999999e-05
sx3066811b,b,h001,-0.00017689911854499999,-4.4335176205000001e-05
sx2954352c,a,h001,-0.00018490677810300001,-4.6342134856000002e-05
sx2954352c,b,h001,-0.00018490677788,-4.6342135192000001e-05
sx3085401a,a,h001,-0.000241852302636,-6.0613451204000002e-05
sx3085401a,b,h001,-0.00024185230492600001,-6.0613450404000003e-05
sx2766744b,a,h001,-0.00017689852753499999,-4.4334949785999997e-05
sx2766744b,b,h001,-0.00017689852699300001,-4.4334949372e-05
sx2785522b,a,h001,-0.000176898542173,-4.4334953682000002e-05
sx2785522b,b,h001,-0.00017689854163099999,-4.4334953267999998e-05
sx2897766c,a,h001,-0.000184906539606,-4.6341960410999998e-05
sx2897766c,b,h001,-0.00018490653938400001,-4.6341960687999999e-05
sx3048889c,a,h001,-0.00018490758576399999,-4.6342227064999999e-05
sx3048889c,b,h001,-0.00018490758565800001,-4.6342227120999997e-05
sx3048890c,a,h001,-0.000184907586829,-4.6342227857000003e-05
sx3048890c,b,h001,-0.00018490758672299999,-4.6342227913000001e-05
sx2991921c,a,h001,-0.00018490710982999999,-4.6342199806999997e-05
sx2991921c,b,h001,-0.00018490710962,-4.6342200174e-05
sx3011293a,a,h001,-0.000322557502191,-8.0840465828999999e-05
sx3011293a,b,h001,-0.00032255750299300002,-8.0840465495e-05
sx3011293b,a,h001,-0.000353633121007,-8.8628809270000004e-05
sx3011293b,b,h001,-0.00035363312082900002,-8.8628809190000006e-05
sx3011293c,a,h001,-0.00036981432005599998,-9.2684335571000006e-05
sx3011293c,b,h001,-0.00036981431976200002,-9.2684335817000004e-05
sx2991929b,a,h001,-0.00017690077648699999,-4.4335527672000002e-05
sx2991929b,b,h001,-0.000176900776062,-4.4335527345999999e-05
sx3197636b,a,h001,-0.00017689893932500001,-4.4335121098999997e-05
sx3197636b,b,h001,-0.00017689893881300001,-4.4335120702999999e-05
sx2991905a,a,h001,-0.000241854506296,-6.0614461328999998e-05
sx2991905a,b,h001,-0.00024185450867200001,-6.0614460562000002e-05
sx3141395c,a,h001,-0.00018490220160999999,-4.6340978205e-05
sx3141395c,b,h001,-0.00018490220103199999,-4.6340978847000003e-05
sx3122812b,a,h001,-0.00026525752578099998,-6.6479883798000006e-05
sx3122812b,b,h001,-0.00026525752501599999,-6.6479883200000004e-05
sx3141411c,a,h001,-0.00055488787859599999,-0.000139067660365
sx3141411c,b,h001,-0.00055488787691800002,-0.00013906766228400001
sx3085391b,a,h001,-0.00035361605709900002,-8.8624705309000003e-05
sx3085391b,b,h001,-0.00035361605608799998,-8.8624704517000007e-05
sx2729430b,a,h001,-0.000176898673976,-4.4334995696000001e-05
sx2729430b,b,h001,-0.00017689867344199999,-4.4334995291e-05
sx2955055b,a,h001,-0.00017690490993100001,-4.4336563591999998e-05
sx2955055b,b,h001,-0.00017690490971000001,-4.4336563476000001e-05
sx2879753b,a,h001,-0.000176904909905,-4.4336563589999997e-05
sx2879753b,b,h001,-0.000176904909684,-4.4336563473e-05
sx3160117b,a,h001,-0.000176899117766,-4.4335182068000001e-05
sx3160117b,b,h001,-0.00017689911726300001,-4.4335181695000003e-05
sx2897790c,a,h001,-0.000184903666595,-4.6341584861999999e-05
sx2897790c,b,h001,-0.00018490366612100001,-4.6341585426999998e-05
sx3066817a,a,h001,-0.00032259495687999998,-8.0850500603999999e-05
sx3066817a,b,h001,-0.00032259496002400002,-8.0850499609000004e-05
sx2674027b,a,h001,-0.00017690283248,-4.4336133688999999e-05
sx2674027b,b,h001,-0.00017690283217299999,-4.4336133452999997e-05
sx3235242c,a,h001,-0.000184903943532,-4.6341613350000003e-05
sx3235242c,b,h001,-0.00018490394308399999,-4.6341613879999997e-05
sx3066804a,a,h001,-0.00024184769741200001,-6.0613087997999997e-05
sx3066804a,b,h001,-0.00024184769933299999,-6.0613087295000002e-05
sx2748781a,a,h001,-0.00024183959963700001,-6.0611848906999999e-05
sx2748781a,b,h001,-0.00024183960094499999,-6.0611848430000002e-05
sx2954361b,a,h001,-0.00017690077087000001,-4.4335533033000003e-05
sx2954361b,b,h001,-0.00017690077044600001,-4.4335532708000001e-05
sx3215385a,a,h001,-0.000241835387654,-6.0610104209000001e-05
sx3215385a,b,h001,-0.00024183538874100001,-6.0610103810000002e-05
sx3215385b,a,h001,-0.00035362515566999999,-8.8626899387000003e-05
sx3215385b,b,h001,-0.00035362515509800003,-8.8626899135000003e-05
sx3215385c,a,h001,-0.000277451043277,-6.9535790875000002e-05
sx3215385c,b,h001,-0.000277451042957,-6.9535791333e-05
sx2917255c,a,h001,-0.00018490567364099999,-4.6341884463e-05
sx2917255c,b,h001,-0.000184905673351,-4.6341884789000003e-05
sx3179637c,a,h001,-0.00027745227894799998,-6.9536118363000004e-05
sx3179637c,b,h001,-0.00027745227879000001,-6.9536118448000004e-05
sx3235252b,a,h001,-0.00017689893968699999,-4.4335120263e-05
sx3235252b,b,h001,-0.00017689893917499999,-4.4335119867000001e-05
sx2917328b,a,h001,-0.00017690489518400001,-4.4336559321000001e-05
sx2917328b,b,h001,-0.00017690489496199999,-4.4336559204999998e-05
sx2692655c,a,h001,-0.00018490645863299999,-4.6342044586999997e-05
sx2692655c,b,h001,-0.00018490645840799999,-4.6342044844999999e-05
sx2861219b,a,h001,-0.000176905205802,-4.4336634643000001e-05
sx2861219b,b,h001,-0.000176905205597,-4.4336634526999998e-05
sx3030205c,a,h001,-0.000184906847988,-4.6342123689999999e-05
sx3030205c,b,h001,-0.00018490684780700001,-4.6342123861e-05
sx2767409b,a,h001,-0.00017690516074900001,-4.4336624693999997e-05
sx2767409b,b,h001,-0.00017690516054200001,-4.4336624579e-05
sx3217064b,a,h001,-0.00017690516007900001,-4.4336624653999997e-05
sx3217064b,b,h001,-0.00017690515987200001,-4.4336624538000001e-05
sx3179699b,a,h001,-0.000265262699069,-6.6481071791e-05
sx3179699b,b,h001,-0.00026526269851199997,-6.6481071559999994e-05
sx2851933b,a,h001,-0.00017689892405300001,-4.4334994869e-05
sx2851933b,b,h001,-0.000176898923527,-4.4334994456000003e-05
sx2851933c,a,h001,-0.00027744423148200003,-6.9534112861999994e-05
sx2851933c,b,h001,-0.00027744423063000002,-6.9534113816000002e-05
sx3178981b,a,h001,-0.00017690106802999999,-4.4335590552999997e-05
sx3178981b,b,h001,-0.00017690106758699999,-4.4335590388999998e-05
sx2785525c,a,h001,-0.000184906776508,-4.6342127331999997e-05
sx2785525c,b,h001,-0.00018490677628600001,-4.6342127667000003e-05
sx2860483b,a,h001,-0.00017689911726500001,-4.4335181875e-05
sx2860483b,b,h001,-0.000176899116762,-4.4335181502000002e-05
sx3141397b,a,h001,-0.000176899117239,-4.4335181952999998e-05
sx3141397b,b,h001,-0.00017689911673599999,-4.433518158e-05
sx2935557a,a,h001,-0.000241854445044,-6.0614579538e-05
sx2935557a,b,h001,-0.00024185444741699999,-6.0614578724000003e-05
sx2973180b,a,h001,-0.00017689892488199999,-4.4335165650999999e-05
sx2973180b,b,h001,-0.00017689892437500001,-4.4335165265000003e-05
sx3254217c,a,h001,-0.00018490246177400001,-4.6341111583999997e-05
sx3254217c,b,h001,-0.000184902461213,-4.6341112217999998e-05
sx2879092c,a,h001,-0.00018490221930600001,-4.6340889544999998e-05
sx2879092c,b,h001,-0.00018490221873399999,-4.6340890177999998e-05
sx2691954b,a,h001,-0.000176900283479,-4.4335406647999997e-05
sx2691954b,b,h001,-0.000176900283,-4.4335406484999999e-05
sx2991943c,a,h001,-0.00018490710978,-4.6342200474000001e-05
sx2991943c,b,h001,-0.00018490710956999999,-4.6342200840999997e-05
sx3048231b,a,h001,-0.00035361969847500001,-8.8625479973999997e-05
sx3048231b,b,h001,-0.000353619697587,-8.8625479655000003e-05
sx2731712b,a,h001,-0.00017689852740999999,-4.4334949997999997e-05
sx2731712b,b,h001,-0.00017689852686800001,-4.4334949584e-05
sx3216361b,a,h001,-0.00017689857723,-4.4334957976999999e-05
sx3216361b,b,h001,-0.00017689857668999999,-4.4334957565000003e-05
sx2879089c,a,h001,-0.00027744397443199998,-6.9534123842999998e-05
sx2879089c,b,h001,-0.00027744397355,-6.9534124845999995e-05
sx3232301c,a,h001,-0.00055488735049900005,-0.00013906762047900001
sx3232301c,b,h001,-0.00055488734878200003,-0.00013906762243100001
sx2763811c,a,h001,-0.00055488731031899999,-0.00013906758286699999
sx2763811c,b,h001,-0.00055488730860000005,-0.00013906758481699999
sx2970258c,a,h001,-0.000277443918398,-6.9534040763000006e-05
sx2970258c,b,h001,-0.00027744391752300001,-6.9534041732000006e-05
sx2763812c,a,h001,-0.00055488729462999998,-0.00013906756818699999
sx2763812c,b,h001,-0.00055488729291100004,-0.00013906757013499999
sx3101194c,a,h001,-0.00055488726120500001,-0.00013906753692399999
sx3101194c,b,h001,-0.000554887259485,-0.000139067538871
sx2916625b,a,h001,-0.00026526043119500003,-6.6480546072999997e-05
sx2916625b,b,h001,-0.000265260430529,-6.6480545831000001e-05
sx3066830b,a,h001,-0.00017689911554599999,-4.4335189422999999e-05
sx3066830b,b,h001,-0.00017689911504399999,-4.4335189052000002e-05
sx2897801a,a,h001,-0.000241854567022,-6.0614490319000001e-05
sx2897801a,b,h001,-0.0002418545694,-6.0614489552999998e-05
sx3086098a,a,h001,-0.00032256039608099998,-8.0841301578999994e-05
sx3086098a,b,h001,-0.00032256039705899999,-8.0841301192000005e-05
sx3104155c,a,h001,-0.00018490651364800001,-4.6341915713999998e-05
sx3104155c,b,h001,-0.00018490651342599999,-4.6341915986999997e-05
sx2710543c,a,h001,-0.0001849022056,-4.6340982207999999e-05
sx2710543c,b,h001,-0.00018490220502299999,-4.6340982851000002e-05
sx3150961c,a,h001,-0.00027744913633599998,-6.9535521875000006e-05
sx3150961c,b,h001,-0.00027744913588100001,-6.9535522393999997e-05
sx3225319b,a,h001,-0.00026525853229299997,-6.6480091096999993e-05
sx3225319b,b,h001,-0.00026525853154500001,-6.6480090865e-05
sx2925506c,a,h001,-0.00018490220985099999,-4.6340984856000002e-05
sx2925506c,b,h001,-0.000184902209273,-4.6340985497999999e-05
sx2724120c,a,h001,-0.000184906775541,-4.6342122553e-05
sx2724120c,b,h001,-0.000184906775318,-4.6342122886999999e-05
sx2875754c,a,h001,-0.00036981313529500001,-9.2684017855999999e-05
sx2875754c,b,h001,-0.000369813134857,-9.2684018426000006e-05
sx2763407c,a,h001,-0.000184907606042,-4.6342242199000003e-05
sx2763407c,b,h001,-0.00018490760593599999,-4.6342242255e-05
sx2913406b,a,h001,-0.000265257480101,-6.6479972819999996e-05
sx2913406b,b,h001,-0.00026525747934500002,-6.6479972238999999e-05
sx2726983a,a,h001,-0.00024185586314099999,-6.0615348942999998e-05
sx2726983a,b,h001,-0.000241855865554,-6.0615348157999997e-05
sx2989432b,a,h001,-0.000176899115625,-4.4335189185999997e-05
sx2989432b,b,h001,-0.000176899115123,-4.4335188814e-05
sx2820528c,a,h001,-0.00018490239634900001,-4.6341176442999997e-05
sx2820528c,b,h001,-0.00018490239577500001,-4.6341177109000001e-05
sx2745799c,a,h001,-0.00018490239621299999,-4.6341176301999999e-05
sx2745799c,b,h001,-0.000184902395639,-4.6341176968000003e-05
sx2801895b,a,h001,-0.000176899703505,-4.4335267219000001e-05
sx2801895b,b,h001,-0.000176899703003,-4.4335267062999998e-05
sx2951995c,a,h001,-0.00055488727299700001,-0.00013906754795099999
sx2951995c,b,h001,-0.000554887271277,-0.00013906754989899999
sx3139086b,a,h001,-0.00017689892627899999,-4.4335161153999997e-05
sx3139086b,b,h001,-0.00017689892577099999,-4.4335160766000001e-05
sx2933120c,a,h001,-0.00027744424259400002,-6.9534216551999994e-05
sx2933120c,b,h001,-0.00027744424173899997,-6.9534217511000004e-05
sx2820531b,a,h001,-0.000176899211131,-4.4335060299e-05
sx2820531b,b,h001,-0.00017689921061800001,-4.4335059898e-05
sx2895449c,a,h001,-0.00018490259841999999,-4.6341299476999998e-05
sx2895449c,b,h001,-0.00018490259786099999,-4.6341300123000002e-05
sx2726974b,a,h001,-0.00017690077133500001,-4.4335532589000003e-05
sx2726974b,b,h001,-0.00017690077091100001,-4.4335532264e-05
sx3125349c,a,h001,-0.00018490208506800001,-4.6340912799000001e-05
sx3125349c,b,h001,-0.00018490208448400001,-4.6340913443999998e-05
sx2876798b,a,h001,-0.00017689902391599999,-4.4335084227999997e-05
sx2876798b,b,h001,-0.00017689902340200001,-4.4335083827000003e-05
sx3008237c,a,h001,-0.000184903666716,-4.6341585044000003e-05
sx3008237c,b,h001,-0.00018490366624299999,-4.6341585610000002e-05
sx2783231b,a,h001,-0.00017690080225600001,-4.4335503064999998e-05
sx2783231b,b,h001,-0.00017690080183000001,-4.4335502734e-05
sx3082983b,a,h001,-0.000176900782511,-4.4335521953000001e-05
sx3082983b,b,h001,-0.00017690078208600001,-4.4335521625999998e-05
sx2801902b,a,h001,-0.00026526025209699998,-6.6480515516000006e-05
sx2801902b,b,h001,-0.00026526025146399998,-6.6480515026999998e-05
sx2745806c,a,h001,-0.00018490226786300001,-4.6340998778000003e-05
sx2745806c,b,h001,-0.00018490226729,-4.6340999415999998e-05
sx3214071c,a,h001,-0.00018490574587400001,-4.6341899634000002e-05
sx3214071c,b,h001,-0.00018490574559100001,-4.6341899952000002e-05
sx3214069c,a,h001,-0.00018490570899,-4.6341892131999997e-05
sx3214069c,b,h001,-0.000184905708703,-4.6341892452999999e-05
sx3027124c,a,h001,-0.00018490758821799999,-4.6342228890000003e-05
sx3027124c,b,h001,-0.00018490758811199999,-4.6342228946000001e-05
sx2708744b,a,h001,-0.00053052928503400005,-0.00013296345973199999
sx2708744b,b,h001,-0.00053052928426000005,-0.00013296345914700001
sx2690187b,a,h001,-0.000530529281525,-0.00013296346095200001
sx2690187b,b,h001,-0.00053052928075099999,-0.00013296346036699999
sx3233412a,a,h001,-0.000322571287039,-8.0845097683999997e-05
sx3233412a,b,h001,-0.00032257128861999998,-8.0845097102e-05
sx3027670b,a,h001,-0.00053052927708499998,-0.000132963462489
sx3027670b,b,h001,-0.00053052927631099998,-0.000132963461905
sx2821087a,a,h001,-0.00048367555969,-0.000121222330228
sx2821087a,b,h001,-0.00048367556201399999,-0.000121222329342
sx2990098a,a,h001,-0.00032257132283299998,-8.0845119044000002e-05
sx2990098a,b,h001,-0.00032257132441400002,-8.0845118463000005e-05
sx3252336b,a,h001,-0.00026526468152199999,-6.6481716178000004e-05
sx3252336b,b,h001,-0.00026526468112599998,-6.6481715884000005e-05
sx2802480b,a,h001,-0.00053052927195999995,-0.00013296346425200001
sx2802480b,b,h001,-0.00053052927118600005,-0.000132963463669
sx3233413b,a,h001,-0.00035362561602899999,-8.8627106972000001e-05
sx3233413b,b,h001,-0.00035362561550499998,-8.8627106580999997e-05
sx3027671a,a,h001,-0.00024183748240899999,-6.0611001179999999e-05
sx3027671a,b,h001,-0.00024183748360499999,-6.0611000748000003e-05
sx3102286b,a,h001,-0.000530529267599,-0.00013296346575
sx3102286b,b,h001,-0.00053052926682499999,-0.00013296346516699999
sx2802481a,a,h001,-0.00048367560799800002,-0.00012122235867500001
sx2802481a,b,h001,-0.000483675610322,-0.00012122235779000001
sx3214549a,a,h001,-0.00032257134689099999,-8.0845133401000007e-05
sx3214549a,b,h001,-0.00032257134847200002,-8.0845132819999996e-05
sx3139598b,a,h001,-0.00026526042964700002,-6.6480545735999997e-05
sx3139598b,b,h001,-0.00026526042898099999,-6.6480545493e-05
sx2763072b,a,h001,-0.00017689991519999999,-4.4335318900000003e-05
sx2763072b,b,h001,-0.00017689991470599999,-4.4335318740999999e-05
sx2937757c,a,h001,-0.000184907606337,-4.6342242421e-05
sx2937757c,b,h001,-0.00018490760623200001,-4.6342242477999998e-05
sx2806553c,a,h001,-0.00018490760013699999,-4.6342237802e-05
sx2806553c,b,h001,-0.00018490760003199999,-4.6342237858999998e-05
sx2862616c,a,h001,-0.00055488725250499998,-0.00013906752878699999
sx2862616c,b,h001,-0.00055488725078499997,-0.00013906753073299999
sx2746587c,a,h001,-0.00018490229210800001,-4.6341124133999997e-05
sx2746587c,b,h001,-0.000184902291527,-4.6341124803000002e-05
sx3177665a,a,h001,-0.00024185386590199999,-6.0614214241000001e-05
sx3177665a,b,h001,-0.00024185386824999999,-6.0614213464000002e-05
sx3046854b,a,h001,-0.00026525748057500001,-6.6479971194000002e-05
sx3046854b,b,h001,-0.00026525747981799997,-6.6479970613000006e-05
sx3102793b,a,h001,-0.00017690077642699999,-4.4335527728e-05
sx3102793b,b,h001,-0.00017690077600200001,-4.4335527401999997e-05
sx2803199a,a,h001,-0.00032257133948,-8.0845123632999999e-05
sx2803199a,b,h001,-0.00032257134106099998,-8.0845123053000003e-05
sx2803199b,a,h001,-0.00035362560643400001,-8.8627101670000005e-05
sx2803199b,b,h001,-0.00035362560591000001,-8.8627101278000001e-05
sx2803199c,a,h001,-0.00036981041248100002,-9.2683485147e-05
sx2803199c,b,h001,-0.00036981041183200002,-9.2683485898999998e-05
sx3215203a,a,h001,-0.00032257136376,-8.0845136169000001e-05
sx3215203a,b,h001,-0.00032257136534300001,-8.0845135590000005e-05
sx3215203b,a,h001,-0.00035362559770900001,-8.8627101060999999e-05
sx3215203b,b,h001,-0.00035362559718399999,-8.8627100668999995e-05
sx3215203c,a,h001,-0.00036981040669700001,-9.2683479999e-05
sx3215203c,b,h001,-0.000369810406048,-9.2683480750999997e-05
sx3177881c,a,h001,-0.00018490230443000001,-4.6341134136999999e-05
sx3177881c,b,h001,-0.00018490230385000001,-4.6341134805999997e-05
sx3047058a,a,h001,-0.00024185522273399999,-6.0615038049000001e-05
sx3047058a,b,h001,-0.00024185522512499999,-6.0615037252000002e-05
sx2821770a,a,h001,-0.000241854611795,-6.0614479003999998e-05
sx2821770a,b,h001,-0.00024185461417799999,-6.0614478238000002e-05
sx2915534a,a,h001,-0.000241854619807,-6.0614483967e-05
sx2915534a,b,h001,-0.00024185462218900001,-6.0614483201999998e-05
sx2690868c,a,h001,-0.00036980390283700002,-9.2681566822999998e-05
sx2690868c,b,h001,-0.00036980390167699997,-9.2681568117000007e-05
sx2803194c,a,h001,-0.00027744391281900001,-6.9534035303e-05
sx2803194c,b,h001,-0.00027744391194499998,-6.9534036272e-05
sx3047073c,a,h001,-0.00018490205323900001,-4.6340882098999997e-05
sx3047073c,b,h001,-0.000184902052654,-4.6340882744000001e-05
sx2915542a,a,h001,-0.00032257136616599999,-8.0845137365000006e-05
sx2915542a,b,h001,-0.00032257136774799998,-8.0845136784999996e-05
sx2915542b,a,h001,-0.00035362559688699999,-8.8627101050999996e-05
sx2915542b,b,h001,-0.00035362559636199997,-8.8627100660000006e-05
sx2915542c,a,h001,-0.00036981040584900001,-9.2683479346000007e-05
sx2915542c,b,h001,-0.0003698104052,-9.2683480098000004e-05
sx3234149b,a,h001,-0.0017683473903910001,-0.00044318959539499999
sx3234149b,b,h001,-0.0017683473894890001,-0.00044318959499599998
sx3234149c,a,h001,-0.001849071729525,-0.00046342182144100001
sx3234149c,b,h001,-0.001849071728045,-0.00046342182268400002
sx2859391b,a,h001,-0.00017689863446200001,-4.4334982516000002e-05
sx2859391b,b,h001,-0.000176898633926,-4.433498211e-05
sx3047289a,a,h001,-0.000322568569026,-8.0843932383000002e-05
sx3047289a,b,h001,-0.000322568570464,-8.0843931847000006e-05
sx3047289b,a,h001,-0.00035362515464499997,-8.8626899160999998e-05
sx3047289b,b,h001,-0.00035362515407400002,-8.8626898908999999e-05
sx3047289c,a,h001,-0.00036981350019800002,-9.2683973390999999e-05
sx3047289c,b,h001,-0.00036981349977399999,-9.2683974002000005e-05
sx3215549b,a,h001,-0.00017689911699399999,-4.4335184643000001e-05
sx3215549b,b,h001,-0.00017689911649199999,-4.4335184270999997e-05
sx3253570c,a,h001,-0.00018490760652599999,-4.6342242562999998e-05
sx3253570c,b,h001,-0.000184907606421,-4.6342242620000002e-05
sx3091052a,a,h001,-0.000241855576104,-6.0615281845999998e-05
sx3091052a,b,h001,-0.00024185557848299999,-6.0615281114e-05
sx3103822c,a,h001,-0.00027744479443700003,-6.9534652542999997e-05
sx3103822c,b,h001,-0.00027744479360599999,-6.9534653514999998e-05
sx2729206c,a,h001,-0.00027744476859399998,-6.9534643460000006e-05
sx2729206c,b,h001,-0.00027744476776199998,-6.9534644429000006e-05
sx2897554c,a,h001,-0.00036980504897900002,-9.2682376192000001e-05
sx2897554c,b,h001,-0.00036980504787499999,-9.2682377484999996e-05
sx2729207c,a,h001,-0.00036980505788800002,-9.2682385251999997e-05
sx2729207c,b,h001,-0.00036980505678399999,-9.2682386546000007e-05
sx2766499c,a,h001,-0.00036980505168899999,-9.2682378946000004e-05
sx2766499c,b,h001,-0.00036980505058500002,-9.2682380239e-05
sx2878848c,a,h001,-0.00027744476395500002,-6.9534638700999995e-05
sx2878848c,b,h001,-0.00027744476312300002,-6.9534639669999995e-05
sx3263051c,a,h001,-0.000184906776561,-4.6342127590999999e-05
sx3263051c,b,h001,-0.000184906776338,-4.6342127925999998e-05
sx3552667c,a,h001,-0.00018490605294199999,-4.6341961805999999e-05
sx3552667c,b,h001,-0.00018490605268599999,-4.6341962089000002e-05
sx3645809c,a,h001,-0.00036980499101499999,-9.2682338678999997e-05
sx3645809c,b,h001,-0.000369804989906,-9.2682339983999996e-05
sx3645810c,a,h001,-0.00055488901243299998,-0.0001390687863
sx3645810c,b,h001,-0.00055488901078599995,-0.00013906878826699999
sx3645811c,a,h001,-0.000554889007234,-0.000139068781121
sx3645811c,b,h001,-0.00055488900558699997,-0.00013906878308799999
sx3645812c,a,h001,-0.00027744471512000001,-6.9534605381999998e-05
sx3645812c,b,h001,-0.000277444714283,-6.9534606359e-05
sx3649297a,a,h001,-0.00024185355370800001,-6.0614098456999999e-05
sx3649297a,b,h001,-0.00024185355604800001,-6.0614097648000003e-05
sx3649298a,a,h001,-0.000241853563157,-6.0614104522000002e-05
sx3649298a,b,h001,-0.00024185356549699999,-6.0614103713e-05
sx3649300a,a,h001,-0.000241853577472,-6.0614113712e-05
sx3649300a,b,h001,-0.000241853579812,-6.0614112903999998e-05
sx3649301a,a,h001,-0.000241853581842,-6.0614116519000001e-05
sx3649301a,b,h001,-0.00024185358418199999,-6.0614115709999998e-05
sx3649302a,a,h001,-0.00024185358501999999,-6.0614118559999999e-05
sx3649302a,b,h001,-0.00024185358736000001,-6.0614117751999997e-05
sx3649304a,a,h001,-0.000241853586863,-6.0614119745e-05
sx3649304a,b,h001,-0.00024185358920299999,-6.0614118935999998e-05
sx3649306a,a,h001,-0.00024185357338700001,-6.0614111089999998e-05
sx3649306a,b,h001,-0.000241853575727,-6.0614110281000002e-05
sx3729298a,a,h001,-0.00024185370104100001,-6.0614164812999998e-05
sx3729298a,b,h001,-0.000241853703379,-6.0614164033999999e-05
sx3727709a,a,h001,-0.00024185372850200001,-6.0614182170999998e-05
sx3727709a,b,h001,-0.00024185373084100001,-6.0614181392999999e-05
sx3727710a,a,h001,-0.000241853730035,-6.0614183139999998e-05
sx3727710a,b,h001,-0.000241853732374,-6.0614182361999998e-05
sx3728039a,a,h001,-0.00024185375569599999,-6.0614199364999999e-05
sx3728039a,b,h001,-0.00024185375803600001,-6.0614198586e-05
sx3728040a,a,h001,-0.00024185375782700001,-6.0614200712999998e-05
sx3728040a,b,h001,-0.000241853760167,-6.0614199934999999e-05
sx3728042a,a,h001,-0.00024185375406499999,-6.0614198330999999e-05
sx3728042a,b,h001,-0.00024185375640500001,-6.0614197553e-05
sx3728043a,a,h001,-0.00024185375546900001,-6.0614199219e-05
sx3728043a,b,h001,-0.000241853757809,-6.0614198441e-05
sx3778577c,a,h001,-0.00018490220191,-4.6340978505000002e-05
sx3778577c,b,h001,-0.00018490220133200001,-4.6340979146999998e-05
